;Num_Acc;senc;catv;occutc;obs;obsm;choc;manv;num_veh
881;201300000597;0;7;0;0.0;2.0;1.0;1.0;B02
882;201300000599;0;33;0;8.0;0.0;1.0;1.0;A01
883;201300000600;0;10;0;16.0;0.0;8.0;1.0;A01
884;201300000601;0;15;0;0.0;1.0;3.0;1.0;A01
885;201300000602;0;7;0;0.0;2.0;1.0;1.0;A01
886;201300000602;0;33;0;0.0;2.0;6.0;1.0;B02
887;201300000603;0;7;0;0.0;2.0;3.0;9.0;A01
888;201300000603;0;7;0;0.0;2.0;2.0;9.0;B02
889;201300000604;0;7;0;0.0;0.0;4.0;15.0;A01
890;201300000604;0;2;0;0.0;2.0;1.0;1.0;B02
891;201300000605;0;7;0;6.0;0.0;1.0;14.0;A01
892;201300000606;0;33;0;0.0;2.0;1.0;1.0;A01
893;201300000606;0;7;0;0.0;2.0;5.0;19.0;B02
894;201300000607;0;7;0;0.0;2.0;1.0;13.0;A01
895;201300000607;0;7;0;0.0;2.0;1.0;1.0;B02
896;201300000608;0;7;0;0.0;2.0;3.0;1.0;A01
897;201300000608;0;7;0;0.0;2.0;3.0;1.0;B02
898;201300000609;0;7;0;8.0;0.0;1.0;13.0;A01
899;201300000610;0;7;0;0.0;2.0;1.0;1.0;A01
900;201300000610;0;7;0;0.0;2.0;8.0;1.0;B02
901;201300000611;0;33;0;0.0;2.0;1.0;1.0;B02
902;201300000611;0;7;0;0.0;2.0;7.0;15.0;A01
903;201300000612;0;7;0;0.0;1.0;6.0;4.0;A01
904;201300000613;0;33;0;0.0;2.0;8.0;1.0;B02
905;201300000613;0;7;0;0.0;2.0;8.0;15.0;A01
906;201300000614;0;7;0;0.0;1.0;3.0;1.0;A01
907;201300000615;0;7;0;0.0;1.0;3.0;15.0;A01
908;201300000617;0;7;0;0.0;0.0;1.0;17.0;A01
909;201300000617;0;7;0;0.0;0.0;8.0;15.0;B02
910;201300000619;0;10;0;0.0;2.0;1.0;1.0;A01
911;201300000619;0;7;0;0.0;2.0;8.0;1.0;B02
912;201300000620;0;7;0;0.0;2.0;1.0;1.0;B02
913;201300000620;0;30;0;0.0;2.0;1.0;13.0;A01
914;201300000621;0;7;0;0.0;1.0;1.0;2.0;A01
915;201300000623;0;10;0;0.0;0.0;1.0;1.0;A01
916;201300000624;0;7;0;15.0;0.0;9.0;1.0;A01
917;201300000625;0;7;0;0.0;2.0;3.0;1.0;A01
918;201300000625;0;7;0;0.0;2.0;1.0;1.0;B02
919;201300000626;0;10;0;0.0;0.0;0.0;15.0;A01
920;201300000626;0;7;0;0.0;2.0;7.0;13.0;B02
921;201300000626;0;10;0;0.0;2.0;1.0;1.0;C03
922;201300000627;0;33;0;7.0;0.0;2.0;1.0;A01
923;201300000630;0;7;0;0.0;1.0;4.0;4.0;A01
924;201300000631;0;1;0;0.0;2.0;3.0;13.0;A01
925;201300000631;0;7;0;0.0;2.0;8.0;1.0;B02
926;201300000634;0;7;0;2.0;0.0;2.0;1.0;A01
927;201300000635;0;7;0;13.0;0.0;2.0;1.0;A01
928;201300000636;0;2;0;0.0;2.0;8.0;1.0;B02
929;201300000636;0;7;0;0.0;2.0;3.0;15.0;A01
930;201300000637;0;7;0;0.0;2.0;2.0;1.0;A01
931;201300000637;0;7;0;0.0;2.0;3.0;1.0;B02
932;201300000638;0;7;0;0.0;0.0;2.0;1.0;A01
933;201300000639;0;7;0;16.0;0.0;9.0;1.0;A01
934;201300000640;0;31;0;9.0;0.0;2.0;1.0;A01
935;201300000641;0;7;0;0.0;2.0;1.0;1.0;A01
936;201300000641;0;10;0;0.0;2.0;1.0;13.0;B02
937;201300000643;0;10;0;0.0;1.0;2.0;2.0;A01
938;201300000645;0;14;0;0.0;0.0;1.0;1.0;A01
939;201300000646;1;10;0;0.0;1.0;3.0;3.0;A01
940;201300000647;0;21;0;0.0;2.0;7.0;1.0;C03
941;201300000647;0;33;0;0.0;2.0;1.0;2.0;B02
942;201300000647;0;33;0;0.0;2.0;1.0;2.0;A01
943;201300000648;0;7;0;0.0;2.0;8.0;1.0;B02
944;201300000648;0;7;0;0.0;2.0;1.0;1.0;A01
945;201300000649;0;2;0;0.0;1.0;1.0;1.0;A01
946;201300000650;0;7;0;0.0;2.0;3.0;15.0;A01
947;201300000650;0;33;0;0.0;2.0;1.0;1.0;B02
948;201300000651;0;7;0;0.0;2.0;3.0;1.0;B02
949;201300000651;0;10;0;0.0;2.0;1.0;19.0;A01
950;201300000653;0;7;0;0.0;2.0;1.0;1.0;A01
951;201300000653;0;15;0;0.0;2.0;1.0;1.0;B02
952;201300000656;0;7;0;0.0;1.0;3.0;1.0;A01
953;201300000657;0;7;0;5.0;0.0;1.0;1.0;B02
954;201300000657;0;7;0;5.0;0.0;7.0;13.0;A01
955;201300000659;0;7;0;0.0;1.0;2.0;1.0;A01
956;201300000660;0;7;0;1.0;1.0;1.0;14.0;A01
957;201300000661;0;7;0;13.0;0.0;1.0;1.0;A01
958;201300000662;0;7;0;0.0;2.0;3.0;1.0;A01
959;201300000662;0;7;0;0.0;2.0;3.0;13.0;B02
960;201300000663;0;33;0;0.0;2.0;1.0;1.0;B02
961;201300000663;0;7;0;0.0;0.0;3.0;15.0;A01
962;201300000664;0;14;0;0.0;2.0;5.0;15.0;A01
963;201300000664;0;33;0;0.0;0.0;1.0;6.0;B02
964;201300000665;0;7;0;0.0;2.0;1.0;1.0;B02
965;201300000665;0;7;0;0.0;2.0;1.0;13.0;A01
966;201300000667;0;7;0;0.0;0.0;6.0;19.0;A01
967;201300000667;0;2;0;0.0;2.0;1.0;1.0;B02
968;201300000668;0;7;0;2.0;0.0;1.0;1.0;A01
969;201300000669;0;7;0;0.0;1.0;7.0;21.0;A01
970;201300000670;0;33;0;3.0;0.0;1.0;17.0;A01
971;201300000671;0;7;0;0.0;0.0;5.0;1.0;A01
972;201300000671;0;33;0;0.0;0.0;1.0;15.0;B02
973;201300000672;0;7;0;0.0;1.0;1.0;1.0;A01
974;201300000673;0;7;0;0.0;1.0;7.0;1.0;A01
975;201300000674;0;33;0;0.0;2.0;8.0;17.0;A01
976;201300000674;0;21;0;0.0;2.0;3.0;1.0;B02
977;201300000675;0;1;0;0.0;2.0;1.0;0.0;B02
978;201300000675;0;99;0;0.0;2.0;3.0;1.0;A01
979;201300000676;0;7;0;0.0;2.0;8.0;1.0;B02
980;201300000676;0;7;0;0.0;2.0;1.0;13.0;A01
981;201300000677;0;17;0;6.0;0.0;0.0;1.0;A01
982;201300000678;0;7;0;0.0;2.0;1.0;15.0;A01
983;201300000678;0;30;0;0.0;2.0;1.0;1.0;B02
984;201300000679;0;1;0;0.0;2.0;7.0;2.0;B02
985;201300000679;0;7;0;0.0;2.0;2.0;2.0;A01
986;201300000680;0;30;0;1.0;0.0;1.0;0.0;A01
987;201300000681;0;7;0;0.0;2.0;3.0;1.0;A01
988;201300000681;0;7;0;0.0;0.0;1.0;19.0;B02
989;201300000682;0;7;0;0.0;2.0;3.0;15.0;B02
990;201300000682;0;10;0;0.0;2.0;1.0;1.0;A01
991;201300000683;0;7;0;0.0;2.0;1.0;1.0;B02
992;201300000683;0;7;0;0.0;2.0;8.0;19.0;A01
993;201300000684;0;7;0;0.0;2.0;1.0;13.0;A01
994;201300000684;0;7;0;0.0;2.0;1.0;21.0;B02
995;201300000685;0;7;0;2.0;0.0;1.0;0.0;A01
996;201300000686;0;7;0;0.0;2.0;3.0;13.0;A01
997;201300000686;0;1;0;0.0;2.0;8.0;1.0;B02
998;201300000687;0;10;0;13.0;0.0;8.0;1.0;A01
999;201300000688;0;7;0;0.0;2.0;3.0;1.0;A01
1000;201300000688;0;7;0;0.0;2.0;7.0;1.0;B02
1001;201300000689;0;14;0;0.0;2.0;3.0;1.0;B02
1002;201300000689;0;7;0;0.0;2.0;3.0;13.0;A01
1003;201300000690;0;7;0;0.0;2.0;8.0;16.0;A01
1004;201300000690;0;7;0;0.0;2.0;1.0;1.0;C03
1005;201300000690;0;7;0;0.0;2.0;1.0;1.0;B02
1006;201300000691;0;33;0;0.0;2.0;1.0;19.0;B02
1007;201300000691;0;7;0;0.0;2.0;3.0;19.0;A01
1008;201300000692;0;7;0;13.0;0.0;9.0;1.0;A01
1009;201300000693;0;31;0;0.0;0.0;7.0;1.0;A01
1010;201300000694;0;33;0;0.0;0.0;8.0;21.0;A01
1011;201300000695;0;31;0;0.0;2.0;7.0;1.0;A01
1012;201300000695;0;7;0;0.0;2.0;1.0;15.0;B02
1013;201300000697;0;7;0;0.0;2.0;2.0;1.0;B02
1014;201300000697;0;3;0;0.0;2.0;2.0;15.0;A01
1015;201300000698;0;7;0;0.0;0.0;5.0;1.0;A01
1016;201300000698;0;7;0;0.0;2.0;2.0;1.0;B02
1017;201300000700;0;7;0;0.0;2.0;3.0;15.0;B02
1018;201300000700;0;33;0;0.0;2.0;3.0;1.0;A01
1019;201300000701;0;30;0;0.0;1.0;1.0;13.0;A01
1020;201300000702;0;7;0;0.0;1.0;3.0;1.0;A01
1021;201300000703;0;7;0;0.0;2.0;6.0;2.0;A01
1022;201300000703;0;33;0;0.0;2.0;1.0;2.0;B02
1023;201300000704;0;7;0;0.0;2.0;1.0;1.0;B02
1024;201300000704;0;7;0;0.0;2.0;1.0;1.0;A01
1025;201300000705;0;7;0;2.0;0.0;9.0;1.0;A01
1026;201300000706;0;7;0;2.0;0.0;9.0;15.0;A01
1027;201300000707;0;7;0;0.0;2.0;7.0;1.0;A01
1028;201300000707;0;10;0;0.0;2.0;1.0;1.0;B02
1029;201300000708;0;7;0;0.0;2.0;3.0;15.0;B02
1030;201300000708;0;33;0;0.0;2.0;1.0;17.0;A01
1031;201300000709;0;10;0;6.0;0.0;3.0;13.0;A01
1032;201300000710;0;7;0;0.0;2.0;3.0;1.0;B02
1033;201300000710;0;7;0;0.0;2.0;2.0;19.0;A01
1034;201300000711;0;7;0;8.0;0.0;3.0;1.0;A01
1035;201300000712;0;7;0;0.0;2.0;1.0;1.0;C03
1036;201300000712;0;7;0;0.0;2.0;3.0;1.0;B02
1037;201300000712;0;7;0;0.0;2.0;1.0;1.0;A01
1038;201300000713;0;7;0;0.0;2.0;8.0;1.0;A01
1039;201300000713;0;7;0;0.0;2.0;1.0;19.0;B02
1040;201300000714;0;7;0;0.0;0.0;8.0;10.0;A01
1041;201300000714;0;33;0;0.0;2.0;2.0;1.0;B02
1042;201300000715;0;7;0;0.0;2.0;7.0;19.0;A01
1043;201300000715;0;7;0;0.0;2.0;1.0;1.0;B02
1044;201300000716;0;7;0;0.0;1.0;3.0;1.0;A01
1045;201300000717;0;1;0;0.0;0.0;6.0;1.0;A01
1046;201300000717;0;7;0;0.0;0.0;2.0;15.0;B02
1047;201300000718;0;7;0;0.0;2.0;3.0;9.0;A01
1048;201300000718;0;7;0;0.0;2.0;1.0;9.0;B02
1049;201300000719;0;33;0;0.0;2.0;1.0;17.0;A01
1050;201300000719;0;7;0;0.0;0.0;6.0;15.0;B02
1051;201300000720;0;7;0;16.0;0.0;1.0;1.0;A01
1052;201300000721;0;30;0;0.0;2.0;4.0;2.0;B02
1053;201300000721;0;7;0;0.0;2.0;2.0;2.0;A01
1054;201300000722;0;7;0;0.0;2.0;2.0;13.0;A01
1055;201300000722;0;7;0;0.0;2.0;1.0;1.0;B02
1056;201300000723;0;33;0;0.0;0.0;8.0;0.0;A01
1057;201300000724;0;7;0;0.0;2.0;1.0;1.0;B02
1058;201300000724;0;7;0;0.0;2.0;8.0;19.0;A01
1059;201300000725;0;7;0;0.0;2.0;1.0;1.0;A01
1060;201300000725;0;7;0;0.0;0.0;3.0;19.0;B02
1061;201300000726;0;7;0;0.0;0.0;9.0;14.0;A01
1062;201300000727;0;7;0;13.0;0.0;1.0;14.0;A01
1063;201300000728;0;7;0;0.0;2.0;5.0;15.0;A01
1064;201300000728;0;33;0;0.0;2.0;1.0;1.0;B02
1065;201300000730;0;7;0;0.0;2.0;7.0;0.0;A01
1066;201300000730;0;10;0;0.0;2.0;1.0;0.0;B02
1067;201300000731;0;7;0;0.0;2.0;1.0;1.0;B02
1068;201300000731;0;7;0;0.0;2.0;1.0;13.0;A01
1069;201300000732;0;33;0;8.0;0.0;4.0;1.0;A01
1070;201300000733;0;10;0;0.0;2.0;2.0;17.0;A01
1071;201300000733;0;30;0;0.0;0.0;4.0;13.0;B02
1072;201300000734;0;33;0;8.0;0.0;1.0;1.0;A01
1073;201300000735;0;7;0;0.0;2.0;3.0;19.0;A01
1074;201300000735;0;7;0;0.0;2.0;1.0;1.0;B02
1075;201300000736;0;7;0;8.0;0.0;1.0;0.0;A01
1076;201300000737;0;7;0;0.0;2.0;3.0;13.0;A01
1077;201300000737;0;7;0;0.0;2.0;3.0;1.0;B02
1078;201300000738;0;7;0;6.0;0.0;1.0;16.0;A01
1079;201300000739;0;10;0;0.0;2.0;3.0;1.0;A01
1080;201300000739;0;7;0;8.0;2.0;2.0;19.0;B02
1081;201300000740;0;7;0;0.0;2.0;2.0;1.0;A01
1082;201300000740;0;7;0;0.0;2.0;2.0;13.0;B02
1083;201300000741;0;7;0;0.0;2.0;3.0;1.0;B02
1084;201300000741;0;7;0;0.0;2.0;3.0;13.0;A01
1085;201300000742;0;7;0;2.0;0.0;1.0;1.0;A01
1086;201300000743;0;2;0;0.0;2.0;1.0;1.0;A01
1087;201300000743;0;7;0;0.0;0.0;3.0;9.0;B02
1088;201300000744;0;33;0;13.0;0.0;8.0;1.0;A01
1089;201300000746;0;7;0;0.0;2.0;1.0;11.0;A01
1090;201300000746;0;7;0;0.0;2.0;1.0;1.0;B02
1091;201300000747;0;7;0;0.0;2.0;7.0;13.0;A01
1092;201300000747;0;10;0;0.0;2.0;1.0;1.0;B02
1093;201300000748;0;33;0;7.0;0.0;1.0;1.0;A01
1094;201300000749;0;2;0;0.0;2.0;7.0;1.0;A01
1095;201300000750;0;7;0;2.0;0.0;1.0;1.0;A01
1096;201300000751;0;7;0;0.0;2.0;1.0;17.0;A01
1097;201300000751;0;7;0;0.0;2.0;8.0;15.0;B02
1098;201300000752;0;7;0;6.0;0.0;1.0;1.0;A01
1099;201300000753;0;7;0;0.0;2.0;3.0;17.0;A01
1100;201300000753;0;10;0;0.0;2.0;2.0;1.0;B02
1101;201300000754;0;7;0;2.0;0.0;1.0;0.0;A01
1102;201300000755;0;7;0;8.0;0.0;1.0;0.0;A01
1103;201300000756;0;7;0;8.0;2.0;8.0;1.0;B02
1104;201300000756;0;7;0;0.0;2.0;1.0;1.0;A01
1105;201300000757;0;10;0;0.0;2.0;1.0;13.0;A01
1106;201300000757;0;10;0;0.0;2.0;1.0;1.0;B02
1107;201300000758;0;7;0;0.0;0.0;1.0;2.0;A01
1108;201300000759;0;7;0;13.0;0.0;3.0;1.0;A01
1109;201300000760;1;10;0;0.0;1.0;7.0;2.0;A01
1110;201300000761;0;33;0;0.0;2.0;2.0;17.0;A01
1111;201300000761;0;7;0;0.0;2.0;6.0;17.0;B02
1112;201300000762;0;7;0;0.0;2.0;1.0;1.0;A01
1113;201300000762;0;7;0;0.0;2.0;8.0;19.0;B02
1114;201300000763;0;7;0;2.0;0.0;3.0;1.0;A01
1115;201300000764;0;33;0;16.0;0.0;1.0;17.0;A01
1116;201300000765;0;31;0;0.0;2.0;3.0;1.0;A01
1117;201300000765;0;7;0;0.0;2.0;3.0;1.0;B02
1118;201300000766;0;7;0;0.0;2.0;3.0;1.0;A01
1119;201300000766;0;15;0;0.0;2.0;2.0;1.0;B02
1120;201300000767;0;7;0;8.0;0.0;7.0;1.0;A01
1121;201300000768;0;7;0;0.0;2.0;2.0;1.0;A01
1122;201300000768;0;1;0;0.0;2.0;1.0;1.0;B02
1123;201300000769;0;7;0;13.0;0.0;9.0;2.0;A01
1124;201300000770;0;99;0;15.0;0.0;6.0;1.0;A01
1125;201300000772;0;7;0;2.0;0.0;1.0;1.0;A01
1126;201300000773;0;7;0;0.0;2.0;1.0;1.0;B02
1127;201300000773;0;7;0;0.0;2.0;1.0;19.0;A01
1128;201300000774;0;7;0;0.0;2.0;1.0;5.0;A01
1129;201300000774;0;7;0;0.0;2.0;1.0;1.0;B02
1130;201300000775;0;7;0;0.0;0.0;6.0;9.0;B02
1131;201300000775;0;7;0;0.0;2.0;2.0;21.0;A01
1132;201300000776;0;2;0;0.0;2.0;2.0;2.0;A01
1133;201300000776;0;7;0;0.0;2.0;6.0;2.0;B02
1134;201300000777;0;7;0;0.0;2.0;1.0;1.0;A01
1135;201300000777;0;10;0;0.0;0.0;4.0;15.0;B02
1136;201300000778;0;7;0;13.0;0.0;1.0;1.0;A01
1137;201300000779;0;7;0;0.0;9.0;2.0;17.0;A01
1138;201300000779;0;1;0;0.0;0.0;6.0;1.0;B02
1139;201300000780;0;33;0;0.0;0.0;5.0;13.0;A01
1140;201300000780;0;33;0;0.0;2.0;1.0;1.0;B02
1141;201300000781;0;7;0;0.0;1.0;1.0;1.0;A01
1142;201300000782;0;7;0;0.0;0.0;1.0;1.0;A01
1143;201300000783;0;7;0;0.0;2.0;3.0;15.0;A01
1144;201300000783;0;99;0;0.0;2.0;8.0;1.0;B02
1145;201300000784;0;7;0;0.0;0.0;9.0;1.0;A01
1146;201300000786;1;31;0;0.0;2.0;1.0;1.0;A01
1147;201300000786;0;1;0;0.0;2.0;4.0;1.0;B02
1148;201300000787;0;33;0;0.0;0.0;8.0;1.0;A01
1149;201300000788;0;7;0;0.0;2.0;1.0;15.0;A01
1150;201300000788;0;1;0;0.0;2.0;8.0;1.0;B02
1151;201300000789;0;7;0;0.0;2.0;3.0;1.0;B02
1152;201300000789;0;7;0;0.0;2.0;3.0;11.0;A01
1153;201300000790;0;7;0;0.0;2.0;7.0;15.0;B02
1154;201300000790;0;33;0;0.0;2.0;1.0;1.0;A01
1155;201300000791;0;15;0;0.0;2.0;1.0;1.0;B02
1156;201300000791;0;7;0;0.0;2.0;1.0;13.0;A01
1157;201300000792;0;10;0;0.0;2.0;1.0;24.0;B02
1158;201300000792;0;7;0;1.0;1.0;1.0;0.0;A01
1159;201300000793;0;7;0;0.0;2.0;7.0;5.0;A01
1160;201300000793;0;14;0;0.0;2.0;1.0;1.0;B02
1161;201300000794;0;7;0;0.0;2.0;1.0;13.0;A01
1162;201300000794;0;7;0;0.0;2.0;1.0;1.0;B02
1163;201300000795;0;10;0;0.0;1.0;1.0;1.0;A01
1164;201300000796;0;2;0;0.0;2.0;1.0;1.0;B02
1165;201300000796;0;7;0;0.0;2.0;3.0;10.0;A01
1166;201300000797;0;7;0;0.0;2.0;3.0;1.0;A01
1167;201300000797;0;7;0;0.0;0.0;3.0;15.0;B02
1168;201300000798;0;7;0;0.0;2.0;2.0;15.0;A01
1169;201300000798;0;7;0;0.0;2.0;1.0;1.0;B02
1170;201300000799;0;7;0;13.0;0.0;1.0;1.0;A01
1171;201300000800;0;33;0;0.0;2.0;1.0;17.0;B02
1172;201300000800;0;7;0;0.0;2.0;8.0;10.0;A01
1173;201300000801;0;33;0;0.0;2.0;1.0;16.0;A01
1174;201300000801;0;10;0;0.0;0.0;3.0;23.0;B02
1175;201300000802;0;30;0;12.0;0.0;1.0;1.0;A01
1176;201300000803;0;7;0;0.0;2.0;3.0;13.0;A01
1177;201300000803;0;7;0;0.0;2.0;1.0;1.0;B02
1178;201300000805;0;2;0;0.0;2.0;4.0;15.0;A01
1179;201300000805;0;33;0;0.0;2.0;1.0;1.0;B02
1180;201300000806;0;7;0;0.0;2.0;3.0;15.0;B02
1181;201300000806;0;31;0;0.0;2.0;1.0;1.0;A01
1182;201300000807;0;10;0;0.0;9.0;7.0;17.0;A01
1183;201300000807;0;1;0;0.0;2.0;3.0;15.0;B02
1184;201300000808;0;7;0;0.0;2.0;3.0;1.0;B02
1185;201300000808;0;7;0;0.0;2.0;3.0;13.0;A01
1186;201300000809;0;7;0;0.0;0.0;3.0;1.0;A01
1187;201300000809;0;1;0;0.0;2.0;1.0;15.0;B02
1188;201300000810;0;7;0;0.0;2.0;2.0;19.0;A01
1189;201300000810;0;7;0;0.0;2.0;2.0;1.0;B02
1190;201300000811;0;7;0;2.0;0.0;7.0;1.0;A01
1191;201300000812;0;7;0;0.0;2.0;8.0;1.0;B02
1192;201300000812;0;7;0;0.0;2.0;3.0;19.0;A01
1193;201300000813;0;7;0;0.0;2.0;2.0;14.0;A01
1194;201300000813;0;1;0;0.0;0.0;4.0;13.0;B02
1195;201300000814;0;30;0;13.0;0.0;9.0;21.0;A01
1196;201300000814;0;7;0;0.0;2.0;3.0;21.0;B02
1197;201300000815;0;33;0;12.0;0.0;1.0;1.0;A01
1198;201300000816;0;1;0;0.0;2.0;1.0;0.0;B02
1199;201300000816;0;10;0;0.0;2.0;1.0;0.0;A01
1200;201300000817;0;7;0;0.0;2.0;2.0;9.0;A01
1201;201300000817;0;33;0;0.0;0.0;5.0;16.0;B02
1202;201300000818;0;7;0;0.0;1.0;3.0;1.0;A01
1203;201300000820;0;14;0;0.0;2.0;4.0;1.0;B02
1204;201300000820;0;14;0;0.0;2.0;1.0;1.0;A01
1205;201300000821;0;7;0;6.0;0.0;1.0;15.0;A01
1206;201300000822;0;7;0;0.0;2.0;7.0;19.0;A01
1207;201300000822;0;7;0;0.0;2.0;1.0;1.0;B02
1208;201300000823;0;7;0;0.0;2.0;3.0;15.0;B02
1209;201300000823;0;7;0;0.0;2.0;1.0;1.0;A01
1210;201300000824;0;7;0;13.0;0.0;9.0;1.0;A01
1211;201300000825;0;7;0;0.0;2.0;3.0;13.0;A01
1212;201300000825;0;15;0;0.0;2.0;3.0;14.0;B02
1213;201300000826;0;7;0;0.0;0.0;1.0;1.0;A01
1214;201300000827;0;7;0;0.0;9.0;1.0;17.0;A01
1215;201300000827;0;1;0;0.0;2.0;0.0;15.0;B02
1216;201300000828;0;7;0;2.0;2.0;2.0;11.0;B01
1217;201300000828;0;7;0;0.0;2.0;8.0;1.0;A02
1218;201300000829;0;7;0;6.0;0.0;1.0;1.0;A01
1219;201300000830;0;10;0;0.0;1.0;1.0;1.0;A01
1220;201300000831;0;7;0;0.0;1.0;3.0;1.0;A01
1221;201300000832;0;15;0;0.0;1.0;0.0;16.0;A01
1222;201300000833;0;7;0;0.0;1.0;1.0;1.0;A01
1223;201300000834;0;14;0;0.0;0.0;0.0;1.0;A01
1224;201300000835;0;7;0;0.0;2.0;1.0;2.0;A01
1225;201300000835;0;7;0;0.0;2.0;4.0;2.0;B02
1226;201300000836;0;7;0;0.0;2.0;3.0;1.0;B02
1227;201300000836;0;7;0;0.0;2.0;3.0;13.0;A01
1228;201300000837;0;10;0;0.0;2.0;3.0;1.0;A01
1229;201300000837;0;10;0;0.0;2.0;2.0;3.0;B02
1230;201300000838;0;7;0;0.0;2.0;1.0;1.0;B02
1231;201300000838;0;7;0;0.0;2.0;5.0;15.0;A01
1232;201300000839;0;7;0;0.0;2.0;3.0;1.0;B02
1233;201300000839;0;7;0;;2.0;3.0;15.0;A01
1234;201300000840;0;7;0;0.0;2.0;3.0;13.0;B02
1235;201300000840;0;7;0;0.0;2.0;3.0;1.0;A01
1236;201300000841;0;1;0;0.0;2.0;1.0;1.0;B02
1237;201300000841;0;7;0;0.0;9.0;1.0;13.0;A01
1238;201300000843;0;7;0;0.0;2.0;3.0;13.0;A01
1239;201300000843;0;7;0;0.0;2.0;2.0;1.0;C03
1240;201300000843;0;7;0;0.0;2.0;1.0;1.0;B02
1241;201300000844;0;17;0;0.0;2.0;1.0;1.0;B02
1242;201300000844;0;7;0;0.0;2.0;5.0;1.0;A01
1243;201300000845;0;33;0;0.0;2.0;1.0;17.0;A01
1244;201300000845;0;7;0;0.0;2.0;3.0;15.0;B02
1245;201300000847;0;7;0;0.0;2.0;1.0;1.0;B02
1246;201300000847;0;7;0;0.0;2.0;1.0;5.0;A01
1247;201300000848;0;30;0;0.0;2.0;1.0;6.0;A02
1248;201300000848;0;7;0;0.0;2.0;3.0;15.0;B01
1249;201300000849;0;7;0;0.0;2.0;8.0;16.0;A01
1250;201300000849;0;33;0;0.0;2.0;1.0;1.0;B02
1251;201300000850;0;7;0;0.0;2.0;3.0;1.0;B02
1252;201300000850;0;7;0;0.0;2.0;3.0;1.0;A01
1253;201300000851;0;7;0;0.0;2.0;7.0;1.0;A01
1254;201300000851;0;30;0;0.0;2.0;1.0;5.0;B02
1255;201300000852;0;7;0;13.0;0.0;9.0;1.0;A01
1256;201300000853;0;7;0;0.0;2.0;7.0;1.0;B02
1257;201300000853;0;17;0;0.0;2.0;1.0;1.0;A01
1258;201300000854;0;31;0;10.0;0.0;1.0;1.0;A01
1259;201300000855;0;7;0;0.0;1.0;8.0;1.0;A01
1260;201300000856;0;7;0;13.0;0.0;1.0;14.0;A01
1261;201300000857;0;7;0;0.0;1.0;2.0;1.0;A01
1262;201300000858;0;7;0;0.0;1.0;4.0;4.0;A01
1263;201300000860;0;7;0;0.0;1.0;3.0;11.0;A01
1264;201300000861;0;7;0;0.0;2.0;3.0;1.0;B02
1265;201300000861;0;33;0;0.0;2.0;1.0;17.0;A01
1266;201300000862;0;7;0;0.0;2.0;3.0;13.0;A01
1267;201300000862;0;7;0;0.0;2.0;3.0;1.0;B02
1268;201300000863;0;7;0;0.0;2.0;1.0;1.0;B02
1269;201300000863;0;10;0;1.0;2.0;7.0;19.0;A01
1270;201300000863;0;7;0;0.0;2.0;8.0;23.0;C03
1271;201300000864;0;1;0;0.0;0.0;8.0;0.0;B02
1272;201300000865;0;7;0;0.0;2.0;1.0;13.0;A01
1273;201300000865;0;7;0;0.0;2.0;8.0;1.0;B02
1274;201300000865;0;7;0;0.0;2.0;3.0;1.0;C03
1275;201300000866;0;7;0;0.0;2.0;3.0;1.0;A01
1276;201300000866;0;2;0;0.0;2.0;4.0;15.0;B02
1277;201300000867;0;7;0;2.0;0.0;1.0;1.0;A01
1278;201300000869;0;7;0;0.0;2.0;3.0;0.0;B02
1279;201300000869;0;1;0;0.0;2.0;1.0;13.0;A01
1280;201300000870;0;7;0;0.0;2.0;5.0;15.0;B02
1281;201300000870;0;33;0;0.0;2.0;1.0;1.0;A01
1282;201300000871;0;7;0;2.0;0.0;2.0;1.0;A01
1283;201300000872;0;7;0;11.0;0.0;1.0;1.0;A01
1284;201300000873;0;7;0;0.0;0.0;4.0;9.0;A01
1285;201300000873;0;33;0;0.0;2.0;1.0;1.0;B02
1286;201300000874;0;31;0;0.0;2.0;1.0;13.0;A01
1287;201300000874;0;7;0;0.0;2.0;3.0;1.0;B02
1288;201300000875;0;10;0;0.0;2.0;3.0;1.0;B02
1289;201300000875;0;7;0;0.0;2.0;1.0;15.0;A01
1290;201300000876;0;7;0;0.0;2.0;3.0;1.0;B02
1291;201300000876;0;7;0;0.0;2.0;3.0;13.0;A01
1292;201300000877;0;7;0;0.0;2.0;5.0;15.0;A01
1293;201300000877;0;31;0;0.0;2.0;1.0;1.0;B02
1294;201300000878;0;3;0;6.0;0.0;3.0;1.0;A01
1295;201300000879;0;7;0;0.0;2.0;1.0;1.0;B02
1296;201300000879;0;7;0;0.0;2.0;7.0;17.0;A01
1297;201300000880;0;14;0;0.0;0.0;2.0;1.0;A01
1298;201300000881;0;7;0;0.0;0.0;8.0;15.0;A01
1299;201300000881;0;31;0;0.0;2.0;1.0;1.0;B02
1300;201300000884;0;10;0;0.0;2.0;3.0;1.0;B02
1301;201300000884;0;7;0;0.0;2.0;3.0;1.0;A01
1302;201300000885;0;7;0;8.0;6.0;1.0;19.0;A01
1303;201300000886;0;7;0;0.0;0.0;3.0;1.0;A01
1304;201300000887;0;33;0;0.0;2.0;4.0;23.0;B02
1305;201300000887;0;7;0;0.0;2.0;1.0;2.0;A01
1306;201300000888;0;30;0;0.0;2.0;1.0;17.0;A01
1307;201300000888;0;7;0;0.0;2.0;1.0;1.0;B02
1308;201300000889;0;7;0;0.0;9.0;3.0;15.0;A01
1309;201300000889;0;1;0;0.0;2.0;8.0;1.0;B02
1310;201300000890;0;7;0;0.0;1.0;2.0;1.0;A01
1311;201300000891;0;7;0;0.0;2.0;5.0;15.0;A01
1312;201300000891;0;2;0;0.0;2.0;1.0;1.0;B02