;Num_Acc;senc;catv;occutc;obs;obsm;choc;manv;num_veh
1313;201300000892;0;7;0;0.0;2.0;1.0;1.0;B02
1314;201300000892;0;7;0;0.0;2.0;1.0;17.0;A01
1315;201300000893;0;7;0;8.0;0.0;8.0;1.0;A01
1316;201300000894;0;7;0;0.0;2.0;1.0;1.0;B02
1317;201300000894;0;7;0;0.0;2.0;3.0;15.0;A01
1318;201300000895;0;7;0;0.0;2.0;3.0;1.0;B02
1319;201300000895;0;30;0;0.0;2.0;8.0;1.0;A01
1320;201300000896;0;7;0;6.0;0.0;1.0;1.0;A01
1321;201300000897;0;33;0;0.0;2.0;1.0;1.0;A01
1322;201300000897;0;10;0;0.0;0.0;5.0;16.0;B02
1323;201300000898;0;99;0;0.0;2.0;3.0;1.0;B02
1324;201300000898;0;30;0;0.0;2.0;1.0;13.0;A01
1325;201300000900;0;7;0;0.0;2.0;3.0;9.0;B02
1326;201300000900;0;7;0;0.0;2.0;2.0;1.0;A01
1327;201300000901;0;7;0;0.0;2.0;1.0;13.0;A01
1328;201300000901;0;7;0;0.0;2.0;1.0;1.0;B02
1329;201300000902;0;7;0;0.0;2.0;1.0;1.0;B02
1330;201300000902;0;7;0;0.0;2.0;2.0;5.0;A01
1331;201300000903;0;7;0;0.0;2.0;3.0;1.0;B02
1332;201300000903;0;33;0;0.0;2.0;1.0;13.0;A01
1333;201300000904;0;33;0;0.0;2.0;8.0;17.0;A01
1334;201300000904;0;7;0;0.0;2.0;3.0;1.0;B02
1335;201300000904;0;33;0;16.0;0.0;1.0;1.0;C03
1336;201300000905;0;10;0;0.0;1.0;6.0;1.0;A01
1337;201300000906;0;14;0;0.0;2.0;2.0;1.0;B02
1338;201300000906;0;7;0;0.0;2.0;2.0;13.0;A01
1339;201300000907;0;7;0;0.0;1.0;2.0;1.0;A01
1340;201300000908;0;10;0;13.0;0.0;1.0;16.0;A01
1341;201300000909;0;7;0;0.0;2.0;2.0;1.0;A01
1342;201300000909;0;1;0;0.0;0.0;4.0;1.0;B02
1343;201300000910;0;10;0;0.0;2.0;2.0;15.0;A01
1344;201300000910;0;10;0;0.0;2.0;2.0;1.0;B02
1345;201300000911;0;2;0;0.0;2.0;3.0;2.0;B02
1346;201300000911;0;7;0;0.0;2.0;3.0;2.0;A01
1347;201300000912;0;32;0;0.0;2.0;8.0;17.0;A01
1348;201300000912;0;7;0;0.0;2.0;8.0;1.0;B02
1349;201300000913;0;7;0;0.0;2.0;0.0;1.0;B02
1350;201300000913;0;7;0;0.0;2.0;0.0;1.0;C03
1351;201300000913;0;7;0;0.0;2.0;0.0;19.0;A01
1352;201300000914;0;30;0;0.0;2.0;1.0;2.0;A01
1353;201300000914;0;7;0;0.0;0.0;4.0;2.0;B02
1354;201300000916;0;7;0;0.0;2.0;1.0;1.0;B02
1355;201300000916;0;3;0;0.0;2.0;7.0;15.0;A01
1356;201300000916;0;7;0;0.0;2.0;8.0;0.0;C03
1357;201300000917;0;7;0;0.0;2.0;7.0;15.0;A01
1358;201300000917;0;33;0;0.0;2.0;1.0;1.0;B02
1359;201300000920;0;7;0;0.0;1.0;4.0;23.0;A01
1360;201300000920;0;7;0;1.0;0.0;1.0;2.0;B02
1361;201300000921;0;2;0;0.0;2.0;1.0;1.0;B02
1362;201300000921;0;7;0;0.0;2.0;2.0;21.0;A01
1363;201300000922;0;7;0;0.0;1.0;3.0;1.0;A01
1364;201300000923;0;7;0;0.0;2.0;2.0;1.0;B02
1365;201300000923;0;14;0;0.0;2.0;1.0;1.0;A01
1366;201300000924;0;7;0;2.0;0.0;3.0;13.0;A01
1367;201300000926;0;7;0;0.0;0.0;0.0;1.0;D04
1368;201300000926;0;7;0;0.0;2.0;3.0;1.0;B02
1369;201300000926;0;10;0;0.0;2.0;3.0;1.0;C03
1370;201300000926;0;7;0;0.0;2.0;3.0;13.0;A01
1371;201300000927;0;36;0;0.0;2.0;1.0;0.0;B02
1372;201300000927;0;7;0;0.0;0.0;0.0;0.0;A01
1373;201300000928;0;7;0;0.0;1.0;3.0;1.0;A01
1374;201300000929;0;7;0;0.0;1.0;3.0;1.0;A01
1375;201300000930;0;33;0;13.0;0.0;7.0;0.0;A01
1376;201300000931;0;7;0;8.0;0.0;3.0;0.0;A01
1377;201300000932;0;7;0;0.0;2.0;7.0;19.0;A01
1378;201300000932;0;7;0;0.0;2.0;1.0;1.0;B01
1379;201300000933;0;2;0;0.0;2.0;3.0;2.0;A01
1380;201300000933;0;7;0;0.0;0.0;5.0;15.0;B02
1381;201300000934;0;7;0;0.0;2.0;3.0;1.0;B02
1382;201300000934;0;7;0;0.0;2.0;3.0;1.0;A01
1383;201300000935;0;33;0;13.0;0.0;1.0;0.0;A01
1384;201300000936;0;7;0;0.0;2.0;1.0;0.0;A01
1385;201300000936;0;7;0;0.0;2.0;1.0;0.0;B02
1386;201300000937;0;7;0;0.0;1.0;3.0;0.0;A01
1387;201300000938;0;36;0;0.0;2.0;2.0;1.0;B02
1388;201300000938;0;7;0;0.0;2.0;2.0;17.0;A01
1389;201300000939;0;7;0;0.0;2.0;1.0;1.0;A01
1390;201300000939;0;7;0;0.0;2.0;1.0;1.0;B02
1391;201300000940;0;7;0;0.0;0.0;0.0;15.0;A01
1392;201300000940;0;33;0;0.0;0.0;0.0;21.0;B02
1393;201300000941;0;7;0;0.0;2.0;1.0;1.0;A01
1394;201300000941;0;31;0;0.0;2.0;1.0;13.0;B02
1395;201300000942;0;7;0;0.0;5.0;2.0;1.0;A01
1396;201300000943;0;33;0;0.0;0.0;0.0;1.0;A01
1397;201300000944;0;7;0;0.0;2.0;3.0;23.0;C03
1398;201300000944;0;7;0;0.0;2.0;3.0;1.0;D04
1399;201300000944;0;7;0;0.0;2.0;7.0;19.0;A01
1400;201300000944;0;7;0;0.0;2.0;1.0;1.0;B02
1401;201300000945;0;7;0;0.0;1.0;7.0;1.0;A01
1402;201300000946;0;7;0;0.0;2.0;7.0;1.0;A01
1403;201300000946;0;30;0;0.0;2.0;1.0;15.0;B02
1404;201300000947;0;7;0;0.0;2.0;3.0;17.0;A01
1405;201300000947;0;38;57;0.0;2.0;3.0;1.0;B02
1406;201300000948;0;7;0;0.0;2.0;1.0;1.0;B02
1407;201300000948;0;30;0;0.0;2.0;8.0;15.0;A01
1408;201300000949;0;31;0;14.0;0.0;0.0;1.0;A01
1409;201300000950;0;7;0;0.0;2.0;3.0;13.0;A01
1410;201300000950;0;7;0;0.0;2.0;3.0;1.0;B02
1411;201300000951;0;7;0;13.0;2.0;2.0;13.0;A01
1412;201300000951;0;7;0;0.0;2.0;3.0;1.0;B02
1413;201300000952;0;30;0;0.0;0.0;0.0;1.0;B02
1414;201300000952;0;7;0;0.0;2.0;1.0;9.0;A01
1415;201300000953;0;7;0;0.0;0.0;3.0;1.0;A01
1416;201300000955;0;7;0;0.0;2.0;3.0;13.0;A01
1417;201300000955;0;7;0;0.0;2.0;3.0;1.0;B02
1418;201300000956;0;7;0;0.0;2.0;8.0;1.0;A01
1419;201300000956;0;15;0;0.0;2.0;3.0;1.0;B02
1420;201300000957;0;7;0;0.0;2.0;1.0;13.0;A01
1421;201300000957;0;14;0;0.0;2.0;3.0;1.0;B02
1422;201300000958;0;7;0;0.0;2.0;3.0;13.0;A01
1423;201300000958;0;7;0;0.0;2.0;3.0;1.0;B02
1424;201300000959;0;10;0;0.0;1.0;4.0;4.0;A01
1425;201300000960;0;21;0;0.0;2.0;6.0;15.0;A01
1426;201300000960;0;33;0;0.0;2.0;7.0;1.0;B02
1427;201300000961;0;21;0;0.0;2.0;3.0;15.0;A01
1428;201300000961;0;7;0;0.0;2.0;8.0;1.0;B02
1429;201300000962;0;16;0;2.0;0.0;1.0;14.0;A01
1430;201300000963;0;7;0;0.0;2.0;1.0;1.0;B01
1431;201300000963;0;7;0;0.0;2.0;2.0;19.0;A02
1432;201300000964;0;7;0;0.0;2.0;1.0;1.0;A01
1433;201300000964;0;7;0;0.0;2.0;2.0;19.0;B02
1434;201300000965;0;30;0;0.0;2.0;5.0;1.0;B02
1435;201300000965;0;10;0;0.0;2.0;2.0;9.0;A01
1436;201300000966;0;7;0;13.0;2.0;1.0;1.0;B02
1437;201300000966;0;7;0;0.0;2.0;3.0;15.0;A01
1438;201300000967;0;7;0;0.0;1.0;1.0;15.0;A01
1439;201300000968;0;30;0;0.0;0.0;4.0;1.0;A01
1440;201300000969;0;7;0;0.0;1.0;2.0;1.0;A01
1441;201300000970;0;7;0;0.0;1.0;2.0;1.0;A01
1442;201300000971;0;2;0;0.0;1.0;1.0;18.0;A01
1443;201300000972;0;16;0;0.0;1.0;8.0;1.0;A01
1444;201300000973;0;30;0;15.0;2.0;7.0;17.0;A01
1445;201300000973;0;7;0;0.0;2.0;8.0;1.0;B02
1446;201300000974;0;33;0;0.0;2.0;1.0;11.0;A01
1447;201300000974;0;7;0;0.0;2.0;1.0;1.0;B02
1448;201300000975;0;7;0;0.0;1.0;2.0;2.0;A01
1449;201300000976;0;33;0;3.0;0.0;3.0;14.0;A01
1450;201300000977;0;30;0;0.0;0.0;2.0;14.0;A01
1451;201300000978;0;7;0;0.0;2.0;8.0;19.0;A01
1452;201300000978;0;7;0;0.0;2.0;1.0;1.0;B02
1453;201300000979;0;10;0;0.0;2.0;3.0;9.0;A01
1454;201300000979;0;30;0;0.0;2.0;5.0;1.0;B02
1455;201300000980;0;7;0;2.0;0.0;8.0;1.0;A01
1456;201300000981;0;30;0;0.0;1.0;1.0;1.0;A01
1457;201300000982;0;7;0;0.0;2.0;2.0;15.0;A01
1458;201300000982;0;7;0;0.0;2.0;2.0;21.0;B02
1459;201300000984;0;33;0;8.0;0.0;1.0;1.0;A01
1460;201300000986;0;30;0;0.0;2.0;1.0;5.0;A01
1461;201300000986;0;7;0;0.0;2.0;3.0;15.0;B02
1462;201300000988;0;99;0;12.0;0.0;1.0;19.0;A01
1463;201300000989;0;30;0;0.0;1.0;8.0;1.0;A01
1464;201300000990;0;17;0;0.0;2.0;1.0;21.0;A01
1465;201300000990;0;7;0;0.0;2.0;1.0;1.0;B02
1466;201300000990;0;21;0;0.0;2.0;5.0;16.0;C03
1467;201300000990;0;10;0;0.0;2.0;4.0;2.0;D04
1468;201300000991;0;7;0;0.0;2.0;3.0;1.0;B02
1469;201300000991;0;7;0;0.0;2.0;1.0;13.0;A01
1470;201300000992;0;7;0;0.0;2.0;7.0;1.0;A01
1471;201300000992;0;7;0;0.0;2.0;1.0;1.0;B02
1472;201300000993;0;2;0;0.0;2.0;3.0;15.0;B02
1473;201300000993;0;10;0;0.0;2.0;1.0;1.0;A01
1474;201300000995;0;7;0;0.0;2.0;1.0;13.0;A01
1475;201300000995;0;10;0;0.0;2.0;3.0;1.0;B02
1476;201300000996;0;17;0;2.0;0.0;3.0;13.0;A01
1477;201300000997;0;14;0;0.0;2.0;1.0;1.0;B02
1478;201300000997;0;7;0;0.0;2.0;8.0;19.0;A01
1479;201300000998;0;7;0;0.0;2.0;8.0;19.0;A01
1480;201300000998;0;10;0;0.0;2.0;1.0;1.0;B02
1481;201300000999;0;7;0;0.0;2.0;5.0;23.0;A01
1482;201300000999;0;2;0;0.0;2.0;1.0;2.0;B02
1483;201300001000;0;7;0;1.0;0.0;1.0;1.0;A01
1484;201300001001;0;7;0;0.0;1.0;3.0;19.0;A01
1485;201300001002;0;3;0;0.0;2.0;1.0;2.0;A01
1486;201300001002;0;1;0;0.0;2.0;4.0;1.0;B02
1487;201300001003;0;3;0;13.0;0.0;1.0;14.0;A01
1488;201300001005;0;7;0;0.0;2.0;2.0;1.0;B02
1489;201300001005;0;3;0;0.0;2.0;3.0;19.0;A01
1490;201300001006;0;7;0;0.0;1.0;1.0;1.0;A01
1491;201300001007;0;7;0;0.0;1.0;2.0;14.0;A01
1492;201300001009;0;7;0;0.0;1.0;2.0;1.0;A01
1493;201300001010;0;33;0;0.0;2.0;8.0;19.0;A01
1494;201300001010;0;7;0;0.0;2.0;1.0;1.0;B02
1495;201300001011;0;33;0;6.0;0.0;8.0;13.0;A01
1496;201300001013;0;30;0;6.0;0.0;2.0;15.0;A01
1497;201300001014;0;33;0;0.0;5.0;1.0;1.0;A01
1498;201300001015;0;7;0;0.0;2.0;3.0;13.0;A01
1499;201300001015;0;7;0;0.0;2.0;3.0;1.0;B02
1500;201300001016;0;7;0;0.0;2.0;3.0;1.0;A01
1501;201300001016;0;7;0;0.0;2.0;3.0;1.0;B02
1502;201300001017;0;7;0;10.0;0.0;1.0;1.0;A01
1503;201300001018;0;7;0;13.0;0.0;9.0;1.0;A01
1504;201300001019;0;31;0;0.0;0.0;8.0;1.0;A01
1505;201300001020;0;33;0;0.0;2.0;1.0;1.0;B02
1506;201300001020;0;7;0;0.0;2.0;1.0;19.0;A01
1507;201300001021;0;7;0;0.0;2.0;4.0;13.0;A01
1508;201300001021;0;10;0;0.0;2.0;2.0;1.0;B02
1509;201300001022;0;15;0;13.0;0.0;3.0;13.0;A01
1510;201300001023;0;2;0;0.0;0.0;8.0;1.0;B02
1511;201300001023;0;7;0;0.0;2.0;1.0;15.0;A01
1512;201300001024;0;7;0;0.0;2.0;3.0;1.0;A01
1513;201300001024;0;15;0;0.0;2.0;3.0;1.0;B02
1514;201300001026;0;30;0;3.0;0.0;3.0;13.0;A01
1515;201300001027;0;30;0;13.0;0.0;3.0;1.0;A01
1516;201300001028;0;7;0;0.0;1.0;3.0;1.0;A01
1517;201300001029;0;21;0;0.0;0.0;0.0;0.0;B02
1518;201300001029;0;7;0;13.0;0.0;1.0;1.0;A01
1519;201300001030;0;7;0;0.0;2.0;7.0;13.0;A01
1520;201300001030;0;21;0;0.0;2.0;3.0;1.0;B02
1521;201300001031;0;7;0;6.0;0.0;1.0;1.0;A01
1522;201300001032;0;7;0;0.0;0.0;4.0;23.0;A01
1523;201300001032;0;2;0;0.0;2.0;1.0;1.0;B02
1524;201300001033;0;7;0;3.0;0.0;7.0;1.0;A01
1525;201300001034;0;7;0;0.0;1.0;4.0;4.0;A01
1526;201300001035;0;7;0;0.0;1.0;3.0;1.0;A01
1527;201300001036;0;7;0;0.0;2.0;5.0;0.0;A01
1528;201300001037;0;30;0;12.0;0.0;8.0;1.0;A01
1529;201300001038;0;7;0;13.0;0.0;3.0;13.0;A01
1530;201300001039;0;7;0;0.0;1.0;3.0;1.0;A01
1531;201300001040;0;7;0;3.0;0.0;9.0;13.0;A01
1532;201300001041;0;7;0;0.0;2.0;2.0;15.0;A01
1533;201300001041;0;1;0;0.0;2.0;1.0;1.0;B02
1534;201300001041;0;1;0;0.0;2.0;1.0;2.0;C03
1535;201300001042;0;30;0;1.0;0.0;1.0;1.0;A01
1536;201300001042;0;15;0;0.0;2.0;4.0;24.0;B02
1537;201300001043;0;10;0;0.0;0.0;0.0;17.0;A01
1538;201300001043;0;33;0;13.0;0.0;0.0;17.0;B02
1539;201300001044;0;33;0;13.0;0.0;1.0;1.0;A01
1540;201300001045;0;7;0;0.0;2.0;2.0;17.0;A01
1541;201300001045;0;1;0;0.0;2.0;4.0;13.0;B02
1542;201300001046;0;7;0;13.0;0.0;3.0;17.0;A01
1543;201300001048;0;7;0;0.0;2.0;8.0;1.0;B02
1544;201300001048;0;2;0;0.0;2.0;8.0;16.0;A01
1545;201300001049;0;7;0;6.0;0.0;1.0;1.0;A01
1546;201300001050;0;33;0;0.0;2.0;1.0;1.0;A01
1547;201300001050;0;10;0;0.0;2.0;8.0;15.0;B02
1548;201300001051;0;7;0;0.0;2.0;1.0;13.0;A01
1549;201300001051;0;7;0;0.0;2.0;1.0;11.0;B02
1550;201300001054;0;14;0;0.0;1.0;2.0;0.0;A01
1551;201300001055;0;38;1;0.0;2.0;1.0;1.0;A01
1552;201300001055;0;7;0;0.0;2.0;7.0;19.0;B02
1553;201300001057;0;33;0;0.0;2.0;1.0;2.0;A01
1554;201300001057;0;10;0;0.0;2.0;6.0;15.0;B02
1555;201300001058;0;1;0;0.0;2.0;1.0;1.0;B02
1556;201300001058;0;1;0;0.0;2.0;4.0;1.0;A01
1557;201300001059;0;34;0;0.0;0.0;0.0;1.0;A01
1558;201300001060;0;7;0;13.0;0.0;1.0;6.0;A01
1559;201300001061;0;7;0;12.0;0.0;3.0;17.0;A01
1560;201300001062;0;31;0;6.0;0.0;1.0;1.0;A01
1561;201300001063;0;7;0;0.0;1.0;3.0;1.0;A01
1562;201300001065;0;7;0;0.0;1.0;3.0;1.0;A01
1563;201300001066;0;7;0;0.0;0.0;4.0;9.0;A01
1564;201300001066;0;33;0;0.0;2.0;1.0;1.0;B02
1565;201300001067;0;7;0;0.0;2.0;3.0;19.0;B02
1566;201300001067;0;33;0;0.0;2.0;1.0;1.0;A01
1567;201300001068;0;7;0;0.0;2.0;2.0;1.0;A01
1568;201300001068;0;1;0;0.0;2.0;4.0;1.0;B02
1569;201300001069;0;2;0;0.0;2.0;1.0;1.0;A01
1570;201300001069;0;7;0;0.0;2.0;6.0;13.0;B02
1571;201300001071;0;20;0;0.0;2.0;5.0;19.0;B02
1572;201300001071;0;7;0;0.0;2.0;7.0;1.0;A01
1573;201300001072;0;7;0;6.0;0.0;1.0;1.0;A01
1574;201300001073;0;7;0;0.0;2.0;3.0;9.0;A01
1575;201300001073;0;30;0;0.0;2.0;7.0;1.0;B02
1576;201300001074;0;7;0;0.0;1.0;3.0;15.0;A01
1577;201300001075;0;7;0;0.0;1.0;0.0;1.0;C03
1578;201300001075;0;7;0;0.0;2.0;1.0;1.0;B02
1579;201300001075;0;7;0;0.0;2.0;1.0;5.0;A01
1580;201300001076;0;7;0;0.0;2.0;3.0;13.0;A01
1581;201300001076;0;7;0;0.0;2.0;3.0;1.0;B02
1582;201300001077;0;7;0;0.0;1.0;2.0;1.0;A01
1583;201300001078;0;33;0;0.0;2.0;1.0;13.0;A01
1584;201300001078;0;7;0;0.0;2.0;3.0;1.0;B02
1585;201300001079;0;10;0;0.0;2.0;1.0;13.0;A01
1586;201300001079;0;7;0;0.0;2.0;1.0;1.0;B02
1587;201300001080;0;7;0;2.0;0.0;2.0;1.0;A01
1588;201300001081;0;30;0;13.0;0.0;1.0;14.0;A01
1589;201300001082;0;7;0;0.0;2.0;1.0;9.0;A01
1590;201300001082;0;2;0;0.0;2.0;7.0;9.0;B02
1591;201300001083;0;7;0;0.0;1.0;7.0;2.0;A01
1592;201300001083;0;7;0;2.0;0.0;1.0;13.0;B02
1593;201300001084;0;7;0;6.0;0.0;3.0;1.0;A01
1594;201300001084;0;10;0;0.0;0.0;8.0;1.0;B02
1595;201300001086;0;10;0;0.0;2.0;5.0;19.0;A01
1596;201300001086;0;2;0;0.0;2.0;1.0;1.0;B02
1597;201300001087;0;10;0;0.0;2.0;3.0;1.0;A01
1598;201300001087;0;31;0;0.0;2.0;1.0;0.0;B02
1599;201300001088;0;7;0;0.0;1.0;1.0;1.0;A01
1600;201300001089;0;7;0;0.0;2.0;8.0;13.0;B02
1601;201300001089;0;7;0;0.0;2.0;1.0;1.0;A01
1602;201300001090;0;7;0;0.0;1.0;1.0;1.0;A01
1603;201300001091;0;7;0;0.0;2.0;3.0;19.0;A01
1604;201300001091;0;33;0;0.0;2.0;1.0;2.0;B02
1605;201300001092;0;30;0;12.0;0.0;1.0;1.0;A01
1606;201300001093;0;7;0;6.0;0.0;1.0;1.0;A01
1607;201300001094;0;7;0;0.0;2.0;3.0;14.0;A01
1608;201300001094;0;33;0;0.0;2.0;1.0;13.0;B02
1609;201300001095;0;7;0;16.0;0.0;9.0;1.0;A01
1610;201300001096;0;31;0;0.0;2.0;1.0;1.0;A01
1611;201300001096;0;10;0;0.0;2.0;2.0;19.0;B02
1612;201300001097;0;7;0;16.0;0.0;9.0;1.0;A01
1613;201300001098;0;35;0;6.0;0.0;1.0;5.0;A01
1614;201300001099;0;7;0;0.0;2.0;7.0;15.0;A01
1615;201300001099;0;33;0;0.0;2.0;1.0;1.0;B02
1616;201300001100;0;7;0;0.0;0.0;2.0;16.0;A01
1617;201300001100;0;30;0;0.0;2.0;1.0;1.0;B02
1618;201300001101;0;31;0;0.0;2.0;1.0;2.0;A01
1619;201300001101;0;7;0;0.0;2.0;5.0;2.0;B02
1620;201300001102;0;7;0;0.0;0.0;1.0;1.0;A01
1621;201300001102;0;31;0;0.0;0.0;1.0;1.0;B02
1622;201300001103;0;7;0;0.0;2.0;1.0;5.0;A01
1623;201300001103;0;7;0;0.0;2.0;1.0;1.0;B02
1624;201300001104;0;7;0;0.0;0.0;3.0;0.0;A01
1625;201300001104;0;30;0;0.0;0.0;1.0;1.0;B02
1626;201300001105;0;7;0;0.0;1.0;3.0;1.0;A01
1627;201300001106;0;7;0;0.0;1.0;2.0;1.0;A01
1628;201300001107;0;10;0;12.0;0.0;7.0;21.0;A01
1629;201300001108;0;7;0;0.0;2.0;3.0;15.0;A01
1630;201300001108;0;7;0;11.0;2.0;3.0;1.0;B02
1631;201300001109;0;7;0;0.0;1.0;1.0;1.0;A01
1632;201300001110;0;7;0;0.0;2.0;8.0;19.0;A01
1633;201300001110;0;33;0;0.0;2.0;1.0;1.0;B02
1634;201300001111;0;7;0;0.0;2.0;1.0;13.0;A01
1635;201300001111;0;7;0;0.0;2.0;1.0;1.0;B02
1636;201300001113;0;7;0;6.0;0.0;3.0;0.0;A01
1637;201300001115;0;7;0;0.0;2.0;1.0;13.0;A01
1638;201300001115;0;10;0;0.0;2.0;1.0;1.0;B02
1639;201300001116;0;7;0;0.0;2.0;3.0;1.0;A01
1640;201300001116;0;7;0;0.0;2.0;1.0;13.0;B02
1641;201300001117;0;33;0;15.0;0.0;1.0;1.0;A01
1642;201300001118;0;7;0;0.0;0.0;6.0;9.0;A01
1643;201300001118;0;7;0;0.0;2.0;1.0;1.0;B02
1644;201300001119;0;7;0;13.0;0.0;3.0;1.0;A01
1645;201300001120;0;7;0;10.0;0.0;1.0;1.0;A01
1646;201300001121;2;21;0;0.0;2.0;6.0;1.0;A01
1647;201300001121;0;1;0;0.0;2.0;3.0;1.0;B02
1648;201300001122;0;7;0;0.0;1.0;3.0;15.0;A01
1649;201300001123;0;2;0;6.0;2.0;7.0;17.0;A01
1650;201300001123;0;7;0;0.0;2.0;8.0;15.0;B02
1651;201300001124;0;7;0;0.0;0.0;8.0;1.0;B02
1652;201300001124;0;7;0;0.0;2.0;1.0;15.0;A01
1653;201300001125;0;15;0;0.0;2.0;1.0;2.0;B02
1654;201300001125;0;7;0;0.0;2.0;4.0;2.0;A01
1655;201300001126;0;7;0;0.0;2.0;3.0;6.0;A01
1656;201300001126;0;7;0;0.0;2.0;3.0;1.0;B02
1657;201300001128;0;7;0;0.0;2.0;3.0;1.0;A01
1658;201300001128;0;7;0;0.0;2.0;3.0;1.0;B02
1659;201300001129;0;30;0;0.0;2.0;6.0;16.0;A01
1660;201300001129;0;7;0;0.0;2.0;3.0;1.0;B02
1661;201300001130;0;7;0;0.0;2.0;1.0;2.0;A01
1662;201300001130;0;7;0;0.0;2.0;4.0;23.0;B02
1663;201300001131;0;7;0;13.0;0.0;9.0;1.0;A01
1664;201300001133;0;7;0;0.0;1.0;2.0;1.0;A01
1665;201300001134;0;7;0;0.0;2.0;8.0;9.0;A01
1666;201300001134;0;7;0;0.0;2.0;2.0;1.0;B02
1667;201300001135;0;7;0;0.0;2.0;1.0;1.0;A01
1668;201300001135;0;7;0;0.0;2.0;1.0;1.0;B02
1669;201300001136;0;31;0;6.0;0.0;1.0;1.0;A01
1670;201300001137;0;33;0;0.0;0.0;5.0;1.0;A01
1671;201300001137;0;33;0;0.0;2.0;3.0;2.0;B02
1672;201300001139;0;7;0;0.0;2.0;1.0;1.0;B02
1673;201300001139;0;7;0;0.0;2.0;1.0;15.0;A01
1674;201300001140;0;7;0;0.0;2.0;2.0;17.0;A01
1675;201300001140;0;7;0;0.0;2.0;8.0;15.0;B02
1676;201300001141;0;99;0;0.0;2.0;0.0;1.0;A01
1677;201300001141;0;10;0;0.0;2.0;1.0;1.0;B02
1678;201300001142;0;7;0;13.0;0.0;9.0;1.0;A01
1679;201300001143;0;7;0;0.0;2.0;2.0;15.0;B02
1680;201300001143;0;30;0;0.0;2.0;1.0;1.0;A01
1681;201300001144;0;7;0;0.0;2.0;8.0;19.0;A01
1682;201300001144;0;7;0;0.0;2.0;1.0;1.0;B02
1683;201300001145;0;7;0;0.0;0.0;6.0;15.0;A01
1684;201300001145;0;33;0;0.0;2.0;1.0;1.0;B02
1685;201300001146;0;7;0;0.0;1.0;2.0;1.0;A01
1686;201300001147;0;7;0;2.0;0.0;2.0;1.0;A01
1687;201300001148;0;7;0;13.0;0.0;1.0;1.0;A01
1688;201300001149;0;7;0;0.0;0.0;3.0;15.0;A01
1689;201300001149;0;2;0;0.0;0.0;0.0;1.0;B02
1690;201300001150;0;7;0;0.0;0.0;0.0;19.0;A01
1691;201300001150;0;33;0;16.0;0.0;7.0;21.0;B02
1692;201300001151;0;33;0;0.0;2.0;3.0;0.0;A01
1693;201300001151;1;7;0;0.0;2.0;3.0;0.0;B02
1694;201300001152;0;21;0;0.0;2.0;3.0;1.0;B02
1695;201300001152;0;7;0;0.0;2.0;3.0;1.0;A01
1696;201300001153;0;7;0;0.0;2.0;8.0;13.0;A01
1697;201300001153;0;14;0;0.0;2.0;1.0;1.0;B02
1698;201300001154;0;7;0;0.0;2.0;1.0;1.0;B02
1699;201300001154;0;7;0;13.0;2.0;5.0;1.0;A01
1700;201300001155;0;1;0;0.0;2.0;2.0;15.0;B02
1701;201300001155;0;7;0;0.0;9.0;3.0;9.0;A01
1702;201300001156;0;7;0;0.0;2.0;3.0;16.0;A01
1703;201300001156;0;7;0;0.0;2.0;3.0;1.0;B02
1704;201300001158;1;7;0;0.0;1.0;2.0;1.0;A01
1705;201300001159;0;2;0;0.0;2.0;1.0;13.0;A01
1706;201300001159;0;7;0;13.0;2.0;3.0;14.0;B02
1707;201300001160;0;7;0;0.0;2.0;1.0;1.0;B02
1708;201300001160;0;7;0;0.0;2.0;7.0;13.0;A01
1709;201300001161;0;7;0;13.0;0.0;2.0;14.0;A01
1710;201300001162;0;7;0;8.0;0.0;7.0;1.0;A01
1711;201300001163;0;7;0;0.0;2.0;5.0;4.0;A01
1712;201300001163;0;32;0;0.0;2.0;1.0;1.0;B02
1713;201300001164;0;10;0;0.0;2.0;3.0;15.0;A01
1714;201300001164;0;1;0;0.0;2.0;1.0;1.0;B02
1715;201300001165;0;7;0;13.0;0.0;1.0;1.0;A01
1716;201300001166;0;2;0;0.0;2.0;1.0;1.0;B02
1717;201300001166;0;7;0;0.0;2.0;1.0;17.0;A01
1718;201300001167;0;1;0;0.0;2.0;3.0;2.0;A01
1719;201300001167;0;10;0;0.0;9.0;5.0;17.0;B02
1720;201300001168;0;7;0;13.0;0.0;3.0;13.0;A01
1721;201300001169;0;7;0;6.0;0.0;1.0;1.0;A01
1722;201300001170;0;7;0;0.0;2.0;1.0;0.0;C03
1723;201300001170;0;7;0;0.0;2.0;3.0;1.0;A01
1724;201300001170;0;7;0;0.0;2.0;2.0;0.0;B02
1725;201300001171;0;10;0;8.0;0.0;3.0;15.0;A01
1726;201300001172;0;7;0;0.0;2.0;6.0;1.0;B02
1727;201300001172;0;1;0;0.0;2.0;1.0;19.0;A01
1728;201300001173;0;10;0;0.0;2.0;1.0;1.0;B02
1729;201300001173;0;30;0;0.0;2.0;1.0;13.0;A01
1730;201300001174;0;7;0;0.0;2.0;3.0;1.0;A01
1731;201300001174;0;30;0;0.0;2.0;2.0;19.0;B02
1732;201300001175;0;7;0;0.0;2.0;3.0;15.0;A01
1733;201300001175;0;10;0;0.0;2.0;2.0;1.0;B02
1734;201300001176;0;7;0;0.0;2.0;4.0;0.0;B02
1735;201300001176;0;7;0;0.0;2.0;1.0;1.0;A01
1736;201300001177;0;7;0;13.0;0.0;3.0;1.0;A01
1737;201300001178;0;7;0;0.0;1.0;3.0;1.0;A01
1738;201300001179;0;31;0;0.0;2.0;1.0;1.0;B02
1739;201300001179;0;10;0;0.0;2.0;8.0;15.0;A01
1740;201300001180;0;7;0;9.0;0.0;8.0;1.0;A01
1741;201300001181;0;7;0;6.0;0.0;1.0;0.0;A01