;Num_Acc;senc;catv;occutc;obs;obsm;choc;manv;num_veh
2601;201300001760;0;7;0;0.0;2.0;3.0;1.0;A01
2602;201300001760;2;7;0;0.0;2.0;1.0;16.0;B02
2603;201300001761;0;7;0;0.0;1.0;1.0;1.0;A01
2604;201300001762;0;1;0;0.0;2.0;8.0;1.0;A01
2605;201300001762;0;7;0;0.0;2.0;1.0;1.0;B02
2606;201300001763;0;10;0;0.0;2.0;2.0;17.0;B02
2607;201300001763;0;30;0;0.0;2.0;3.0;15.0;A01
2608;201300001764;0;7;0;0.0;1.0;3.0;15.0;A01
2609;201300001765;0;7;0;0.0;2.0;1.0;15.0;A01
2610;201300001765;0;33;0;6.0;2.0;1.0;1.0;B02
2611;201300001766;0;33;0;0.0;0.0;1.0;1.0;B02
2612;201300001766;0;33;0;0.0;0.0;3.0;15.0;A01
2613;201300001767;0;14;0;0.0;2.0;4.0;1.0;B02
2614;201300001767;0;2;0;0.0;2.0;1.0;1.0;A01
2615;201300001768;0;7;0;0.0;2.0;3.0;1.0;A01
2616;201300001768;0;21;0;0.0;2.0;3.0;1.0;B02
2617;201300001769;0;7;0;0.0;2.0;8.0;13.0;A01
2618;201300001769;0;7;0;0.0;2.0;1.0;1.0;B02
2619;201300001769;0;7;0;0.0;2.0;1.0;1.0;C03
2620;201300001770;0;7;0;16.0;0.0;0.0;1.0;A01
2621;201300001771;0;33;0;0.0;0.0;7.0;1.0;A01
2622;201300001772;0;7;0;0.0;2.0;1.0;1.0;A01
2623;201300001772;0;14;0;0.0;2.0;1.0;1.0;B02
2624;201300001773;0;7;0;13.0;2.0;1.0;1.0;B02
2625;201300001773;0;30;0;0.0;2.0;4.0;15.0;A01
2626;201300001774;0;7;0;0.0;2.0;7.0;1.0;B02
2627;201300001774;0;7;0;0.0;2.0;1.0;1.0;A01
2628;201300001775;0;7;0;0.0;2.0;3.0;0.0;B02
2629;201300001775;0;7;0;0.0;2.0;1.0;15.0;A01
2630;201300001775;0;7;0;0.0;2.0;8.0;23.0;C03
2631;201300001776;0;7;0;0.0;2.0;7.0;13.0;A01
2632;201300001776;0;7;0;0.0;2.0;1.0;1.0;B02
2633;201300001778;0;7;0;0.0;2.0;1.0;0.0;B02
2634;201300001778;0;7;0;0.0;2.0;2.0;1.0;A01
2635;201300001779;0;10;0;3.0;0.0;1.0;1.0;A01
2636;201300001781;0;10;0;0.0;1.0;1.0;1.0;A01
2637;201300001782;0;10;0;0.0;1.0;3.0;1.0;A01
2638;201300001784;0;7;0;0.0;2.0;2.0;1.0;B02
2639;201300001784;0;1;0;0.0;2.0;8.0;19.0;A01
2640;201300001785;0;31;0;0.0;2.0;1.0;1.0;B02
2641;201300001785;0;7;0;0.0;2.0;7.0;19.0;A01
2642;201300001786;0;1;0;0.0;2.0;8.0;2.0;B02
2643;201300001786;0;33;0;0.0;9.0;7.0;2.0;A01
2644;201300001787;0;2;0;12.0;0.0;1.0;1.0;A01
2645;201300001788;0;7;0;13.0;0.0;4.0;23.0;B02
2646;201300001788;0;13;0;0.0;2.0;1.0;1.0;A01
2647;201300001789;0;7;0;0.0;2.0;3.0;13.0;A01
2648;201300001789;0;7;0;0.0;2.0;3.0;1.0;B02
2649;201300001791;0;7;0;0.0;2.0;1.0;1.0;B02
2650;201300001791;0;10;0;0.0;2.0;1.0;13.0;A01
2651;201300001792;0;7;0;0.0;1.0;1.0;1.0;A01
2652;201300001794;0;33;0;0.0;2.0;8.0;1.0;A01
2653;201300001794;0;7;0;0.0;2.0;1.0;19.0;B02
2654;201300001795;0;2;0;0.0;2.0;7.0;1.0;B02
2655;201300001795;0;7;0;0.0;2.0;1.0;1.0;A01
2656;201300001796;0;7;0;0.0;2.0;2.0;15.0;A01
2657;201300001796;0;2;0;0.0;2.0;1.0;1.0;B02
2658;201300001797;0;7;0;0.0;2.0;1.0;14.0;A01
2659;201300001797;0;7;0;0.0;2.0;4.0;1.0;B02
2660;201300001798;0;7;0;0.0;2.0;1.0;1.0;A01
2661;201300001798;0;7;0;0.0;2.0;1.0;15.0;B02
2662;201300001799;0;15;0;0.0;2.0;1.0;1.0;B02
2663;201300001799;0;10;0;0.0;2.0;2.0;13.0;A01
2664;201300001799;0;7;0;13.0;0.0;3.0;21.0;C03
2665;201300001800;0;1;0;0.0;2.0;4.0;1.0;B02
2666;201300001800;0;1;0;0.0;2.0;4.0;1.0;C03
2667;201300001800;0;7;0;0.0;2.0;2.0;1.0;A01
2668;201300001801;0;7;0;0.0;2.0;3.0;2.0;A01
2669;201300001801;0;7;0;0.0;2.0;6.0;15.0;B02
2670;201300001802;0;10;0;0.0;2.0;3.0;1.0;B02
2671;201300001802;0;7;0;0.0;2.0;1.0;5.0;A01
2672;201300001803;0;33;0;0.0;2.0;1.0;17.0;A01
2673;201300001803;0;7;0;0.0;2.0;6.0;15.0;B02
2674;201300001804;0;7;0;0.0;2.0;2.0;1.0;A01
2675;201300001804;0;1;0;0.0;2.0;7.0;19.0;B02
2676;201300001805;0;7;0;0.0;2.0;1.0;1.0;A01
2677;201300001805;0;7;0;0.0;2.0;3.0;1.0;B02
2678;201300001807;0;33;0;0.0;2.0;3.0;1.0;B02
2679;201300001807;0;7;0;0.0;2.0;3.0;13.0;A01
2680;201300001808;0;1;0;0.0;0.0;7.0;19.0;A01
2681;201300001808;0;30;0;0.0;2.0;1.0;21.0;B02
2682;201300001809;0;7;0;0.0;1.0;3.0;1.0;A01
2683;201300001810;0;7;0;0.0;0.0;1.0;2.0;A01
2684;201300001811;0;33;0;14.0;0.0;0.0;1.0;A01
2685;201300001812;0;7;0;13.0;0.0;1.0;1.0;A01
2686;201300001813;0;10;0;0.0;2.0;3.0;15.0;A01
2687;201300001813;0;30;0;0.0;2.0;8.0;1.0;B02
2688;201300001814;0;7;0;0.0;2.0;3.0;1.0;A01
2689;201300001814;0;33;0;0.0;2.0;1.0;1.0;B02
2690;201300001815;0;7;0;0.0;1.0;1.0;1.0;A01
2691;201300001817;0;7;0;0.0;2.0;1.0;1.0;B02
2692;201300001817;0;7;0;0.0;2.0;2.0;13.0;A01
2693;201300001818;0;38;1;0.0;2.0;3.0;1.0;B02
2694;201300001818;0;30;0;0.0;2.0;1.0;1.0;A01
2695;201300001819;0;7;0;6.0;0.0;2.0;1.0;A01
2696;201300001820;0;7;0;0.0;2.0;3.0;15.0;A01
2697;201300001820;0;7;0;0.0;2.0;1.0;1.0;B02
2698;201300001821;0;7;0;0.0;2.0;1.0;1.0;A01
2699;201300001821;0;7;0;0.0;2.0;1.0;1.0;B02
2700;201300001822;0;33;0;0.0;2.0;1.0;1.0;A01
2701;201300001822;0;7;0;0.0;2.0;3.0;15.0;B02
2702;201300001823;0;14;0;0.0;2.0;3.0;1.0;B02
2703;201300001823;0;7;0;0.0;2.0;3.0;13.0;A01
2704;201300001824;0;7;0;0.0;2.0;1.0;13.0;A01
2705;201300001824;0;7;0;0.0;2.0;3.0;1.0;B02
2706;201300001825;0;7;0;0.0;2.0;3.0;13.0;A01
2707;201300001825;0;7;0;0.0;2.0;1.0;1.0;B02
2708;201300001826;0;7;0;13.0;0.0;1.0;1.0;A01
2709;201300001827;0;7;0;0.0;2.0;2.0;17.0;A01
2710;201300001827;0;33;0;0.0;2.0;1.0;1.0;B02
2711;201300001828;0;33;0;0.0;2.0;1.0;21.0;A01
2712;201300001828;0;7;0;0.0;2.0;3.0;19.0;B02
2713;201300001829;0;7;0;13.0;0.0;2.0;1.0;A01
2714;201300001830;0;7;0;0.0;2.0;3.0;13.0;A01
2715;201300001830;0;7;0;0.0;2.0;3.0;1.0;B02
2716;201300001831;0;7;0;0.0;2.0;5.0;15.0;B02
2717;201300001831;0;31;0;0.0;2.0;3.0;2.0;A01
2718;201300001832;0;7;0;0.0;2.0;8.0;19.0;A01
2719;201300001832;0;33;0;0.0;2.0;1.0;1.0;B02
2720;201300001833;0;7;0;1.0;0.0;8.0;19.0;A01
2721;201300001834;0;7;0;2.0;0.0;1.0;13.0;A01
2722;201300001835;0;7;0;0.0;2.0;3.0;19.0;B02
2723;201300001835;0;30;0;0.0;2.0;2.0;1.0;A01
2724;201300001836;0;7;0;0.0;2.0;1.0;1.0;A01
2725;201300001836;0;1;0;0.0;2.0;1.0;19.0;B02
2726;201300001837;0;7;0;0.0;1.0;2.0;1.0;A01
2727;201300001838;0;30;0;0.0;2.0;1.0;19.0;A01
2728;201300001838;0;7;0;0.0;2.0;8.0;1.0;B02
2729;201300001839;0;7;0;2.0;0.0;3.0;0.0;A01
2730;201300001840;0;10;0;0.0;2.0;3.0;1.0;B02
2731;201300001840;0;7;0;0.0;2.0;3.0;13.0;A01
2732;201300001841;0;7;0;0.0;1.0;2.0;1.0;A01
2733;201300001842;0;30;0;0.0;2.0;1.0;1.0;A01
2734;201300001842;0;7;0;0.0;0.0;4.0;16.0;B02
2735;201300001843;0;7;0;0.0;2.0;2.0;16.0;B02
2736;201300001843;0;33;0;0.0;2.0;3.0;2.0;A01
2737;201300001844;0;7;0;0.0;2.0;2.0;1.0;B02
2738;201300001844;0;7;0;0.0;2.0;3.0;19.0;A01
2739;201300001845;0;33;0;8.0;0.0;1.0;1.0;A01
2740;201300001846;0;7;0;2.0;0.0;1.0;1.0;A01
2741;201300001847;0;30;0;0.0;0.0;0.0;1.0;A01
2742;201300001848;0;7;0;0.0;1.0;1.0;1.0;A01
2743;201300001849;0;7;0;8.0;0.0;1.0;1.0;A01
2744;201300001850;0;7;0;0.0;2.0;6.0;15.0;B02
2745;201300001850;0;14;0;0.0;2.0;2.0;1.0;A01
2746;201300001851;0;7;0;0.0;2.0;2.0;1.0;A01
2747;201300001851;0;2;0;0.0;0.0;4.0;1.0;B02
2748;201300001852;0;7;0;0.0;2.0;7.0;1.0;B02
2749;201300001852;0;30;0;0.0;2.0;1.0;15.0;A01
2750;201300001853;0;7;0;13.0;0.0;1.0;14.0;A01
2751;201300001855;0;1;0;0.0;2.0;7.0;13.0;B02
2752;201300001855;0;7;0;0.0;2.0;3.0;1.0;A01
2753;201300001856;0;7;0;0.0;2.0;1.0;13.0;A01
2754;201300001856;0;7;0;0.0;2.0;0.0;21.0;B02
2755;201300001857;0;7;0;0.0;2.0;3.0;13.0;A01
2756;201300001857;0;7;0;0.0;2.0;3.0;1.0;C03
2757;201300001857;0;7;0;0.0;2.0;8.0;21.0;B02
2758;201300001858;0;7;0;0.0;2.0;3.0;19.0;A01
2759;201300001858;0;33;0;0.0;2.0;1.0;1.0;B02
2760;201300001859;0;33;0;0.0;2.0;1.0;1.0;A01
2761;201300001859;0;7;0;0.0;2.0;5.0;19.0;B02
2762;201300001860;0;2;0;0.0;2.0;1.0;1.0;B02
2763;201300001860;0;7;0;0.0;2.0;3.0;16.0;A01
2764;201300001862;0;7;0;8.0;2.0;1.0;1.0;A01
2765;201300001862;0;7;0;0.0;2.0;4.0;1.0;B02
2766;201300001863;0;7;0;0.0;2.0;1.0;9.0;B02
2767;201300001863;0;2;0;0.0;2.0;7.0;1.0;A01
2768;201300001864;0;7;0;0.0;1.0;7.0;1.0;A01
2769;201300001865;0;7;0;0.0;2.0;2.0;15.0;A01
2770;201300001865;0;2;0;0.0;2.0;1.0;1.0;B02
2771;201300001866;0;7;0;0.0;1.0;7.0;1.0;A01
2772;201300001867;0;7;0;0.0;2.0;3.0;1.0;A01
2773;201300001867;0;7;0;0.0;2.0;1.0;2.0;C03
2774;201300001867;0;30;0;0.0;2.0;2.0;15.0;B02
2775;201300001868;0;30;0;0.0;2.0;1.0;1.0;B02
2776;201300001868;0;31;0;0.0;2.0;7.0;15.0;A01
2777;201300001869;2;10;0;0.0;2.0;1.0;2.0;A01
2778;201300001869;0;30;0;0.0;2.0;4.0;2.0;B02
2779;201300001869;0;7;0;0.0;0.0;4.0;2.0;C03
2780;201300001873;0;1;0;0.0;0.0;7.0;1.0;B02
2781;201300001873;0;7;0;0.0;2.0;1.0;19.0;A01
2782;201300001874;0;32;0;0.0;2.0;1.0;2.0;B02
2783;201300001874;1;14;0;0.0;2.0;4.0;1.0;A01
2784;201300001875;0;7;0;0.0;2.0;2.0;1.0;A01
2785;201300001875;0;30;0;0.0;2.0;1.0;1.0;B02
2786;201300001876;0;7;0;8.0;0.0;8.0;17.0;A01
2787;201300001877;0;3;0;0.0;2.0;1.0;17.0;A01
2788;201300001877;0;7;0;0.0;2.0;3.0;0.0;B02
2789;201300001879;0;38;0;0.0;2.0;8.0;1.0;B02
2790;201300001879;0;30;0;0.0;2.0;2.0;9.0;A01
2791;201300001880;0;7;0;0.0;2.0;5.0;15.0;B02
2792;201300001880;0;10;0;0.0;2.0;3.0;2.0;A01
2793;201300001881;0;2;0;0.0;2.0;7.0;1.0;B02
2794;201300001881;0;17;0;0.0;2.0;3.0;1.0;A01
2795;201300001882;0;14;0;13.0;0.0;3.0;17.0;A01
2796;201300001883;0;7;0;16.0;0.0;9.0;14.0;A01
2797;201300001884;0;7;0;0.0;2.0;3.0;1.0;A01
2798;201300001884;0;7;0;0.0;2.0;2.0;15.0;B02
2799;201300001885;0;7;0;0.0;2.0;2.0;15.0;A01
2800;201300001885;0;7;0;0.0;2.0;3.0;1.0;B02
2801;201300001887;0;10;0;0.0;2.0;1.0;1.0;A01
2802;201300001887;0;1;0;0.0;2.0;7.0;1.0;B02
2803;201300001888;0;7;0;0.0;2.0;3.0;19.0;A01
2804;201300001888;0;33;0;0.0;2.0;1.0;1.0;B02
2805;201300001889;0;30;0;0.0;1.0;1.0;1.0;A01
2806;201300001890;0;7;0;0.0;2.0;3.0;13.0;A01
2807;201300001890;0;7;0;0.0;2.0;2.0;1.0;B02
2808;201300001890;0;7;0;0.0;2.0;1.0;1.0;C03
2809;201300001891;0;7;0;0.0;2.0;6.0;21.0;B02
2810;201300001891;0;30;0;0.0;2.0;1.0;13.0;A01
2811;201300001893;0;31;0;0.0;2.0;1.0;13.0;A01
2812;201300001893;0;7;0;0.0;2.0;3.0;1.0;B02
2813;201300001894;0;7;0;0.0;2.0;1.0;13.0;A01
2814;201300001894;0;7;0;0.0;2.0;1.0;1.0;B02
2815;201300001894;0;7;0;6.0;0.0;1.0;1.0;C03
2816;201300001896;0;33;0;0.0;2.0;1.0;1.0;B02
2817;201300001896;0;7;0;0.0;2.0;7.0;19.0;A01
2818;201300001898;0;7;0;0.0;2.0;7.0;15.0;A01
2819;201300001898;0;7;0;0.0;2.0;1.0;1.0;B02
2820;201300001898;0;10;0;0.0;2.0;3.0;23.0;C03
2821;201300001899;0;1;0;0.0;0.0;6.0;13.0;A01
2822;201300001899;0;7;0;0.0;9.0;3.0;21.0;B02
2823;201300001899;0;7;0;0.0;9.0;8.0;0.0;C03
2824;201300001900;0;33;0;0.0;0.0;1.0;1.0;A01
2825;201300001901;0;14;0;0.0;2.0;1.0;13.0;A01
2826;201300001901;0;14;0;0.0;2.0;1.0;1.0;B02
2827;201300001901;0;14;0;0.0;2.0;3.0;1.0;C03
2828;201300001902;0;7;0;0.0;2.0;1.0;1.0;B02
2829;201300001902;0;7;0;0.0;2.0;8.0;19.0;A01
2830;201300001904;0;7;0;2.0;0.0;1.0;1.0;A01
2831;201300001905;0;7;0;0.0;2.0;4.0;23.0;A01
2832;201300001905;0;2;0;1.0;0.0;1.0;1.0;B02
2833;201300001906;0;7;0;0.0;0.0;2.0;1.0;B02
2834;201300001906;0;3;0;0.0;2.0;2.0;15.0;A01
2835;201300001907;0;32;0;0.0;2.0;2.0;13.0;A01
2836;201300001907;0;7;0;0.0;2.0;1.0;1.0;B02
2837;201300001908;0;33;0;0.0;2.0;1.0;1.0;A01
2838;201300001908;0;7;0;0.0;2.0;1.0;15.0;B02
2839;201300001910;0;7;0;0.0;2.0;1.0;13.0;A01
2840;201300001910;0;7;0;0.0;2.0;1.0;1.0;B02
2841;201300001911;0;7;0;0.0;4.0;9.0;13.0;A01
2842;201300001911;0;39;480;0.0;2.0;1.0;1.0;B02
2843;201300001912;0;31;0;16.0;0.0;1.0;1.0;A01
2844;201300001913;0;7;0;0.0;2.0;1.0;0.0;B02
2845;201300001913;0;7;0;0.0;2.0;1.0;0.0;A01
2846;201300001914;0;7;0;0.0;2.0;1.0;21.0;B02
2847;201300001914;0;13;0;0.0;2.0;1.0;1.0;C03
2848;201300001914;0;7;0;0.0;0.0;0.0;17.0;A01
2849;201300001915;0;7;0;2.0;0.0;2.0;1.0;A01
2850;201300001916;0;7;0;0.0;1.0;2.0;1.0;A01
2851;201300001917;0;33;0;15.0;0.0;7.0;1.0;A01
2852;201300001918;0;7;0;8.0;0.0;7.0;1.0;A01
2853;201300001919;0;7;0;0.0;2.0;3.0;13.0;A01
2854;201300001919;0;7;0;0.0;2.0;3.0;0.0;B02
2855;201300001920;0;2;0;0.0;2.0;1.0;1.0;A01
2856;201300001920;0;38;1;0.0;2.0;6.0;16.0;B02
2857;201300001921;0;7;0;0.0;1.0;1.0;1.0;A01
2858;201300001923;0;21;0;13.0;0.0;0.0;1.0;A01
2859;201300001924;0;7;0;0.0;2.0;5.0;17.0;A01
2860;201300001924;0;7;0;0.0;0.0;6.0;1.0;B02
2861;201300001925;0;7;0;0.0;2.0;2.0;15.0;A01
2862;201300001925;0;33;0;0.0;2.0;1.0;1.0;B02
2863;201300001926;0;7;0;0.0;2.0;3.0;9.0;A01
2864;201300001926;0;1;0;0.0;2.0;4.0;1.0;B02
2865;201300001927;0;7;0;0.0;0.0;3.0;15.0;A01
2866;201300001927;0;33;0;0.0;0.0;8.0;1.0;B02
2867;201300001928;0;7;0;7.0;0.0;1.0;1.0;A01
2868;201300001929;0;14;0;0.0;2.0;2.0;1.0;A01
2869;201300001929;0;7;0;0.0;2.0;7.0;19.0;B02
2870;201300001930;0;7;0;0.0;2.0;3.0;1.0;A01
2871;201300001930;0;7;0;0.0;2.0;3.0;1.0;B02
2872;201300001931;0;7;0;0.0;1.0;3.0;1.0;A01
2873;201300001932;0;7;0;0.0;2.0;1.0;1.0;A01
2874;201300001932;0;30;0;0.0;2.0;1.0;15.0;B02
2875;201300001933;0;33;0;0.0;0.0;8.0;1.0;A01
2876;201300001934;0;7;0;0.0;0.0;3.0;15.0;A01
2877;201300001934;0;30;0;0.0;0.0;0.0;1.0;B02
2878;201300001935;0;33;0;13.0;0.0;1.0;1.0;A01
2879;201300001937;0;7;0;0.0;2.0;3.0;15.0;A01
2880;201300001937;0;33;0;0.0;2.0;3.0;1.0;B02
2881;201300001938;0;33;0;0.0;2.0;1.0;17.0;A01
2882;201300001938;0;21;0;0.0;2.0;3.0;15.0;B02
2883;201300001939;0;2;0;0.0;2.0;1.0;17.0;A01
2884;201300001939;0;21;0;0.0;2.0;1.0;1.0;B02
2885;201300001940;0;33;0;12.0;0.0;1.0;1.0;A01
2886;201300001942;0;30;0;0.0;0.0;0.0;1.0;A01
2887;201300001943;0;7;0;0.0;1.0;1.0;15.0;A01
2888;201300001944;0;14;0;0.0;2.0;1.0;1.0;B02
2889;201300001944;0;7;0;0.0;2.0;8.0;15.0;A01
2890;201300001945;0;33;0;13.0;0.0;1.0;1.0;A01
2891;201300001946;0;7;0;0.0;2.0;3.0;13.0;A01
2892;201300001946;0;7;0;0.0;2.0;3.0;1.0;B02
2893;201300001947;0;7;0;0.0;2.0;2.0;21.0;A01
2894;201300001947;0;10;0;0.0;2.0;2.0;21.0;B02
2895;201300001947;0;7;0;0.0;0.0;1.0;10.0;C03
2896;201300001948;0;7;0;6.0;0.0;2.0;14.0;A01
2897;201300001949;0;7;0;2.0;9.0;2.0;1.0;A01
2898;201300001950;0;7;0;0.0;1.0;6.0;1.0;A01
2899;201300001951;0;7;0;0.0;2.0;3.0;15.0;B02
2900;201300001951;0;2;0;0.0;2.0;1.0;1.0;A01
2901;201300001952;0;7;0;0.0;2.0;1.0;1.0;A01
2902;201300001952;0;10;0;0.0;2.0;1.0;0.0;B02
2903;201300001953;0;7;0;0.0;2.0;1.0;13.0;A01
2904;201300001953;0;7;0;0.0;2.0;3.0;1.0;B02
2905;201300001954;0;7;0;0.0;2.0;2.0;13.0;A01
2906;201300001954;0;7;0;0.0;2.0;2.0;1.0;B02
2907;201300001955;0;7;0;0.0;2.0;1.0;1.0;A01
2908;201300001955;0;21;0;0.0;2.0;1.0;1.0;B02
2909;201300001956;0;7;0;13.0;0.0;1.0;1.0;A01
2910;201300001958;0;7;0;8.0;0.0;1.0;1.0;A01
2911;201300001959;0;7;0;4.0;0.0;2.0;1.0;A01
2912;201300001960;0;7;0;0.0;2.0;1.0;1.0;A01
2913;201300001960;0;17;0;0.0;2.0;1.0;1.0;B02
2914;201300001961;0;7;0;13.0;0.0;1.0;13.0;A01
2915;201300001962;0;7;0;0.0;2.0;5.0;19.0;B02
2916;201300001962;0;2;0;0.0;2.0;1.0;1.0;A01
2917;201300001963;0;30;0;0.0;0.0;1.0;1.0;A01
2918;201300001964;0;33;0;0.0;2.0;1.0;17.0;A01
2919;201300001964;0;7;0;0.0;2.0;3.0;1.0;B02
2920;201300001965;0;7;0;5.0;0.0;3.0;1.0;A01
2921;201300001967;0;7;0;10.0;0.0;1.0;1.0;A01
2922;201300001968;0;33;0;0.0;2.0;1.0;1.0;B02
2923;201300001968;1;7;0;0.0;2.0;8.0;19.0;A01
2924;201300001969;0;36;0;8.0;0.0;1.0;13.0;A01
2925;201300001970;0;33;0;0.0;2.0;1.0;1.0;B02
2926;201300001970;0;7;0;0.0;2.0;8.0;19.0;A01
2927;201300001971;0;7;0;0.0;2.0;1.0;13.0;A01
2928;201300001971;0;10;0;0.0;2.0;3.0;1.0;B02
2929;201300001972;0;7;0;0.0;2.0;1.0;15.0;A01
2930;201300001972;0;2;0;0.0;2.0;1.0;1.0;B02
2931;201300001973;0;1;0;0.0;2.0;2.0;10.0;A01
2932;201300001973;0;7;0;0.0;2.0;3.0;1.0;B02
2933;201300001974;0;7;0;8.0;0.0;8.0;1.0;A01
2934;201300001975;0;7;0;0.0;2.0;3.0;1.0;A01
2935;201300001975;0;3;0;0.0;2.0;1.0;15.0;B02
2936;201300001976;0;7;0;0.0;2.0;1.0;1.0;B02
2937;201300001976;0;7;0;0.0;2.0;7.0;19.0;A01
2938;201300001977;0;10;0;0.0;2.0;3.0;1.0;A01
2939;201300001977;0;1;0;0.0;2.0;4.0;13.0;B02
2940;201300001978;0;30;0;0.0;2.0;3.0;1.0;B02
2941;201300001978;2;7;0;0.0;2.0;3.0;1.0;A01
2942;201300001980;0;7;0;0.0;2.0;8.0;19.0;A01
2943;201300001980;0;7;0;0.0;2.0;1.0;1.0;B02
2944;201300001981;0;10;0;13.0;0.0;1.0;1.0;A01
2945;201300001982;0;7;0;0.0;2.0;3.0;1.0;B02
2946;201300001982;0;7;0;0.0;2.0;3.0;1.0;A01
2947;201300001984;0;17;0;0.0;2.0;3.0;1.0;B02
2948;201300001984;0;7;0;0.0;2.0;3.0;13.0;A01
2949;201300001985;0;7;0;6.0;0.0;1.0;1.0;A01
2950;201300001987;0;7;0;8.0;0.0;1.0;1.0;A01
2951;201300001988;0;30;0;12.0;0.0;2.0;1.0;A01
2952;201300001989;0;7;0;6.0;0.0;8.0;1.0;A01
2953;201300001990;0;7;0;0.0;0.0;0.0;1.0;A01
2954;201300001991;0;7;0;0.0;1.0;1.0;1.0;A01
2955;201300001992;0;7;0;6.0;0.0;1.0;1.0;A01
2956;201300001993;0;7;0;0.0;2.0;3.0;1.0;A01
2957;201300001993;0;17;0;0.0;2.0;8.0;15.0;B02
2958;201300001994;0;7;0;0.0;1.0;0.0;1.0;A01
2959;201300001995;0;7;0;0.0;2.0;1.0;1.0;A01
2960;201300001995;0;7;0;0.0;2.0;1.0;1.0;B02
2961;201300001996;0;7;0;8.0;0.0;2.0;1.0;A01
2962;201300001997;2;7;0;13.0;0.0;3.0;1.0;A01
2963;201300001998;0;7;0;6.0;2.0;2.0;17.0;A01
2964;201300001998;0;21;0;0.0;2.0;3.0;15.0;B02
2965;201300001999;0;7;0;0.0;2.0;8.0;15.0;A01
2966;201300001999;0;33;0;0.0;2.0;3.0;1.0;B02
2967;201300002000;0;30;0;0.0;2.0;1.0;1.0;B02
2968;201300002000;0;7;0;0.0;2.0;3.0;17.0;A01
2969;201300002002;0;7;0;13.0;0.0;1.0;1.0;A01
2970;201300002003;0;7;0;0.0;2.0;8.0;19.0;A01
2971;201300002003;0;30;0;0.0;2.0;1.0;1.0;B02
2972;201300002004;0;7;0;0.0;2.0;2.0;1.0;B02
2973;201300002004;0;7;0;0.0;2.0;3.0;19.0;A01
2974;201300002005;0;10;0;2.0;0.0;1.0;1.0;A01
2975;201300002006;0;7;0;0.0;0.0;1.0;5.0;A01
2976;201300002006;0;7;0;0.0;0.0;1.0;1.0;B02
2977;201300002007;0;15;0;0.0;1.0;7.0;2.0;A01
2978;201300002008;0;7;0;0.0;0.0;7.0;15.0;A01
2979;201300002008;0;33;0;0.0;2.0;1.0;1.0;B02
2980;201300002009;0;14;0;0.0;0.0;1.0;1.0;A01
2981;201300002009;0;7;0;0.0;2.0;8.0;1.0;B02
2982;201300002010;0;21;0;0.0;2.0;3.0;15.0;A01
2983;201300002010;0;7;0;0.0;2.0;1.0;17.0;B02
2984;201300002011;0;7;0;2.0;0.0;8.0;1.0;A01
2985;201300002012;0;30;0;0.0;0.0;2.0;16.0;A01
2986;201300002014;0;7;0;4.0;0.0;3.0;1.0;A01
2987;201300002015;0;7;0;0.0;2.0;2.0;1.0;A01
2988;201300002015;0;7;0;0.0;2.0;3.0;19.0;B02
2989;201300002016;0;7;0;0.0;1.0;6.0;9.0;A01
2990;201300002017;0;7;0;0.0;2.0;3.0;13.0;A01
2991;201300002017;0;7;0;0.0;2.0;3.0;1.0;B02
2992;201300002018;0;7;0;0.0;1.0;1.0;1.0;A01
2993;201300002019;0;30;0;0.0;0.0;1.0;1.0;A01
2994;201300002021;0;7;0;0.0;2.0;3.0;9.0;A01
2995;201300002021;0;2;0;0.0;2.0;7.0;1.0;B02
2996;201300002022;0;33;0;0.0;2.0;8.0;13.0;A01
2997;201300002022;0;20;0;0.0;2.0;8.0;1.0;B02
2998;201300002023;0;7;0;0.0;0.0;0.0;1.0;A01
2999;201300002024;0;7;0;0.0;0.0;0.0;1.0;A01
3000;201300002025;0;7;0;0.0;2.0;1.0;1.0;A01
3001;201300002025;0;7;0;0.0;2.0;8.0;10.0;B02
3002;201300002026;0;7;0;0.0;2.0;3.0;13.0;A01
3003;201300002026;0;7;0;0.0;2.0;3.0;1.0;B02
3004;201300002027;0;7;0;0.0;1.0;3.0;1.0;A01
3005;201300002028;0;33;0;0.0;2.0;1.0;1.0;B02
3006;201300002028;0;10;0;0.0;2.0;5.0;19.0;A01
3007;201300002029;0;7;0;0.0;1.0;1.0;1.0;A01
3008;201300002030;0;33;0;0.0;2.0;1.0;15.0;A01
3009;201300002030;0;7;0;0.0;2.0;3.0;1.0;B02
3010;201300002031;0;7;0;10.0;0.0;2.0;1.0;A01
3011;201300002032;0;33;0;13.0;0.0;1.0;0.0;A01
3012;201300002033;0;2;0;0.0;0.0;1.0;1.0;A01
3013;201300002033;0;20;0;0.0;0.0;1.0;0.0;B02
3014;201300002033;0;7;0;0.0;0.0;1.0;1.0;C03
3015;201300002034;0;7;0;13.0;0.0;3.0;1.0;A01
3016;201300002035;0;7;0;0.0;2.0;3.0;13.0;A01
3017;201300002035;0;7;0;0.0;2.0;3.0;1.0;B02
3018;201300002036;0;7;0;13.0;0.0;2.0;14.0;A01
3019;201300002037;0;7;0;13.0;0.0;1.0;13.0;A01
3020;201300002038;0;30;0;0.0;2.0;1.0;2.0;A01
3021;201300002038;0;10;0;0.0;2.0;5.0;2.0;B02
3022;201300002039;0;7;0;0.0;2.0;1.0;13.0;A01
3023;201300002039;0;7;0;0.0;2.0;1.0;21.0;B02
3024;201300002040;0;7;0;2.0;0.0;7.0;1.0;A01
3025;201300002041;0;15;0;0.0;2.0;1.0;1.0;A01
3026;201300002041;0;7;0;6.0;2.0;7.0;9.0;B02
3027;201300002042;0;7;0;13.0;0.0;9.0;13.0;A01
3028;201300002044;0;7;0;0.0;2.0;2.0;1.0;A01
3029;201300002044;0;1;0;0.0;2.0;3.0;19.0;B02