;Num_Acc;senc;catv;occutc;obs;obsm;choc;manv;num_veh
3030;201300002045;0;7;0;0.0;0.0;0.0;10.0;A01
3031;201300002045;0;31;0;0.0;0.0;0.0;21.0;B02
3032;201300002046;0;33;0;0.0;6.0;3.0;1.0;A01
3033;201300002047;0;7;0;0.0;2.0;1.0;1.0;A01
3034;201300002047;0;10;0;0.0;2.0;8.0;19.0;B02
3035;201300002048;0;7;0;6.0;0.0;1.0;13.0;A01
3036;201300002049;0;30;0;0.0;2.0;1.0;0.0;A01
3037;201300002049;0;7;0;0.0;2.0;3.0;0.0;B02
3038;201300002050;0;7;0;0.0;0.0;1.0;13.0;A01
3039;201300002050;0;7;0;0.0;0.0;2.0;1.0;B02
3040;201300002051;0;15;0;0.0;2.0;5.0;13.0;A01
3041;201300002051;0;15;0;0.0;2.0;1.0;1.0;B02
3042;201300002052;0;10;0;13.0;0.0;3.0;1.0;A01
3043;201300002053;0;33;0;13.0;0.0;1.0;1.0;A01
3044;201300002054;0;7;0;0.0;2.0;1.0;1.0;A01
3045;201300002054;0;7;0;0.0;2.0;1.0;1.0;B02
3046;201300002055;0;7;0;13.0;0.0;1.0;1.0;A01
3047;201300002056;0;7;0;0.0;2.0;3.0;13.0;A01
3048;201300002056;0;17;0;0.0;2.0;3.0;1.0;B02
3049;201300002057;0;7;0;0.0;2.0;3.0;13.0;A01
3050;201300002057;0;10;0;0.0;2.0;3.0;1.0;B02
3051;201300002060;0;1;0;0.0;2.0;1.0;1.0;A01
3052;201300002060;0;7;0;0.0;2.0;3.0;0.0;B02
3053;201300002061;0;2;0;0.0;2.0;7.0;1.0;A01
3054;201300002061;0;7;0;0.0;2.0;8.0;1.0;B02
3055;201300002063;0;7;0;0.0;1.0;4.0;4.0;A01
3056;201300002064;0;7;0;0.0;1.0;2.0;0.0;A01
3057;201300002065;0;7;0;0.0;1.0;2.0;1.0;A01
3058;201300002066;0;7;0;6.0;0.0;1.0;15.0;A01
3059;201300002067;0;7;0;0.0;2.0;1.0;2.0;B01
3060;201300002067;0;7;0;0.0;0.0;4.0;2.0;A01
3061;201300002069;0;30;0;0.0;0.0;2.0;1.0;A01
3062;201300002070;0;7;0;0.0;1.0;3.0;9.0;A01
3063;201300002071;0;7;0;0.0;1.0;2.0;1.0;A01
3064;201300002072;0;7;0;0.0;1.0;7.0;1.0;A01
3065;201300002073;0;7;0;0.0;1.0;1.0;1.0;A01
3066;201300002074;0;7;0;0.0;2.0;9.0;1.0;A01
3067;201300002074;0;7;0;0.0;2.0;3.0;9.0;B01
3068;201300002075;0;7;0;0.0;2.0;3.0;13.0;A01
3069;201300002075;0;7;0;0.0;2.0;1.0;1.0;B01
3070;201300002076;0;7;0;0.0;1.0;0.0;1.0;A01
3071;201300002077;0;2;0;0.0;2.0;1.0;1.0;A01
3072;201300002077;0;3;0;0.0;2.0;3.0;0.0;B01
3073;201300002078;0;7;0;0.0;1.0;2.0;1.0;A01
3074;201300002080;0;7;0;0.0;1.0;7.0;1.0;A01
3075;201300002081;0;7;0;13.0;2.0;8.0;0.0;A01
3076;201300002081;0;7;0;1.0;2.0;1.0;14.0;C01
3077;201300002081;0;7;0;1.0;2.0;4.0;24.0;B01
3078;201300002082;0;2;0;0.0;2.0;1.0;13.0;B01
3079;201300002082;0;7;0;0.0;2.0;3.0;1.0;A01
3080;201300002083;0;7;0;0.0;2.0;3.0;13.0;B02
3081;201300002083;0;7;0;0.0;2.0;6.0;1.0;A01
3082;201300002084;0;7;0;0.0;2.0;1.0;1.0;A01
3083;201300002084;0;10;0;0.0;2.0;3.0;1.0;B02
3084;201300002085;0;7;0;8.0;0.0;1.0;1.0;A01
3085;201300002086;0;7;0;0.0;2.0;1.0;1.0;B02
3086;201300002086;0;7;0;0.0;2.0;1.0;13.0;A01
3087;201300002087;0;15;0;0.0;2.0;2.0;1.0;A01
3088;201300002087;0;7;0;0.0;2.0;3.0;15.0;B02
3089;201300002088;0;7;0;7.0;0.0;1.0;1.0;A01
3090;201300002089;0;7;0;0.0;2.0;3.0;5.0;B02
3091;201300002089;0;33;0;0.0;2.0;3.0;5.0;A01
3092;201300002090;0;33;0;13.0;0.0;7.0;1.0;A01
3093;201300002091;0;1;0;0.0;2.0;8.0;19.0;B02
3094;201300002091;0;7;0;0.0;2.0;1.0;1.0;A01
3095;201300002092;0;30;0;0.0;0.0;4.0;1.0;A01
3096;201300002092;0;7;0;0.0;0.0;1.0;1.0;B02
3097;201300002093;0;37;35;0.0;1.0;7.0;11.0;A01
3098;201300002094;0;10;0;0.0;2.0;1.0;1.0;B02
3099;201300002094;0;10;0;0.0;0.0;7.0;15.0;A01
3100;201300002094;0;10;0;0.0;0.0;1.0;23.0;C03
3101;201300002095;0;7;0;0.0;2.0;3.0;1.0;A01
3102;201300002095;0;7;0;0.0;2.0;3.0;13.0;B02
3103;201300002096;0;33;0;0.0;2.0;1.0;1.0;A01
3104;201300002096;0;10;0;0.0;2.0;8.0;19.0;B02
3105;201300002097;0;7;0;0.0;2.0;3.0;1.0;B02
3106;201300002097;0;7;0;0.0;2.0;3.0;5.0;A01
3107;201300002098;0;10;0;6.0;0.0;1.0;1.0;A01
3108;201300002099;0;10;0;0.0;2.0;3.0;23.0;C03
3109;201300002099;0;32;0;0.0;2.0;1.0;1.0;B02
3110;201300002099;0;10;0;0.0;2.0;8.0;9.0;A01
3111;201300002100;0;7;0;0.0;2.0;1.0;1.0;A01
3112;201300002100;0;7;0;0.0;2.0;5.0;16.0;B02
3113;201300002101;0;7;0;0.0;2.0;3.0;15.0;B02
3114;201300002101;0;2;0;0.0;2.0;1.0;1.0;A01
3115;201300002102;0;33;0;2.0;0.0;1.0;1.0;A01
3116;201300002103;0;15;0;0.0;0.0;0.0;15.0;B02
3117;201300002103;0;33;0;0.0;2.0;9.0;17.0;A01
3118;201300002104;0;7;0;0.0;2.0;3.0;1.0;A01
3119;201300002104;0;7;0;0.0;2.0;2.0;19.0;B02
3120;201300002105;0;7;0;13.0;0.0;6.0;21.0;A01
3121;201300002107;0;7;0;0.0;2.0;3.0;23.0;B02
3122;201300002107;0;7;0;0.0;2.0;1.0;1.0;A01
3123;201300002107;0;7;0;0.0;2.0;3.0;1.0;C03
3124;201300002108;0;7;0;0.0;0.0;3.0;1.0;A01
3125;201300002110;0;7;0;0.0;2.0;2.0;1.0;A01
3126;201300002110;0;1;0;0.0;2.0;1.0;6.0;B02
3127;201300002111;0;33;0;0.0;2.0;1.0;13.0;A01
3128;201300002111;0;7;0;0.0;2.0;1.0;1.0;B02
3129;201300002112;0;15;0;13.0;0.0;1.0;1.0;A01
3130;201300002113;0;36;0;8.0;0.0;1.0;0.0;A01
3131;201300002114;0;7;0;13.0;0.0;3.0;14.0;A01
3132;201300002115;0;7;0;1.0;0.0;1.0;0.0;A01
3133;201300002116;0;7;0;0.0;2.0;3.0;1.0;B02
3134;201300002116;0;33;0;0.0;2.0;1.0;17.0;A01
3135;201300002117;0;7;0;0.0;2.0;3.0;17.0;A01
3136;201300002117;0;7;0;0.0;2.0;1.0;1.0;C03
3137;201300002117;0;7;0;0.0;2.0;3.0;1.0;B02
3138;201300002118;0;7;0;3.0;0.0;1.0;1.0;A01
3139;201300002119;0;7;0;0.0;2.0;7.0;19.0;B02
3140;201300002119;0;17;0;0.0;2.0;1.0;1.0;A01
3141;201300002120;0;7;0;13.0;0.0;8.0;1.0;A01
3142;201300002121;0;7;0;0.0;2.0;8.0;15.0;B02
3143;201300002121;0;31;0;0.0;2.0;1.0;11.0;A01
3144;201300002122;0;7;0;0.0;2.0;3.0;19.0;A01
3145;201300002122;0;33;0;0.0;2.0;1.0;1.0;B02
3146;201300002123;0;10;0;0.0;2.0;2.0;1.0;B02
3147;201300002123;0;7;0;0.0;2.0;7.0;19.0;A01
3148;201300002124;0;7;0;0.0;2.0;0.0;10.0;A01
3149;201300002124;0;7;0;0.0;2.0;2.0;1.0;B02
3150;201300002125;0;7;0;0.0;2.0;7.0;2.0;A01
3151;201300002125;0;1;0;0.0;2.0;8.0;2.0;B02
3152;201300002126;0;7;0;0.0;9.0;2.0;21.0;A01
3153;201300002126;0;1;0;0.0;2.0;8.0;1.0;B02
3154;201300002127;0;1;0;0.0;2.0;4.0;1.0;B02
3155;201300002127;0;7;0;0.0;2.0;2.0;1.0;A01
3156;201300002128;0;7;0;0.0;1.0;2.0;21.0;A01
3157;201300002129;0;33;0;0.0;2.0;0.0;0.0;A01
3158;201300002130;0;34;0;0.0;2.0;1.0;17.0;B02
3159;201300002130;0;7;0;0.0;0.0;8.0;15.0;A01
3160;201300002131;0;7;0;0.0;2.0;8.0;1.0;A01
3161;201300002131;0;2;0;0.0;2.0;1.0;19.0;B02
3162;201300002132;0;30;0;1.0;0.0;7.0;21.0;B02
3163;201300002132;0;7;0;0.0;2.0;8.0;22.0;A01
3164;201300002133;0;7;0;0.0;2.0;1.0;9.0;A01
3165;201300002133;0;1;0;0.0;2.0;4.0;1.0;B02
3166;201300002134;0;7;0;0.0;2.0;1.0;17.0;A01
3167;201300002134;0;7;0;0.0;2.0;1.0;1.0;B02
3168;201300002134;0;7;0;0.0;2.0;8.0;1.0;C03
3169;201300002135;0;7;0;2.0;0.0;1.0;1.0;A01
3170;201300002136;0;7;0;0.0;1.0;4.0;4.0;A01
3171;201300002137;0;7;0;13.0;0.0;2.0;1.0;A01
3172;201300002138;0;7;0;0.0;2.0;1.0;13.0;A01
3173;201300002138;0;7;0;0.0;2.0;3.0;1.0;B02
3174;201300002139;0;7;0;0.0;2.0;1.0;15.0;A01
3175;201300002139;0;7;0;0.0;2.0;3.0;1.0;B02
3176;201300002141;0;7;0;0.0;2.0;3.0;1.0;B02
3177;201300002141;0;7;0;0.0;2.0;3.0;13.0;A01
3178;201300002142;0;7;0;0.0;2.0;1.0;1.0;B02
3179;201300002142;0;7;0;0.0;2.0;7.0;19.0;A01
3180;201300002143;0;7;0;0.0;1.0;1.0;1.0;A01
3181;201300002144;0;7;0;8.0;2.0;1.0;13.0;A01
3182;201300002144;0;33;0;0.0;2.0;1.0;1.0;B02
3183;201300002145;0;3;0;0.0;2.0;0.0;0.0;C03
3184;201300002145;0;7;0;0.0;2.0;1.0;15.0;B02
3185;201300002145;0;30;0;0.0;2.0;1.0;15.0;A01
3186;201300002147;0;30;0;1.0;0.0;1.0;1.0;A01
3187;201300002147;0;99;0;0.0;0.0;6.0;24.0;B02
3188;201300002148;0;33;0;0.0;5.0;1.0;19.0;A01
3189;201300002149;0;30;0;0.0;2.0;8.0;1.0;A01
3190;201300002150;0;2;0;14.0;0.0;1.0;1.0;A01
3191;201300002151;0;10;0;0.0;2.0;3.0;19.0;B02
3192;201300002151;0;33;0;0.0;2.0;2.0;1.0;A01
3193;201300002152;0;10;0;0.0;2.0;7.0;1.0;A01
3194;201300002152;0;31;0;0.0;2.0;1.0;1.0;B02
3195;201300002153;0;33;0;0.0;6.0;1.0;1.0;A01
3196;201300002154;0;7;0;0.0;2.0;1.0;1.0;B02
3197;201300002154;0;7;0;0.0;2.0;1.0;1.0;A01
3198;201300002155;0;7;0;13.0;0.0;1.0;18.0;A01
3199;201300002156;0;33;0;0.0;2.0;1.0;1.0;B02
3200;201300002156;0;7;0;0.0;2.0;3.0;15.0;A01
3201;201300002157;0;7;0;10.0;0.0;1.0;1.0;A01
3202;201300002158;0;7;0;0.0;2.0;1.0;9.0;A01
3203;201300002158;0;32;0;0.0;2.0;7.0;1.0;B02
3204;201300002159;0;7;0;13.0;0.0;2.0;0.0;A01
3205;201300002160;0;7;0;0.0;9.0;6.0;9.0;B02
3206;201300002160;0;33;0;0.0;2.0;1.0;1.0;A01
3207;201300002161;0;7;0;0.0;2.0;3.0;15.0;A01
3208;201300002161;0;2;0;0.0;2.0;1.0;1.0;B02
3209;201300002162;0;7;0;0.0;2.0;6.0;15.0;A01
3210;201300002162;0;7;0;0.0;2.0;3.0;1.0;B02
3211;201300002163;0;31;0;0.0;2.0;1.0;1.0;B02
3212;201300002163;0;7;0;0.0;2.0;3.0;1.0;A01
3213;201300002164;0;7;0;0.0;1.0;4.0;23.0;A01
3214;201300002165;0;33;0;0.0;2.0;1.0;17.0;B02
3215;201300002165;0;7;0;0.0;0.0;6.0;15.0;A01
3216;201300002167;0;10;0;13.0;0.0;2.0;1.0;A01
3217;201300002168;0;10;0;0.0;2.0;3.0;17.0;A01
3218;201300002168;0;2;0;0.0;2.0;8.0;15.0;B02
3219;201300002170;0;7;0;0.0;2.0;1.0;1.0;B02
3220;201300002170;0;10;0;0.0;2.0;2.0;15.0;A01
3221;201300002171;0;7;0;0.0;2.0;1.0;1.0;B02
3222;201300002171;0;7;0;0.0;2.0;2.0;1.0;A01
3223;201300002172;0;7;0;2.0;0.0;1.0;14.0;A01
3224;201300002173;0;7;0;0.0;2.0;8.0;15.0;A01
3225;201300002173;0;10;0;0.0;2.0;1.0;1.0;B02
3226;201300002174;0;7;0;0.0;2.0;3.0;1.0;B02
3227;201300002174;0;7;0;0.0;2.0;3.0;1.0;A01
3228;201300002175;0;7;0;0.0;1.0;3.0;1.0;A01
3229;201300002176;0;7;0;2.0;0.0;2.0;14.0;A01
3230;201300002177;0;14;0;0.0;2.0;5.0;23.0;B02
3231;201300002177;0;7;0;1.0;0.0;1.0;1.0;A01
3232;201300002178;0;33;0;0.0;0.0;3.0;1.0;A01
3233;201300002180;0;7;0;0.0;2.0;6.0;16.0;B02
3234;201300002180;0;2;0;0.0;2.0;2.0;21.0;A01
3235;201300002181;0;7;0;0.0;1.0;7.0;1.0;A01
3236;201300002182;0;7;0;9.0;1.0;2.0;1.0;A01
3237;201300002183;0;10;0;0.0;1.0;2.0;1.0;A01
3238;201300002184;0;7;0;2.0;0.0;2.0;0.0;A01
3239;201300002185;0;7;0;0.0;0.0;0.0;14.0;A01
3240;201300002186;0;7;0;8.0;0.0;1.0;1.0;A01
3241;201300002187;0;7;0;2.0;0.0;2.0;13.0;A01
3242;201300002188;0;33;0;0.0;2.0;1.0;17.0;A01
3243;201300002188;0;7;0;0.0;2.0;3.0;15.0;B02
3244;201300002189;0;7;0;0.0;2.0;2.0;19.0;A01
3245;201300002189;0;7;0;1.0;0.0;8.0;23.0;C02
3246;201300002189;0;33;0;0.0;2.0;1.0;1.0;B03
3247;201300002191;0;21;0;0.0;2.0;1.0;23.0;C03
3248;201300002191;0;7;0;0.0;0.0;0.0;17.0;B02
3249;201300002191;0;33;0;0.0;2.0;8.0;17.0;A01
3250;201300002192;0;7;0;0.0;0.0;6.0;2.0;B02
3251;201300002192;0;7;0;0.0;2.0;2.0;2.0;A01
3252;201300002193;0;7;0;0.0;0.0;3.0;15.0;A01
3253;201300002193;0;33;0;0.0;2.0;1.0;2.0;B02
3254;201300002194;0;7;0;0.0;0.0;3.0;1.0;A01
3255;201300002195;0;33;0;0.0;2.0;1.0;13.0;A01
3256;201300002195;0;7;0;0.0;2.0;2.0;1.0;B02
3257;201300002196;0;7;0;1.0;0.0;3.0;1.0;A01
3258;201300002196;0;7;0;0.0;0.0;1.0;24.0;B02
3259;201300002197;0;30;0;0.0;2.0;4.0;2.0;B02
3260;201300002197;0;30;0;0.0;2.0;1.0;2.0;A01
3261;201300002198;0;2;0;1.0;0.0;1.0;1.0;A01
3262;201300002198;0;7;0;0.0;2.0;5.0;24.0;B02
3263;201300002199;0;10;0;2.0;0.0;1.0;1.0;A01
3264;201300002200;0;10;0;0.0;2.0;3.0;1.0;B02
3265;201300002200;0;15;0;0.0;2.0;2.0;1.0;A01
3266;201300002201;0;10;0;3.0;0.0;2.0;1.0;A01
3267;201300002202;0;30;0;0.0;2.0;3.0;5.0;A01
3268;201300002202;0;7;0;0.0;2.0;2.0;1.0;B02
3269;201300002203;0;7;0;4.0;1.0;1.0;13.0;A01
3270;201300002204;0;7;0;0.0;2.0;1.0;5.0;A01
3271;201300002204;0;7;0;0.0;2.0;1.0;1.0;B02
3272;201300002205;0;38;1;0.0;2.0;4.0;4.0;A01
3273;201300002205;0;7;0;0.0;2.0;2.0;1.0;B02
3274;201300002206;0;1;0;0.0;2.0;7.0;16.0;B02
3275;201300002206;0;7;0;0.0;9.0;3.0;1.0;A01
3276;201300002207;0;7;0;0.0;2.0;2.0;15.0;A01
3277;201300002207;0;1;0;0.0;2.0;1.0;1.0;B02
3278;201300002208;0;7;0;6.0;0.0;8.0;13.0;A01
3279;201300002209;0;2;0;0.0;2.0;1.0;17.0;B02
3280;201300002209;0;10;0;0.0;2.0;8.0;15.0;A01
3281;201300002210;0;7;0;13.0;0.0;1.0;0.0;A01
3282;201300002211;0;30;0;0.0;0.0;6.0;2.0;B02
3283;201300002211;0;7;0;0.0;2.0;2.0;2.0;A01
3284;201300002212;0;7;0;0.0;9.0;3.0;1.0;B02
3285;201300002212;0;1;0;0.0;2.0;3.0;5.0;A01
3286;201300002214;0;13;0;0.0;1.0;3.0;1.0;A01
3287;201300002215;0;33;0;0.0;0.0;7.0;1.0;A01
3288;201300002216;0;31;0;13.0;0.0;0.0;13.0;A01
3289;201300002217;0;33;0;7.0;0.0;1.0;2.0;A01
3290;201300002218;0;33;0;0.0;2.0;1.0;1.0;A01
3291;201300002218;0;7;0;0.0;2.0;8.0;19.0;B02
3292;201300002219;0;7;0;0.0;0.0;4.0;1.0;A01
3293;201300002219;0;33;0;0.0;2.0;1.0;1.0;B02
3294;201300002221;0;7;0;0.0;2.0;8.0;1.0;C03
3295;201300002221;0;2;0;0.0;2.0;1.0;1.0;B02
3296;201300002221;0;7;0;0.0;2.0;8.0;13.0;A01
3297;201300002222;0;1;0;0.0;2.0;1.0;9.0;B02
3298;201300002222;0;10;0;0.0;2.0;5.0;1.0;A01
3299;201300002223;0;2;0;0.0;2.0;1.0;1.0;B02
3300;201300002223;0;7;0;0.0;2.0;2.0;15.0;A01
3301;201300002224;0;7;0;0.0;9.0;8.0;1.0;A01
3302;201300002225;0;7;0;0.0;2.0;2.0;11.0;A01
3303;201300002225;0;7;0;0.0;2.0;2.0;1.0;B02
3304;201300002226;0;14;0;0.0;2.0;1.0;17.0;A01
3305;201300002226;0;15;0;0.0;2.0;1.0;1.0;B02
3306;201300002227;0;7;0;0.0;2.0;1.0;1.0;B02
3307;201300002227;0;7;0;0.0;2.0;1.0;13.0;A01
3308;201300002228;0;7;0;8.0;0.0;1.0;1.0;A01
3309;201300002229;0;30;0;0.0;0.0;4.0;2.0;B02
3310;201300002229;0;10;0;0.0;2.0;1.0;9.0;A01
3311;201300002230;0;7;0;0.0;2.0;2.0;1.0;B02
3312;201300002230;0;33;0;0.0;2.0;1.0;1.0;A01
3313;201300002231;0;10;0;2.0;0.0;1.0;1.0;A01
3314;201300002232;0;7;0;0.0;2.0;3.0;1.0;B02
3315;201300002232;0;30;0;0.0;2.0;8.0;1.0;A01
3316;201300002233;0;7;0;0.0;1.0;1.0;1.0;A01
3317;201300002235;0;1;0;0.0;0.0;4.0;1.0;B02
3318;201300002235;0;7;0;0.0;2.0;2.0;1.0;A01
3319;201300002236;0;30;0;0.0;2.0;8.0;15.0;A01
3320;201300002236;0;7;0;0.0;2.0;7.0;17.0;B02
3321;201300002237;0;7;0;16.0;0.0;2.0;14.0;A01
3322;201300002238;0;7;0;0.0;2.0;3.0;1.0;B02
3323;201300002238;0;7;0;0.0;2.0;3.0;13.0;A01
3324;201300002239;0;7;0;0.0;2.0;3.0;1.0;B02
3325;201300002239;0;7;0;0.0;2.0;2.0;13.0;A01
3326;201300002240;0;7;0;8.0;0.0;1.0;13.0;A01
3327;201300002241;0;3;0;13.0;0.0;1.0;19.0;A01
3328;201300002243;0;7;0;8.0;0.0;2.0;14.0;A01
3329;201300002244;0;7;0;0.0;2.0;3.0;1.0;B02
3330;201300002244;0;7;0;0.0;2.0;3.0;1.0;A01
3331;201300002245;0;10;0;0.0;2.0;3.0;1.0;A01
3332;201300002245;0;33;0;0.0;2.0;8.0;1.0;B02
3333;201300002246;0;7;0;0.0;9.0;2.0;1.0;A01
3334;201300002246;0;2;0;0.0;2.0;1.0;16.0;B02
3335;201300002247;0;7;0;0.0;2.0;1.0;1.0;B02
3336;201300002247;0;7;0;0.0;2.0;8.0;13.0;A01
3337;201300002248;0;10;0;0.0;1.0;3.0;1.0;A01
3338;201300002249;0;30;0;0.0;2.0;1.0;1.0;B02
3339;201300002249;0;7;0;0.0;2.0;3.0;15.0;A01
3340;201300002250;0;7;0;0.0;2.0;1.0;13.0;A01
3341;201300002250;0;7;0;0.0;2.0;1.0;1.0;B02
3342;201300002251;0;7;0;0.0;9.0;3.0;1.0;D04
3343;201300002251;0;7;0;0.0;0.0;3.0;13.0;A01
3344;201300002251;0;7;0;0.0;2.0;1.0;1.0;C03
3345;201300002251;0;7;0;0.0;2.0;3.0;1.0;B02
3346;201300002252;0;7;0;0.0;2.0;2.0;1.0;B02
3347;201300002252;0;7;0;0.0;2.0;7.0;15.0;A01
3348;201300002253;0;7;0;0.0;1.0;3.0;1.0;A01
3349;201300002254;0;30;0;1.0;0.0;1.0;2.0;A01
3350;201300002255;0;7;0;0.0;1.0;2.0;1.0;A01
3351;201300002256;0;30;0;0.0;2.0;4.0;1.0;B02
3352;201300002256;1;7;0;0.0;2.0;1.0;2.0;A01
3353;201300002257;0;7;0;2.0;0.0;1.0;14.0;A01
3354;201300002258;0;7;0;0.0;2.0;1.0;1.0;A01
3355;201300002258;0;7;0;13.0;2.0;8.0;19.0;B02
3356;201300002259;0;7;0;3.0;0.0;8.0;17.0;A01
3357;201300002260;0;7;0;0.0;1.0;3.0;15.0;A01
3358;201300002261;0;1;0;0.0;2.0;8.0;13.0;A01
3359;201300002261;0;7;0;0.0;9.0;8.0;1.0;B02
3360;201300002262;0;33;0;13.0;0.0;8.0;1.0;A01
3361;201300002263;0;10;0;2.0;0.0;7.0;2.0;A01
3362;201300002264;0;1;0;0.0;2.0;7.0;15.0;B02
3363;201300002264;0;7;0;0.0;2.0;1.0;1.0;A01
3364;201300002266;0;7;0;0.0;1.0;2.0;1.0;A01
3365;201300002267;0;10;0;0.0;2.0;3.0;1.0;A01
3366;201300002267;0;10;0;0.0;2.0;2.0;1.0;B02
3367;201300002268;0;7;0;0.0;1.0;4.0;4.0;A01
3368;201300002269;0;7;0;0.0;2.0;3.0;1.0;B02
3369;201300002269;0;33;0;0.0;2.0;1.0;17.0;A01
3370;201300002270;0;10;0;0.0;2.0;0.0;15.0;B02
3371;201300002270;0;33;0;0.0;2.0;2.0;17.0;A01
3372;201300002271;0;7;0;0.0;2.0;3.0;19.0;A01
3373;201300002271;0;30;0;0.0;2.0;1.0;1.0;B02
3374;201300002272;0;7;0;0.0;2.0;1.0;1.0;A01
3375;201300002272;0;10;0;0.0;2.0;1.0;1.0;B02
3376;201300002273;0;7;0;0.0;2.0;3.0;1.0;A01
3377;201300002273;0;7;0;0.0;2.0;3.0;1.0;B02
3378;201300002273;0;7;0;14.0;0.0;2.0;1.0;C03
3379;201300002274;1;7;0;0.0;1.0;3.0;1.0;A01
3380;201300002276;0;7;0;0.0;2.0;2.0;1.0;A01
3381;201300002276;0;33;0;0.0;0.0;8.0;1.0;B02
3382;201300002277;0;7;0;0.0;2.0;3.0;1.0;B02
3383;201300002277;0;33;0;0.0;2.0;0.0;1.0;A01
3384;201300002278;0;7;0;0.0;2.0;2.0;1.0;A01
3385;201300002278;0;2;0;0.0;2.0;1.0;1.0;B02
3386;201300002279;0;7;0;0.0;2.0;2.0;1.0;A01
3387;201300002279;0;7;0;0.0;2.0;2.0;1.0;B02
3388;201300002280;0;7;0;0.0;2.0;1.0;17.0;A01
3389;201300002280;0;10;0;0.0;2.0;1.0;1.0;B02
3390;201300002281;0;7;0;0.0;2.0;3.0;1.0;B02
3391;201300002281;0;7;0;0.0;2.0;1.0;13.0;C03
3392;201300002281;0;7;0;0.0;2.0;3.0;13.0;A01
3393;201300002282;0;7;0;0.0;2.0;1.0;15.0;A01
3394;201300002282;0;7;0;0.0;2.0;2.0;1.0;B02
3395;201300002283;0;33;0;0.0;2.0;1.0;1.0;B02
3396;201300002283;0;10;0;0.0;2.0;3.0;15.0;A01
3397;201300002284;0;7;0;0.0;2.0;3.0;13.0;A01
3398;201300002284;0;38;5;0.0;2.0;3.0;21.0;B02
3399;201300002285;0;7;0;0.0;2.0;3.0;1.0;B02
3400;201300002285;0;7;0;0.0;2.0;3.0;1.0;A01
3401;201300002286;0;7;0;0.0;2.0;1.0;1.0;B02
3402;201300002286;0;30;0;0.0;2.0;1.0;13.0;A01
3403;201300002287;0;10;0;0.0;2.0;1.0;1.0;A01
3404;201300002287;0;1;0;0.0;0.0;8.0;15.0;B02
3405;201300002288;0;7;0;0.0;0.0;8.0;13.0;A01
3406;201300002289;0;7;0;0.0;2.0;3.0;1.0;A01
3407;201300002289;0;2;0;0.0;2.0;1.0;1.0;B02
3408;201300002290;0;7;0;0.0;2.0;1.0;15.0;A01
3409;201300002290;0;7;0;0.0;2.0;2.0;1.0;B02
3410;201300002292;0;7;0;0.0;2.0;1.0;1.0;B02
3411;201300002292;0;7;0;0.0;2.0;3.0;19.0;A01
3412;201300002293;0;33;0;13.0;0.0;1.0;1.0;A01
3413;201300002294;0;7;0;13.0;0.0;1.0;0.0;B02
3414;201300002294;0;7;0;0.0;2.0;1.0;2.0;A01
3415;201300002295;0;7;0;0.0;2.0;2.0;1.0;A01
3416;201300002295;0;7;0;0.0;0.0;7.0;1.0;B02
3417;201300002296;0;7;0;0.0;2.0;8.0;1.0;B02
3418;201300002296;0;7;0;0.0;2.0;1.0;1.0;A01
3419;201300002297;0;7;0;2.0;0.0;3.0;13.0;A01
3420;201300002298;0;7;0;0.0;2.0;3.0;6.0;A01
3421;201300002298;0;17;0;0.0;2.0;3.0;1.0;B02
3422;201300002299;0;7;0;2.0;0.0;1.0;1.0;A01
3423;201300002300;0;7;0;13.0;0.0;1.0;16.0;A01
3424;201300002302;0;7;0;0.0;2.0;1.0;19.0;A01
3425;201300002302;0;1;0;0.0;2.0;8.0;1.0;B02
3426;201300002303;0;7;0;0.0;2.0;8.0;19.0;B02
3427;201300002303;0;7;0;0.0;2.0;1.0;1.0;A01
3428;201300002304;0;33;0;0.0;2.0;1.0;1.0;B02
3429;201300002304;0;7;0;0.0;2.0;3.0;10.0;A01
3430;201300002305;0;2;0;2.0;0.0;1.0;1.0;A01
3431;201300002306;0;7;0;0.0;2.0;7.0;21.0;A01
3432;201300002306;0;10;0;6.0;2.0;1.0;1.0;B02
3433;201300002308;0;7;0;0.0;0.0;0.0;0.0;A01
3434;201300002310;0;7;0;11.0;0.0;8.0;1.0;A01
3435;201300002311;0;7;0;0.0;2.0;1.0;1.0;B02
3436;201300002311;0;7;0;0.0;2.0;8.0;19.0;A01
3437;201300002312;0;7;0;13.0;0.0;1.0;1.0;A01
3438;201300002313;0;7;0;0.0;2.0;3.0;2.0;B02
3439;201300002313;0;7;0;0.0;2.0;2.0;14.0;A01
3440;201300002314;0;7;0;0.0;0.0;2.0;14.0;A01
3441;201300002315;0;7;0;13.0;0.0;1.0;1.0;A01
3442;201300002316;0;30;0;0.0;1.0;1.0;1.0;A01
3443;201300002317;0;7;0;1.0;0.0;5.0;21.0;A01
3444;201300002317;0;1;0;0.0;2.0;6.0;24.0;B02
3445;201300002318;0;33;0;13.0;0.0;1.0;1.0;A01
3446;201300002319;0;33;0;0.0;2.0;1.0;1.0;A01
3447;201300002319;0;7;0;0.0;2.0;1.0;15.0;B02
3448;201300002321;0;1;0;1.0;0.0;1.0;1.0;A01
3449;201300002321;0;7;0;0.0;0.0;4.0;24.0;B02
3450;201300002322;0;31;0;1.0;0.0;1.0;1.0;A01
3451;201300002323;0;7;0;8.0;0.0;3.0;1.0;A01
3452;201300002323;0;7;0;14.0;0.0;2.0;1.0;B02
3453;201300002324;0;7;0;0.0;1.0;3.0;1.0;A01
3454;201300002325;0;7;0;2.0;0.0;6.0;1.0;A01
3455;201300002326;0;7;0;0.0;2.0;1.0;1.0;A01
3456;201300002326;0;7;0;0.0;2.0;8.0;15.0;B02
3457;201300002327;0;7;0;6.0;0.0;2.0;1.0;A01
3458;201300002328;0;10;0;0.0;2.0;3.0;1.0;B02