;Num_Acc;senc;catv;occutc;obs;obsm;choc;manv;num_veh
3459;201300002328;0;7;0;0.0;2.0;3.0;13.0;A01
3460;201300002329;0;33;0;0.0;2.0;1.0;1.0;B02
3461;201300002329;0;7;0;0.0;2.0;3.0;9.0;A01
3462;201300002330;0;17;0;0.0;2.0;3.0;2.0;A01
3463;201300002330;0;7;0;0.0;2.0;3.0;13.0;B02
3464;201300002331;0;2;0;0.0;2.0;2.0;17.0;A01
3465;201300002331;0;7;0;0.0;2.0;3.0;15.0;B02
3466;201300002332;0;7;0;0.0;0.0;2.0;13.0;B02
3467;201300002332;0;30;0;0.0;0.0;8.0;15.0;A01
3468;201300002333;0;3;0;0.0;0.0;0.0;1.0;A01
3469;201300002334;0;2;0;0.0;2.0;1.0;17.0;A01
3470;201300002334;0;10;0;0.0;2.0;3.0;9.0;B02
3471;201300002335;0;7;0;0.0;0.0;5.0;4.0;A01
3472;201300002335;0;2;0;0.0;2.0;1.0;1.0;B02
3473;201300002336;0;7;0;0.0;1.0;3.0;15.0;A01
3474;201300002337;0;1;0;0.0;0.0;1.0;19.0;B02
3475;201300002337;0;33;0;0.0;9.0;1.0;17.0;A01
3476;201300002338;0;7;0;0.0;1.0;4.0;20.0;A01
3477;201300002339;0;33;0;0.0;2.0;1.0;1.0;B02
3478;201300002339;0;10;0;0.0;2.0;7.0;19.0;A01
3479;201300002340;0;3;0;0.0;2.0;1.0;9.0;A01
3480;201300002340;0;7;0;0.0;2.0;8.0;1.0;B02
3481;201300002341;1;7;0;0.0;1.0;1.0;1.0;A01
3482;201300002342;0;7;0;13.0;0.0;1.0;1.0;A01
3483;201300002343;0;7;0;8.0;0.0;3.0;1.0;A01
3484;201300002344;0;7;0;0.0;2.0;1.0;19.0;A01
3485;201300002344;0;7;0;0.0;2.0;7.0;1.0;B02
3486;201300002344;0;7;0;0.0;2.0;1.0;1.0;C03
3487;201300002345;0;7;0;0.0;2.0;1.0;1.0;B02
3488;201300002345;0;7;0;0.0;2.0;1.0;9.0;A01
3489;201300002347;0;7;0;0.0;0.0;1.0;19.0;A01
3490;201300002348;0;7;0;0.0;4.0;3.0;1.0;A01
3491;201300002348;0;39;8;0.0;2.0;2.0;1.0;B02
3492;201300002349;0;7;0;13.0;0.0;7.0;14.0;A01
3493;201300002351;0;7;0;0.0;1.0;5.0;1.0;A01
3494;201300002352;0;7;0;0.0;1.0;8.0;1.0;A01
3495;201300002353;0;2;0;8.0;0.0;0.0;1.0;A01
3496;201300002354;0;2;0;0.0;2.0;2.0;17.0;A01
3497;201300002354;0;1;0;0.0;2.0;6.0;1.0;B02
3498;201300002355;0;7;0;0.0;2.0;3.0;1.0;B02
3499;201300002355;0;7;0;0.0;2.0;2.0;1.0;A01
3500;201300002356;0;7;0;0.0;2.0;2.0;1.0;A01
3501;201300002356;0;1;0;0.0;2.0;4.0;1.0;B02
3502;201300002357;0;7;0;0.0;2.0;3.0;1.0;C03
3503;201300002357;0;7;0;0.0;2.0;1.0;2.0;D04
3504;201300002357;0;7;0;0.0;2.0;3.0;1.0;B02
3505;201300002357;0;10;0;0.0;2.0;3.0;13.0;A01
3506;201300002358;0;30;0;0.0;2.0;8.0;13.0;A01
3507;201300002358;0;3;0;0.0;2.0;8.0;1.0;B02
3508;201300002359;0;7;0;0.0;1.0;3.0;1.0;A01
3509;201300002360;0;7;0;2.0;0.0;1.0;14.0;A01
3510;201300002361;0;33;0;0.0;2.0;1.0;1.0;B02
3511;201300002361;0;33;0;0.0;2.0;1.0;1.0;C03
3512;201300002361;0;7;0;0.0;2.0;1.0;15.0;A01
3513;201300002362;0;7;0;13.0;0.0;1.0;1.0;A01
3514;201300002363;0;1;0;0.0;2.0;0.0;1.0;A01
3515;201300002363;0;14;0;0.0;0.0;0.0;0.0;B02
3516;201300002364;0;7;0;0.0;2.0;7.0;17.0;B02
3517;201300002364;0;1;0;0.0;2.0;8.0;1.0;A01
3518;201300002365;0;7;0;0.0;2.0;3.0;13.0;A01
3519;201300002365;0;7;0;0.0;2.0;3.0;1.0;B02
3520;201300002366;0;1;0;0.0;2.0;1.0;19.0;B02
3521;201300002367;0;7;0;0.0;2.0;8.0;19.0;B02
3522;201300002367;0;7;0;0.0;2.0;2.0;1.0;A01
3523;201300002368;1;7;0;0.0;1.0;1.0;1.0;A01
3524;201300002370;0;14;0;0.0;2.0;1.0;1.0;B02
3525;201300002370;0;7;0;0.0;2.0;1.0;5.0;A01
3526;201300002372;0;7;0;0.0;2.0;1.0;15.0;A01
3527;201300002372;0;1;0;0.0;2.0;8.0;1.0;B02
3528;201300002372;0;1;0;0.0;2.0;8.0;1.0;C03
3529;201300002373;0;17;0;2.0;0.0;2.0;1.0;A01
3530;201300002374;0;7;0;0.0;2.0;1.0;13.0;A01
3531;201300002374;0;7;0;0.0;2.0;1.0;1.0;B02
3532;201300002375;0;2;0;0.0;2.0;3.0;19.0;A01
3533;201300002375;0;7;0;0.0;2.0;2.0;1.0;B02
3534;201300002376;0;33;0;0.0;2.0;1.0;1.0;A01
3535;201300002376;0;7;0;0.0;2.0;8.0;15.0;B02
3536;201300002377;0;33;0;0.0;2.0;1.0;1.0;B02
3537;201300002377;0;7;0;0.0;2.0;3.0;19.0;A01
3538;201300002378;0;7;0;0.0;2.0;1.0;13.0;A01
3539;201300002378;0;7;0;0.0;2.0;3.0;1.0;B02
3540;201300002380;0;7;0;0.0;2.0;3.0;15.0;A01
3541;201300002380;0;15;0;0.0;2.0;1.0;1.0;B02
3542;201300002381;0;7;0;0.0;2.0;2.0;15.0;A01
3543;201300002381;0;31;0;0.0;2.0;1.0;1.0;B02
3544;201300002382;0;33;0;0.0;2.0;1.0;1.0;B02
3545;201300002382;0;10;0;0.0;2.0;4.0;4.0;A01
3546;201300002384;0;10;0;0.0;9.0;2.0;21.0;B02
3547;201300002384;0;1;0;0.0;2.0;3.0;11.0;A01
3548;201300002385;0;7;0;0.0;2.0;8.0;13.0;B02
3549;201300002385;0;33;0;0.0;2.0;3.0;1.0;A01
3550;201300002386;0;33;0;0.0;2.0;0.0;1.0;A01
3551;201300002387;0;7;0;0.0;2.0;2.0;15.0;A01
3552;201300002387;0;33;0;0.0;2.0;1.0;1.0;B02
3553;201300002388;0;7;0;0.0;1.0;1.0;1.0;A01
3554;201300002389;0;33;0;0.0;5.0;2.0;1.0;A01
3555;201300002390;0;7;0;13.0;0.0;1.0;1.0;A01
3556;201300002391;0;7;0;0.0;2.0;1.0;13.0;B02
3557;201300002391;0;7;0;0.0;2.0;1.0;1.0;A01
3558;201300002392;0;7;0;0.0;2.0;2.0;15.0;A01
3559;201300002392;0;33;0;0.0;2.0;0.0;1.0;B02
3560;201300002393;0;33;0;0.0;2.0;1.0;1.0;A01
3561;201300002393;0;7;0;0.0;2.0;3.0;19.0;B02
3562;201300002394;0;1;0;0.0;0.0;4.0;0.0;A01
3563;201300002395;0;7;0;0.0;1.0;3.0;15.0;A01
3564;201300002396;0;30;0;0.0;2.0;0.0;18.0;A01
3565;201300002396;0;7;0;0.0;0.0;0.0;16.0;B02
3566;201300002397;0;7;0;0.0;2.0;3.0;1.0;B02
3567;201300002397;0;10;0;0.0;2.0;3.0;13.0;A01
3568;201300002398;0;7;0;2.0;0.0;2.0;13.0;A01
3569;201300002399;0;33;0;0.0;2.0;7.0;1.0;B02
3570;201300002399;0;7;0;0.0;2.0;2.0;15.0;A01
3571;201300002400;0;7;0;0.0;0.0;3.0;15.0;A01
3572;201300002400;0;33;0;0.0;0.0;0.0;17.0;B02
3573;201300002401;0;7;0;0.0;2.0;3.0;1.0;B02
3574;201300002401;0;7;0;0.0;2.0;3.0;13.0;A01
3575;201300002402;0;10;0;5.0;0.0;1.0;14.0;A01
3576;201300002404;0;7;0;0.0;2.0;6.0;15.0;A01
3577;201300002404;0;33;0;0.0;2.0;1.0;1.0;B02
3578;201300002405;0;33;0;0.0;0.0;2.0;1.0;B02
3579;201300002405;0;7;0;0.0;0.0;2.0;15.0;A01
3580;201300002406;0;1;0;0.0;2.0;0.0;1.0;B02
3581;201300002406;0;7;0;0.0;9.0;3.0;13.0;A01
3582;201300002407;0;7;0;0.0;2.0;1.0;13.0;A01
3583;201300002407;0;7;0;0.0;2.0;1.0;1.0;B02
3584;201300002408;0;1;0;0.0;2.0;8.0;19.0;B02
3585;201300002408;0;7;0;0.0;9.0;2.0;1.0;A01
3586;201300002409;0;7;0;0.0;2.0;3.0;15.0;B02
3587;201300002409;0;33;0;0.0;2.0;1.0;1.0;A01
3588;201300002410;0;7;0;0.0;0.0;5.0;15.0;A01
3589;201300002410;0;34;0;0.0;0.0;2.0;1.0;B02
3590;201300002411;0;7;0;0.0;2.0;7.0;15.0;A01
3591;201300002411;0;7;0;0.0;2.0;1.0;1.0;B02
3592;201300002412;0;33;0;1.0;0.0;1.0;1.0;A01
3593;201300002413;0;30;0;0.0;2.0;1.0;1.0;B02
3594;201300002413;0;7;0;0.0;2.0;2.0;1.0;A01
3595;201300002414;0;7;0;0.0;2.0;1.0;13.0;A01
3596;201300002414;0;7;0;0.0;2.0;1.0;1.0;B02
3597;201300002415;0;7;0;0.0;2.0;1.0;1.0;C03
3598;201300002415;0;7;0;0.0;2.0;1.0;1.0;B02
3599;201300002415;0;7;0;0.0;2.0;1.0;6.0;A01
3600;201300002416;0;15;0;0.0;2.0;1.0;1.0;C03
3601;201300002416;0;7;0;0.0;2.0;2.0;6.0;A01
3602;201300002416;0;7;0;0.0;2.0;1.0;1.0;B02
3603;201300002417;0;33;0;0.0;2.0;1.0;1.0;B02
3604;201300002417;0;7;0;0.0;2.0;1.0;15.0;A01
3605;201300002418;0;7;0;0.0;2.0;8.0;19.0;A01
3606;201300002418;0;33;0;0.0;2.0;1.0;1.0;B02
3607;201300002419;0;7;0;2.0;0.0;8.0;1.0;A01
3608;201300002420;0;33;0;0.0;2.0;1.0;2.0;A01
3609;201300002420;0;7;0;0.0;2.0;6.0;15.0;B02
3610;201300002422;0;30;0;12.0;0.0;1.0;0.0;A01
3611;201300002423;0;7;0;6.0;0.0;8.0;1.0;A01
3612;201300002424;0;7;0;0.0;2.0;1.0;1.0;B02
3613;201300002424;0;3;0;0.0;2.0;1.0;15.0;A01
3614;201300002425;0;30;0;0.0;2.0;1.0;13.0;A01
3615;201300002425;0;7;0;0.0;2.0;1.0;1.0;B02
3616;201300002426;0;7;0;2.0;0.0;1.0;1.0;A01
3617;201300002427;0;14;0;0.0;2.0;1.0;1.0;B02
3618;201300002427;0;7;0;0.0;2.0;7.0;19.0;A01
3619;201300002428;0;10;0;0.0;2.0;7.0;15.0;A01
3620;201300002428;0;33;0;0.0;2.0;1.0;1.0;B02
3621;201300002429;0;7;0;0.0;1.0;1.0;1.0;A01
3622;201300002430;0;10;0;2.0;0.0;4.0;2.0;A01
3623;201300002431;0;7;0;0.0;2.0;3.0;15.0;B02
3624;201300002431;0;7;0;0.0;2.0;1.0;1.0;A01
3625;201300002432;0;7;0;2.0;0.0;1.0;1.0;A01
3626;201300002433;0;33;0;16.0;6.0;1.0;13.0;A01
3627;201300002434;0;7;0;2.0;0.0;9.0;0.0;A01
3628;201300002435;0;7;0;0.0;1.0;3.0;23.0;B02
3629;201300002435;0;37;0;0.0;1.0;7.0;17.0;A01
3630;201300002436;0;7;0;16.0;0.0;1.0;14.0;A01
3631;201300002437;0;2;0;0.0;0.0;0.0;1.0;A01
3632;201300002438;0;7;0;0.0;2.0;3.0;1.0;B02
3633;201300002438;0;10;0;0.0;2.0;2.0;1.0;A01
3634;201300002439;0;7;0;13.0;0.0;2.0;1.0;A01
3635;201300002440;0;7;0;0.0;2.0;3.0;1.0;A01
3636;201300002441;0;7;0;0.0;2.0;2.0;19.0;A01
3637;201300002441;0;7;0;0.0;2.0;3.0;1.0;B02
3638;201300002442;0;7;0;0.0;2.0;2.0;1.0;A01
3639;201300002442;0;30;0;0.0;2.0;3.0;19.0;B02
3640;201300002443;0;7;0;0.0;9.0;9.0;1.0;A01
3641;201300002444;0;7;0;0.0;0.0;3.0;9.0;A01
3642;201300002444;0;7;0;0.0;0.0;2.0;1.0;B02
3643;201300002445;0;7;0;8.0;0.0;2.0;14.0;A01
3644;201300002446;0;7;0;0.0;2.0;3.0;1.0;A01
3645;201300002446;0;99;0;0.0;0.0;6.0;1.0;B02
3646;201300002447;0;30;0;1.0;0.0;1.0;1.0;B02
3647;201300002447;0;17;0;0.0;2.0;6.0;24.0;A01
3648;201300002448;0;7;0;0.0;0.0;3.0;13.0;B02
3649;201300002448;0;15;0;0.0;2.0;3.0;1.0;A01
3650;201300002449;0;7;0;16.0;0.0;1.0;1.0;A01
3651;201300002450;0;7;0;0.0;2.0;2.0;2.0;A01
3652;201300002450;0;2;0;0.0;2.0;4.0;2.0;B02
3653;201300002451;0;1;0;0.0;2.0;7.0;1.0;A01
3654;201300002451;0;7;0;0.0;2.0;1.0;15.0;B02
3655;201300002452;0;33;0;0.0;2.0;1.0;1.0;B02
3656;201300002452;0;7;0;0.0;2.0;8.0;19.0;A01
3657;201300002453;0;33;0;0.0;2.0;2.0;16.0;A01
3658;201300002453;0;7;0;0.0;2.0;3.0;1.0;B02
3659;201300002454;0;2;0;8.0;0.0;1.0;1.0;A01
3660;201300002455;0;33;0;0.0;2.0;1.0;1.0;A01
3661;201300002455;0;7;0;0.0;2.0;3.0;19.0;B02
3662;201300002456;0;7;0;8.0;0.0;2.0;1.0;A01
3663;201300002457;0;31;0;0.0;0.0;0.0;0.0;A01
3664;201300002458;0;7;0;6.0;0.0;3.0;1.0;A01
3665;201300002459;0;7;0;15.0;0.0;1.0;2.0;A01
3666;201300002460;0;7;0;0.0;2.0;1.0;1.0;B02
3667;201300002460;0;7;0;0.0;2.0;1.0;1.0;A01
3668;201300002461;0;10;0;8.0;2.0;6.0;1.0;A01
3669;201300002461;0;7;0;0.0;2.0;2.0;15.0;B02
3670;201300002462;0;10;0;0.0;1.0;2.0;1.0;A01
3671;201300002463;0;7;0;0.0;2.0;1.0;1.0;A01
3672;201300002463;0;7;0;0.0;2.0;1.0;13.0;B02
3673;201300002464;0;7;0;0.0;2.0;7.0;15.0;A01
3674;201300002464;0;31;0;0.0;2.0;1.0;1.0;B02
3675;201300002466;0;7;0;8.0;0.0;1.0;1.0;A01
3676;201300002467;0;7;0;6.0;0.0;1.0;1.0;A01
3677;201300002468;0;7;0;6.0;0.0;9.0;1.0;A01
3678;201300002469;0;7;0;4.0;0.0;9.0;1.0;A01
3679;201300002471;0;7;0;0.0;2.0;2.0;13.0;A01
3680;201300002471;0;10;0;0.0;2.0;2.0;21.0;B02
3681;201300002472;0;31;0;0.0;2.0;1.0;17.0;A01
3682;201300002472;0;7;0;0.0;0.0;6.0;15.0;B02
3683;201300002473;0;7;0;0.0;2.0;2.0;1.0;A01
3684;201300002473;0;1;0;0.0;2.0;4.0;1.0;B02
3685;201300002474;0;7;0;0.0;2.0;1.0;0.0;B02
3686;201300002474;0;7;0;0.0;2.0;7.0;13.0;A01
3687;201300002475;0;7;0;6.0;0.0;8.0;13.0;A01
3688;201300002476;0;30;0;1.0;0.0;7.0;1.0;A01
3689;201300002477;0;33;0;0.0;2.0;1.0;1.0;A01
3690;201300002477;0;7;0;0.0;2.0;3.0;15.0;B02
3691;201300002478;0;7;0;0.0;0.0;2.0;13.0;B02
3692;201300002478;0;10;0;0.0;2.0;2.0;1.0;A01
3693;201300002479;0;17;0;2.0;0.0;1.0;13.0;A01
3694;201300002481;0;7;0;1.0;1.0;6.0;4.0;A01
3695;201300002482;0;30;0;0.0;2.0;1.0;13.0;A01
3696;201300002482;0;7;0;0.0;2.0;3.0;1.0;B02
3697;201300002484;0;7;0;16.0;0.0;3.0;13.0;A01
3698;201300002485;0;33;0;0.0;2.0;1.0;6.0;A01
3699;201300002485;0;7;0;0.0;2.0;0.0;19.0;B02
3700;201300002486;0;7;0;0.0;2.0;2.0;17.0;A01
3701;201300002486;0;7;0;0.0;2.0;8.0;15.0;B02
3702;201300002487;0;7;0;0.0;2.0;1.0;15.0;B02
3703;201300002487;0;31;0;0.0;2.0;7.0;1.0;A01
3704;201300002488;0;33;0;14.0;0.0;0.0;1.0;A01
3705;201300002491;0;7;0;0.0;1.0;2.0;1.0;A01
3706;201300002492;0;7;0;0.0;1.0;1.0;1.0;A01
3707;201300002493;0;37;0;0.0;1.0;7.0;22.0;A01
3708;201300002494;0;7;0;0.0;2.0;3.0;1.0;B02
3709;201300002494;0;33;0;0.0;2.0;1.0;1.0;A01
3710;201300002495;0;33;0;3.0;0.0;1.0;0.0;A01
3711;201300002497;0;30;0;0.0;2.0;1.0;9.0;A01
3712;201300002497;0;7;0;0.0;2.0;2.0;1.0;B02
3713;201300002499;0;7;0;13.0;0.0;9.0;1.0;A01
3714;201300002501;0;7;0;0.0;2.0;3.0;15.0;B02
3715;201300002501;0;30;0;0.0;2.0;3.0;1.0;A01
3716;201300002502;0;7;0;6.0;0.0;9.0;1.0;A01
3717;201300002503;0;7;0;0.0;2.0;1.0;1.0;A01
3718;201300002503;0;21;0;0.0;0.0;6.0;19.0;B02
3719;201300002504;0;7;0;0.0;2.0;2.0;17.0;A01
3720;201300002504;0;21;0;0.0;2.0;6.0;1.0;B02
3721;201300002505;0;10;0;0.0;2.0;3.0;1.0;B02
3722;201300002505;0;7;0;0.0;2.0;3.0;13.0;A01
3723;201300002506;0;7;0;0.0;2.0;7.0;1.0;A01
3724;201300002506;0;7;0;0.0;2.0;1.0;1.0;B02
3725;201300002507;0;10;0;0.0;2.0;2.0;2.0;B02
3726;201300002507;0;33;0;0.0;2.0;1.0;16.0;A01
3727;201300002508;0;33;0;0.0;2.0;1.0;17.0;A01
3728;201300002508;0;21;0;0.0;2.0;8.0;15.0;B02
3729;201300002509;0;33;0;0.0;2.0;1.0;2.0;A01
3730;201300002509;0;7;0;0.0;2.0;3.0;2.0;B02
3731;201300002510;0;33;0;7.0;0.0;1.0;13.0;A01
3732;201300002511;0;7;0;0.0;2.0;2.0;1.0;A01
3733;201300002511;0;7;0;0.0;2.0;1.0;19.0;B02
3734;201300002512;0;7;0;0.0;2.0;1.0;1.0;A01
3735;201300002512;0;7;0;0.0;2.0;1.0;1.0;B02
3736;201300002513;0;10;0;0.0;0.0;1.0;1.0;A01
3737;201300002513;0;31;0;0.0;0.0;1.0;1.0;B02
3738;201300002514;0;30;0;0.0;0.0;4.0;23.0;A01
3739;201300002514;0;7;0;0.0;0.0;2.0;0.0;B02
3740;201300002515;0;14;0;0.0;0.0;1.0;1.0;A01
3741;201300002515;0;1;0;0.0;0.0;7.0;1.0;B02
3742;201300002516;0;31;0;3.0;0.0;1.0;1.0;A01
3743;201300002517;0;7;0;0.0;2.0;3.0;19.0;B02
3744;201300002517;0;7;0;0.0;2.0;1.0;1.0;A01
3745;201300002518;0;7;0;13.0;0.0;3.0;1.0;A01
3746;201300002519;0;31;0;0.0;2.0;8.0;17.0;B02
3747;201300002519;0;7;0;0.0;2.0;7.0;17.0;A01
3748;201300002520;0;7;0;0.0;0.0;0.0;1.0;A01
3749;201300002521;0;30;0;13.0;0.0;1.0;1.0;A01
3750;201300002522;0;7;0;13.0;0.0;3.0;0.0;A01
3751;201300002523;0;33;0;0.0;0.0;0.0;1.0;A01
3752;201300002524;0;7;0;13.0;0.0;3.0;1.0;A01
3753;201300002525;0;1;0;0.0;0.0;4.0;1.0;A01
3754;201300002525;0;7;0;0.0;2.0;2.0;9.0;B02
3755;201300002526;0;3;0;0.0;0.0;0.0;1.0;A01
3756;201300002527;0;7;0;0.0;0.0;3.0;13.0;A01
3757;201300002527;0;7;0;0.0;0.0;3.0;1.0;B02
3758;201300002528;0;2;0;2.0;0.0;1.0;13.0;A01
3759;201300002529;0;7;0;2.0;0.0;1.0;13.0;A01
3760;201300002530;0;7;0;8.0;0.0;2.0;14.0;A01
3761;201300002531;0;7;0;0.0;2.0;3.0;13.0;A01
3762;201300002531;0;7;0;0.0;2.0;3.0;1.0;B02
3763;201300002532;0;7;0;6.0;0.0;1.0;1.0;A01
3764;201300002533;0;33;0;6.0;0.0;0.0;1.0;A01
3765;201300002534;0;7;0;2.0;0.0;3.0;21.0;A01
3766;201300002534;0;7;0;0.0;0.0;0.0;19.0;B02
3767;201300002536;0;7;0;13.0;0.0;3.0;1.0;A01
3768;201300002537;0;10;0;0.0;2.0;8.0;13.0;B02
3769;201300002537;0;31;0;0.0;2.0;7.0;17.0;A01
3770;201300002538;0;33;0;0.0;2.0;2.0;17.0;B02
3771;201300002538;0;7;0;0.0;2.0;6.0;17.0;A01
3772;201300002539;0;7;0;0.0;2.0;2.0;1.0;A01
3773;201300002539;0;33;0;0.0;2.0;8.0;15.0;B02
3774;201300002540;0;7;0;2.0;0.0;1.0;19.0;A01
3775;201300002541;0;33;0;0.0;2.0;1.0;5.0;A01
3776;201300002541;0;36;0;0.0;2.0;1.0;5.0;B02
3777;201300002542;0;33;0;0.0;2.0;7.0;1.0;C03
3778;201300002542;0;17;0;0.0;9.0;8.0;1.0;A01
3779;201300002542;0;7;0;0.0;2.0;6.0;1.0;B02
3780;201300002543;0;7;0;0.0;2.0;1.0;1.0;A01
3781;201300002543;0;17;0;0.0;2.0;1.0;1.0;B02
3782;201300002544;0;33;0;0.0;2.0;1.0;17.0;A01
3783;201300002544;0;10;0;0.0;2.0;3.0;15.0;B02
3784;201300002545;0;7;0;0.0;2.0;1.0;1.0;A01
3785;201300002545;0;7;0;0.0;2.0;2.0;13.0;B02
3786;201300002546;0;7;0;7.0;2.0;7.0;19.0;A01
3787;201300002546;0;7;0;0.0;2.0;1.0;1.0;B02
3788;201300002549;0;7;0;0.0;1.0;3.0;1.0;A01
3789;201300002550;0;7;0;0.0;6.0;3.0;13.0;A01
3790;201300002550;0;7;0;0.0;2.0;3.0;1.0;B02
3791;201300002551;0;33;0;14.0;0.0;0.0;1.0;A01
3792;201300002552;0;7;0;0.0;0.0;1.0;1.0;B02
3793;201300002552;0;7;0;0.0;0.0;1.0;15.0;A01
3794;201300002553;0;7;0;2.0;0.0;1.0;13.0;A01
3795;201300002554;0;7;0;1.0;1.0;4.0;2.0;B02
3796;201300002554;0;7;0;0.0;2.0;1.0;2.0;A01
3797;201300002555;0;33;0;0.0;2.0;1.0;1.0;B02
3798;201300002555;0;33;0;0.0;2.0;1.0;13.0;A01
3799;201300002556;0;10;0;0.0;2.0;6.0;15.0;B02
3800;201300002556;0;33;0;0.0;2.0;1.0;2.0;A01
3801;201300002558;0;7;0;0.0;2.0;7.0;19.0;A01
3802;201300002558;0;10;0;0.0;2.0;1.0;1.0;B02
3803;201300002559;0;21;0;0.0;2.0;1.0;1.0;B02
3804;201300002559;0;10;0;0.0;2.0;7.0;13.0;A01
3805;201300002560;0;7;0;0.0;2.0;2.0;17.0;A01
3806;201300002560;0;30;0;0.0;2.0;4.0;1.0;B02
3807;201300002562;0;7;0;0.0;2.0;2.0;15.0;A01
3808;201300002562;0;31;0;0.0;2.0;1.0;1.0;B02
3809;201300002564;0;7;0;0.0;9.0;7.0;16.0;A01
3810;201300002564;0;1;0;0.0;2.0;8.0;11.0;B02
3811;201300002565;0;30;0;0.0;2.0;1.0;1.0;A01
3812;201300002565;0;7;0;0.0;9.0;2.0;1.0;B02
3813;201300002566;0;7;0;0.0;2.0;1.0;1.0;B02
3814;201300002566;0;30;0;0.0;0.0;4.0;1.0;A01
3815;201300002567;0;7;0;2.0;0.0;3.0;1.0;A01
3816;201300002569;0;10;0;0.0;2.0;1.0;2.0;B02
3817;201300002569;0;10;0;0.0;2.0;1.0;2.0;A01
3818;201300002569;0;7;0;0.0;2.0;4.0;2.0;F06
3819;201300002569;0;7;0;0.0;2.0;0.0;1.0;G07
3820;201300002569;0;7;0;0.0;2.0;1.0;2.0;E05
3821;201300002569;0;10;0;0.0;2.0;7.0;2.0;C03
3822;201300002569;0;7;0;0.0;2.0;5.0;2.0;D04
3823;201300002570;0;7;0;6.0;0.0;1.0;1.0;A01
3824;201300002571;0;10;0;6.0;0.0;0.0;17.0;A01
3825;201300002572;0;7;0;13.0;2.0;1.0;17.0;A01
3826;201300002572;0;7;0;0.0;2.0;8.0;1.0;B02
3827;201300002573;0;33;0;0.0;2.0;1.0;2.0;A01
3828;201300002573;0;10;0;0.0;2.0;5.0;1.0;B02
3829;201300002574;0;31;0;8.0;0.0;1.0;1.0;A01
3830;201300002577;0;1;0;0.0;2.0;3.0;1.0;A01
3831;201300002577;0;1;0;0.0;2.0;3.0;1.0;B02
3832;201300002578;0;7;0;10.0;0.0;2.0;1.0;A01
3833;201300002579;0;15;0;0.0;0.0;0.0;13.0;A01
3834;201300002579;0;33;0;16.0;0.0;1.0;17.0;B02
3835;201300002580;0;7;0;0.0;2.0;2.0;23.0;A01
3836;201300002580;0;7;0;0.0;2.0;1.0;1.0;B02
3837;201300002581;0;7;0;0.0;2.0;3.0;1.0;A01
3838;201300002581;0;7;0;15.0;2.0;3.0;21.0;B02
3839;201300002582;0;30;0;0.0;9.0;1.0;1.0;A01
3840;201300002583;0;7;0;0.0;2.0;1.0;1.0;B02
3841;201300002583;0;7;0;0.0;2.0;1.0;19.0;A01
3842;201300002584;0;30;0;13.0;0.0;1.0;1.0;A01
3843;201300002585;0;30;0;0.0;2.0;1.0;1.0;A01
3844;201300002585;0;7;0;0.0;2.0;3.0;9.0;B02
3845;201300002586;1;7;0;0.0;1.0;2.0;2.0;A01
3846;201300002587;0;7;0;6.0;0.0;1.0;14.0;B02
3847;201300002587;0;7;0;6.0;0.0;1.0;1.0;A01
3848;201300002589;0;7;0;0.0;2.0;3.0;0.0;A01
3849;201300002589;0;7;0;0.0;2.0;2.0;0.0;B02
3850;201300002591;0;7;0;0.0;2.0;1.0;1.0;B02
3851;201300002591;0;7;0;0.0;2.0;2.0;15.0;A01
3852;201300002592;0;7;0;0.0;2.0;1.0;15.0;A01
3853;201300002592;0;7;0;0.0;2.0;1.0;1.0;B02
3854;201300002592;0;7;0;0.0;2.0;3.0;23.0;C03
3855;201300002593;0;1;0;0.0;2.0;9.0;2.0;B02
3856;201300002593;0;7;0;0.0;2.0;2.0;2.0;A01
3857;201300002594;0;7;0;2.0;0.0;1.0;17.0;A01
3858;201300002595;0;33;0;0.0;2.0;2.0;1.0;A01
3859;201300002595;0;10;0;0.0;2.0;3.0;15.0;B02
3860;201300002596;0;7;0;8.0;0.0;8.0;1.0;A01
3861;201300002597;0;32;0;0.0;2.0;3.0;1.0;A01
3862;201300002598;0;7;0;6.0;0.0;4.0;2.0;A01
3863;201300002598;0;7;0;0.0;0.0;1.0;2.0;B02
3864;201300002599;0;7;0;2.0;0.0;2.0;13.0;A01
3865;201300002600;0;7;0;13.0;0.0;1.0;1.0;A01
3866;201300002601;0;7;0;0.0;2.0;1.0;1.0;A01
3867;201300002601;0;7;0;0.0;2.0;7.0;1.0;B02
3868;201300002602;0;7;0;0.0;2.0;2.0;1.0;B02
3869;201300002602;0;7;0;7.0;2.0;3.0;19.0;A01
3870;201300002603;0;33;0;0.0;2.0;1.0;17.0;A01
3871;201300002603;0;13;0;0.0;2.0;3.0;15.0;B02
3872;201300002605;0;14;0;0.0;1.0;1.0;0.0;A01
3873;201300002606;0;7;0;0.0;0.0;9.0;1.0;A01
3874;201300002607;0;7;0;0.0;1.0;1.0;16.0;A01
3875;201300002609;0;10;0;0.0;0.0;1.0;0.0;A01
3876;201300002609;0;7;0;0.0;0.0;1.0;0.0;B02
3877;201300002610;0;7;0;0.0;2.0;2.0;1.0;A01
3878;201300002610;0;31;0;0.0;2.0;1.0;13.0;B02
3879;201300002611;0;7;0;0.0;2.0;3.0;15.0;B02
3880;201300002611;0;30;0;0.0;2.0;2.0;1.0;A01
3881;201300002612;0;7;0;8.0;0.0;8.0;1.0;A01
3882;201300002613;0;7;0;0.0;2.0;1.0;0.0;B02
3883;201300002613;0;7;0;0.0;2.0;7.0;17.0;A01
3884;201300002614;0;31;0;0.0;2.0;1.0;9.0;B02
3885;201300002614;0;7;0;0.0;2.0;6.0;9.0;A01
3886;201300002615;0;33;0;0.0;2.0;1.0;17.0;A01
3887;201300002615;0;30;0;0.0;2.0;1.0;1.0;B02