;Num_Acc;senc;catv;occutc;obs;obsm;choc;manv;num_veh
4747;201300003180;0;7;0;0.0;1.0;8.0;0.0;A01
4748;201300003181;0;7;0;0.0;2.0;6.0;15.0;C03
4749;201300003181;0;10;0;0.0;2.0;3.0;2.0;D04
4750;201300003181;0;14;0;0.0;2.0;1.0;21.0;A01
4751;201300003181;0;14;0;0.0;2.0;1.0;1.0;B02
4752;201300003182;0;10;0;0.0;2.0;2.0;13.0;A01
4753;201300003182;0;7;0;0.0;0.0;4.0;1.0;B02
4754;201300003183;0;7;0;0.0;0.0;2.0;23.0;B02
4755;201300003183;0;30;0;1.0;0.0;2.0;1.0;A01
4756;201300003184;0;33;0;0.0;2.0;2.0;1.0;A01
4757;201300003184;0;7;0;0.0;2.0;3.0;0.0;C03
4758;201300003184;0;7;0;0.0;2.0;5.0;15.0;B02
4759;201300003185;0;33;0;0.0;2.0;1.0;1.0;A01
4760;201300003185;0;7;0;0.0;2.0;8.0;15.0;B02
4761;201300003186;0;1;0;0.0;0.0;4.0;1.0;B02
4762;201300003186;0;7;0;0.0;2.0;2.0;21.0;A01
4763;201300003187;0;7;0;0.0;1.0;7.0;1.0;A01
4764;201300003189;0;7;0;0.0;2.0;2.0;17.0;A01
4765;201300003189;0;31;0;0.0;2.0;8.0;15.0;B02
4766;201300003190;0;7;0;13.0;0.0;0.0;1.0;A01
4767;201300003191;0;7;0;2.0;0.0;3.0;1.0;A01
4768;201300003192;0;33;0;0.0;2.0;3.0;17.0;A01
4769;201300003192;0;7;0;0.0;2.0;3.0;1.0;B02
4770;201300003193;0;7;0;0.0;2.0;1.0;1.0;B02
4771;201300003193;0;7;0;0.0;2.0;1.0;17.0;A01
4772;201300003195;0;10;0;2.0;0.0;1.0;1.0;A01
4773;201300003196;0;33;0;0.0;2.0;8.0;1.0;B02
4774;201300003196;0;7;0;0.0;2.0;3.0;13.0;A01
4775;201300003197;0;7;0;12.0;1.0;2.0;17.0;A01
4776;201300003199;0;7;0;0.0;1.0;3.0;1.0;A01
4777;201300003200;0;7;0;2.0;0.0;7.0;1.0;A01
4778;201300003201;0;7;0;0.0;2.0;1.0;17.0;A01
4779;201300003201;0;7;0;0.0;2.0;1.0;1.0;B02
4780;201300003202;0;7;0;10.0;0.0;3.0;1.0;A01
4781;201300003203;0;10;0;2.0;0.0;1.0;1.0;A01
4782;201300003204;0;7;0;2.0;0.0;6.0;1.0;A01
4783;201300003205;0;7;0;0.0;2.0;1.0;1.0;B02
4784;201300003205;0;7;0;0.0;2.0;1.0;5.0;A01
4785;201300003206;0;10;0;0.0;2.0;3.0;19.0;B02
4786;201300003206;0;34;0;0.0;2.0;7.0;17.0;A01
4787;201300003207;0;7;0;0.0;2.0;3.0;15.0;A01
4788;201300003207;0;31;0;0.0;2.0;1.0;1.0;B02
4789;201300003208;0;36;0;10.0;0.0;1.0;1.0;A01
4790;201300003209;0;7;0;0.0;2.0;3.0;1.0;B02
4791;201300003209;0;7;0;0.0;2.0;3.0;13.0;A01
4792;201300003210;0;7;0;0.0;0.0;3.0;15.0;C03
4793;201300003210;0;7;0;0.0;9.0;1.0;1.0;B02
4794;201300003210;0;10;0;0.0;2.0;1.0;1.0;A01
4795;201300003212;0;7;0;0.0;2.0;1.0;1.0;B02
4796;201300003212;0;7;0;0.0;2.0;1.0;1.0;A01
4797;201300003213;0;20;0;0.0;2.0;7.0;15.0;A01
4798;201300003213;0;30;0;0.0;2.0;1.0;1.0;B02
4799;201300003214;0;7;0;0.0;2.0;5.0;15.0;A01
4800;201300003214;0;7;0;0.0;2.0;2.0;1.0;B02
4801;201300003215;0;7;0;6.0;0.0;2.0;1.0;A01
4802;201300003216;0;1;0;0.0;0.0;7.0;1.0;B02
4803;201300003216;0;7;0;0.0;2.0;3.0;9.0;A01
4804;201300003217;0;7;0;0.0;2.0;4.0;24.0;B02
4805;201300003217;0;2;0;6.0;0.0;2.0;1.0;A01
4806;201300003218;0;30;0;0.0;0.0;0.0;1.0;A01
4807;201300003219;0;2;0;8.0;0.0;1.0;15.0;A01
4808;201300003220;0;7;0;13.0;2.0;3.0;1.0;A01
4809;201300003220;0;15;0;0.0;2.0;8.0;1.0;B02
4810;201300003221;0;7;0;0.0;9.0;2.0;17.0;B02
4811;201300003221;0;1;0;0.0;2.0;6.0;15.0;A01
4812;201300003222;0;33;0;7.0;0.0;1.0;2.0;A01
4813;201300003223;0;7;0;13.0;0.0;3.0;1.0;A01
4814;201300003224;0;7;0;0.0;2.0;1.0;1.0;B02
4815;201300003224;0;33;0;0.0;2.0;8.0;19.0;A01
4816;201300003225;0;30;0;6.0;0.0;1.0;0.0;A01
4817;201300003226;0;7;0;0.0;2.0;8.0;17.0;A01
4818;201300003226;0;2;0;0.0;2.0;8.0;1.0;B02
4819;201300003227;0;2;0;0.0;2.0;8.0;1.0;B02
4820;201300003227;0;7;0;0.0;2.0;8.0;1.0;A01
4821;201300003228;0;7;0;13.0;0.0;2.0;1.0;A01
4822;201300003229;0;7;0;8.0;0.0;2.0;1.0;A01
4823;201300003230;2;10;0;0.0;2.0;1.0;1.0;B02
4824;201300003230;0;7;0;0.0;0.0;7.0;1.0;A01
4825;201300003231;0;7;0;0.0;2.0;1.0;1.0;B02
4826;201300003231;0;7;0;0.0;0.0;7.0;19.0;A01
4827;201300003232;0;10;0;0.0;2.0;3.0;13.0;A01
4828;201300003232;0;30;0;0.0;2.0;1.0;1.0;B02
4829;201300003233;0;7;0;0.0;2.0;1.0;1.0;B02
4830;201300003233;0;7;0;0.0;2.0;1.0;13.0;A01
4831;201300003234;0;33;0;5.0;0.0;2.0;0.0;A01
4832;201300003235;0;33;0;2.0;0.0;1.0;1.0;A01
4833;201300003236;0;30;0;0.0;2.0;1.0;1.0;A01
4834;201300003236;0;7;0;0.0;2.0;7.0;15.0;B02
4835;201300003237;0;7;0;0.0;2.0;2.0;15.0;A01
4836;201300003237;0;7;0;0.0;2.0;1.0;1.0;C03
4837;201300003237;0;7;0;0.0;2.0;1.0;1.0;D04
4838;201300003237;0;7;0;0.0;2.0;1.0;1.0;B02
4839;201300003238;0;7;0;0.0;2.0;1.0;17.0;A01
4840;201300003238;0;7;0;0.0;2.0;8.0;15.0;B02
4841;201300003240;0;33;0;0.0;0.0;1.0;1.0;A01
4842;201300003241;0;7;0;0.0;2.0;3.0;13.0;A01
4843;201300003241;0;7;0;0.0;2.0;8.0;1.0;C03
4844;201300003241;0;7;0;0.0;2.0;6.0;1.0;B02
4845;201300003242;0;7;0;0.0;2.0;7.0;1.0;B02
4846;201300003242;0;7;0;0.0;2.0;7.0;9.0;A01
4847;201300003245;0;7;0;0.0;0.0;1.0;0.0;A01
4848;201300003246;0;2;0;0.0;2.0;1.0;17.0;B02
4849;201300003246;0;7;0;0.0;2.0;3.0;9.0;A01
4850;201300003247;0;7;0;6.0;0.0;1.0;1.0;A01
4851;201300003248;0;7;0;0.0;2.0;1.0;1.0;B02
4852;201300003248;0;7;0;0.0;2.0;1.0;0.0;A01
4853;201300003249;0;7;0;0.0;2.0;1.0;2.0;B02
4854;201300003249;0;7;0;0.0;2.0;3.0;9.0;A01
4855;201300003250;0;7;0;2.0;0.0;8.0;1.0;A01
4856;201300003251;0;7;0;0.0;2.0;1.0;13.0;A01
4857;201300003251;0;7;0;0.0;2.0;1.0;1.0;B02
4858;201300003252;0;7;0;0.0;2.0;2.0;15.0;A01
4859;201300003252;0;1;0;0.0;2.0;1.0;1.0;B02
4860;201300003253;0;7;0;0.0;2.0;2.0;1.0;B02
4861;201300003253;0;7;0;0.0;2.0;3.0;1.0;A01
4862;201300003254;0;7;0;2.0;0.0;1.0;19.0;A01
4863;201300003255;0;7;0;6.0;0.0;2.0;1.0;A01
4864;201300003256;0;7;0;0.0;2.0;2.0;2.0;A01
4865;201300003256;0;2;0;0.0;2.0;1.0;1.0;B02
4866;201300003257;0;7;0;0.0;2.0;1.0;13.0;A01
4867;201300003257;0;10;0;0.0;2.0;1.0;1.0;B02
4868;201300003258;0;7;0;2.0;0.0;7.0;14.0;A01
4869;201300003259;0;7;0;0.0;2.0;1.0;2.0;A01
4870;201300003259;0;30;0;0.0;0.0;4.0;2.0;B02
4871;201300003260;0;7;0;13.0;0.0;1.0;1.0;A01
4872;201300003261;0;7;0;0.0;2.0;7.0;15.0;A01
4873;201300003261;0;10;0;0.0;2.0;1.0;1.0;B02
4874;201300003262;0;7;0;0.0;0.0;1.0;13.0;A01
4875;201300003262;0;7;0;0.0;2.0;1.0;1.0;C03
4876;201300003262;0;7;0;0.0;2.0;1.0;1.0;B02
4877;201300003263;0;7;0;0.0;2.0;9.0;1.0;B02
4878;201300003263;0;7;0;0.0;2.0;1.0;19.0;A01
4879;201300003264;2;7;0;0.0;0.0;2.0;13.0;A01
4880;201300003265;0;7;0;0.0;2.0;1.0;23.0;C03
4881;201300003265;0;7;0;0.0;2.0;3.0;15.0;A01
4882;201300003265;0;33;0;0.0;2.0;1.0;1.0;B02
4883;201300003266;0;32;0;12.0;0.0;2.0;2.0;A01
4884;201300003267;0;7;0;8.0;0.0;7.0;0.0;A01
4885;201300003269;0;2;0;0.0;0.0;0.0;0.0;A01
4886;201300003270;0;7;0;0.0;1.0;0.0;1.0;A01
4887;201300003271;0;7;0;0.0;2.0;1.0;5.0;A01
4888;201300003271;0;14;0;0.0;2.0;1.0;1.0;B02
4889;201300003272;0;7;0;0.0;2.0;2.0;1.0;A01
4890;201300003272;0;1;0;0.0;2.0;4.0;1.0;B02
4891;201300003273;0;7;0;6.0;0.0;7.0;0.0;A01
4892;201300003274;0;7;0;2.0;0.0;7.0;17.0;A01
4893;201300003275;0;38;55;0.0;2.0;7.0;19.0;B02
4894;201300003275;0;7;0;0.0;2.0;1.0;1.0;A01
4895;201300003276;0;7;0;0.0;1.0;8.0;1.0;A01
4896;201300003277;0;7;0;2.0;0.0;4.0;19.0;A01
4897;201300003278;0;7;0;0.0;2.0;8.0;1.0;C03
4898;201300003278;0;7;0;0.0;2.0;3.0;13.0;A01
4899;201300003278;0;7;0;0.0;2.0;3.0;1.0;B02
4900;201300003279;0;7;0;6.0;0.0;5.0;1.0;A01
4901;201300003280;0;7;0;0.0;2.0;2.0;19.0;B02
4902;201300003280;0;7;0;0.0;2.0;1.0;1.0;A01
4903;201300003281;0;7;0;0.0;2.0;3.0;13.0;A01
4904;201300003281;0;10;0;0.0;2.0;3.0;1.0;B02
4905;201300003282;0;7;0;0.0;2.0;2.0;1.0;B02
4906;201300003282;0;30;0;0.0;2.0;2.0;16.0;A01
4907;201300003283;0;2;0;0.0;2.0;4.0;1.0;B02
4908;201300003283;0;7;0;0.0;2.0;3.0;1.0;A01
4909;201300003284;0;7;0;0.0;0.0;3.0;1.0;A01
4910;201300003284;0;7;0;0.0;0.0;3.0;15.0;B02
4911;201300003286;0;14;0;0.0;2.0;1.0;2.0;C03
4912;201300003286;0;7;0;0.0;2.0;4.0;2.0;A01
4913;201300003286;0;7;0;0.0;2.0;6.0;1.0;D04
4914;201300003286;0;7;0;0.0;2.0;4.0;2.0;B02
4915;201300003287;0;33;0;0.0;2.0;1.0;1.0;A01
4916;201300003287;0;7;0;0.0;0.0;8.0;15.0;B02
4917;201300003288;0;7;0;13.0;0.0;1.0;1.0;A01
4918;201300003289;0;10;0;0.0;2.0;1.0;13.0;A01
4919;201300003289;0;20;0;0.0;2.0;1.0;1.0;B02
4920;201300003291;0;32;0;13.0;0.0;1.0;1.0;A01
4921;201300003292;0;7;0;0.0;2.0;1.0;1.0;B02
4922;201300003292;0;7;0;0.0;2.0;7.0;19.0;A01
4923;201300003293;0;30;0;1.0;0.0;2.0;1.0;A01
4924;201300003294;0;7;0;13.0;0.0;1.0;1.0;A01
4925;201300003295;0;7;0;0.0;2.0;3.0;1.0;A01
4926;201300003295;0;7;0;0.0;2.0;2.0;1.0;B02
4927;201300003296;0;7;0;0.0;2.0;3.0;13.0;B02
4928;201300003296;0;7;0;0.0;2.0;3.0;1.0;A01
4929;201300003297;0;7;0;0.0;1.0;1.0;17.0;A01
4930;201300003298;0;31;0;0.0;0.0;1.0;1.0;A01
4931;201300003299;0;7;0;16.0;0.0;2.0;1.0;A01
4932;201300003300;0;30;0;0.0;2.0;1.0;19.0;A01
4933;201300003300;0;7;0;0.0;2.0;1.0;1.0;B02
4934;201300003301;0;7;0;0.0;1.0;1.0;16.0;A01
4935;201300003302;0;14;0;0.0;2.0;8.0;15.0;B02
4936;201300003302;0;7;0;0.0;2.0;1.0;1.0;A01
4937;201300003303;0;7;0;0.0;2.0;6.0;2.0;A01
4938;201300003303;0;33;0;0.0;2.0;1.0;2.0;B02
4939;201300003304;0;7;0;0.0;2.0;1.0;1.0;B02
4940;201300003304;0;7;0;0.0;2.0;1.0;15.0;A01
4941;201300003305;0;7;0;0.0;1.0;3.0;1.0;A01
4942;201300003306;0;7;0;0.0;2.0;1.0;13.0;A01
4943;201300003306;0;7;0;0.0;2.0;1.0;1.0;C03
4944;201300003306;0;17;0;0.0;0.0;3.0;14.0;B02
4945;201300003307;0;17;0;0.0;2.0;3.0;1.0;B02
4946;201300003307;0;7;0;0.0;2.0;3.0;13.0;A01
4947;201300003308;0;7;0;0.0;0.0;9.0;14.0;A01
4948;201300003309;0;7;0;0.0;2.0;1.0;13.0;A01
4949;201300003309;0;7;0;0.0;2.0;3.0;1.0;B02
4950;201300003310;0;14;0;0.0;2.0;3.0;1.0;B02
4951;201300003310;0;7;0;0.0;2.0;3.0;5.0;A01
4952;201300003311;0;7;0;0.0;2.0;0.0;9.0;A01
4953;201300003311;0;30;0;0.0;2.0;1.0;1.0;B02
4954;201300003312;0;7;0;0.0;2.0;2.0;17.0;A01
4955;201300003312;0;7;0;3.0;2.0;6.0;1.0;B02
4956;201300003313;0;7;0;6.0;0.0;1.0;1.0;A01
4957;201300003314;0;7;0;8.0;0.0;7.0;13.0;A01
4958;201300003315;0;33;0;0.0;2.0;1.0;17.0;A01
4959;201300003315;0;7;0;0.0;2.0;8.0;15.0;B02
4960;201300003316;0;7;0;0.0;2.0;3.0;1.0;A01
4961;201300003316;0;7;0;0.0;2.0;1.0;0.0;B02
4962;201300003317;0;7;0;3.0;0.0;3.0;1.0;A01
4963;201300003318;0;7;0;13.0;0.0;2.0;1.0;A01
4964;201300003319;0;7;0;2.0;0.0;1.0;1.0;A01
4965;201300003320;0;7;0;13.0;0.0;2.0;1.0;A01
4966;201300003322;0;7;0;2.0;0.0;8.0;1.0;A01
4967;201300003324;0;7;0;0.0;2.0;7.0;15.0;A01
4968;201300003324;0;7;0;0.0;2.0;3.0;1.0;B02
4969;201300003325;0;21;0;0.0;0.0;0.0;1.0;B02
4970;201300003325;0;7;0;0.0;2.0;1.0;1.0;A01
4971;201300003326;0;7;0;0.0;2.0;8.0;19.0;B02
4972;201300003326;0;7;0;0.0;2.0;1.0;1.0;A01
4973;201300003327;0;7;0;8.0;0.0;9.0;1.0;A01
4974;201300003328;0;7;0;0.0;2.0;1.0;1.0;B02
4975;201300003328;0;7;0;0.0;2.0;8.0;15.0;A01
4976;201300003329;0;7;0;2.0;0.0;8.0;1.0;A01
4977;201300003331;0;10;0;0.0;2.0;2.0;1.0;B02
4978;201300003331;0;7;0;0.0;2.0;2.0;13.0;A01
4979;201300003332;0;7;0;0.0;2.0;1.0;1.0;B02
4980;201300003332;0;7;0;0.0;2.0;2.0;1.0;A01
4981;201300003333;0;7;0;13.0;0.0;1.0;19.0;A01
4982;201300003335;0;7;0;0.0;2.0;3.0;1.0;B02
4983;201300003335;0;3;0;0.0;2.0;1.0;13.0;A01
4984;201300003336;0;7;0;0.0;2.0;1.0;1.0;A01
4985;201300003336;0;7;0;0.0;2.0;3.0;19.0;B02
4986;201300003337;0;10;0;0.0;2.0;3.0;1.0;B02
4987;201300003337;0;7;0;0.0;2.0;8.0;17.0;A01
4988;201300003339;0;14;0;0.0;2.0;2.0;0.0;A01
4989;201300003339;0;30;0;0.0;0.0;4.0;0.0;B02
4990;201300003340;0;7;0;0.0;0.0;4.0;15.0;B02
4991;201300003340;0;7;0;0.0;2.0;1.0;1.0;A01
4992;201300003341;0;7;0;0.0;2.0;1.0;15.0;A01
4993;201300003341;0;33;0;0.0;2.0;1.0;1.0;B02
4994;201300003342;0;7;0;0.0;2.0;8.0;1.0;A01
4995;201300003342;0;7;0;0.0;2.0;1.0;1.0;B02
4996;201300003343;0;7;0;6.0;0.0;1.0;19.0;A01
4997;201300003344;0;7;0;0.0;2.0;8.0;17.0;A01
4998;201300003344;0;7;0;0.0;2.0;6.0;18.0;D04
4999;201300003344;0;7;0;0.0;2.0;8.0;23.0;C03
5000;201300003344;0;10;0;1.0;1.0;8.0;1.0;B02
5001;201300003345;0;7;0;13.0;0.0;9.0;13.0;A01
5002;201300003346;0;30;0;9.0;0.0;7.0;1.0;A01
5003;201300003347;0;7;0;0.0;1.0;2.0;1.0;A01
5004;201300003348;0;15;0;0.0;2.0;3.0;17.0;B02
5005;201300003348;0;17;0;0.0;2.0;6.0;1.0;C03
5006;201300003348;0;17;0;0.0;2.0;3.0;13.0;A01
5007;201300003349;0;7;0;0.0;2.0;3.0;1.0;B02
5008;201300003349;0;10;0;0.0;2.0;3.0;13.0;A01
5009;201300003350;0;7;0;0.0;2.0;1.0;15.0;A01
5010;201300003350;0;33;0;0.0;2.0;1.0;1.0;B02
5011;201300003351;0;33;0;13.0;0.0;3.0;13.0;A01
5012;201300003352;0;7;0;6.0;0.0;1.0;1.0;A01
5013;201300003353;0;33;0;0.0;2.0;1.0;1.0;B02
5014;201300003353;0;7;0;0.0;2.0;8.0;19.0;A01
5015;201300003354;0;7;0;6.0;0.0;8.0;1.0;A01
5016;201300003355;0;7;0;8.0;0.0;1.0;14.0;A01
5017;201300003356;0;7;0;6.0;0.0;2.0;13.0;A01
5018;201300003357;0;7;0;0.0;2.0;3.0;15.0;A01
5019;201300003357;0;21;0;0.0;2.0;1.0;0.0;B02
5020;201300003358;0;30;0;0.0;2.0;2.0;1.0;B02
5021;201300003358;0;7;0;0.0;2.0;3.0;9.0;A01
5022;201300003359;0;7;0;0.0;2.0;3.0;15.0;A01
5023;201300003359;0;30;0;0.0;2.0;1.0;1.0;B02
5024;201300003360;0;7;0;0.0;2.0;3.0;1.0;B02
5025;201300003360;0;7;0;0.0;2.0;2.0;5.0;A01
5026;201300003362;0;10;0;0.0;2.0;3.0;1.0;B02
5027;201300003362;0;7;0;0.0;2.0;1.0;15.0;A01
5028;201300003363;0;7;0;0.0;2.0;3.0;1.0;A01
5029;201300003363;0;1;0;0.0;2.0;0.0;1.0;C02
5030;201300003363;0;1;0;0.0;2.0;1.0;1.0;B02
5031;201300003364;0;7;0;0.0;2.0;3.0;13.0;A01
5032;201300003364;0;7;0;0.0;2.0;3.0;1.0;B02
5033;201300003365;0;7;0;6.0;0.0;8.0;0.0;A01
5034;201300003366;0;7;0;0.0;1.0;1.0;1.0;A01
5035;201300003367;1;7;0;0.0;2.0;2.0;1.0;A01
5036;201300003367;0;1;0;0.0;2.0;8.0;19.0;B02
5037;201300003368;0;7;0;0.0;1.0;1.0;15.0;A01
5038;201300003369;0;7;0;0.0;2.0;1.0;1.0;C03
5039;201300003369;0;7;0;0.0;2.0;6.0;1.0;B02
5040;201300003369;0;7;0;0.0;2.0;2.0;17.0;A01
5041;201300003370;0;33;0;0.0;5.0;1.0;21.0;A01
5042;201300003371;0;7;0;0.0;2.0;1.0;0.0;A01
5043;201300003371;0;7;0;0.0;2.0;8.0;0.0;B02
5044;201300003372;0;7;0;2.0;0.0;3.0;1.0;A01
5045;201300003373;0;7;0;0.0;0.0;1.0;1.0;A01
5046;201300003374;0;10;0;13.0;0.0;8.0;1.0;A01
5047;201300003375;0;7;0;0.0;2.0;2.0;15.0;A01
5048;201300003375;0;2;0;0.0;2.0;3.0;1.0;B02
5049;201300003376;0;7;0;2.0;0.0;1.0;1.0;A01
5050;201300003377;0;7;0;8.0;0.0;0.0;2.0;A01
5051;201300003378;0;7;0;0.0;2.0;1.0;1.0;B02
5052;201300003378;0;30;0;0.0;2.0;7.0;19.0;A01
5053;201300003379;0;33;0;0.0;0.0;8.0;1.0;A01
5054;201300003380;0;14;0;10.0;0.0;0.0;1.0;A01
5055;201300003381;0;7;0;0.0;0.0;8.0;6.0;A01
5056;201300003381;0;7;0;0.0;2.0;1.0;2.0;B02
5057;201300003382;0;33;0;0.0;2.0;3.0;13.0;A01
5058;201300003382;0;7;0;0.0;2.0;3.0;1.0;B02
5059;201300003383;0;7;0;0.0;2.0;3.0;13.0;A01
5060;201300003383;0;33;0;0.0;2.0;9.0;1.0;B02
5061;201300003384;0;7;0;2.0;0.0;1.0;13.0;A01
5062;201300003385;0;30;0;0.0;2.0;1.0;13.0;A01
5063;201300003385;0;7;0;0.0;2.0;2.0;1.0;B02
5064;201300003386;0;7;0;6.0;0.0;2.0;1.0;A01
5065;201300003387;0;2;0;0.0;2.0;3.0;15.0;A01
5066;201300003387;0;7;0;0.0;2.0;6.0;1.0;B02
5067;201300003388;0;7;0;2.0;0.0;4.0;1.0;A01
5068;201300003389;0;7;0;0.0;2.0;1.0;13.0;A01
5069;201300003389;0;10;0;0.0;2.0;1.0;1.0;B02
5070;201300003390;0;10;0;6.0;0.0;4.0;0.0;A01
5071;201300003391;0;7;0;0.0;2.0;3.0;1.0;B02
5072;201300003391;0;30;0;0.0;2.0;1.0;13.0;A01
5073;201300003392;0;7;0;0.0;2.0;8.0;19.0;B02
5074;201300003392;0;10;0;0.0;2.0;1.0;1.0;A01
5075;201300003393;0;7;0;1.0;1.0;2.0;1.0;A01
5076;201300003393;0;7;0;0.0;2.0;2.0;23.0;B02
5077;201300003394;0;33;0;4.0;0.0;8.0;1.0;A01
5078;201300003395;0;7;0;0.0;2.0;3.0;1.0;A01
5079;201300003395;0;21;0;0.0;2.0;3.0;1.0;B02
5080;201300003396;0;7;0;8.0;0.0;1.0;1.0;A01
5081;201300003397;0;7;0;0.0;2.0;7.0;1.0;A01
5082;201300003397;0;7;0;0.0;2.0;1.0;1.0;B02
5083;201300003399;0;2;0;0.0;0.0;7.0;16.0;A01
5084;201300003400;0;7;0;0.0;2.0;1.0;1.0;A01
5085;201300003400;0;1;0;0.0;2.0;7.0;0.0;B02
5086;201300003401;0;7;0;0.0;2.0;1.0;19.0;A01
5087;201300003401;0;7;0;0.0;2.0;3.0;1.0;B02
5088;201300003402;0;7;0;13.0;0.0;1.0;13.0;A01
5089;201300003403;0;17;0;0.0;2.0;3.0;1.0;B02
5090;201300003403;0;7;0;0.0;2.0;3.0;13.0;A01
5091;201300003404;0;15;0;0.0;2.0;3.0;0.0;B02
5092;201300003404;0;7;0;0.0;2.0;1.0;13.0;A01
5093;201300003405;0;7;0;13.0;0.0;2.0;14.0;A01
5094;201300003406;0;2;0;0.0;2.0;3.0;19.0;A01
5095;201300003406;0;7;0;0.0;2.0;1.0;1.0;B02
5096;201300003407;0;7;0;0.0;2.0;3.0;13.0;A01
5097;201300003407;0;15;0;0.0;2.0;3.0;21.0;B02
5098;201300003408;0;7;0;0.0;2.0;3.0;13.0;A01
5099;201300003408;0;7;0;0.0;2.0;8.0;1.0;B02
5100;201300003409;0;7;0;13.0;0.0;9.0;1.0;A01
5101;201300003411;0;7;0;0.0;2.0;0.0;1.0;A01
5102;201300003411;0;30;0;0.0;0.0;1.0;15.0;B02
5103;201300003413;0;10;0;0.0;1.0;5.0;4.0;A01
5104;201300003415;0;7;0;13.0;0.0;9.0;1.0;A01
5105;201300003416;0;33;0;0.0;2.0;1.0;2.0;B02
5106;201300003416;0;7;0;0.0;2.0;4.0;16.0;A01
5107;201300003417;0;31;0;0.0;2.0;1.0;1.0;B02
5108;201300003417;0;7;0;0.0;2.0;8.0;15.0;A01
5109;201300003418;0;7;0;6.0;0.0;1.0;1.0;A01
5110;201300003420;0;7;0;0.0;2.0;3.0;1.0;A01
5111;201300003420;0;1;0;0.0;2.0;1.0;1.0;B02
5112;201300003421;0;7;0;0.0;2.0;3.0;13.0;A01
5113;201300003421;0;10;0;0.0;2.0;3.0;1.0;B02
5114;201300003421;0;10;0;0.0;2.0;1.0;2.0;C03
5115;201300003422;0;7;0;0.0;0.0;9.0;1.0;A01
5116;201300003423;0;7;0;0.0;2.0;1.0;1.0;A01
5117;201300003423;0;7;0;0.0;2.0;1.0;1.0;B02
5118;201300003425;0;7;0;0.0;2.0;8.0;15.0;A01
5119;201300003425;0;33;0;0.0;2.0;1.0;17.0;B02
5120;201300003426;0;7;0;2.0;0.0;8.0;1.0;A01
5121;201300003427;0;7;0;0.0;2.0;2.0;17.0;A01
5122;201300003427;0;7;0;0.0;2.0;3.0;15.0;B02
5123;201300003428;0;13;0;0.0;2.0;3.0;9.0;A01
5124;201300003428;0;30;0;0.0;2.0;1.0;9.0;B02
5125;201300003429;0;2;0;6.0;0.0;1.0;21.0;A01
5126;201300003430;0;7;0;2.0;0.0;1.0;1.0;A01
5127;201300003431;0;7;0;2.0;0.0;1.0;0.0;A01
5128;201300003432;0;7;0;0.0;2.0;1.0;15.0;A01
5129;201300003432;0;7;0;0.0;2.0;3.0;1.0;B02
5130;201300003433;0;30;0;0.0;0.0;1.0;1.0;A01
5131;201300003434;0;7;0;2.0;0.0;1.0;1.0;A01
5132;201300003435;0;2;0;3.0;0.0;1.0;1.0;A01
5133;201300003436;0;7;0;0.0;0.0;2.0;1.0;A01
5134;201300003437;0;7;0;6.0;0.0;2.0;1.0;A01
5135;201300003438;0;7;0;15.0;0.0;3.0;13.0;A01
5136;201300003439;0;7;0;0.0;9.0;2.0;1.0;A01
5137;201300003439;0;1;0;0.0;2.0;4.0;1.0;B02
5138;201300003440;0;31;0;0.0;6.0;1.0;1.0;A01
5139;201300003441;0;7;0;13.0;0.0;9.0;0.0;A01
5140;201300003443;0;10;0;13.0;0.0;1.0;0.0;A01
5141;201300003444;0;17;0;0.0;2.0;6.0;1.0;A01
5142;201300003444;0;13;0;0.0;2.0;3.0;1.0;B02
5143;201300003445;0;7;0;8.0;0.0;2.0;0.0;A01
5144;201300003446;0;7;0;0.0;0.0;9.0;1.0;A01
5145;201300003447;0;7;0;0.0;2.0;1.0;2.0;A01
5146;201300003447;0;7;0;0.0;2.0;4.0;2.0;B02
5147;201300003448;0;3;0;3.0;0.0;0.0;1.0;A01
5148;201300003449;0;7;0;13.0;0.0;8.0;1.0;A01
5149;201300003451;0;7;0;0.0;2.0;1.0;15.0;A01
5150;201300003451;0;1;0;0.0;2.0;7.0;1.0;B02
5151;201300003452;0;7;0;0.0;0.0;9.0;1.0;A01
5152;201300003453;0;7;0;0.0;2.0;3.0;15.0;A01
5153;201300003453;0;33;0;0.0;2.0;8.0;1.0;B02
5154;201300003454;0;33;0;0.0;6.0;1.0;1.0;A01
5155;201300003455;0;31;0;0.0;0.0;7.0;19.0;A01
5156;201300003455;0;7;0;0.0;2.0;3.0;1.0;B02
5157;201300003456;0;33;0;0.0;2.0;1.0;5.0;A01
5158;201300003456;0;7;0;0.0;2.0;2.0;1.0;B02
5159;201300003457;0;2;0;0.0;2.0;1.0;1.0;B02
5160;201300003457;0;7;0;0.0;2.0;2.0;15.0;A01
5161;201300003458;0;7;0;0.0;0.0;4.0;10.0;A01
5162;201300003458;0;7;0;0.0;2.0;1.0;1.0;B02
5163;201300003459;0;14;0;0.0;2.0;4.0;1.0;B02
5164;201300003459;0;7;0;0.0;2.0;1.0;1.0;A01
5165;201300003460;0;21;0;0.0;0.0;6.0;1.0;A01
5166;201300003460;0;7;0;0.0;2.0;2.0;1.0;C03
5167;201300003460;0;7;0;0.0;2.0;1.0;1.0;B02
5168;201300003461;0;10;0;0.0;2.0;1.0;1.0;B02
5169;201300003461;0;33;0;0.0;2.0;1.0;1.0;A01
5170;201300003462;0;7;0;13.0;0.0;1.0;1.0;A01
5171;201300003463;1;7;0;0.0;2.0;7.0;15.0;B02
5172;201300003463;0;33;0;0.0;2.0;3.0;1.0;A01
5173;201300003465;0;7;0;0.0;2.0;1.0;13.0;B02
5174;201300003465;0;7;0;0.0;2.0;1.0;1.0;A01
5175;201300003466;0;7;0;13.0;0.0;1.0;1.0;A01
5176;201300003467;0;7;0;0.0;1.0;3.0;1.0;A01