;Num_Acc;senc;catv;occutc;obs;obsm;choc;manv;num_veh
5177;201300003468;0;10;0;0.0;0.0;1.0;1.0;C03
5178;201300003468;0;7;0;0.0;2.0;7.0;15.0;B02
5179;201300003468;0;7;0;0.0;2.0;1.0;1.0;A01
5180;201300003470;0;7;0;0.0;2.0;1.0;17.0;A01
5181;201300003470;0;10;0;0.0;2.0;1.0;1.0;B02
5182;201300003471;0;7;0;7.0;0.0;1.0;1.0;A01
5183;201300003472;0;7;0;16.0;0.0;9.0;1.0;A01
5184;201300003473;0;2;0;0.0;2.0;1.0;13.0;A01
5185;201300003473;0;10;0;0.0;2.0;2.0;13.0;B02
5186;201300003474;0;33;0;16.0;0.0;8.0;1.0;A01
5187;201300003475;0;33;0;12.0;0.0;1.0;0.0;A01
5188;201300003476;0;7;0;13.0;0.0;1.0;1.0;A01
5189;201300003477;0;7;0;0.0;2.0;2.0;1.0;A01
5190;201300003477;0;7;0;0.0;2.0;3.0;16.0;B02
5191;201300003477;0;7;0;0.0;2.0;3.0;24.0;C03
5192;201300003478;0;33;0;0.0;2.0;7.0;1.0;B02
5193;201300003478;0;7;0;0.0;2.0;2.0;15.0;A01
5194;201300003479;0;7;0;2.0;0.0;1.0;19.0;A01
5195;201300003480;0;14;0;0.0;1.0;7.0;2.0;A01
5196;201300003481;0;7;0;13.0;0.0;7.0;1.0;A01
5197;201300003482;0;30;0;16.0;0.0;9.0;1.0;A01
5198;201300003483;0;7;0;0.0;0.0;5.0;1.0;B02
5199;201300003483;0;7;0;8.0;1.0;2.0;1.0;A01
5200;201300003484;0;7;0;0.0;1.0;3.0;1.0;A01
5201;201300003485;0;1;0;0.0;0.0;4.0;1.0;A01
5202;201300003485;0;1;0;0.0;0.0;0.0;0.0;B02
5203;201300003486;0;7;0;0.0;0.0;2.0;1.0;A01
5204;201300003486;0;1;0;0.0;2.0;8.0;13.0;B02
5205;201300003488;0;2;0;0.0;2.0;1.0;1.0;B02
5206;201300003488;0;7;0;0.0;2.0;1.0;5.0;A01
5207;201300003489;0;7;0;0.0;2.0;2.0;15.0;A01
5208;201300003489;0;2;0;0.0;2.0;1.0;1.0;B02
5209;201300003491;0;1;0;0.0;2.0;7.0;1.0;B02
5210;201300003491;0;30;0;0.0;2.0;3.0;15.0;A01
5211;201300003492;0;33;0;0.0;2.0;8.0;1.0;A01
5212;201300003492;0;7;0;0.0;2.0;1.0;1.0;B02
5213;201300003493;0;7;0;0.0;2.0;1.0;17.0;A01
5214;201300003493;0;7;0;0.0;2.0;1.0;1.0;B02
5215;201300003494;0;7;0;0.0;1.0;1.0;1.0;A01
5216;201300003495;0;7;0;6.0;0.0;1.0;13.0;A01
5217;201300003496;0;7;0;13.0;0.0;2.0;1.0;A01
5218;201300003497;0;10;0;0.0;0.0;2.0;1.0;A01
5219;201300003498;0;1;0;6.0;0.0;1.0;15.0;A01
5220;201300003499;0;7;0;0.0;2.0;0.0;1.0;B02
5221;201300003499;0;7;0;0.0;2.0;7.0;13.0;A01
5222;201300003500;0;1;0;0.0;2.0;3.0;1.0;B02
5223;201300003500;0;10;0;0.0;2.0;2.0;2.0;A01
5224;201300003501;0;21;0;0.0;2.0;5.0;15.0;B02
5225;201300003501;0;31;0;0.0;2.0;1.0;17.0;A01
5226;201300003502;0;7;0;13.0;0.0;3.0;13.0;A01
5227;201300003503;0;7;0;0.0;2.0;3.0;15.0;B02
5228;201300003503;0;30;0;0.0;2.0;2.0;17.0;A01
5229;201300003504;0;7;0;1.0;0.0;1.0;1.0;A01
5230;201300003505;0;7;0;8.0;0.0;1.0;14.0;A01
5231;201300003506;0;7;0;0.0;1.0;3.0;15.0;A01
5232;201300003507;0;7;0;16.0;0.0;9.0;1.0;A01
5233;201300003508;0;33;0;2.0;0.0;1.0;13.0;A01
5234;201300003509;0;10;0;0.0;2.0;7.0;15.0;A01
5235;201300003509;0;2;0;0.0;2.0;1.0;1.0;B02
5236;201300003510;0;7;0;0.0;1.0;2.0;1.0;A01
5237;201300003512;0;7;0;0.0;2.0;7.0;13.0;A01
5238;201300003512;0;7;0;0.0;2.0;1.0;1.0;B02
5239;201300003513;0;2;0;0.0;2.0;1.0;1.0;A01
5240;201300003513;0;7;0;0.0;2.0;3.0;15.0;B02
5241;201300003514;0;2;0;0.0;2.0;8.0;19.0;B02
5242;201300003514;0;7;0;0.0;2.0;2.0;1.0;A01
5243;201300003515;0;7;0;0.0;2.0;2.0;1.0;A01
5244;201300003515;0;7;0;0.0;2.0;3.0;15.0;B02
5245;201300003516;0;7;0;0.0;1.0;1.0;1.0;A01
5246;201300003518;0;7;0;8.0;0.0;3.0;1.0;A01
5247;201300003519;0;7;0;0.0;0.0;9.0;1.0;A01
5248;201300003520;0;33;0;0.0;0.0;8.0;1.0;A01
5249;201300003521;0;7;0;0.0;2.0;1.0;1.0;B02
5250;201300003521;0;7;0;0.0;2.0;1.0;1.0;A01
5251;201300003522;0;7;0;13.0;0.0;9.0;0.0;A01
5252;201300003523;0;7;0;0.0;2.0;7.0;17.0;A01
5253;201300003523;0;1;0;0.0;2.0;3.0;1.0;B02
5254;201300003524;0;7;0;8.0;0.0;1.0;1.0;A01
5255;201300003525;0;7;0;1.0;0.0;2.0;1.0;A01
5256;201300003526;0;10;0;13.0;0.0;1.0;1.0;A01
5257;201300003527;0;7;0;16.0;0.0;1.0;14.0;A01
5258;201300003528;0;7;0;0.0;2.0;3.0;13.0;A01
5259;201300003528;0;7;0;0.0;2.0;1.0;1.0;B02
5260;201300003529;0;7;0;0.0;0.0;1.0;13.0;A01
5261;201300003529;0;7;0;0.0;0.0;1.0;1.0;B02
5262;201300003530;0;7;0;13.0;0.0;7.0;1.0;A01
5263;201300003531;0;21;0;0.0;0.0;6.0;2.0;A01
5264;201300003531;0;7;0;0.0;2.0;1.0;2.0;B02
5265;201300003532;0;7;0;2.0;0.0;2.0;1.0;A01
5266;201300003533;0;7;0;0.0;2.0;3.0;9.0;A01
5267;201300003533;0;2;0;1.0;2.0;1.0;17.0;B02
5268;201300003534;0;7;0;2.0;0.0;3.0;13.0;A01
5269;201300003535;0;2;0;0.0;2.0;1.0;1.0;A01
5270;201300003535;0;7;0;0.0;2.0;2.0;1.0;B02
5271;201300003536;0;7;0;8.0;0.0;1.0;1.0;A01
5272;201300003537;0;7;0;2.0;0.0;1.0;1.0;A01
5273;201300003538;0;10;0;0.0;1.0;3.0;1.0;A01
5274;201300003539;0;7;0;0.0;1.0;1.0;1.0;A01
5275;201300003540;0;10;0;0.0;2.0;3.0;1.0;A01
5276;201300003540;0;10;0;0.0;2.0;1.0;1.0;B02
5277;201300003541;0;30;0;0.0;2.0;1.0;1.0;A01
5278;201300003541;0;7;0;0.0;2.0;7.0;1.0;B02
5279;201300003542;0;31;0;8.0;0.0;7.0;1.0;A01
5280;201300003543;0;7;0;0.0;0.0;1.0;13.0;A01
5281;201300003543;0;7;0;0.0;0.0;1.0;1.0;B02
5282;201300003544;0;33;0;1.0;0.0;8.0;1.0;A01
5283;201300003545;0;33;0;0.0;0.0;1.0;1.0;A01
5284;201300003547;0;31;0;0.0;0.0;8.0;1.0;A01
5285;201300003548;0;30;0;15.0;0.0;1.0;1.0;A01
5286;201300003549;0;7;0;8.0;0.0;2.0;21.0;A01
5287;201300003551;0;7;0;0.0;2.0;3.0;1.0;B02
5288;201300003551;0;7;0;0.0;2.0;3.0;13.0;A01
5289;201300003552;0;31;0;0.0;0.0;8.0;17.0;A01
5290;201300003553;0;7;0;6.0;0.0;1.0;1.0;A01
5291;201300003556;0;10;0;0.0;2.0;1.0;15.0;A01
5292;201300003556;0;7;0;0.0;2.0;1.0;1.0;B02
5293;201300003556;0;7;0;0.0;2.0;3.0;23.0;C03
5294;201300003557;0;30;0;0.0;1.0;1.0;1.0;A01
5295;201300003558;0;7;0;1.0;0.0;2.0;13.0;A01
5296;201300003558;0;7;0;0.0;2.0;6.0;0.0;C03
5297;201300003558;0;7;0;0.0;2.0;1.0;0.0;B02
5298;201300003559;0;7;0;0.0;2.0;7.0;0.0;B02
5299;201300003559;0;33;0;0.0;2.0;3.0;1.0;A01
5300;201300003560;0;10;0;0.0;0.0;5.0;15.0;A01
5301;201300003560;0;2;0;0.0;2.0;1.0;2.0;B02
5302;201300003561;0;7;0;0.0;2.0;3.0;19.0;A01
5303;201300003561;0;7;0;0.0;2.0;8.0;1.0;B02
5304;201300003562;0;33;0;0.0;2.0;7.0;17.0;B02
5305;201300003562;0;7;0;0.0;0.0;8.0;15.0;A01
5306;201300003563;0;7;0;0.0;2.0;2.0;17.0;A01
5307;201300003563;0;7;0;0.0;2.0;1.0;1.0;B02
5308;201300003564;0;30;0;0.0;2.0;7.0;13.0;A01
5309;201300003564;0;30;0;0.0;2.0;1.0;1.0;B02
5310;201300003565;0;2;0;0.0;2.0;1.0;1.0;B02
5311;201300003565;0;10;0;0.0;2.0;2.0;15.0;A01
5312;201300003566;0;10;0;0.0;2.0;8.0;1.0;A01
5313;201300003566;0;7;0;0.0;2.0;3.0;1.0;B02
5314;201300003567;0;7;0;0.0;2.0;8.0;1.0;D04
5315;201300003567;0;7;0;0.0;2.0;1.0;1.0;C03
5316;201300003567;0;10;0;0.0;2.0;1.0;1.0;B02
5317;201300003567;0;7;0;0.0;2.0;3.0;13.0;A01
5318;201300003568;0;7;0;0.0;1.0;2.0;1.0;A01
5319;201300003569;0;1;0;0.0;2.0;3.0;10.0;A01
5320;201300003569;0;7;0;0.0;9.0;1.0;1.0;B02
5321;201300003570;0;33;0;0.0;0.0;8.0;1.0;A01
5322;201300003571;0;7;0;0.0;2.0;1.0;1.0;C03
5323;201300003571;0;7;0;0.0;2.0;1.0;15.0;A01
5324;201300003571;0;7;0;0.0;2.0;1.0;1.0;B02
5325;201300003572;0;7;0;0.0;2.0;1.0;1.0;A01
5326;201300003572;0;7;0;0.0;2.0;0.0;19.0;B02
5327;201300003573;0;7;0;13.0;0.0;1.0;1.0;A01
5328;201300003575;0;7;0;0.0;2.0;1.0;1.0;B02
5329;201300003575;0;7;0;0.0;2.0;8.0;15.0;A01
5330;201300003576;0;7;0;0.0;2.0;3.0;1.0;B02
5331;201300003576;0;33;0;0.0;2.0;1.0;17.0;A01
5332;201300003577;0;33;0;0.0;2.0;1.0;1.0;B02
5333;201300003577;0;7;0;0.0;2.0;8.0;15.0;A01
5334;201300003578;0;14;0;13.0;0.0;1.0;1.0;A01
5335;201300003579;0;33;0;14.0;0.0;8.0;1.0;A01
5336;201300003580;0;7;0;13.0;0.0;2.0;1.0;A01
5337;201300003581;0;7;0;0.0;2.0;1.0;2.0;A01
5338;201300003581;0;10;0;0.0;2.0;4.0;1.0;B02
5339;201300003582;0;33;0;0.0;2.0;1.0;17.0;B02
5340;201300003582;0;7;0;0.0;0.0;6.0;15.0;A01
5341;201300003583;0;7;0;0.0;2.0;1.0;15.0;B02
5342;201300003583;0;1;0;0.0;2.0;8.0;1.0;A01
5343;201300003586;0;7;0;0.0;1.0;2.0;17.0;A01
5344;201300003587;0;7;0;0.0;2.0;3.0;13.0;A01
5345;201300003587;0;7;0;0.0;2.0;1.0;0.0;B02
5346;201300003588;0;7;0;0.0;2.0;3.0;1.0;A01
5347;201300003588;0;7;0;0.0;2.0;3.0;1.0;B02
5348;201300003589;0;31;0;0.0;2.0;1.0;17.0;B02
5349;201300003589;0;7;0;0.0;2.0;3.0;9.0;A01
5350;201300003589;0;15;0;0.0;2.0;0.0;1.0;C03
5351;201300003590;0;7;0;0.0;2.0;1.0;9.0;A01
5352;201300003590;0;30;0;0.0;2.0;2.0;3.0;B02
5353;201300003591;0;10;0;0.0;1.0;0.0;1.0;A01
5354;201300003592;0;10;0;0.0;1.0;4.0;4.0;A01
5355;201300003593;0;7;0;0.0;2.0;3.0;1.0;C03
5356;201300003593;0;7;0;0.0;2.0;3.0;5.0;A01
5357;201300003593;0;33;0;0.0;2.0;1.0;17.0;B02
5358;201300003594;0;10;0;0.0;2.0;2.0;19.0;A01
5359;201300003594;0;7;0;0.0;2.0;1.0;0.0;B02
5360;201300003595;0;7;0;13.0;0.0;2.0;1.0;A01
5361;201300003596;0;33;0;0.0;2.0;1.0;1.0;B02
5362;201300003596;0;7;0;0.0;2.0;7.0;15.0;A01
5363;201300003600;0;7;0;6.0;0.0;1.0;0.0;A01
5364;201300003601;0;34;0;0.0;2.0;0.0;1.0;A01
5365;201300003601;0;10;0;0.0;2.0;7.0;6.0;B02
5366;201300003602;0;7;0;0.0;2.0;1.0;1.0;B02
5367;201300003602;0;7;0;0.0;2.0;1.0;13.0;A01
5368;201300003603;0;10;0;2.0;0.0;7.0;1.0;A01
5369;201300003604;0;14;0;0.0;2.0;4.0;1.0;A01
5370;201300003604;0;7;0;0.0;2.0;8.0;1.0;B02
5371;201300003605;0;7;0;0.0;1.0;1.0;15.0;A01
5372;201300003607;0;7;0;0.0;2.0;3.0;1.0;A01
5373;201300003607;0;33;0;0.0;2.0;1.0;1.0;B02
5374;201300003608;0;10;0;0.0;2.0;3.0;15.0;A01
5375;201300003608;0;10;0;0.0;2.0;3.0;1.0;B02
5376;201300003609;0;7;0;0.0;1.0;3.0;1.0;A01
5377;201300003610;0;3;0;0.0;2.0;3.0;15.0;A01
5378;201300003610;0;33;0;0.0;2.0;7.0;1.0;B02
5379;201300003611;0;31;0;0.0;2.0;1.0;1.0;A01
5380;201300003611;0;7;0;0.0;2.0;2.0;1.0;B02
5381;201300003612;0;7;0;0.0;1.0;2.0;1.0;A01
5382;201300003613;0;7;0;0.0;0.0;3.0;1.0;B02
5383;201300003613;0;10;0;0.0;2.0;1.0;1.0;A01
5384;201300003614;0;7;0;13.0;0.0;1.0;1.0;A01
5385;201300003615;0;7;0;0.0;0.0;3.0;15.0;A01
5386;201300003615;0;1;0;0.0;0.0;3.0;0.0;B02
5387;201300003616;0;31;0;2.0;0.0;1.0;1.0;A01
5388;201300003617;0;7;0;2.0;0.0;3.0;1.0;A01
5389;201300003618;0;7;0;0.0;1.0;3.0;1.0;A01
5390;201300003619;0;7;0;2.0;0.0;8.0;1.0;A01
5391;201300003621;0;7;0;0.0;2.0;3.0;13.0;A01
5392;201300003621;0;7;0;0.0;2.0;1.0;1.0;B02
5393;201300003621;0;7;0;0.0;2.0;3.0;1.0;C03
5394;201300003622;0;33;0;13.0;0.0;1.0;1.0;A01
5395;201300003623;0;7;0;0.0;2.0;3.0;1.0;B02
5396;201300003623;0;7;0;0.0;2.0;3.0;13.0;A01
5397;201300003624;0;30;0;0.0;1.0;1.0;1.0;A01
5398;201300003625;0;33;0;0.0;2.0;1.0;1.0;A01
5399;201300003625;0;7;0;0.0;2.0;3.0;15.0;B02
5400;201300003626;0;7;0;9.0;0.0;1.0;13.0;A01
5401;201300003627;0;7;0;6.0;2.0;2.0;1.0;B02
5402;201300003627;0;7;0;6.0;2.0;8.0;19.0;A01
5403;201300003628;0;10;0;3.0;2.0;3.0;1.0;B02
5404;201300003628;0;10;0;0.0;2.0;3.0;11.0;A01
5405;201300003628;0;10;0;0.0;2.0;1.0;1.0;C03
5406;201300003629;0;7;0;2.0;0.0;1.0;0.0;A01
5407;201300003630;0;15;0;0.0;2.0;6.0;1.0;B02
5408;201300003630;0;33;0;11.0;2.0;1.0;17.0;A01
5409;201300003631;0;7;0;0.0;2.0;1.0;1.0;B02
5410;201300003631;0;7;0;0.0;2.0;3.0;19.0;A01
5411;201300003632;0;7;0;0.0;2.0;3.0;1.0;B02
5412;201300003632;0;7;0;0.0;2.0;3.0;5.0;A01
5413;201300003633;0;7;0;0.0;2.0;1.0;1.0;B02
5414;201300003633;0;7;0;0.0;2.0;1.0;1.0;C03
5415;201300003633;0;7;0;0.0;2.0;1.0;13.0;A01
5416;201300003634;0;30;0;1.0;0.0;1.0;2.0;A01
5417;201300003637;0;7;0;0.0;1.0;1.0;1.0;A01
5418;201300003639;0;7;0;13.0;0.0;3.0;16.0;A01
5419;201300003640;0;7;0;10.0;2.0;3.0;1.0;B02
5420;201300003640;0;7;0;0.0;2.0;3.0;15.0;A01
5421;201300003641;0;7;0;2.0;0.0;3.0;1.0;A01
5422;201300003642;0;1;0;0.0;2.0;1.0;1.0;B02
5423;201300003642;0;7;0;0.0;2.0;7.0;15.0;A01
5424;201300003643;0;7;0;0.0;2.0;3.0;1.0;A01
5425;201300003643;0;10;0;0.0;2.0;3.0;1.0;B02
5426;201300003644;0;30;0;0.0;2.0;8.0;1.0;B02
5427;201300003644;0;14;0;0.0;2.0;0.0;17.0;A01
5428;201300003645;0;7;0;6.0;0.0;2.0;14.0;A01
5429;201300003646;0;10;0;0.0;2.0;1.0;13.0;A01
5430;201300003646;0;7;0;0.0;2.0;1.0;1.0;B02
5431;201300003647;0;7;0;0.0;0.0;8.0;19.0;A01
5432;201300003647;0;2;0;0.0;2.0;1.0;1.0;B02
5433;201300003649;0;33;0;0.0;0.0;4.0;1.0;B02
5434;201300003649;0;7;0;0.0;2.0;1.0;1.0;A01
5435;201300003650;0;7;0;13.0;0.0;1.0;1.0;A01
5436;201300003652;0;7;0;0.0;2.0;7.0;15.0;A01
5437;201300003652;0;33;0;0.0;2.0;1.0;1.0;B02
5438;201300003653;0;7;0;0.0;2.0;1.0;1.0;A01
5439;201300003653;0;7;0;0.0;2.0;1.0;13.0;B02
5440;201300003654;0;7;0;13.0;0.0;1.0;1.0;A01
5441;201300003655;0;7;0;0.0;2.0;5.0;15.0;A01
5442;201300003655;0;33;0;0.0;2.0;1.0;1.0;B02
5443;201300003657;0;7;0;0.0;2.0;1.0;1.0;B02
5444;201300003657;0;7;0;0.0;2.0;8.0;15.0;A01
5445;201300003658;0;14;0;0.0;2.0;2.0;15.0;A01
5446;201300003658;0;33;0;0.0;2.0;1.0;1.0;B02
5447;201300003659;0;33;0;13.0;0.0;9.0;13.0;A01
5448;201300003660;0;2;0;0.0;2.0;1.0;1.0;A01
5449;201300003660;0;7;0;0.0;0.0;7.0;1.0;B02
5450;201300003661;0;7;0;0.0;2.0;7.0;15.0;A01
5451;201300003661;0;34;0;0.0;2.0;1.0;1.0;B02
5452;201300003662;0;1;0;7.0;0.0;1.0;1.0;A01
5453;201300003663;0;32;0;0.0;2.0;7.0;1.0;B02
5454;201300003663;0;7;0;0.0;9.0;3.0;1.0;A01
5455;201300003665;0;2;0;0.0;2.0;8.0;1.0;B02
5456;201300003665;0;7;0;0.0;2.0;1.0;15.0;A01
5457;201300003666;0;7;0;0.0;1.0;3.0;1.0;A01
5458;201300003667;0;7;0;2.0;0.0;8.0;1.0;A01
5459;201300003668;0;7;0;9.0;0.0;6.0;1.0;A01
5460;201300003669;0;10;0;0.0;2.0;1.0;1.0;A01
5461;201300003669;0;1;0;0.0;2.0;4.0;1.0;C03
5462;201300003669;0;7;0;0.0;2.0;4.0;1.0;B02
5463;201300003670;0;7;0;0.0;2.0;8.0;1.0;B02
5464;201300003670;0;10;0;0.0;2.0;1.0;19.0;A01
5465;201300003671;0;31;0;12.0;0.0;0.0;1.0;A01
5466;201300003672;0;1;0;0.0;0.0;0.0;23.0;A01
5467;201300003672;0;21;0;0.0;0.0;0.0;1.0;B02
5468;201300003673;0;21;0;13.0;0.0;1.0;1.0;A01
5469;201300003674;0;7;0;2.0;0.0;9.0;0.0;A01
5470;201300003675;0;7;0;2.0;0.0;3.0;13.0;A01
5471;201300003676;0;7;0;0.0;2.0;1.0;1.0;A01
5472;201300003676;0;7;0;8.0;0.0;4.0;1.0;B02
5473;201300003677;1;7;0;0.0;1.0;7.0;1.0;A01
5474;201300003678;0;7;0;0.0;0.0;0.0;1.0;A01
5475;201300003679;0;7;0;0.0;2.0;3.0;13.0;A01
5476;201300003679;0;17;0;0.0;2.0;3.0;1.0;B02
5477;201300003680;0;7;0;13.0;2.0;8.0;1.0;A01
5478;201300003680;0;7;0;2.0;2.0;3.0;1.0;B02
5479;201300003681;0;7;0;0.0;1.0;3.0;1.0;A01
5480;201300003682;0;7;0;0.0;2.0;1.0;1.0;C03
5481;201300003682;0;7;0;0.0;2.0;1.0;1.0;B02
5482;201300003682;0;7;0;3.0;2.0;2.0;13.0;A01
5483;201300003683;0;2;0;0.0;2.0;1.0;1.0;B02
5484;201300003683;0;7;0;0.0;2.0;2.0;20.0;A01
5485;201300003684;0;7;0;6.0;0.0;1.0;13.0;A01
5486;201300003685;0;7;0;0.0;2.0;8.0;15.0;A01
5487;201300003685;0;33;0;0.0;2.0;1.0;1.0;B02
5488;201300003686;0;7;0;0.0;5.0;1.0;1.0;A01
5489;201300003686;0;7;0;0.0;2.0;3.0;1.0;B02
5490;201300003687;0;1;0;0.0;2.0;8.0;15.0;B02
5491;201300003687;0;7;0;0.0;9.0;1.0;19.0;A01
5492;201300003688;0;7;0;13.0;0.0;3.0;1.0;A01
5493;201300003689;0;33;0;0.0;0.0;0.0;0.0;A01
5494;201300003690;0;7;0;13.0;0.0;3.0;1.0;A01
5495;201300003691;0;2;0;0.0;2.0;1.0;1.0;B02
5496;201300003691;0;7;0;0.0;2.0;2.0;9.0;A01
5497;201300003692;0;7;0;0.0;2.0;7.0;1.0;B02
5498;201300003692;0;7;0;0.0;2.0;1.0;19.0;A01
5499;201300003693;0;7;0;13.0;0.0;0.0;1.0;A01
5500;201300003694;0;31;0;16.0;0.0;1.0;14.0;A01
5501;201300003695;0;7;0;2.0;0.0;3.0;0.0;A01
5502;201300003696;0;2;0;0.0;2.0;2.0;17.0;B02
5503;201300003696;0;21;0;0.0;2.0;8.0;15.0;A01
5504;201300003697;0;7;0;6.0;0.0;1.0;13.0;A01
5505;201300003698;0;7;0;1.0;0.0;2.0;1.0;A01
5506;201300003698;0;21;0;0.0;0.0;1.0;24.0;B02
5507;201300003699;0;7;0;0.0;0.0;2.0;15.0;A01
5508;201300003699;0;15;0;0.0;0.0;3.0;0.0;B02
5509;201300003700;0;21;0;0.0;0.0;5.0;15.0;A01
5510;201300003700;0;2;0;0.0;2.0;1.0;1.0;B02
5511;201300003701;0;7;0;0.0;1.0;3.0;1.0;A01
5512;201300003702;0;7;0;2.0;0.0;7.0;14.0;A01
5513;201300003703;0;7;0;2.0;0.0;8.0;1.0;A01
5514;201300003704;0;7;0;0.0;2.0;3.0;1.0;B02
5515;201300003704;0;7;0;0.0;2.0;3.0;13.0;A01
5516;201300003705;0;7;0;0.0;2.0;1.0;15.0;A01
5517;201300003705;0;14;0;0.0;2.0;1.0;1.0;B02
5518;201300003706;0;10;0;0.0;2.0;2.0;1.0;A01
5519;201300003706;0;14;0;0.0;2.0;5.0;19.0;B02
5520;201300003707;0;7;0;0.0;2.0;6.0;19.0;B02
5521;201300003707;0;33;0;0.0;2.0;3.0;1.0;A01
5522;201300003708;0;7;0;0.0;2.0;1.0;1.0;B02
5523;201300003708;0;7;0;0.0;2.0;1.0;15.0;A01
5524;201300003709;0;7;0;0.0;2.0;3.0;13.0;A01
5525;201300003709;0;7;0;0.0;2.0;3.0;1.0;B02
5526;201300003710;0;7;0;0.0;2.0;4.0;15.0;B02
5527;201300003710;0;7;0;0.0;2.0;1.0;17.0;A01
5528;201300003711;0;7;0;0.0;2.0;1.0;1.0;B02
5529;201300003711;0;7;0;0.0;2.0;1.0;13.0;A01
5530;201300003712;0;7;0;0.0;2.0;1.0;1.0;A01
5531;201300003712;0;7;0;0.0;2.0;1.0;13.0;B02
5532;201300003713;0;7;0;13.0;0.0;3.0;1.0;A01
5533;201300003714;0;7;0;2.0;0.0;1.0;1.0;A01
5534;201300003715;0;7;0;0.0;2.0;7.0;1.0;B02
5535;201300003715;0;7;0;0.0;2.0;1.0;1.0;A01
5536;201300003716;0;30;0;0.0;2.0;8.0;15.0;A01
5537;201300003716;0;7;0;0.0;2.0;2.0;17.0;B02
5538;201300003717;0;10;0;0.0;2.0;7.0;2.0;A01
5539;201300003717;0;1;0;0.0;2.0;3.0;11.0;B02
5540;201300003718;0;33;0;0.0;0.0;0.0;1.0;A01
5541;201300003719;0;7;0;0.0;2.0;3.0;1.0;B02
5542;201300003719;0;7;0;0.0;2.0;2.0;15.0;A01
5543;201300003721;0;31;0;0.0;0.0;0.0;1.0;A01
5544;201300003722;0;10;0;0.0;1.0;2.0;1.0;A01
5545;201300003723;0;7;0;6.0;0.0;1.0;1.0;A01
5546;201300003724;0;2;0;6.0;2.0;1.0;2.0;B02
5547;201300003724;0;7;0;0.0;9.0;4.0;2.0;A01
5548;201300003725;0;7;0;6.0;0.0;9.0;1.0;A01
5549;201300003726;0;7;0;13.0;0.0;3.0;13.0;A01
5550;201300003727;0;7;0;0.0;2.0;3.0;15.0;A01
5551;201300003727;0;10;0;0.0;2.0;1.0;1.0;B02
5552;201300003728;0;7;0;0.0;1.0;0.0;1.0;A01
5553;201300003729;0;7;0;0.0;2.0;1.0;1.0;B02
5554;201300003729;0;7;0;0.0;2.0;1.0;13.0;A01
5555;201300003730;0;7;0;0.0;2.0;1.0;1.0;B02
5556;201300003730;0;33;0;0.0;2.0;2.0;0.0;A01
5557;201300003731;0;7;0;0.0;1.0;3.0;1.0;A01
5558;201300003732;0;7;0;13.0;0.0;1.0;1.0;A01
5559;201300003733;0;7;0;13.0;0.0;2.0;1.0;A01
5560;201300003734;0;7;0;13.0;0.0;8.0;0.0;A01
5561;201300003735;0;7;0;0.0;2.0;3.0;9.0;A01
5562;201300003735;0;30;0;0.0;0.0;5.0;1.0;B02
5563;201300003736;0;10;0;0.0;2.0;3.0;13.0;A01
5564;201300003736;0;7;0;0.0;2.0;3.0;1.0;B02
5565;201300003737;0;2;0;0.0;2.0;1.0;1.0;B02
5566;201300003737;0;7;0;0.0;2.0;3.0;1.0;A01
5567;201300003738;0;10;0;8.0;0.0;2.0;14.0;A01
5568;201300003739;0;10;0;3.0;2.0;3.0;5.0;A01
5569;201300003739;0;10;0;0.0;2.0;3.0;1.0;C03
5570;201300003739;0;10;0;0.0;2.0;8.0;1.0;B02
5571;201300003740;0;7;0;0.0;2.0;3.0;5.0;A01
5572;201300003740;0;7;0;0.0;2.0;3.0;1.0;B02
5573;201300003741;0;7;0;0.0;2.0;2.0;17.0;A01
5574;201300003741;0;1;0;0.0;2.0;8.0;15.0;B02
5575;201300003742;1;7;0;0.0;1.0;1.0;1.0;A01
5576;201300003743;0;7;0;0.0;2.0;3.0;1.0;B02
5577;201300003743;0;7;0;0.0;2.0;2.0;15.0;A01
5578;201300003743;0;17;0;0.0;2.0;3.0;23.0;C03
5579;201300003744;0;10;0;0.0;2.0;7.0;13.0;A01
5580;201300003744;0;10;0;0.0;2.0;1.0;1.0;B02
5581;201300003745;0;7;0;0.0;2.0;3.0;5.0;A01
5582;201300003745;0;7;0;0.0;2.0;3.0;1.0;B02
5583;201300003746;0;7;0;0.0;2.0;3.0;1.0;B02
5584;201300003746;0;7;0;0.0;2.0;6.0;1.0;A01
5585;201300003747;0;7;0;13.0;0.0;3.0;13.0;A01
5586;201300003748;0;7;0;2.0;0.0;1.0;1.0;A01
5587;201300003749;0;7;0;13.0;0.0;1.0;15.0;A01
5588;201300003750;0;7;0;16.0;2.0;1.0;13.0;A01
5589;201300003750;0;10;0;0.0;0.0;0.0;19.0;B02
5590;201300003751;0;7;0;0.0;0.0;2.0;15.0;A01
5591;201300003751;0;7;0;0.0;0.0;2.0;1.0;B02
5592;201300003752;0;7;0;0.0;2.0;5.0;19.0;A01
5593;201300003752;0;33;0;0.0;2.0;1.0;1.0;B02
5594;201300003753;0;7;0;0.0;2.0;6.0;19.0;B02
5595;201300003753;0;7;0;2.0;2.0;1.0;1.0;A01
5596;201300003754;0;7;0;13.0;0.0;1.0;13.0;A01
5597;201300003755;0;7;0;3.0;0.0;2.0;1.0;A01
5598;201300003756;0;7;0;13.0;0.0;1.0;1.0;A01
5599;201300003757;0;10;0;0.0;1.0;5.0;4.0;A01
5600;201300003758;0;7;0;2.0;0.0;1.0;1.0;A01
5601;201300003759;0;10;0;0.0;1.0;3.0;1.0;A01
5602;201300003760;0;1;0;0.0;0.0;4.0;1.0;B02
5603;201300003760;0;10;0;0.0;0.0;2.0;2.0;A01
5604;201300003761;0;33;0;13.0;0.0;7.0;14.0;A01
5605;201300003763;0;2;0;0.0;2.0;1.0;1.0;B02