;Num_Acc;senc;catv;occutc;obs;obsm;choc;manv;num_veh
5606;201300003763;0;7;0;0.0;2.0;1.0;19.0;A01
5607;201300003764;0;31;0;0.0;0.0;9.0;1.0;A01
5608;201300003766;0;7;0;0.0;1.0;8.0;15.0;A01
5609;201300003767;0;7;0;0.0;0.0;4.0;23.0;A01
5610;201300003767;0;7;0;0.0;0.0;4.0;23.0;B01
5611;201300003767;0;7;0;0.0;2.0;1.0;2.0;C01
5612;201300003768;0;7;0;0.0;2.0;2.0;1.0;B01
5613;201300003768;0;30;0;0.0;2.0;3.0;9.0;A01
5614;201300003769;0;7;0;0.0;0.0;2.0;1.0;A01
5615;201300003769;0;1;0;0.0;2.0;1.0;1.0;B01
5616;201300003770;0;2;0;0.0;2.0;8.0;1.0;B01
5617;201300003770;1;7;0;0.0;2.0;2.0;17.0;A01
5618;201300003771;0;7;0;0.0;2.0;8.0;11.0;A01
5619;201300003771;0;2;0;0.0;2.0;1.0;2.0;B01
5620;201300003772;0;1;0;0.0;0.0;4.0;1.0;B01
5621;201300003772;0;7;0;14.0;2.0;3.0;9.0;A01
5622;201300003773;0;7;0;0.0;1.0;7.0;1.0;A01
5623;201300003774;0;7;0;0.0;2.0;8.0;19.0;A01
5624;201300003774;0;7;0;0.0;2.0;1.0;1.0;B02
5625;201300003775;0;7;0;0.0;1.0;3.0;1.0;A01
5626;201300003776;0;1;0;0.0;9.0;8.0;19.0;A01
5627;201300003776;0;1;0;0.0;9.0;1.0;1.0;B02
5628;201300003778;0;7;0;13.0;0.0;2.0;14.0;A01
5629;201300003779;0;7;0;2.0;0.0;1.0;13.0;A01
5630;201300003780;0;7;0;13.0;0.0;3.0;1.0;A01
5631;201300003781;0;14;0;0.0;2.0;1.0;5.0;A01
5632;201300003781;0;7;0;0.0;2.0;1.0;1.0;C03
5633;201300003781;0;7;0;0.0;2.0;1.0;1.0;B02
5634;201300003782;0;7;0;0.0;2.0;1.0;1.0;A01
5635;201300003782;0;7;0;0.0;2.0;1.0;1.0;B02
5636;201300003783;0;7;0;0.0;1.0;8.0;1.0;A01
5637;201300003784;0;33;0;16.0;0.0;3.0;1.0;A01
5638;201300003785;0;15;0;0.0;2.0;7.0;1.0;C03
5639;201300003785;0;7;0;0.0;2.0;2.0;13.0;A01
5640;201300003785;0;15;0;0.0;2.0;1.0;1.0;B02
5641;201300003786;0;30;0;0.0;2.0;7.0;1.0;A01
5642;201300003786;0;10;0;0.0;2.0;1.0;1.0;B02
5643;201300003787;0;33;0;0.0;6.0;1.0;1.0;A01
5644;201300003788;0;33;0;0.0;2.0;1.0;1.0;B02
5645;201300003788;0;7;0;0.0;2.0;6.0;19.0;A01
5646;201300003789;0;7;0;13.0;0.0;1.0;1.0;A01
5647;201300003790;0;14;0;0.0;2.0;3.0;1.0;B02
5648;201300003790;0;10;0;0.0;2.0;1.0;1.0;A01
5649;201300003791;0;33;0;16.0;0.0;8.0;1.0;A01
5650;201300003793;0;7;0;0.0;1.0;7.0;1.0;A01
5651;201300003794;0;7;0;0.0;2.0;1.0;17.0;A01
5652;201300003794;0;7;0;0.0;2.0;1.0;1.0;B02
5653;201300003797;0;7;0;0.0;2.0;2.0;1.0;B02
5654;201300003797;0;7;0;0.0;2.0;7.0;13.0;A01
5655;201300003798;0;7;0;0.0;1.0;3.0;1.0;A01
5656;201300003799;0;30;0;0.0;2.0;1.0;15.0;A01
5657;201300003799;0;7;0;0.0;2.0;2.0;1.0;B02
5658;201300003800;0;1;0;0.0;2.0;1.0;19.0;A01
5659;201300003800;0;7;0;0.0;2.0;3.0;1.0;B02
5660;201300003801;0;7;0;0.0;2.0;3.0;1.0;B02
5661;201300003801;0;7;0;0.0;2.0;3.0;1.0;C03
5662;201300003801;0;7;0;0.0;2.0;3.0;13.0;A01
5663;201300003802;0;7;0;0.0;2.0;2.0;13.0;A01
5664;201300003802;0;7;0;0.0;2.0;3.0;1.0;C03
5665;201300003802;0;7;0;0.0;2.0;3.0;1.0;B02
5666;201300003803;0;7;0;0.0;2.0;7.0;17.0;A01
5667;201300003803;0;17;0;0.0;2.0;1.0;1.0;B02
5668;201300003804;0;7;0;0.0;2.0;2.0;15.0;A01
5669;201300003804;0;7;0;0.0;2.0;1.0;1.0;B02
5670;201300003805;0;7;0;13.0;0.0;9.0;1.0;A01
5671;201300003806;0;7;0;0.0;2.0;1.0;1.0;B02
5672;201300003806;0;7;0;0.0;2.0;7.0;19.0;A01
5673;201300003807;0;7;0;2.0;0.0;3.0;1.0;A01
5674;201300003808;0;7;0;0.0;2.0;3.0;1.0;A01
5675;201300003808;0;7;0;0.0;2.0;3.0;1.0;B02
5676;201300003809;0;99;0;13.0;0.0;0.0;1.0;A01
5677;201300003810;0;33;0;10.0;0.0;8.0;17.0;A01
5678;201300003813;0;3;0;0.0;1.0;2.0;1.0;A01
5679;201300003814;0;21;0;0.0;2.0;3.0;11.0;B02
5680;201300003814;0;7;0;0.0;2.0;1.0;17.0;A01
5681;201300003817;0;10;0;10.0;0.0;1.0;13.0;A01
5682;201300003818;0;7;0;0.0;2.0;3.0;19.0;A01
5683;201300003818;0;33;0;0.0;2.0;1.0;1.0;B02
5684;201300003819;0;7;0;0.0;2.0;3.0;15.0;B02
5685;201300003819;0;33;0;0.0;2.0;1.0;17.0;A01
5686;201300003820;0;32;0;0.0;0.0;0.0;1.0;A01
5687;201300003822;0;7;0;13.0;0.0;2.0;1.0;A01
5688;201300003823;0;7;0;6.0;0.0;1.0;1.0;A01
5689;201300003824;0;7;0;2.0;0.0;3.0;14.0;A01
5690;201300003825;0;7;0;0.0;0.0;4.0;13.0;A01
5691;201300003826;0;7;0;2.0;0.0;1.0;1.0;A01
5692;201300003828;0;7;0;0.0;2.0;2.0;1.0;A01
5693;201300003828;0;7;0;0.0;2.0;7.0;1.0;B02
5694;201300003828;0;7;0;0.0;2.0;2.0;1.0;C03
5695;201300003829;0;7;0;0.0;9.0;8.0;13.0;A01
5696;201300003829;0;1;0;0.0;2.0;3.0;13.0;B02
5697;201300003830;0;33;0;0.0;2.0;1.0;13.0;A01
5698;201300003830;0;7;0;0.0;2.0;3.0;1.0;B02
5699;201300003831;0;7;0;0.0;0.0;1.0;13.0;A01
5700;201300003832;0;7;0;0.0;2.0;3.0;13.0;A01
5701;201300003832;0;7;0;0.0;2.0;3.0;1.0;B02
5702;201300003833;0;7;0;0.0;0.0;7.0;19.0;A01
5703;201300003833;0;10;0;0.0;0.0;1.0;1.0;B02
5704;201300003834;0;10;0;3.0;0.0;1.0;1.0;A01
5705;201300003835;0;7;0;13.0;0.0;4.0;13.0;B02
5706;201300003835;0;33;0;13.0;2.0;1.0;17.0;A01
5707;201300003836;0;7;0;0.0;1.0;0.0;2.0;A01
5708;201300003837;0;7;0;2.0;0.0;9.0;1.0;A01
5709;201300003838;0;10;0;0.0;2.0;3.0;5.0;B02
5710;201300003838;0;10;0;0.0;2.0;3.0;5.0;A01
5711;201300003840;0;10;0;0.0;2.0;8.0;15.0;B02
5712;201300003840;0;7;0;0.0;2.0;7.0;17.0;A01
5713;201300003841;0;10;0;0.0;2.0;2.0;13.0;A01
5714;201300003841;0;31;0;0.0;2.0;8.0;15.0;B02
5715;201300003842;0;7;0;0.0;1.0;5.0;4.0;A01
5716;201300003843;0;2;0;16.0;0.0;1.0;13.0;A01
5717;201300003844;0;7;0;7.0;1.0;3.0;14.0;A01
5718;201300003845;0;7;0;6.0;0.0;3.0;1.0;A01
5719;201300003846;0;7;0;0.0;2.0;3.0;13.0;A01
5720;201300003846;0;7;0;0.0;2.0;3.0;1.0;B02
5721;201300003847;0;17;0;0.0;1.0;6.0;1.0;A01
5722;201300003848;0;21;0;0.0;2.0;4.0;23.0;A01
5723;201300003848;0;33;0;0.0;2.0;1.0;1.0;B02
5724;201300003849;0;30;0;0.0;2.0;8.0;13.0;A01
5725;201300003849;0;7;0;0.0;2.0;8.0;1.0;B02
5726;201300003850;0;7;0;0.0;2.0;3.0;13.0;A01
5727;201300003850;0;7;0;0.0;2.0;3.0;1.0;B02
5728;201300003851;0;7;0;0.0;2.0;8.0;1.0;A01
5729;201300003851;0;7;0;2.0;2.0;1.0;1.0;B02
5730;201300003852;0;21;0;0.0;1.0;6.0;9.0;A01
5731;201300003853;0;7;0;0.0;2.0;1.0;1.0;B02
5732;201300003853;0;7;0;0.0;2.0;7.0;1.0;A01
5733;201300003854;0;33;0;16.0;0.0;1.0;14.0;A01
5734;201300003856;0;33;0;13.0;0.0;3.0;1.0;A01
5735;201300003857;0;7;0;0.0;2.0;3.0;13.0;A01
5736;201300003857;0;7;0;0.0;2.0;1.0;1.0;B02
5737;201300003858;0;7;0;13.0;0.0;2.0;1.0;A01
5738;201300003860;0;30;0;0.0;0.0;8.0;1.0;A01
5739;201300003861;0;7;0;0.0;0.0;0.0;17.0;A02
5740;201300003861;0;7;0;0.0;0.0;9.0;17.0;B01
5741;201300003862;0;7;0;13.0;0.0;2.0;14.0;A01
5742;201300003863;0;32;0;0.0;2.0;1.0;13.0;A01
5743;201300003863;0;7;0;0.0;2.0;3.0;1.0;B02
5744;201300003864;0;7;0;6.0;0.0;7.0;13.0;A01
5745;201300003865;0;7;0;13.0;2.0;3.0;1.0;A01
5746;201300003865;0;7;0;0.0;2.0;3.0;1.0;B02
5747;201300003866;0;1;0;0.0;2.0;8.0;1.0;B02
5748;201300003866;0;7;0;0.0;2.0;7.0;17.0;A01
5749;201300003867;0;7;0;13.0;2.0;3.0;21.0;B02
5750;201300003867;0;7;0;0.0;2.0;3.0;13.0;A01
5751;201300003868;0;7;0;13.0;0.0;9.0;1.0;A01
5752;201300003869;0;30;0;0.0;0.0;2.0;0.0;A01
5753;201300003870;0;7;0;0.0;2.0;3.0;1.0;A01
5754;201300003870;0;14;0;0.0;2.0;3.0;1.0;B02
5755;201300003872;0;10;0;2.0;0.0;8.0;13.0;A01
5756;201300003873;0;7;0;0.0;2.0;4.0;15.0;B02
5757;201300003873;0;31;0;0.0;2.0;1.0;17.0;A01
5758;201300003874;0;33;0;2.0;0.0;1.0;1.0;A01
5759;201300003875;0;7;0;0.0;2.0;1.0;1.0;B02
5760;201300003875;0;7;0;0.0;2.0;7.0;13.0;A01
5761;201300003876;0;15;0;11.0;0.0;8.0;16.0;A01
5762;201300003877;0;10;0;0.0;2.0;3.0;13.0;A01
5763;201300003877;0;7;0;0.0;2.0;3.0;1.0;B02
5764;201300003877;0;10;0;0.0;2.0;3.0;1.0;C03
5765;201300003878;0;33;0;11.0;0.0;0.0;13.0;A01
5766;201300003879;0;7;0;0.0;0.0;0.0;14.0;A01
5767;201300003880;0;33;0;0.0;0.0;8.0;1.0;A01
5768;201300003881;0;10;0;13.0;0.0;1.0;14.0;A01
5769;201300003882;0;7;0;10.0;0.0;1.0;21.0;A01
5770;201300003883;0;7;0;0.0;2.0;7.0;15.0;A01
5771;201300003883;0;2;0;0.0;2.0;1.0;1.0;B02
5772;201300003884;0;7;0;0.0;2.0;7.0;1.0;A01
5773;201300003884;0;30;0;0.0;2.0;1.0;15.0;B02
5774;201300003885;0;21;0;0.0;1.0;3.0;1.0;A01
5775;201300003886;0;7;0;0.0;1.0;1.0;1.0;A01
5776;201300003887;0;2;0;0.0;2.0;1.0;13.0;A01
5777;201300003887;0;7;0;0.0;2.0;3.0;1.0;B02
5778;201300003888;0;7;0;16.0;0.0;0.0;14.0;A01
5779;201300003889;0;7;0;13.0;0.0;1.0;19.0;A01
5780;201300003890;0;7;0;0.0;1.0;2.0;16.0;A01
5781;201300003891;0;7;0;0.0;2.0;1.0;1.0;B02
5782;201300003891;0;7;0;0.0;2.0;1.0;13.0;A01
5783;201300003892;0;7;0;6.0;0.0;9.0;13.0;A01
5784;201300003893;0;10;0;13.0;0.0;3.0;13.0;A01
5785;201300003894;0;7;0;0.0;1.0;2.0;15.0;A01
5786;201300003895;0;7;0;13.0;0.0;2.0;14.0;A01
5787;201300003896;0;7;0;2.0;0.0;1.0;13.0;A01
5788;201300003897;0;10;0;13.0;0.0;2.0;14.0;A01
5789;201300003898;0;10;0;13.0;0.0;2.0;14.0;A01
5790;201300003899;0;7;0;13.0;0.0;1.0;13.0;A01
5791;201300003900;0;7;0;0.0;2.0;1.0;13.0;A01
5792;201300003900;0;7;0;0.0;2.0;1.0;1.0;B02
5793;201300003901;0;7;0;0.0;2.0;1.0;1.0;B02
5794;201300003901;0;7;0;0.0;2.0;2.0;1.0;A01
5795;201300003902;0;33;0;2.0;0.0;1.0;14.0;A01
5796;201300003903;0;17;0;0.0;1.0;3.0;1.0;A01
5797;201300003903;0;17;0;0.0;0.0;0.0;23.0;B02
5798;201300003904;0;7;0;0.0;2.0;8.0;24.0;C03
5799;201300003904;0;7;0;1.0;2.0;1.0;15.0;A01
5800;201300003904;0;7;0;0.0;2.0;1.0;1.0;B02
5801;201300003905;0;7;0;2.0;0.0;1.0;1.0;A01
5802;201300003906;0;7;0;0.0;2.0;3.0;19.0;A01
5803;201300003906;0;10;0;0.0;2.0;2.0;1.0;B02
5804;201300003907;0;33;0;2.0;0.0;1.0;13.0;A01
5805;201300003908;0;15;0;0.0;1.0;5.0;16.0;A01
5806;201300003909;0;33;0;13.0;0.0;7.0;15.0;A01
5807;201300003910;0;7;0;0.0;1.0;1.0;1.0;A01
5808;201300003911;0;21;0;0.0;2.0;2.0;17.0;B02
5809;201300003911;0;21;0;0.0;2.0;6.0;13.0;A01
5810;201300003912;0;33;0;0.0;5.0;1.0;1.0;A01
5811;201300003913;0;2;0;0.0;0.0;0.0;21.0;A01
5812;201300003914;0;33;0;0.0;6.0;1.0;1.0;A01
5813;201300003915;0;7;0;0.0;2.0;1.0;15.0;A01
5814;201300003915;0;7;0;0.0;2.0;1.0;1.0;B02
5815;201300003916;0;7;0;0.0;2.0;1.0;1.0;B02
5816;201300003916;0;10;0;0.0;2.0;1.0;11.0;A01
5817;201300003917;0;7;0;0.0;2.0;2.0;17.0;A01
5818;201300003917;0;1;0;0.0;2.0;3.0;1.0;B02
5819;201300003918;0;7;0;0.0;1.0;1.0;1.0;A01
5820;201300003919;0;7;0;13.0;0.0;1.0;1.0;A01
5821;201300003920;0;7;0;0.0;2.0;8.0;1.0;C03
5822;201300003920;0;10;0;0.0;2.0;1.0;1.0;B02
5823;201300003920;0;7;0;0.0;2.0;1.0;15.0;A01
5824;201300003921;0;7;0;0.0;2.0;1.0;15.0;A01
5825;201300003921;0;7;0;0.0;2.0;2.0;1.0;B02
5826;201300003922;0;14;0;0.0;2.0;3.0;13.0;A02
5827;201300003922;0;7;0;13.0;2.0;8.0;1.0;B01
5828;201300003923;0;37;0;0.0;2.0;1.0;1.0;B01
5829;201300003923;0;7;0;0.0;2.0;3.0;15.0;A02
5830;201300003924;0;7;0;13.0;0.0;1.0;14.0;A01
5831;201300003925;0;7;0;2.0;0.0;2.0;1.0;A01
5832;201300003926;0;7;0;0.0;2.0;2.0;13.0;A01
5833;201300003926;0;17;0;0.0;2.0;2.0;1.0;B02
5834;201300003927;0;7;0;2.0;0.0;8.0;13.0;A01
5835;201300003928;0;36;0;13.0;0.0;7.0;14.0;A01
5836;201300003929;0;31;0;0.0;6.0;8.0;1.0;A01
5837;201300003930;0;1;0;0.0;2.0;3.0;13.0;A01
5838;201300003930;0;10;0;0.0;2.0;6.0;1.0;B02
5839;201300003931;0;33;0;3.0;0.0;7.0;15.0;A01
5840;201300003932;0;7;0;10.0;0.0;2.0;14.0;A01
5841;201300003933;0;7;0;0.0;2.0;3.0;10.0;A01
5842;201300003933;0;33;0;0.0;2.0;1.0;21.0;B02
5843;201300003934;0;20;0;0.0;2.0;0.0;0.0;A01
5844;201300003934;0;10;0;0.0;2.0;1.0;1.0;B02
5845;201300003935;0;7;0;0.0;0.0;9.0;1.0;A01
5846;201300003936;0;31;0;0.0;0.0;2.0;21.0;A01
5847;201300003937;0;7;0;8.0;0.0;3.0;14.0;A01
5848;201300003938;0;7;0;0.0;1.0;3.0;1.0;A01
5849;201300003939;0;7;0;0.0;1.0;2.0;1.0;A01
5850;201300003940;0;2;0;0.0;2.0;7.0;15.0;A01
5851;201300003940;0;7;0;0.0;2.0;2.0;1.0;B02
5852;201300003941;0;7;0;0.0;2.0;3.0;1.0;B02
5853;201300003941;0;7;0;0.0;2.0;3.0;13.0;A01
5854;201300003942;0;10;0;13.0;0.0;1.0;14.0;A01
5855;201300003943;0;7;0;0.0;2.0;6.0;1.0;B02
5856;201300003943;0;7;0;0.0;2.0;3.0;13.0;A01
5857;201300003943;0;7;0;0.0;2.0;1.0;1.0;C03
5858;201300003944;0;7;0;0.0;2.0;1.0;1.0;B02
5859;201300003944;0;7;0;0.0;2.0;1.0;13.0;A01
5860;201300003945;0;10;0;13.0;2.0;1.0;1.0;B02
5861;201300003945;0;7;0;13.0;2.0;4.0;9.0;A01
5862;201300003946;0;33;0;0.0;6.0;1.0;1.0;A01
5863;201300003947;0;7;0;0.0;2.0;2.0;17.0;A01
5864;201300003947;0;7;0;0.0;2.0;6.0;2.0;B02
5865;201300003948;0;14;0;0.0;2.0;1.0;1.0;B02
5866;201300003948;0;7;0;0.0;2.0;5.0;15.0;A01
5867;201300003949;0;7;0;0.0;0.0;1.0;14.0;A01
5868;201300003950;0;7;0;2.0;0.0;1.0;14.0;A01
5869;201300003951;0;7;0;10.0;0.0;3.0;14.0;A01
5870;201300003953;0;10;0;13.0;0.0;1.0;1.0;A01
5871;201300003954;0;10;0;3.0;0.0;8.0;0.0;A01
5872;201300003955;0;1;0;0.0;2.0;1.0;17.0;A01
5873;201300003955;0;7;0;0.0;2.0;2.0;15.0;B02
5874;201300003956;0;10;0;0.0;1.0;8.0;20.0;A01
5875;201300003957;0;1;0;0.0;2.0;1.0;1.0;B02
5876;201300003957;0;7;0;0.0;2.0;3.0;17.0;A01
5877;201300003958;0;7;0;2.0;0.0;7.0;13.0;A01
5878;201300003959;0;10;0;13.0;0.0;3.0;1.0;A01
5879;201300003960;0;2;0;6.0;2.0;7.0;15.0;A01
5880;201300003960;0;7;0;0.0;2.0;1.0;1.0;B02
5881;201300003961;0;33;0;0.0;2.0;1.0;13.0;A01
5882;201300003961;0;10;0;0.0;2.0;3.0;1.0;B02
5883;201300003962;0;7;0;0.0;2.0;3.0;1.0;B02
5884;201300003962;0;7;0;0.0;2.0;3.0;17.0;A01
5885;201300003963;0;10;0;0.0;2.0;1.0;1.0;B02
5886;201300003963;0;7;0;0.0;2.0;8.0;15.0;A01
5887;201300003964;0;14;0;1.0;0.0;3.0;2.0;B02
5888;201300003964;0;7;0;0.0;0.0;4.0;23.0;A01
5889;201300003965;0;14;0;1.0;0.0;1.0;1.0;B02
5890;201300003965;0;10;0;0.0;0.0;4.0;24.0;A01
5891;201300003967;0;7;0;13.0;0.0;1.0;1.0;A01
5892;201300003968;0;7;0;2.0;0.0;2.0;1.0;A01
5893;201300003970;0;7;0;2.0;0.0;1.0;1.0;A01
5894;201300003971;0;7;0;0.0;2.0;7.0;1.0;B02
5895;201300003971;0;7;0;0.0;2.0;1.0;1.0;A01
5896;201300003972;0;7;0;13.0;0.0;3.0;1.0;A01
5897;201300003973;0;7;0;15.0;0.0;1.0;13.0;A01
5898;201300003974;0;7;0;0.0;2.0;1.0;13.0;A01
5899;201300003974;0;10;0;0.0;2.0;1.0;1.0;B02
5900;201300003977;0;33;0;0.0;6.0;1.0;1.0;A01
5901;201300003978;0;7;0;0.0;2.0;1.0;13.0;A01
5902;201300003978;0;7;0;0.0;2.0;1.0;1.0;B02
5903;201300003979;0;7;0;2.0;0.0;9.0;1.0;A01
5904;201300003980;0;7;0;0.0;2.0;3.0;1.0;B02
5905;201300003980;0;7;0;0.0;2.0;3.0;13.0;A01
5906;201300003981;0;33;0;0.0;6.0;3.0;1.0;A01
5907;201300003982;0;7;0;0.0;2.0;1.0;1.0;A01
5908;201300003982;0;7;0;0.0;2.0;6.0;1.0;B02
5909;201300003983;0;17;0;6.0;0.0;2.0;1.0;A01
5910;201300003984;0;30;0;0.0;2.0;1.0;2.0;B02
5911;201300003984;0;7;0;0.0;2.0;5.0;2.0;A01
5912;201300003986;0;31;0;0.0;2.0;1.0;1.0;B02
5913;201300003986;0;7;0;0.0;2.0;3.0;9.0;A01
5914;201300003987;0;10;0;0.0;1.0;2.0;13.0;A01
5915;201300003988;0;2;0;0.0;2.0;2.0;23.0;B02
5916;201300003988;0;7;0;0.0;2.0;3.0;13.0;A01
5917;201300003989;0;14;0;0.0;2.0;3.0;1.0;B02
5918;201300003989;0;7;0;0.0;2.0;1.0;13.0;A01
5919;201300003990;0;30;0;0.0;2.0;7.0;1.0;A01
5920;201300003990;0;7;0;0.0;2.0;8.0;10.0;B02
5921;201300003991;0;7;0;0.0;2.0;1.0;1.0;B02
5922;201300003991;0;7;0;0.0;2.0;3.0;1.0;C03
5923;201300003991;0;7;0;0.0;0.0;1.0;1.0;A01
5924;201300003992;0;7;0;0.0;2.0;3.0;1.0;A01
5925;201300003992;0;7;0;0.0;2.0;8.0;1.0;C03
5926;201300003992;0;7;0;0.0;2.0;2.0;1.0;B02
5927;201300003993;0;33;0;0.0;2.0;1.0;1.0;B02
5928;201300003993;0;7;0;0.0;2.0;1.0;17.0;A01
5929;201300003994;0;33;0;0.0;2.0;1.0;13.0;A01
5930;201300003994;0;7;0;0.0;2.0;3.0;0.0;B02
5931;201300003995;0;33;0;0.0;0.0;3.0;1.0;A01
5932;201300003996;0;10;0;6.0;0.0;2.0;14.0;A01
5933;201300003997;0;7;0;0.0;2.0;1.0;1.0;A01
5934;201300003997;0;7;0;0.0;2.0;1.0;1.0;B02
5935;201300003998;0;14;0;0.0;1.0;2.0;1.0;A01
5936;201300003999;0;10;0;6.0;0.0;1.0;1.0;A01
5937;201300004000;0;7;0;8.0;0.0;6.0;1.0;A01
5938;201300004001;0;7;0;16.0;0.0;0.0;14.0;A01
5939;201300004002;0;7;0;6.0;0.0;2.0;14.0;A01
5940;201300004003;0;7;0;8.0;0.0;3.0;1.0;A01
5941;201300004004;0;7;0;13.0;0.0;3.0;1.0;A01
5942;201300004005;0;1;0;0.0;2.0;1.0;1.0;B02
5943;201300004005;0;7;0;0.0;2.0;3.0;19.0;A01
5944;201300004006;0;14;0;0.0;0.0;0.0;23.0;B02
5945;201300004006;0;7;0;0.0;1.0;2.0;17.0;A01
5946;201300004007;0;7;0;0.0;0.0;5.0;2.0;B02
5947;201300004007;0;30;0;0.0;2.0;1.0;2.0;A01
5948;201300004008;0;7;0;0.0;2.0;3.0;15.0;A01
5949;201300004008;0;30;0;0.0;2.0;1.0;1.0;B02
5950;201300004009;0;30;0;0.0;2.0;1.0;1.0;A01
5951;201300004009;0;7;0;0.0;2.0;1.0;15.0;B02
5952;201300004010;0;10;0;0.0;2.0;7.0;1.0;B02
5953;201300004010;0;36;0;0.0;2.0;3.0;15.0;A01
5954;201300004012;0;7;0;0.0;2.0;3.0;15.0;B02
5955;201300004012;0;2;0;0.0;2.0;1.0;1.0;A01
5956;201300004013;0;10;0;0.0;2.0;1.0;1.0;B02
5957;201300004013;0;7;0;0.0;2.0;1.0;15.0;A01
5958;201300004014;0;7;0;0.0;0.0;4.0;9.0;A01
5959;201300004014;0;2;0;0.0;2.0;1.0;1.0;B02
5960;201300004015;0;7;0;2.0;0.0;1.0;0.0;A01
5961;201300004016;0;17;0;13.0;0.0;3.0;1.0;A01
5962;201300004017;0;7;0;0.0;9.0;1.0;5.0;A01
5963;201300004017;0;1;0;0.0;2.0;1.0;5.0;B02
5964;201300004018;0;33;0;0.0;2.0;1.0;1.0;A01
5965;201300004018;0;7;0;0.0;2.0;5.0;15.0;B02
5966;201300004019;0;7;0;2.0;0.0;1.0;1.0;A01
5967;201300004020;0;15;0;0.0;2.0;2.0;1.0;A01
5968;201300004020;0;21;0;0.0;1.0;3.0;23.0;B02
5969;201300004021;0;34;0;8.0;0.0;1.0;1.0;A01
5970;201300004022;0;33;0;0.0;9.0;8.0;1.0;C03
5971;201300004022;0;7;0;0.0;2.0;0.0;1.0;A01
5972;201300004023;0;7;0;0.0;2.0;1.0;1.0;A01
5973;201300004023;0;7;0;0.0;2.0;3.0;16.0;B02
5974;201300004024;0;30;0;0.0;0.0;8.0;0.0;A01
5975;201300004025;0;7;0;0.0;2.0;2.0;19.0;B02
5976;201300004025;0;33;0;0.0;2.0;1.0;1.0;A01
5977;201300004026;0;30;0;0.0;1.0;1.0;1.0;A01
5978;201300004027;0;39;0;0.0;2.0;3.0;1.0;B02
5979;201300004027;0;7;0;0.0;4.0;7.0;1.0;A01
5980;201300004028;0;7;0;6.0;0.0;3.0;1.0;A01
5981;201300004029;0;30;0;2.0;0.0;1.0;14.0;A01
5982;201300004030;0;7;0;0.0;2.0;1.0;1.0;A01
5983;201300004030;0;30;0;0.0;2.0;8.0;19.0;B02
5984;201300004032;0;10;0;0.0;2.0;1.0;13.0;A01
5985;201300004032;0;7;0;0.0;2.0;1.0;1.0;B02
5986;201300004033;0;7;0;2.0;0.0;3.0;13.0;A01
5987;201300004034;0;7;0;6.0;0.0;1.0;6.0;A01
5988;201300004035;0;30;0;0.0;0.0;1.0;1.0;A01
5989;201300004036;0;1;0;0.0;2.0;8.0;15.0;A01
5990;201300004036;0;7;0;0.0;9.0;1.0;1.0;B02
5991;201300004037;0;33;0;0.0;2.0;3.0;18.0;A01
5992;201300004037;0;17;0;0.0;2.0;5.0;1.0;B01
5993;201300004038;0;7;0;2.0;0.0;3.0;1.0;A01
5994;201300004039;0;7;0;0.0;1.0;2.0;1.0;A01
5995;201300004040;0;7;0;0.0;2.0;3.0;1.0;B02
5996;201300004040;0;7;0;0.0;2.0;2.0;13.0;A01
5997;201300004040;0;7;0;0.0;0.0;0.0;0.0;C03
5998;201300004041;0;7;0;2.0;2.0;5.0;17.0;A01
5999;201300004041;0;7;0;0.0;2.0;3.0;1.0;B02
6000;201300004042;0;7;0;2.0;0.0;2.0;1.0;A01
6001;201300004043;0;33;0;13.0;0.0;1.0;1.0;A01
6002;201300004044;0;10;0;0.0;2.0;6.0;15.0;B02
6003;201300004044;0;33;0;0.0;2.0;1.0;17.0;A01
6004;201300004045;0;7;0;15.0;0.0;9.0;1.0;A01
6005;201300004046;0;10;0;0.0;2.0;1.0;1.0;A01
6006;201300004046;0;7;0;0.0;2.0;1.0;1.0;B02
6007;201300004047;0;15;0;6.0;0.0;9.0;1.0;A01
6008;201300004048;0;7;0;9.0;0.0;0.0;1.0;A01
6009;201300004049;0;7;0;0.0;0.0;3.0;15.0;B02
6010;201300004049;0;31;0;0.0;0.0;2.0;17.0;A01
6011;201300004050;0;7;0;0.0;2.0;8.0;1.0;B02
6012;201300004050;0;7;0;0.0;2.0;1.0;1.0;A01
6013;201300004051;0;33;0;0.0;0.0;4.0;2.0;B02
6014;201300004051;0;7;0;0.0;2.0;1.0;2.0;A01
6015;201300004052;0;7;0;0.0;2.0;3.0;15.0;A01
6016;201300004052;0;1;0;0.0;2.0;1.0;1.0;B01
6017;201300004053;0;7;0;0.0;2.0;1.0;13.0;A01
6018;201300004053;0;7;0;0.0;2.0;3.0;1.0;B02
6019;201300004054;0;7;0;0.0;0.0;9.0;14.0;A01
6020;201300004055;0;7;0;6.0;0.0;3.0;0.0;A01
6021;201300004056;0;7;0;13.0;0.0;3.0;19.0;A01
6022;201300004057;0;21;0;0.0;2.0;1.0;15.0;B02
6023;201300004057;0;30;0;0.0;2.0;1.0;1.0;A01
6024;201300004058;0;14;0;0.0;0.0;4.0;24.0;B02
6025;201300004058;0;7;0;1.0;0.0;2.0;13.0;A01
6026;201300004059;0;7;0;8.0;0.0;3.0;14.0;A01
6027;201300004060;0;7;0;0.0;2.0;3.0;9.0;A01
6028;201300004060;0;33;0;0.0;2.0;2.0;2.0;B02
6029;201300004061;0;7;0;0.0;2.0;3.0;1.0;C01
6030;201300004061;0;31;0;0.0;2.0;1.0;21.0;A01
6031;201300004061;0;7;0;0.0;2.0;6.0;1.0;B01
6032;201300004062;0;30;0;0.0;2.0;1.0;5.0;A01
6033;201300004062;0;7;0;0.0;2.0;2.0;1.0;B01