;Num_Acc;senc;catv;occutc;obs;obsm;choc;manv;num_veh
6034;201300004064;0;7;0;0.0;0.0;1.0;13.0;A01
6035;201300004065;0;7;0;5.0;0.0;1.0;1.0;A01
6036;201300004066;0;7;0;0.0;1.0;3.0;13.0;A01
6037;201300004067;0;7;0;4.0;0.0;2.0;1.0;A01
6038;201300004068;0;7;0;9.0;0.0;1.0;1.0;A01
6039;201300004069;0;7;0;0.0;2.0;1.0;2.0;A01
6040;201300004069;0;7;0;0.0;0.0;4.0;2.0;B02
6041;201300004070;0;7;0;0.0;0.0;3.0;13.0;A01
6042;201300004070;0;15;0;0.0;0.0;3.0;1.0;B02
6043;201300004071;0;7;0;0.0;2.0;3.0;9.0;A01
6044;201300004071;0;33;0;0.0;2.0;7.0;1.0;B02
6045;201300004072;0;7;0;2.0;0.0;3.0;1.0;A01
6046;201300004073;0;33;0;0.0;2.0;2.0;1.0;A01
6047;201300004073;0;7;0;0.0;0.0;5.0;23.0;B02
6048;201300004074;0;7;0;2.0;0.0;9.0;1.0;A01
6049;201300004075;0;7;0;0.0;2.0;3.0;1.0;B02
6050;201300004075;0;7;0;0.0;2.0;3.0;13.0;A01
6051;201300004077;0;7;0;0.0;2.0;9.0;13.0;A01
6052;201300004077;0;7;0;0.0;2.0;1.0;1.0;C03
6053;201300004077;0;7;0;0.0;2.0;8.0;1.0;B02
6054;201300004078;0;10;0;0.0;2.0;4.0;4.0;A01
6055;201300004078;0;30;0;0.0;2.0;1.0;4.0;B02
6056;201300004079;0;33;0;7.0;0.0;1.0;1.0;A01
6057;201300004080;0;7;0;0.0;2.0;3.0;0.0;B02
6058;201300004080;0;7;0;0.0;2.0;3.0;13.0;A01
6059;201300004081;0;7;0;0.0;2.0;8.0;15.0;B02
6060;201300004081;0;33;0;0.0;2.0;1.0;17.0;A01
6061;201300004082;0;7;0;2.0;0.0;8.0;1.0;A01
6062;201300004083;0;7;0;0.0;2.0;7.0;13.0;A01
6063;201300004083;0;33;0;0.0;2.0;2.0;1.0;B02
6064;201300004084;0;7;0;0.0;2.0;1.0;1.0;B02
6065;201300004084;0;33;0;0.0;2.0;1.0;13.0;A01
6066;201300004085;0;33;0;0.0;5.0;2.0;1.0;A01
6067;201300004086;0;7;0;0.0;0.0;3.0;2.0;C03
6068;201300004086;0;7;0;0.0;0.0;6.0;2.0;D04
6069;201300004086;0;7;0;0.0;0.0;5.0;1.0;B02
6070;201300004086;0;7;0;0.0;2.0;1.0;2.0;A01
6071;201300004087;0;7;0;0.0;1.0;2.0;1.0;A01
6072;201300004088;0;7;0;0.0;1.0;3.0;1.0;A01
6073;201300004089;0;31;0;0.0;2.0;1.0;2.0;A01
6074;201300004089;0;7;0;0.0;2.0;5.0;15.0;B02
6075;201300004090;0;7;0;0.0;2.0;2.0;1.0;A01
6076;201300004090;0;1;0;0.0;2.0;2.0;5.0;B02
6077;201300004091;0;7;0;0.0;0.0;1.0;1.0;A01
6078;201300004091;0;7;0;0.0;0.0;8.0;1.0;B02
6079;201300004092;0;7;0;0.0;2.0;1.0;13.0;A01
6080;201300004092;0;7;0;0.0;2.0;1.0;1.0;B02
6081;201300004093;0;7;0;0.0;0.0;3.0;10.0;A01
6082;201300004093;0;2;0;0.0;0.0;2.0;17.0;B02
6083;201300004094;0;33;0;0.0;2.0;8.0;1.0;A01
6084;201300004094;0;7;0;0.0;2.0;2.0;1.0;B02
6085;201300004095;0;7;0;0.0;1.0;2.0;1.0;A01
6086;201300004096;0;10;0;0.0;1.0;2.0;2.0;A01
6087;201300004097;0;7;0;0.0;0.0;3.0;0.0;A01
6088;201300004099;0;7;0;8.0;0.0;1.0;13.0;A01
6089;201300004100;0;7;0;2.0;0.0;1.0;0.0;A01
6090;201300004101;0;7;0;0.0;2.0;3.0;13.0;A01
6091;201300004101;0;7;0;0.0;2.0;3.0;21.0;B02
6092;201300004104;0;7;0;0.0;2.0;1.0;1.0;A01
6093;201300004104;0;7;0;0.0;2.0;1.0;1.0;B02
6094;201300004105;0;7;0;2.0;0.0;7.0;1.0;A01
6095;201300004106;0;7;0;0.0;2.0;1.0;21.0;A01
6096;201300004106;0;7;0;0.0;2.0;1.0;0.0;B02
6097;201300004107;0;33;0;14.0;0.0;1.0;1.0;A01
6098;201300004107;0;7;0;0.0;2.0;3.0;23.0;B02
6099;201300004108;0;33;0;5.0;0.0;7.0;14.0;A01
6100;201300004109;0;7;0;0.0;2.0;8.0;19.0;A01
6101;201300004109;0;7;0;0.0;2.0;1.0;1.0;B02
6102;201300004110;0;14;0;0.0;2.0;3.0;13.0;A01
6103;201300004110;0;7;0;0.0;2.0;3.0;1.0;B02
6104;201300004111;0;10;0;0.0;2.0;3.0;13.0;A01
6105;201300004111;0;10;0;0.0;2.0;3.0;1.0;B02
6106;201300004112;0;20;0;0.0;2.0;3.0;1.0;B02
6107;201300004112;0;7;0;0.0;2.0;3.0;13.0;A01
6108;201300004113;0;7;0;0.0;2.0;8.0;1.0;B02
6109;201300004113;0;10;0;0.0;2.0;3.0;1.0;A01
6110;201300004114;0;7;0;2.0;0.0;1.0;17.0;A01
6111;201300004115;0;2;0;6.0;0.0;8.0;15.0;A01
6112;201300004116;0;7;0;2.0;0.0;3.0;13.0;A01
6113;201300004117;0;7;0;13.0;0.0;2.0;0.0;A01
6114;201300004118;0;7;0;15.0;0.0;1.0;1.0;A01
6115;201300004119;0;7;0;13.0;0.0;7.0;21.0;A01
6116;201300004119;0;7;0;0.0;2.0;2.0;16.0;B02
6117;201300004120;2;7;0;9.0;0.0;2.0;14.0;A01
6118;201300004121;0;2;0;0.0;2.0;8.0;13.0;A01
6119;201300004121;0;7;0;0.0;2.0;3.0;1.0;B02
6120;201300004123;0;7;0;0.0;2.0;7.0;1.0;A01
6121;201300004123;0;7;0;0.0;2.0;7.0;1.0;B02
6122;201300004124;0;10;0;0.0;2.0;2.0;17.0;A01
6123;201300004124;0;10;0;0.0;0.0;8.0;15.0;B02
6124;201300004125;0;7;0;0.0;9.0;2.0;12.0;A01
6125;201300004125;0;1;0;0.0;2.0;1.0;1.0;B02
6126;201300004126;0;7;0;0.0;2.0;1.0;1.0;B02
6127;201300004126;0;7;0;0.0;2.0;1.0;13.0;A01
6128;201300004127;0;7;0;0.0;2.0;1.0;1.0;B02
6129;201300004127;0;10;0;0.0;2.0;2.0;19.0;A01
6130;201300004130;0;7;0;0.0;1.0;6.0;20.0;A01
6131;201300004131;0;7;0;0.0;2.0;8.0;10.0;A01
6132;201300004131;0;2;0;0.0;2.0;1.0;17.0;B02
6133;201300004132;0;7;0;0.0;1.0;1.0;1.0;A01
6134;201300004133;0;7;0;0.0;1.0;2.0;1.0;A01
6135;201300004134;0;7;0;0.0;1.0;3.0;1.0;A01
6136;201300004135;0;7;0;0.0;1.0;6.0;4.0;A01
6137;201300004136;0;33;0;0.0;2.0;9.0;1.0;A01
6138;201300004136;0;7;0;0.0;2.0;7.0;15.0;B01
6139;201300004137;0;7;0;5.0;0.0;1.0;13.0;A01
6140;201300004138;0;7;0;0.0;2.0;5.0;2.0;A01
6141;201300004138;0;1;0;0.0;2.0;8.0;11.0;B01
6142;201300004139;0;7;0;6.0;0.0;7.0;14.0;A01
6143;201300004140;2;7;0;11.0;;8.0;13.0;A01
6144;201300004141;0;7;0;0.0;2.0;1.0;9.0;A01
6145;201300004141;0;1;0;0.0;2.0;2.0;1.0;B01
6146;201300004142;0;7;0;0.0;0.0;3.0;9.0;B01
6147;201300004142;0;30;0;0.0;2.0;1.0;9.0;A01
6148;201300004143;0;7;0;0.0;2.0;2.0;5.0;A01
6149;201300004143;0;7;0;0.0;2.0;1.0;1.0;B01
6150;201300004144;0;7;0;0.0;2.0;2.0;9.0;A01
6151;201300004144;0;1;0;0.0;2.0;5.0;1.0;B01
6152;201300004146;0;7;0;0.0;2.0;1.0;13.0;A01
6153;201300004146;0;7;0;0.0;2.0;3.0;1.0;B01
6154;201300004147;0;31;0;1.0;0.0;8.0;21.0;B01
6155;201300004148;0;10;0;0.0;2.0;2.0;1.0;B01
6156;201300004148;0;7;0;0.0;2.0;8.0;9.0;A01
6157;201300004149;0;3;0;0.0;1.0;2.0;1.0;A01
6158;201300004151;0;7;0;0.0;2.0;1.0;1.0;B01
6159;201300004151;0;7;0;0.0;2.0;7.0;19.0;A01
6160;201300004152;0;7;0;9.0;0.0;1.0;13.0;A01
6161;201300004153;0;33;0;0.0;2.0;1.0;1.0;B01
6162;201300004153;0;7;0;0.0;2.0;8.0;9.0;A01
6163;201300004154;0;7;0;0.0;2.0;1.0;2.0;B01
6164;201300004154;0;7;0;0.0;1.0;4.0;23.0;A01
6165;201300004156;1;7;0;0.0;1.0;0.0;1.0;A01
6166;201300004157;0;7;0;0.0;2.0;1.0;13.0;A01
6167;201300004157;0;37;1;0.0;2.0;1.0;1.0;B01
6168;201300004158;0;7;0;0.0;0.0;4.0;23.0;A01
6169;201300004158;0;10;0;0.0;2.0;1.0;2.0;B01
6170;201300004159;0;7;0;0.0;1.0;3.0;1.0;A01
6171;201300004160;0;10;0;0.0;2.0;3.0;13.0;A01
6172;201300004160;0;7;0;0.0;2.0;1.0;1.0;B02
6173;201300004161;0;7;0;0.0;2.0;8.0;17.0;A01
6174;201300004161;0;33;0;0.0;2.0;8.0;1.0;B02
6175;201300004162;0;7;0;0.0;0.0;8.0;9.0;B02
6176;201300004162;0;7;0;0.0;2.0;1.0;1.0;A01
6177;201300004163;0;7;0;13.0;0.0;1.0;1.0;A01
6178;201300004164;0;7;0;0.0;2.0;3.0;1.0;A01
6179;201300004164;0;7;0;0.0;2.0;3.0;19.0;B02
6180;201300004165;0;7;0;0.0;2.0;7.0;1.0;A01
6181;201300004165;0;33;0;0.0;2.0;1.0;1.0;B02
6182;201300004166;0;30;0;0.0;0.0;8.0;1.0;A01
6183;201300004168;0;7;0;13.0;0.0;0.0;13.0;A01
6184;201300004169;0;7;0;0.0;2.0;1.0;19.0;A01
6185;201300004169;0;7;0;0.0;2.0;8.0;1.0;B02
6186;201300004170;0;1;0;0.0;2.0;1.0;13.0;B02
6187;201300004170;0;7;0;0.0;9.0;2.0;1.0;A01
6188;201300004173;0;7;0;2.0;0.0;2.0;14.0;A01
6189;201300004174;0;7;0;3.0;0.0;9.0;1.0;A01
6190;201300004175;0;7;0;0.0;2.0;4.0;2.0;B02
6191;201300004175;0;33;0;0.0;2.0;1.0;2.0;A01
6192;201300004177;0;1;0;16.0;0.0;1.0;1.0;A01
6193;201300004178;0;14;0;0.0;2.0;3.0;1.0;B02
6194;201300004178;0;7;0;0.0;2.0;3.0;17.0;A01
6195;201300004179;0;7;0;0.0;2.0;3.0;15.0;A01
6196;201300004179;0;7;0;0.0;2.0;2.0;1.0;B02
6197;201300004180;0;10;0;2.0;0.0;1.0;0.0;A01
6198;201300004181;1;7;0;0.0;1.0;0.0;23.0;A01
6199;201300004183;0;14;0;2.0;0.0;1.0;14.0;A01
6200;201300004184;0;7;0;0.0;2.0;2.0;5.0;A01
6201;201300004184;0;10;0;0.0;2.0;2.0;21.0;B02
6202;201300004185;0;7;0;2.0;0.0;3.0;1.0;A01
6203;201300004186;0;7;0;13.0;0.0;2.0;1.0;A01
6204;201300004187;0;7;0;2.0;0.0;3.0;13.0;A01
6205;201300004188;0;1;0;0.0;2.0;1.0;13.0;A01
6206;201300004188;0;7;0;0.0;2.0;3.0;1.0;B02
6207;201300004189;0;7;0;0.0;2.0;1.0;2.0;A01
6208;201300004189;0;7;0;0.0;2.0;4.0;15.0;B02
6209;201300004189;0;10;0;0.0;2.0;1.0;1.0;C03
6210;201300004190;0;7;0;0.0;2.0;3.0;1.0;B02
6211;201300004190;0;7;0;0.0;2.0;1.0;15.0;A01
6212;201300004191;0;30;0;0.0;0.0;0.0;2.0;A01
6213;201300004192;0;7;0;2.0;0.0;3.0;13.0;A01
6214;201300004193;0;7;0;13.0;0.0;8.0;1.0;A01
6215;201300004194;0;7;0;8.0;0.0;2.0;0.0;A01
6216;201300004195;0;15;0;0.0;2.0;1.0;1.0;A01
6217;201300004195;0;7;0;0.0;2.0;8.0;19.0;B02
6218;201300004196;0;31;0;0.0;0.0;7.0;1.0;A01
6219;201300004197;0;7;0;2.0;0.0;1.0;1.0;A01
6220;201300004198;0;33;0;0.0;0.0;3.0;1.0;A01
6221;201300004199;0;33;0;0.0;2.0;1.0;1.0;A01
6222;201300004199;0;7;0;0.0;2.0;8.0;1.0;B02
6223;201300004201;0;7;0;0.0;2.0;1.0;17.0;A01
6224;201300004201;0;7;0;0.0;2.0;3.0;1.0;B02
6225;201300004202;0;32;0;13.0;0.0;3.0;1.0;A01
6226;201300004203;0;10;0;0.0;2.0;3.0;1.0;A01
6227;201300004203;0;7;0;0.0;2.0;2.0;19.0;B02
6228;201300004204;0;7;0;2.0;0.0;7.0;0.0;A01
6229;201300004206;0;32;0;12.0;0.0;1.0;1.0;A01
6230;201300004207;0;7;0;0.0;2.0;3.0;19.0;A01
6231;201300004207;0;7;0;0.0;2.0;1.0;1.0;B02
6232;201300004208;0;33;0;0.0;2.0;8.0;1.0;A01
6233;201300004208;0;21;0;0.0;2.0;7.0;1.0;B02
6234;201300004209;0;7;0;0.0;0.0;2.0;0.0;A01
6235;201300004210;0;31;0;6.0;0.0;1.0;1.0;A01
6236;201300004211;0;7;0;6.0;0.0;2.0;0.0;A01
6237;201300004212;0;7;0;2.0;0.0;9.0;13.0;A01
6238;201300004213;0;37;0;0.0;2.0;6.0;15.0;A01
6239;201300004213;0;7;0;0.0;2.0;1.0;1.0;B02
6240;201300004214;0;7;0;2.0;0.0;1.0;1.0;A01
6241;201300004215;0;7;0;15.0;0.0;1.0;1.0;A01
6242;201300004216;0;14;0;6.0;0.0;2.0;14.0;A01
6243;201300004218;0;7;0;0.0;2.0;2.0;13.0;A01
6244;201300004218;0;7;0;0.0;2.0;1.0;1.0;B02
6245;201300004219;0;7;0;13.0;0.0;2.0;1.0;A01
6246;201300004220;0;10;0;6.0;0.0;1.0;1.0;A01
6247;201300004221;0;7;0;8.0;0.0;3.0;1.0;A01
6248;201300004222;0;14;0;2.0;0.0;1.0;14.0;A01
6249;201300004223;0;7;0;2.0;0.0;1.0;13.0;A01
6250;201300004224;0;7;0;6.0;0.0;3.0;15.0;A01
6251;201300004225;0;7;0;0.0;0.0;8.0;1.0;A01
6252;201300004226;0;7;0;8.0;0.0;1.0;1.0;A01
6253;201300004227;0;7;0;6.0;0.0;1.0;17.0;A01
6254;201300004228;0;7;0;0.0;2.0;7.0;1.0;A01
6255;201300004228;0;7;0;0.0;2.0;1.0;1.0;B02
6256;201300004229;0;7;0;0.0;1.0;2.0;1.0;A01
6257;201300004229;0;7;0;0.0;0.0;0.0;17.0;B02
6258;201300004230;0;7;0;10.0;0.0;1.0;13.0;A01
6259;201300004231;0;7;0;0.0;2.0;1.0;19.0;A01
6260;201300004231;0;7;0;0.0;2.0;1.0;1.0;B02
6261;201300004232;0;7;0;0.0;2.0;1.0;1.0;A01
6262;201300004232;0;7;0;0.0;2.0;1.0;17.0;B02
6263;201300004233;0;7;0;2.0;0.0;1.0;1.0;A01
6264;201300004234;0;7;0;0.0;1.0;2.0;17.0;A01
6265;201300004234;0;7;0;0.0;2.0;6.0;17.0;B02
6266;201300004235;0;15;0;0.0;2.0;3.0;15.0;A01
6267;201300004235;0;33;0;0.0;2.0;1.0;1.0;B02
6268;201300004236;0;7;0;0.0;2.0;3.0;15.0;A01
6269;201300004236;0;33;0;0.0;2.0;1.0;1.0;B02
6270;201300004238;0;7;0;0.0;2.0;3.0;1.0;A01
6271;201300004238;0;30;0;0.0;2.0;1.0;13.0;B02
6272;201300004239;0;7;0;13.0;0.0;1.0;0.0;A01
6273;201300004240;0;7;0;0.0;0.0;3.0;0.0;A01
6274;201300004240;0;7;0;0.0;0.0;2.0;0.0;B02
6275;201300004241;0;7;0;0.0;2.0;1.0;15.0;A01
6276;201300004241;0;33;0;0.0;2.0;8.0;1.0;B02
6277;201300004242;0;7;0;6.0;0.0;2.0;1.0;A01
6278;201300004243;0;7;0;0.0;2.0;1.0;5.0;A01
6279;201300004243;0;7;0;0.0;2.0;1.0;1.0;B02
6280;201300004244;0;30;0;0.0;0.0;0.0;1.0;A01
6281;201300004245;0;7;0;2.0;0.0;1.0;14.0;A01
6282;201300004246;0;7;0;0.0;4.0;7.0;19.0;A01
6283;201300004246;0;39;0;0.0;2.0;1.0;1.0;B02
6284;201300004247;0;15;0;0.0;1.0;1.0;1.0;A01
6285;201300004248;0;7;0;0.0;2.0;1.0;13.0;A01
6286;201300004248;0;10;0;0.0;2.0;1.0;1.0;B02
6287;201300004249;0;7;0;0.0;2.0;3.0;1.0;A01
6288;201300004249;0;2;0;0.0;2.0;1.0;1.0;B02
6289;201300004250;0;10;0;6.0;0.0;1.0;14.0;A01
6290;201300004251;0;7;0;0.0;1.0;1.0;17.0;A01
6291;201300004252;0;14;0;0.0;2.0;2.0;0.0;A01
6292;201300004252;0;32;0;0.0;2.0;1.0;0.0;B02
6293;201300004253;0;7;0;0.0;2.0;0.0;15.0;A01
6294;201300004253;0;33;0;0.0;2.0;9.0;1.0;B02
6295;201300004254;0;7;0;0.0;2.0;2.0;9.0;A01
6296;201300004254;0;10;0;0.0;2.0;1.0;9.0;B02
6297;201300004256;0;7;0;0.0;2.0;1.0;13.0;A01
6298;201300004256;0;7;0;0.0;2.0;1.0;1.0;B02
6299;201300004257;0;7;0;6.0;0.0;2.0;1.0;A01
6300;201300004258;0;10;0;5.0;9.0;1.0;1.0;A01
6301;201300004258;0;1;0;0.0;0.0;4.0;1.0;B02
6302;201300004258;0;7;0;0.0;0.0;4.0;1.0;C03
6303;201300004260;0;7;0;0.0;2.0;3.0;13.0;A01
6304;201300004260;0;14;0;0.0;2.0;3.0;21.0;B02
6305;201300004261;0;7;0;9.0;0.0;2.0;14.0;A01
6306;201300004262;0;7;0;6.0;0.0;2.0;1.0;A01
6307;201300004263;0;7;0;6.0;0.0;2.0;1.0;A01
6308;201300004264;0;10;0;0.0;0.0;0.0;23.0;A01
6309;201300004264;0;30;0;2.0;0.0;1.0;1.0;B02
6310;201300004265;0;7;0;13.0;0.0;1.0;1.0;A01
6311;201300004266;0;7;0;2.0;0.0;1.0;1.0;A01
6312;201300004267;0;7;0;0.0;1.0;2.0;1.0;A01
6313;201300004268;0;7;0;0.0;2.0;3.0;1.0;A01
6314;201300004268;0;7;0;0.0;2.0;3.0;1.0;B02
6315;201300004269;0;7;0;8.0;0.0;1.0;1.0;A01
6316;201300004270;0;33;0;0.0;2.0;1.0;17.0;A01
6317;201300004270;0;20;0;0.0;2.0;3.0;15.0;B02
6318;201300004271;0;7;0;3.0;0.0;2.0;1.0;A01
6319;201300004272;0;7;0;0.0;1.0;5.0;4.0;A01
6320;201300004273;0;7;0;0.0;2.0;1.0;1.0;A01
6321;201300004273;0;7;0;0.0;2.0;1.0;1.0;B02
6322;201300004274;0;7;0;0.0;1.0;2.0;1.0;A01
6323;201300004275;0;7;0;0.0;2.0;3.0;13.0;A01
6324;201300004275;0;7;0;0.0;2.0;3.0;1.0;B02
6325;201300004276;0;7;0;0.0;2.0;1.0;1.0;A01
6326;201300004276;0;7;0;0.0;2.0;2.0;15.0;B02
6327;201300004277;0;33;0;0.0;2.0;2.0;2.0;B02
6328;201300004277;0;7;0;0.0;0.0;3.0;20.0;A01
6329;201300004278;0;33;0;0.0;1.0;1.0;21.0;A01
6330;201300004279;0;30;0;0.0;2.0;2.0;1.0;B02
6331;201300004279;0;10;0;0.0;2.0;2.0;17.0;A01
6332;201300004280;0;10;0;0.0;2.0;3.0;9.0;B02
6333;201300004280;0;33;0;0.0;2.0;2.0;1.0;A01
6334;201300004281;0;34;0;14.0;0.0;1.0;1.0;A01
6335;201300004282;0;15;0;0.0;2.0;3.0;1.0;B02
6336;201300004282;0;7;0;0.0;2.0;1.0;13.0;A01
6337;201300004283;0;7;0;0.0;2.0;3.0;9.0;A01
6338;201300004283;0;33;0;0.0;2.0;1.0;1.0;B02
6339;201300004284;0;7;0;0.0;0.0;3.0;15.0;B02
6340;201300004284;0;33;0;0.0;2.0;1.0;17.0;A01
6341;201300004285;0;7;0;0.0;2.0;3.0;15.0;B02
6342;201300004285;0;7;0;0.0;2.0;3.0;0.0;A01
6343;201300004286;0;7;0;0.0;2.0;3.0;5.0;B02
6344;201300004286;0;31;0;0.0;2.0;3.0;5.0;A01
6345;201300004287;0;14;0;6.0;0.0;0.0;16.0;A01
6346;201300004288;0;7;0;0.0;0.0;5.0;23.0;B02
6347;201300004288;0;7;0;0.0;2.0;3.0;13.0;A01
6348;201300004289;0;7;0;0.0;2.0;3.0;1.0;B02
6349;201300004289;0;7;0;0.0;2.0;6.0;16.0;A01
6350;201300004290;0;7;0;0.0;2.0;1.0;15.0;B02
6351;201300004290;0;31;0;0.0;2.0;1.0;;A01
6352;201300004291;0;10;0;1.0;0.0;1.0;1.0;A01
6353;201300004291;0;10;0;0.0;2.0;4.0;23.0;B02
6354;201300004291;0;10;0;1.0;9.0;3.0;0.0;C03
6355;201300004291;0;10;0;0.0;0.0;0.0;0.0;D04
6356;201300004292;1;7;0;0.0;1.0;2.0;0.0;A01
6357;201300004293;0;7;0;1.0;0.0;2.0;1.0;B02
6358;201300004293;0;37;24;0.0;0.0;6.0;24.0;A01
6359;201300004294;0;7;0;0.0;1.0;7.0;1.0;A01
6360;201300004295;0;7;0;6.0;0.0;2.0;1.0;A01
6361;201300004296;0;7;0;0.0;2.0;3.0;1.0;A01
6362;201300004296;0;1;0;0.0;2.0;8.0;19.0;B02
6363;201300004297;0;7;0;8.0;0.0;1.0;1.0;A01
6364;201300004298;0;7;0;0.0;1.0;1.0;15.0;A01
6365;201300004299;0;7;0;0.0;2.0;6.0;1.0;A01
6366;201300004299;0;7;0;0.0;2.0;2.0;17.0;B02
6367;201300004300;0;7;0;0.0;0.0;3.0;1.0;A01
6368;201300004300;0;1;0;0.0;2.0;1.0;19.0;B02
6369;201300004301;0;7;0;0.0;2.0;9.0;0.0;B02
6370;201300004301;0;7;0;0.0;2.0;4.0;1.0;A01
6371;201300004301;0;13;0;0.0;2.0;1.0;0.0;C03
6372;201300004302;0;7;0;0.0;1.0;2.0;1.0;A01
6373;201300004303;0;30;0;0.0;2.0;8.0;1.0;A01
6374;201300004304;0;30;0;1.0;0.0;1.0;14.0;A01
6375;201300004305;0;2;0;14.0;0.0;3.0;1.0;A01
6376;201300004306;0;10;0;0.0;1.0;0.0;1.0;A01
6377;201300004307;0;7;0;9.0;0.0;1.0;6.0;A01
6378;201300004308;0;33;0;0.0;0.0;5.0;1.0;B02
6379;201300004308;0;7;0;0.0;2.0;3.0;1.0;A01
6380;201300004309;0;14;0;0.0;9.0;2.0;1.0;A01
6381;201300004310;0;33;0;0.0;2.0;1.0;2.0;B02
6382;201300004310;0;7;0;0.0;0.0;8.0;10.0;A01
6383;201300004311;0;7;0;0.0;2.0;1.0;1.0;B02
6384;201300004311;0;7;0;0.0;2.0;4.0;23.0;A01
6385;201300004312;0;30;0;0.0;2.0;7.0;15.0;A01
6386;201300004312;0;7;0;0.0;2.0;1.0;9.0;B02
6387;201300004314;0;7;0;13.0;0.0;1.0;0.0;A01
6388;201300004315;0;10;0;0.0;2.0;5.0;15.0;A01
6389;201300004315;0;30;0;0.0;2.0;1.0;1.0;B02
6390;201300004316;0;7;0;0.0;2.0;8.0;15.0;B02
6391;201300004316;0;7;0;0.0;2.0;2.0;1.0;A01
6392;201300004317;0;7;0;0.0;2.0;1.0;13.0;A01
6393;201300004317;0;7;0;0.0;2.0;2.0;1.0;B02
6394;201300004318;0;7;0;0.0;0.0;2.0;15.0;A01
6395;201300004318;0;33;0;0.0;2.0;1.0;1.0;B02
6396;201300004319;0;7;0;0.0;2.0;3.0;15.0;B02
6397;201300004319;0;33;0;0.0;2.0;1.0;2.0;A01
6398;201300004320;0;15;0;0.0;2.0;3.0;6.0;A01
6399;201300004320;0;15;0;0.0;2.0;3.0;21.0;B02
6400;201300004321;0;7;0;0.0;2.0;8.0;1.0;B02
6401;201300004321;0;33;0;0.0;2.0;8.0;1.0;A01
6402;201300004322;0;1;0;0.0;1.0;1.0;21.0;A01
6403;201300004323;0;7;0;13.0;0.0;9.0;1.0;A01
6404;201300004324;0;7;0;0.0;2.0;1.0;1.0;B02
6405;201300004324;0;7;0;0.0;2.0;1.0;13.0;A01
6406;201300004325;0;7;0;0.0;2.0;1.0;9.0;C03
6407;201300004325;0;2;0;0.0;2.0;1.0;1.0;A01
6408;201300004325;0;2;0;0.0;2.0;1.0;1.0;B02
6409;201300004326;1;33;0;2.0;0.0;1.0;1.0;A01
6410;201300004327;0;7;0;0.0;0.0;3.0;15.0;B02
6411;201300004327;0;7;0;0.0;2.0;1.0;17.0;A01
6412;201300004328;0;36;0;8.0;0.0;1.0;0.0;A01
6413;201300004329;0;7;0;0.0;2.0;3.0;5.0;A01
6414;201300004329;0;7;0;0.0;2.0;3.0;21.0;B02
6415;201300004330;0;7;0;0.0;2.0;1.0;1.0;B02
6416;201300004330;0;7;0;0.0;2.0;1.0;13.0;A01
6417;201300004332;0;7;0;0.0;2.0;3.0;1.0;A01
6418;201300004332;0;7;0;0.0;2.0;3.0;23.0;B02
6419;201300004333;0;7;0;0.0;2.0;1.0;1.0;B02
6420;201300004333;0;7;0;0.0;2.0;1.0;1.0;A01
6421;201300004334;0;30;0;0.0;2.0;7.0;1.0;A01
6422;201300004334;0;7;0;0.0;2.0;6.0;16.0;B02
6423;201300004335;0;2;0;0.0;2.0;3.0;13.0;A01
6424;201300004335;0;7;0;0.0;2.0;8.0;1.0;B02
6425;201300004336;0;7;0;0.0;1.0;1.0;1.0;A01
6426;201300004337;0;33;0;13.0;0.0;1.0;14.0;A01
6427;201300004338;0;33;0;0.0;2.0;1.0;17.0;A01
6428;201300004338;0;7;0;0.0;2.0;6.0;17.0;B02
6429;201300004340;0;10;0;16.0;0.0;1.0;1.0;A01
6430;201300004341;2;7;0;0.0;2.0;1.0;0.0;A01
6431;201300004341;0;7;0;0.0;2.0;1.0;1.0;B02
6432;201300004342;0;7;0;0.0;0.0;2.0;1.0;B02
6433;201300004342;0;3;0;0.0;2.0;3.0;9.0;A01
6434;201300004343;0;14;0;11.0;1.0;1.0;1.0;A01
6435;201300004345;0;7;0;0.0;2.0;3.0;1.0;A01
6436;201300004345;0;30;0;0.0;2.0;1.0;13.0;B02
6437;201300004346;0;14;0;0.0;1.0;3.0;23.0;A01
6438;201300004347;0;7;0;16.0;0.0;0.0;1.0;A01
6439;201300004348;0;10;0;0.0;2.0;7.0;1.0;B02
6440;201300004348;0;30;0;0.0;2.0;1.0;19.0;A01
6441;201300004349;0;7;0;0.0;2.0;3.0;1.0;C03
6442;201300004349;0;7;0;0.0;2.0;3.0;1.0;A01
6443;201300004349;0;7;0;0.0;2.0;9.0;15.0;B02
6444;201300004350;0;7;0;8.0;0.0;2.0;21.0;A01
6445;201300004351;0;30;0;12.0;0.0;9.0;1.0;A01
6446;201300004353;0;7;0;0.0;1.0;3.0;1.0;A01
6447;201300004354;0;7;0;0.0;2.0;1.0;13.0;A01
6448;201300004354;0;7;0;0.0;2.0;4.0;1.0;C03
6449;201300004354;0;7;0;0.0;2.0;1.0;1.0;B02
6450;201300004355;0;7;0;0.0;1.0;3.0;1.0;A01
6451;201300004356;0;33;0;0.0;6.0;3.0;1.0;A01
6452;201300004357;0;7;0;0.0;2.0;2.0;13.0;A01
6453;201300004357;0;7;0;0.0;2.0;2.0;1.0;B02
6454;201300004358;0;3;0;0.0;2.0;9.0;1.0;B02
6455;201300004358;0;7;0;0.0;2.0;1.0;1.0;D04
6456;201300004358;0;7;0;0.0;2.0;6.0;17.0;A01
6457;201300004358;0;14;0;0.0;2.0;4.0;1.0;C03
6458;201300004359;0;7;0;0.0;1.0;6.0;4.0;A01
6459;201300004360;0;33;0;12.0;0.0;1.0;1.0;A01
6460;201300004361;0;7;0;0.0;0.0;8.0;19.0;B02
6461;201300004361;0;7;0;0.0;2.0;1.0;1.0;A01
6462;201300004362;0;34;0;8.0;0.0;1.0;1.0;A01
6463;201300004364;0;7;0;0.0;2.0;8.0;15.0;B02