;Num_Acc;senc;catv;occutc;obs;obsm;choc;manv;num_veh
6893;201300004639;0;33;0;16.0;0.0;3.0;1.0;A01
6894;201300004642;0;7;0;0.0;0.0;9.0;1.0;A01
6895;201300004643;0;7;0;0.0;1.0;0.0;1.0;A01
6896;201300004645;0;1;0;0.0;0.0;4.0;2.0;B02
6897;201300004645;0;7;0;0.0;2.0;3.0;2.0;A01
6898;201300004646;0;2;0;0.0;2.0;1.0;17.0;A01
6899;201300004646;0;1;0;0.0;2.0;8.0;15.0;B02
6900;201300004647;0;15;0;0.0;2.0;1.0;1.0;A01
6901;201300004647;0;7;0;0.0;2.0;8.0;19.0;B02
6902;201300004648;0;7;0;0.0;1.0;1.0;1.0;A01
6903;201300004649;0;1;0;0.0;2.0;3.0;15.0;B02
6904;201300004649;0;7;0;0.0;2.0;5.0;17.0;A01
6905;201300004650;0;7;0;5.0;0.0;1.0;1.0;A01
6906;201300004651;0;7;0;2.0;0.0;2.0;16.0;A01
6907;201300004653;0;7;0;0.0;2.0;1.0;1.0;B02
6908;201300004653;0;1;0;0.0;2.0;8.0;19.0;A01
6909;201300004654;0;7;0;6.0;0.0;1.0;2.0;A01
6910;201300004655;0;33;0;0.0;2.0;1.0;1.0;A01
6911;201300004655;0;7;0;0.0;2.0;1.0;1.0;B02
6912;201300004656;0;7;0;8.0;0.0;8.0;13.0;A01
6913;201300004657;0;7;0;0.0;2.0;3.0;13.0;A01
6914;201300004657;0;15;0;0.0;2.0;3.0;1.0;B02
6915;201300004658;0;7;0;6.0;0.0;1.0;13.0;A01
6916;201300004659;0;33;0;0.0;2.0;1.0;1.0;B02
6917;201300004659;0;7;0;0.0;0.0;7.0;19.0;A01
6918;201300004660;0;7;0;0.0;9.0;5.0;15.0;A01
6919;201300004660;0;1;0;0.0;2.0;1.0;1.0;B02
6920;201300004661;0;2;0;0.0;2.0;1.0;5.0;A01
6921;201300004661;0;10;0;0.0;2.0;8.0;1.0;B02
6922;201300004662;0;33;0;15.0;0.0;1.0;14.0;A01
6923;201300004663;0;7;0;0.0;2.0;8.0;15.0;A01
6924;201300004663;0;15;0;0.0;2.0;2.0;1.0;B02
6925;201300004664;0;7;0;0.0;2.0;2.0;0.0;B02
6926;201300004664;0;7;0;0.0;2.0;3.0;13.0;A01
6927;201300004665;0;33;0;0.0;2.0;1.0;1.0;B02
6928;201300004665;0;7;0;0.0;0.0;2.0;1.0;A01
6929;201300004666;0;7;0;13.0;0.0;1.0;1.0;A01
6930;201300004667;0;10;0;0.0;2.0;1.0;1.0;B02
6931;201300004667;0;7;0;0.0;2.0;1.0;13.0;A01
6932;201300004669;0;7;0;0.0;2.0;2.0;13.0;A01
6933;201300004669;0;33;0;0.0;2.0;1.0;21.0;B02
6934;201300004670;0;7;0;0.0;2.0;1.0;1.0;B02
6935;201300004670;0;7;0;0.0;2.0;1.0;13.0;A01
6936;201300004671;0;15;0;0.0;2.0;0.0;1.0;B02
6937;201300004671;0;30;0;0.0;2.0;7.0;17.0;A01
6938;201300004672;0;33;0;6.0;0.0;1.0;1.0;A01
6939;201300004673;0;7;0;0.0;0.0;5.0;15.0;A01
6940;201300004673;0;33;0;0.0;2.0;1.0;1.0;B02
6941;201300004674;0;33;0;0.0;0.0;0.0;1.0;A01
6942;201300004675;0;7;0;0.0;1.0;8.0;1.0;A01
6943;201300004676;0;33;0;13.0;0.0;1.0;1.0;A01
6944;201300004677;0;7;0;0.0;2.0;3.0;1.0;B02
6945;201300004677;0;7;0;0.0;2.0;4.0;1.0;A01
6946;201300004678;0;7;0;2.0;0.0;7.0;0.0;A01
6947;201300004679;0;14;0;0.0;2.0;3.0;1.0;B02
6948;201300004679;0;7;0;0.0;2.0;7.0;17.0;A01
6949;201300004680;0;7;0;0.0;1.0;2.0;1.0;A01
6950;201300004681;0;7;0;2.0;0.0;1.0;13.0;A01
6951;201300004682;0;7;0;0.0;2.0;3.0;13.0;A01
6952;201300004682;0;7;0;0.0;2.0;3.0;1.0;B02
6953;201300004683;0;7;0;13.0;2.0;9.0;13.0;A01
6954;201300004683;0;20;0;0.0;2.0;1.0;1.0;B02
6955;201300004684;0;30;0;0.0;0.0;0.0;1.0;A01
6956;201300004685;0;30;0;0.0;0.0;0.0;1.0;A01
6957;201300004686;0;7;0;0.0;2.0;2.0;6.0;A01
6958;201300004686;0;31;0;0.0;2.0;8.0;1.0;B02
6959;201300004687;0;33;0;0.0;2.0;1.0;1.0;B02
6960;201300004687;0;7;0;0.0;2.0;3.0;13.0;A01
6961;201300004688;0;33;0;8.0;0.0;7.0;0.0;A01
6962;201300004689;0;7;0;0.0;0.0;4.0;15.0;B02
6963;201300004689;0;33;0;0.0;2.0;1.0;21.0;A01
6964;201300004690;0;7;0;13.0;0.0;1.0;13.0;A01
6965;201300004691;0;7;0;0.0;1.0;2.0;1.0;A01
6966;201300004692;0;7;0;0.0;2.0;3.0;15.0;B01
6967;201300004692;0;33;0;0.0;2.0;5.0;1.0;A02
6968;201300004693;0;7;0;0.0;2.0;1.0;0.0;A01
6969;201300004693;0;7;0;0.0;2.0;3.0;1.0;B02
6970;201300004694;0;33;0;0.0;0.0;1.0;21.0;A01
6971;201300004695;0;7;0;8.0;0.0;2.0;1.0;A01
6972;201300004696;0;7;0;0.0;2.0;3.0;10.0;A01
6973;201300004696;0;33;0;0.0;2.0;1.0;1.0;B02
6974;201300004697;0;31;0;13.0;0.0;1.0;0.0;A01
6975;201300004698;0;7;0;0.0;1.0;2.0;1.0;A01
6976;201300004699;0;31;0;0.0;2.0;1.0;5.0;A01
6977;201300004699;0;7;0;0.0;2.0;1.0;1.0;B02
6978;201300004702;0;33;0;0.0;0.0;0.0;17.0;A01
6979;201300004704;0;7;0;0.0;2.0;5.0;1.0;A01
6980;201300004704;0;7;0;0.0;2.0;3.0;1.0;B02
6981;201300004705;0;7;0;0.0;0.0;0.0;1.0;A01
6982;201300004706;0;7;0;2.0;0.0;1.0;1.0;A01
6983;201300004709;0;3;0;0.0;1.0;3.0;1.0;A01
6984;201300004710;0;7;0;0.0;0.0;3.0;0.0;A01
6985;201300004710;0;10;0;0.0;0.0;3.0;0.0;B02
6986;201300004711;0;7;0;0.0;1.0;2.0;14.0;A01
6987;201300004712;0;7;0;0.0;2.0;3.0;15.0;A01
6988;201300004712;0;7;0;0.0;2.0;1.0;1.0;B02
6989;201300004712;0;10;0;0.0;2.0;2.0;24.0;C03
6990;201300004713;0;7;0;0.0;2.0;3.0;13.0;A01
6991;201300004713;0;17;0;0.0;2.0;3.0;1.0;B02
6992;201300004714;0;33;0;0.0;2.0;3.0;16.0;A01
6993;201300004714;0;7;0;0.0;2.0;3.0;1.0;B02
6994;201300004715;0;7;0;0.0;1.0;1.0;1.0;A01
6995;201300004716;0;7;0;0.0;1.0;2.0;1.0;A01
6996;201300004717;0;7;0;13.0;0.0;1.0;13.0;A01
6997;201300004718;0;33;0;8.0;0.0;8.0;13.0;A01
6998;201300004719;0;7;0;0.0;2.0;1.0;5.0;B02
6999;201300004719;0;7;0;0.0;2.0;3.0;10.0;A01
7000;201300004720;0;10;0;8.0;0.0;4.0;1.0;A01
7001;201300004721;0;7;0;0.0;2.0;3.0;1.0;B02
7002;201300004721;0;7;0;0.0;2.0;3.0;1.0;A01
7003;201300004722;0;10;0;0.0;2.0;1.0;1.0;A01
7004;201300004722;0;10;0;5.0;2.0;1.0;1.0;B02
7005;201300004723;0;7;0;0.0;2.0;3.0;1.0;A01
7006;201300004723;0;7;0;0.0;2.0;3.0;13.0;B02
7007;201300004724;0;7;0;0.0;1.0;4.0;4.0;A01
7008;201300004725;0;7;0;0.0;1.0;3.0;1.0;A01
7009;201300004726;0;2;0;0.0;2.0;2.0;1.0;A01
7010;201300004726;0;7;0;0.0;2.0;3.0;1.0;B01
7011;201300004727;0;7;0;11.0;0.0;1.0;13.0;A01
7012;201300004728;0;36;0;6.0;0.0;2.0;14.0;A01
7013;201300004729;0;7;0;0.0;0.0;6.0;15.0;B01
7014;201300004729;0;33;0;0.0;2.0;1.0;1.0;A01
7015;201300004730;0;7;0;0.0;1.0;3.0;1.0;A01
7016;201300004731;0;7;0;0.0;1.0;1.0;1.0;A01
7017;201300004732;0;7;0;0.0;1.0;2.0;1.0;A01
7018;201300004733;0;7;0;15.0;2.0;1.0;1.0;B01
7019;201300004733;0;10;0;9.0;2.0;2.0;16.0;A01
7020;201300004734;0;2;0;0.0;2.0;1.0;9.0;A01
7021;201300004734;0;7;0;0.0;0.0;7.0;1.0;B01
7022;201300004736;0;7;0;0.0;1.0;2.0;1.0;A01
7023;201300004737;0;7;0;0.0;0.0;3.0;9.0;A01
7024;201300004737;0;2;0;0.0;2.0;1.0;1.0;B01
7025;201300004738;0;7;0;0.0;1.0;3.0;1.0;A01
7026;201300004739;0;7;0;0.0;1.0;0.0;1.0;A01
7027;201300004740;0;7;0;0.0;2.0;3.0;15.0;A01
7028;201300004740;0;31;0;0.0;2.0;1.0;1.0;B01
7029;201300004741;0;2;0;0.0;2.0;1.0;1.0;B01
7030;201300004741;0;7;0;0.0;2.0;3.0;15.0;A01
7031;201300004742;0;7;0;0.0;2.0;3.0;15.0;B01
7032;201300004742;0;2;0;0.0;2.0;1.0;1.0;A01
7033;201300004743;0;7;0;0.0;1.0;3.0;1.0;A01
7034;201300004744;0;7;0;0.0;2.0;3.0;15.0;A01
7035;201300004744;0;7;0;0.0;2.0;1.0;1.0;B02
7036;201300004745;0;7;0;0.0;2.0;1.0;1.0;B02
7037;201300004745;0;7;0;0.0;2.0;1.0;17.0;A01
7038;201300004746;0;33;0;0.0;2.0;3.0;17.0;A01
7039;201300004746;0;33;0;0.0;2.0;3.0;1.0;B02
7040;201300004747;0;7;0;0.0;2.0;0.0;1.0;A01
7041;201300004747;0;7;0;0.0;2.0;3.0;1.0;B02
7042;201300004747;0;10;0;0.0;2.0;3.0;13.0;C03
7043;201300004748;0;7;0;0.0;1.0;2.0;0.0;A01
7044;201300004749;0;7;0;8.0;0.0;7.0;1.0;A01
7045;201300004750;0;7;0;8.0;1.0;1.0;1.0;A01
7046;201300004751;0;7;0;0.0;2.0;7.0;1.0;A01
7047;201300004751;0;7;0;0.0;2.0;1.0;1.0;B02
7048;201300004752;0;7;0;15.0;0.0;1.0;19.0;A01
7049;201300004753;0;33;0;0.0;2.0;1.0;21.0;A01
7050;201300004753;0;7;0;0.0;2.0;2.0;3.0;B02
7051;201300004754;0;7;0;0.0;2.0;1.0;17.0;A01
7052;201300004754;0;7;0;0.0;2.0;4.0;2.0;B02
7053;201300004754;0;7;0;0.0;2.0;6.0;2.0;C03
7054;201300004755;0;7;0;0.0;2.0;3.0;13.0;A01
7055;201300004755;0;7;0;0.0;2.0;3.0;1.0;B02
7056;201300004756;0;30;0;16.0;0.0;1.0;1.0;A01
7057;201300004758;0;7;0;0.0;2.0;1.0;1.0;A01
7058;201300004758;0;7;0;0.0;2.0;1.0;13.0;B02
7059;201300004759;0;7;0;0.0;0.0;8.0;1.0;A01
7060;201300004759;0;7;0;0.0;0.0;2.0;1.0;B02
7061;201300004760;0;7;0;0.0;2.0;1.0;13.0;A01
7062;201300004760;0;10;0;0.0;2.0;2.0;1.0;B02
7063;201300004761;0;32;0;0.0;2.0;1.0;1.0;B02
7064;201300004761;0;7;0;0.0;2.0;3.0;19.0;A01
7065;201300004763;0;7;0;6.0;0.0;1.0;2.0;A01
7066;201300004764;0;10;0;0.0;2.0;2.0;1.0;B02
7067;201300004764;0;7;0;0.0;2.0;5.0;15.0;A01
7068;201300004765;0;7;0;0.0;2.0;3.0;13.0;A01
7069;201300004765;0;10;0;0.0;2.0;3.0;1.0;B02
7070;201300004766;0;33;0;2.0;0.0;1.0;1.0;A01
7071;201300004767;0;7;0;13.0;0.0;3.0;16.0;A01
7072;201300004769;0;7;0;0.0;1.0;1.0;1.0;A01
7073;201300004770;0;7;0;0.0;1.0;1.0;1.0;A01
7074;201300004771;0;7;0;0.0;1.0;1.0;1.0;A01
7075;201300004772;0;7;0;0.0;2.0;3.0;9.0;A01
7076;201300004772;0;30;0;0.0;2.0;1.0;1.0;B01
7077;201300004773;0;7;0;0.0;2.0;1.0;1.0;A01
7078;201300004773;0;7;0;0.0;2.0;1.0;9.0;B01
7079;201300004774;0;7;0;0.0;1.0;2.0;1.0;A01
7080;201300004775;0;10;0;0.0;1.0;2.0;1.0;A01
7081;201300004776;0;7;0;0.0;2.0;8.0;15.0;A01
7082;201300004776;0;20;0;0.0;2.0;2.0;17.0;B01
7083;201300004777;0;7;0;0.0;2.0;1.0;2.0;A01
7084;201300004777;0;7;0;0.0;2.0;4.0;23.0;B01
7085;201300004778;0;7;0;0.0;2.0;1.0;2.0;A01
7086;201300004778;0;7;0;0.0;0.0;4.0;23.0;B01
7087;201300004779;0;7;0;0.0;2.0;2.0;1.0;B01
7088;201300004779;0;7;0;0.0;2.0;2.0;9.0;A01
7089;201300004780;0;10;0;0.0;2.0;0.0;16.0;A01
7090;201300004780;0;2;0;0.0;2.0;3.0;1.0;B01
7091;201300004781;0;7;0;1.0;0.0;1.0;14.0;A01
7092;201300004782;0;7;0;8.0;0.0;1.0;14.0;A01
7093;201300004783;0;30;0;0.0;2.0;1.0;1.0;B01
7094;201300004783;0;7;0;0.0;2.0;2.0;19.0;A01
7095;201300004784;0;7;0;0.0;1.0;1.0;1.0;A01
7096;201300004785;0;7;0;0.0;1.0;1.0;1.0;A01
7097;201300004786;0;7;0;0.0;1.0;5.0;4.0;A01
7098;201300004787;0;33;0;3.0;0.0;9.0;13.0;A01
7099;201300004788;0;7;0;0.0;1.0;4.0;4.0;A01
7100;201300004789;0;7;0;1.0;2.0;1.0;0.0;A01
7101;201300004789;0;2;0;0.0;2.0;1.0;1.0;B01
7102;201300004790;0;10;0;0.0;2.0;1.0;9.0;A01
7103;201300004790;0;1;0;0.0;2.0;2.0;1.0;B01
7104;201300004793;0;15;0;1.0;0.0;0.0;24.0;B01
7105;201300004793;0;10;0;1.0;0.0;3.0;13.0;A01
7106;201300004794;0;1;0;0.0;2.0;7.0;0.0;B01
7107;201300004794;0;10;0;0.0;2.0;1.0;19.0;A01
7108;201300004795;0;7;0;0.0;2.0;2.0;1.0;A01
7109;201300004795;0;1;0;0.0;0.0;4.0;2.0;B01
7110;201300004796;0;7;0;0.0;2.0;5.0;12.0;A01
7111;201300004796;0;1;0;0.0;2.0;3.0;1.0;B01
7112;201300004797;0;7;0;0.0;2.0;1.0;1.0;B01
7113;201300004797;0;7;0;0.0;2.0;1.0;15.0;A01
7114;201300004799;2;10;0;1.0;0.0;1.0;14.0;A01
7115;201300004800;0;7;0;0.0;2.0;2.0;1.0;A01
7116;201300004800;0;1;0;0.0;2.0;1.0;1.0;B01
7117;201300004801;0;7;0;0.0;2.0;6.0;9.0;B01
7118;201300004801;0;37;1;0.0;2.0;1.0;1.0;A01
7119;201300004802;0;10;0;0.0;2.0;3.0;9.0;A01
7120;201300004802;0;7;0;0.0;2.0;2.0;21.0;B01
7121;201300004803;0;7;0;0.0;2.0;3.0;15.0;A01
7122;201300004803;0;2;0;0.0;2.0;1.0;1.0;B01
7123;201300004804;0;7;0;0.0;1.0;1.0;9.0;A01
7124;201300004805;0;15;0;0.0;2.0;3.0;1.0;B01
7125;201300004805;0;7;0;0.0;2.0;3.0;13.0;A01
7126;201300004806;0;7;0;5.0;2.0;2.0;13.0;A01
7127;201300004806;0;7;0;5.0;2.0;3.0;1.0;B01
7128;201300004807;0;7;0;0.0;2.0;3.0;15.0;A01
7129;201300004807;0;7;0;0.0;2.0;1.0;1.0;B01
7130;201300004808;0;7;0;0.0;1.0;2.0;1.0;A01
7131;201300004809;0;7;0;0.0;1.0;1.0;15.0;A01
7132;201300004810;0;7;0;0.0;2.0;2.0;1.0;B02
7133;201300004810;0;30;0;0.0;2.0;1.0;1.0;A01
7134;201300004811;0;7;0;6.0;0.0;5.0;13.0;A01
7135;201300004812;0;7;0;0.0;2.0;3.0;15.0;A01
7136;201300004812;0;1;0;0.0;2.0;1.0;1.0;B02
7137;201300004813;0;7;0;0.0;2.0;3.0;1.0;A01
7138;201300004813;0;7;0;0.0;2.0;3.0;13.0;B02
7139;201300004814;0;7;0;0.0;2.0;3.0;1.0;A01
7140;201300004814;0;31;0;0.0;2.0;1.0;1.0;B02
7141;201300004816;0;7;0;0.0;2.0;7.0;15.0;A01
7142;201300004816;0;2;0;0.0;2.0;1.0;1.0;B02
7143;201300004817;0;7;0;0.0;2.0;2.0;15.0;A01
7144;201300004817;0;7;0;0.0;2.0;1.0;1.0;B02
7145;201300004818;0;7;0;11.0;2.0;1.0;6.0;A01
7146;201300004818;0;7;0;0.0;2.0;1.0;1.0;B02
7147;201300004819;0;2;0;0.0;2.0;1.0;1.0;B02
7148;201300004819;0;7;0;0.0;0.0;5.0;15.0;A01
7149;201300004821;0;7;0;13.0;0.0;9.0;13.0;A01
7150;201300004822;0;33;0;3.0;0.0;1.0;1.0;A01
7151;201300004823;0;1;0;0.0;0.0;0.0;1.0;A01
7152;201300004825;0;7;0;0.0;1.0;7.0;1.0;A01
7153;201300004826;0;7;0;0.0;2.0;2.0;16.0;B02
7154;201300004826;0;36;0;0.0;2.0;8.0;18.0;A01
7155;201300004827;0;7;0;0.0;2.0;2.0;1.0;A01
7156;201300004827;0;7;0;0.0;2.0;3.0;15.0;B02
7157;201300004828;0;7;0;0.0;2.0;3.0;10.0;A01
7158;201300004828;0;33;0;0.0;2.0;1.0;1.0;B02
7159;201300004829;0;7;0;2.0;0.0;1.0;13.0;A01
7160;201300004830;0;33;0;0.0;2.0;1.0;1.0;B02
7161;201300004830;0;7;0;0.0;2.0;3.0;15.0;A01
7162;201300004831;0;34;0;12.0;0.0;1.0;1.0;A01
7163;201300004832;0;33;0;0.0;0.0;7.0;1.0;A01
7164;201300004834;0;7;0;2.0;0.0;1.0;16.0;A01
7165;201300004835;0;33;0;5.0;0.0;5.0;0.0;A01
7166;201300004836;0;33;0;0.0;2.0;1.0;1.0;A01
7167;201300004836;0;7;0;0.0;2.0;6.0;1.0;B02
7168;201300004837;0;33;0;15.0;0.0;1.0;1.0;A01
7169;201300004840;0;7;0;0.0;9.0;1.0;2.0;A01
7170;201300004840;0;1;0;16.0;0.0;4.0;2.0;B02
7171;201300004841;0;7;0;2.0;0.0;2.0;1.0;A01
7172;201300004842;0;30;0;0.0;0.0;2.0;1.0;A01
7173;201300004843;0;33;0;15.0;0.0;1.0;1.0;A01
7174;201300004844;0;33;0;0.0;2.0;1.0;13.0;B02
7175;201300004844;0;7;0;0.0;2.0;0.0;1.0;A01
7176;201300004845;0;7;0;0.0;1.0;4.0;4.0;A01
7177;201300004846;0;33;0;0.0;2.0;1.0;17.0;A01
7178;201300004846;0;38;0;0.0;2.0;8.0;15.0;B02
7179;201300004847;0;99;0;0.0;2.0;1.0;1.0;A01
7180;201300004847;0;1;0;0.0;2.0;7.0;1.0;B02
7181;201300004848;0;7;0;0.0;2.0;2.0;15.0;A01
7182;201300004848;0;31;0;0.0;2.0;1.0;1.0;B02
7183;201300004849;0;7;0;0.0;0.0;1.0;1.0;A01
7184;201300004850;0;1;0;0.0;2.0;1.0;1.0;B02
7185;201300004850;0;7;0;0.0;9.0;7.0;19.0;A01
7186;201300004851;0;33;0;0.0;2.0;1.0;17.0;A01
7187;201300004851;0;7;0;0.0;2.0;3.0;17.0;C03
7188;201300004851;0;7;0;0.0;2.0;1.0;17.0;B02
7189;201300004852;0;7;0;0.0;2.0;5.0;15.0;A01
7190;201300004852;0;33;0;0.0;2.0;1.0;17.0;B02
7191;201300004853;0;33;0;12.0;0.0;1.0;0.0;A01
7192;201300004854;0;7;0;11.0;2.0;1.0;1.0;A01
7193;201300004854;0;7;0;0.0;2.0;1.0;1.0;B02
7194;201300004855;0;1;0;0.0;0.0;4.0;1.0;B02
7195;201300004855;0;7;0;0.0;2.0;1.0;1.0;A01
7196;201300004856;0;7;0;0.0;1.0;2.0;1.0;A01
7197;201300004857;0;7;0;0.0;2.0;3.0;5.0;B02
7198;201300004857;0;33;0;0.0;2.0;1.0;5.0;E05
7199;201300004857;0;33;0;0.0;2.0;1.0;5.0;C03
7200;201300004857;0;33;0;0.0;2.0;1.0;5.0;D04
7201;201300004857;0;7;0;0.0;2.0;3.0;5.0;A01
7202;201300004858;0;33;0;11.0;0.0;1.0;1.0;A01
7203;201300004860;0;10;0;0.0;2.0;2.0;1.0;B02
7204;201300004860;0;7;0;0.0;2.0;7.0;1.0;A01
7205;201300004861;0;7;0;13.0;0.0;1.0;1.0;A01
7206;201300004862;0;7;0;13.0;2.0;3.0;15.0;B01
7207;201300004862;0;10;0;0.0;2.0;3.0;15.0;A01
7208;201300004862;0;10;0;0.0;2.0;1.0;23.0;C01
7209;201300004863;0;7;0;0.0;1.0;3.0;1.0;A01
7210;201300004864;0;7;0;0.0;2.0;1.0;1.0;B01
7211;201300004864;0;10;0;0.0;2.0;1.0;13.0;A01
7212;201300004865;0;2;0;0.0;0.0;4.0;15.0;A01
7213;201300004865;0;7;0;0.0;2.0;2.0;2.0;B01
7214;201300004866;0;7;0;0.0;1.0;3.0;1.0;A01
7215;201300004867;0;7;0;0.0;1.0;2.0;21.0;A01
7216;201300004868;0;7;0;0.0;1.0;4.0;4.0;A01
7217;201300004869;0;7;0;0.0;1.0;1.0;20.0;A01
7218;201300004870;0;7;0;0.0;2.0;7.0;15.0;A01
7219;201300004870;0;33;0;0.0;0.0;1.0;1.0;B01
7220;201300004871;0;7;0;0.0;2.0;1.0;1.0;B01
7221;201300004871;0;7;0;0.0;2.0;1.0;13.0;A01
7222;201300004872;0;17;0;9.0;1.0;1.0;1.0;A01
7223;201300004873;0;7;0;0.0;2.0;1.0;1.0;B01
7224;201300004873;0;7;0;0.0;2.0;2.0;15.0;A01
7225;201300004874;0;7;0;0.0;2.0;3.0;9.0;A01
7226;201300004874;0;1;0;0.0;2.0;1.0;1.0;B02
7227;201300004875;0;7;0;0.0;1.0;3.0;1.0;A01
7228;201300004876;0;7;0;0.0;1.0;1.0;15.0;A01
7229;201300004877;0;7;0;0.0;2.0;1.0;13.0;A01
7230;201300004877;0;7;0;0.0;2.0;3.0;1.0;B02
7231;201300004878;0;33;0;0.0;2.0;1.0;1.0;B02
7232;201300004878;0;7;0;0.0;2.0;2.0;15.0;A01
7233;201300004879;1;7;0;0.0;1.0;1.0;14.0;A01
7234;201300004881;0;7;0;13.0;0.0;1.0;17.0;A01
7235;201300004882;0;33;0;0.0;2.0;1.0;1.0;B02
7236;201300004882;0;7;0;0.0;2.0;1.0;13.0;A01
7237;201300004883;0;1;0;14.0;0.0;0.0;1.0;A01
7238;201300004884;0;7;0;0.0;2.0;1.0;1.0;B02
7239;201300004884;0;7;0;3.0;2.0;7.0;13.0;A01
7240;201300004885;0;7;0;8.0;0.0;2.0;13.0;A01
7241;201300004886;0;1;0;0.0;2.0;7.0;1.0;B02
7242;201300004886;0;7;0;0.0;2.0;3.0;9.0;A01
7243;201300004887;0;7;0;0.0;2.0;1.0;1.0;A01
7244;201300004887;0;2;0;0.0;2.0;1.0;13.0;B02
7245;201300004888;0;33;0;0.0;2.0;1.0;1.0;A01
7246;201300004888;0;13;0;0.0;2.0;6.0;9.0;B02
7247;201300004889;0;7;0;2.0;0.0;1.0;14.0;A01
7248;201300004890;0;10;0;0.0;2.0;3.0;15.0;A01
7249;201300004890;0;33;0;0.0;2.0;3.0;16.0;B02
7250;201300004891;0;14;0;0.0;2.0;2.0;13.0;A01
7251;201300004891;0;7;0;0.0;2.0;3.0;21.0;B02
7252;201300004892;0;1;0;0.0;2.0;1.0;1.0;A01
7253;201300004892;0;7;0;0.0;2.0;1.0;15.0;B02
7254;201300004894;0;7;0;2.0;0.0;8.0;13.0;A01
7255;201300004895;0;1;0;0.0;2.0;8.0;1.0;B02
7256;201300004895;0;7;0;0.0;9.0;3.0;15.0;A01
7257;201300004897;0;7;0;0.0;2.0;8.0;9.0;A01
7258;201300004897;0;31;0;0.0;2.0;1.0;1.0;B02
7259;201300004898;0;30;0;0.0;1.0;2.0;1.0;A01
7260;201300004899;0;7;0;2.0;0.0;3.0;1.0;A01
7261;201300004900;0;21;0;0.0;0.0;3.0;1.0;A01
7262;201300004900;0;31;0;0.0;0.0;3.0;13.0;B02
7263;201300004901;0;33;0;0.0;2.0;7.0;17.0;A01
7264;201300004901;0;7;0;0.0;2.0;3.0;15.0;B02
7265;201300004902;0;7;0;8.0;0.0;2.0;1.0;A01
7266;201300004903;0;7;0;13.0;0.0;9.0;13.0;A01
7267;201300004904;0;7;0;13.0;0.0;1.0;13.0;A01
7268;201300004905;0;33;0;0.0;0.0;8.0;15.0;A01
7269;201300004906;0;7;0;0.0;0.0;1.0;1.0;B02
7270;201300004906;0;7;0;0.0;0.0;3.0;16.0;A01
7271;201300004907;0;30;0;3.0;0.0;3.0;1.0;A01
7272;201300004908;0;10;0;0.0;2.0;3.0;13.0;B02
7273;201300004908;0;33;0;1.0;0.0;1.0;1.0;A01
7274;201300004909;0;7;0;0.0;2.0;1.0;1.0;A01
7275;201300004909;0;7;0;0.0;2.0;3.0;1.0;B02
7276;201300004910;0;7;0;0.0;1.0;2.0;1.0;A01
7277;201300004911;0;7;0;0.0;1.0;3.0;1.0;A01
7278;201300004912;0;2;0;0.0;2.0;1.0;13.0;A01
7279;201300004912;0;7;0;0.0;2.0;3.0;1.0;B02
7280;201300004912;0;2;0;0.0;2.0;1.0;13.0;C03
7281;201300004913;0;7;0;2.0;0.0;7.0;13.0;A01
7282;201300004914;0;7;0;13.0;0.0;3.0;14.0;A01
7283;201300004915;0;7;0;2.0;0.0;2.0;21.0;A01
7284;201300004916;0;7;0;2.0;0.0;1.0;1.0;A01
7285;201300004917;0;7;0;0.0;2.0;3.0;1.0;A01
7286;201300004917;0;33;0;0.0;2.0;8.0;15.0;B02
7287;201300004918;0;36;0;16.0;0.0;0.0;13.0;A01
7288;201300004919;0;7;0;0.0;2.0;3.0;1.0;C03
7289;201300004919;0;7;0;0.0;2.0;3.0;13.0;A01
7290;201300004919;0;7;0;0.0;2.0;3.0;13.0;B02
7291;201300004920;0;7;0;0.0;2.0;2.0;1.0;A01
7292;201300004920;0;1;0;0.0;2.0;1.0;1.0;B02
7293;201300004921;0;7;0;0.0;2.0;2.0;1.0;A01
7294;201300004921;0;7;0;0.0;2.0;2.0;1.0;B02
7295;201300004922;0;7;0;0.0;2.0;8.0;1.0;B02
7296;201300004922;0;7;0;0.0;2.0;7.0;19.0;A01
7297;201300004923;0;15;0;0.0;2.0;3.0;1.0;C03
7298;201300004923;0;7;0;0.0;2.0;3.0;1.0;A01
7299;201300004923;0;10;0;0.0;2.0;3.0;1.0;B02
7300;201300004924;2;7;0;0.0;2.0;1.0;1.0;A01
7301;201300004924;0;33;0;0.0;2.0;1.0;17.0;C03
7302;201300004924;0;7;0;0.0;2.0;1.0;1.0;B02
7303;201300004925;0;7;0;0.0;2.0;1.0;11.0;A01
7304;201300004925;0;7;0;0.0;2.0;1.0;1.0;B02
7305;201300004926;0;7;0;16.0;0.0;9.0;1.0;A01
7306;201300004927;0;7;0;1.0;0.0;1.0;14.0;A01
7307;201300004928;0;10;0;0.0;2.0;1.0;5.0;A01
7308;201300004928;0;10;0;0.0;2.0;1.0;1.0;B02
7309;201300004929;0;7;0;6.0;0.0;1.0;14.0;A01
7310;201300004930;0;7;0;0.0;2.0;7.0;17.0;A01
7311;201300004930;0;1;0;0.0;2.0;8.0;1.0;B02
7312;201300004931;0;31;0;0.0;0.0;4.0;15.0;B02
7313;201300004931;0;7;0;0.0;2.0;1.0;17.0;A01
7314;201300004932;0;38;0;6.0;0.0;2.0;1.0;A01
7315;201300004933;0;10;0;0.0;2.0;3.0;1.0;B02
7316;201300004933;0;7;0;0.0;2.0;3.0;13.0;A01
7317;201300004934;0;31;0;13.0;0.0;7.0;1.0;A01
7318;201300004935;0;7;0;0.0;1.0;3.0;1.0;A01
7319;201300004936;0;7;0;0.0;2.0;1.0;13.0;A01
7320;201300004936;0;7;0;0.0;2.0;3.0;1.0;B02
7321;201300004937;0;7;0;0.0;2.0;6.0;1.0;C03