;Num_Acc;senc;catv;occutc;obs;obsm;choc;manv;num_veh
7322;201300004937;0;7;0;0.0;2.0;1.0;1.0;B02
7323;201300004937;0;10;0;0.0;2.0;1.0;13.0;A01
7324;201300004938;0;7;0;0.0;1.0;2.0;16.0;A01
7325;201300004939;0;7;0;2.0;0.0;8.0;0.0;A01
7326;201300004940;0;7;0;6.0;0.0;1.0;1.0;A01
7327;201300004941;0;33;0;13.0;0.0;9.0;1.0;A01
7328;201300004942;0;7;0;0.0;0.0;9.0;1.0;A01
7329;201300004943;0;7;0;0.0;1.0;3.0;0.0;A01
7330;201300004945;0;7;0;0.0;2.0;3.0;13.0;A01
7331;201300004945;0;7;0;0.0;2.0;3.0;1.0;B02
7332;201300004946;0;7;0;1.0;1.0;2.0;1.0;A01
7333;201300004948;0;7;0;0.0;2.0;1.0;1.0;A01
7334;201300004948;0;1;0;0.0;0.0;0.0;0.0;B02
7335;201300004949;0;7;0;0.0;2.0;3.0;9.0;A01
7336;201300004949;0;33;0;0.0;2.0;1.0;1.0;B02
7337;201300004950;0;10;0;0.0;2.0;3.0;16.0;B02
7338;201300004950;0;31;0;0.0;2.0;1.0;15.0;A01
7339;201300004951;0;7;0;8.0;0.0;4.0;1.0;A01
7340;201300004952;1;7;0;0.0;1.0;0.0;0.0;A01
7341;201300004953;0;7;0;0.0;2.0;2.0;17.0;B02
7342;201300004953;0;21;0;0.0;2.0;3.0;15.0;A01
7343;201300004954;0;7;0;0.0;2.0;8.0;1.0;B02
7344;201300004954;0;7;0;0.0;2.0;3.0;13.0;A01
7345;201300004955;0;7;0;0.0;2.0;8.0;19.0;B02
7346;201300004955;0;7;0;0.0;2.0;1.0;1.0;A01
7347;201300004956;0;7;0;0.0;2.0;3.0;17.0;A01
7348;201300004956;0;7;0;0.0;2.0;3.0;1.0;B02
7349;201300004957;0;7;0;8.0;0.0;2.0;1.0;A01
7350;201300004958;0;7;0;0.0;2.0;1.0;15.0;B02
7351;201300004958;0;7;0;0.0;2.0;1.0;1.0;A01
7352;201300004959;0;7;0;0.0;1.0;2.0;1.0;A01
7353;201300004960;2;7;0;9.0;0.0;7.0;1.0;A01
7354;201300004961;0;7;0;4.0;0.0;1.0;13.0;A01
7355;201300004962;0;14;0;0.0;2.0;1.0;1.0;B02
7356;201300004962;0;7;0;0.0;2.0;4.0;13.0;A01
7357;201300004963;0;7;0;2.0;0.0;8.0;1.0;A01
7358;201300004964;0;7;0;0.0;4.0;7.0;1.0;A01
7359;201300004965;0;30;0;0.0;1.0;0.0;13.0;A01
7360;201300004966;0;14;0;0.0;2.0;1.0;1.0;B02
7361;201300004966;0;7;0;0.0;2.0;1.0;13.0;A01
7362;201300004967;0;7;0;0.0;2.0;2.0;1.0;A01
7363;201300004967;0;2;0;0.0;2.0;1.0;0.0;B02
7364;201300004968;0;7;0;0.0;2.0;5.0;15.0;A01
7365;201300004968;0;33;0;0.0;2.0;1.0;1.0;B02
7366;201300004969;0;7;0;13.0;0.0;2.0;1.0;A01
7367;201300004969;0;7;0;0.0;2.0;3.0;11.0;B02
7368;201300004969;0;7;0;0.0;2.0;7.0;17.0;C03
7369;201300004970;0;7;0;0.0;0.0;3.0;15.0;A01
7370;201300004970;0;1;0;0.0;0.0;8.0;19.0;B02
7371;201300004971;0;7;0;0.0;1.0;3.0;1.0;A01
7372;201300004972;0;7;0;0.0;2.0;1.0;13.0;A01
7373;201300004972;0;7;0;0.0;2.0;1.0;1.0;B02
7374;201300004973;0;7;0;0.0;2.0;7.0;1.0;A01
7375;201300004973;0;7;0;0.0;2.0;1.0;1.0;B02
7376;201300004974;0;2;0;0.0;2.0;1.0;2.0;A01
7377;201300004974;0;7;0;0.0;0.0;6.0;1.0;B02
7378;201300004974;0;7;0;0.0;2.0;2.0;0.0;C03
7379;201300004975;1;7;0;0.0;2.0;0.0;2.0;A01
7380;201300004975;0;1;0;0.0;2.0;1.0;2.0;B02
7381;201300004976;0;7;0;0.0;2.0;1.0;1.0;A01
7382;201300004976;0;7;0;0.0;2.0;2.0;13.0;B02
7383;201300004977;0;33;0;0.0;2.0;1.0;1.0;A01
7384;201300004977;0;7;0;0.0;2.0;3.0;15.0;B02
7385;201300004978;0;7;0;12.0;2.0;2.0;13.0;A01
7386;201300004978;0;7;0;0.0;2.0;3.0;15.0;B02
7387;201300004979;0;7;0;0.0;1.0;2.0;1.0;A01
7388;201300004980;0;7;0;0.0;2.0;3.0;13.0;A01
7389;201300004980;0;7;0;13.0;2.0;6.0;21.0;B02
7390;201300004980;0;7;0;0.0;2.0;3.0;1.0;C03
7391;201300004981;0;33;0;0.0;2.0;7.0;21.0;A01
7392;201300004981;0;7;0;0.0;2.0;5.0;15.0;B02
7393;201300004982;0;7;0;0.0;2.0;2.0;13.0;A01
7394;201300004982;0;7;0;0.0;2.0;1.0;1.0;B02
7395;201300004983;0;10;0;8.0;0.0;7.0;2.0;A01
7396;201300004985;0;7;0;0.0;2.0;3.0;13.0;A01
7397;201300004985;0;7;0;0.0;2.0;3.0;1.0;B02
7398;201300004986;0;7;0;0.0;2.0;3.0;1.0;A01
7399;201300004986;0;7;0;0.0;2.0;3.0;13.0;B02
7400;201300004987;0;10;0;0.0;0.0;4.0;23.0;B02
7401;201300004987;0;7;0;0.0;0.0;4.0;23.0;C03
7402;201300004987;0;7;0;0.0;2.0;1.0;2.0;A01
7403;201300004988;0;7;0;0.0;2.0;1.0;13.0;A01
7404;201300004988;0;7;0;0.0;2.0;1.0;1.0;B02
7405;201300004989;0;7;0;0.0;2.0;1.0;17.0;A01
7406;201300004989;0;7;0;0.0;2.0;1.0;1.0;B02
7407;201300004990;0;38;27;0.0;2.0;3.0;1.0;A01
7408;201300004990;0;7;0;0.0;2.0;8.0;15.0;B02
7409;201300004991;0;1;0;0.0;1.0;1.0;1.0;A01
7410;201300004992;0;30;0;0.0;2.0;7.0;1.0;A01
7411;201300004992;0;7;0;0.0;2.0;1.0;1.0;B02
7412;201300004993;0;7;0;0.0;2.0;3.0;1.0;B02
7413;201300004993;0;33;0;0.0;2.0;1.0;1.0;A01
7414;201300004994;0;1;0;0.0;2.0;1.0;1.0;B02
7415;201300004994;0;7;0;0.0;2.0;5.0;1.0;A01
7416;201300004995;0;7;0;0.0;1.0;3.0;15.0;A01
7417;201300004996;0;7;0;0.0;0.0;9.0;13.0;A01
7418;201300004997;0;1;0;0.0;2.0;1.0;1.0;A01
7419;201300004997;0;7;0;0.0;2.0;3.0;1.0;B02
7420;201300004998;0;7;0;15.0;0.0;1.0;13.0;A01
7421;201300004999;0;7;0;0.0;2.0;1.0;1.0;B02
7422;201300004999;0;7;0;0.0;2.0;7.0;13.0;A01
7423;201300005000;0;2;0;0.0;0.0;3.0;1.0;A01
7424;201300005001;0;7;0;0.0;2.0;3.0;13.0;A01
7425;201300005001;0;7;0;0.0;2.0;3.0;0.0;B02
7426;201300005002;0;7;0;0.0;1.0;4.0;4.0;A01
7427;201300005003;0;7;0;2.0;0.0;1.0;16.0;A01
7428;201300005004;0;7;0;0.0;0.0;9.0;0.0;A01
7429;201300005005;0;7;0;8.0;0.0;2.0;1.0;A01
7430;201300005006;0;7;0;0.0;2.0;1.0;0.0;B02
7431;201300005006;0;7;0;0.0;0.0;7.0;10.0;A01
7432;201300005007;0;14;0;0.0;2.0;3.0;1.0;B02
7433;201300005007;0;15;0;0.0;2.0;3.0;13.0;A01
7434;201300005008;0;7;0;2.0;0.0;3.0;13.0;A01
7435;201300005009;0;7;0;0.0;1.0;1.0;1.0;A01
7436;201300005010;0;7;0;0.0;0.0;0.0;1.0;A01
7437;201300005011;0;7;0;0.0;2.0;3.0;15.0;A01
7438;201300005011;0;33;0;0.0;2.0;1.0;1.0;B02
7439;201300005012;0;7;0;0.0;2.0;3.0;1.0;B02
7440;201300005012;0;33;0;0.0;2.0;1.0;17.0;A01
7441;201300005013;0;7;0;0.0;0.0;2.0;16.0;B02
7442;201300005013;0;33;0;0.0;2.0;1.0;18.0;A01
7443;201300005014;0;7;0;0.0;0.0;6.0;0.0;A01
7444;201300005014;0;33;0;0.0;2.0;1.0;1.0;B02
7445;201300005015;0;30;0;0.0;2.0;7.0;1.0;B02
7446;201300005015;0;7;0;0.0;2.0;1.0;1.0;A01
7447;201300005016;0;2;0;0.0;2.0;1.0;1.0;B02
7448;201300005016;0;7;0;0.0;2.0;2.0;11.0;A01
7449;201300005017;0;7;0;6.0;0.0;4.0;15.0;B02
7450;201300005017;0;7;0;0.0;2.0;1.0;17.0;A01
7451;201300005018;0;7;0;0.0;2.0;4.0;20.0;B02
7452;201300005018;0;7;0;1.0;0.0;1.0;2.0;A01
7453;201300005019;0;7;0;0.0;2.0;3.0;15.0;B02
7454;201300005019;0;7;0;0.0;2.0;2.0;21.0;A01
7455;201300005020;0;7;0;0.0;2.0;7.0;13.0;A01
7456;201300005020;0;7;0;0.0;2.0;1.0;1.0;B02
7457;201300005021;0;31;0;0.0;0.0;7.0;14.0;A01
7458;201300005022;0;33;0;13.0;0.0;1.0;1.0;A01
7459;201300005023;0;33;0;2.0;0.0;1.0;14.0;A01
7460;201300005024;0;7;0;13.0;0.0;3.0;1.0;A01
7461;201300005025;0;33;0;0.0;0.0;0.0;0.0;A01
7462;201300005026;0;33;0;0.0;2.0;1.0;21.0;C03
7463;201300005026;0;7;0;0.0;2.0;8.0;1.0;B02
7464;201300005026;0;7;0;0.0;2.0;1.0;19.0;A01
7465;201300005027;0;7;0;0.0;1.0;1.0;1.0;A01
7466;201300005028;0;7;0;14.0;0.0;1.0;1.0;A01
7467;201300005029;0;7;0;0.0;2.0;1.0;1.0;A01
7468;201300005029;0;15;0;0.0;2.0;1.0;1.0;B02
7469;201300005030;0;36;0;12.0;0.0;2.0;14.0;A01
7470;201300005031;0;14;0;0.0;1.0;2.0;0.0;A01
7471;201300005032;0;7;0;14.0;0.0;1.0;1.0;C03
7472;201300005032;0;10;0;0.0;2.0;3.0;1.0;A01
7473;201300005032;0;10;0;0.0;2.0;3.0;13.0;B02
7474;201300005033;0;7;0;0.0;1.0;3.0;17.0;A01
7475;201300005034;0;10;0;0.0;2.0;3.0;1.0;A01
7476;201300005034;0;1;0;0.0;2.0;1.0;0.0;B02
7477;201300005035;1;7;0;0.0;1.0;0.0;0.0;A01
7478;201300005037;0;7;0;0.0;2.0;1.0;1.0;A01
7479;201300005037;0;7;0;0.0;2.0;2.0;9.0;B02
7480;201300005038;0;7;0;0.0;1.0;1.0;1.0;A01
7481;201300005039;0;7;0;0.0;2.0;1.0;1.0;A01
7482;201300005039;0;7;0;0.0;2.0;1.0;13.0;B02
7483;201300005040;0;7;0;0.0;2.0;2.0;1.0;B02
7484;201300005040;0;7;0;0.0;2.0;3.0;0.0;C03
7485;201300005040;0;7;0;0.0;2.0;3.0;1.0;A01
7486;201300005041;0;33;0;0.0;2.0;1.0;1.0;A01
7487;201300005041;0;7;0;0.0;0.0;3.0;15.0;B02
7488;201300005042;0;7;0;0.0;2.0;3.0;1.0;B02
7489;201300005042;0;31;0;0.0;2.0;0.0;17.0;A01
7490;201300005043;0;7;0;0.0;2.0;1.0;1.0;A01
7491;201300005043;0;7;0;0.0;2.0;7.0;19.0;B02
7492;201300005044;0;7;0;0.0;2.0;1.0;1.0;A01
7493;201300005044;0;14;0;0.0;2.0;8.0;1.0;B02
7494;201300005045;0;7;0;0.0;2.0;3.0;1.0;A01
7495;201300005045;0;7;0;0.0;2.0;3.0;1.0;B02
7496;201300005046;0;33;0;0.0;2.0;1.0;1.0;A01
7497;201300005046;0;7;0;0.0;2.0;4.0;1.0;B02
7498;201300005047;0;15;0;0.0;2.0;6.0;2.0;A01
7499;201300005047;0;2;0;14.0;2.0;1.0;21.0;B02
7500;201300005048;0;14;0;0.0;2.0;3.0;1.0;A01
7501;201300005048;0;7;0;0.0;0.0;1.0;13.0;B02
7502;201300005049;0;7;0;6.0;0.0;1.0;14.0;A01
7503;201300005050;0;7;0;0.0;2.0;3.0;15.0;A01
7504;201300005050;0;7;0;0.0;2.0;3.0;1.0;B02
7505;201300005051;0;7;0;0.0;2.0;3.0;0.0;C03
7506;201300005051;0;7;0;0.0;2.0;3.0;1.0;A01
7507;201300005051;0;7;0;0.0;0.0;5.0;15.0;B02
7508;201300005051;0;10;0;0.0;2.0;3.0;1.0;D04
7509;201300005052;0;14;0;0.0;2.0;2.0;1.0;A01
7510;201300005052;0;7;0;0.0;2.0;9.0;15.0;B02
7511;201300005053;0;33;0;0.0;0.0;0.0;1.0;A01
7512;201300005055;0;7;0;0.0;2.0;3.0;1.0;B02
7513;201300005055;0;31;0;0.0;2.0;1.0;5.0;A01
7514;201300005056;0;17;0;0.0;2.0;8.0;6.0;A01
7515;201300005056;0;7;0;0.0;2.0;3.0;1.0;B02
7516;201300005056;0;7;0;0.0;2.0;3.0;1.0;C03
7517;201300005057;0;7;0;0.0;2.0;3.0;9.0;A01
7518;201300005057;0;7;0;0.0;2.0;7.0;1.0;B02
7519;201300005059;0;7;0;0.0;1.0;1.0;1.0;A01
7520;201300005061;0;15;0;0.0;2.0;7.0;1.0;B02
7521;201300005061;0;14;0;0.0;2.0;3.0;1.0;A01
7522;201300005063;0;10;0;0.0;2.0;3.0;15.0;B02
7523;201300005063;0;2;0;0.0;2.0;1.0;16.0;A01
7524;201300005064;0;7;0;0.0;2.0;1.0;15.0;A01
7525;201300005064;0;33;0;0.0;2.0;1.0;1.0;B02
7526;201300005065;0;7;0;0.0;2.0;2.0;1.0;B02
7527;201300005065;0;7;0;0.0;2.0;2.0;5.0;A01
7528;201300005066;0;17;0;0.0;2.0;7.0;1.0;B02
7529;201300005066;0;7;0;0.0;2.0;1.0;9.0;A01
7530;201300005068;0;7;0;0.0;2.0;1.0;13.0;A01
7531;201300005068;0;7;0;0.0;2.0;1.0;1.0;B02
7532;201300005069;0;7;0;0.0;2.0;1.0;5.0;A01
7533;201300005069;0;17;0;0.0;2.0;1.0;1.0;B02
7534;201300005070;0;7;0;0.0;1.0;1.0;0.0;A01
7535;201300005071;0;30;0;0.0;2.0;8.0;13.0;B02
7536;201300005071;0;7;0;0.0;2.0;2.0;17.0;A01
7537;201300005073;0;7;0;3.0;2.0;3.0;14.0;A01
7538;201300005073;0;7;0;0.0;2.0;3.0;1.0;B02
7539;201300005074;0;33;0;0.0;2.0;1.0;1.0;A01
7540;201300005074;0;33;0;0.0;2.0;4.0;1.0;B02
7541;201300005075;0;30;0;0.0;2.0;1.0;1.0;B02
7542;201300005075;0;7;0;0.0;2.0;5.0;15.0;A01
7543;201300005076;0;7;0;0.0;1.0;1.0;1.0;A01
7544;201300005078;0;7;0;2.0;0.0;9.0;1.0;A01
7545;201300005079;0;2;0;0.0;2.0;1.0;1.0;B02
7546;201300005079;0;10;0;0.0;2.0;3.0;15.0;A01
7547;201300005080;0;7;0;2.0;0.0;1.0;1.0;A01
7548;201300005081;0;7;0;8.0;0.0;2.0;16.0;A01
7549;201300005082;0;2;0;0.0;2.0;1.0;13.0;B02
7550;201300005082;0;7;0;0.0;2.0;3.0;15.0;A01
7551;201300005083;0;7;0;0.0;0.0;0.0;1.0;A01
7552;201300005083;0;1;0;0.0;0.0;0.0;1.0;B02
7553;201300005084;0;7;0;0.0;1.0;3.0;1.0;A01
7554;201300005085;0;14;0;0.0;2.0;8.0;1.0;B02
7555;201300005085;0;7;0;0.0;2.0;1.0;1.0;A01
7556;201300005086;0;10;0;13.0;0.0;1.0;1.0;A01
7557;201300005087;0;10;0;0.0;2.0;3.0;9.0;A01
7558;201300005087;0;10;0;0.0;2.0;5.0;1.0;B02
7559;201300005088;0;7;0;0.0;1.0;1.0;1.0;A01
7560;201300005089;0;10;0;0.0;2.0;1.0;1.0;B02
7561;201300005089;0;15;0;0.0;2.0;8.0;10.0;A01
7562;201300005090;0;10;0;0.0;1.0;7.0;21.0;A01
7563;201300005091;0;7;0;1.0;2.0;3.0;1.0;B02
7564;201300005091;0;7;0;0.0;2.0;3.0;1.0;A01
7565;201300005093;0;10;0;0.0;2.0;2.0;1.0;A01
7566;201300005093;0;1;0;0.0;0.0;4.0;1.0;B02
7567;201300005094;0;10;0;0.0;1.0;3.0;1.0;A01
7568;201300005095;0;7;0;0.0;0.0;1.0;1.0;A01
7569;201300005096;0;7;0;0.0;2.0;2.0;15.0;A01
7570;201300005096;0;7;0;0.0;2.0;1.0;1.0;B02
7571;201300005097;0;7;0;0.0;2.0;1.0;13.0;A01
7572;201300005097;0;7;0;0.0;2.0;1.0;1.0;B02
7573;201300005098;0;10;0;0.0;2.0;1.0;5.0;A01
7574;201300005098;0;10;0;0.0;2.0;1.0;1.0;B02
7575;201300005099;0;14;0;0.0;2.0;3.0;1.0;B02
7576;201300005099;0;7;0;0.0;2.0;3.0;13.0;A01
7577;201300005100;0;33;0;0.0;0.0;1.0;1.0;A01
7578;201300005100;0;7;0;0.0;0.0;2.0;15.0;B02
7579;201300005101;0;7;0;13.0;0.0;4.0;13.0;A01
7580;201300005102;0;7;0;0.0;2.0;4.0;1.0;B02
7581;201300005102;0;10;0;0.0;2.0;1.0;1.0;A01
7582;201300005103;0;7;0;0.0;0.0;1.0;1.0;B02
7583;201300005103;0;7;0;0.0;0.0;7.0;1.0;A01
7584;201300005104;0;7;0;0.0;0.0;8.0;1.0;A01
7585;201300005104;0;99;0;0.0;0.0;1.0;1.0;B02
7586;201300005107;0;7;0;0.0;2.0;1.0;13.0;A01
7587;201300005107;0;7;0;0.0;2.0;1.0;1.0;B02
7588;201300005108;0;7;0;0.0;2.0;1.0;1.0;B02
7589;201300005108;0;7;0;0.0;2.0;1.0;1.0;A01
7590;201300005109;0;7;0;0.0;0.0;4.0;23.0;B02
7591;201300005109;0;15;0;0.0;2.0;1.0;2.0;A01
7592;201300005110;0;7;0;2.0;0.0;1.0;1.0;A01
7593;201300005111;0;31;0;6.0;0.0;1.0;13.0;A01
7594;201300005112;0;1;0;0.0;2.0;1.0;1.0;B02
7595;201300005112;0;7;0;0.0;0.0;2.0;1.0;A01
7596;201300005113;0;33;0;16.0;0.0;0.0;1.0;A01
7597;201300005114;0;33;0;0.0;2.0;1.0;24.0;D04
7598;201300005114;0;7;0;0.0;2.0;1.0;1.0;A01
7599;201300005114;0;7;0;0.0;2.0;4.0;23.0;B02
7600;201300005114;0;7;0;0.0;2.0;1.0;21.0;C03
7601;201300005115;0;7;0;0.0;2.0;3.0;13.0;B02
7602;201300005115;0;7;0;0.0;2.0;2.0;1.0;A01
7603;201300005116;0;7;0;0.0;2.0;1.0;15.0;A01
7604;201300005116;0;7;0;0.0;2.0;1.0;1.0;B02
7605;201300005117;0;7;0;2.0;0.0;7.0;1.0;A01
7606;201300005118;0;21;0;0.0;2.0;2.0;19.0;A01
7607;201300005118;0;7;0;0.0;2.0;3.0;1.0;B02
7608;201300005119;0;7;0;0.0;2.0;3.0;15.0;A01
7609;201300005119;0;7;0;0.0;2.0;3.0;2.0;B02
7610;201300005120;0;7;0;13.0;0.0;2.0;1.0;A01
7611;201300005122;0;10;0;0.0;2.0;1.0;13.0;A01
7612;201300005122;0;10;0;0.0;2.0;3.0;0.0;B02
7613;201300005123;0;1;0;0.0;2.0;8.0;2.0;B02
7614;201300005123;0;14;0;0.0;2.0;5.0;2.0;A01
7615;201300005124;0;7;0;0.0;2.0;4.0;2.0;C03
7616;201300005124;0;7;0;0.0;2.0;1.0;2.0;D04
7617;201300005124;0;7;0;0.0;2.0;4.0;2.0;A01
7618;201300005124;0;7;0;0.0;2.0;4.0;2.0;B02
7619;201300005125;0;1;0;0.0;2.0;1.0;1.0;B02
7620;201300005125;0;7;0;0.0;2.0;2.0;19.0;A01
7621;201300005126;0;33;0;0.0;2.0;3.0;1.0;B02
7622;201300005126;0;30;0;0.0;0.0;3.0;19.0;A01
7623;201300005127;0;33;0;0.0;2.0;1.0;1.0;A01
7624;201300005127;0;7;0;0.0;2.0;7.0;19.0;B02
7625;201300005128;0;7;0;0.0;2.0;2.0;1.0;B02
7626;201300005128;0;7;0;0.0;2.0;1.0;19.0;A01
7627;201300005129;0;14;0;0.0;2.0;8.0;1.0;B02
7628;201300005129;0;7;0;0.0;2.0;1.0;13.0;A01
7629;201300005130;0;7;0;0.0;2.0;3.0;13.0;A01
7630;201300005130;0;7;0;0.0;2.0;3.0;1.0;B02
7631;201300005131;0;7;0;0.0;2.0;8.0;13.0;A01
7632;201300005131;0;7;0;0.0;2.0;1.0;1.0;B02
7633;201300005132;0;14;0;0.0;9.0;6.0;20.0;A01
7634;201300005132;0;1;0;0.0;2.0;1.0;1.0;B02
7635;201300005133;0;7;0;0.0;2.0;1.0;17.0;A01
7636;201300005133;0;7;0;0.0;2.0;1.0;1.0;B02
7637;201300005134;0;33;0;0.0;2.0;7.0;15.0;A01
7638;201300005134;0;2;0;0.0;2.0;1.0;1.0;B02
7639;201300005135;0;7;0;0.0;2.0;1.0;21.0;A01
7640;201300005135;0;10;0;0.0;2.0;3.0;1.0;B02
7641;201300005136;0;7;0;6.0;0.0;3.0;15.0;A01
7642;201300005137;0;30;0;0.0;0.0;0.0;1.0;A01
7643;201300005138;0;2;0;1.0;0.0;0.0;0.0;A01
7644;201300005140;0;7;0;0.0;2.0;1.0;1.0;A01
7645;201300005140;0;10;0;0.0;2.0;8.0;15.0;B02
7646;201300005141;0;30;0;0.0;0.0;6.0;1.0;A01
7647;201300005142;0;7;0;8.0;0.0;3.0;1.0;A01
7648;201300005143;0;7;0;7.0;0.0;2.0;14.0;A01
7649;201300005144;0;7;0;0.0;0.0;8.0;19.0;B02
7650;201300005144;0;7;0;0.0;2.0;1.0;1.0;A01
7651;201300005145;0;30;0;13.0;0.0;1.0;1.0;A01
7652;201300005146;0;1;0;0.0;0.0;0.0;1.0;A01
7653;201300005147;0;7;0;7.0;0.0;1.0;1.0;A01
7654;201300005148;0;30;0;0.0;2.0;7.0;1.0;A01
7655;201300005148;0;21;0;0.0;2.0;6.0;1.0;B02
7656;201300005149;0;33;0;16.0;0.0;0.0;1.0;A01
7657;201300005150;0;7;0;1.0;0.0;3.0;13.0;A01
7658;201300005151;0;33;0;0.0;0.0;7.0;1.0;A01
7659;201300005152;0;36;0;0.0;2.0;7.0;9.0;A01
7660;201300005152;0;7;0;0.0;2.0;3.0;1.0;B02
7661;201300005152;0;7;0;0.0;2.0;8.0;1.0;C03
7662;201300005153;0;21;0;0.0;2.0;6.0;1.0;B02
7663;201300005153;0;7;0;0.0;2.0;3.0;2.0;A01
7664;201300005153;0;10;0;0.0;2.0;2.0;2.0;C03
7665;201300005155;0;31;0;0.0;2.0;1.0;1.0;A01
7666;201300005155;0;7;0;0.0;2.0;2.0;1.0;B02
7667;201300005157;0;7;0;2.0;0.0;8.0;1.0;A01
7668;201300005158;0;33;0;13.0;0.0;2.0;1.0;A01
7669;201300005159;0;7;0;6.0;0.0;7.0;1.0;A01
7670;201300005160;0;10;0;0.0;1.0;3.0;1.0;A01
7671;201300005161;0;7;0;13.0;0.0;2.0;1.0;A01
7672;201300005162;0;7;0;0.0;0.0;2.0;1.0;B02
7673;201300005162;0;7;0;0.0;0.0;2.0;17.0;A01
7674;201300005163;0;7;0;0.0;2.0;1.0;1.0;A01
7675;201300005163;0;1;0;0.0;2.0;1.0;1.0;B02
7676;201300005164;0;14;0;0.0;2.0;3.0;1.0;B02
7677;201300005164;0;7;0;0.0;2.0;3.0;1.0;A01
7678;201300005165;0;7;0;0.0;1.0;1.0;1.0;A01
7679;201300005166;0;7;0;0.0;1.0;2.0;1.0;A01
7680;201300005167;0;7;0;2.0;0.0;1.0;0.0;A01
7681;201300005169;0;7;0;0.0;2.0;1.0;1.0;B02
7682;201300005169;0;2;0;0.0;2.0;1.0;1.0;A01
7683;201300005170;0;14;0;6.0;0.0;3.0;1.0;A01
7684;201300005171;0;33;0;0.0;0.0;9.0;1.0;A01
7685;201300005172;0;21;0;0.0;0.0;8.0;19.0;A01
7686;201300005172;0;33;0;0.0;2.0;1.0;1.0;B02
7687;201300005173;0;2;0;0.0;2.0;1.0;0.0;A01
7688;201300005173;0;21;0;0.0;2.0;1.0;0.0;B02
7689;201300005174;0;7;0;0.0;2.0;7.0;15.0;A01
7690;201300005174;0;7;0;0.0;2.0;2.0;1.0;B02
7691;201300005176;0;30;0;0.0;0.0;0.0;23.0;A01
7692;201300005177;0;7;0;13.0;0.0;2.0;14.0;A01
7693;201300005178;0;7;0;0.0;0.0;2.0;15.0;A01
7694;201300005178;0;34;0;0.0;0.0;1.0;1.0;B02
7695;201300005179;0;7;0;2.0;0.0;1.0;0.0;A01
7696;201300005180;0;7;0;0.0;2.0;1.0;13.0;A01
7697;201300005180;0;7;0;0.0;2.0;3.0;1.0;B02
7698;201300005181;0;33;0;0.0;2.0;1.0;1.0;B02
7699;201300005181;0;7;0;0.0;0.0;2.0;15.0;A01
7700;201300005182;0;7;0;0.0;2.0;1.0;13.0;A01
7701;201300005182;0;7;0;0.0;2.0;1.0;1.0;B02
7702;201300005183;0;7;0;0.0;2.0;1.0;1.0;B02
7703;201300005183;0;7;0;0.0;2.0;7.0;13.0;A01
7704;201300005184;0;1;0;0.0;2.0;1.0;1.0;B02
7705;201300005184;0;32;0;0.0;2.0;8.0;1.0;A01
7706;201300005185;0;33;0;16.0;0.0;8.0;2.0;A01
7707;201300005186;0;33;0;0.0;2.0;1.0;1.0;A01
7708;201300005186;0;33;0;0.0;2.0;1.0;1.0;C03
7709;201300005186;0;21;0;0.0;2.0;3.0;15.0;B02
7710;201300005187;0;33;0;6.0;0.0;9.0;13.0;A01
7711;201300005188;0;14;0;0.0;0.0;7.0;1.0;A01
7712;201300005189;0;7;0;0.0;2.0;2.0;11.0;B02
7713;201300005189;0;30;0;0.0;2.0;0.0;11.0;A01
7714;201300005189;0;7;0;0.0;2.0;1.0;1.0;C03
7715;201300005191;0;7;0;0.0;2.0;1.0;13.0;A01
7716;201300005191;0;7;0;0.0;2.0;3.0;1.0;B02
7717;201300005192;0;15;0;0.0;2.0;4.0;24.0;B02
7718;201300005192;0;1;0;1.0;0.0;1.0;1.0;A01
7719;201300005193;0;7;0;0.0;2.0;1.0;1.0;A01
7720;201300005193;0;7;0;0.0;2.0;4.0;23.0;B02
7721;201300005193;0;7;0;0.0;2.0;4.0;23.0;C03
7722;201300005196;0;30;0;0.0;2.0;7.0;1.0;B02
7723;201300005196;0;7;0;0.0;2.0;3.0;9.0;A02
7724;201300005197;0;7;0;0.0;2.0;1.0;1.0;B02
7725;201300005197;0;7;0;0.0;2.0;7.0;13.0;A01
7726;201300005198;0;33;0;10.0;0.0;7.0;1.0;A01
7727;201300005199;0;7;0;0.0;2.0;3.0;15.0;A01
7728;201300005199;0;10;0;0.0;2.0;2.0;1.0;B02
7729;201300005200;0;7;0;0.0;0.0;8.0;15.0;B02
7730;201300005200;0;33;0;0.0;2.0;1.0;15.0;A01
7731;201300005202;0;7;0;0.0;4.0;5.0;23.0;A01
7732;201300005202;0;39;1;0.0;0.0;1.0;1.0;B01
7733;201300005204;0;15;0;6.0;0.0;1.0;1.0;A01
7734;201300005205;0;10;0;0.0;0.0;1.0;10.0;A01
7735;201300005205;0;33;0;0.0;0.0;1.0;1.0;B02
7736;201300005206;0;7;0;0.0;2.0;3.0;17.0;A01
7737;201300005206;0;7;0;0.0;2.0;3.0;1.0;B02
7738;201300005207;0;10;0;0.0;2.0;2.0;1.0;A01
7739;201300005207;0;14;0;0.0;0.0;5.0;15.0;B02
7740;201300005208;0;7;0;3.0;2.0;1.0;1.0;B02
7741;201300005208;0;7;0;0.0;2.0;1.0;1.0;A01
7742;201300005209;0;7;0;0.0;9.0;3.0;15.0;A01
7743;201300005209;0;1;0;0.0;2.0;1.0;1.0;B02
7744;201300005210;0;7;0;3.0;2.0;5.0;17.0;A01
7745;201300005210;0;7;0;3.0;2.0;3.0;1.0;B02
7746;201300005212;0;7;0;0.0;1.0;2.0;14.0;A01
7747;201300005213;0;21;0;0.0;0.0;0.0;0.0;A01
7748;201300005214;0;10;0;0.0;2.0;1.0;13.0;A01
7749;201300005214;0;33;0;0.0;2.0;8.0;1.0;B02
7750;201300005215;0;38;3;0.0;0.0;7.0;1.0;A01
7751;201300005216;0;21;0;0.0;0.0;9.0;1.0;A01