;Num_Acc;senc;catv;occutc;obs;obsm;choc;manv;num_veh
7752;201300005217;0;33;0;0.0;2.0;1.0;5.0;B02
7753;201300005217;0;7;0;0.0;2.0;3.0;15.0;A01
7754;201300005218;0;7;0;0.0;0.0;9.0;1.0;A01
7755;201300005219;0;10;0;0.0;2.0;3.0;15.0;B02
7756;201300005219;0;7;0;0.0;2.0;3.0;17.0;A01
7757;201300005220;0;10;0;6.0;0.0;1.0;1.0;A01
7758;201300005221;0;7;0;13.0;0.0;9.0;13.0;A01
7759;201300005222;0;7;0;0.0;1.0;7.0;1.0;A01
7760;201300005223;0;7;0;0.0;2.0;1.0;1.0;B02
7761;201300005223;0;7;0;0.0;2.0;1.0;5.0;A01
7762;201300005224;0;7;0;0.0;2.0;3.0;1.0;B02
7763;201300005224;0;10;0;0.0;2.0;3.0;13.0;A01
7764;201300005225;0;7;0;0.0;1.0;3.0;1.0;A01
7765;201300005226;0;7;0;0.0;1.0;7.0;1.0;A01
7766;201300005227;0;30;0;0.0;2.0;2.0;17.0;B02
7767;201300005227;0;7;0;0.0;2.0;8.0;20.0;A01
7768;201300005229;0;7;0;0.0;2.0;5.0;15.0;B02
7769;201300005229;0;33;0;0.0;2.0;8.0;1.0;A01
7770;201300005230;0;7;0;13.0;0.0;1.0;1.0;A01
7771;201300005231;0;7;0;0.0;2.0;3.0;1.0;B02
7772;201300005231;0;33;0;0.0;2.0;0.0;17.0;A01
7773;201300005232;0;10;0;0.0;2.0;3.0;17.0;B02
7774;201300005232;0;10;0;0.0;2.0;3.0;13.0;A01
7775;201300005233;0;7;0;0.0;1.0;1.0;1.0;A01
7776;201300005235;0;7;0;0.0;1.0;3.0;1.0;A01
7777;201300005236;0;10;0;5.0;0.0;9.0;19.0;A01
7778;201300005237;0;7;0;0.0;1.0;2.0;1.0;A01
7779;201300005238;0;7;0;0.0;2.0;1.0;2.0;B02
7780;201300005238;0;7;0;0.0;0.0;4.0;15.0;A01
7781;201300005239;0;99;0;16.0;0.0;0.0;0.0;A01
7782;201300005240;0;33;0;0.0;0.0;0.0;0.0;A01
7783;201300005240;0;10;0;0.0;0.0;0.0;0.0;B02
7784;201300005241;0;2;0;0.0;2.0;1.0;1.0;A01
7785;201300005241;0;7;0;0.0;2.0;3.0;1.0;B02
7786;201300005242;0;10;0;0.0;1.0;6.0;20.0;A01
7787;201300005244;0;7;0;0.0;2.0;3.0;13.0;A01
7788;201300005244;0;10;0;0.0;2.0;3.0;1.0;B02
7789;201300005245;0;7;0;0.0;0.0;9.0;1.0;A01
7790;201300005246;0;7;0;1.0;0.0;1.0;1.0;A01
7791;201300005247;0;10;0;0.0;2.0;6.0;4.0;A01
7792;201300005247;0;1;0;0.0;2.0;8.0;23.0;B02
7793;201300005248;0;7;0;0.0;2.0;1.0;1.0;C03
7794;201300005248;0;7;0;0.0;2.0;3.0;1.0;B02
7795;201300005248;0;7;0;0.0;2.0;1.0;13.0;A01
7796;201300005249;0;7;0;6.0;0.0;1.0;14.0;A01
7797;201300005250;0;33;0;15.0;0.0;1.0;1.0;A01
7798;201300005251;0;33;0;0.0;2.0;1.0;1.0;A01
7799;201300005251;0;33;0;0.0;2.0;1.0;1.0;B02
7800;201300005251;0;10;0;0.0;2.0;4.0;1.0;C03
7801;201300005252;0;7;0;0.0;1.0;1.0;16.0;A01
7802;201300005253;0;7;0;10.0;0.0;2.0;1.0;A01
7803;201300005254;0;10;0;0.0;2.0;6.0;16.0;A01
7804;201300005254;0;30;0;0.0;2.0;1.0;17.0;B02
7805;201300005255;0;1;0;0.0;9.0;0.0;17.0;A01
7806;201300005256;0;32;0;0.0;2.0;3.0;1.0;A01
7807;201300005256;1;7;0;0.0;2.0;0.0;0.0;B01
7808;201300005257;0;13;0;0.0;0.0;3.0;0.0;A01
7809;201300005258;0;33;0;0.0;2.0;1.0;9.0;A01
7810;201300005258;0;7;0;0.0;2.0;1.0;9.0;B02
7811;201300005259;0;10;0;0.0;9.0;8.0;17.0;A01
7812;201300005259;0;1;0;0.0;2.0;8.0;2.0;B02
7813;201300005260;0;7;0;8.0;0.0;1.0;13.0;A01
7814;201300005261;0;33;0;0.0;2.0;1.0;18.0;A01
7815;201300005261;0;7;0;0.0;2.0;3.0;15.0;B02
7816;201300005262;0;10;0;0.0;2.0;2.0;9.0;A01
7817;201300005262;0;31;0;0.0;2.0;1.0;1.0;B02
7818;201300005263;0;1;0;0.0;0.0;1.0;16.0;B02
7819;201300005263;0;7;0;0.0;0.0;1.0;1.0;A01
7820;201300005264;0;7;0;0.0;0.0;2.0;1.0;A01
7821;201300005265;0;7;0;0.0;0.0;0.0;0.0;A01
7822;201300005266;0;30;0;9.0;0.0;1.0;1.0;A01
7823;201300005267;0;7;0;0.0;0.0;1.0;1.0;B02
7824;201300005267;0;7;0;0.0;0.0;1.0;17.0;A01
7825;201300005268;0;37;0;0.0;9.0;6.0;1.0;A01
7826;201300005269;0;7;0;2.0;0.0;8.0;13.0;A01
7827;201300005270;0;7;0;6.0;0.0;8.0;1.0;A01
7828;201300005271;0;7;0;2.0;0.0;1.0;1.0;A01
7829;201300005272;0;3;0;8.0;2.0;6.0;13.0;A01
7830;201300005272;0;15;0;0.0;2.0;2.0;17.0;B02
7831;201300005274;0;7;0;8.0;0.0;7.0;2.0;A01
7832;201300005275;0;7;0;6.0;0.0;7.0;0.0;A01
7833;201300005276;0;7;0;1.0;0.0;5.0;1.0;A01
7834;201300005277;0;7;0;0.0;2.0;1.0;2.0;B02
7835;201300005277;0;7;0;0.0;2.0;4.0;1.0;A01
7836;201300005278;0;7;0;0.0;2.0;1.0;13.0;A01
7837;201300005278;0;7;0;0.0;2.0;3.0;1.0;B02
7838;201300005279;0;7;0;2.0;0.0;3.0;13.0;A01
7839;201300005280;0;33;0;3.0;0.0;1.0;0.0;A01
7840;201300005281;0;14;0;0.0;2.0;2.0;2.0;A01
7841;201300005281;0;1;0;0.0;2.0;4.0;1.0;B02
7842;201300005282;0;7;0;0.0;2.0;1.0;15.0;A01
7843;201300005282;0;31;0;0.0;2.0;1.0;1.0;B02
7844;201300005283;0;7;0;0.0;1.0;1.0;1.0;A01
7845;201300005284;0;7;0;0.0;2.0;3.0;9.0;A01
7846;201300005284;0;30;0;0.0;2.0;5.0;1.0;B02
7847;201300005285;0;7;0;6.0;0.0;1.0;13.0;A01
7848;201300005286;0;7;0;0.0;2.0;7.0;15.0;A01
7849;201300005286;0;33;0;0.0;2.0;1.0;1.0;B02
7850;201300005287;0;33;0;0.0;2.0;8.0;1.0;A01
7851;201300005287;0;14;0;0.0;0.0;8.0;23.0;B02
7852;201300005288;0;7;0;0.0;2.0;2.0;6.0;A01
7853;201300005288;0;7;0;0.0;2.0;3.0;1.0;B02
7854;201300005289;0;7;0;0.0;2.0;2.0;1.0;A01
7855;201300005289;0;7;0;0.0;2.0;6.0;1.0;B02
7856;201300005290;0;7;0;0.0;1.0;2.0;1.0;A01
7857;201300005291;0;1;0;0.0;0.0;1.0;1.0;A01
7858;201300005292;0;1;0;0.0;2.0;1.0;10.0;B02
7859;201300005292;0;7;0;0.0;2.0;2.0;13.0;A01
7860;201300005294;0;10;0;6.0;0.0;1.0;1.0;A01
7861;201300005296;0;15;0;0.0;1.0;4.0;4.0;A01
7862;201300005297;0;7;0;0.0;0.0;3.0;10.0;A01
7863;201300005297;0;7;0;0.0;0.0;1.0;1.0;B02
7864;201300005298;0;7;0;13.0;0.0;9.0;1.0;A01
7865;201300005299;0;7;0;0.0;2.0;7.0;17.0;A01
7866;201300005299;0;10;0;0.0;2.0;1.0;1.0;B02
7867;201300005300;0;7;0;8.0;2.0;5.0;1.0;A01
7868;201300005300;0;7;0;0.0;2.0;2.0;6.0;B02
7869;201300005302;0;7;0;0.0;1.0;2.0;9.0;A01
7870;201300005303;0;14;0;0.0;2.0;1.0;1.0;A01
7871;201300005303;0;7;0;0.0;2.0;1.0;1.0;B02
7872;201300005303;0;7;0;0.0;2.0;1.0;16.0;C03
7873;201300005305;0;3;0;0.0;2.0;3.0;15.0;A01
7874;201300005305;0;33;0;0.0;2.0;1.0;3.0;B02
7875;201300005306;0;7;0;0.0;2.0;3.0;15.0;A01
7876;201300005306;0;2;0;0.0;2.0;1.0;1.0;B02
7877;201300005307;0;7;0;0.0;2.0;3.0;9.0;A01
7878;201300005307;0;33;0;0.0;2.0;4.0;1.0;B02
7879;201300005308;0;21;0;0.0;2.0;3.0;15.0;B02
7880;201300005308;0;33;0;0.0;2.0;1.0;17.0;A01
7881;201300005309;0;2;0;0.0;2.0;8.0;9.0;A01
7882;201300005309;0;7;0;0.0;2.0;1.0;1.0;B02
7883;201300005310;0;3;0;0.0;2.0;3.0;9.0;A01
7884;201300005310;0;1;0;0.0;2.0;4.0;9.0;B02
7885;201300005311;0;14;0;0.0;2.0;1.0;13.0;A01
7886;201300005311;0;33;0;0.0;2.0;1.0;17.0;B02
7887;201300005312;0;7;0;0.0;2.0;5.0;15.0;A01
7888;201300005312;0;1;0;0.0;2.0;1.0;1.0;B02
7889;201300005313;0;31;0;0.0;2.0;2.0;1.0;A01
7890;201300005313;0;7;0;0.0;2.0;1.0;15.0;B02
7891;201300005314;0;7;0;0.0;2.0;1.0;5.0;A01
7892;201300005314;0;7;0;0.0;2.0;1.0;1.0;B02
7893;201300005315;0;31;0;0.0;2.0;3.0;13.0;A01
7894;201300005315;0;38;0;0.0;2.0;3.0;1.0;B02
7895;201300005316;0;7;0;0.0;2.0;6.0;15.0;A01
7896;201300005316;0;2;0;0.0;2.0;1.0;17.0;B02
7897;201300005318;0;7;0;0.0;6.0;9.0;1.0;A01
7898;201300005318;0;7;0;1.0;6.0;1.0;1.0;B02
7899;201300005319;0;33;0;0.0;2.0;1.0;1.0;A01
7900;201300005319;0;33;0;0.0;2.0;1.0;17.0;B02
7901;201300005320;0;7;0;0.0;2.0;1.0;1.0;A01
7902;201300005320;0;7;0;0.0;2.0;6.0;1.0;B02
7903;201300005320;0;7;0;0.0;2.0;1.0;1.0;C03
7904;201300005322;0;10;0;4.0;0.0;1.0;1.0;A01
7905;201300005323;0;7;0;13.0;0.0;9.0;1.0;A01
7906;201300005324;0;33;0;10.0;0.0;7.0;2.0;A01
7907;201300005325;0;30;0;0.0;0.0;8.0;2.0;A01
7908;201300005325;1;7;0;;2.0;1.0;0.0;B01
7909;201300005326;0;7;0;0.0;0.0;2.0;2.0;A01
7910;201300005326;0;7;0;0.0;0.0;3.0;15.0;B02
7911;201300005327;0;33;0;0.0;0.0;2.0;1.0;A01
7912;201300005327;0;7;0;0.0;0.0;3.0;15.0;B02
7913;201300005328;0;7;0;2.0;0.0;8.0;22.0;A01
7914;201300005329;0;7;0;0.0;2.0;8.0;15.0;B02
7915;201300005329;0;7;0;0.0;2.0;2.0;17.0;A01
7916;201300005330;0;7;0;0.0;2.0;1.0;13.0;A01
7917;201300005330;0;7;0;0.0;2.0;1.0;1.0;B02
7918;201300005331;0;7;0;0.0;2.0;3.0;13.0;A01
7919;201300005331;0;7;0;0.0;2.0;8.0;1.0;B02
7920;201300005332;0;17;0;5.0;0.0;2.0;1.0;A01
7921;201300005333;0;7;0;0.0;2.0;2.0;1.0;A01
7922;201300005333;0;7;0;0.0;2.0;1.0;1.0;B02
7923;201300005334;0;7;0;0.0;2.0;1.0;1.0;B02
7924;201300005334;0;7;0;0.0;2.0;1.0;5.0;A01
7925;201300005336;0;7;0;0.0;1.0;5.0;16.0;A01
7926;201300005337;0;7;0;0.0;1.0;3.0;21.0;A01
7927;201300005339;0;7;0;0.0;2.0;4.0;5.0;A01
7928;201300005339;0;7;0;0.0;2.0;1.0;1.0;B02
7929;201300005340;0;14;0;0.0;2.0;1.0;1.0;B02
7930;201300005340;0;7;0;0.0;2.0;7.0;13.0;A01
7931;201300005342;0;7;0;0.0;2.0;1.0;2.0;A01
7932;201300005342;0;7;0;0.0;2.0;4.0;1.0;B02
7933;201300005342;0;7;0;0.0;2.0;4.0;1.0;C03
7934;201300005342;0;7;0;0.0;2.0;4.0;1.0;D04
7935;201300005343;0;13;0;0.0;0.0;7.0;15.0;A01
7936;201300005344;0;30;0;0.0;2.0;1.0;13.0;A01
7937;201300005344;0;7;0;0.0;2.0;1.0;1.0;B02
7938;201300005345;0;7;0;0.0;2.0;3.0;1.0;A01
7939;201300005345;0;7;0;0.0;2.0;2.0;1.0;B02
7940;201300005346;0;7;0;0.0;2.0;6.0;20.0;A01
7941;201300005346;0;33;0;0.0;2.0;1.0;5.0;B02
7942;201300005346;0;7;0;0.0;2.0;3.0;1.0;C03
7943;201300005346;0;7;0;0.0;2.0;8.0;5.0;D04
7944;201300005347;0;7;0;0.0;2.0;1.0;15.0;A01
7945;201300005347;0;34;0;0.0;2.0;8.0;1.0;B02
7946;201300005348;0;7;0;0.0;2.0;7.0;13.0;A01
7947;201300005348;0;32;0;0.0;2.0;1.0;1.0;B02
7948;201300005349;0;14;0;0.0;2.0;3.0;9.0;A01
7949;201300005349;0;7;0;0.0;2.0;8.0;1.0;B02
7950;201300005350;0;7;0;0.0;1.0;3.0;1.0;A01
7951;201300005351;0;33;0;0.0;0.0;0.0;1.0;A01
7952;201300005352;0;7;0;0.0;9.0;2.0;10.0;A01
7953;201300005352;0;1;0;0.0;2.0;8.0;1.0;B02
7954;201300005353;0;7;0;0.0;1.0;2.0;14.0;A01
7955;201300005354;0;10;0;0.0;2.0;4.0;1.0;A01
7956;201300005354;0;38;0;0.0;0.0;3.0;1.0;B02
7957;201300005355;0;7;0;0.0;0.0;0.0;1.0;A01
7958;201300005356;0;7;0;0.0;2.0;7.0;1.0;A01
7959;201300005356;0;7;0;0.0;2.0;1.0;1.0;B02
7960;201300005357;0;7;0;0.0;2.0;1.0;17.0;A01
7961;201300005357;0;7;0;0.0;2.0;1.0;21.0;B02
7962;201300005358;0;7;0;8.0;0.0;1.0;1.0;A01
7963;201300005359;0;7;0;0.0;2.0;1.0;13.0;A01
7964;201300005359;0;7;0;0.0;2.0;1.0;1.0;B02
7965;201300005360;0;7;0;16.0;0.0;9.0;17.0;A01
7966;201300005361;0;7;0;0.0;2.0;1.0;1.0;A01
7967;201300005361;0;7;0;0.0;2.0;3.0;1.0;B02
7968;201300005362;0;7;0;0.0;1.0;1.0;1.0;A01
7969;201300005363;0;7;0;0.0;2.0;3.0;1.0;A01
7970;201300005363;0;7;0;0.0;2.0;3.0;1.0;B02
7971;201300005364;0;7;0;0.0;2.0;7.0;1.0;A01
7972;201300005364;0;7;0;0.0;2.0;1.0;1.0;B02
7973;201300005365;0;36;0;2.0;0.0;1.0;1.0;A01
7974;201300005367;0;7;0;8.0;0.0;1.0;19.0;A01
7975;201300005368;0;7;0;13.0;0.0;9.0;1.0;A01
7976;201300005369;0;33;0;13.0;0.0;1.0;1.0;A01
7977;201300005370;0;7;0;0.0;1.0;3.0;21.0;A01
7978;201300005371;0;7;0;0.0;0.0;2.0;1.0;A01
7979;201300005373;0;30;0;15.0;0.0;1.0;21.0;A01
7980;201300005374;0;7;0;0.0;2.0;3.0;13.0;A01
7981;201300005374;0;33;0;0.0;2.0;1.0;11.0;B02
7982;201300005375;0;7;0;0.0;2.0;1.0;1.0;A01
7983;201300005375;0;7;0;0.0;2.0;1.0;13.0;B02
7984;201300005376;0;7;0;0.0;2.0;7.0;1.0;A01
7985;201300005376;0;7;0;0.0;2.0;1.0;1.0;B02
7986;201300005377;0;7;0;15.0;0.0;1.0;1.0;A01
7987;201300005378;0;33;0;0.0;2.0;7.0;13.0;A01
7988;201300005378;0;7;0;0.0;2.0;3.0;1.0;B02
7989;201300005379;0;7;0;0.0;1.0;1.0;1.0;A01
7990;201300005380;0;7;0;2.0;0.0;2.0;1.0;A01
7991;201300005381;0;14;0;0.0;1.0;2.0;20.0;A01
7992;201300005382;0;2;0;0.0;0.0;0.0;17.0;A01
7993;201300005384;0;7;0;0.0;2.0;1.0;1.0;B02
7994;201300005384;0;7;0;0.0;2.0;1.0;5.0;A01
7995;201300005385;0;10;0;0.0;2.0;6.0;1.0;B02
7996;201300005385;0;10;0;0.0;2.0;1.0;1.0;A01
7997;201300005386;0;7;0;0.0;2.0;1.0;17.0;A01
7998;201300005386;0;7;0;0.0;2.0;1.0;15.0;B02
7999;201300005386;0;7;0;0.0;2.0;1.0;1.0;C03
8000;201300005387;0;7;0;13.0;0.0;1.0;1.0;A01
8001;201300005388;0;7;0;0.0;1.0;2.0;1.0;A01
8002;201300005389;0;15;0;0.0;2.0;2.0;9.0;A01
8003;201300005389;0;33;0;0.0;2.0;1.0;1.0;B02
8004;201300005390;0;7;0;0.0;9.0;2.0;15.0;A01
8005;201300005390;0;1;0;0.0;2.0;1.0;1.0;B02
8006;201300005391;0;7;0;0.0;1.0;4.0;4.0;A01
8007;201300005392;0;14;0;6.0;0.0;3.0;16.0;A01
8008;201300005393;0;7;0;0.0;5.0;2.0;1.0;A01
8009;201300005394;0;7;0;0.0;2.0;3.0;1.0;A01
8010;201300005394;0;7;0;0.0;2.0;3.0;1.0;B02
8011;201300005395;0;31;0;13.0;0.0;7.0;1.0;A01
8012;201300005396;0;10;0;13.0;0.0;3.0;1.0;A01
8013;201300005397;0;7;0;0.0;1.0;3.0;0.0;A01
8014;201300005398;0;7;0;0.0;2.0;3.0;15.0;A01
8015;201300005398;0;33;0;0.0;2.0;1.0;13.0;B02
8016;201300005399;0;7;0;0.0;2.0;8.0;9.0;A01
8017;201300005399;0;30;0;0.0;2.0;1.0;1.0;B02
8018;201300005400;0;14;0;0.0;1.0;2.0;16.0;A01
8019;201300005401;0;7;0;0.0;2.0;2.0;15.0;A01
8020;201300005401;0;7;0;0.0;2.0;1.0;1.0;B02
8021;201300005402;0;7;0;0.0;1.0;7.0;1.0;A01
8022;201300005403;0;7;0;0.0;0.0;9.0;1.0;A01
8023;201300005404;0;33;0;0.0;2.0;8.0;18.0;A01
8024;201300005404;0;7;0;0.0;2.0;7.0;1.0;B02
8025;201300005405;0;7;0;0.0;0.0;3.0;1.0;A01
8026;201300005405;0;7;0;0.0;0.0;8.0;1.0;B02
8027;201300005405;0;7;0;0.0;0.0;8.0;1.0;C03
8028;201300005405;0;7;0;0.0;0.0;3.0;1.0;D04
8029;201300005406;0;7;0;1.0;0.0;3.0;1.0;A01
8030;201300005407;0;7;0;0.0;2.0;3.0;15.0;A01
8031;201300005407;0;33;0;0.0;2.0;1.0;1.0;B02
8032;201300005408;0;2;0;0.0;2.0;1.0;13.0;A01
8033;201300005408;0;7;0;0.0;2.0;3.0;1.0;B02
8034;201300005409;0;7;0;0.0;0.0;1.0;0.0;A01
8035;201300005409;0;1;0;0.0;2.0;8.0;19.0;B02
8036;201300005410;0;33;0;0.0;2.0;1.0;1.0;A01
8037;201300005410;0;7;0;0.0;2.0;6.0;1.0;B02
8038;201300005412;0;7;0;0.0;2.0;1.0;2.0;A01
8039;201300005412;0;7;0;0.0;0.0;4.0;2.0;B02
8040;201300005414;0;7;0;0.0;1.0;1.0;1.0;A01
8041;201300005416;0;7;0;6.0;0.0;3.0;1.0;A01
8042;201300005417;0;14;0;0.0;1.0;2.0;1.0;A01
8043;201300005418;0;30;0;0.0;0.0;7.0;1.0;A01
8044;201300005419;0;7;0;11.0;2.0;2.0;17.0;A01
8045;201300005419;0;7;0;0.0;0.0;3.0;15.0;B02
8046;201300005420;0;7;0;8.0;0.0;9.0;13.0;A01
8047;201300005421;0;33;0;2.0;0.0;7.0;1.0;A01
8048;201300005422;0;30;0;0.0;2.0;2.0;1.0;A01
8049;201300005422;0;7;0;0.0;2.0;8.0;16.0;B02
8050;201300005423;0;33;0;0.0;2.0;8.0;1.0;B02
8051;201300005423;0;33;0;8.0;2.0;8.0;1.0;A01
8052;201300005425;0;7;0;0.0;0.0;0.0;0.0;A01
8053;201300005426;0;7;0;13.0;0.0;2.0;1.0;A01
8054;201300005427;0;10;0;2.0;0.0;1.0;1.0;A01
8055;201300005428;0;10;0;0.0;2.0;3.0;13.0;A01
8056;201300005428;0;7;0;0.0;2.0;3.0;1.0;B02
8057;201300005429;0;7;0;15.0;0.0;1.0;0.0;A01
8058;201300005430;0;7;0;6.0;0.0;2.0;1.0;A01
8059;201300005432;0;7;0;2.0;0.0;1.0;1.0;A01
8060;201300005433;0;7;0;2.0;0.0;7.0;1.0;A01
8061;201300005434;0;7;0;0.0;0.0;1.0;1.0;A01
8062;201300005435;0;33;0;11.0;0.0;1.0;1.0;A01
8063;201300005436;0;7;0;0.0;2.0;2.0;15.0;A01
8064;201300005436;0;1;0;0.0;2.0;1.0;1.0;B02
8065;201300005437;0;7;0;0.0;2.0;2.0;1.0;A01
8066;201300005437;0;1;0;0.0;2.0;1.0;9.0;B02
8067;201300005438;0;7;0;6.0;2.0;1.0;13.0;A01
8068;201300005438;0;2;0;0.0;2.0;1.0;1.0;B02
8069;201300005440;0;7;0;9.0;6.0;2.0;21.0;A01
8070;201300005441;0;33;0;3.0;0.0;2.0;1.0;A01
8071;201300005442;0;7;0;0.0;1.0;1.0;1.0;A01
8072;201300005443;0;31;0;0.0;0.0;1.0;11.0;B02
8073;201300005443;0;10;0;0.0;0.0;2.0;2.0;A01
8074;201300005444;0;7;0;0.0;0.0;2.0;15.0;A01
8075;201300005444;0;33;0;0.0;0.0;2.0;1.0;B02
8076;201300005445;0;33;0;10.0;0.0;7.0;1.0;A01
8077;201300005447;0;7;0;0.0;1.0;2.0;1.0;A01
8078;201300005448;0;7;0;6.0;0.0;3.0;1.0;A01
8079;201300005449;0;7;0;16.0;2.0;0.0;0.0;A01
8080;201300005450;0;7;0;0.0;2.0;1.0;1.0;A01
8081;201300005450;0;7;0;0.0;2.0;8.0;1.0;B02
8082;201300005451;0;7;0;0.0;1.0;1.0;0.0;A01
8083;201300005452;0;7;0;0.0;0.0;0.0;1.0;A01
8084;201300005453;0;7;0;0.0;1.0;2.0;1.0;A01
8085;201300005454;0;2;0;0.0;0.0;7.0;0.0;A01
8086;201300005455;0;7;0;0.0;2.0;2.0;15.0;A01
8087;201300005455;0;30;0;0.0;2.0;1.0;1.0;B02
8088;201300005457;0;33;0;0.0;2.0;8.0;16.0;A01
8089;201300005457;0;7;0;0.0;0.0;7.0;0.0;B02
8090;201300005458;0;33;0;6.0;0.0;0.0;0.0;A01
8091;201300005459;0;10;0;2.0;0.0;7.0;14.0;A01
8092;201300005461;0;7;0;13.0;0.0;2.0;14.0;A01
8093;201300005462;0;1;0;0.0;0.0;1.0;0.0;A01
8094;201300005463;0;33;0;0.0;0.0;7.0;1.0;A01
8095;201300005464;0;15;0;0.0;2.0;7.0;21.0;A01
8096;201300005464;0;1;0;0.0;2.0;8.0;1.0;B02
8097;201300005465;0;31;0;2.0;0.0;1.0;1.0;A01
8098;201300005466;0;7;0;0.0;2.0;3.0;9.0;A01
8099;201300005466;0;33;0;0.0;2.0;1.0;1.0;B02
8100;201300005467;0;7;0;0.0;2.0;3.0;13.0;B02
8101;201300005467;0;10;0;0.0;2.0;3.0;13.0;A01
8102;201300005468;0;31;0;0.0;2.0;8.0;1.0;B02
8103;201300005468;0;7;0;0.0;2.0;2.0;15.0;A01
8104;201300005469;0;1;0;0.0;2.0;1.0;1.0;B02
8105;201300005469;0;7;0;0.0;9.0;2.0;15.0;A01
8106;201300005470;0;30;0;0.0;2.0;1.0;1.0;A01
8107;201300005470;0;7;0;0.0;2.0;1.0;1.0;B02
8108;201300005471;0;7;0;0.0;2.0;1.0;1.0;B02
8109;201300005471;0;1;0;0.0;2.0;1.0;10.0;A01
8110;201300005472;0;7;0;0.0;2.0;4.0;1.0;A01
8111;201300005472;0;7;0;0.0;2.0;1.0;1.0;B02
8112;201300005473;0;7;0;13.0;0.0;2.0;1.0;A01
8113;201300005474;0;7;0;0.0;2.0;3.0;13.0;B02
8114;201300005474;0;7;0;0.0;2.0;3.0;1.0;A01
8115;201300005474;0;7;0;0.0;0.0;1.0;1.0;C03
8116;201300005475;0;7;0;13.0;0.0;1.0;14.0;A01
8117;201300005476;0;7;0;0.0;2.0;1.0;1.0;A01
8118;201300005476;0;36;0;0.0;2.0;8.0;19.0;B02
8119;201300005477;0;7;0;0.0;2.0;1.0;1.0;B02
8120;201300005477;0;7;0;0.0;2.0;1.0;1.0;C03
8121;201300005477;0;7;0;0.0;2.0;1.0;1.0;D04
8122;201300005477;0;7;0;0.0;2.0;1.0;5.0;A01
8123;201300005478;0;2;0;0.0;2.0;1.0;0.0;A01
8124;201300005478;0;7;0;0.0;2.0;7.0;0.0;B02
8125;201300005481;0;7;0;0.0;4.0;2.0;0.0;A01
8126;201300005481;0;39;0;0.0;2.0;3.0;1.0;B02
8127;201300005482;0;7;0;2.0;0.0;1.0;14.0;A01
8128;201300005483;0;10;0;0.0;2.0;2.0;1.0;A01
8129;201300005483;0;7;0;0.0;2.0;3.0;19.0;B02
8130;201300005484;0;10;0;0.0;2.0;1.0;1.0;A01
8131;201300005484;0;7;0;0.0;2.0;5.0;15.0;B02
8132;201300005485;0;7;0;0.0;0.0;9.0;1.0;A01
8133;201300005486;0;7;0;13.0;0.0;9.0;1.0;A01
8134;201300005487;0;7;0;0.0;9.0;5.0;15.0;A01
8135;201300005487;0;2;0;0.0;2.0;1.0;1.0;B02
8136;201300005488;0;7;0;0.0;2.0;2.0;13.0;A01
8137;201300005488;0;16;0;0.0;2.0;3.0;1.0;B02
8138;201300005489;0;17;0;0.0;2.0;1.0;16.0;A01
8139;201300005489;0;30;0;0.0;2.0;8.0;1.0;C03
8140;201300005490;0;7;0;0.0;2.0;8.0;1.0;B02
8141;201300005490;0;7;0;6.0;2.0;3.0;13.0;A01
8142;201300005491;0;7;0;0.0;2.0;2.0;13.0;A01
8143;201300005491;0;7;0;0.0;2.0;2.0;21.0;B02
8144;201300005492;0;7;0;10.0;0.0;1.0;1.0;A01
8145;201300005494;0;7;0;13.0;0.0;1.0;1.0;A01
8146;201300005495;0;3;0;0.0;2.0;3.0;13.0;A01
8147;201300005495;0;33;0;0.0;2.0;3.0;1.0;B02
8148;201300005496;0;7;0;0.0;2.0;7.0;13.0;A01
8149;201300005496;0;7;0;0.0;2.0;1.0;1.0;B02
8150;201300005497;0;14;0;0.0;0.0;3.0;1.0;A01
8151;201300005498;0;7;0;7.0;0.0;8.0;19.0;A01
8152;201300005499;0;30;0;0.0;2.0;1.0;21.0;A01
8153;201300005499;0;7;0;0.0;2.0;3.0;1.0;B02
8154;201300005499;0;7;0;0.0;2.0;6.0;1.0;C03
8155;201300005500;0;7;0;0.0;2.0;1.0;1.0;B02
8156;201300005500;0;7;0;0.0;2.0;1.0;1.0;A01
8157;201300005501;0;1;0;0.0;6.0;0.0;1.0;A01
8158;201300005502;0;7;0;0.0;2.0;1.0;1.0;A01
8159;201300005502;0;1;0;0.0;2.0;4.0;13.0;B02
8160;201300005503;0;7;0;0.0;2.0;1.0;1.0;A01
8161;201300005503;0;7;0;0.0;0.0;7.0;15.0;B02
8162;201300005503;0;7;0;0.0;0.0;3.0;23.0;C03
8163;201300005504;0;2;0;3.0;0.0;8.0;1.0;A01
8164;201300005505;0;7;0;0.0;2.0;7.0;1.0;A01
8165;201300005505;0;7;0;0.0;2.0;1.0;19.0;B02
8166;201300005506;0;7;0;10.0;0.0;9.0;1.0;A01
8167;201300005508;0;3;0;10.0;0.0;1.0;5.0;A01
8168;201300005509;0;7;0;0.0;6.0;1.0;21.0;A01
8169;201300005510;0;33;0;13.0;0.0;3.0;2.0;A01
8170;201300005511;0;10;0;0.0;2.0;1.0;5.0;A01
8171;201300005511;0;10;0;6.0;2.0;1.0;1.0;B02
8172;201300005513;0;7;0;0.0;2.0;3.0;1.0;B02
8173;201300005513;0;7;0;0.0;2.0;1.0;19.0;A01
8174;201300005514;0;7;0;13.0;0.0;1.0;1.0;A01
8175;201300005515;0;7;0;2.0;0.0;1.0;1.0;A01
8176;201300005517;0;7;0;0.0;2.0;1.0;1.0;B02
8177;201300005517;0;7;0;0.0;2.0;3.0;15.0;A01
8178;201300005518;0;7;0;0.0;2.0;1.0;13.0;A01
8179;201300005518;0;15;0;0.0;2.0;3.0;1.0;B02
8180;201300005519;0;14;0;0.0;2.0;2.0;1.0;B02
8181;201300005519;0;7;0;0.0;2.0;8.0;10.0;A01