;Num_Acc;senc;catv;occutc;obs;obsm;choc;manv;num_veh
8182;201300005520;0;7;0;13.0;0.0;2.0;14.0;A01
8183;201300005521;0;7;0;13.0;0.0;3.0;0.0;A01
8184;201300005522;0;7;0;0.0;2.0;1.0;0.0;A01
8185;201300005522;0;38;30;0.0;2.0;3.0;0.0;B02
8186;201300005523;0;7;0;0.0;2.0;2.0;2.0;A01
8187;201300005523;0;1;0;0.0;0.0;4.0;2.0;B02
8188;201300005524;0;30;0;13.0;0.0;1.0;1.0;A01
8189;201300005525;0;7;0;2.0;0.0;1.0;0.0;A01
8190;201300005526;0;7;0;0.0;2.0;3.0;13.0;A01
8191;201300005526;0;14;0;0.0;2.0;3.0;1.0;B02
8192;201300005527;0;17;0;13.0;0.0;8.0;13.0;A01
8193;201300005527;0;17;0;3.0;2.0;1.0;1.0;B02
8194;201300005528;0;36;0;0.0;2.0;2.0;2.0;A01
8195;201300005528;0;1;0;0.0;0.0;4.0;2.0;B02
8196;201300005529;0;7;0;0.0;2.0;3.0;15.0;A01
8197;201300005529;0;1;0;0.0;2.0;3.0;1.0;B02
8198;201300005530;0;17;0;4.0;0.0;6.0;1.0;A01
8199;201300005531;0;7;0;0.0;2.0;8.0;9.0;A01
8200;201300005531;0;15;0;0.0;2.0;3.0;21.0;B02
8201;201300005532;0;7;0;0.0;2.0;3.0;5.0;A01
8202;201300005532;0;7;0;0.0;2.0;3.0;1.0;B02
8203;201300005534;0;7;0;0.0;9.0;2.0;17.0;A01
8204;201300005534;0;1;0;0.0;2.0;3.0;13.0;B02
8205;201300005535;0;7;0;2.0;0.0;7.0;13.0;A01
8206;201300005536;0;7;0;0.0;2.0;3.0;13.0;A01
8207;201300005536;0;15;0;0.0;2.0;8.0;1.0;B02
8208;201300005537;0;7;0;0.0;2.0;1.0;13.0;A01
8209;201300005537;0;15;0;0.0;2.0;3.0;1.0;B02
8210;201300005538;0;10;0;0.0;2.0;9.0;13.0;A01
8211;201300005538;0;17;0;0.0;2.0;8.0;1.0;B02
8212;201300005539;0;7;0;0.0;1.0;2.0;1.0;A01
8213;201300005540;0;7;0;0.0;2.0;3.0;17.0;A01
8214;201300005540;0;7;0;0.0;0.0;3.0;1.0;B02
8215;201300005541;0;2;0;14.0;0.0;1.0;0.0;A01
8216;201300005542;0;14;0;0.0;2.0;8.0;15.0;B02
8217;201300005542;0;2;0;0.0;2.0;3.0;1.0;A01
8218;201300005543;0;7;0;6.0;0.0;1.0;1.0;A01
8219;201300005544;0;7;0;0.0;1.0;4.0;23.0;A01
8220;201300005544;0;10;0;14.0;0.0;1.0;1.0;B02
8221;201300005545;0;30;0;0.0;2.0;1.0;1.0;A01
8222;201300005545;0;10;0;0.0;2.0;8.0;1.0;B02
8223;201300005547;0;7;0;0.0;2.0;1.0;2.0;A01
8224;201300005547;0;7;0;0.0;2.0;5.0;2.0;B02
8225;201300005547;0;10;0;0.0;2.0;4.0;0.0;C03
8226;201300005549;0;7;0;2.0;0.0;7.0;13.0;A01
8227;201300005550;0;30;0;0.0;2.0;4.0;2.0;A01
8228;201300005551;0;7;0;0.0;2.0;3.0;0.0;B02
8229;201300005551;0;32;0;0.0;2.0;9.0;13.0;A01
8230;201300005552;0;2;0;0.0;2.0;1.0;13.0;A01
8231;201300005552;0;17;0;0.0;2.0;8.0;1.0;B02
8232;201300005553;0;33;0;0.0;2.0;3.0;1.0;A01
8233;201300005553;0;7;0;0.0;2.0;3.0;17.0;B02
8234;201300005553;0;10;0;0.0;2.0;2.0;1.0;C03
8235;201300005554;0;10;0;0.0;1.0;8.0;1.0;A01
8236;201300005555;0;10;0;0.0;2.0;1.0;1.0;A01
8237;201300005555;0;10;0;0.0;2.0;8.0;19.0;B02
8238;201300005556;0;7;0;0.0;1.0;1.0;14.0;A01
8239;201300005557;0;30;0;0.0;2.0;1.0;13.0;A01
8240;201300005557;0;7;0;0.0;2.0;3.0;1.0;B02
8241;201300005559;0;33;0;0.0;2.0;1.0;13.0;A01
8242;201300005559;0;7;0;0.0;2.0;3.0;1.0;B02
8243;201300005559;0;7;0;0.0;2.0;3.0;1.0;C03
8244;201300005560;0;10;0;13.0;0.0;1.0;14.0;A01
8245;201300005561;0;37;2;13.0;0.0;1.0;0.0;A01
8246;201300005562;0;7;0;0.0;2.0;1.0;2.0;B02
8247;201300005562;0;7;0;0.0;2.0;5.0;13.0;A01
8248;201300005563;0;7;0;0.0;2.0;1.0;0.0;A01
8249;201300005563;0;7;0;0.0;2.0;1.0;0.0;B02
8250;201300005564;0;7;0;13.0;0.0;3.0;1.0;A01
8251;201300005565;0;7;0;13.0;0.0;7.0;1.0;A01
8252;201300005566;0;1;0;0.0;2.0;1.0;1.0;A01
8253;201300005566;0;10;0;0.0;2.0;2.0;1.0;B02
8254;201300005567;0;7;0;13.0;0.0;1.0;1.0;A01
8255;201300005568;0;1;0;1.0;0.0;1.0;1.0;A01
8256;201300005568;0;7;0;0.0;2.0;6.0;24.0;B02
8257;201300005569;0;7;0;11.0;0.0;1.0;1.0;A01
8258;201300005570;0;7;0;13.0;0.0;1.0;1.0;A01
8259;201300005571;0;17;0;15.0;0.0;3.0;16.0;A01
8260;201300005572;0;7;0;0.0;1.0;2.0;1.0;A01
8261;201300005574;0;30;0;15.0;0.0;1.0;1.0;A01
8262;201300005577;0;7;0;16.0;0.0;1.0;13.0;A01
8263;201300005578;0;7;0;13.0;0.0;2.0;1.0;A01
8264;201300005580;0;7;0;0.0;2.0;2.0;13.0;A01
8265;201300005580;0;7;0;0.0;2.0;3.0;1.0;B02
8266;201300005582;0;7;0;13.0;0.0;2.0;14.0;A01
8267;201300005583;0;30;0;0.0;2.0;1.0;13.0;A01
8268;201300005583;0;15;0;0.0;2.0;1.0;1.0;B02
8269;201300005584;0;7;0;2.0;0.0;8.0;1.0;A01
8270;201300005585;0;30;0;0.0;2.0;3.0;15.0;A01
8271;201300005585;0;7;0;0.0;2.0;2.0;17.0;B02
8272;201300005587;0;7;0;0.0;2.0;3.0;1.0;A01
8273;201300005587;0;17;0;0.0;2.0;3.0;1.0;B02
8274;201300005588;0;7;0;0.0;1.0;2.0;1.0;A01
8275;201300005589;0;7;0;0.0;2.0;3.0;1.0;B02
8276;201300005589;0;21;0;0.0;2.0;3.0;1.0;A01
8277;201300005590;0;14;0;0.0;2.0;3.0;1.0;A01
8278;201300005590;0;31;0;0.0;2.0;1.0;1.0;B02
8279;201300005591;0;14;0;2.0;0.0;1.0;5.0;A01
8280;201300005592;0;7;0;2.0;0.0;2.0;16.0;A01
8281;201300005594;0;2;0;0.0;5.0;7.0;1.0;A01
8282;201300005596;0;7;0;0.0;2.0;7.0;1.0;A01
8283;201300005596;0;7;0;0.0;2.0;1.0;21.0;B02
8284;201300005597;0;33;0;0.0;2.0;4.0;23.0;B02
8285;201300005597;0;7;0;14.0;0.0;2.0;1.0;A01
8286;201300005598;0;14;0;1.0;0.0;8.0;14.0;A01
8287;201300005599;0;7;0;0.0;1.0;3.0;1.0;A01
8288;201300005600;0;7;0;0.0;2.0;1.0;11.0;A01
8289;201300005600;0;30;0;0.0;2.0;1.0;0.0;B02
8290;201300005601;0;7;0;3.0;0.0;1.0;1.0;A01
8291;201300005602;0;7;0;0.0;1.0;3.0;1.0;A01
8292;201300005603;0;7;0;16.0;0.0;9.0;13.0;A01
8293;201300005604;0;7;0;8.0;0.0;1.0;1.0;A01
8294;201300005605;0;7;0;0.0;2.0;2.0;1.0;A01
8295;201300005606;0;7;0;0.0;1.0;7.0;20.0;A01
8296;201300005607;0;7;0;0.0;2.0;3.0;1.0;A01
8297;201300005607;0;7;0;0.0;2.0;3.0;1.0;B02
8298;201300005608;0;7;0;0.0;2.0;1.0;1.0;B02
8299;201300005608;0;7;0;13.0;2.0;5.0;13.0;A01
8300;201300005609;0;33;0;10.0;0.0;7.0;1.0;A01
8301;201300005610;0;10;0;0.0;2.0;2.0;13.0;A01
8302;201300005610;0;7;0;0.0;2.0;1.0;1.0;B02
8303;201300005611;0;7;0;5.0;0.0;3.0;13.0;A01
8304;201300005612;0;3;0;13.0;0.0;1.0;0.0;A01
8305;201300005613;0;10;0;13.0;0.0;1.0;14.0;A01
8306;201300005614;0;7;0;13.0;0.0;2.0;1.0;A01
8307;201300005615;0;31;0;8.0;0.0;3.0;15.0;A01
8308;201300005616;0;33;0;0.0;6.0;1.0;1.0;A01
8309;201300005617;0;7;0;0.0;0.0;6.0;19.0;A01
8310;201300005617;0;33;0;0.0;0.0;1.0;1.0;B02
8311;201300005618;0;30;0;0.0;2.0;1.0;13.0;B02
8312;201300005618;0;7;0;0.0;2.0;3.0;1.0;A01
8313;201300005619;0;7;0;0.0;2.0;3.0;5.0;B02
8314;201300005619;0;7;0;0.0;2.0;3.0;5.0;A01
8315;201300005620;0;7;0;0.0;2.0;1.0;15.0;B02
8316;201300005620;0;7;0;0.0;2.0;1.0;1.0;A01
8317;201300005621;0;10;0;13.0;0.0;1.0;13.0;A01
8318;201300005623;0;7;0;13.0;0.0;2.0;1.0;A01
8319;201300005624;0;7;0;13.0;0.0;1.0;1.0;A01
8320;201300005625;0;7;0;0.0;2.0;1.0;13.0;B02
8321;201300005625;0;15;0;0.0;2.0;1.0;1.0;A01
8322;201300005626;0;7;0;0.0;0.0;1.0;1.0;B02
8323;201300005626;0;7;0;0.0;0.0;3.0;9.0;A01
8324;201300005627;0;7;0;0.0;0.0;9.0;19.0;A01
8325;201300005628;0;7;0;0.0;2.0;2.0;15.0;B02
8326;201300005628;0;7;0;0.0;2.0;2.0;1.0;A01
8327;201300005630;0;1;0;0.0;2.0;0.0;1.0;B02
8328;201300005630;0;1;0;0.0;2.0;0.0;1.0;A01
8329;201300005631;0;7;0;0.0;2.0;2.0;1.0;B02
8330;201300005631;0;10;0;0.0;2.0;2.0;19.0;A01
8331;201300005632;0;7;0;0.0;2.0;1.0;1.0;B02
8332;201300005632;0;7;0;0.0;2.0;1.0;2.0;C03
8333;201300005632;0;7;0;0.0;2.0;2.0;15.0;A01
8334;201300005633;0;7;0;7.0;2.0;3.0;21.0;B02
8335;201300005633;0;7;0;0.0;2.0;8.0;15.0;A01
8336;201300005634;0;34;0;0.0;2.0;1.0;1.0;B01
8337;201300005634;0;7;0;0.0;2.0;7.0;19.0;A02
8338;201300005635;0;7;0;0.0;2.0;1.0;19.0;A01
8339;201300005635;0;7;0;0.0;2.0;8.0;1.0;B02
8340;201300005636;0;7;0;0.0;2.0;1.0;1.0;B01
8341;201300005636;0;7;0;0.0;2.0;8.0;10.0;A02
8342;201300005637;0;7;0;0.0;2.0;1.0;1.0;B02
8343;201300005637;0;7;0;0.0;2.0;7.0;15.0;A01
8344;201300005638;0;7;0;2.0;0.0;1.0;1.0;A01
8345;201300005639;0;7;0;0.0;2.0;5.0;15.0;A01
8346;201300005639;0;2;0;0.0;2.0;1.0;1.0;B02
8347;201300005640;0;7;0;0.0;2.0;1.0;13.0;A01
8348;201300005640;0;10;0;0.0;2.0;1.0;1.0;B02
8349;201300005641;0;3;0;0.0;2.0;3.0;15.0;A01
8350;201300005641;0;33;0;0.0;2.0;1.0;1.0;B02
8351;201300005642;0;33;0;6.0;0.0;4.0;1.0;A01
8352;201300005643;0;7;0;0.0;2.0;2.0;1.0;A01
8353;201300005643;0;1;0;0.0;2.0;8.0;1.0;B02
8354;201300005644;0;7;0;2.0;0.0;1.0;1.0;A01
8355;201300005645;0;7;0;2.0;0.0;3.0;14.0;A01
8356;201300005646;0;7;0;16.0;0.0;1.0;1.0;A01
8357;201300005647;0;7;0;0.0;2.0;4.0;1.0;B02
8358;201300005647;0;33;0;0.0;2.0;1.0;2.0;A01
8359;201300005648;0;7;0;0.0;2.0;7.0;17.0;B02
8360;201300005648;0;30;0;0.0;2.0;3.0;15.0;A01
8361;201300005649;0;7;0;4.0;0.0;2.0;1.0;A01
8362;201300005650;0;7;0;0.0;2.0;3.0;13.0;A01
8363;201300005650;0;7;0;0.0;2.0;3.0;1.0;B02
8364;201300005651;0;3;0;2.0;0.0;1.0;1.0;A01
8365;201300005652;0;10;0;0.0;2.0;3.0;1.0;B02
8366;201300005652;0;33;0;0.0;2.0;1.0;1.0;A01
8367;201300005653;0;7;0;0.0;2.0;3.0;1.0;B02
8368;201300005653;0;7;0;0.0;2.0;1.0;1.0;A01
8369;201300005654;0;33;0;0.0;2.0;1.0;1.0;B02
8370;201300005654;0;7;0;0.0;2.0;3.0;15.0;A01
8371;201300005655;0;7;0;0.0;2.0;1.0;1.0;B01
8372;201300005655;0;30;0;0.0;2.0;8.0;15.0;A02
8373;201300005656;0;7;0;0.0;2.0;1.0;1.0;B02
8374;201300005656;0;7;0;0.0;2.0;2.0;15.0;A01
8375;201300005657;0;15;0;3.0;0.0;8.0;1.0;A01
8376;201300005658;0;21;0;13.0;0.0;7.0;1.0;A01
8377;201300005659;0;7;0;0.0;2.0;1.0;1.0;B02
8378;201300005659;0;7;0;0.0;2.0;8.0;19.0;A01
8379;201300005660;0;7;0;5.0;2.0;7.0;13.0;A01
8380;201300005660;0;7;0;0.0;2.0;1.0;1.0;B02
8381;201300005661;0;7;0;0.0;2.0;7.0;15.0;A01
8382;201300005661;0;31;0;0.0;2.0;1.0;1.0;B02
8383;201300005662;0;7;0;0.0;2.0;1.0;15.0;A01
8384;201300005662;0;1;0;0.0;2.0;7.0;19.0;B02
8385;201300005663;0;7;0;0.0;1.0;3.0;1.0;A01
8386;201300005665;0;10;0;0.0;2.0;4.0;1.0;B02
8387;201300005665;0;7;0;4.0;2.0;1.0;2.0;A01
8388;201300005666;0;7;0;2.0;0.0;8.0;1.0;A01
8389;201300005667;0;33;0;0.0;0.0;3.0;1.0;A01
8390;201300005668;0;7;0;0.0;2.0;3.0;1.0;B02
8391;201300005668;0;7;0;0.0;2.0;1.0;15.0;A01
8392;201300005669;0;7;0;0.0;2.0;1.0;1.0;B01
8393;201300005669;0;30;0;0.0;2.0;1.0;19.0;A02
8394;201300005670;0;31;0;0.0;2.0;1.0;13.0;A01
8395;201300005670;0;33;0;0.0;2.0;2.0;1.0;B02
8396;201300005672;0;7;0;0.0;1.0;3.0;15.0;A01
8397;201300005673;0;7;0;13.0;0.0;1.0;1.0;A01
8398;201300005674;0;7;0;0.0;2.0;3.0;1.0;B02
8399;201300005674;0;7;0;0.0;2.0;3.0;13.0;A01
8400;201300005675;0;7;0;13.0;0.0;3.0;1.0;A01
8401;201300005676;0;33;0;16.0;0.0;0.0;1.0;A01
8402;201300005677;0;10;0;0.0;2.0;1.0;1.0;B02
8403;201300005677;0;7;0;0.0;2.0;8.0;19.0;A01
8404;201300005679;0;30;0;0.0;2.0;1.0;13.0;A01
8405;201300005679;0;7;0;0.0;2.0;2.0;1.0;B02
8406;201300005680;0;7;0;0.0;2.0;3.0;17.0;A01
8407;201300005680;0;7;0;0.0;0.0;3.0;1.0;B02
8408;201300005681;0;2;0;0.0;2.0;3.0;1.0;B02
8409;201300005681;0;7;0;0.0;2.0;3.0;15.0;A01
8410;201300005682;0;7;0;0.0;2.0;1.0;1.0;B02
8411;201300005682;0;7;0;0.0;2.0;3.0;13.0;A01
8412;201300005683;0;7;0;2.0;0.0;9.0;1.0;A01
8413;201300005684;0;7;0;6.0;0.0;3.0;1.0;A01
8414;201300005685;0;7;0;13.0;0.0;1.0;1.0;A01
8415;201300005686;0;7;0;1.0;1.0;2.0;14.0;A01
8416;201300005687;0;10;0;0.0;1.0;1.0;1.0;A01
8417;201300005688;0;33;0;15.0;0.0;7.0;1.0;A01
8418;201300005689;0;33;0;13.0;0.0;7.0;1.0;A01
8419;201300005690;0;7;0;0.0;2.0;7.0;13.0;A01
8420;201300005690;0;7;0;0.0;2.0;1.0;1.0;B02
8421;201300005691;0;7;0;0.0;2.0;4.0;1.0;B01
8422;201300005691;0;7;0;0.0;2.0;1.0;2.0;A02
8423;201300005692;0;17;0;0.0;2.0;3.0;1.0;B02
8424;201300005692;0;7;0;0.0;2.0;1.0;2.0;C03
8425;201300005692;0;7;0;0.0;2.0;7.0;13.0;A01
8426;201300005693;0;3;0;0.0;2.0;7.0;15.0;A01
8427;201300005693;0;7;0;0.0;2.0;2.0;1.0;B02
8428;201300005694;0;7;0;16.0;0.0;9.0;1.0;A01
8429;201300005695;0;7;0;0.0;2.0;3.0;1.0;B01
8430;201300005695;0;1;0;0.0;2.0;7.0;15.0;A02
8431;201300005696;0;7;0;0.0;2.0;1.0;9.0;A01
8432;201300005696;0;1;0;0.0;2.0;4.0;1.0;B02
8433;201300005697;0;30;0;0.0;2.0;1.0;18.0;A01
8434;201300005697;0;7;0;0.0;2.0;2.0;16.0;B02
8435;201300005698;0;2;0;0.0;2.0;1.0;1.0;B02
8436;201300005698;0;7;0;0.0;2.0;2.0;15.0;A01
8437;201300005699;0;7;0;0.0;2.0;3.0;21.0;B02
8438;201300005699;0;7;0;0.0;2.0;3.0;13.0;A01
8439;201300005700;0;7;0;4.0;0.0;3.0;1.0;A01
8440;201300005701;0;7;0;0.0;2.0;6.0;10.0;A01
8441;201300005701;0;30;0;0.0;2.0;1.0;1.0;B02
8442;201300005702;0;7;0;2.0;0.0;8.0;1.0;A01
8443;201300005703;0;7;0;0.0;2.0;1.0;19.0;A01
8444;201300005703;0;7;0;0.0;2.0;8.0;1.0;B02
8445;201300005704;0;7;0;0.0;2.0;1.0;2.0;C03
8446;201300005704;0;7;0;0.0;2.0;1.0;13.0;A01
8447;201300005704;0;7;0;0.0;2.0;1.0;1.0;B02
8448;201300005705;0;7;0;0.0;2.0;6.0;4.0;A01
8449;201300005705;0;30;0;0.0;2.0;7.0;1.0;B02
8450;201300005706;0;33;0;8.0;0.0;7.0;1.0;A01
8451;201300005707;0;15;0;3.0;2.0;8.0;1.0;A01
8452;201300005707;0;10;0;0.0;2.0;8.0;1.0;B02
8453;201300005708;0;7;0;2.0;0.0;3.0;1.0;A01
8454;201300005709;0;10;0;0.0;2.0;5.0;1.0;B02
8455;201300005709;0;7;0;0.0;2.0;3.0;1.0;A01
8456;201300005710;0;2;0;0.0;2.0;1.0;1.0;B01
8457;201300005710;0;7;0;0.0;2.0;2.0;15.0;A01
8458;201300005711;0;7;0;0.0;2.0;1.0;1.0;B01
8459;201300005711;0;7;0;0.0;0.0;8.0;1.0;A01
8460;201300005712;0;7;0;0.0;9.0;2.0;1.0;B01
8461;201300005712;0;35;0;0.0;2.0;1.0;15.0;A01
8462;201300005715;0;7;0;0.0;2.0;2.0;15.0;A01
8463;201300005715;0;2;0;0.0;2.0;1.0;1.0;B01
8464;201300005716;0;7;0;0.0;2.0;1.0;2.0;A01
8465;201300005716;0;7;0;0.0;0.0;6.0;1.0;B01
8466;201300005717;0;7;0;0.0;9.0;2.0;2.0;A01
8467;201300005717;0;1;0;0.0;0.0;3.0;2.0;B01
8468;201300005718;0;2;0;0.0;2.0;1.0;15.0;A01
8469;201300005718;0;7;0;0.0;9.0;3.0;1.0;B01
8470;201300005719;0;7;0;0.0;2.0;1.0;15.0;A01
8471;201300005719;0;2;0;0.0;2.0;1.0;1.0;B01
8472;201300005720;1;2;0;0.0;1.0;7.0;1.0;Z01
8473;201300005722;0;7;0;0.0;2.0;6.0;2.0;A01
8474;201300005722;0;33;0;0.0;2.0;3.0;2.0;B01
8475;201300005723;0;2;0;0.0;2.0;1.0;0.0;A01
8476;201300005723;0;7;0;0.0;2.0;3.0;15.0;B01
8477;201300005724;0;7;0;0.0;1.0;8.0;1.0;A01
8478;201300005725;0;7;0;0.0;1.0;1.0;13.0;A01
8479;201300005726;0;7;0;8.0;0.0;1.0;14.0;A01
8480;201300005727;0;2;0;0.0;2.0;1.0;19.0;A01
8481;201300005727;0;7;0;0.0;0.0;5.0;1.0;B01
8482;201300005728;0;10;0;0.0;0.0;3.0;1.0;A01
8483;201300005728;0;33;0;0.0;2.0;1.0;19.0;B01
8484;201300005729;0;7;0;0.0;1.0;2.0;2.0;A01
8485;201300005731;0;7;0;0.0;2.0;8.0;17.0;A01
8486;201300005731;0;2;0;0.0;2.0;1.0;1.0;B01
8487;201300005732;0;1;0;0.0;2.0;1.0;1.0;A01
8488;201300005732;0;7;0;0.0;0.0;3.0;15.0;B01
8489;201300005733;0;7;0;8.0;0.0;9.0;17.0;A01
8490;201300005734;0;2;0;0.0;2.0;1.0;3.0;A01
8491;201300005734;0;7;0;0.0;2.0;6.0;15.0;B01
8492;201300005736;0;2;0;0.0;2.0;7.0;1.0;B02
8493;201300005736;0;7;0;0.0;2.0;2.0;15.0;A01
8494;201300005737;0;7;0;0.0;2.0;6.0;1.0;B02
8495;201300005737;0;7;0;0.0;2.0;2.0;1.0;A01
8496;201300005738;0;7;0;0.0;2.0;7.0;15.0;A01
8497;201300005738;0;7;0;0.0;2.0;1.0;1.0;B02
8498;201300005740;0;7;0;0.0;2.0;3.0;1.0;A01
8499;201300005740;0;33;0;0.0;2.0;2.0;1.0;B02
8500;201300005741;0;7;0;0.0;2.0;1.0;0.0;B02
8501;201300005741;0;30;0;0.0;2.0;1.0;5.0;A01
8502;201300005742;0;7;0;0.0;2.0;3.0;13.0;A01
8503;201300005742;0;7;0;0.0;2.0;3.0;1.0;B02
8504;201300005743;0;7;0;6.0;0.0;5.0;1.0;A01
8505;201300005744;0;33;0;0.0;0.0;0.0;21.0;A01
8506;201300005745;0;7;0;9.0;0.0;1.0;15.0;A01
8507;201300005746;0;7;0;0.0;2.0;1.0;1.0;B02
8508;201300005746;0;30;0;0.0;2.0;1.0;5.0;A01
8509;201300005747;0;7;0;0.0;2.0;2.0;1.0;A01
8510;201300005747;0;34;0;0.0;2.0;4.0;16.0;B02
8511;201300005748;0;7;0;0.0;2.0;1.0;1.0;B02
8512;201300005748;0;7;0;0.0;2.0;1.0;1.0;A01
8513;201300005749;0;7;0;0.0;2.0;1.0;1.0;A01
8514;201300005749;0;7;0;0.0;2.0;1.0;15.0;B02
8515;201300005750;0;15;0;0.0;2.0;3.0;1.0;B02
8516;201300005750;0;7;0;0.0;2.0;3.0;13.0;A01
8517;201300005751;0;33;0;0.0;2.0;1.0;1.0;A01
8518;201300005751;0;7;0;0.0;2.0;3.0;10.0;B02
8519;201300005752;0;7;0;0.0;1.0;1.0;1.0;A01
8520;201300005753;0;7;0;0.0;2.0;3.0;1.0;B02
8521;201300005753;0;7;0;0.0;2.0;3.0;13.0;A01
8522;201300005754;0;7;0;0.0;2.0;1.0;1.0;B02
8523;201300005754;0;7;0;0.0;2.0;1.0;19.0;A01
8524;201300005755;0;7;0;0.0;1.0;1.0;1.0;A01
8525;201300005756;0;1;0;0.0;2.0;1.0;1.0;B02
8526;201300005756;0;7;0;0.0;9.0;3.0;15.0;A01
8527;201300005757;0;7;0;0.0;1.0;2.0;1.0;A01
8528;201300005758;0;33;0;0.0;0.0;0.0;1.0;A01
8529;201300005759;0;33;0;14.0;0.0;1.0;1.0;A01
8530;201300005760;0;7;0;0.0;1.0;2.0;1.0;A01
8531;201300005761;0;7;0;0.0;2.0;3.0;1.0;B02
8532;201300005761;0;7;0;0.0;2.0;7.0;13.0;A01
8533;201300005762;0;33;0;0.0;1.0;1.0;17.0;A01
8534;201300005763;0;10;0;0.0;2.0;6.0;1.0;B02
8535;201300005763;0;7;0;0.0;2.0;7.0;0.0;A01
8536;201300005764;0;7;0;0.0;2.0;1.0;1.0;A01
8537;201300005765;0;7;0;0.0;2.0;3.0;1.0;A01
8538;201300005765;0;7;0;0.0;2.0;3.0;1.0;B02
8539;201300005767;0;3;0;0.0;2.0;3.0;9.0;A01
8540;201300005767;0;7;0;0.0;2.0;3.0;1.0;B02
8541;201300005768;0;7;0;0.0;2.0;1.0;1.0;B02
8542;201300005768;0;33;0;0.0;2.0;1.0;1.0;A01
8543;201300005769;0;7;0;2.0;0.0;1.0;13.0;A01
8544;201300005770;0;7;0;0.0;2.0;2.0;15.0;A01
8545;201300005770;0;7;0;0.0;2.0;1.0;0.0;B02
8546;201300005771;0;7;0;0.0;2.0;1.0;1.0;A01
8547;201300005771;0;7;0;0.0;2.0;1.0;1.0;B02
8548;201300005772;0;33;0;0.0;2.0;1.0;1.0;B02
8549;201300005772;0;7;0;0.0;2.0;2.0;15.0;A01
8550;201300005775;0;7;0;0.0;0.0;0.0;1.0;A01
8551;201300005779;0;7;0;2.0;0.0;1.0;1.0;A01
8552;201300005780;0;33;0;0.0;2.0;1.0;1.0;A01
8553;201300005780;0;7;0;0.0;2.0;5.0;15.0;B02
8554;201300005781;0;7;0;0.0;2.0;1.0;1.0;B02
8555;201300005781;0;7;0;0.0;2.0;1.0;13.0;A01
8556;201300005782;0;7;0;2.0;0.0;1.0;17.0;A01
8557;201300005783;0;7;0;0.0;2.0;1.0;19.0;A01
8558;201300005783;0;34;0;0.0;2.0;1.0;1.0;B02
8559;201300005784;0;7;0;0.0;2.0;7.0;1.0;A01
8560;201300005784;0;7;0;0.0;2.0;1.0;1.0;B02
8561;201300005785;0;7;0;2.0;0.0;1.0;1.0;A01
8562;201300005786;0;7;0;0.0;2.0;3.0;13.0;A01
8563;201300005786;0;7;0;0.0;2.0;3.0;1.0;B02
8564;201300005786;0;7;0;0.0;2.0;3.0;1.0;C03
8565;201300005786;0;7;0;0.0;2.0;3.0;1.0;D04
8566;201300005786;0;7;0;0.0;2.0;8.0;2.0;E05
8567;201300005787;0;7;0;0.0;2.0;1.0;13.0;A01
8568;201300005787;0;7;0;0.0;2.0;1.0;1.0;C03
8569;201300005787;0;7;0;0.0;2.0;3.0;1.0;B02
8570;201300005788;0;7;0;0.0;9.0;3.0;1.0;A01
8571;201300005788;0;1;0;0.0;0.0;4.0;15.0;B02
8572;201300005790;0;7;0;0.0;2.0;1.0;1.0;A01
8573;201300005790;0;2;0;0.0;2.0;4.0;2.0;B02
8574;201300005791;0;7;0;0.0;0.0;8.0;1.0;B02
8575;201300005791;0;7;0;0.0;2.0;1.0;1.0;A01
8576;201300005792;0;10;0;0.0;2.0;3.0;17.0;A01
8577;201300005792;0;10;0;0.0;2.0;1.0;1.0;B02
8578;201300005794;0;7;0;0.0;2.0;1.0;1.0;B02
8579;201300005794;0;7;0;0.0;2.0;3.0;19.0;A01
8580;201300005795;0;7;0;0.0;2.0;1.0;19.0;A01
8581;201300005795;0;7;0;0.0;2.0;3.0;1.0;B02
8582;201300005795;0;7;0;8.0;2.0;3.0;1.0;C03
8583;201300005796;2;99;0;0.0;0.0;0.0;0.0;B02
8584;201300005796;0;33;0;0.0;0.0;0.0;1.0;A01
8585;201300005797;0;7;0;15.0;2.0;7.0;1.0;B02
8586;201300005797;0;7;0;13.0;2.0;1.0;1.0;A01
8587;201300005798;0;7;0;2.0;0.0;4.0;15.0;A01
8588;201300005799;0;33;0;14.0;0.0;0.0;19.0;A01
8589;201300005800;0;33;0;16.0;0.0;1.0;17.0;A01
8590;201300005801;0;33;0;3.0;0.0;8.0;1.0;A01
8591;201300005802;0;20;0;0.0;0.0;7.0;23.0;B02
8592;201300005802;0;30;0;0.0;2.0;1.0;1.0;A01
8593;201300005803;0;7;0;13.0;0.0;3.0;1.0;A01
8594;201300005804;0;7;0;13.0;0.0;3.0;17.0;A01
8595;201300005805;0;7;0;13.0;0.0;1.0;1.0;A01
8596;201300005806;0;7;0;0.0;2.0;2.0;1.0;B02
8597;201300005806;0;7;0;0.0;2.0;1.0;21.0;A01
8598;201300005807;0;7;0;1.0;0.0;3.0;1.0;A01
8599;201300005808;0;7;0;0.0;2.0;4.0;23.0;B02
8600;201300005808;0;7;0;0.0;2.0;1.0;2.0;A01
8601;201300005810;0;7;0;0.0;2.0;8.0;1.0;B02
8602;201300005810;0;7;0;0.0;2.0;2.0;17.0;A01
8603;201300005811;0;7;0;0.0;2.0;3.0;5.0;A01
8604;201300005811;0;7;0;0.0;2.0;3.0;1.0;B02
8605;201300005812;0;7;0;13.0;0.0;1.0;17.0;A01
8606;201300005813;0;7;0;12.0;0.0;3.0;6.0;A01
8607;201300005814;0;7;0;0.0;2.0;2.0;1.0;A01
8608;201300005814;0;1;0;0.0;0.0;4.0;1.0;B02
8609;201300005815;0;7;0;0.0;2.0;2.0;17.0;A01
8610;201300005815;0;1;0;0.0;2.0;8.0;1.0;C03