;Num_Acc;senc;catv;occutc;obs;obsm;choc;manv;num_veh
8611;201300005815;0;1;0;0.0;2.0;8.0;1.0;B02
8612;201300005816;0;7;0;0.0;2.0;1.0;1.0;B02
8613;201300005816;0;7;0;0.0;2.0;1.0;13.0;A01
8614;201300005817;0;13;0;0.0;2.0;8.0;1.0;B02
8615;201300005817;0;15;0;0.0;2.0;3.0;13.0;A01
8616;201300005818;0;10;0;0.0;2.0;1.0;1.0;B02
8617;201300005818;0;7;0;0.0;0.0;1.0;5.0;A01
8618;201300005821;0;7;0;0.0;0.0;3.0;1.0;A01
8619;201300005821;0;7;0;0.0;2.0;1.0;1.0;B02
8620;201300005822;0;7;0;0.0;2.0;2.0;15.0;A01
8621;201300005822;0;33;0;0.0;2.0;3.0;1.0;B02
8622;201300005823;0;33;0;0.0;0.0;8.0;1.0;A01
8623;201300005824;0;1;0;5.0;0.0;1.0;1.0;A01
8624;201300005825;0;7;0;0.0;2.0;1.0;1.0;B02
8625;201300005825;0;7;0;0.0;2.0;1.0;11.0;A01
8626;201300005826;0;7;0;0.0;2.0;7.0;17.0;A01
8627;201300005826;0;7;0;0.0;0.0;3.0;1.0;B02
8628;201300005827;0;33;0;0.0;0.0;1.0;17.0;A01
8629;201300005827;0;7;0;0.0;0.0;8.0;0.0;B02
8630;201300005828;0;7;0;0.0;0.0;0.0;1.0;A01
8631;201300005829;0;31;0;0.0;2.0;1.0;1.0;A01
8632;201300005829;0;7;0;0.0;2.0;8.0;15.0;B02
8633;201300005830;0;7;0;0.0;2.0;4.0;1.0;B02
8634;201300005830;0;30;0;0.0;2.0;1.0;1.0;A01
8635;201300005831;0;7;0;0.0;2.0;3.0;15.0;A01
8636;201300005831;0;2;0;0.0;2.0;1.0;1.0;B02
8637;201300005832;0;7;0;0.0;2.0;3.0;13.0;A01
8638;201300005832;0;7;0;0.0;2.0;8.0;1.0;B02
8639;201300005833;0;7;0;0.0;2.0;1.0;1.0;B02
8640;201300005833;0;7;0;0.0;2.0;2.0;15.0;A01
8641;201300005834;0;7;0;0.0;1.0;1.0;1.0;A01
8642;201300005835;0;7;0;0.0;1.0;2.0;1.0;A01
8643;201300005836;0;10;0;2.0;0.0;1.0;0.0;A01
8644;201300005837;0;7;0;0.0;1.0;4.0;4.0;A01
8645;201300005838;0;32;0;0.0;2.0;6.0;1.0;B02
8646;201300005838;1;7;0;0.0;2.0;3.0;15.0;A01
8647;201300005839;0;7;0;0.0;0.0;2.0;0.0;B02
8648;201300005839;0;7;0;0.0;0.0;6.0;0.0;A01
8649;201300005840;0;7;0;0.0;2.0;3.0;17.0;A01
8650;201300005840;0;1;0;0.0;2.0;1.0;1.0;B02
8651;201300005841;0;7;0;0.0;2.0;1.0;15.0;A01
8652;201300005841;0;7;0;0.0;2.0;1.0;1.0;B02
8653;201300005843;0;33;0;0.0;2.0;1.0;1.0;A01
8654;201300005843;0;10;0;0.0;2.0;2.0;15.0;B02
8655;201300005844;0;1;0;0.0;0.0;4.0;0.0;B02
8656;201300005844;0;7;0;0.0;0.0;7.0;0.0;A01
8657;201300005845;0;7;0;0.0;2.0;3.0;1.0;A01
8658;201300005845;0;2;0;0.0;2.0;1.0;9.0;B02
8659;201300005847;0;7;0;0.0;2.0;9.0;9.0;B02
8660;201300005847;0;7;0;0.0;2.0;1.0;1.0;A01
8661;201300005848;0;33;0;0.0;2.0;1.0;1.0;B02
8662;201300005848;0;7;0;0.0;2.0;5.0;15.0;A01
8663;201300005849;0;7;0;0.0;2.0;3.0;13.0;A01
8664;201300005849;0;7;0;0.0;2.0;6.0;1.0;B02
8665;201300005850;0;7;0;0.0;2.0;1.0;0.0;B02
8666;201300005850;0;7;0;0.0;2.0;3.0;15.0;A01
8667;201300005851;0;7;0;13.0;0.0;3.0;1.0;A01
8668;201300005852;0;7;0;0.0;0.0;3.0;15.0;B02
8669;201300005852;0;15;0;0.0;2.0;1.0;1.0;A01
8670;201300005853;0;7;0;0.0;2.0;1.0;2.0;A01
8671;201300005853;0;7;0;0.0;2.0;4.0;23.0;B02
8672;201300005854;0;30;0;0.0;2.0;1.0;13.0;A01
8673;201300005854;0;10;0;0.0;0.0;3.0;1.0;B02
8674;201300005855;0;14;0;0.0;1.0;2.0;2.0;A01
8675;201300005856;0;7;0;0.0;1.0;3.0;19.0;A01
8676;201300005857;0;7;0;0.0;0.0;3.0;1.0;B02
8677;201300005857;0;7;0;0.0;2.0;2.0;13.0;A01
8678;201300005857;0;7;0;0.0;2.0;1.0;1.0;C03
8679;201300005858;0;32;0;0.0;2.0;1.0;17.0;B02
8680;201300005858;0;7;0;0.0;2.0;3.0;10.0;A01
8681;201300005859;0;30;0;3.0;0.0;3.0;13.0;A01
8682;201300005860;0;33;0;0.0;2.0;1.0;1.0;A01
8683;201300005860;0;7;0;0.0;2.0;2.0;15.0;B02
8684;201300005862;0;33;0;0.0;2.0;1.0;1.0;A01
8685;201300005862;0;7;0;0.0;0.0;5.0;9.0;B02
8686;201300005863;0;7;0;0.0;1.0;1.0;1.0;A01
8687;201300005864;0;7;0;2.0;0.0;9.0;1.0;A01
8688;201300005865;0;7;0;0.0;2.0;2.0;0.0;B02
8689;201300005865;0;1;0;0.0;0.0;4.0;1.0;A01
8690;201300005866;0;7;0;0.0;2.0;1.0;1.0;B02
8691;201300005866;0;2;0;0.0;2.0;7.0;1.0;A01
8692;201300005867;0;7;0;0.0;2.0;6.0;6.0;A01
8693;201300005867;0;30;0;0.0;2.0;1.0;1.0;B02
8694;201300005868;0;15;0;0.0;2.0;2.0;1.0;A01
8695;201300005868;0;2;0;0.0;2.0;3.0;15.0;B02
8696;201300005869;0;33;0;0.0;0.0;9.0;1.0;A01
8697;201300005870;0;7;0;2.0;0.0;9.0;1.0;A01
8698;201300005871;0;10;0;0.0;2.0;8.0;13.0;A01
8699;201300005871;0;7;0;0.0;2.0;2.0;1.0;B02
8700;201300005872;0;7;0;0.0;1.0;2.0;1.0;A01
8701;201300005873;0;7;0;2.0;0.0;1.0;14.0;A01
8702;201300005874;0;7;0;2.0;0.0;1.0;1.0;A01
8703;201300005875;0;7;0;0.0;2.0;1.0;13.0;A01
8704;201300005875;0;10;0;0.0;2.0;3.0;1.0;B02
8705;201300005876;0;7;0;0.0;2.0;1.0;1.0;B02
8706;201300005876;0;7;0;0.0;2.0;1.0;19.0;A01
8707;201300005877;0;33;0;12.0;0.0;1.0;2.0;A01
8708;201300005878;0;30;0;0.0;2.0;1.0;19.0;A01
8709;201300005878;0;31;0;0.0;2.0;8.0;1.0;B02
8710;201300005879;0;33;0;0.0;0.0;7.0;1.0;A01
8711;201300005880;0;7;0;0.0;2.0;1.0;1.0;B02
8712;201300005880;0;7;0;0.0;2.0;8.0;9.0;A01
8713;201300005881;0;10;0;0.0;2.0;3.0;19.0;A01
8714;201300005881;0;7;0;0.0;2.0;2.0;1.0;B02
8715;201300005882;0;7;0;2.0;0.0;7.0;1.0;A01
8716;201300005883;0;31;0;0.0;1.0;1.0;1.0;A01
8717;201300005884;0;7;0;2.0;0.0;1.0;0.0;A01
8718;201300005885;0;33;0;0.0;0.0;0.0;1.0;A01
8719;201300005886;0;7;0;2.0;0.0;8.0;1.0;A01
8720;201300005887;0;10;0;0.0;1.0;1.0;1.0;A01
8721;201300005888;0;33;0;0.0;2.0;1.0;17.0;B02
8722;201300005888;0;7;0;0.0;2.0;4.0;15.0;A01
8723;201300005889;0;7;0;0.0;0.0;3.0;1.0;B02
8724;201300005889;0;7;0;0.0;0.0;1.0;15.0;A01
8725;201300005891;0;7;0;0.0;2.0;7.0;1.0;B02
8726;201300005891;0;7;0;0.0;2.0;3.0;1.0;A01
8727;201300005892;0;7;0;16.0;0.0;2.0;2.0;A01
8728;201300005893;0;7;0;0.0;2.0;2.0;1.0;B02
8729;201300005893;0;7;0;0.0;2.0;1.0;15.0;A01
8730;201300005894;0;7;0;0.0;2.0;8.0;1.0;B02
8731;201300005894;0;7;0;0.0;2.0;3.0;13.0;A01
8732;201300005894;0;7;0;0.0;2.0;3.0;0.0;C03
8733;201300005895;0;7;0;2.0;0.0;1.0;0.0;A01
8734;201300005897;1;7;0;0.0;1.0;2.0;1.0;A01
8735;201300005898;0;7;0;0.0;2.0;2.0;17.0;B02
8736;201300005898;0;1;0;0.0;2.0;8.0;13.0;A01
8737;201300005900;0;7;0;0.0;2.0;7.0;15.0;A01
8738;201300005900;0;3;0;0.0;2.0;1.0;1.0;B02
8739;201300005902;0;7;0;0.0;2.0;1.0;1.0;B02
8740;201300005902;0;7;0;0.0;2.0;1.0;13.0;A01
8741;201300005903;0;10;0;0.0;1.0;1.0;1.0;A01
8742;201300005904;0;7;0;0.0;0.0;1.0;1.0;A01
8743;201300005905;0;30;0;0.0;2.0;3.0;1.0;B02
8744;201300005905;0;30;0;0.0;2.0;3.0;1.0;A01
8745;201300005906;0;1;0;0.0;2.0;5.0;12.0;B02
8746;201300005906;0;7;0;0.0;2.0;2.0;15.0;A01
8747;201300005907;0;10;0;0.0;2.0;1.0;1.0;A01
8748;201300005907;0;7;0;0.0;2.0;4.0;1.0;B02
8749;201300005908;0;7;0;0.0;1.0;1.0;15.0;A01
8750;201300005909;0;10;0;6.0;0.0;1.0;1.0;A01
8751;201300005910;0;7;0;16.0;0.0;9.0;1.0;A01
8752;201300005911;0;7;0;13.0;0.0;1.0;1.0;A01
8753;201300005912;0;33;0;0.0;0.0;0.0;1.0;A01
8754;201300005913;0;7;0;0.0;2.0;1.0;1.0;A01
8755;201300005913;0;7;0;0.0;2.0;8.0;19.0;B02
8756;201300005914;0;7;0;0.0;1.0;1.0;1.0;A01
8757;201300005915;0;30;0;14.0;4.0;1.0;1.0;A01
8758;201300005915;0;39;0;0.0;2.0;7.0;1.0;B01
8759;201300005916;0;38;13;13.0;0.0;9.0;14.0;A01
8760;201300005917;0;7;0;0.0;2.0;3.0;23.0;A01
8761;201300005917;0;2;0;14.0;2.0;1.0;1.0;B01
8762;201300005918;0;7;0;6.0;0.0;2.0;14.0;A01
8763;201300005919;0;7;0;0.0;2.0;1.0;2.0;A01
8764;201300005919;0;7;0;0.0;0.0;4.0;1.0;B01
8765;201300005920;0;7;0;0.0;1.0;1.0;1.0;A01
8766;201300005921;0;7;0;12.0;2.0;8.0;1.0;B01
8767;201300005921;1;7;0;0.0;2.0;2.0;17.0;Z01
8768;201300005922;0;1;0;0.0;2.0;2.0;1.0;A01
8769;201300005922;0;7;0;0.0;2.0;3.0;1.0;B01
8770;201300005923;0;7;0;0.0;2.0;1.0;2.0;A01
8771;201300005923;0;7;0;6.0;2.0;4.0;1.0;B01
8772;201300005924;0;7;0;6.0;0.0;1.0;14.0;A01
8773;201300005925;0;1;0;0.0;1.0;1.0;1.0;A01
8774;201300005926;0;7;0;0.0;1.0;1.0;1.0;A01
8775;201300005927;0;7;0;0.0;0.0;4.0;23.0;B01
8776;201300005927;0;31;0;14.0;0.0;1.0;2.0;A01
8777;201300005928;0;7;0;15.0;0.0;1.0;14.0;A01
8778;201300005929;0;7;0;0.0;2.0;3.0;15.0;A01
8779;201300005929;0;2;0;0.0;2.0;1.0;1.0;B01
8780;201300005930;0;10;0;0.0;1.0;1.0;1.0;A01
8781;201300005931;0;10;0;0.0;1.0;4.0;4.0;A01
8782;201300005932;0;30;0;0.0;2.0;6.0;1.0;A01
8783;201300005932;1;7;0;0.0;2.0;7.0;17.0;Z01
8784;201300005933;0;7;0;13.0;0.0;2.0;14.0;A01
8785;201300005934;0;32;0;0.0;2.0;5.0;1.0;B01
8786;201300005934;0;7;0;0.0;2.0;1.0;9.0;A01
8787;201300005935;0;30;0;1.0;0.0;2.0;14.0;A01
8788;201300005936;0;7;0;1.0;0.0;1.0;14.0;A01
8789;201300005937;0;7;0;2.0;0.0;1.0;14.0;A01
8790;201300005938;0;7;0;0.0;0.0;9.0;14.0;A01
8791;201300005939;0;7;0;2.0;0.0;2.0;14.0;A01
8792;201300005940;0;2;0;0.0;2.0;1.0;1.0;B01
8793;201300005940;0;7;0;0.0;2.0;8.0;15.0;A01
8794;201300005941;0;10;0;0.0;2.0;2.0;17.0;A01
8795;201300005941;0;7;0;14.0;2.0;3.0;1.0;D01
8796;201300005941;0;7;0;0.0;2.0;8.0;1.0;C01
8797;201300005941;0;7;0;0.0;2.0;6.0;1.0;E01
8798;201300005941;0;7;0;0.0;2.0;6.0;1.0;B01
8799;201300005942;0;7;0;2.0;0.0;1.0;13.0;A01
8800;201300005943;0;7;0;0.0;1.0;2.0;1.0;A01
8801;201300005944;0;7;0;0.0;2.0;3.0;9.0;A01
8802;201300005944;0;33;0;0.0;2.0;1.0;1.0;B01
8803;201300005945;0;2;0;0.0;2.0;1.0;9.0;A01
8804;201300005945;0;7;0;0.0;2.0;2.0;1.0;B01
8805;201300005946;0;7;0;0.0;1.0;3.0;1.0;A01
8806;201300005947;0;7;0;0.0;2.0;4.0;23.0;B01
8807;201300005947;1;10;0;0.0;2.0;1.0;2.0;Z01
8808;201300005949;0;17;0;0.0;2.0;7.0;16.0;A01
8809;201300005949;0;1;0;0.0;2.0;8.0;1.0;B01
8810;201300005950;1;99;0;0.0;1.0;0.0;0.0;Z01
8811;201300005951;0;7;0;0.0;1.0;1.0;15.0;A01
8812;201300005956;0;7;0;0.0;2.0;8.0;15.0;A01
8813;201300005956;0;31;0;0.0;2.0;1.0;1.0;B01
8814;201300005957;0;7;0;0.0;1.0;1.0;1.0;A01
8815;201300005958;0;7;0;0.0;1.0;1.0;1.0;A01
8816;201300005959;0;7;0;14.0;0.0;4.0;23.0;B01
8817;201300005959;0;7;0;0.0;0.0;4.0;23.0;D01
8818;201300005959;0;7;0;14.0;0.0;3.0;23.0;C01
8819;201300005959;0;10;0;14.0;0.0;1.0;2.0;A01
8820;201300005960;0;7;0;0.0;2.0;3.0;9.0;A01
8821;201300005960;0;7;0;0.0;2.0;1.0;1.0;B01
8822;201300005961;0;7;0;3.0;0.0;2.0;14.0;A01
8823;201300005962;2;7;0;1.0;2.0;6.0;1.0;A01
8824;201300005962;0;7;0;0.0;2.0;3.0;1.0;B01
8825;201300005963;0;7;0;0.0;2.0;2.0;1.0;B01
8826;201300005963;0;7;0;0.0;2.0;3.0;9.0;A01
8827;201300005964;0;7;0;0.0;1.0;1.0;1.0;A01
8828;201300005966;0;2;0;0.0;1.0;1.0;1.0;A01
8829;201300005967;0;1;0;1.0;0.0;1.0;1.0;B01
8830;201300005967;0;7;0;0.0;2.0;7.0;22.0;A01
8831;201300005968;0;7;0;0.0;2.0;1.0;15.0;A01
8832;201300005968;0;2;0;0.0;2.0;1.0;1.0;B01
8833;201300005969;0;7;0;0.0;2.0;6.0;15.0;B01
8834;201300005969;0;30;0;0.0;2.0;1.0;1.0;A01
8835;201300005970;0;14;0;0.0;2.0;3.0;13.0;A01
8836;201300005970;0;14;0;13.0;2.0;3.0;1.0;B01
8837;201300005971;0;7;0;0.0;2.0;7.0;12.0;A01
8838;201300005971;0;7;0;0.0;2.0;8.0;1.0;B01
8839;201300005972;0;7;0;0.0;2.0;1.0;1.0;A01
8840;201300005972;0;7;0;0.0;2.0;4.0;23.0;B01
8841;201300005973;0;33;0;12.0;0.0;1.0;1.0;A01
8842;201300005974;0;33;0;13.0;0.0;1.0;1.0;A01
8843;201300005975;0;7;0;13.0;0.0;2.0;1.0;A01
8844;201300005976;0;7;0;13.0;0.0;3.0;1.0;A01
8845;201300005977;0;1;0;0.0;2.0;1.0;1.0;C03
8846;201300005977;0;1;0;0.0;2.0;1.0;1.0;D04
8847;201300005977;0;1;0;0.0;2.0;1.0;1.0;B02
8848;201300005977;0;7;0;0.0;2.0;1.0;15.0;A01
8849;201300005979;0;15;0;0.0;0.0;6.0;23.0;B02
8850;201300005979;0;7;0;0.0;2.0;1.0;1.0;A01
8851;201300005980;0;7;0;2.0;0.0;8.0;1.0;A01
8852;201300005981;0;7;0;0.0;2.0;6.0;15.0;A01
8853;201300005981;0;7;0;0.0;2.0;2.0;17.0;B02
8854;201300005982;0;7;0;0.0;2.0;1.0;1.0;A01
8855;201300005982;0;7;0;0.0;2.0;4.0;1.0;B02
8856;201300005983;0;7;0;0.0;2.0;1.0;1.0;C03
8857;201300005983;0;7;0;0.0;2.0;6.0;1.0;B02
8858;201300005983;0;15;0;0.0;2.0;5.0;5.0;A01
8859;201300005983;0;7;0;0.0;9.0;3.0;1.0;D04
8860;201300005984;0;7;0;0.0;0.0;9.0;21.0;B02
8861;201300005984;0;7;0;0.0;0.0;1.0;13.0;A01
8862;201300005985;1;14;0;0.0;1.0;0.0;0.0;A01
8863;201300005987;0;7;0;0.0;2.0;3.0;19.0;B02
8864;201300005987;0;2;0;0.0;2.0;1.0;1.0;A01
8865;201300005988;0;33;0;0.0;2.0;1.0;13.0;A01
8866;201300005988;0;7;0;0.0;2.0;3.0;1.0;B02
8867;201300005989;0;7;0;13.0;0.0;3.0;1.0;A01
8868;201300005990;0;7;0;0.0;2.0;1.0;1.0;B02
8869;201300005990;0;33;0;0.0;2.0;1.0;5.0;A01
8870;201300005991;0;33;0;5.0;0.0;0.0;1.0;A01
8871;201300005992;0;7;0;8.0;0.0;4.0;14.0;A01
8872;201300005993;0;7;0;0.0;0.0;4.0;23.0;B02
8873;201300005993;0;17;0;1.0;0.0;1.0;1.0;A01
8874;201300005994;0;7;0;3.0;0.0;2.0;1.0;A01
8875;201300005995;0;7;0;0.0;2.0;3.0;1.0;B02
8876;201300005995;0;7;0;0.0;2.0;3.0;3.0;A01
8877;201300005996;0;33;0;0.0;2.0;1.0;1.0;B02
8878;201300005996;0;7;0;0.0;2.0;7.0;15.0;A01
8879;201300005997;0;7;0;0.0;2.0;3.0;1.0;B02
8880;201300005997;0;7;0;0.0;2.0;3.0;13.0;A01
8881;201300005998;0;7;0;0.0;2.0;1.0;1.0;B02
8882;201300005998;0;7;0;7.0;0.0;4.0;15.0;A01
8883;201300005999;0;33;0;0.0;2.0;1.0;1.0;B02
8884;201300005999;0;7;0;0.0;2.0;4.0;23.0;A01
8885;201300006000;0;21;0;0.0;2.0;8.0;15.0;A01
8886;201300006000;0;31;0;0.0;2.0;9.0;16.0;B02
8887;201300006001;0;14;0;0.0;2.0;1.0;1.0;B02
8888;201300006001;0;15;0;0.0;2.0;8.0;1.0;C03
8889;201300006001;0;14;0;3.0;2.0;3.0;13.0;A01
8890;201300006002;0;7;0;0.0;2.0;1.0;23.0;B02
8891;201300006002;0;30;0;0.0;2.0;0.0;13.0;A01
8892;201300006003;0;7;0;2.0;0.0;2.0;17.0;A01
8893;201300006004;0;7;0;2.0;2.0;2.0;1.0;A01
8894;201300006005;0;7;0;0.0;2.0;1.0;1.0;B02
8895;201300006005;0;7;0;0.0;2.0;1.0;15.0;A01
8896;201300006006;0;7;0;0.0;0.0;4.0;0.0;A01
8897;201300006006;0;7;0;0.0;0.0;1.0;1.0;C03
8898;201300006006;0;7;0;0.0;0.0;9.0;0.0;B02
8899;201300006007;0;30;0;0.0;2.0;1.0;1.0;B02
8900;201300006007;0;10;0;0.0;2.0;7.0;15.0;A01
8901;201300006008;0;33;0;2.0;0.0;1.0;1.0;A01
8902;201300006009;0;7;0;12.0;1.0;6.0;4.0;A01
8903;201300006010;0;31;0;0.0;0.0;8.0;1.0;A01
8904;201300006011;0;7;0;12.0;0.0;2.0;1.0;A01
8905;201300006012;0;30;0;0.0;2.0;1.0;1.0;B02
8906;201300006012;0;7;0;0.0;2.0;7.0;15.0;A01
8907;201300006013;0;7;0;13.0;0.0;3.0;17.0;A01
8908;201300006014;0;33;0;14.0;0.0;1.0;13.0;A01
8909;201300006016;0;33;0;0.0;2.0;8.0;21.0;A01
8910;201300006017;0;33;0;0.0;2.0;1.0;2.0;A01
8911;201300006018;0;7;0;0.0;2.0;8.0;15.0;A01
8912;201300006018;0;38;0;0.0;2.0;2.0;1.0;B02
8913;201300006020;0;7;0;0.0;1.0;2.0;1.0;A01
8914;201300006021;0;33;0;0.0;2.0;1.0;1.0;A01
8915;201300006021;0;7;0;0.0;2.0;3.0;1.0;B02
8916;201300006022;0;31;0;0.0;0.0;1.0;1.0;A01
8917;201300006023;0;35;0;0.0;2.0;8.0;19.0;A01
8918;201300006023;0;7;0;0.0;0.0;2.0;1.0;B02
8919;201300006024;0;7;0;2.0;0.0;5.0;1.0;A01
8920;201300006025;0;36;0;6.0;0.0;1.0;15.0;A01
8921;201300006026;0;7;0;0.0;2.0;8.0;13.0;B02
8922;201300006026;0;33;0;0.0;2.0;3.0;21.0;A01
8923;201300006027;0;7;0;0.0;2.0;1.0;9.0;A01
8924;201300006027;0;7;0;0.0;2.0;1.0;1.0;B02
8925;201300006028;0;21;0;0.0;2.0;3.0;1.0;B02
8926;201300006028;0;7;0;0.0;2.0;3.0;13.0;A01
8927;201300006029;0;20;0;0.0;2.0;3.0;1.0;B02
8928;201300006029;0;7;0;0.0;2.0;1.0;13.0;A01
8929;201300006030;0;7;0;0.0;2.0;3.0;19.0;A01
8930;201300006030;0;30;0;0.0;2.0;1.0;1.0;B02
8931;201300006031;0;31;0;0.0;2.0;1.0;1.0;B02
8932;201300006031;0;7;0;0.0;2.0;3.0;15.0;A01
8933;201300006033;0;7;0;0.0;0.0;1.0;1.0;A01
8934;201300006034;2;7;0;0.0;1.0;2.0;1.0;A01
8935;201300006035;0;7;0;6.0;0.0;1.0;1.0;A01
8936;201300006036;0;7;0;13.0;0.0;1.0;1.0;A01
8937;201300006038;0;7;0;13.0;0.0;3.0;1.0;A01
8938;201300006039;0;7;0;0.0;2.0;2.0;2.0;A01
8939;201300006039;0;1;0;0.0;2.0;0.0;2.0;B02
8940;201300006040;0;33;0;14.0;0.0;2.0;1.0;A01
8941;201300006041;0;1;0;0.0;2.0;1.0;1.0;B02
8942;201300006041;0;7;0;0.0;0.0;7.0;1.0;A01
8943;201300006042;0;7;0;2.0;0.0;1.0;1.0;A01
8944;201300006043;0;7;0;8.0;0.0;7.0;13.0;A01
8945;201300006044;0;7;0;2.0;0.0;7.0;1.0;A01
8946;201300006045;0;7;0;0.0;1.0;3.0;1.0;A01
8947;201300006046;0;7;0;0.0;2.0;8.0;1.0;C03
8948;201300006046;0;7;0;0.0;2.0;3.0;1.0;B02
8949;201300006046;0;7;0;0.0;2.0;3.0;17.0;A01
8950;201300006047;0;7;0;6.0;0.0;2.0;13.0;A01
8951;201300006048;0;7;0;0.0;2.0;4.0;23.0;C03
8952;201300006048;0;7;0;0.0;2.0;4.0;23.0;B02
8953;201300006048;0;7;0;0.0;2.0;1.0;2.0;A01
8954;201300006049;0;3;0;0.0;1.0;1.0;20.0;A01
8955;201300006050;0;7;0;0.0;2.0;1.0;13.0;A01
8956;201300006050;0;7;0;0.0;2.0;1.0;1.0;B02
8957;201300006051;0;7;0;0.0;2.0;1.0;2.0;A01
8958;201300006051;0;7;0;0.0;1.0;1.0;2.0;B02
8959;201300006052;0;33;0;3.0;0.0;1.0;6.0;A01
8960;201300006053;0;2;0;0.0;2.0;1.0;1.0;A01
8961;201300006053;0;7;0;0.0;9.0;1.0;1.0;B02
8962;201300006054;0;7;0;0.0;2.0;3.0;16.0;A01
8963;201300006054;0;14;0;0.0;2.0;3.0;1.0;B02
8964;201300006055;0;7;0;16.0;0.0;1.0;0.0;A01
8965;201300006056;0;2;0;0.0;2.0;1.0;1.0;B02
8966;201300006056;0;7;0;0.0;2.0;7.0;15.0;A01
8967;201300006057;0;7;0;0.0;2.0;3.0;1.0;A01
8968;201300006057;0;7;0;0.0;2.0;3.0;15.0;B02
8969;201300006058;0;7;0;2.0;0.0;1.0;1.0;A01
8970;201300006060;0;7;0;2.0;0.0;9.0;13.0;A01
8971;201300006061;0;7;0;0.0;2.0;7.0;15.0;A01
8972;201300006061;0;33;0;0.0;2.0;1.0;1.0;B02
8973;201300006062;0;7;0;0.0;2.0;1.0;15.0;A01
8974;201300006062;0;33;0;0.0;2.0;1.0;1.0;B02
8975;201300006064;0;35;0;15.0;0.0;1.0;1.0;A01
8976;201300006065;0;10;0;0.0;2.0;2.0;17.0;A01
8977;201300006065;0;7;0;15.0;2.0;8.0;15.0;B02
8978;201300006066;0;7;0;6.0;0.0;7.0;1.0;A01
8979;201300006067;0;7;0;6.0;0.0;8.0;1.0;A01
8980;201300006068;0;7;0;0.0;1.0;1.0;1.0;A01
8981;201300006069;0;37;42;3.0;0.0;2.0;21.0;A01
8982;201300006070;0;7;0;0.0;2.0;2.0;1.0;A01
8983;201300006070;0;7;0;0.0;2.0;3.0;15.0;B02
8984;201300006071;0;7;0;0.0;2.0;8.0;19.0;B02
8985;201300006071;0;7;0;0.0;2.0;2.0;1.0;A01
8986;201300006072;0;33;0;0.0;0.0;9.0;1.0;A01
8987;201300006073;0;7;0;0.0;2.0;1.0;15.0;A01
8988;201300006073;0;30;0;0.0;2.0;8.0;1.0;B02
8989;201300006074;0;7;0;0.0;0.0;2.0;0.0;B02
8990;201300006074;0;7;0;0.0;0.0;1.0;0.0;A01
8991;201300006075;0;33;0;0.0;2.0;1.0;1.0;B02
8992;201300006075;0;7;0;0.0;2.0;3.0;21.0;A01
8993;201300006076;0;7;0;1.0;0.0;3.0;1.0;A01
8994;201300006077;0;7;0;0.0;2.0;1.0;13.0;A01
8995;201300006077;0;7;0;0.0;2.0;1.0;1.0;B02
8996;201300006078;0;7;0;0.0;2.0;1.0;15.0;A01
8997;201300006078;0;7;0;0.0;2.0;1.0;1.0;B02
8998;201300006079;0;17;0;0.0;2.0;8.0;1.0;A01
8999;201300006079;0;7;0;0.0;2.0;3.0;1.0;B02
9000;201300006080;0;7;0;0.0;2.0;3.0;1.0;A01
9001;201300006080;0;7;0;0.0;2.0;3.0;1.0;B02
9002;201300006081;0;3;0;0.0;1.0;5.0;4.0;A01
9003;201300006082;0;30;0;13.0;0.0;1.0;1.0;A01
9004;201300006083;0;7;0;16.0;0.0;0.0;1.0;A01
9005;201300006084;0;7;0;2.0;0.0;1.0;1.0;A01
9006;201300006085;0;7;0;0.0;2.0;5.0;15.0;A01
9007;201300006085;0;33;0;0.0;2.0;7.0;1.0;B02
9008;201300006086;0;7;0;8.0;0.0;3.0;1.0;A01
9009;201300006087;0;30;0;12.0;0.0;2.0;1.0;A01
9010;201300006088;0;7;0;2.0;0.0;1.0;1.0;A01
9011;201300006089;0;7;0;0.0;2.0;8.0;9.0;A01
9012;201300006089;0;1;0;0.0;2.0;1.0;1.0;B02
9013;201300006090;0;10;0;0.0;1.0;1.0;1.0;A01
9014;201300006091;0;7;0;0.0;2.0;3.0;1.0;B02
9015;201300006091;0;7;0;0.0;2.0;1.0;1.0;C03
9016;201300006091;0;7;0;0.0;2.0;3.0;13.0;A01
9017;201300006092;0;7;0;0.0;1.0;5.0;20.0;A01
9018;201300006093;0;7;0;0.0;0.0;4.0;0.0;A01
9019;201300006093;0;7;0;0.0;2.0;1.0;1.0;B02
9020;201300006094;0;7;0;0.0;0.0;5.0;15.0;A01
9021;201300006094;0;33;0;0.0;2.0;1.0;1.0;B02
9022;201300006095;0;7;0;0.0;2.0;2.0;10.0;A01
9023;201300006095;0;34;0;0.0;2.0;3.0;1.0;B02
9024;201300006096;0;33;0;0.0;0.0;1.0;0.0;A01
9025;201300006097;0;7;0;1.0;2.0;8.0;2.0;A01
9026;201300006097;0;1;0;0.0;0.0;1.0;1.0;B02
9027;201300006099;0;1;0;0.0;2.0;2.0;17.0;B02
9028;201300006099;0;7;0;0.0;2.0;6.0;11.0;A01
9029;201300006100;0;30;0;0.0;2.0;3.0;1.0;B02
9030;201300006100;0;7;0;0.0;2.0;3.0;13.0;A01
9031;201300006101;0;7;0;13.0;0.0;3.0;1.0;A01
9032;201300006102;0;7;0;0.0;2.0;2.0;1.0;B01
9033;201300006102;0;7;0;0.0;2.0;3.0;1.0;A02
9034;201300006103;0;33;0;0.0;0.0;7.0;1.0;A01
9035;201300006104;0;7;0;0.0;1.0;1.0;1.0;A01
9036;201300006106;0;10;0;0.0;2.0;3.0;1.0;A01
9037;201300006106;0;1;0;0.0;2.0;1.0;19.0;B02
9038;201300006107;0;7;0;0.0;2.0;7.0;11.0;B02
9039;201300006107;0;33;0;0.0;2.0;1.0;1.0;A01
9040;201300006108;0;7;0;0.0;2.0;3.0;2.0;A01