;Num_Acc;senc;catv;occutc;obs;obsm;choc;manv;num_veh
9471;201300006401;0;7;0;0.0;2.0;1.0;13.0;A01
9472;201300006401;0;7;0;0.0;2.0;1.0;1.0;B02
9473;201300006402;0;7;0;2.0;0.0;1.0;14.0;A01
9474;201300006403;0;21;0;0.0;0.0;3.0;11.0;A01
9475;201300006403;0;7;0;0.0;2.0;7.0;17.0;B02
9476;201300006404;0;33;0;0.0;2.0;1.0;1.0;B02
9477;201300006404;0;33;0;0.0;2.0;1.0;1.0;A01
9478;201300006404;0;7;0;0.0;2.0;2.0;1.0;C03
9479;201300006405;0;7;0;6.0;0.0;1.0;1.0;A01
9480;201300006406;0;7;0;0.0;2.0;1.0;1.0;A01
9481;201300006406;0;7;0;0.0;2.0;1.0;5.0;B02
9482;201300006407;0;7;0;11.0;0.0;1.0;1.0;A01
9483;201300006408;0;7;0;0.0;2.0;1.0;1.0;B02
9484;201300006408;0;7;0;0.0;2.0;1.0;1.0;A01
9485;201300006410;0;33;0;0.0;6.0;1.0;1.0;A01
9486;201300006412;0;7;0;0.0;2.0;3.0;17.0;A01
9487;201300006412;0;7;0;0.0;2.0;8.0;1.0;B02
9488;201300006414;0;33;0;16.0;0.0;1.0;1.0;A01
9489;201300006415;0;33;0;13.0;0.0;1.0;1.0;A01
9490;201300006416;0;14;0;2.0;0.0;2.0;1.0;A01
9491;201300006417;0;7;0;0.0;0.0;6.0;2.0;A01
9492;201300006417;0;7;0;0.0;2.0;1.0;2.0;B02
9493;201300006418;0;7;0;2.0;0.0;3.0;1.0;A01
9494;201300006419;0;31;0;0.0;6.0;1.0;1.0;A01
9495;201300006420;0;7;0;13.0;0.0;1.0;1.0;A01
9496;201300006422;1;7;0;0.0;1.0;3.0;1.0;A01
9497;201300006423;0;7;0;2.0;0.0;1.0;1.0;A01
9498;201300006424;0;33;0;0.0;2.0;8.0;16.0;A01
9499;201300006424;0;7;0;0.0;2.0;1.0;1.0;B02
9500;201300006425;0;7;0;2.0;0.0;1.0;1.0;A01
9501;201300006426;0;7;0;0.0;2.0;3.0;19.0;A01
9502;201300006426;0;33;0;0.0;2.0;1.0;1.0;B02
9503;201300006427;0;7;0;0.0;2.0;1.0;13.0;A01
9504;201300006427;0;7;0;0.0;2.0;1.0;1.0;B02
9505;201300006428;0;10;0;0.0;2.0;3.0;13.0;A01
9506;201300006428;0;7;0;0.0;2.0;3.0;1.0;B02
9507;201300006429;0;30;0;8.0;0.0;1.0;1.0;A01
9508;201300006430;0;30;0;0.0;2.0;1.0;17.0;A01
9509;201300006430;0;21;0;0.0;2.0;8.0;15.0;B02
9510;201300006431;0;33;0;0.0;2.0;2.0;17.0;A01
9511;201300006431;0;21;0;0.0;2.0;3.0;15.0;B02
9512;201300006432;0;7;0;0.0;2.0;2.0;15.0;A01
9513;201300006432;0;7;0;0.0;2.0;2.0;1.0;B02
9514;201300006433;0;7;0;0.0;2.0;5.0;1.0;A01
9515;201300006433;0;7;0;0.0;2.0;3.0;1.0;B02
9516;201300006435;0;7;0;14.0;0.0;4.0;23.0;A01
9517;201300006435;0;7;0;14.0;0.0;4.0;23.0;B02
9518;201300006435;0;7;0;14.0;0.0;1.0;1.0;C03
9519;201300006436;0;7;0;0.0;2.0;3.0;1.0;A01
9520;201300006436;0;1;0;0.0;2.0;1.0;5.0;B02
9521;201300006437;0;7;0;2.0;0.0;2.0;1.0;A01
9522;201300006438;0;7;0;2.0;0.0;8.0;1.0;A01
9523;201300006439;0;7;0;0.0;2.0;1.0;1.0;A01
9524;201300006439;0;7;0;0.0;2.0;1.0;1.0;B02
9525;201300006440;0;7;0;0.0;2.0;1.0;5.0;A01
9526;201300006440;0;7;0;0.0;0.0;3.0;1.0;B02
9527;201300006441;0;7;0;2.0;0.0;8.0;1.0;A01
9528;201300006442;0;33;0;13.0;0.0;1.0;1.0;A01
9529;201300006443;0;10;0;1.0;1.0;2.0;19.0;A01
9530;201300006444;0;2;0;0.0;5.0;8.0;24.0;A01
9531;201300006444;0;99;0;1.0;0.0;2.0;17.0;B02
9532;201300006445;0;32;0;0.0;2.0;1.0;2.0;A01
9533;201300006445;0;7;0;0.0;2.0;4.0;2.0;B02
9534;201300006446;0;30;0;0.0;2.0;8.0;1.0;A01
9535;201300006446;0;7;0;0.0;2.0;2.0;1.0;B02
9536;201300006447;0;7;0;0.0;0.0;2.0;11.0;B02
9537;201300006447;0;7;0;0.0;0.0;6.0;1.0;A01
9538;201300006448;0;10;0;0.0;2.0;1.0;2.0;A01
9539;201300006448;0;7;0;0.0;2.0;4.0;2.0;B02
9540;201300006449;0;7;0;0.0;2.0;1.0;1.0;A01
9541;201300006449;0;7;0;0.0;2.0;1.0;0.0;B02
9542;201300006450;0;2;0;0.0;2.0;1.0;17.0;A01
9543;201300006450;0;7;0;0.0;2.0;3.0;15.0;B02
9544;201300006451;0;7;0;0.0;2.0;2.0;15.0;A01
9545;201300006451;0;33;0;0.0;2.0;3.0;1.0;B02
9546;201300006452;0;7;0;0.0;0.0;8.0;1.0;A01
9547;201300006453;0;7;0;0.0;2.0;1.0;13.0;A01
9548;201300006453;0;7;0;3.0;2.0;1.0;1.0;B02
9549;201300006454;0;7;0;2.0;0.0;1.0;1.0;A01
9550;201300006455;0;7;0;6.0;0.0;1.0;0.0;A01
9551;201300006456;0;7;0;0.0;2.0;2.0;1.0;A01
9552;201300006456;0;7;0;0.0;2.0;3.0;15.0;B02
9553;201300006457;0;7;0;0.0;2.0;4.0;2.0;A01
9554;201300006457;0;7;0;0.0;2.0;4.0;2.0;B02
9555;201300006457;0;7;0;0.0;2.0;4.0;2.0;C03
9556;201300006457;0;7;0;0.0;2.0;3.0;2.0;D04
9557;201300006458;0;7;0;6.0;0.0;3.0;13.0;A01
9558;201300006459;0;2;0;0.0;2.0;5.0;15.0;A01
9559;201300006459;0;7;0;0.0;2.0;1.0;1.0;B02
9560;201300006460;0;7;0;0.0;2.0;1.0;13.0;A01
9561;201300006460;0;7;0;0.0;2.0;1.0;1.0;B02
9562;201300006460;0;7;0;0.0;2.0;3.0;1.0;C03
9563;201300006461;0;33;0;0.0;2.0;1.0;1.0;A01
9564;201300006461;0;7;0;0.0;2.0;5.0;15.0;B02
9565;201300006462;0;7;0;0.0;1.0;1.0;1.0;A01
9566;201300006463;0;7;0;6.0;0.0;1.0;1.0;A01
9567;201300006464;0;7;0;0.0;2.0;1.0;15.0;A01
9568;201300006464;0;7;0;0.0;2.0;1.0;1.0;B02
9569;201300006465;0;7;0;0.0;1.0;1.0;19.0;A01
9570;201300006466;0;30;0;0.0;2.0;1.0;17.0;A01
9571;201300006466;0;7;0;0.0;2.0;8.0;15.0;B02
9572;201300006467;0;10;0;0.0;1.0;7.0;1.0;A01
9573;201300006469;0;7;0;0.0;0.0;6.0;19.0;A01
9574;201300006469;0;2;0;0.0;2.0;0.0;1.0;B02
9575;201300006470;0;7;0;0.0;9.0;1.0;2.0;A01
9576;201300006470;0;1;0;0.0;0.0;4.0;2.0;B02
9577;201300006471;0;7;0;0.0;1.0;1.0;1.0;A01
9578;201300006474;0;7;0;0.0;2.0;3.0;1.0;A01
9579;201300006474;0;7;0;0.0;2.0;3.0;19.0;B02
9580;201300006475;0;33;0;0.0;2.0;7.0;17.0;A01
9581;201300006475;0;14;0;0.0;2.0;3.0;15.0;B02
9582;201300006476;0;33;0;7.0;0.0;8.0;1.0;A01
9583;201300006477;0;7;0;0.0;2.0;2.0;17.0;A01
9584;201300006477;0;7;0;0.0;2.0;3.0;1.0;B02
9585;201300006477;0;7;0;0.0;2.0;3.0;2.0;C03
9586;201300006478;0;7;0;2.0;0.0;1.0;13.0;A01
9587;201300006479;0;7;0;0.0;2.0;3.0;1.0;B02
9588;201300006479;0;7;0;0.0;2.0;1.0;6.0;A01
9589;201300006480;0;7;0;0.0;2.0;2.0;1.0;B02
9590;201300006480;0;7;0;0.0;2.0;3.0;19.0;A01
9591;201300006481;0;7;0;2.0;0.0;3.0;13.0;A01
9592;201300006482;0;7;0;2.0;0.0;1.0;13.0;A01
9593;201300006483;0;33;0;6.0;0.0;2.0;14.0;A01
9594;201300006484;0;7;0;0.0;0.0;1.0;13.0;A01
9595;201300006486;0;7;0;13.0;0.0;2.0;13.0;A01
9596;201300006487;0;17;0;0.0;2.0;3.0;1.0;B02
9597;201300006487;0;7;0;0.0;2.0;7.0;19.0;A01
9598;201300006488;0;33;0;0.0;2.0;1.0;17.0;A01
9599;201300006488;0;3;0;0.0;2.0;6.0;15.0;B02
9600;201300006489;0;7;0;0.0;0.0;4.0;1.0;A01
9601;201300006490;0;15;0;0.0;2.0;4.0;2.0;C03
9602;201300006490;0;14;0;0.0;2.0;3.0;1.0;B02
9603;201300006490;0;7;0;0.0;2.0;1.0;13.0;A01
9604;201300006491;0;7;0;0.0;2.0;2.0;15.0;B02
9605;201300006491;0;32;0;0.0;2.0;3.0;1.0;A01
9606;201300006492;0;7;0;0.0;2.0;3.0;13.0;A01
9607;201300006492;0;15;0;0.0;2.0;2.0;1.0;B02
9608;201300006493;0;1;0;0.0;2.0;1.0;1.0;A01
9609;201300006493;0;21;0;0.0;2.0;0.0;17.0;B02
9610;201300006494;0;10;0;0.0;2.0;2.0;1.0;A01
9611;201300006494;0;1;0;0.0;2.0;1.0;1.0;B02
9612;201300006495;0;31;0;0.0;2.0;1.0;1.0;A01
9613;201300006495;0;14;0;0.0;2.0;8.0;15.0;B02
9614;201300006496;0;7;0;2.0;0.0;1.0;13.0;A01
9615;201300006497;0;7;0;0.0;2.0;3.0;1.0;A01
9616;201300006497;0;7;0;0.0;2.0;3.0;1.0;B02
9617;201300006498;0;10;0;0.0;2.0;2.0;21.0;B02
9618;201300006498;0;7;0;0.0;2.0;3.0;13.0;A01
9619;201300006499;0;30;0;0.0;1.0;1.0;1.0;A01
9620;201300006500;0;7;0;0.0;2.0;2.0;1.0;B01
9621;201300006500;0;1;0;0.0;2.0;8.0;9.0;A02
9622;201300006501;0;2;0;0.0;2.0;4.0;1.0;A01
9623;201300006501;0;2;0;0.0;2.0;1.0;1.0;B02
9624;201300006502;0;7;0;2.0;0.0;3.0;14.0;A01
9625;201300006504;0;7;0;13.0;0.0;1.0;1.0;A01
9626;201300006505;0;7;0;13.0;0.0;1.0;1.0;A01
9627;201300006506;0;33;0;13.0;0.0;1.0;1.0;A01
9628;201300006507;0;10;0;0.0;2.0;1.0;1.0;B02
9629;201300006507;0;7;0;0.0;2.0;7.0;19.0;A01
9630;201300006508;0;7;0;0.0;2.0;3.0;1.0;B02
9631;201300006508;0;7;0;0.0;2.0;2.0;19.0;A01
9632;201300006509;0;10;0;6.0;0.0;1.0;1.0;A01
9633;201300006510;0;15;0;0.0;2.0;6.0;21.0;B02
9634;201300006510;0;7;0;0.0;2.0;3.0;13.0;A01
9635;201300006512;0;2;0;0.0;2.0;1.0;1.0;B01
9636;201300006512;0;2;0;0.0;2.0;1.0;1.0;A02
9637;201300006513;0;33;0;0.0;2.0;8.0;1.0;B02
9638;201300006513;0;7;0;0.0;2.0;2.0;15.0;A01
9639;201300006514;0;7;0;0.0;0.0;9.0;13.0;A01
9640;201300006515;0;15;0;0.0;2.0;3.0;1.0;B02
9641;201300006515;0;7;0;0.0;2.0;1.0;13.0;A01
9642;201300006516;0;7;0;0.0;1.0;7.0;1.0;A01
9643;201300006517;0;10;0;13.0;0.0;1.0;1.0;A01
9644;201300006518;0;17;0;1.0;0.0;1.0;14.0;A01
9645;201300006518;0;17;0;0.0;2.0;3.0;24.0;B02
9646;201300006518;0;17;0;0.0;2.0;4.0;24.0;C03
9647;201300006519;0;33;0;16.0;0.0;7.0;1.0;A01
9648;201300006520;0;7;0;2.0;0.0;1.0;1.0;A01
9649;201300006521;0;10;0;0.0;0.0;1.0;2.0;A01
9650;201300006521;0;7;0;0.0;0.0;6.0;2.0;B02
9651;201300006522;0;31;0;15.0;0.0;1.0;1.0;A01
9652;201300006523;0;33;0;0.0;2.0;1.0;1.0;B02
9653;201300006523;0;7;0;0.0;2.0;3.0;1.0;A01
9654;201300006525;0;7;0;13.0;0.0;3.0;13.0;A01
9655;201300006526;0;7;0;0.0;2.0;1.0;1.0;C03
9656;201300006526;0;15;0;0.0;2.0;2.0;1.0;A01
9657;201300006527;0;7;0;0.0;2.0;1.0;1.0;A01
9658;201300006527;0;3;0;3.0;2.0;7.0;9.0;B02
9659;201300006528;0;14;0;0.0;2.0;1.0;1.0;B02
9660;201300006528;0;10;0;0.0;2.0;2.0;1.0;A01
9661;201300006529;0;15;0;0.0;2.0;7.0;13.0;A01
9662;201300006529;0;7;0;0.0;2.0;2.0;1.0;B02
9663;201300006530;0;7;0;6.0;0.0;3.0;1.0;A01
9664;201300006531;0;7;0;0.0;2.0;3.0;1.0;B01
9665;201300006531;0;7;0;0.0;2.0;2.0;19.0;A02
9666;201300006532;0;7;0;13.0;0.0;9.0;13.0;A01
9667;201300006533;0;7;0;0.0;2.0;2.0;1.0;A01
9668;201300006533;0;17;0;0.0;2.0;4.0;4.0;B02
9669;201300006534;0;7;0;0.0;2.0;3.0;1.0;B02
9670;201300006534;0;10;0;0.0;2.0;2.0;1.0;A01
9671;201300006535;0;17;0;15.0;0.0;3.0;21.0;A01
9672;201300006536;0;15;0;0.0;2.0;3.0;1.0;B02
9673;201300006536;0;7;0;0.0;2.0;1.0;1.0;A01
9674;201300006537;0;7;0;0.0;2.0;1.0;1.0;D04
9675;201300006537;0;7;0;0.0;0.0;4.0;15.0;C03
9676;201300006537;0;7;0;0.0;2.0;4.0;14.0;B02
9677;201300006537;0;15;0;0.0;2.0;3.0;1.0;A01
9678;201300006538;0;33;0;8.0;2.0;1.0;1.0;A01
9679;201300006538;0;7;0;0.0;2.0;3.0;19.0;B02
9680;201300006539;0;30;0;0.0;2.0;6.0;15.0;A01
9681;201300006539;0;7;0;0.0;2.0;2.0;1.0;B02
9682;201300006540;0;7;0;0.0;2.0;3.0;13.0;A01
9683;201300006540;0;17;0;0.0;2.0;3.0;1.0;B02
9684;201300006541;0;7;0;0.0;2.0;1.0;1.0;C03
9685;201300006541;0;15;0;7.0;2.0;1.0;1.0;B02
9686;201300006541;0;7;0;0.0;2.0;1.0;1.0;A01
9687;201300006542;0;7;0;0.0;0.0;0.0;0.0;A01
9688;201300006543;0;7;0;4.0;0.0;3.0;1.0;A01
9689;201300006544;0;7;0;0.0;2.0;1.0;13.0;A01
9690;201300006544;0;7;0;0.0;2.0;3.0;1.0;B02
9691;201300006545;0;33;0;0.0;2.0;1.0;1.0;A01
9692;201300006545;0;7;0;0.0;2.0;5.0;2.0;B02
9693;201300006546;0;7;0;0.0;2.0;2.0;1.0;A01
9694;201300006546;0;1;0;0.0;2.0;4.0;1.0;B02
9695;201300006547;0;1;0;0.0;2.0;4.0;2.0;B02
9696;201300006547;0;7;0;0.0;2.0;2.0;2.0;A01
9697;201300006549;0;17;0;0.0;2.0;3.0;1.0;B02
9698;201300006549;0;10;0;0.0;2.0;1.0;13.0;A01
9699;201300006550;0;31;0;0.0;2.0;1.0;1.0;B02
9700;201300006550;0;7;0;0.0;2.0;3.0;15.0;A01
9701;201300006551;0;7;0;2.0;0.0;0.0;1.0;A01
9702;201300006552;0;10;0;0.0;2.0;3.0;1.0;B02
9703;201300006552;0;7;0;0.0;2.0;3.0;13.0;A01
9704;201300006553;0;7;0;0.0;2.0;1.0;15.0;A01
9705;201300006553;0;2;0;0.0;2.0;1.0;1.0;B02
9706;201300006554;0;7;0;0.0;2.0;1.0;13.0;A01
9707;201300006554;0;7;0;0.0;0.0;3.0;1.0;B02
9708;201300006555;0;30;0;16.0;0.0;2.0;0.0;A01
9709;201300006556;0;2;0;0.0;0.0;8.0;10.0;A01
9710;201300006556;0;7;0;0.0;2.0;1.0;17.0;B02
9711;201300006557;0;7;0;0.0;1.0;1.0;1.0;A01
9712;201300006558;0;15;0;13.0;0.0;3.0;1.0;A01
9713;201300006559;0;7;0;10.0;0.0;2.0;1.0;A01
9714;201300006560;0;7;0;14.0;0.0;1.0;1.0;A01
9715;201300006561;0;1;0;1.0;;1.0;1.0;B02
9716;201300006561;0;10;0;0.0;2.0;5.0;20.0;A01
9717;201300006562;0;7;0;0.0;2.0;3.0;13.0;B02
9718;201300006562;0;15;0;0.0;2.0;3.0;21.0;A01
9719;201300006563;0;7;0;0.0;1.0;2.0;16.0;A01
9720;201300006564;0;7;0;8.0;0.0;1.0;14.0;A01
9721;201300006565;0;7;0;0.0;2.0;2.0;1.0;A01
9722;201300006565;0;7;0;0.0;2.0;3.0;1.0;B02
9723;201300006566;0;1;0;1.0;0.0;7.0;1.0;A01
9724;201300006566;0;7;0;0.0;0.0;7.0;24.0;B02
9725;201300006569;0;7;0;16.0;0.0;1.0;1.0;A01
9726;201300006571;0;10;0;0.0;0.0;9.0;1.0;A01
9727;201300006572;0;31;0;0.0;0.0;1.0;1.0;A01
9728;201300006572;0;7;0;0.0;0.0;6.0;19.0;B02
9729;201300006573;0;14;0;0.0;2.0;3.0;1.0;B02
9730;201300006573;0;7;0;0.0;2.0;8.0;1.0;C03
9731;201300006573;0;7;0;0.0;2.0;3.0;1.0;D04
9732;201300006573;0;7;0;0.0;2.0;2.0;19.0;A01
9733;201300006574;0;30;0;0.0;0.0;0.0;0.0;A01
9734;201300006575;0;7;0;0.0;2.0;1.0;2.0;B02
9735;201300006575;0;20;0;0.0;2.0;4.0;2.0;A01
9736;201300006576;0;7;0;2.0;0.0;1.0;0.0;A01
9737;201300006577;0;7;0;0.0;2.0;3.0;1.0;B02
9738;201300006577;0;7;0;0.0;2.0;1.0;13.0;A01
9739;201300006578;0;7;0;2.0;0.0;1.0;14.0;A01
9740;201300006579;0;7;0;9.0;0.0;2.0;1.0;A01
9741;201300006580;0;7;0;10.0;0.0;9.0;14.0;A01
9742;201300006582;0;17;0;2.0;0.0;1.0;1.0;A01
9743;201300006583;0;7;0;16.0;0.0;9.0;0.0;A01
9744;201300006584;0;7;0;13.0;0.0;3.0;1.0;A01
9745;201300006585;0;7;0;0.0;1.0;2.0;1.0;A01
9746;201300006586;0;7;0;13.0;0.0;1.0;13.0;A01
9747;201300006587;0;33;0;3.0;0.0;1.0;1.0;A01
9748;201300006588;0;7;0;0.0;1.0;2.0;1.0;A01
9749;201300006589;0;7;0;6.0;0.0;1.0;1.0;A01
9750;201300006590;0;10;0;0.0;2.0;6.0;15.0;B02
9751;201300006590;0;31;0;0.0;2.0;2.0;17.0;A01
9752;201300006591;0;30;0;0.0;2.0;8.0;13.0;B02
9753;201300006591;0;7;0;0.0;2.0;5.0;17.0;A01
9754;201300006593;0;7;0;0.0;1.0;3.0;1.0;A01
9755;201300006594;0;15;0;0.0;2.0;3.0;1.0;B02
9756;201300006594;0;7;0;0.0;2.0;8.0;13.0;A01
9757;201300006595;0;7;0;13.0;0.0;1.0;1.0;A01
9758;201300006596;0;10;0;0.0;2.0;3.0;1.0;B02
9759;201300006596;0;7;0;0.0;2.0;3.0;1.0;A01
9760;201300006597;0;7;0;2.0;0.0;1.0;13.0;A01
9761;201300006598;0;7;0;0.0;2.0;3.0;15.0;A01
9762;201300006598;0;7;0;0.0;2.0;1.0;1.0;B02
9763;201300006599;0;7;0;6.0;0.0;1.0;17.0;A01
9764;201300006600;0;7;0;2.0;0.0;8.0;1.0;A01
9765;201300006601;0;10;0;0.0;2.0;3.0;1.0;A01
9766;201300006601;0;7;0;0.0;2.0;3.0;1.0;B02
9767;201300006602;0;7;0;0.0;9.0;3.0;1.0;B02
9768;201300006602;0;1;0;0.0;2.0;7.0;5.0;A01
9769;201300006603;0;7;0;0.0;1.0;1.0;1.0;A01
9770;201300006604;0;10;0;0.0;1.0;2.0;19.0;A01
9771;201300006605;0;7;0;0.0;2.0;8.0;23.0;B02
9772;201300006605;0;33;0;0.0;2.0;2.0;1.0;A01
9773;201300006606;0;33;0;12.0;0.0;1.0;1.0;A01
9774;201300006607;0;33;0;0.0;2.0;1.0;17.0;B02
9775;201300006607;0;7;0;0.0;2.0;6.0;17.0;A01
9776;201300006608;0;7;0;14.0;0.0;1.0;5.0;A01
9777;201300006608;0;7;0;14.0;0.0;1.0;2.0;B02
9778;201300006609;0;33;0;0.0;0.0;0.0;1.0;A01
9779;201300006610;0;7;0;13.0;0.0;1.0;13.0;A01
9780;201300006611;0;7;0;0.0;1.0;1.0;1.0;A01
9781;201300006612;0;17;0;0.0;0.0;8.0;1.0;B02
9782;201300006612;0;7;0;0.0;2.0;1.0;13.0;A01
9783;201300006613;0;7;0;0.0;2.0;7.0;1.0;A01
9784;201300006613;0;7;0;0.0;2.0;1.0;1.0;B02
9785;201300006614;0;7;0;0.0;2.0;3.0;17.0;A01
9786;201300006614;0;33;0;0.0;2.0;3.0;1.0;B02
9787;201300006615;0;7;0;0.0;1.0;2.0;1.0;A01
9788;201300006616;0;7;0;0.0;2.0;8.0;0.0;A01
9789;201300006616;0;17;0;0.0;2.0;3.0;1.0;B02
9790;201300006617;0;7;0;0.0;2.0;1.0;1.0;A01
9791;201300006617;0;1;0;0.0;2.0;8.0;19.0;B02
9792;201300006618;0;7;0;0.0;2.0;3.0;17.0;A01
9793;201300006618;0;1;0;0.0;2.0;1.0;1.0;B02
9794;201300006619;0;7;0;0.0;1.0;3.0;1.0;A01
9795;201300006620;0;7;0;0.0;2.0;3.0;19.0;A01
9796;201300006620;0;7;0;0.0;2.0;1.0;1.0;B02
9797;201300006621;0;7;0;8.0;0.0;1.0;0.0;A01
9798;201300006622;0;7;0;13.0;0.0;3.0;1.0;A01
9799;201300006623;0;7;0;0.0;2.0;2.0;15.0;A01
9800;201300006623;0;7;0;0.0;2.0;1.0;1.0;B02
9801;201300006624;0;7;0;0.0;2.0;1.0;1.0;A01
9802;201300006624;0;7;0;0.0;2.0;1.0;1.0;B02
9803;201300006625;0;10;0;6.0;0.0;8.0;1.0;A01
9804;201300006626;0;33;0;0.0;2.0;1.0;1.0;A01
9805;201300006626;0;7;0;0.0;2.0;1.0;1.0;B02
9806;201300006627;0;7;0;0.0;1.0;2.0;1.0;A01
9807;201300006628;0;7;0;0.0;2.0;7.0;19.0;B02
9808;201300006628;0;7;0;0.0;2.0;1.0;1.0;A01
9809;201300006629;0;7;0;0.0;0.0;9.0;1.0;A01
9810;201300006630;0;7;0;0.0;1.0;1.0;1.0;A01
9811;201300006631;0;7;0;0.0;2.0;3.0;13.0;A01
9812;201300006631;0;7;0;0.0;2.0;3.0;0.0;B02
9813;201300006632;0;7;0;0.0;2.0;1.0;1.0;A01
9814;201300006632;0;7;0;0.0;2.0;1.0;1.0;B02
9815;201300006633;0;7;0;0.0;1.0;3.0;1.0;A01
9816;201300006634;0;7;0;13.0;0.0;2.0;14.0;A01
9817;201300006635;0;30;0;0.0;2.0;8.0;15.0;A01
9818;201300006635;0;7;0;0.0;2.0;7.0;17.0;B02
9819;201300006636;0;7;0;0.0;0.0;3.0;1.0;A01
9820;201300006637;0;33;0;0.0;0.0;8.0;1.0;A01
9821;201300006638;0;7;0;13.0;0.0;1.0;1.0;A01
9822;201300006639;0;7;0;13.0;0.0;1.0;1.0;A01
9823;201300006640;0;7;0;13.0;0.0;9.0;1.0;A01
9824;201300006641;0;33;0;8.0;0.0;1.0;1.0;A01
9825;201300006642;0;7;0;0.0;2.0;1.0;13.0;A01
9826;201300006642;0;17;0;0.0;2.0;1.0;1.0;B02
9827;201300006642;0;17;0;0.0;2.0;8.0;1.0;C03
9828;201300006643;0;7;0;2.0;0.0;1.0;1.0;A01
9829;201300006644;0;33;0;2.0;6.0;7.0;21.0;A01
9830;201300006645;0;33;0;0.0;0.0;0.0;1.0;A01
9831;201300006646;0;30;0;0.0;0.0;1.0;13.0;A01
9832;201300006646;0;7;0;0.0;2.0;2.0;1.0;B02
9833;201300006647;0;2;0;0.0;2.0;8.0;1.0;B02
9834;201300006647;0;10;0;0.0;2.0;8.0;1.0;A01
9835;201300006648;0;10;0;2.0;0.0;1.0;1.0;A01
9836;201300006649;0;17;0;0.0;0.0;8.0;16.0;A01
9837;201300006650;0;14;0;13.0;0.0;3.0;1.0;A01
9838;201300006651;0;7;0;0.0;2.0;1.0;17.0;A01
9839;201300006651;0;7;0;0.0;2.0;8.0;15.0;B02
9840;201300006653;0;33;0;11.0;0.0;1.0;1.0;A01
9841;201300006654;0;7;0;0.0;2.0;3.0;1.0;B02
9842;201300006654;0;7;0;0.0;2.0;3.0;13.0;A01
9843;201300006655;0;7;0;0.0;2.0;3.0;9.0;A01
9844;201300006655;0;30;0;0.0;2.0;7.0;1.0;B02
9845;201300006656;0;33;0;0.0;2.0;3.0;17.0;A01
9846;201300006656;0;17;0;0.0;2.0;3.0;1.0;B02
9847;201300006656;0;7;0;0.0;9.0;2.0;1.0;C03
9848;201300006656;0;7;0;0.0;9.0;1.0;1.0;D04
9849;201300006657;0;7;0;0.0;9.0;7.0;17.0;A01
9850;201300006657;0;7;0;0.0;0.0;2.0;17.0;B02
9851;201300006657;0;1;0;0.0;2.0;8.0;13.0;C03
9852;201300006658;0;7;0;0.0;2.0;3.0;13.0;A01
9853;201300006658;0;13;0;0.0;2.0;3.0;1.0;B02
9854;201300006659;0;10;0;2.0;0.0;1.0;1.0;A01
9855;201300006660;0;7;0;2.0;0.0;3.0;14.0;A01
9856;201300006662;0;31;0;16.0;0.0;8.0;1.0;A01
9857;201300006663;0;7;0;0.0;2.0;7.0;1.0;A01
9858;201300006663;0;7;0;0.0;2.0;1.0;1.0;B02
9859;201300006664;0;7;0;0.0;1.0;4.0;4.0;A01
9860;201300006665;0;7;0;2.0;0.0;1.0;13.0;A01
9861;201300006666;0;31;0;16.0;0.0;7.0;2.0;A01
9862;201300006667;0;7;0;0.0;2.0;2.0;1.0;B02
9863;201300006667;0;2;0;0.0;2.0;8.0;10.0;A01
9864;201300006668;0;1;0;0.0;2.0;1.0;1.0;D04
9865;201300006668;0;7;0;0.0;2.0;1.0;13.0;A01
9866;201300006668;0;1;0;0.0;2.0;1.0;1.0;E05
9867;201300006668;0;1;0;0.0;2.0;1.0;1.0;C03
9868;201300006668;0;1;0;0.0;2.0;1.0;1.0;F06
9869;201300006668;0;1;0;0.0;2.0;1.0;1.0;B02
9870;201300006669;0;7;0;0.0;2.0;8.0;5.0;C03
9871;201300006669;0;10;0;0.0;2.0;1.0;2.0;B02
9872;201300006669;0;7;0;2.0;2.0;0.0;0.0;A01
9873;201300006670;0;33;0;16.0;0.0;8.0;1.0;A01
9874;201300006671;0;10;0;0.0;2.0;1.0;5.0;A01
9875;201300006671;0;1;0;0.0;2.0;1.0;1.0;B02
9876;201300006672;0;7;0;0.0;1.0;2.0;1.0;A01
9877;201300006673;0;7;0;2.0;0.0;1.0;13.0;A01
9878;201300006674;0;21;0;13.0;0.0;9.0;1.0;A01
9879;201300006675;0;10;0;0.0;2.0;1.0;1.0;B02
9880;201300006675;0;7;0;0.0;2.0;8.0;19.0;A01
9881;201300006676;0;10;0;0.0;0.0;7.0;0.0;A01
9882;201300006676;0;1;0;0.0;0.0;8.0;0.0;B02
9883;201300006677;0;33;0;0.0;0.0;1.0;2.0;A01
9884;201300006677;0;33;0;0.0;0.0;4.0;2.0;B02
9885;201300006678;0;31;0;0.0;2.0;1.0;13.0;A01
9886;201300006678;0;7;0;0.0;2.0;1.0;1.0;B02
9887;201300006679;0;7;0;0.0;2.0;3.0;13.0;A01
9888;201300006679;0;17;0;0.0;0.0;8.0;1.0;B02
9889;201300006680;0;7;0;0.0;0.0;2.0;1.0;B02
9890;201300006680;0;7;0;0.0;0.0;1.0;1.0;A01
9891;201300006681;0;33;0;5.0;0.0;1.0;1.0;A01
9892;201300006682;0;7;0;0.0;2.0;3.0;2.0;A01
9893;201300006682;0;7;0;0.0;0.0;4.0;1.0;B02
9894;201300006684;0;33;0;0.0;2.0;1.0;13.0;A01
9895;201300006684;0;17;0;0.0;2.0;6.0;1.0;B02
9896;201300006685;0;10;0;0.0;2.0;2.0;15.0;A01
9897;201300006685;0;7;0;0.0;2.0;1.0;1.0;B02
9898;201300006686;0;7;0;13.0;0.0;1.0;0.0;A01
9899;201300006687;0;7;0;0.0;2.0;8.0;1.0;A01