;Num_Acc;senc;catv;occutc;obs;obsm;choc;manv;num_veh
10742;201300007265;0;7;0;0.0;2.0;1.0;5.0;A01
10743;201300007266;0;7;0;13.0;0.0;8.0;1.0;A01
10744;201300007267;0;7;0;16.0;0.0;1.0;16.0;A01
10745;201300007268;0;2;0;0.0;2.0;1.0;13.0;A01
10746;201300007268;0;7;0;0.0;2.0;3.0;1.0;B02
10747;201300007269;0;7;0;0.0;2.0;1.0;21.0;B02
10748;201300007269;0;32;0;0.0;2.0;1.0;13.0;A01
10749;201300007271;0;7;0;0.0;2.0;3.0;15.0;A01
10750;201300007271;0;7;0;0.0;2.0;2.0;1.0;B02
10751;201300007272;0;7;0;0.0;0.0;0.0;2.0;A01
10752;201300007273;0;7;0;16.0;0.0;9.0;1.0;A01
10753;201300007274;0;7;0;10.0;0.0;2.0;15.0;A01
10754;201300007274;0;2;0;0.0;0.0;1.0;1.0;B02
10755;201300007275;0;31;0;1.0;0.0;1.0;1.0;A01
10756;201300007276;0;33;0;0.0;2.0;1.0;1.0;B02
10757;201300007276;0;7;0;0.0;2.0;3.0;15.0;A01
10758;201300007277;0;7;0;0.0;9.0;2.0;1.0;A01
10759;201300007277;0;1;0;0.0;0.0;4.0;0.0;B02
10760;201300007279;0;7;0;0.0;2.0;2.0;13.0;A01
10761;201300007279;0;7;0;0.0;2.0;3.0;1.0;B02
10762;201300007280;0;7;0;0.0;2.0;8.0;1.0;A01
10763;201300007280;0;7;0;0.0;2.0;6.0;1.0;B02
10764;201300007281;0;37;1;0.0;0.0;2.0;1.0;B02
10765;201300007281;0;30;0;0.0;0.0;1.0;16.0;A01
10766;201300007282;0;7;0;0.0;2.0;1.0;1.0;B02
10767;201300007282;0;7;0;0.0;2.0;1.0;13.0;A01
10768;201300007282;0;7;0;0.0;2.0;1.0;2.0;C03
10769;201300007283;0;7;0;0.0;1.0;2.0;1.0;A01
10770;201300007284;0;7;0;0.0;2.0;3.0;13.0;A01
10771;201300007284;0;7;0;0.0;2.0;3.0;1.0;B02
10772;201300007285;0;17;0;0.0;2.0;3.0;1.0;A01
10773;201300007285;0;10;0;0.0;2.0;3.0;13.0;B02
10774;201300007286;0;7;0;0.0;2.0;3.0;15.0;B02
10775;201300007286;0;33;0;0.0;2.0;7.0;17.0;A01
10776;201300007287;0;7;0;0.0;0.0;8.0;15.0;B02
10777;201300007287;0;7;0;0.0;2.0;1.0;17.0;A01
10778;201300007288;0;7;0;0.0;2.0;8.0;13.0;A01
10779;201300007288;0;14;0;0.0;2.0;8.0;1.0;B02
10780;201300007289;0;7;0;0.0;2.0;1.0;13.0;A01
10781;201300007289;0;7;0;0.0;2.0;1.0;1.0;B02
10782;201300007290;0;7;0;0.0;2.0;7.0;13.0;A01
10783;201300007290;0;7;0;0.0;2.0;1.0;1.0;B02
10784;201300007291;0;30;0;6.0;0.0;1.0;0.0;A01
10785;201300007292;0;7;0;2.0;0.0;1.0;13.0;A01
10786;201300007293;0;7;0;0.0;2.0;1.0;13.0;B02
10787;201300007293;0;7;0;0.0;2.0;1.0;1.0;A01
10788;201300007294;0;7;0;0.0;0.0;0.0;1.0;A01
10789;201300007295;0;7;0;0.0;2.0;1.0;1.0;B02
10790;201300007295;0;7;0;0.0;2.0;7.0;13.0;A01
10791;201300007296;0;10;0;0.0;2.0;8.0;15.0;B02
10792;201300007296;0;33;0;0.0;2.0;3.0;1.0;A01
10793;201300007297;0;7;0;13.0;0.0;9.0;1.0;A01
10794;201300007298;0;30;0;0.0;2.0;1.0;1.0;B02
10795;201300007298;0;7;0;0.0;2.0;3.0;10.0;A01
10796;201300007299;0;7;0;16.0;0.0;9.0;1.0;A01
10797;201300007301;0;7;0;0.0;2.0;3.0;1.0;A01
10798;201300007301;0;7;0;0.0;2.0;3.0;1.0;B02
10799;201300007302;0;30;0;0.0;0.0;1.0;1.0;B02
10800;201300007302;0;31;0;0.0;0.0;3.0;19.0;A01
10801;201300007303;0;10;0;0.0;2.0;3.0;1.0;B02
10802;201300007303;0;10;0;0.0;2.0;3.0;1.0;A01
10803;201300007304;0;14;0;0.0;2.0;2.0;1.0;B02
10804;201300007304;0;7;0;0.0;2.0;8.0;9.0;A01
10805;201300007305;0;7;0;4.0;0.0;2.0;0.0;A01
10806;201300007308;0;7;0;0.0;2.0;1.0;13.0;A01
10807;201300007308;0;7;0;0.0;2.0;1.0;1.0;B02
10808;201300007309;0;33;0;13.0;0.0;7.0;1.0;A01
10809;201300007310;0;30;0;0.0;0.0;0.0;14.0;A01
10810;201300007311;0;7;0;0.0;2.0;7.0;1.0;A01
10811;201300007311;0;1;0;0.0;2.0;5.0;1.0;B02
10812;201300007312;0;7;0;0.0;2.0;1.0;9.0;A01
10813;201300007312;0;7;0;0.0;0.0;3.0;0.0;B02
10814;201300007313;0;7;0;0.0;2.0;1.0;1.0;A01
10815;201300007313;0;15;0;0.0;2.0;3.0;1.0;B02
10816;201300007315;0;7;0;0.0;2.0;8.0;1.0;B02
10817;201300007315;0;33;0;0.0;2.0;3.0;13.0;A01
10818;201300007316;0;7;0;0.0;2.0;1.0;1.0;B02
10819;201300007316;0;7;0;0.0;2.0;7.0;19.0;A01
10820;201300007317;0;7;0;0.0;2.0;1.0;1.0;C03
10821;201300007317;0;7;0;0.0;2.0;1.0;1.0;A01
10822;201300007317;0;7;0;0.0;2.0;1.0;1.0;B02
10823;201300007319;0;33;0;0.0;0.0;1.0;1.0;B02
10824;201300007319;0;7;0;0.0;0.0;3.0;17.0;A01
10825;201300007320;0;1;0;0.0;2.0;1.0;0.0;B02
10826;201300007320;0;1;0;0.0;0.0;4.0;0.0;A01
10827;201300007321;0;7;0;6.0;0.0;2.0;11.0;A01
10828;201300007322;0;10;0;0.0;2.0;2.0;1.0;B02
10829;201300007322;0;7;0;0.0;2.0;3.0;1.0;A01
10830;201300007323;0;7;0;0.0;2.0;3.0;1.0;B02
10831;201300007323;0;14;0;0.0;2.0;6.0;13.0;A01
10832;201300007324;0;1;0;0.0;2.0;2.0;2.0;B02
10833;201300007324;0;14;0;0.0;9.0;5.0;4.0;A01
10834;201300007325;0;32;0;0.0;2.0;7.0;17.0;B02
10835;201300007325;0;7;0;0.0;0.0;8.0;15.0;A01
10836;201300007326;0;33;0;3.0;0.0;1.0;1.0;A01
10837;201300007327;0;7;0;0.0;2.0;3.0;15.0;B02
10838;201300007327;0;31;0;0.0;2.0;2.0;17.0;A01
10839;201300007328;0;7;0;0.0;0.0;1.0;2.0;A01
10840;201300007329;0;7;0;0.0;1.0;7.0;14.0;A01
10841;201300007330;0;14;0;0.0;0.0;7.0;1.0;B02
10842;201300007330;0;31;0;0.0;2.0;1.0;9.0;A01
10843;201300007331;0;7;0;0.0;1.0;2.0;1.0;A01
10844;201300007332;0;7;0;0.0;2.0;1.0;0.0;B02
10845;201300007332;0;7;0;0.0;2.0;7.0;0.0;A01
10846;201300007333;0;33;0;0.0;2.0;2.0;17.0;A01
10847;201300007333;0;7;0;0.0;2.0;6.0;11.0;B01
10848;201300007334;0;7;0;12.0;1.0;8.0;9.0;A01
10849;201300007335;0;7;0;0.0;1.0;1.0;2.0;A01
10850;201300007336;0;7;0;0.0;2.0;1.0;2.0;A01
10851;201300007336;0;2;0;0.0;2.0;7.0;2.0;B01
10852;201300007338;0;7;0;0.0;2.0;2.0;15.0;A01
10853;201300007338;0;7;0;0.0;2.0;3.0;2.0;B01
10854;201300007339;0;7;0;13.0;0.0;1.0;1.0;A01
10855;201300007341;0;7;0;13.0;0.0;9.0;1.0;A01
10856;201300007342;0;7;0;0.0;0.0;9.0;21.0;A01
10857;201300007344;0;7;0;0.0;1.0;2.0;16.0;A01
10858;201300007345;0;7;0;0.0;2.0;1.0;1.0;B02
10859;201300007345;0;7;0;0.0;2.0;2.0;19.0;A01
10860;201300007346;0;7;0;0.0;0.0;2.0;1.0;A01
10861;201300007347;0;7;0;0.0;2.0;2.0;1.0;B02
10862;201300007347;0;7;0;0.0;2.0;1.0;13.0;A01
10863;201300007347;0;7;0;0.0;2.0;2.0;2.0;C03
10864;201300007348;0;7;0;0.0;2.0;3.0;13.0;A01
10865;201300007348;0;7;0;0.0;2.0;3.0;1.0;B02
10866;201300007349;0;7;0;0.0;2.0;3.0;1.0;A01
10867;201300007349;0;7;0;0.0;2.0;3.0;1.0;B02
10868;201300007350;0;2;0;0.0;2.0;1.0;1.0;B02
10869;201300007350;0;7;0;0.0;0.0;2.0;15.0;A01
10870;201300007351;0;7;0;0.0;2.0;7.0;0.0;B02
10871;201300007351;0;7;0;0.0;2.0;3.0;13.0;A01
10872;201300007353;0;7;0;0.0;2.0;3.0;1.0;A01
10873;201300007353;0;7;0;0.0;2.0;1.0;1.0;B02
10874;201300007355;0;2;0;0.0;2.0;0.0;21.0;A01
10875;201300007355;0;7;0;0.0;2.0;0.0;1.0;B02
10876;201300007356;0;7;0;0.0;2.0;3.0;13.0;A01
10877;201300007356;0;17;0;0.0;2.0;3.0;1.0;B02
10878;201300007357;0;7;0;0.0;2.0;3.0;13.0;A01
10879;201300007357;0;7;0;0.0;2.0;3.0;1.0;B02
10880;201300007358;0;14;0;0.0;2.0;3.0;1.0;B02
10881;201300007358;0;7;0;0.0;2.0;3.0;13.0;A01
10882;201300007359;0;14;0;0.0;2.0;3.0;1.0;C03
10883;201300007359;0;16;0;0.0;0.0;0.0;1.0;B02
10884;201300007359;0;7;0;0.0;2.0;1.0;9.0;A01
10885;201300007360;0;7;0;0.0;2.0;3.0;1.0;B02
10886;201300007360;0;7;0;0.0;2.0;3.0;13.0;A01
10887;201300007361;0;7;0;5.0;0.0;9.0;1.0;A01
10888;201300007362;0;1;0;0.0;2.0;8.0;11.0;B02
10889;201300007362;0;7;0;0.0;2.0;1.0;2.0;A01
10890;201300007363;0;2;0;0.0;0.0;7.0;1.0;A01
10891;201300007364;0;33;0;0.0;0.0;4.0;1.0;A01
10892;201300007365;0;7;0;0.0;2.0;3.0;5.0;A01
10893;201300007365;0;10;0;0.0;2.0;1.0;0.0;B02
10894;201300007366;0;33;0;0.0;2.0;7.0;17.0;A01
10895;201300007367;0;17;0;1.0;1.0;2.0;1.0;A01
10896;201300007368;0;10;0;0.0;2.0;7.0;17.0;B02
10897;201300007368;0;30;0;0.0;2.0;8.0;15.0;A01
10898;201300007369;0;7;0;3.0;2.0;3.0;1.0;B02
10899;201300007369;0;7;0;0.0;2.0;3.0;13.0;A01
10900;201300007371;0;7;0;0.0;2.0;1.0;1.0;F06
10901;201300007371;0;7;0;0.0;0.0;0.0;0.0;A01
10902;201300007371;0;7;0;0.0;2.0;1.0;1.0;D04
10903;201300007371;0;14;0;0.0;2.0;3.0;11.0;B02
10904;201300007371;0;7;0;0.0;2.0;5.0;1.0;E05
10905;201300007371;0;7;0;0.0;2.0;3.0;1.0;C03
10906;201300007371;0;7;0;0.0;2.0;1.0;0.0;G07
10907;201300007371;0;7;0;0.0;2.0;0.0;0.0;H08
10908;201300007373;0;1;0;0.0;0.0;4.0;1.0;B02
10909;201300007373;0;10;0;0.0;9.0;1.0;1.0;A01
10910;201300007374;0;7;0;0.0;2.0;3.0;9.0;A01
10911;201300007374;0;31;0;0.0;2.0;1.0;1.0;B02
10912;201300007375;0;7;0;0.0;9.0;2.0;2.0;A01
10913;201300007375;0;1;0;0.0;2.0;4.0;2.0;B02
10914;201300007376;0;7;0;0.0;4.0;6.0;6.0;A01
10915;201300007376;0;39;45;0.0;4.0;1.0;1.0;B02
10916;201300007377;0;7;0;1.0;1.0;3.0;17.0;A01
10917;201300007377;0;7;0;0.0;2.0;3.0;1.0;B02
10918;201300007377;0;7;0;0.0;2.0;2.0;1.0;C03
10919;201300007378;0;33;0;0.0;0.0;0.0;1.0;A01
10920;201300007378;0;1;0;0.0;0.0;0.0;1.0;B02
10921;201300007379;0;7;0;3.0;0.0;2.0;1.0;A01
10922;201300007380;0;7;0;0.0;2.0;8.0;1.0;B02
10923;201300007380;0;30;0;0.0;2.0;1.0;1.0;A01
10924;201300007381;0;7;0;0.0;2.0;1.0;1.0;B02
10925;201300007381;0;7;0;0.0;2.0;7.0;13.0;A01
10926;201300007382;0;10;0;2.0;0.0;8.0;2.0;A01
10927;201300007383;0;14;0;0.0;2.0;8.0;0.0;B02
10928;201300007383;0;7;0;0.0;2.0;3.0;1.0;A01
10929;201300007384;0;2;0;0.0;2.0;1.0;1.0;B02
10930;201300007384;0;7;0;0.0;2.0;2.0;15.0;A01
10931;201300007385;0;17;0;16.0;0.0;9.0;2.0;A01
10932;201300007386;0;30;0;0.0;2.0;1.0;2.0;A01
10933;201300007386;0;7;0;0.0;2.0;4.0;15.0;B02
10934;201300007387;0;10;0;0.0;0.0;1.0;14.0;A01
10935;201300007388;0;7;0;0.0;2.0;7.0;13.0;A01
10936;201300007388;0;7;0;0.0;2.0;1.0;1.0;B02
10937;201300007388;0;17;0;0.0;2.0;6.0;1.0;C03
10938;201300007391;0;15;0;0.0;1.0;2.0;1.0;A01
10939;201300007392;0;7;0;2.0;0.0;7.0;0.0;A01
10940;201300007393;0;7;0;0.0;0.0;0.0;1.0;A01
10941;201300007395;0;36;0;0.0;0.0;0.0;1.0;A01
10942;201300007396;1;7;0;;2.0;5.0;16.0;A01
10943;201300007396;0;1;0;0.0;2.0;1.0;1.0;B02
10944;201300007397;0;1;0;0.0;2.0;8.0;2.0;B02
10945;201300007397;0;7;0;0.0;9.0;7.0;16.0;A01
10946;201300007397;0;1;0;0.0;2.0;1.0;2.0;C03
10947;201300007398;0;33;0;12.0;0.0;1.0;1.0;A01
10948;201300007399;0;7;0;0.0;2.0;2.0;13.0;A01
10949;201300007399;0;7;0;0.0;2.0;2.0;1.0;B02
10950;201300007400;0;7;0;0.0;2.0;1.0;5.0;A01
10951;201300007400;0;7;0;0.0;2.0;1.0;1.0;B02
10952;201300007401;0;7;0;13.0;0.0;1.0;1.0;A01
10953;201300007402;0;7;0;;2.0;1.0;15.0;A01
10954;201300007402;0;15;0;;2.0;1.0;1.0;A02
10955;201300007403;0;7;0;0.0;2.0;1.0;1.0;B02
10956;201300007403;0;7;0;0.0;2.0;1.0;13.0;A01
10957;201300007404;0;30;0;0.0;1.0;1.0;1.0;A01
10958;201300007405;0;10;0;6.0;1.0;7.0;1.0;A01
10959;201300007407;0;7;0;0.0;2.0;3.0;13.0;A01
10960;201300007407;0;14;0;0.0;2.0;3.0;1.0;B02
10961;201300007409;0;7;0;2.0;0.0;1.0;1.0;A01
10962;201300007410;0;7;0;0.0;1.0;2.0;15.0;A01
10963;201300007411;0;33;0;0.0;2.0;1.0;13.0;A01
10964;201300007411;0;3;0;0.0;0.0;8.0;15.0;B02
10965;201300007412;0;7;0;0.0;2.0;1.0;2.0;A01
10966;201300007412;0;7;0;0.0;2.0;4.0;2.0;B02
10967;201300007412;0;7;0;0.0;2.0;4.0;2.0;C03
10968;201300007412;0;7;0;0.0;2.0;4.0;2.0;D04
10969;201300007413;0;7;0;0.0;0.0;1.0;0.0;A01
10970;201300007414;0;7;0;2.0;0.0;1.0;1.0;A01
10971;201300007415;0;31;0;0.0;2.0;0.0;2.0;A01
10972;201300007416;0;33;0;0.0;2.0;7.0;1.0;A01
10973;201300007416;0;7;0;0.0;2.0;8.0;9.0;B02
10974;201300007417;0;7;0;13.0;0.0;2.0;1.0;A01
10975;201300007418;0;14;0;0.0;9.0;2.0;1.0;A01
10976;201300007418;0;1;0;0.0;2.0;1.0;1.0;B02
10977;201300007419;0;7;0;0.0;2.0;2.0;15.0;A01
10978;201300007419;0;33;0;0.0;2.0;1.0;1.0;B02
10979;201300007420;0;7;0;6.0;0.0;1.0;1.0;A01
10980;201300007421;0;1;0;0.0;0.0;0.0;16.0;A01
10981;201300007422;0;33;0;0.0;2.0;6.0;1.0;A01
10982;201300007422;0;7;0;0.0;2.0;6.0;15.0;B02
10983;201300007423;0;7;0;0.0;1.0;1.0;1.0;A01
10984;201300007424;0;14;0;0.0;2.0;8.0;1.0;B02
10985;201300007424;0;7;0;0.0;2.0;3.0;1.0;A01
10986;201300007425;0;10;0;0.0;2.0;3.0;19.0;A01
10987;201300007425;0;2;0;0.0;2.0;1.0;1.0;B02
10988;201300007426;0;7;0;0.0;0.0;8.0;15.0;A01
10989;201300007426;0;14;0;0.0;2.0;2.0;1.0;B02
10990;201300007427;0;33;0;0.0;0.0;3.0;1.0;A01
10991;201300007428;0;7;0;0.0;2.0;1.0;13.0;A01
10992;201300007428;0;7;0;0.0;2.0;1.0;1.0;B02
10993;201300007430;0;7;0;0.0;0.0;0.0;1.0;A01
10994;201300007430;0;1;0;0.0;2.0;1.0;13.0;B02
10995;201300007430;0;10;0;0.0;2.0;3.0;1.0;C03
10996;201300007431;0;33;0;16.0;0.0;1.0;1.0;A01
10997;201300007432;0;7;0;0.0;0.0;7.0;15.0;A01
10998;201300007432;0;33;0;0.0;2.0;1.0;1.0;B02
10999;201300007433;0;33;0;6.0;0.0;7.0;1.0;A01
11000;201300007434;0;7;0;2.0;0.0;1.0;1.0;A01
11001;201300007435;0;10;0;0.0;0.0;7.0;0.0;B02
11002;201300007435;0;7;0;0.0;2.0;1.0;2.0;C03
11003;201300007435;0;7;0;4.0;2.0;2.0;2.0;A01
11004;201300007436;0;10;0;0.0;2.0;1.0;1.0;D04
11005;201300007436;0;7;0;0.0;2.0;1.0;1.0;B02
11006;201300007436;0;7;0;0.0;2.0;1.0;5.0;A01
11007;201300007436;0;7;0;0.0;2.0;1.0;1.0;C03
11008;201300007437;0;15;0;0.0;2.0;1.0;1.0;B02
11009;201300007437;0;15;0;0.0;0.0;4.0;1.0;A01
11010;201300007438;0;7;0;13.0;0.0;9.0;1.0;A01
11011;201300007439;0;33;0;0.0;2.0;1.0;21.0;A01
11012;201300007440;0;10;0;13.0;0.0;1.0;1.0;A01
11013;201300007441;0;7;0;0.0;2.0;4.0;2.0;A01
11014;201300007441;0;7;0;0.0;2.0;4.0;2.0;B02
11015;201300007441;0;7;0;0.0;2.0;1.0;2.0;C03
11016;201300007441;0;7;0;0.0;2.0;1.0;2.0;D04
11017;201300007442;0;7;0;4.0;0.0;3.0;13.0;A01
11018;201300007443;0;37;0;0.0;2.0;8.0;1.0;B02
11019;201300007443;0;7;0;4.0;2.0;3.0;11.0;A01
11020;201300007444;0;7;0;0.0;2.0;8.0;13.0;A01
11021;201300007444;0;7;0;0.0;2.0;9.0;1.0;B02
11022;201300007445;0;7;0;0.0;2.0;2.0;2.0;A01
11023;201300007445;0;17;0;0.0;2.0;6.0;1.0;B02
11024;201300007446;0;7;0;0.0;2.0;9.0;14.0;A01
11025;201300007446;0;17;0;0.0;2.0;5.0;1.0;B02
11026;201300007447;0;7;0;0.0;2.0;6.0;17.0;A01
11027;201300007447;0;33;0;0.0;2.0;7.0;21.0;B02
11028;201300007448;0;17;0;0.0;2.0;4.0;23.0;B02
11029;201300007448;0;7;0;4.0;0.0;4.0;23.0;A01
11030;201300007448;0;17;0;14.0;0.0;1.0;1.0;C03
11031;201300007449;0;7;0;0.0;6.0;1.0;21.0;A01
11032;201300007449;0;7;0;0.0;6.0;1.0;1.0;B02
11033;201300007450;0;7;0;0.0;0.0;4.0;2.0;B02
11034;201300007450;0;7;0;14.0;0.0;1.0;1.0;D04
11035;201300007450;0;15;0;0.0;0.0;4.0;0.0;F06
11036;201300007450;0;7;0;14.0;0.0;1.0;1.0;C03
11037;201300007450;0;7;0;14.0;0.0;1.0;21.0;E05
11038;201300007450;0;15;0;14.0;0.0;1.0;2.0;A01
11039;201300007451;0;7;0;13.0;0.0;1.0;14.0;A01
11040;201300007452;0;7;0;0.0;2.0;1.0;0.0;A01
11041;201300007452;0;7;0;0.0;0.0;4.0;0.0;B02
11042;201300007453;0;10;0;0.0;0.0;6.0;1.0;A01
11043;201300007453;0;10;0;0.0;2.0;1.0;1.0;B02
11044;201300007453;0;10;0;14.0;0.0;1.0;1.0;C03
11045;201300007453;0;10;0;14.0;0.0;1.0;0.0;D04
11046;201300007454;0;17;0;0.0;0.0;1.0;2.0;A01
11047;201300007454;0;17;0;0.0;0.0;4.0;2.0;B02
11048;201300007455;0;7;0;0.0;2.0;1.0;14.0;A01
11049;201300007455;0;17;0;0.0;2.0;6.0;1.0;B02
11050;201300007456;0;7;0;4.0;0.0;3.0;1.0;A01
11051;201300007457;0;7;0;0.0;0.0;2.0;1.0;A01
11052;201300007458;0;7;0;0.0;0.0;4.0;1.0;A01
11053;201300007458;0;7;0;0.0;2.0;1.0;14.0;B02
11054;201300007459;0;7;0;0.0;1.0;3.0;1.0;A01
11055;201300007460;0;7;0;0.0;1.0;3.0;1.0;A01
11056;201300007461;0;7;0;0.0;2.0;3.0;17.0;A01
11057;201300007461;0;7;0;0.0;2.0;3.0;21.0;B02
11058;201300007461;0;17;0;0.0;2.0;3.0;21.0;C03
11059;201300007463;0;7;0;0.0;0.0;1.0;13.0;A01
11060;201300007463;0;10;0;0.0;0.0;6.0;1.0;B02
11061;201300007463;0;7;0;0.0;2.0;3.0;1.0;C03
11062;201300007465;0;30;0;0.0;2.0;8.0;0.0;B02
11063;201300007465;0;7;0;0.0;2.0;1.0;19.0;A01
11064;201300007467;0;7;0;2.0;0.0;7.0;13.0;A01
11065;201300007468;0;10;0;0.0;0.0;7.0;0.0;B02
11066;201300007468;0;7;0;0.0;2.0;1.0;19.0;A01
11067;201300007469;0;33;0;0.0;2.0;1.0;2.0;A01
11068;201300007469;0;7;0;0.0;0.0;4.0;23.0;B02
11069;201300007470;0;10;0;0.0;2.0;5.0;15.0;A01
11070;201300007470;0;2;0;0.0;2.0;1.0;0.0;B02
11071;201300007471;0;7;0;0.0;2.0;6.0;10.0;A01
11072;201300007471;0;33;0;0.0;2.0;1.0;1.0;B02
11073;201300007472;0;7;0;0.0;2.0;3.0;13.0;A01
11074;201300007472;0;7;0;0.0;2.0;3.0;1.0;B02
11075;201300007473;0;7;0;13.0;0.0;3.0;0.0;A01
11076;201300007474;2;7;0;9.0;1.0;2.0;0.0;A01
11077;201300007475;0;7;0;0.0;2.0;2.0;17.0;A01
11078;201300007475;0;1;0;0.0;2.0;3.0;1.0;B02
11079;201300007476;0;38;1;0.0;1.0;6.0;1.0;A01
11080;201300007477;0;31;0;14.0;0.0;8.0;0.0;A01
11081;201300007478;0;7;0;0.0;2.0;2.0;2.0;A01
11082;201300007478;0;7;0;0.0;0.0;8.0;15.0;B02
11083;201300007479;0;7;0;0.0;1.0;2.0;15.0;A01
11084;201300007480;0;1;0;0.0;2.0;1.0;1.0;B02
11085;201300007480;0;7;0;0.0;2.0;7.0;19.0;A01
11086;201300007483;0;7;0;0.0;2.0;1.0;2.0;A01
11087;201300007483;0;10;0;0.0;0.0;4.0;2.0;B02
11088;201300007484;0;7;0;4.0;0.0;1.0;1.0;A01
11089;201300007485;0;7;0;0.0;2.0;1.0;1.0;A01
11090;201300007485;0;10;0;0.0;2.0;3.0;1.0;B02
11091;201300007486;0;7;0;0.0;1.0;3.0;1.0;A01
11092;201300007487;0;10;0;0.0;2.0;3.0;9.0;A01
11093;201300007487;0;2;0;0.0;2.0;1.0;1.0;B02
11094;201300007488;0;7;0;13.0;0.0;1.0;14.0;A01
11095;201300007489;0;7;0;0.0;0.0;1.0;1.0;A01
11096;201300007490;0;7;0;0.0;2.0;2.0;10.0;A01
11097;201300007490;0;7;0;0.0;2.0;3.0;1.0;B02
11098;201300007491;0;10;0;0.0;1.0;2.0;1.0;A01
11099;201300007492;0;7;0;0.0;2.0;1.0;5.0;A01
11100;201300007492;0;7;0;0.0;2.0;1.0;1.0;B02
11101;201300007492;0;7;0;0.0;2.0;1.0;1.0;C03
11102;201300007493;0;7;0;0.0;1.0;2.0;0.0;A01
11103;201300007494;0;15;0;0.0;0.0;7.0;17.0;A01
11104;201300007494;0;2;0;0.0;0.0;6.0;0.0;B02
11105;201300007495;0;33;0;0.0;2.0;1.0;13.0;A01
11106;201300007495;0;1;0;0.0;2.0;1.0;1.0;B02
11107;201300007496;0;13;0;0.0;1.0;0.0;20.0;B02
11108;201300007497;0;7;0;13.0;0.0;8.0;1.0;A01
11109;201300007498;0;7;0;0.0;2.0;3.0;1.0;C03
11110;201300007498;0;7;0;0.0;2.0;6.0;1.0;B02
11111;201300007498;0;7;0;0.0;2.0;2.0;1.0;D04
11112;201300007498;0;7;0;0.0;2.0;3.0;13.0;A01
11113;201300007499;0;7;0;0.0;0.0;9.0;1.0;A01
11114;201300007500;0;10;0;0.0;2.0;1.0;1.0;B02
11115;201300007500;0;10;0;0.0;2.0;3.0;1.0;A01
11116;201300007501;0;7;0;0.0;2.0;1.0;17.0;A01
11117;201300007501;0;33;0;0.0;2.0;4.0;15.0;B02
11118;201300007502;0;7;0;2.0;0.0;7.0;0.0;A01
11119;201300007503;0;7;0;0.0;2.0;1.0;2.0;A01
11120;201300007503;0;1;0;0.0;0.0;3.0;15.0;B02
11121;201300007504;0;7;0;0.0;2.0;1.0;1.0;B02
11122;201300007504;0;7;0;0.0;2.0;7.0;19.0;A01
11123;201300007507;0;33;0;2.0;0.0;0.0;1.0;A01
11124;201300007508;0;7;0;0.0;2.0;3.0;2.0;A01
11125;201300007508;0;33;0;0.0;2.0;5.0;1.0;B02
11126;201300007509;0;7;0;0.0;2.0;1.0;2.0;B02
11127;201300007509;0;1;0;0.0;0.0;4.0;2.0;A01
11128;201300007510;0;7;0;0.0;2.0;3.0;1.0;B02
11129;201300007510;0;7;0;0.0;2.0;3.0;13.0;A01
11130;201300007511;0;7;0;0.0;2.0;0.0;1.0;A01
11131;201300007511;0;33;0;0.0;2.0;1.0;6.0;B02
11132;201300007512;0;7;0;0.0;1.0;1.0;1.0;A01
11133;201300007513;1;30;0;0.0;1.0;1.0;1.0;A01
11134;201300007514;0;30;0;0.0;2.0;4.0;2.0;B02
11135;201300007514;0;7;0;0.0;2.0;2.0;2.0;A01
11136;201300007515;0;7;0;2.0;0.0;1.0;1.0;A01
11137;201300007516;0;10;0;0.0;1.0;1.0;2.0;A01
11138;201300007517;0;7;0;0.0;2.0;5.0;15.0;A01
11139;201300007517;0;7;0;0.0;2.0;2.0;1.0;B02
11140;201300007518;0;14;0;0.0;0.0;4.0;16.0;B02
11141;201300007518;0;2;0;0.0;2.0;1.0;1.0;A01
11142;201300007520;0;30;0;0.0;0.0;0.0;1.0;A01
11143;201300007521;0;33;0;0.0;6.0;1.0;1.0;A01
11144;201300007522;0;31;0;0.0;2.0;1.0;1.0;A01
11145;201300007522;0;7;0;0.0;0.0;6.0;15.0;B02
11146;201300007523;0;7;0;0.0;0.0;2.0;21.0;A01
11147;201300007523;0;7;0;0.0;0.0;2.0;11.0;B02
11148;201300007524;0;33;0;1.0;0.0;1.0;15.0;A01
11149;201300007525;0;33;0;14.0;0.0;2.0;1.0;A01
11150;201300007526;0;10;0;0.0;2.0;1.0;0.0;B02
11151;201300007526;0;10;0;0.0;0.0;8.0;15.0;A01
11152;201300007528;0;30;0;0.0;2.0;3.0;2.0;B02
11153;201300007528;0;7;0;0.0;2.0;7.0;17.0;A01
11154;201300007529;0;7;0;6.0;0.0;3.0;16.0;A01
11155;201300007530;0;7;0;3.0;2.0;1.0;13.0;A01
11156;201300007530;0;10;0;0.0;2.0;1.0;1.0;B02
11157;201300007531;0;7;0;0.0;2.0;7.0;1.0;A01
11158;201300007531;0;7;0;0.0;2.0;1.0;1.0;B02
11159;201300007532;0;10;0;0.0;2.0;3.0;15.0;B02
11160;201300007532;0;33;0;0.0;2.0;1.0;17.0;A01
11161;201300007533;0;7;0;0.0;2.0;2.0;1.0;B02