;Num_Acc;senc;catv;occutc;obs;obsm;choc;manv;num_veh
12420;201300008387;0;33;0;0.0;9.0;0.0;21.0;A01
12421;201300008388;0;7;0;0.0;2.0;2.0;19.0;A01
12422;201300008388;0;33;0;0.0;2.0;1.0;1.0;B02
12423;201300008389;0;7;0;0.0;2.0;3.0;1.0;A01
12424;201300008389;0;7;0;0.0;2.0;3.0;1.0;B02
12425;201300008390;0;7;0;0.0;2.0;3.0;1.0;C03
12426;201300008390;0;10;0;0.0;0.0;0.0;0.0;A01
12427;201300008391;0;7;0;13.0;0.0;9.0;17.0;A01
12428;201300008392;0;2;0;0.0;2.0;1.0;1.0;A01
12429;201300008392;0;21;0;0.0;2.0;6.0;15.0;B02
12430;201300008393;0;7;0;0.0;2.0;5.0;20.0;A01
12431;201300008393;0;33;0;0.0;2.0;1.0;1.0;B02
12432;201300008394;0;33;0;0.0;2.0;2.0;17.0;B02
12433;201300008394;0;7;0;0.0;0.0;8.0;15.0;A01
12434;201300008395;0;7;0;0.0;2.0;3.0;1.0;B02
12435;201300008395;0;7;0;0.0;2.0;3.0;1.0;A01
12436;201300008396;0;7;0;0.0;2.0;1.0;13.0;A01
12437;201300008396;0;7;0;0.0;2.0;1.0;1.0;B02
12438;201300008397;0;7;0;13.0;0.0;2.0;1.0;A01
12439;201300008398;0;21;0;0.0;0.0;4.0;1.0;A01
12440;201300008398;0;31;0;0.0;2.0;1.0;2.0;B02
12441;201300008399;0;7;0;0.0;1.0;2.0;1.0;A01
12442;201300008400;0;10;0;2.0;0.0;1.0;1.0;A01
12443;201300008401;0;33;0;0.0;2.0;3.0;0.0;B02
12444;201300008401;0;7;0;0.0;2.0;3.0;17.0;A01
12445;201300008402;0;2;0;0.0;6.0;1.0;1.0;A01
12446;201300008403;0;7;0;13.0;0.0;1.0;1.0;A01
12447;201300008404;0;7;0;6.0;0.0;2.0;1.0;A01
12448;201300008405;0;31;0;0.0;2.0;0.0;1.0;A01
12449;201300008408;0;7;0;2.0;0.0;3.0;1.0;A01
12450;201300008409;0;33;0;0.0;2.0;7.0;17.0;A01
12451;201300008409;0;7;0;0.0;2.0;1.0;19.0;B02
12452;201300008410;0;7;0;0.0;1.0;1.0;1.0;A01
12453;201300008411;0;31;0;0.0;2.0;2.0;1.0;B02
12454;201300008411;0;10;0;0.0;2.0;3.0;19.0;A01
12455;201300008413;0;7;0;0.0;2.0;3.0;15.0;A01
12456;201300008413;0;33;0;0.0;2.0;7.0;1.0;B02
12457;201300008414;0;33;0;3.0;0.0;1.0;13.0;A01
12458;201300008415;0;7;0;13.0;0.0;2.0;14.0;A01
12459;201300008416;0;7;0;0.0;1.0;2.0;1.0;A01
12460;201300008417;0;1;0;0.0;0.0;0.0;15.0;A01
12461;201300008420;0;7;0;0.0;1.0;7.0;1.0;A01
12462;201300008421;0;10;0;0.0;1.0;3.0;1.0;A01
12463;201300008423;0;31;0;3.0;0.0;1.0;1.0;A01
12464;201300008424;0;7;0;10.0;0.0;1.0;13.0;A01
12465;201300008425;0;7;0;0.0;1.0;2.0;1.0;A01
12466;201300008426;0;7;0;0.0;2.0;1.0;5.0;A01
12467;201300008426;0;7;0;0.0;2.0;1.0;1.0;B02
12468;201300008427;0;10;0;6.0;0.0;1.0;19.0;A01
12469;201300008428;0;33;0;13.0;0.0;1.0;1.0;A01
12470;201300008429;0;7;0;0.0;1.0;1.0;0.0;A01
12471;201300008430;0;7;0;0.0;9.0;2.0;21.0;A01
12472;201300008430;0;1;0;0.0;2.0;6.0;13.0;B02
12473;201300008431;0;7;0;0.0;2.0;1.0;0.0;F06
12474;201300008431;0;7;0;0.0;2.0;9.0;15.0;B02
12475;201300008431;0;37;0;0.0;2.0;3.0;1.0;A01
12476;201300008431;0;7;0;0.0;2.0;1.0;1.0;C03
12477;201300008431;0;7;0;0.0;2.0;4.0;0.0;E05
12478;201300008431;0;7;0;0.0;2.0;9.0;0.0;D04
12479;201300008432;0;7;0;0.0;2.0;4.0;23.0;C03
12480;201300008432;0;7;0;0.0;2.0;4.0;23.0;E05
12481;201300008432;0;17;0;0.0;2.0;1.0;1.0;A01
12482;201300008432;0;7;0;0.0;2.0;4.0;23.0;D04
12483;201300008432;0;7;0;0.0;2.0;4.0;23.0;B02
12484;201300008433;0;7;0;0.0;2.0;3.0;13.0;A01
12485;201300008433;0;7;0;0.0;2.0;1.0;1.0;B02
12486;201300008434;0;1;0;0.0;2.0;0.0;1.0;A01
12487;201300008434;0;7;0;0.0;9.0;8.0;1.0;B02
12488;201300008435;0;7;0;13.0;0.0;2.0;1.0;A01
12489;201300008436;0;1;0;0.0;0.0;3.0;0.0;B02
12490;201300008436;0;33;0;0.0;0.0;1.0;1.0;A01
12491;201300008437;0;7;0;2.0;0.0;1.0;14.0;A01
12492;201300008438;0;7;0;2.0;0.0;6.0;14.0;A01
12493;201300008439;0;30;0;1.0;2.0;7.0;1.0;A01
12494;201300008439;0;7;0;0.0;2.0;1.0;15.0;B02
12495;201300008440;0;7;0;0.0;2.0;1.0;1.0;A01
12496;201300008440;0;31;0;0.0;2.0;7.0;1.0;B02
12497;201300008441;0;7;0;0.0;2.0;3.0;1.0;B02
12498;201300008441;0;7;0;2.0;2.0;3.0;17.0;A01
12499;201300008442;0;7;0;2.0;0.0;3.0;13.0;A01
12500;201300008443;0;32;0;0.0;2.0;1.0;1.0;A01
12501;201300008443;0;7;0;0.0;0.0;4.0;1.0;B02
12502;201300008444;0;7;0;0.0;0.0;3.0;1.0;B02
12503;201300008444;0;7;0;0.0;0.0;3.0;13.0;A01
12504;201300008445;0;7;0;0.0;2.0;1.0;1.0;A01
12505;201300008445;0;7;0;0.0;2.0;3.0;23.0;B02
12506;201300008445;0;7;0;0.0;0.0;6.0;23.0;G07
12507;201300008445;0;7;0;0.0;2.0;4.0;1.0;F06
12508;201300008445;0;7;0;0.0;2.0;0.0;23.0;D04
12509;201300008445;0;7;0;0.0;2.0;3.0;2.0;C03
12510;201300008445;0;7;0;0.0;2.0;6.0;2.0;E05
12511;201300008446;0;7;0;0.0;0.0;1.0;17.0;A01
12512;201300008446;0;1;0;0.0;0.0;6.0;17.0;B02
12513;201300008447;0;10;0;0.0;1.0;3.0;1.0;A01
12514;201300008448;0;14;0;0.0;2.0;1.0;1.0;A01
12515;201300008448;0;7;0;0.0;2.0;2.0;15.0;B02
12516;201300008450;0;33;0;0.0;0.0;8.0;1.0;B02
12517;201300008450;0;33;0;0.0;0.0;7.0;1.0;A01
12518;201300008451;0;7;0;8.0;0.0;3.0;1.0;A01
12519;201300008452;0;7;0;0.0;2.0;1.0;5.0;B02
12520;201300008452;0;7;0;0.0;2.0;1.0;1.0;A01
12521;201300008453;0;7;0;16.0;0.0;1.0;1.0;A01
12522;201300008454;0;7;0;0.0;2.0;3.0;17.0;A01
12523;201300008454;0;30;0;0.0;0.0;4.0;15.0;B02
12524;201300008455;0;7;0;0.0;2.0;3.0;15.0;B02
12525;201300008455;0;10;0;0.0;2.0;1.0;1.0;A01
12526;201300008456;0;7;0;0.0;9.0;4.0;2.0;B02
12527;201300008456;0;30;0;0.0;2.0;1.0;2.0;A01
12528;201300008457;0;7;0;0.0;0.0;3.0;19.0;A01
12529;201300008457;0;30;0;0.0;2.0;1.0;1.0;B02
12530;201300008458;0;7;0;2.0;0.0;1.0;1.0;A01
12531;201300008459;0;10;0;13.0;0.0;8.0;1.0;A01
12532;201300008460;0;7;0;0.0;2.0;3.0;2.0;C03
12533;201300008460;0;7;0;0.0;2.0;3.0;13.0;A01
12534;201300008460;0;7;0;0.0;2.0;8.0;2.0;B02
12535;201300008461;0;31;0;0.0;2.0;1.0;1.0;A01
12536;201300008461;0;7;0;0.0;2.0;2.0;1.0;B02
12537;201300008462;0;7;0;0.0;0.0;7.0;15.0;A01
12538;201300008462;0;33;0;0.0;0.0;7.0;1.0;B02
12539;201300008463;0;7;0;0.0;1.0;2.0;1.0;A01
12540;201300008464;1;7;0;0.0;1.0;4.0;4.0;A01
12541;201300008465;0;17;0;0.0;2.0;3.0;1.0;B02
12542;201300008465;0;7;0;0.0;2.0;1.0;1.0;C03
12543;201300008465;0;7;0;0.0;2.0;3.0;13.0;A01
12544;201300008466;0;7;0;0.0;2.0;2.0;1.0;C03
12545;201300008466;0;7;0;0.0;2.0;3.0;13.0;A01
12546;201300008466;0;99;0;0.0;2.0;3.0;1.0;B02
12547;201300008467;0;14;0;2.0;0.0;0.0;19.0;A01
12548;201300008471;0;2;0;0.0;0.0;0.0;1.0;A01
12549;201300008472;0;7;0;0.0;2.0;6.0;16.0;A01
12550;201300008472;0;33;0;0.0;2.0;1.0;17.0;B02
12551;201300008473;0;7;0;0.0;2.0;3.0;9.0;A01
12552;201300008473;0;2;0;0.0;2.0;1.0;1.0;B02
12553;201300008474;0;7;0;16.0;0.0;3.0;1.0;A01
12554;201300008475;0;30;0;0.0;2.0;3.0;1.0;B02
12555;201300008475;0;10;0;0.0;2.0;5.0;4.0;A01
12556;201300008477;0;7;0;0.0;0.0;2.0;2.0;A01
12557;201300008477;0;1;0;0.0;0.0;4.0;13.0;B02
12558;201300008478;0;1;0;1.0;0.0;0.0;21.0;A01
12559;201300008479;0;33;0;0.0;2.0;8.0;1.0;A01
12560;201300008480;0;7;0;3.0;0.0;3.0;1.0;A01
12561;201300008481;0;7;0;0.0;2.0;8.0;10.0;A01
12562;201300008481;0;31;0;0.0;2.0;1.0;1.0;B02
12563;201300008482;0;7;0;0.0;0.0;0.0;1.0;A01
12564;201300008483;0;7;0;0.0;6.0;1.0;0.0;A01
12565;201300008484;0;14;0;0.0;0.0;4.0;24.0;A01
12566;201300008484;0;1;0;1.0;0.0;1.0;1.0;B02
12567;201300008485;0;33;0;0.0;2.0;9.0;17.0;A01
12568;201300008485;0;7;0;0.0;2.0;8.0;1.0;B02
12569;201300008487;0;7;0;13.0;0.0;3.0;0.0;A01
12570;201300008489;0;7;0;0.0;2.0;3.0;15.0;A01
12571;201300008489;0;33;0;0.0;2.0;8.0;1.0;B02
12572;201300008490;0;7;0;16.0;0.0;1.0;21.0;A01
12573;201300008491;0;2;0;0.0;2.0;1.0;19.0;A01
12574;201300008491;0;7;0;0.0;2.0;3.0;1.0;B02
12575;201300008492;0;7;0;6.0;0.0;1.0;13.0;A01
12576;201300008493;0;33;0;12.0;0.0;9.0;0.0;A01
12577;201300008494;0;7;0;0.0;1.0;3.0;1.0;A01
12578;201300008495;0;33;0;0.0;2.0;1.0;1.0;B02
12579;201300008495;0;7;0;0.0;2.0;2.0;1.0;A01
12580;201300008496;0;7;0;0.0;2.0;3.0;1.0;C03
12581;201300008496;0;7;0;0.0;2.0;6.0;1.0;B02
12582;201300008496;0;7;0;0.0;2.0;3.0;13.0;A01
12583;201300008497;0;30;0;0.0;2.0;1.0;1.0;A01
12584;201300008497;0;7;0;0.0;2.0;7.0;15.0;B02
12585;201300008498;0;7;0;0.0;2.0;1.0;1.0;B02
12586;201300008498;0;33;0;0.0;2.0;1.0;13.0;A01
12587;201300008499;0;7;0;2.0;0.0;7.0;1.0;A01
12588;201300008501;0;7;0;13.0;0.0;3.0;1.0;A01
12589;201300008502;0;7;0;0.0;2.0;1.0;1.0;B02
12590;201300008502;0;7;0;0.0;2.0;2.0;15.0;A01
12591;201300008503;0;2;0;0.0;0.0;1.0;1.0;A01
12592;201300008504;0;1;0;0.0;2.0;1.0;19.0;B02
12593;201300008504;0;7;0;0.0;2.0;2.0;1.0;A01
12594;201300008505;0;7;0;12.0;5.0;1.0;19.0;A01
12595;201300008506;0;7;0;0.0;1.0;4.0;4.0;A01
12596;201300008507;0;7;0;5.0;0.0;0.0;1.0;A01
12597;201300008508;0;31;0;0.0;0.0;8.0;1.0;A01
12598;201300008510;0;7;0;13.0;0.0;1.0;21.0;A01
12599;201300008511;0;33;0;0.0;0.0;3.0;0.0;B02
12600;201300008511;0;7;0;0.0;0.0;3.0;1.0;A01
12601;201300008512;0;36;0;0.0;2.0;1.0;1.0;A01
12602;201300008512;2;7;0;0.0;2.0;2.0;1.0;B02
12603;201300008513;0;7;0;0.0;2.0;3.0;1.0;A01
12604;201300008513;0;2;0;0.0;2.0;3.0;15.0;B02
12605;201300008514;0;31;0;0.0;1.0;4.0;0.0;A01
12606;201300008516;1;7;0;0.0;1.0;2.0;1.0;A01
12607;201300008517;0;1;0;0.0;2.0;1.0;5.0;B02
12608;201300008517;0;7;0;0.0;2.0;2.0;1.0;A01
12609;201300008518;0;7;0;13.0;0.0;2.0;1.0;A01
12610;201300008519;0;7;0;0.0;2.0;3.0;1.0;B02
12611;201300008519;0;7;0;0.0;2.0;1.0;13.0;A01
12612;201300008520;0;7;0;13.0;0.0;2.0;14.0;A01
12613;201300008521;0;30;0;0.0;0.0;1.0;1.0;A01
12614;201300008522;0;7;0;0.0;2.0;1.0;1.0;A01
12615;201300008522;0;7;0;0.0;2.0;7.0;1.0;B02
12616;201300008524;0;33;0;0.0;2.0;1.0;1.0;B02
12617;201300008524;0;7;0;0.0;0.0;4.0;1.0;A01
12618;201300008525;0;7;0;13.0;0.0;2.0;1.0;A01
12619;201300008526;0;7;0;0.0;0.0;1.0;1.0;A01
12620;201300008527;0;14;0;0.0;2.0;2.0;1.0;B02
12621;201300008527;0;7;0;0.0;2.0;1.0;5.0;A01
12622;201300008528;0;7;0;2.0;0.0;3.0;1.0;A01
12623;201300008529;0;7;0;0.0;2.0;2.0;1.0;A01
12624;201300008529;0;10;0;0.0;2.0;8.0;1.0;C03
12625;201300008529;0;7;0;0.0;2.0;1.0;1.0;B02
12626;201300008530;0;33;0;0.0;2.0;1.0;2.0;B02
12627;201300008530;0;7;0;0.0;0.0;6.0;2.0;A01
12628;201300008531;0;7;0;0.0;2.0;1.0;15.0;A01
12629;201300008531;0;33;0;0.0;2.0;1.0;15.0;B02
12630;201300008532;0;33;0;0.0;0.0;4.0;1.0;B02
12631;201300008532;0;7;0;0.0;2.0;1.0;9.0;A01
12632;201300008533;0;7;0;13.0;0.0;9.0;14.0;A01
12633;201300008535;0;7;0;0.0;2.0;3.0;1.0;B02
12634;201300008535;0;7;0;0.0;2.0;3.0;13.0;A01
12635;201300008536;0;7;0;0.0;2.0;1.0;1.0;B02
12636;201300008536;0;7;0;0.0;2.0;1.0;13.0;A01
12637;201300008537;0;7;0;0.0;1.0;1.0;1.0;A01
12638;201300008538;0;7;0;6.0;0.0;1.0;1.0;A01
12639;201300008539;0;10;0;0.0;0.0;5.0;1.0;A01
12640;201300008540;0;7;0;0.0;1.0;2.0;16.0;A01
12641;201300008541;0;7;0;2.0;0.0;1.0;1.0;A01
12642;201300008542;0;7;0;2.0;0.0;3.0;1.0;A01
12643;201300008543;0;7;0;0.0;1.0;3.0;1.0;A01
12644;201300008544;0;7;0;0.0;2.0;3.0;13.0;A01
12645;201300008544;0;7;0;0.0;2.0;3.0;1.0;C03
12646;201300008544;0;7;0;0.0;2.0;3.0;1.0;B02
12647;201300008545;0;7;0;0.0;2.0;4.0;7.0;A01
12648;201300008545;0;7;0;0.0;2.0;3.0;1.0;B02
12649;201300008546;0;33;0;0.0;2.0;3.0;13.0;B02
12650;201300008546;0;33;0;0.0;2.0;3.0;1.0;A01
12651;201300008547;0;30;0;0.0;2.0;1.0;13.0;A01
12652;201300008547;0;7;0;0.0;2.0;2.0;1.0;B02
12653;201300008548;0;7;0;0.0;0.0;3.0;1.0;A01
12654;201300008548;0;1;0;0.0;0.0;3.0;1.0;B02
12655;201300008549;0;1;0;0.0;0.0;1.0;1.0;A01
12656;201300008551;0;7;0;0.0;2.0;3.0;1.0;B02
12657;201300008551;0;7;0;0.0;0.0;6.0;0.0;C03
12658;201300008551;0;30;0;14.0;2.0;3.0;13.0;A01
12659;201300008552;0;7;0;6.0;0.0;1.0;1.0;A01
12660;201300008553;0;7;0;0.0;2.0;1.0;1.0;B02
12661;201300008553;2;7;0;0.0;2.0;1.0;13.0;A01
12662;201300008555;0;7;0;0.0;2.0;3.0;13.0;A01
12663;201300008555;0;7;0;0.0;2.0;3.0;1.0;B02
12664;201300008556;0;7;0;12.0;0.0;1.0;13.0;A01
12665;201300008557;0;7;0;2.0;0.0;1.0;1.0;A01
12666;201300008558;0;7;0;0.0;2.0;3.0;10.0;A01
12667;201300008558;0;31;0;0.0;2.0;1.0;1.0;B02
12668;201300008559;0;7;0;0.0;2.0;8.0;10.0;A01
12669;201300008559;0;7;0;0.0;2.0;1.0;2.0;B02
12670;201300008560;0;7;0;6.0;0.0;2.0;14.0;A01
12671;201300008561;0;7;0;0.0;2.0;8.0;2.0;C03
12672;201300008561;0;33;0;0.0;2.0;1.0;13.0;B02
12673;201300008561;0;7;0;0.0;2.0;3.0;13.0;A01
12674;201300008562;0;7;0;0.0;2.0;2.0;15.0;A01
12675;201300008562;0;33;0;0.0;2.0;1.0;1.0;B02
12676;201300008563;0;10;0;0.0;2.0;1.0;1.0;B02
12677;201300008563;0;1;0;0.0;2.0;8.0;19.0;A01
12678;201300008564;0;7;0;0.0;2.0;2.0;2.0;A01
12679;201300008564;0;1;0;0.0;2.0;4.0;2.0;B02
12680;201300008565;0;14;0;0.0;2.0;2.0;1.0;B02
12681;201300008565;0;7;0;0.0;2.0;3.0;15.0;A01
12682;201300008567;0;32;0;0.0;0.0;7.0;1.0;A01
12683;201300008568;0;7;0;6.0;0.0;3.0;1.0;A01
12684;201300008569;0;33;0;0.0;6.0;1.0;1.0;A01
12685;201300008570;0;7;0;0.0;2.0;3.0;1.0;A01
12686;201300008570;0;7;0;0.0;2.0;5.0;15.0;B02
12687;201300008571;0;14;0;2.0;0.0;1.0;1.0;A01
12688;201300008572;0;7;0;3.0;0.0;1.0;1.0;A01
12689;201300008573;0;33;0;0.0;2.0;7.0;1.0;B02
12690;201300008573;0;10;0;0.0;2.0;7.0;15.0;A01
12691;201300008574;0;33;0;0.0;2.0;2.0;1.0;A01
12692;201300008574;0;7;0;0.0;2.0;3.0;15.0;B02
12693;201300008575;0;33;0;0.0;2.0;2.0;1.0;B02
12694;201300008575;0;7;0;0.0;2.0;3.0;9.0;A01
12695;201300008576;0;7;0;3.0;2.0;8.0;17.0;A01
12696;201300008576;0;10;0;0.0;2.0;2.0;1.0;B02
12697;201300008577;0;7;0;13.0;0.0;1.0;13.0;A01
12698;201300008578;0;10;0;0.0;1.0;4.0;4.0;A01
12699;201300008578;0;10;0;0.0;2.0;1.0;23.0;B02
12700;201300008579;0;7;0;0.0;2.0;8.0;0.0;A01
12701;201300008579;0;7;0;0.0;2.0;1.0;19.0;B02
12702;201300008580;0;10;0;0.0;2.0;2.0;15.0;B02
12703;201300008580;0;33;0;0.0;2.0;1.0;0.0;A01
12704;201300008582;0;7;0;0.0;2.0;4.0;1.0;B02
12705;201300008582;0;33;0;0.0;2.0;1.0;1.0;A01
12706;201300008584;0;33;0;6.0;0.0;3.0;16.0;A01
12707;201300008585;0;7;0;0.0;2.0;3.0;15.0;B02
12708;201300008585;0;2;0;0.0;2.0;7.0;17.0;A01
12709;201300008586;0;7;0;13.0;2.0;8.0;1.0;A01
12710;201300008586;0;7;0;0.0;2.0;1.0;1.0;B02
12711;201300008587;0;7;0;2.0;0.0;1.0;10.0;A01
12712;201300008588;0;7;0;0.0;0.0;0.0;1.0;A01
12713;201300008589;0;33;0;0.0;1.0;1.0;1.0;A01
12714;201300008590;0;7;0;6.0;0.0;1.0;1.0;A01
12715;201300008591;0;33;0;0.0;0.0;0.0;1.0;A01
12716;201300008592;0;7;0;0.0;0.0;2.0;0.0;A01
12717;201300008595;0;7;0;13.0;0.0;2.0;14.0;A01
12718;201300008596;0;7;0;0.0;1.0;1.0;1.0;A01
12719;201300008597;0;7;0;0.0;2.0;8.0;15.0;B02
12720;201300008597;0;7;0;0.0;2.0;1.0;1.0;A01
12721;201300008598;0;7;0;0.0;2.0;2.0;13.0;A01
12722;201300008598;0;7;0;0.0;2.0;3.0;1.0;B02
12723;201300008599;0;33;0;0.0;2.0;1.0;1.0;B02
12724;201300008599;0;7;0;0.0;2.0;2.0;15.0;A01
12725;201300008600;0;7;0;0.0;1.0;1.0;1.0;A01
12726;201300008601;0;7;0;0.0;1.0;2.0;1.0;A01
12727;201300008602;0;15;0;0.0;2.0;1.0;1.0;B02
12728;201300008602;0;7;0;0.0;2.0;7.0;13.0;A01
12729;201300008603;0;7;0;0.0;2.0;8.0;1.0;B02
12730;201300008603;0;31;0;0.0;2.0;3.0;13.0;A01
12731;201300008604;0;7;0;13.0;0.0;1.0;0.0;A01
12732;201300008605;0;7;0;13.0;0.0;1.0;0.0;A01
12733;201300008606;0;7;0;0.0;2.0;1.0;1.0;B02
12734;201300008606;0;7;0;0.0;2.0;1.0;5.0;A01
12735;201300008607;0;7;0;0.0;2.0;3.0;1.0;B02
12736;201300008607;0;7;0;0.0;2.0;3.0;13.0;A01
12737;201300008608;0;7;0;2.0;0.0;3.0;13.0;A01
12738;201300008609;0;7;0;6.0;0.0;1.0;1.0;A01
12739;201300008610;0;1;0;13.0;0.0;0.0;14.0;A01
12740;201300008612;0;10;0;0.0;2.0;2.0;1.0;A01
12741;201300008612;0;10;0;0.0;2.0;1.0;0.0;B02
12742;201300008613;0;33;0;13.0;0.0;1.0;14.0;A01
12743;201300008614;0;7;0;0.0;2.0;1.0;1.0;A01
12744;201300008614;0;7;0;0.0;2.0;3.0;15.0;B02
12745;201300008615;0;7;0;2.0;0.0;3.0;13.0;A01
12746;201300008616;0;10;0;0.0;1.0;6.0;20.0;A01
12747;201300008617;0;33;0;13.0;0.0;1.0;0.0;A01
12748;201300008618;0;7;0;8.0;0.0;8.0;1.0;A01
12749;201300008620;0;33;0;6.0;0.0;7.0;1.0;A01
12750;201300008621;0;33;0;0.0;2.0;1.0;13.0;A01
12751;201300008621;0;7;0;0.0;2.0;3.0;19.0;B02
12752;201300008622;0;7;0;0.0;2.0;5.0;11.0;C03
12753;201300008622;0;7;0;0.0;2.0;3.0;2.0;B02
12754;201300008622;0;7;0;0.0;2.0;1.0;11.0;A01
12755;201300008623;0;10;0;13.0;0.0;2.0;13.0;A01
12756;201300008624;0;30;0;0.0;0.0;0.0;1.0;A01
12757;201300008626;0;7;0;0.0;1.0;1.0;9.0;A01
12758;201300008627;0;7;0;0.0;2.0;3.0;5.0;A01
12759;201300008627;0;7;0;0.0;2.0;3.0;1.0;B02
12760;201300008629;0;7;0;13.0;0.0;9.0;13.0;A01
12761;201300008630;0;7;0;0.0;2.0;1.0;1.0;B02
12762;201300008630;0;7;0;0.0;2.0;2.0;11.0;A01
12763;201300008631;0;10;0;13.0;0.0;3.0;1.0;A01
12764;201300008632;0;1;0;0.0;0.0;4.0;15.0;B02
12765;201300008632;0;7;0;0.0;2.0;3.0;1.0;A01
12766;201300008633;0;33;0;0.0;2.0;1.0;17.0;C03
12767;201300008633;0;7;0;0.0;2.0;6.0;10.0;A01
12768;201300008634;0;33;0;0.0;2.0;1.0;1.0;B02
12769;201300008634;0;7;0;0.0;2.0;3.0;15.0;A01
12770;201300008635;0;7;0;0.0;2.0;2.0;2.0;B02
12771;201300008635;0;7;0;6.0;0.0;1.0;2.0;A01
12772;201300008636;0;31;0;1.0;0.0;1.0;1.0;A01
12773;201300008636;0;10;0;0.0;2.0;6.0;1.0;B02
12774;201300008637;0;7;0;2.0;0.0;1.0;1.0;A01
12775;201300008638;0;7;0;13.0;0.0;1.0;13.0;A01
12776;201300008639;0;30;0;15.0;0.0;3.0;1.0;A01
12777;201300008640;0;7;0;0.0;1.0;3.0;1.0;A01
12778;201300008641;0;7;0;0.0;0.0;1.0;1.0;A01
12779;201300008641;0;7;0;0.0;0.0;1.0;1.0;B02
12780;201300008643;0;7;0;0.0;2.0;3.0;1.0;A01
12781;201300008643;0;7;0;0.0;2.0;3.0;1.0;B02
12782;201300008644;0;31;0;0.0;2.0;1.0;1.0;B02
12783;201300008644;0;15;0;0.0;2.0;3.0;1.0;C03
12784;201300008644;0;15;0;0.0;0.0;0.0;1.0;A01
12785;201300008645;0;15;0;0.0;1.0;2.0;1.0;A01
12786;201300008646;0;7;0;13.0;0.0;2.0;1.0;A01
12787;201300008647;0;7;0;0.0;9.0;2.0;1.0;A01
12788;201300008647;0;1;0;0.0;2.0;4.0;1.0;B02
12789;201300008648;0;7;0;3.0;0.0;3.0;13.0;A01
12790;201300008649;0;33;0;6.0;0.0;1.0;1.0;A01
12791;201300008650;0;7;0;0.0;1.0;2.0;1.0;A01
12792;201300008651;0;33;0;13.0;0.0;1.0;14.0;A01
12793;201300008652;0;7;0;0.0;2.0;8.0;15.0;B02
12794;201300008652;0;33;0;0.0;2.0;2.0;17.0;A01
12795;201300008653;0;31;0;7.0;0.0;2.0;1.0;A01
12796;201300008654;0;7;0;0.0;1.0;0.0;16.0;A01
12797;201300008655;0;7;0;2.0;0.0;1.0;19.0;A01
12798;201300008656;0;10;0;0.0;2.0;4.0;1.0;B02
12799;201300008656;0;33;0;0.0;2.0;1.0;1.0;A01
12800;201300008657;0;7;0;0.0;2.0;2.0;1.0;B02
12801;201300008657;0;7;0;0.0;2.0;3.0;15.0;A01
12802;201300008658;0;33;0;0.0;2.0;2.0;2.0;A01
12803;201300008658;0;7;0;0.0;0.0;5.0;23.0;B02
12804;201300008659;0;7;0;8.0;0.0;3.0;19.0;A01
12805;201300008660;0;7;0;4.0;0.0;3.0;14.0;A01
12806;201300008661;0;7;0;0.0;2.0;6.0;15.0;B02
12807;201300008661;0;7;0;0.0;2.0;1.0;17.0;A01
12808;201300008662;0;7;0;0.0;2.0;1.0;13.0;A01
12809;201300008662;0;10;0;0.0;2.0;1.0;1.0;B02
12810;201300008663;0;33;0;0.0;1.0;1.0;1.0;A01
12811;201300008664;0;7;0;0.0;2.0;2.0;1.0;B02
12812;201300008664;0;7;0;0.0;2.0;3.0;13.0;A01
12813;201300008665;0;7;0;6.0;0.0;1.0;1.0;A01
12814;201300008666;0;1;0;0.0;2.0;5.0;1.0;B02
12815;201300008666;1;99;0;0.0;2.0;0.0;0.0;Z01
12816;201300008667;0;33;0;12.0;0.0;2.0;1.0;A01
12817;201300008668;0;7;0;0.0;2.0;1.0;1.0;B02
12818;201300008668;0;37;0;0.0;2.0;1.0;1.0;A01
12819;201300008669;0;7;0;0.0;2.0;3.0;1.0;B02
12820;201300008669;0;7;0;0.0;2.0;3.0;5.0;A01
12821;201300008669;0;10;0;0.0;9.0;1.0;1.0;C03
12822;201300008670;0;7;0;16.0;0.0;0.0;1.0;A01
12823;201300008671;0;7;0;0.0;2.0;8.0;1.0;A01
12824;201300008671;0;7;0;0.0;2.0;1.0;1.0;B02
12825;201300008672;0;33;0;0.0;2.0;1.0;1.0;B02
12826;201300008672;0;33;0;0.0;2.0;1.0;1.0;A01
12827;201300008673;0;7;0;0.0;2.0;1.0;15.0;B02
12828;201300008673;0;33;0;0.0;2.0;1.0;1.0;A01
12829;201300008674;0;7;0;3.0;2.0;3.0;1.0;A01
12830;201300008674;0;7;0;3.0;2.0;1.0;1.0;B02
12831;201300008675;0;7;0;0.0;2.0;1.0;13.0;A01
12832;201300008675;0;7;0;0.0;2.0;1.0;1.0;B02
12833;201300008676;0;7;0;0.0;2.0;7.0;17.0;A01
12834;201300008676;0;1;0;0.0;2.0;8.0;11.0;B02
12835;201300008677;0;10;0;0.0;1.0;2.0;1.0;A01
12836;201300008678;0;7;0;0.0;2.0;0.0;1.0;B02
12837;201300008678;0;7;0;0.0;2.0;0.0;1.0;A01
12838;201300008678;0;7;0;1.0;2.0;5.0;24.0;C03
12839;201300008679;0;7;0;16.0;0.0;2.0;1.0;A01