;Num_Acc;senc;catv;occutc;obs;obsm;choc;manv;num_veh
14101;201300009520;0;30;0;0.0;0.0;3.0;1.0;B02
14102;201300009521;0;7;0;2.0;0.0;9.0;1.0;A01
14103;201300009522;0;7;0;0.0;2.0;3.0;16.0;A01
14104;201300009522;0;30;0;0.0;2.0;7.0;1.0;B02
14105;201300009523;0;7;0;0.0;2.0;3.0;1.0;A01
14106;201300009523;0;15;0;0.0;2.0;3.0;1.0;B02
14107;201300009524;0;7;0;8.0;0.0;8.0;0.0;A01
14108;201300009525;0;30;0;0.0;0.0;4.0;9.0;A01
14109;201300009525;0;14;0;0.0;2.0;1.0;1.0;B02
14110;201300009526;0;7;0;0.0;0.0;1.0;0.0;A01
14111;201300009527;0;7;0;2.0;0.0;3.0;1.0;A01
14112;201300009528;0;7;0;8.0;0.0;3.0;1.0;A01
14113;201300009529;0;7;0;10.0;0.0;1.0;1.0;A01
14114;201300009530;0;7;0;0.0;2.0;1.0;1.0;B02
14115;201300009530;0;7;0;0.0;2.0;3.0;1.0;A01
14116;201300009531;0;17;0;0.0;1.0;2.0;1.0;A01
14117;201300009532;0;7;0;0.0;0.0;0.0;14.0;A01
14118;201300009533;0;2;0;6.0;0.0;1.0;13.0;A01
14119;201300009534;0;10;0;8.0;0.0;1.0;14.0;A01
14120;201300009535;0;7;0;13.0;0.0;2.0;0.0;A01
14121;201300009536;0;7;0;2.0;0.0;1.0;0.0;A01
14122;201300009537;0;31;0;0.0;0.0;8.0;17.0;A01
14123;201300009538;0;7;0;0.0;2.0;5.0;6.0;A01
14124;201300009538;0;14;0;0.0;2.0;3.0;23.0;B02
14125;201300009538;0;7;0;0.0;2.0;2.0;1.0;C03
14126;201300009539;0;2;0;0.0;2.0;8.0;1.0;A01
14127;201300009539;0;7;0;0.0;2.0;8.0;1.0;B02
14128;201300009540;0;7;0;2.0;0.0;8.0;1.0;A01
14129;201300009541;0;7;0;2.0;2.0;1.0;1.0;A01
14130;201300009541;0;7;0;2.0;2.0;4.0;1.0;B02
14131;201300009542;0;1;0;0.0;2.0;7.0;14.0;A01
14132;201300009542;0;17;0;0.0;2.0;3.0;1.0;B02
14133;201300009543;0;7;0;0.0;2.0;1.0;1.0;B02
14134;201300009543;0;7;0;0.0;2.0;8.0;19.0;A01
14135;201300009544;0;10;0;0.0;0.0;7.0;17.0;A01
14136;201300009544;0;7;0;0.0;0.0;7.0;1.0;B02
14137;201300009545;0;7;0;0.0;1.0;2.0;1.0;A01
14138;201300009546;0;33;0;0.0;2.0;8.0;1.0;B02
14139;201300009546;0;7;0;0.0;2.0;1.0;15.0;A01
14140;201300009547;0;7;0;0.0;2.0;7.0;19.0;A01
14141;201300009547;0;7;0;0.0;2.0;1.0;1.0;B02
14142;201300009548;0;7;0;0.0;2.0;3.0;1.0;A01
14143;201300009548;0;1;0;0.0;2.0;2.0;1.0;B02
14144;201300009549;0;7;0;0.0;0.0;1.0;1.0;A01
14145;201300009550;0;10;0;0.0;0.0;0.0;1.0;A01
14146;201300009551;0;7;0;8.0;0.0;1.0;21.0;A01
14147;201300009552;0;10;0;0.0;6.0;2.0;21.0;A01
14148;201300009553;0;10;0;0.0;2.0;2.0;19.0;A01
14149;201300009553;0;10;0;0.0;2.0;7.0;1.0;B02
14150;201300009554;0;7;0;13.0;0.0;3.0;1.0;A01
14151;201300009555;0;36;0;6.0;0.0;1.0;1.0;A01
14152;201300009556;0;7;0;0.0;2.0;1.0;13.0;A01
14153;201300009556;0;7;0;0.0;2.0;1.0;1.0;B02
14154;201300009557;0;7;0;6.0;0.0;2.0;1.0;A01
14155;201300009558;0;7;0;0.0;2.0;3.0;1.0;A01
14156;201300009558;0;10;0;0.0;2.0;1.0;19.0;B02
14157;201300009559;0;33;0;0.0;2.0;2.0;2.0;A01
14158;201300009559;0;15;0;0.0;2.0;6.0;15.0;B02
14159;201300009560;0;7;0;6.0;0.0;2.0;1.0;A01
14160;201300009561;0;7;0;0.0;2.0;1.0;15.0;A01
14161;201300009561;0;33;0;0.0;2.0;7.0;1.0;B02
14162;201300009562;0;7;0;0.0;2.0;7.0;1.0;A01
14163;201300009562;0;7;0;0.0;2.0;1.0;1.0;B02
14164;201300009563;0;7;0;8.0;0.0;2.0;19.0;A01
14165;201300009564;0;7;0;0.0;0.0;3.0;0.0;A01
14166;201300009565;0;7;0;0.0;2.0;1.0;5.0;A01
14167;201300009565;0;7;0;0.0;2.0;1.0;1.0;B02
14168;201300009565;0;7;0;0.0;9.0;0.0;1.0;C03
14169;201300009566;0;7;0;0.0;2.0;1.0;13.0;B02
14170;201300009566;0;7;0;0.0;2.0;1.0;1.0;A01
14171;201300009567;0;7;0;0.0;2.0;1.0;15.0;A01
14172;201300009567;0;7;0;0.0;2.0;1.0;1.0;B02
14173;201300009568;0;7;0;0.0;2.0;1.0;13.0;A01
14174;201300009568;0;7;0;0.0;2.0;1.0;1.0;B02
14175;201300009569;0;30;0;0.0;2.0;8.0;1.0;A01
14176;201300009569;0;10;0;0.0;2.0;7.0;1.0;B02
14177;201300009570;0;7;0;0.0;1.0;2.0;1.0;A01
14178;201300009571;0;31;0;0.0;1.0;2.0;1.0;A01
14179;201300009572;0;7;0;13.0;0.0;2.0;1.0;A01
14180;201300009573;0;7;0;0.0;2.0;1.0;1.0;A01
14181;201300009573;0;7;0;0.0;2.0;8.0;19.0;B02
14182;201300009574;0;7;0;0.0;2.0;1.0;1.0;B02
14183;201300009574;0;7;0;0.0;2.0;1.0;1.0;A01
14184;201300009575;0;7;0;2.0;0.0;2.0;1.0;A01
14185;201300009576;0;1;0;13.0;0.0;9.0;1.0;A01
14186;201300009578;0;30;0;0.0;2.0;1.0;15.0;A01
14187;201300009578;0;7;0;0.0;2.0;2.0;1.0;B02
14188;201300009579;0;10;0;0.0;2.0;1.0;1.0;A01
14189;201300009579;0;7;0;0.0;2.0;6.0;19.0;B02
14190;201300009580;0;10;0;0.0;2.0;1.0;19.0;A01
14191;201300009580;0;7;0;0.0;2.0;2.0;1.0;B02
14192;201300009581;0;30;0;0.0;2.0;3.0;1.0;B02
14193;201300009581;0;7;0;0.0;2.0;8.0;15.0;A01
14194;201300009582;0;7;0;0.0;2.0;3.0;1.0;A01
14195;201300009582;0;15;0;0.0;2.0;3.0;1.0;B02
14196;201300009583;0;30;0;0.0;2.0;8.0;1.0;A01
14197;201300009584;0;10;0;0.0;1.0;2.0;1.0;A01
14198;201300009585;0;7;0;0.0;2.0;3.0;15.0;A01
14199;201300009585;0;31;0;0.0;2.0;1.0;21.0;B02
14200;201300009586;0;7;0;13.0;0.0;9.0;13.0;A01
14201;201300009587;0;7;0;2.0;0.0;8.0;1.0;A01
14202;201300009588;0;7;0;0.0;2.0;2.0;15.0;A01
14203;201300009588;0;1;0;0.0;2.0;1.0;1.0;B02
14204;201300009589;0;1;0;0.0;0.0;1.0;1.0;A01
14205;201300009590;0;7;0;6.0;0.0;3.0;1.0;A01
14206;201300009593;0;7;0;0.0;2.0;2.0;15.0;A01
14207;201300009593;0;33;0;0.0;2.0;8.0;1.0;B02
14208;201300009594;0;15;0;0.0;2.0;4.0;1.0;A01
14209;201300009594;0;10;0;0.0;2.0;1.0;1.0;D04
14210;201300009594;0;10;0;0.0;2.0;1.0;1.0;C03
14211;201300009594;0;10;0;0.0;2.0;1.0;1.0;B02
14212;201300009595;0;7;0;13.0;0.0;4.0;0.0;A01
14213;201300009596;0;39;0;0.0;2.0;2.0;1.0;B02
14214;201300009596;0;7;0;0.0;4.0;8.0;1.0;A01
14215;201300009597;0;7;0;0.0;2.0;2.0;1.0;A01
14216;201300009597;0;1;0;0.0;2.0;4.0;1.0;B02
14217;201300009599;0;10;0;0.0;2.0;4.0;24.0;A01
14218;201300009599;0;10;0;1.0;0.0;1.0;1.0;C03
14219;201300009599;0;7;0;1.0;0.0;1.0;1.0;B02
14220;201300009600;0;7;0;13.0;0.0;1.0;1.0;A01
14221;201300009601;0;36;0;0.0;0.0;1.0;1.0;A01
14222;201300009602;0;7;0;0.0;2.0;1.0;2.0;A01
14223;201300009602;0;3;0;13.0;2.0;4.0;1.0;B02
14224;201300009603;0;7;0;13.0;0.0;1.0;1.0;A01
14225;201300009604;0;2;0;0.0;2.0;7.0;1.0;A01
14226;201300009604;0;7;0;0.0;2.0;2.0;15.0;B02
14227;201300009605;0;7;0;13.0;0.0;2.0;1.0;A01
14228;201300009606;1;7;0;0.0;2.0;8.0;1.0;A01
14229;201300009606;0;7;0;0.0;2.0;8.0;21.0;B02
14230;201300009607;0;7;0;6.0;0.0;1.0;13.0;A01
14231;201300009608;0;7;0;0.0;0.0;2.0;17.0;A01
14232;201300009609;0;7;0;0.0;2.0;7.0;17.0;A01
14233;201300009609;0;1;0;0.0;2.0;6.0;1.0;B02
14234;201300009610;0;7;0;16.0;0.0;9.0;13.0;A01
14235;201300009611;0;7;0;13.0;0.0;1.0;1.0;A01
14236;201300009612;0;7;0;0.0;1.0;1.0;20.0;A01
14237;201300009613;0;33;0;13.0;0.0;1.0;1.0;A01
14238;201300009614;0;10;0;0.0;2.0;1.0;1.0;A01
14239;201300009614;0;7;0;0.0;2.0;1.0;5.0;B02
14240;201300009615;0;7;0;8.0;0.0;1.0;14.0;A01
14241;201300009616;0;7;0;16.0;0.0;1.0;19.0;A01
14242;201300009617;0;17;0;2.0;0.0;1.0;1.0;A01
14243;201300009618;0;7;0;0.0;2.0;3.0;15.0;A01
14244;201300009618;0;2;0;0.0;2.0;6.0;1.0;B02
14245;201300009619;0;7;0;13.0;0.0;3.0;1.0;A01
14246;201300009620;0;7;0;2.0;0.0;3.0;21.0;A01
14247;201300009621;0;10;0;0.0;2.0;2.0;19.0;A01
14248;201300009621;0;7;0;0.0;2.0;3.0;1.0;B02
14249;201300009622;0;7;0;0.0;2.0;1.0;1.0;A01
14250;201300009622;0;20;0;0.0;2.0;4.0;16.0;B02
14251;201300009623;0;7;0;0.0;2.0;3.0;23.0;B02
14252;201300009623;0;7;0;12.0;2.0;3.0;15.0;A01
14253;201300009625;0;15;0;0.0;2.0;1.0;1.0;B02
14254;201300009625;0;7;0;0.0;2.0;7.0;13.0;A01
14255;201300009626;0;7;0;0.0;2.0;3.0;1.0;A01
14256;201300009627;0;7;0;13.0;0.0;1.0;1.0;A01
14257;201300009628;0;7;0;13.0;0.0;2.0;1.0;A01
14258;201300009629;0;7;0;0.0;2.0;1.0;1.0;A01
14259;201300009629;0;7;0;0.0;2.0;1.0;15.0;B02
14260;201300009631;0;30;0;0.0;0.0;8.0;15.0;A01
14261;201300009632;0;10;0;0.0;2.0;7.0;17.0;A01
14262;201300009632;0;33;0;0.0;2.0;8.0;15.0;B02
14263;201300009633;0;33;0;13.0;0.0;1.0;1.0;A01
14264;201300009634;0;7;0;13.0;0.0;9.0;21.0;A01
14265;201300009635;0;33;0;0.0;6.0;1.0;1.0;A01
14266;201300009636;0;7;0;0.0;2.0;1.0;1.0;B02
14267;201300009636;0;10;0;0.0;2.0;5.0;1.0;A01
14268;201300009637;0;7;0;13.0;0.0;1.0;13.0;A01
14269;201300009638;0;7;0;0.0;2.0;1.0;1.0;A01
14270;201300009638;0;38;4;0.0;2.0;3.0;1.0;B02
14271;201300009639;0;7;0;0.0;2.0;8.0;19.0;A01
14272;201300009639;0;7;0;0.0;2.0;1.0;1.0;B02
14273;201300009640;0;7;0;13.0;0.0;2.0;1.0;A01
14274;201300009641;0;7;0;8.0;0.0;3.0;13.0;A01
14275;201300009642;0;33;0;15.0;0.0;7.0;14.0;A01
14276;201300009643;0;30;0;6.0;0.0;1.0;14.0;A01
14277;201300009645;0;7;0;13.0;0.0;2.0;1.0;A01
14278;201300009646;0;7;0;0.0;2.0;3.0;1.0;B02
14279;201300009646;0;15;0;0.0;2.0;2.0;19.0;A01
14280;201300009647;0;7;0;0.0;2.0;6.0;13.0;A01
14281;201300009647;0;17;0;0.0;2.0;3.0;1.0;B02
14282;201300009648;0;7;0;13.0;0.0;2.0;1.0;A01
14283;201300009649;0;7;0;13.0;0.0;9.0;1.0;A01
14284;201300009650;0;7;0;9.0;0.0;1.0;1.0;A01
14285;201300009651;0;30;0;1.0;0.0;7.0;1.0;A01
14286;201300009652;0;10;0;2.0;0.0;1.0;1.0;A01
14287;201300009653;1;7;0;0.0;1.0;1.0;13.0;A01
14288;201300009654;0;7;0;0.0;2.0;8.0;19.0;A01
14289;201300009654;0;7;0;0.0;2.0;1.0;1.0;B02
14290;201300009655;0;7;0;0.0;2.0;8.0;1.0;A01
14291;201300009655;0;7;0;0.0;2.0;1.0;19.0;B02
14292;201300009656;0;7;0;0.0;2.0;4.0;15.0;A01
14293;201300009656;0;2;0;0.0;2.0;1.0;1.0;B02
14294;201300009657;0;7;0;0.0;2.0;2.0;1.0;B02
14295;201300009657;0;30;0;0.0;2.0;1.0;17.0;A01
14296;201300009658;0;7;0;0.0;2.0;2.0;15.0;A01
14297;201300009658;0;33;0;0.0;2.0;1.0;1.0;B02
14298;201300009659;0;7;0;0.0;2.0;3.0;1.0;C03
14299;201300009659;0;7;0;0.0;2.0;9.0;1.0;B02
14300;201300009659;0;7;0;0.0;2.0;1.0;13.0;A01
14301;201300009660;0;7;0;0.0;0.0;0.0;1.0;A01
14302;201300009661;0;7;0;0.0;2.0;1.0;5.0;A01
14303;201300009661;0;7;0;0.0;2.0;1.0;1.0;B02
14304;201300009662;0;7;0;1.0;0.0;2.0;1.0;A01
14305;201300009662;0;7;0;0.0;2.0;1.0;2.0;B02
14306;201300009663;0;7;0;0.0;2.0;3.0;13.0;A01
14307;201300009663;0;7;0;0.0;2.0;3.0;1.0;B02
14308;201300009664;0;2;0;0.0;2.0;1.0;13.0;A01
14309;201300009664;0;7;0;0.0;2.0;3.0;1.0;B02
14310;201300009665;0;2;0;0.0;2.0;1.0;1.0;B02
14311;201300009665;0;10;0;0.0;2.0;3.0;17.0;A01
14312;201300009666;0;7;0;0.0;2.0;1.0;1.0;A01
14313;201300009666;0;30;0;0.0;2.0;4.0;1.0;B02
14314;201300009666;0;7;0;0.0;2.0;4.0;1.0;C03
14315;201300009667;0;10;0;0.0;2.0;1.0;1.0;B02
14316;201300009667;0;7;0;0.0;2.0;1.0;1.0;A01
14317;201300009668;0;7;0;0.0;2.0;2.0;1.0;A01
14318;201300009668;0;1;0;0.0;0.0;4.0;1.0;B02
14319;201300009670;0;30;0;6.0;0.0;7.0;1.0;A01
14320;201300009671;0;7;0;8.0;0.0;8.0;1.0;A01
14321;201300009672;0;7;0;13.0;0.0;3.0;13.0;A01
14322;201300009673;0;33;0;0.0;2.0;1.0;1.0;B02
14323;201300009673;0;7;0;15.0;2.0;8.0;19.0;A01
14324;201300009674;0;7;0;4.0;0.0;1.0;1.0;A01
14325;201300009674;0;7;0;0.0;2.0;7.0;1.0;B02
14326;201300009674;0;7;0;0.0;2.0;1.0;1.0;C03
14327;201300009674;0;7;0;0.0;2.0;1.0;1.0;D04
14328;201300009674;0;7;0;0.0;2.0;7.0;1.0;E05
14329;201300009676;0;1;0;1.0;0.0;1.0;2.0;B02
14330;201300009676;0;7;0;0.0;9.0;3.0;22.0;A01
14331;201300009677;0;7;0;0.0;1.0;1.0;1.0;A01
14332;201300009678;0;7;0;0.0;0.0;1.0;1.0;B02
14333;201300009678;0;7;0;0.0;0.0;1.0;1.0;A01
14334;201300009679;0;7;0;1.0;0.0;2.0;15.0;A01
14335;201300009680;0;33;0;13.0;0.0;1.0;1.0;A01
14336;201300009681;0;7;0;2.0;0.0;3.0;1.0;A01
14337;201300009682;0;7;0;0.0;1.0;2.0;1.0;A01
14338;201300009683;0;7;0;0.0;2.0;1.0;19.0;B02
14339;201300009683;0;14;0;0.0;0.0;7.0;1.0;A01
14340;201300009684;0;7;0;0.0;1.0;3.0;15.0;A01
14341;201300009685;0;7;0;0.0;0.0;9.0;0.0;A01
14342;201300009686;0;7;0;0.0;0.0;7.0;1.0;A01
14343;201300009686;0;10;0;0.0;2.0;1.0;1.0;B02
14344;201300009687;0;7;0;6.0;0.0;1.0;1.0;A01
14345;201300009688;0;31;0;0.0;0.0;7.0;0.0;A01
14346;201300009689;0;7;0;0.0;2.0;1.0;1.0;B02
14347;201300009689;0;7;0;0.0;2.0;1.0;13.0;A01
14348;201300009690;0;7;0;0.0;2.0;3.0;15.0;A01
14349;201300009690;0;2;0;0.0;2.0;8.0;1.0;B02
14350;201300009691;0;7;0;0.0;2.0;1.0;1.0;B02
14351;201300009691;0;7;0;0.0;2.0;7.0;1.0;A01
14352;201300009692;0;7;0;0.0;2.0;8.0;16.0;A01
14353;201300009692;0;7;0;0.0;2.0;2.0;1.0;B02
14354;201300009693;0;14;0;0.0;2.0;2.0;1.0;B02
14355;201300009693;0;10;0;0.0;2.0;3.0;15.0;A01
14356;201300009694;0;7;0;0.0;2.0;3.0;1.0;B02
14357;201300009695;0;7;0;0.0;1.0;5.0;4.0;A01
14358;201300009696;0;7;0;1.0;0.0;1.0;1.0;A01
14359;201300009697;0;7;0;0.0;6.0;9.0;21.0;A01
14360;201300009698;0;7;0;13.0;0.0;2.0;14.0;A01
14361;201300009699;0;33;0;1.0;0.0;2.0;21.0;B02
14362;201300009699;0;10;0;0.0;2.0;4.0;1.0;A01
14363;201300009701;0;7;0;8.0;0.0;3.0;1.0;A01
14364;201300009703;0;7;0;0.0;2.0;1.0;13.0;B02
14365;201300009703;0;7;0;0.0;2.0;1.0;1.0;A01
14366;201300009704;0;7;0;0.0;2.0;8.0;1.0;B02
14367;201300009704;0;7;0;0.0;2.0;9.0;17.0;A01
14368;201300009705;0;7;0;0.0;2.0;1.0;1.0;B01
14369;201300009705;0;10;0;0.0;2.0;2.0;11.0;B02
14370;201300009706;0;7;0;0.0;2.0;1.0;1.0;A01
14371;201300009706;0;3;0;0.0;2.0;4.0;1.0;B02
14372;201300009707;0;7;0;0.0;2.0;8.0;1.0;A01
14373;201300009707;0;15;0;0.0;2.0;2.0;1.0;B02
14374;201300009708;0;7;0;8.0;0.0;4.0;1.0;A01
14375;201300009709;0;31;0;0.0;0.0;1.0;1.0;B02
14376;201300009709;0;7;0;0.0;0.0;2.0;15.0;A01
14377;201300009710;0;10;0;16.0;0.0;1.0;1.0;A01
14378;201300009711;0;2;0;12.0;0.0;1.0;6.0;A01
14379;201300009712;0;30;0;0.0;2.0;1.0;1.0;A01
14380;201300009712;0;7;0;0.0;2.0;3.0;23.0;B02
14381;201300009713;0;14;0;0.0;2.0;1.0;1.0;B02
14382;201300009713;0;10;0;0.0;2.0;7.0;1.0;A01
14383;201300009714;0;7;0;6.0;0.0;2.0;14.0;A01
14384;201300009715;0;30;0;1.0;0.0;1.0;1.0;A01
14385;201300009716;0;7;0;0.0;2.0;1.0;1.0;A01
14386;201300009716;0;14;0;0.0;2.0;1.0;1.0;B02
14387;201300009717;0;3;0;0.0;2.0;3.0;1.0;A01
14388;201300009717;0;10;0;0.0;2.0;5.0;15.0;B02
14389;201300009718;0;30;0;0.0;0.0;0.0;1.0;A01
14390;201300009719;0;7;0;0.0;1.0;2.0;1.0;A01
14391;201300009720;0;7;0;6.0;0.0;1.0;14.0;A01
14392;201300009721;0;7;0;13.0;0.0;1.0;14.0;A01
14393;201300009722;0;1;0;0.0;0.0;9.0;16.0;A01
14394;201300009723;0;7;0;6.0;0.0;1.0;1.0;A01
14395;201300009724;0;7;0;0.0;2.0;1.0;1.0;B02
14396;201300009724;0;10;0;0.0;2.0;2.0;15.0;A01
14397;201300009726;0;7;0;0.0;2.0;1.0;21.0;A01
14398;201300009726;0;3;0;0.0;2.0;1.0;21.0;B02
14399;201300009727;0;33;0;0.0;0.0;8.0;0.0;A01
14400;201300009728;0;7;0;0.0;2.0;2.0;13.0;A01
14401;201300009728;0;14;0;0.0;2.0;3.0;21.0;B02
14402;201300009729;0;30;0;7.0;0.0;1.0;1.0;A01
14403;201300009730;0;36;0;8.0;0.0;1.0;1.0;A01
14404;201300009731;0;10;0;0.0;1.0;2.0;1.0;A01
14405;201300009732;0;7;0;0.0;2.0;7.0;2.0;B02
14406;201300009732;0;1;0;0.0;2.0;8.0;2.0;A01
14407;201300009733;0;7;0;0.0;2.0;8.0;15.0;A01
14408;201300009733;0;31;0;0.0;2.0;7.0;17.0;B02
14409;201300009734;0;33;0;8.0;0.0;1.0;1.0;A01
14410;201300009735;0;7;0;8.0;0.0;1.0;13.0;A01
14411;201300009736;0;21;0;0.0;1.0;5.0;1.0;A01
14412;201300009737;0;21;0;14.0;0.0;0.0;1.0;A01
14413;201300009739;0;33;0;16.0;0.0;1.0;1.0;A01
14414;201300009740;0;37;0;0.0;2.0;5.0;15.0;B02
14415;201300009740;0;7;0;0.0;2.0;1.0;1.0;A01
14416;201300009741;0;21;0;0.0;2.0;6.0;1.0;A01
14417;201300009741;0;31;0;0.0;2.0;1.0;1.0;B02
14418;201300009742;0;7;0;0.0;2.0;3.0;1.0;B02
14419;201300009742;0;7;0;0.0;2.0;7.0;13.0;A01
14420;201300009744;0;7;0;0.0;2.0;3.0;13.0;A01
14421;201300009744;0;7;0;0.0;2.0;3.0;1.0;B02
14422;201300009745;0;33;0;0.0;0.0;7.0;1.0;A01
14423;201300009746;0;2;0;0.0;2.0;1.0;1.0;B02
14424;201300009746;0;7;0;0.0;2.0;3.0;1.0;A01
14425;201300009747;0;33;0;0.0;2.0;1.0;1.0;A01
14426;201300009747;0;7;0;0.0;2.0;8.0;19.0;B02
14427;201300009748;0;7;0;6.0;0.0;1.0;19.0;A01
14428;201300009749;0;33;0;0.0;2.0;1.0;1.0;A01
14429;201300009749;0;7;0;0.0;2.0;8.0;19.0;B02
14430;201300009750;0;7;0;0.0;2.0;1.0;13.0;A01
14431;201300009750;0;10;0;0.0;2.0;6.0;0.0;B02
14432;201300009750;0;15;0;0.0;2.0;8.0;0.0;D04
14433;201300009750;0;7;0;0.0;2.0;1.0;0.0;C03
14434;201300009751;0;7;0;0.0;2.0;1.0;13.0;A01
14435;201300009751;0;7;0;0.0;2.0;1.0;1.0;B02
14436;201300009752;0;7;0;0.0;2.0;1.0;1.0;A01
14437;201300009752;0;1;0;0.0;2.0;4.0;1.0;B02
14438;201300009753;0;2;0;0.0;2.0;1.0;1.0;B02
14439;201300009753;0;7;0;0.0;2.0;2.0;15.0;A01
14440;201300009754;0;30;0;0.0;2.0;1.0;1.0;A01
14441;201300009754;0;30;0;0.0;2.0;1.0;1.0;B02
14442;201300009755;0;10;0;0.0;2.0;8.0;1.0;A01
14443;201300009755;0;10;0;0.0;2.0;1.0;1.0;B02
14444;201300009755;0;10;0;0.0;2.0;8.0;1.0;C03
14445;201300009756;0;2;0;15.0;0.0;1.0;16.0;A01
14446;201300009757;0;36;0;6.0;0.0;3.0;13.0;A01
14447;201300009758;0;7;0;0.0;0.0;6.0;1.0;A01
14448;201300009758;0;7;0;0.0;2.0;1.0;9.0;B02
14449;201300009759;0;7;0;0.0;1.0;2.0;1.0;A01
14450;201300009760;0;7;0;0.0;2.0;4.0;2.0;B02
14451;201300009760;0;31;0;0.0;2.0;1.0;23.0;A01
14452;201300009761;0;33;0;8.0;0.0;1.0;1.0;A01
14453;201300009763;0;7;0;0.0;2.0;2.0;13.0;A01
14454;201300009763;0;7;0;0.0;2.0;8.0;15.0;B02
14455;201300009764;0;7;0;0.0;0.0;9.0;1.0;A01
14456;201300009765;0;7;0;1.0;0.0;2.0;14.0;A01
14457;201300009766;0;7;0;0.0;2.0;3.0;13.0;A01
14458;201300009766;0;7;0;0.0;2.0;3.0;1.0;B02
14459;201300009767;0;7;0;0.0;0.0;4.0;1.0;A01
14460;201300009767;0;7;0;0.0;2.0;1.0;0.0;B02
14461;201300009768;0;7;0;2.0;0.0;7.0;1.0;A01
14462;201300009769;0;7;0;0.0;1.0;2.0;1.0;A01
14463;201300009770;0;7;0;16.0;0.0;1.0;1.0;A01
14464;201300009771;0;7;0;0.0;2.0;1.0;1.0;B02
14465;201300009771;0;7;0;0.0;2.0;1.0;1.0;A01
14466;201300009772;0;10;0;0.0;0.0;9.0;17.0;A01
14467;201300009773;0;14;0;0.0;2.0;1.0;15.0;A01
14468;201300009773;0;33;0;0.0;2.0;1.0;1.0;B02
14469;201300009774;0;2;0;12.0;0.0;1.0;1.0;A01
14470;201300009775;0;7;0;0.0;1.0;3.0;1.0;A01
14471;201300009776;0;7;0;0.0;2.0;2.0;1.0;B02
14472;201300009776;0;7;0;0.0;2.0;1.0;15.0;A01
14473;201300009777;0;7;0;0.0;1.0;3.0;5.0;A01
14474;201300009778;0;2;0;0.0;2.0;5.0;15.0;A01
14475;201300009778;0;7;0;0.0;2.0;2.0;1.0;B02
14476;201300009779;0;31;0;0.0;0.0;7.0;1.0;A01
14477;201300009780;0;7;0;0.0;2.0;1.0;13.0;A01
14478;201300009780;0;10;0;0.0;2.0;3.0;1.0;B02
14479;201300009781;0;10;0;0.0;1.0;1.0;2.0;A01
14480;201300009782;0;7;0;0.0;0.0;2.0;17.0;B02
14481;201300009782;0;99;0;0.0;0.0;8.0;13.0;A01
14482;201300009783;0;7;0;8.0;0.0;6.0;13.0;A01
14483;201300009784;0;7;0;0.0;2.0;1.0;15.0;A01
14484;201300009784;0;7;0;0.0;2.0;1.0;1.0;B02
14485;201300009785;0;7;0;13.0;0.0;2.0;1.0;A01
14486;201300009787;0;10;0;0.0;0.0;7.0;15.0;A01
14487;201300009787;0;33;0;0.0;2.0;1.0;1.0;B02
14488;201300009788;0;7;0;0.0;1.0;2.0;1.0;A01
14489;201300009789;0;7;0;0.0;2.0;7.0;15.0;C03
14490;201300009789;0;33;0;0.0;2.0;1.0;1.0;A01
14491;201300009789;0;33;0;0.0;2.0;1.0;1.0;B02
14492;201300009790;0;7;0;0.0;2.0;3.0;1.0;A01
14493;201300009790;0;7;0;0.0;2.0;3.0;1.0;B02
14494;201300009791;0;7;0;0.0;2.0;3.0;1.0;A01
14495;201300009791;0;7;0;0.0;2.0;3.0;0.0;B02
14496;201300009792;0;7;0;0.0;2.0;2.0;1.0;A01
14497;201300009792;0;10;0;0.0;2.0;3.0;1.0;B02
14498;201300009793;0;36;0;8.0;0.0;2.0;14.0;A01
14499;201300009794;0;33;0;0.0;6.0;1.0;1.0;A01
14500;201300009795;0;7;0;0.0;2.0;1.0;13.0;A01
14501;201300009795;0;3;0;0.0;2.0;1.0;1.0;B02
14502;201300009796;0;2;0;0.0;2.0;4.0;15.0;B02
14503;201300009796;0;15;0;0.0;2.0;1.0;17.0;A01
14504;201300009797;0;33;0;0.0;0.0;8.0;1.0;A01
14505;201300009798;0;1;0;0.0;2.0;7.0;1.0;B02
14506;201300009798;0;7;0;0.0;2.0;1.0;15.0;A01
14507;201300009799;0;7;0;0.0;2.0;3.0;1.0;B02
14508;201300009799;0;7;0;0.0;2.0;3.0;1.0;A01
14509;201300009800;0;7;0;0.0;2.0;1.0;1.0;A01
14510;201300009800;0;7;0;8.0;2.0;7.0;19.0;B02
14511;201300009801;0;7;0;0.0;2.0;1.0;1.0;A01
14512;201300009801;0;7;0;0.0;2.0;7.0;21.0;B02
14513;201300009802;0;7;0;16.0;0.0;1.0;1.0;A01
14514;201300009802;0;7;0;0.0;0.0;1.0;1.0;B02
14515;201300009803;0;7;0;0.0;2.0;1.0;13.0;B02
14516;201300009803;0;7;0;0.0;2.0;1.0;1.0;A01
14517;201300009804;0;7;0;0.0;2.0;3.0;1.0;B02
14518;201300009804;0;7;0;0.0;2.0;3.0;13.0;A01
14519;201300009806;0;7;0;0.0;1.0;2.0;15.0;A01
14520;201300009807;0;7;0;0.0;2.0;3.0;15.0;A01