;Num_Acc;senc;catv;occutc;obs;obsm;choc;manv;num_veh
14521;201300009807;0;10;0;0.0;2.0;1.0;1.0;B02
14522;201300009808;0;30;0;1.0;0.0;1.0;0.0;A01
14523;201300009809;0;7;0;13.0;0.0;1.0;1.0;A01
14524;201300009810;0;7;0;0.0;2.0;2.0;1.0;B02
14525;201300009810;0;7;0;0.0;2.0;1.0;13.0;A01
14526;201300009811;0;2;0;0.0;0.0;7.0;21.0;A01
14527;201300009813;0;31;0;0.0;2.0;1.0;1.0;B02
14528;201300009813;0;7;0;0.0;2.0;2.0;15.0;A01
14529;201300009814;0;7;0;0.0;1.0;3.0;1.0;A01
14530;201300009815;0;7;0;0.0;2.0;1.0;1.0;A01
14531;201300009815;0;7;0;13.0;2.0;4.0;0.0;B02
14532;201300009816;0;7;0;8.0;0.0;2.0;0.0;A01
14533;201300009817;0;33;0;6.0;2.0;7.0;17.0;A01
14534;201300009817;0;7;0;0.0;2.0;7.0;1.0;B02
14535;201300009818;0;7;0;0.0;0.0;3.0;15.0;B02
14536;201300009818;0;30;0;0.0;2.0;1.0;17.0;A01
14537;201300009819;0;7;0;0.0;1.0;3.0;1.0;A01
14538;201300009820;0;10;0;0.0;1.0;7.0;1.0;A01
14539;201300009821;0;15;0;0.0;0.0;6.0;2.0;B02
14540;201300009821;0;10;0;0.0;2.0;3.0;2.0;A01
14541;201300009822;0;7;0;0.0;1.0;4.0;4.0;A01
14542;201300009823;0;7;0;2.0;0.0;3.0;1.0;A01
14543;201300009824;0;7;0;0.0;2.0;3.0;1.0;A01
14544;201300009824;0;16;0;0.0;2.0;3.0;1.0;B02
14545;201300009825;0;33;0;8.0;0.0;1.0;1.0;A01
14546;201300009826;0;7;0;0.0;0.0;9.0;1.0;A01
14547;201300009827;0;7;0;0.0;9.0;3.0;15.0;A01
14548;201300009827;0;1;0;0.0;2.0;2.0;1.0;B02
14549;201300009828;0;7;0;2.0;0.0;9.0;1.0;A01
14550;201300009830;0;7;0;0.0;2.0;1.0;13.0;A01
14551;201300009830;0;7;0;0.0;2.0;1.0;21.0;B02
14552;201300009831;0;7;0;0.0;2.0;2.0;15.0;A01
14553;201300009831;0;7;0;0.0;2.0;1.0;1.0;B02
14554;201300009832;0;10;0;0.0;1.0;2.0;2.0;A01
14555;201300009833;0;7;0;6.0;0.0;1.0;1.0;A01
14556;201300009834;0;7;0;6.0;0.0;1.0;0.0;A01
14557;201300009835;0;33;0;0.0;2.0;1.0;1.0;A01
14558;201300009835;0;7;0;0.0;0.0;6.0;15.0;B02
14559;201300009836;0;1;0;0.0;0.0;7.0;9.0;B02
14560;201300009836;0;7;0;0.0;9.0;8.0;2.0;A01
14561;201300009837;0;34;0;0.0;2.0;1.0;1.0;B02
14562;201300009837;0;10;0;0.0;2.0;3.0;1.0;A01
14563;201300009838;0;2;0;15.0;0.0;1.0;1.0;A01
14564;201300009839;0;2;0;16.0;0.0;9.0;1.0;A01
14565;201300009840;0;7;0;0.0;1.0;3.0;1.0;A01
14566;201300009841;0;7;0;0.0;1.0;3.0;1.0;A01
14567;201300009842;0;10;0;16.0;0.0;1.0;1.0;A01
14568;201300009843;0;30;0;14.0;0.0;1.0;1.0;A01
14569;201300009844;0;1;0;0.0;2.0;6.0;1.0;B02
14570;201300009844;0;7;0;0.0;2.0;3.0;1.0;A01
14571;201300009845;0;7;0;0.0;1.0;2.0;1.0;A01
14572;201300009846;0;7;0;0.0;2.0;7.0;19.0;A01
14573;201300009846;0;2;0;0.0;2.0;1.0;1.0;B02
14574;201300009847;0;7;0;0.0;2.0;2.0;1.0;A01
14575;201300009847;0;30;0;0.0;2.0;8.0;19.0;B02
14576;201300009848;0;33;0;0.0;2.0;7.0;2.0;B02
14577;201300009848;0;10;0;0.0;2.0;8.0;2.0;A01
14578;201300009849;0;14;0;0.0;2.0;0.0;1.0;B02
14579;201300009849;0;7;0;0.0;9.0;2.0;2.0;A01
14580;201300009850;0;7;0;0.0;0.0;2.0;21.0;A01
14581;201300009850;0;7;0;0.0;0.0;6.0;1.0;B02
14582;201300009851;0;7;0;0.0;2.0;3.0;15.0;A01
14583;201300009851;0;35;0;0.0;0.0;6.0;1.0;B02
14584;201300009852;0;10;0;0.0;2.0;1.0;19.0;B02
14585;201300009852;0;7;0;0.0;2.0;2.0;1.0;A01
14586;201300009853;0;7;0;6.0;0.0;1.0;1.0;A01
14587;201300009854;0;7;0;0.0;2.0;8.0;1.0;C03
14588;201300009854;0;7;0;0.0;2.0;1.0;13.0;A01
14589;201300009854;0;7;0;0.0;2.0;1.0;1.0;B02
14590;201300009855;0;7;0;0.0;2.0;2.0;1.0;A01
14591;201300009855;0;7;0;0.0;1.0;6.0;1.0;B01
14592;201300009856;0;7;0;0.0;1.0;1.0;1.0;A01
14593;201300009857;1;7;0;0.0;1.0;0.0;0.0;A01
14594;201300009858;0;7;0;0.0;2.0;2.0;1.0;A01
14595;201300009858;0;7;0;0.0;2.0;3.0;1.0;B01
14596;201300009859;0;10;0;0.0;2.0;1.0;0.0;B01
14597;201300009859;0;30;0;0.0;0.0;7.0;1.0;C01
14598;201300009859;0;30;0;0.0;2.0;0.0;0.0;A01
14599;201300009860;0;32;0;0.0;2.0;1.0;1.0;B01
14600;201300009860;0;7;0;0.0;2.0;7.0;1.0;A01
14601;201300009861;0;33;0;0.0;1.0;1.0;1.0;A01
14602;201300009862;0;32;0;0.0;1.0;1.0;0.0;A01
14603;201300009863;0;7;0;0.0;1.0;1.0;1.0;A01
14604;201300009864;0;30;0;0.0;2.0;1.0;0.0;A01
14605;201300009866;0;33;0;0.0;1.0;1.0;1.0;A01
14606;201300009867;0;7;0;0.0;2.0;4.0;15.0;B01
14607;201300009867;0;33;0;0.0;2.0;1.0;1.0;A01
14608;201300009868;0;7;0;0.0;2.0;1.0;1.0;B01
14609;201300009868;0;7;0;0.0;2.0;1.0;17.0;A01
14610;201300009869;0;7;0;0.0;2.0;1.0;2.0;C01
14611;201300009869;0;7;0;0.0;2.0;1.0;5.0;A01
14612;201300009869;0;7;0;0.0;2.0;1.0;1.0;B01
14613;201300009870;0;30;0;1.0;0.0;2.0;2.0;A01
14614;201300009871;0;10;0;0.0;2.0;2.0;19.0;A01
14615;201300009871;0;33;0;0.0;2.0;1.0;2.0;B01
14616;201300009872;0;7;0;0.0;2.0;4.0;2.0;B01
14617;201300009872;0;7;0;0.0;2.0;4.0;2.0;C01
14618;201300009872;0;7;0;0.0;2.0;1.0;2.0;A01
14619;201300009873;0;7;0;0.0;2.0;5.0;15.0;A01
14620;201300009873;0;30;0;0.0;2.0;1.0;1.0;B01
14621;201300009874;0;7;0;0.0;2.0;3.0;11.0;A01
14622;201300009874;0;32;0;0.0;2.0;1.0;17.0;B01
14623;201300009875;0;7;0;1.0;0.0;2.0;2.0;A01
14624;201300009876;0;7;0;0.0;1.0;2.0;13.0;A01
14625;201300009877;0;33;0;1.0;0.0;1.0;1.0;A01
14626;201300009878;0;32;0;0.0;0.0;0.0;0.0;A01
14627;201300009879;0;31;0;12.0;0.0;7.0;1.0;A01
14628;201300009881;0;7;0;2.0;0.0;1.0;13.0;A01
14629;201300009882;0;7;0;0.0;1.0;1.0;0.0;A01
14630;201300009883;0;30;0;8.0;0.0;1.0;17.0;A01
14631;201300009884;0;7;0;0.0;2.0;7.0;15.0;A01
14632;201300009884;0;33;0;0.0;2.0;1.0;1.0;B01
14633;201300009885;0;7;0;0.0;2.0;1.0;10.0;A01
14634;201300009885;0;33;0;0.0;2.0;1.0;2.0;B01
14635;201300009886;0;7;0;15.0;0.0;1.0;13.0;A01
14636;201300009887;0;7;0;0.0;2.0;1.0;1.0;A01
14637;201300009887;0;7;0;0.0;2.0;4.0;1.0;B01
14638;201300009887;0;7;0;0.0;0.0;4.0;1.0;C01
14639;201300009888;0;7;0;0.0;2.0;1.0;1.0;B01
14640;201300009888;0;7;0;0.0;2.0;7.0;15.0;A01
14641;201300009889;1;7;0;0.0;1.0;1.0;10.0;Z01
14642;201300009890;0;32;0;0.0;9.0;1.0;1.0;A01
14643;201300009891;0;31;0;0.0;2.0;1.0;0.0;B01
14644;201300009891;0;7;0;0.0;2.0;2.0;15.0;A01
14645;201300009892;0;10;0;0.0;2.0;3.0;9.0;A01
14646;201300009892;0;2;0;0.0;2.0;1.0;1.0;B01
14647;201300009893;0;7;0;0.0;0.0;3.0;15.0;A01
14648;201300009893;0;33;0;0.0;0.0;0.0;17.0;B01
14649;201300009895;0;7;0;0.0;9.0;2.0;15.0;A01
14650;201300009895;0;1;0;0.0;2.0;1.0;1.0;B01
14651;201300009896;0;7;0;0.0;1.0;7.0;2.0;A01
14652;201300009897;0;7;0;0.0;0.0;4.0;0.0;B01
14653;201300009897;0;7;0;0.0;2.0;1.0;2.0;A01
14654;201300009898;0;7;0;0.0;1.0;7.0;0.0;A01
14655;201300009899;0;7;0;0.0;0.0;7.0;15.0;A01
14656;201300009899;0;30;0;0.0;2.0;1.0;0.0;B01
14657;201300009900;0;7;0;0.0;2.0;8.0;16.0;A01
14658;201300009900;0;7;0;0.0;2.0;2.0;1.0;B01
14659;201300009901;0;7;0;0.0;1.0;1.0;1.0;A01
14660;201300009902;0;7;0;0.0;1.0;3.0;15.0;A01
14661;201300009903;0;7;0;0.0;0.0;3.0;15.0;A01
14662;201300009903;0;30;0;0.0;2.0;2.0;1.0;B01
14663;201300009904;0;33;0;0.0;2.0;7.0;17.0;A01
14664;201300009904;0;7;0;0.0;0.0;3.0;15.0;B01
14665;201300009905;0;30;0;0.0;0.0;0.0;0.0;A01
14666;201300009906;0;7;0;0.0;0.0;8.0;2.0;A01
14667;201300009906;0;31;0;0.0;2.0;1.0;2.0;B01
14668;201300009907;0;7;0;0.0;2.0;6.0;10.0;A01
14669;201300009907;0;2;0;0.0;2.0;1.0;2.0;B01
14670;201300009908;0;7;0;0.0;2.0;1.0;5.0;A01
14671;201300009908;0;7;0;0.0;2.0;1.0;1.0;B01
14672;201300009909;0;7;0;0.0;2.0;5.0;2.0;B01
14673;201300009909;0;7;0;0.0;2.0;3.0;2.0;A01
14674;201300009910;0;7;0;0.0;2.0;0.0;0.0;B01
14675;201300009910;0;33;0;0.0;2.0;0.0;0.0;A01
14676;201300009911;0;34;0;0.0;2.0;1.0;2.0;B01
14677;201300009911;0;7;0;0.0;2.0;8.0;10.0;A01
14678;201300009913;0;7;0;1.0;2.0;3.0;9.0;A01
14679;201300009913;0;34;0;0.0;2.0;1.0;1.0;B01
14680;201300009914;0;7;0;0.0;2.0;2.0;15.0;A01
14681;201300009914;0;32;0;0.0;2.0;1.0;1.0;B01
14682;201300009915;0;32;0;0.0;2.0;1.0;13.0;A01
14683;201300009915;0;7;0;0.0;2.0;1.0;1.0;B01
14684;201300009916;0;7;0;0.0;1.0;2.0;1.0;A01
14685;201300009917;0;7;0;0.0;1.0;1.0;0.0;A01
14686;201300009918;0;7;0;8.0;0.0;1.0;0.0;A01
14687;201300009919;0;33;0;0.0;2.0;1.0;17.0;B01
14688;201300009919;0;7;0;0.0;2.0;3.0;15.0;A01
14689;201300009920;0;7;0;0.0;2.0;3.0;10.0;B01
14690;201300009920;0;2;0;0.0;2.0;7.0;2.0;A01
14691;201300009921;0;7;0;0.0;2.0;8.0;13.0;A01
14692;201300009921;0;30;0;0.0;2.0;7.0;17.0;B01
14693;201300009922;0;7;0;0.0;2.0;0.0;0.0;A01
14694;201300009922;0;32;0;0.0;0.0;0.0;0.0;B01
14695;201300009923;0;7;0;0.0;0.0;5.0;2.0;A01
14696;201300009923;0;32;0;0.0;2.0;8.0;2.0;B01
14697;201300009924;0;2;0;0.0;0.0;1.0;1.0;A01
14698;201300009924;0;7;0;0.0;0.0;1.0;15.0;B01
14699;201300009925;0;7;0;0.0;0.0;1.0;2.0;C01
14700;201300009925;0;7;0;0.0;0.0;4.0;2.0;B01
14701;201300009925;0;7;0;0.0;2.0;4.0;2.0;A01
14702;201300009926;0;31;0;0.0;2.0;1.0;23.0;A01
14703;201300009926;1;10;0;0.0;2.0;4.0;4.0;Z01
14704;201300009927;0;10;0;1.0;0.0;2.0;1.0;A01
14705;201300009929;0;7;0;0.0;2.0;1.0;15.0;A01
14706;201300009929;0;32;0;0.0;2.0;1.0;1.0;B01
14707;201300009930;0;33;0;0.0;0.0;1.0;2.0;A01
14708;201300009930;0;7;0;0.0;0.0;2.0;15.0;B01
14709;201300009931;0;7;0;0.0;2.0;2.0;17.0;A01
14710;201300009931;0;14;0;0.0;2.0;8.0;1.0;B01
14711;201300009932;0;32;0;0.0;2.0;1.0;1.0;B01
14712;201300009932;0;31;0;0.0;0.0;0.0;0.0;C01
14713;201300009932;0;7;0;0.0;2.0;2.0;15.0;A01
14714;201300009933;0;32;0;0.0;2.0;7.0;17.0;A01
14715;201300009933;0;7;0;0.0;2.0;3.0;1.0;B01
14716;201300009934;0;30;0;0.0;2.0;8.0;18.0;A01
14717;201300009934;0;7;0;0.0;2.0;7.0;14.0;B01
14718;201300009935;0;7;0;1.0;0.0;2.0;14.0;A01
14719;201300009935;0;10;0;0.0;0.0;6.0;24.0;B01
14720;201300009936;0;30;0;0.0;0.0;0.0;17.0;A01
14721;201300009936;0;7;0;0.0;0.0;0.0;15.0;B01
14722;201300009937;0;30;0;0.0;2.0;1.0;2.0;A01
14723;201300009937;0;7;0;0.0;2.0;4.0;2.0;B01
14724;201300009938;0;7;0;0.0;2.0;1.0;1.0;A01
14725;201300009938;0;7;0;8.0;2.0;8.0;1.0;B01
14726;201300009940;0;7;0;0.0;2.0;3.0;10.0;A01
14727;201300009940;0;2;0;0.0;2.0;1.0;1.0;B01
14728;201300009941;0;33;0;0.0;2.0;1.0;2.0;A01
14729;201300009941;0;7;0;0.0;2.0;8.0;11.0;B01
14730;201300009942;0;2;0;0.0;2.0;1.0;17.0;A01
14731;201300009942;0;33;0;0.0;0.0;4.0;0.0;B01
14732;201300009943;0;7;0;0.0;1.0;1.0;0.0;A01
14733;201300009944;0;2;0;0.0;2.0;1.0;1.0;B01
14734;201300009944;0;7;0;0.0;2.0;5.0;1.0;A01
14735;201300009945;0;2;0;0.0;2.0;1.0;2.0;A01
14736;201300009945;0;7;0;0.0;0.0;4.0;2.0;B01
14737;201300009946;0;7;0;1.0;1.0;1.0;1.0;A01
14738;201300009947;0;30;0;0.0;2.0;1.0;2.0;A01
14739;201300009947;0;10;0;0.0;2.0;4.0;1.0;B01
14740;201300009949;0;33;0;0.0;2.0;1.0;1.0;A01
14741;201300009949;0;7;0;0.0;0.0;7.0;11.0;B01
14742;201300009950;0;33;0;0.0;2.0;1.0;1.0;A01
14743;201300009950;0;7;0;0.0;2.0;2.0;9.0;B01
14744;201300009951;0;7;0;1.0;0.0;8.0;0.0;B01
14745;201300009951;0;30;0;0.0;9.0;7.0;17.0;A01
14746;201300009952;0;10;0;0.0;2.0;2.0;2.0;A01
14747;201300009952;0;1;0;0.0;2.0;0.0;2.0;B01
14748;201300009952;0;1;0;0.0;2.0;0.0;2.0;C01
14749;201300009953;0;32;0;0.0;2.0;1.0;2.0;B01
14750;201300009953;0;7;0;0.0;0.0;5.0;15.0;A01
14751;201300009954;0;33;0;0.0;0.0;1.0;0.0;B01
14752;201300009954;0;7;0;0.0;0.0;1.0;0.0;C01
14753;201300009954;0;7;0;0.0;0.0;1.0;9.0;A01
14754;201300009955;0;32;0;12.0;0.0;0.0;2.0;A01
14755;201300009955;0;7;0;0.0;2.0;0.0;11.0;B01
14756;201300009956;0;1;0;0.0;2.0;2.0;2.0;A01
14757;201300009956;0;7;0;0.0;9.0;2.0;1.0;B01
14758;201300009957;0;33;0;0.0;2.0;8.0;3.0;A01
14759;201300009957;0;7;0;0.0;2.0;2.0;2.0;B01
14760;201300009957;0;7;0;0.0;2.0;2.0;2.0;C01
14761;201300009958;0;31;0;0.0;2.0;1.0;0.0;A01
14762;201300009958;0;7;0;0.0;2.0;8.0;15.0;B01
14763;201300009959;0;33;0;0.0;2.0;8.0;2.0;A01
14764;201300009959;0;7;0;0.0;2.0;0.0;15.0;B01
14765;201300009961;0;7;0;0.0;2.0;3.0;1.0;B01
14766;201300009961;0;7;0;0.0;2.0;1.0;21.0;A01
14767;201300009962;0;7;0;0.0;2.0;1.0;2.0;A01
14768;201300009962;0;34;0;0.0;0.0;4.0;2.0;B01
14769;201300009963;0;7;0;0.0;2.0;1.0;2.0;A01
14770;201300009963;0;7;0;0.0;0.0;4.0;2.0;B01
14771;201300009964;0;32;0;14.0;0.0;0.0;1.0;B01
14772;201300009964;0;10;0;0.0;0.0;0.0;1.0;A01
14773;201300009965;0;7;0;0.0;2.0;8.0;1.0;B01
14774;201300009965;0;2;0;0.0;2.0;1.0;0.0;A01
14775;201300009966;0;7;0;0.0;2.0;3.0;15.0;B01
14776;201300009966;0;2;0;0.0;2.0;1.0;1.0;A01
14777;201300009967;0;3;0;0.0;2.0;3.0;2.0;B01
14778;201300009967;0;30;0;0.0;2.0;1.0;17.0;A01
14779;201300009968;0;7;0;1.0;0.0;1.0;0.0;A01
14780;201300009969;0;7;0;0.0;1.0;1.0;16.0;A01
14781;201300009971;0;7;0;0.0;0.0;1.0;0.0;D01
14782;201300009971;0;7;0;0.0;0.0;1.0;6.0;A01
14783;201300009971;0;31;0;0.0;0.0;8.0;0.0;C01
14784;201300009971;0;7;0;0.0;0.0;6.0;0.0;B01
14785;201300009971;0;7;0;0.0;0.0;8.0;0.0;E01
14786;201300009972;0;7;0;0.0;0.0;0.0;15.0;B01
14787;201300009972;0;1;0;0.0;0.0;0.0;1.0;A01
14788;201300009973;0;10;0;0.0;2.0;8.0;9.0;A01
14789;201300009973;0;30;0;0.0;2.0;1.0;1.0;B01
14790;201300009974;0;7;0;0.0;2.0;2.0;9.0;A01
14791;201300009974;0;33;0;0.0;2.0;8.0;9.0;B01
14792;201300009975;0;7;0;0.0;2.0;7.0;19.0;A01
14793;201300009975;0;31;0;0.0;2.0;4.0;21.0;B01
14794;201300009976;0;10;0;0.0;2.0;2.0;1.0;B01
14795;201300009976;0;30;0;0.0;2.0;1.0;1.0;A01
14796;201300009977;0;33;0;0.0;2.0;1.0;1.0;A01
14797;201300009977;0;7;0;0.0;2.0;7.0;15.0;B01
14798;201300009978;0;7;0;0.0;2.0;1.0;2.0;A01
14799;201300009978;0;7;0;0.0;0.0;4.0;15.0;B01
14800;201300009979;0;34;0;0.0;0.0;4.0;1.0;C01
14801;201300009979;2;7;0;0.0;2.0;1.0;1.0;A01
14802;201300009979;0;33;0;0.0;2.0;4.0;1.0;B01
14803;201300009980;1;99;0;0.0;1.0;0.0;0.0;A01
14804;201300009981;0;33;0;0.0;0.0;0.0;0.0;A01
14805;201300009982;0;7;0;0.0;2.0;5.0;2.0;B01
14806;201300009982;0;34;0;0.0;2.0;1.0;9.0;A01
14807;201300009983;0;30;0;0.0;1.0;1.0;0.0;A01
14808;201300009984;0;1;0;0.0;2.0;1.0;2.0;A01
14809;201300009984;0;7;0;0.0;2.0;3.0;15.0;B01
14810;201300009985;0;7;0;0.0;2.0;3.0;1.0;B01
14811;201300009985;0;30;0;0.0;2.0;2.0;17.0;A01
14812;201300009986;0;2;0;16.0;0.0;7.0;1.0;A01
14813;201300009988;1;30;0;0.0;1.0;1.0;3.0;A01
14814;201300009989;0;7;0;1.0;0.0;1.0;2.0;A01
14815;201300009989;0;14;0;0.0;0.0;4.0;0.0;B01
14816;201300009990;1;30;0;0.0;2.0;2.0;9.0;A01
14817;201300009990;0;30;0;0.0;2.0;1.0;9.0;B01
14818;201300009991;0;2;0;0.0;2.0;1.0;2.0;A01
14819;201300009991;0;7;0;0.0;2.0;4.0;2.0;B01
14820;201300009992;0;7;0;0.0;2.0;1.0;1.0;B01
14821;201300009992;1;7;0;0.0;0.0;0.0;0.0;Z01
14822;201300009993;0;7;0;0.0;2.0;6.0;2.0;C01
14823;201300009993;0;32;0;0.0;2.0;4.0;2.0;D01
14824;201300009993;0;7;0;0.0;2.0;1.0;4.0;E01
14825;201300009993;0;7;0;0.0;2.0;1.0;2.0;A01
14826;201300009993;0;33;0;0.0;2.0;9.0;2.0;B01
14827;201300009994;0;7;0;0.0;2.0;0.0;2.0;A01
14828;201300009994;0;34;0;0.0;2.0;2.0;2.0;B01
14829;201300009995;0;32;0;0.0;2.0;1.0;17.0;A01
14830;201300009995;0;7;0;0.0;2.0;3.0;15.0;B01
14831;201300009996;0;7;0;0.0;1.0;0.0;4.0;A01
14832;201300009997;0;1;0;0.0;2.0;1.0;1.0;B01
14833;201300009997;0;34;0;0.0;2.0;3.0;15.0;A01
14834;201300009998;0;7;0;0.0;1.0;3.0;0.0;A01
14835;201300009999;0;7;0;0.0;0.0;3.0;11.0;A01
14836;201300009999;0;33;0;0.0;2.0;2.0;2.0;B01
14837;201300010000;0;2;0;0.0;2.0;1.0;17.0;A01
14838;201300010000;0;7;0;0.0;2.0;3.0;1.0;B01
14839;201300010001;0;1;0;0.0;1.0;1.0;1.0;A01
14840;201300010002;0;7;0;0.0;2.0;2.0;19.0;B01
14841;201300010002;0;7;0;0.0;2.0;3.0;1.0;C01
14842;201300010002;0;33;0;0.0;2.0;1.0;17.0;A01
14843;201300010003;0;10;0;0.0;1.0;1.0;1.0;A01
14844;201300010004;0;7;0;0.0;2.0;7.0;2.0;B01
14845;201300010004;0;30;0;0.0;2.0;8.0;2.0;A01
14846;201300010005;0;7;0;0.0;1.0;1.0;1.0;A01
14847;201300010007;0;30;0;0.0;2.0;8.0;1.0;B01
14848;201300010007;0;7;0;0.0;2.0;2.0;15.0;A01
14849;201300010008;0;7;0;0.0;2.0;0.0;24.0;B01
14850;201300010008;0;30;0;1.0;0.0;0.0;2.0;A01
14851;201300010009;0;7;0;0.0;2.0;3.0;15.0;A01
14852;201300010009;0;34;0;0.0;2.0;1.0;2.0;B01
14853;201300010010;0;17;0;8.0;1.0;5.0;16.0;A01
14854;201300010013;0;7;0;0.0;1.0;3.0;2.0;A01
14855;201300010014;0;34;0;0.0;2.0;1.0;1.0;B01
14856;201300010014;0;7;0;0.0;2.0;1.0;15.0;A01
14857;201300010015;0;14;0;0.0;0.0;3.0;2.0;B01
14858;201300010015;0;33;0;0.0;0.0;2.0;2.0;A01
14859;201300010016;0;10;0;0.0;1.0;4.0;4.0;A01
14860;201300010017;0;7;0;0.0;9.0;3.0;22.0;A01
14861;201300010017;0;1;0;1.0;0.0;0.0;2.0;B01
14862;201300010018;0;10;0;0.0;2.0;4.0;15.0;B01
14863;201300010018;0;31;0;0.0;2.0;1.0;1.0;A01
14864;201300010019;0;7;0;0.0;2.0;1.0;1.0;C01
14865;201300010019;0;7;0;0.0;2.0;2.0;10.0;A01
14866;201300010019;0;7;0;0.0;2.0;8.0;0.0;B01
14867;201300010020;0;30;0;0.0;2.0;1.0;18.0;A01
14868;201300010020;0;7;0;0.0;2.0;1.0;2.0;B01
14869;201300010021;0;7;0;0.0;1.0;2.0;1.0;A01
14870;201300010022;0;32;0;0.0;2.0;1.0;1.0;B01
14871;201300010022;0;7;0;0.0;2.0;3.0;15.0;A01
14872;201300010023;0;7;0;0.0;1.0;3.0;1.0;A01
14873;201300010024;0;7;0;0.0;2.0;3.0;20.0;A01
14874;201300010024;0;2;0;0.0;2.0;1.0;17.0;B01
14875;201300010025;1;10;0;0.0;2.0;1.0;2.0;Z01
14876;201300010025;0;7;0;0.0;2.0;4.0;2.0;B01
14877;201300010027;0;30;0;8.0;0.0;1.0;2.0;A01
14878;201300010028;0;33;0;0.0;2.0;1.0;2.0;A01
14879;201300010028;0;7;0;0.0;0.0;2.0;2.0;B01
14880;201300010029;0;32;0;0.0;2.0;9.0;2.0;A01
14881;201300010029;0;7;0;0.0;0.0;5.0;2.0;B01
14882;201300010030;0;7;0;0.0;2.0;1.0;2.0;A01
14883;201300010030;0;7;0;0.0;1.0;4.0;23.0;B01
14884;201300010031;0;30;0;0.0;0.0;1.0;2.0;B01
14885;201300010031;0;7;0;0.0;0.0;1.0;2.0;A01
14886;201300010032;0;32;0;6.0;2.0;2.0;17.0;A01
14887;201300010032;0;7;0;0.0;2.0;3.0;15.0;B01
14888;201300010035;0;13;0;0.0;1.0;3.0;1.0;A01
14889;201300010036;0;2;0;0.0;0.0;9.0;1.0;B01
14890;201300010036;0;10;0;0.0;0.0;1.0;1.0;A01
14891;201300010037;0;7;0;0.0;2.0;8.0;11.0;A01
14892;201300010037;0;34;0;0.0;2.0;7.0;1.0;B01
14893;201300010038;0;33;0;0.0;2.0;1.0;17.0;B01
14894;201300010038;0;7;0;0.0;2.0;2.0;15.0;A01
14895;201300010039;0;7;0;0.0;2.0;3.0;15.0;A01
14896;201300010039;0;30;0;0.0;2.0;1.0;1.0;B01
14897;201300010040;0;7;0;0.0;2.0;4.0;2.0;B01
14898;201300010040;0;7;0;0.0;2.0;3.0;2.0;A01
14899;201300010041;0;32;0;0.0;2.0;1.0;5.0;A01
14900;201300010041;0;32;0;0.0;2.0;1.0;1.0;B01
14901;201300010042;0;7;0;0.0;1.0;3.0;2.0;A01
14902;201300010043;0;7;0;0.0;1.0;8.0;9.0;B01
14903;201300010044;0;33;0;0.0;2.0;4.0;17.0;B01
14904;201300010044;0;7;0;0.0;2.0;1.0;1.0;A01
14905;201300010045;0;32;0;0.0;0.0;2.0;1.0;A01
14906;201300010045;0;1;0;0.0;2.0;2.0;0.0;B01
14907;201300010046;0;34;0;0.0;2.0;1.0;1.0;B01
14908;201300010046;0;10;0;0.0;2.0;8.0;19.0;A01
14909;201300010047;0;30;0;0.0;2.0;2.0;1.0;B01
14910;201300010047;0;7;0;0.0;2.0;3.0;15.0;A01
14911;201300010048;2;7;0;0.0;2.0;3.0;1.0;Z01
14912;201300010048;0;7;0;0.0;2.0;3.0;1.0;A01
14913;201300010049;0;30;0;0.0;2.0;1.0;1.0;A01
14914;201300010049;0;37;1;0.0;2.0;3.0;15.0;B01
14915;201300010050;0;31;0;0.0;0.0;4.0;1.0;A01
14916;201300010050;1;7;0;0.0;2.0;1.0;1.0;Z01
14917;201300010051;0;7;0;0.0;2.0;5.0;12.0;A01
14918;201300010051;0;33;0;0.0;2.0;1.0;1.0;B01
14919;201300010052;0;33;0;0.0;2.0;1.0;1.0;B01
14920;201300010052;0;13;0;0.0;2.0;1.0;15.0;A01
14921;201300010053;0;7;0;0.0;2.0;8.0;2.0;A01
14922;201300010053;0;34;0;0.0;2.0;2.0;2.0;B01
14923;201300010055;0;30;0;0.0;2.0;7.0;0.0;A01
14924;201300010055;0;7;0;0.0;2.0;3.0;15.0;B01
14925;201300010056;0;7;0;0.0;0.0;1.0;15.0;A01
14926;201300010056;0;1;0;0.0;0.0;8.0;1.0;B01
14927;201300010058;0;33;0;0.0;2.0;1.0;0.0;A01
14928;201300010058;0;7;0;0.0;2.0;2.0;15.0;B01
14929;201300010059;0;7;0;0.0;2.0;3.0;15.0;A01
14930;201300010059;0;33;0;0.0;2.0;1.0;1.0;B01
14931;201300010061;0;7;0;0.0;1.0;1.0;1.0;A01
14932;201300010062;0;7;0;0.0;2.0;1.0;1.0;B01
14933;201300010062;0;34;0;0.0;2.0;1.0;17.0;A01
14934;201300010063;0;10;0;0.0;0.0;5.0;1.0;B01
14935;201300010063;0;30;0;0.0;2.0;1.0;14.0;A01
14936;201300010064;0;34;0;0.0;2.0;1.0;1.0;A01
14937;201300010064;0;7;0;0.0;2.0;3.0;1.0;B01
14938;201300010065;0;7;0;0.0;1.0;1.0;1.0;A01
14939;201300010066;0;34;0;0.0;2.0;0.0;0.0;A01
14940;201300010066;0;10;0;0.0;2.0;0.0;1.0;B01