;Num_Acc;senc;catv;occutc;obs;obsm;choc;manv;num_veh
14941;201300010067;0;7;0;0.0;1.0;2.0;2.0;A01
14942;201300010068;0;33;0;0.0;2.0;2.0;1.0;B01
14943;201300010068;0;7;0;0.0;2.0;3.0;9.0;A01
14944;201300010069;0;7;0;0.0;1.0;2.0;1.0;A01
14945;201300010070;0;10;0;0.0;2.0;1.0;1.0;B01
14946;201300010070;0;7;0;0.0;2.0;2.0;15.0;A01
14947;201300010071;0;7;0;14.0;2.0;3.0;1.0;B01
14948;201300010071;0;7;0;0.0;2.0;1.0;19.0;A01
14949;201300010072;0;7;0;0.0;2.0;3.0;15.0;A01
14950;201300010072;0;32;0;0.0;2.0;1.0;0.0;B01
14951;201300010073;0;7;0;0.0;2.0;2.0;15.0;B01
14952;201300010073;0;7;0;0.0;2.0;3.0;1.0;A01
14953;201300010074;0;10;0;0.0;2.0;1.0;5.0;A01
14954;201300010074;0;2;0;0.0;2.0;9.0;1.0;B01
14955;201300010075;0;30;0;0.0;2.0;1.0;3.0;A01
14956;201300010075;0;7;0;0.0;2.0;3.0;15.0;B01
14957;201300010076;0;7;0;0.0;2.0;1.0;19.0;A01
14958;201300010076;0;30;0;0.0;2.0;1.0;1.0;B01
14959;201300010077;1;7;0;0.0;2.0;3.0;1.0;Z01
14960;201300010077;0;32;0;0.0;2.0;6.0;23.0;B01
14961;201300010077;0;7;0;0.0;2.0;3.0;23.0;C01
14962;201300010078;0;7;0;0.0;1.0;2.0;1.0;A01
14963;201300010080;0;7;0;0.0;1.0;2.0;0.0;A01
14964;201300010081;0;37;15;0.0;2.0;3.0;1.0;B01
14965;201300010081;0;7;0;0.0;2.0;3.0;1.0;A01
14966;201300010083;0;7;0;0.0;2.0;1.0;24.0;C01
14967;201300010083;0;7;0;1.0;0.0;1.0;13.0;A01
14968;201300010083;0;7;0;0.0;2.0;2.0;24.0;B01
14969;201300010084;0;37;1;0.0;2.0;7.0;15.0;A01
14970;201300010084;0;33;0;0.0;2.0;1.0;1.0;B01
14971;201300010085;0;7;0;0.0;1.0;1.0;2.0;A01
14972;201300010086;0;7;0;0.0;1.0;1.0;1.0;A01
14973;201300010088;0;2;0;0.0;2.0;1.0;1.0;B01
14974;201300010088;0;7;0;0.0;2.0;2.0;15.0;A01
14975;201300010089;0;20;0;0.0;1.0;6.0;4.0;A01
14976;201300010090;0;7;0;0.0;2.0;2.0;1.0;A01
14977;201300010090;0;7;0;0.0;0.0;8.0;11.0;B01
14978;201300010091;0;30;0;0.0;2.0;2.0;1.0;B01
14979;201300010091;0;7;0;0.0;2.0;3.0;9.0;A01
14980;201300010092;0;33;0;0.0;2.0;6.0;1.0;A01
14981;201300010092;0;7;0;0.0;2.0;5.0;0.0;B01
14982;201300010093;1;1;0;0.0;1.0;0.0;0.0;Z01
14983;201300010094;0;7;0;0.0;2.0;2.0;15.0;A01
14984;201300010094;0;33;0;0.0;2.0;8.0;1.0;B01
14985;201300010095;0;7;0;0.0;2.0;3.0;1.0;B01
14986;201300010095;0;7;0;0.0;2.0;9.0;14.0;A01
14987;201300010096;0;7;0;0.0;2.0;4.0;23.0;B01
14988;201300010096;0;30;0;0.0;2.0;1.0;2.0;A01
14989;201300010097;0;31;0;0.0;2.0;1.0;2.0;A01
14990;201300010097;0;7;0;0.0;2.0;3.0;1.0;C01
14991;201300010097;0;7;0;0.0;2.0;4.0;2.0;B01
14992;201300010098;0;7;0;0.0;2.0;7.0;1.0;B01
14993;201300010098;0;30;0;0.0;2.0;4.0;13.0;A01
14994;201300010099;0;34;0;0.0;2.0;1.0;1.0;B01
14995;201300010099;0;10;0;0.0;2.0;2.0;15.0;A01
14996;201300010100;0;7;0;0.0;2.0;3.0;12.0;A01
14997;201300010100;0;30;0;0.0;2.0;4.0;1.0;B01
14998;201300010101;0;7;0;0.0;1.0;3.0;15.0;A01
14999;201300010102;0;7;0;0.0;2.0;3.0;13.0;A01
15000;201300010102;0;7;0;0.0;2.0;1.0;1.0;B01
15001;201300010103;0;7;0;0.0;2.0;3.0;1.0;B01
15002;201300010103;0;7;0;0.0;2.0;1.0;15.0;A01
15003;201300010104;0;7;0;0.0;2.0;3.0;15.0;A01
15004;201300010104;0;31;0;0.0;2.0;8.0;1.0;B01
15005;201300010105;0;10;0;0.0;2.0;3.0;1.0;C01
15006;201300010105;0;33;0;0.0;2.0;2.0;2.0;A01
15007;201300010105;0;7;0;0.0;2.0;6.0;2.0;B01
15008;201300010106;0;7;0;0.0;1.0;1.0;1.0;A01
15009;201300010107;0;7;0;0.0;1.0;2.0;1.0;A01
15010;201300010109;0;7;0;0.0;2.0;1.0;15.0;A01
15011;201300010109;0;31;0;0.0;2.0;1.0;1.0;B01
15012;201300010110;0;7;0;0.0;2.0;1.0;2.0;A01
15013;201300010110;0;7;0;0.0;2.0;4.0;23.0;B01
15014;201300010111;0;7;0;0.0;1.0;1.0;1.0;A01
15015;201300010112;0;33;0;0.0;2.0;1.0;1.0;B01
15016;201300010112;0;7;0;0.0;2.0;2.0;15.0;A01
15017;201300010113;0;30;0;0.0;2.0;2.0;15.0;A01
15018;201300010113;0;7;0;0.0;2.0;3.0;1.0;B01
15019;201300010114;0;7;0;0.0;1.0;4.0;4.0;A01
15020;201300010115;0;7;0;0.0;2.0;1.0;2.0;A01
15021;201300010115;0;7;0;0.0;2.0;4.0;2.0;B01
15022;201300010117;0;7;0;0.0;1.0;2.0;15.0;A01
15023;201300010120;0;7;0;0.0;2.0;1.0;2.0;A01
15024;201300010120;0;33;0;0.0;2.0;4.0;2.0;B01
15025;201300010121;0;33;0;0.0;2.0;1.0;1.0;B01
15026;201300010121;0;10;0;0.0;2.0;3.0;10.0;A01
15027;201300010122;0;7;0;0.0;2.0;1.0;2.0;A01
15028;201300010122;0;7;0;0.0;2.0;4.0;2.0;B01
15029;201300010123;0;31;0;0.0;2.0;0.0;1.0;A01
15030;201300010123;1;7;0;0.0;2.0;0.0;15.0;Z01
15031;201300010124;0;30;0;0.0;1.0;0.0;1.0;A01
15032;201300010125;0;7;0;0.0;2.0;4.0;1.0;B01
15033;201300010125;0;31;0;0.0;2.0;1.0;2.0;A01
15034;201300010126;0;7;0;0.0;2.0;1.0;2.0;A01
15035;201300010126;0;7;0;0.0;2.0;4.0;2.0;B01
15036;201300010127;0;31;0;0.0;2.0;0.0;1.0;B01
15037;201300010127;0;7;0;0.0;2.0;1.0;15.0;A01
15038;201300010128;0;1;0;0.0;2.0;0.0;17.0;A01
15039;201300010128;0;7;0;0.0;2.0;2.0;1.0;B01
15040;201300010129;0;7;0;0.0;2.0;1.0;2.0;A01
15041;201300010129;0;7;0;0.0;2.0;4.0;2.0;B01
15042;201300010130;0;7;0;0.0;1.0;0.0;1.0;A01
15043;201300010132;0;10;0;0.0;2.0;6.0;4.0;A01
15044;201300010132;0;7;0;0.0;2.0;5.0;1.0;B01
15045;201300010133;0;7;0;0.0;2.0;8.0;1.0;B01
15046;201300010133;0;33;0;0.0;2.0;8.0;12.0;A01
15047;201300010134;0;7;0;0.0;2.0;3.0;17.0;A01
15048;201300010134;0;7;0;0.0;2.0;3.0;1.0;B01
15049;201300010135;0;32;0;0.0;2.0;1.0;2.0;A01
15050;201300010135;0;7;0;0.0;2.0;4.0;2.0;B01
15051;201300010136;0;7;0;0.0;2.0;0.0;9.0;A01
15052;201300010136;0;33;0;0.0;2.0;0.0;1.0;B01
15053;201300010137;0;33;0;0.0;2.0;1.0;1.0;B01
15054;201300010137;0;7;0;0.0;2.0;7.0;10.0;A01
15055;201300010138;0;7;0;0.0;2.0;1.0;2.0;A01
15056;201300010138;0;30;0;0.0;2.0;4.0;2.0;B01
15057;201300010139;0;33;0;0.0;2.0;1.0;1.0;B01
15058;201300010139;0;7;0;0.0;2.0;8.0;9.0;A01
15059;201300010140;0;7;0;0.0;2.0;3.0;15.0;A01
15060;201300010140;0;31;0;0.0;2.0;1.0;1.0;B01
15061;201300010141;0;7;0;0.0;2.0;1.0;2.0;A01
15062;201300010141;0;7;0;0.0;2.0;4.0;2.0;C01
15063;201300010141;0;7;0;0.0;2.0;4.0;2.0;B01
15064;201300010142;0;7;0;0.0;2.0;8.0;1.0;B01
15065;201300010142;0;7;0;0.0;2.0;3.0;5.0;A01
15066;201300010143;0;7;0;0.0;2.0;3.0;15.0;A01
15067;201300010143;0;30;0;0.0;2.0;1.0;1.0;B01
15068;201300010146;0;7;0;0.0;2.0;2.0;1.0;A01
15069;201300010146;0;33;0;0.0;2.0;3.0;1.0;B01
15070;201300010147;0;7;0;0.0;1.0;1.0;1.0;A01
15071;201300010148;0;7;0;0.0;2.0;3.0;15.0;A01
15072;201300010148;0;30;0;0.0;2.0;1.0;13.0;B01
15073;201300010149;0;7;0;0.0;2.0;6.0;15.0;A01
15074;201300010149;0;32;0;0.0;2.0;1.0;1.0;B01
15075;201300010151;0;7;0;0.0;1.0;3.0;1.0;A01
15076;201300010152;0;7;0;0.0;2.0;7.0;12.0;A01
15077;201300010152;0;30;0;0.0;2.0;8.0;1.0;B01
15078;201300010153;0;1;0;0.0;2.0;1.0;1.0;A01
15079;201300010153;0;1;0;0.0;2.0;1.0;1.0;B01
15080;201300010154;0;1;0;0.0;2.0;1.0;2.0;A01
15081;201300010154;0;7;0;0.0;2.0;4.0;23.0;B01
15082;201300010155;0;31;0;0.0;2.0;0.0;1.0;B01
15083;201300010155;0;7;0;0.0;2.0;0.0;9.0;A01
15084;201300010156;0;7;0;0.0;1.0;1.0;1.0;A01
15085;201300010157;0;30;0;0.0;2.0;8.0;15.0;B01
15086;201300010157;0;36;0;0.0;2.0;7.0;15.0;A01
15087;201300010158;0;33;0;0.0;2.0;1.0;1.0;B01
15088;201300010158;0;7;0;0.0;2.0;6.0;9.0;A01
15089;201300010160;0;7;0;0.0;2.0;8.0;20.0;A01
15090;201300010160;0;30;0;0.0;2.0;1.0;21.0;B01
15091;201300010161;0;30;0;0.0;2.0;2.0;13.0;B01
15092;201300010161;0;7;0;0.0;2.0;3.0;15.0;A01
15093;201300010162;0;7;0;0.0;2.0;7.0;15.0;A01
15094;201300010162;0;7;0;0.0;2.0;8.0;1.0;B01
15095;201300010163;0;7;0;0.0;2.0;3.0;1.0;B01
15096;201300010163;0;31;0;0.0;2.0;7.0;17.0;A01
15097;201300010164;0;7;0;0.0;1.0;2.0;1.0;A01
15098;201300010165;0;7;0;0.0;2.0;7.0;1.0;A01
15099;201300010165;0;33;0;0.0;2.0;8.0;1.0;B01
15100;201300010166;0;33;0;0.0;2.0;1.0;9.0;A01
15101;201300010166;0;31;0;0.0;2.0;1.0;1.0;B01
15102;201300010167;0;7;0;0.0;2.0;2.0;1.0;B01
15103;201300010167;0;7;0;0.0;2.0;3.0;9.0;A01
15104;201300010168;0;7;0;0.0;2.0;1.0;1.0;B01
15105;201300010168;0;1;0;0.0;2.0;7.0;15.0;A01
15106;201300010170;0;7;0;0.0;1.0;1.0;1.0;A01
15107;201300010171;0;10;0;0.0;2.0;1.0;1.0;B01
15108;201300010171;0;32;0;0.0;2.0;1.0;1.0;A01
15109;201300010173;0;33;0;0.0;2.0;2.0;13.0;B01
15110;201300010173;0;7;0;0.0;2.0;8.0;15.0;A01
15111;201300010174;0;30;0;11.0;2.0;1.0;17.0;A01
15112;201300010174;0;7;0;0.0;2.0;3.0;1.0;B01
15113;201300010175;0;3;0;0.0;2.0;1.0;2.0;A01
15114;201300010175;0;7;0;0.0;2.0;4.0;2.0;B01
15115;201300010176;0;32;0;0.0;2.0;7.0;14.0;A01
15116;201300010176;0;7;0;0.0;2.0;3.0;13.0;B01
15117;201300010177;0;31;0;0.0;2.0;1.0;1.0;A01
15118;201300010177;1;10;0;0.0;2.0;0.0;15.0;Z01
15119;201300010178;0;10;0;0.0;2.0;0.0;9.0;A01
15120;201300010178;0;32;0;0.0;2.0;0.0;1.0;B01
15121;201300010179;0;7;0;0.0;2.0;3.0;15.0;A01
15122;201300010179;0;30;0;0.0;2.0;2.0;1.0;B01
15123;201300010180;0;7;0;0.0;2.0;4.0;2.0;B01
15124;201300010180;0;32;0;0.0;2.0;1.0;2.0;A01
15125;201300010181;0;38;45;0.0;2.0;1.0;2.0;A01
15126;201300010181;0;7;0;0.0;2.0;4.0;2.0;B01
15127;201300010182;0;14;0;0.0;2.0;0.0;9.0;A01
15128;201300010182;0;1;0;0.0;2.0;0.0;1.0;B01
15129;201300010183;0;7;0;0.0;2.0;2.0;15.0;A01
15130;201300010183;0;32;0;0.0;2.0;1.0;1.0;B01
15131;201300010184;0;32;0;0.0;2.0;1.0;1.0;B01
15132;201300010184;0;14;0;0.0;2.0;1.0;15.0;A01
15133;201300010185;0;10;0;0.0;2.0;1.0;2.0;A01
15134;201300010185;0;7;0;0.0;2.0;4.0;2.0;B01
15135;201300010186;0;30;0;0.0;2.0;7.0;17.0;A01
15136;201300010186;0;7;0;0.0;2.0;3.0;15.0;B01
15137;201300010187;0;10;0;16.0;0.0;1.0;1.0;A01
15138;201300010188;0;31;0;0.0;2.0;1.0;2.0;A01
15139;201300010188;0;7;0;0.0;2.0;4.0;2.0;B01
15140;201300010189;0;7;0;0.0;2.0;3.0;9.0;A01
15141;201300010189;0;1;0;0.0;2.0;7.0;1.0;B01
15142;201300010190;0;7;0;0.0;2.0;1.0;10.0;A01
15143;201300010190;0;32;0;0.0;2.0;3.0;1.0;B01
15144;201300010191;0;32;0;0.0;2.0;1.0;1.0;B01
15145;201300010191;0;7;0;0.0;2.0;5.0;12.0;A01
15146;201300010192;0;30;0;0.0;2.0;1.0;2.0;A01
15147;201300010192;0;10;0;0.0;2.0;4.0;2.0;B01
15148;201300010193;0;7;0;0.0;2.0;1.0;1.0;B01
15149;201300010193;0;7;0;0.0;2.0;1.0;1.0;A01
15150;201300010194;0;30;0;0.0;2.0;1.0;2.0;A01
15151;201300010194;0;7;0;0.0;2.0;4.0;2.0;B01
15152;201300010195;0;30;0;0.0;2.0;1.0;1.0;B01
15153;201300010195;0;7;0;0.0;2.0;2.0;15.0;A01
15154;201300010196;0;7;0;3.0;0.0;1.0;0.0;A01
15155;201300010197;0;30;0;0.0;2.0;0.0;23.0;B01
15156;201300010197;0;7;0;0.0;2.0;3.0;20.0;A01
15157;201300010198;0;10;0;0.0;2.0;1.0;16.0;B01
15158;201300010198;0;7;0;0.0;2.0;2.0;16.0;A01
15159;201300010199;0;30;0;0.0;2.0;1.0;1.0;A01
15160;201300010199;0;30;0;0.0;2.0;3.0;1.0;B01
15161;201300010200;0;7;0;0.0;2.0;6.0;15.0;B01
15162;201300010200;0;33;0;0.0;2.0;1.0;15.0;A01
15163;201300010201;0;30;0;0.0;0.0;8.0;1.0;A01
15164;201300010202;0;7;0;0.0;2.0;1.0;2.0;A01
15165;201300010202;0;7;0;0.0;2.0;4.0;23.0;B01
15166;201300010203;0;10;0;0.0;2.0;3.0;15.0;A01
15167;201300010203;0;31;0;0.0;2.0;8.0;1.0;B01
15168;201300010204;0;7;0;0.0;2.0;2.0;15.0;A01
15169;201300010204;0;33;0;0.0;2.0;1.0;1.0;B01
15170;201300010205;0;33;0;0.0;2.0;1.0;1.0;A01
15171;201300010205;0;7;0;0.0;2.0;1.0;1.0;B01
15172;201300010206;0;7;0;0.0;2.0;1.0;1.0;B01
15173;201300010206;0;7;0;0.0;2.0;7.0;5.0;A01
15174;201300010207;0;33;0;0.0;2.0;7.0;1.0;B01
15175;201300010207;0;7;0;0.0;2.0;1.0;15.0;A01
15176;201300010208;0;99;0;0.0;2.0;7.0;1.0;B01
15177;201300010208;0;30;0;0.0;2.0;1.0;1.0;A01
15178;201300010209;0;32;0;0.0;1.0;1.0;1.0;A01
15179;201300010210;0;7;0;0.0;1.0;2.0;1.0;A01
15180;201300010212;0;7;0;0.0;1.0;2.0;1.0;A01
15181;201300010213;0;7;0;0.0;1.0;1.0;1.0;A01
15182;201300010214;0;30;0;0.0;2.0;2.0;13.0;B01
15183;201300010214;0;7;0;0.0;2.0;8.0;15.0;A01
15184;201300010216;0;7;0;0.0;2.0;4.0;2.0;B01
15185;201300010216;0;7;0;0.0;2.0;1.0;2.0;A01
15186;201300010217;0;32;0;0.0;2.0;4.0;23.0;B01
15187;201300010217;0;7;0;0.0;2.0;2.0;2.0;A01
15188;201300010218;0;33;0;0.0;2.0;4.0;23.0;B01
15189;201300010218;0;7;0;0.0;2.0;1.0;2.0;A01
15190;201300010220;0;32;0;0.0;2.0;7.0;1.0;B01
15191;201300010220;0;7;0;0.0;2.0;1.0;9.0;A01
15192;201300010221;0;3;0;1.0;2.0;5.0;1.0;B01
15193;201300010221;0;7;0;0.0;2.0;2.0;9.0;A01
15194;201300010222;0;7;0;0.0;2.0;2.0;12.0;A01
15195;201300010222;0;32;0;0.0;2.0;8.0;1.0;B01
15196;201300010223;0;10;0;0.0;2.0;4.0;2.0;A01
15197;201300010223;1;99;0;0.0;0.0;0.0;0.0;Z01
15198;201300010224;0;7;0;0.0;2.0;6.0;15.0;B01
15199;201300010224;0;1;0;0.0;2.0;1.0;17.0;A01
15200;201300010225;0;7;0;0.0;2.0;1.0;1.0;A01
15201;201300010225;0;7;0;0.0;2.0;2.0;15.0;B01
15202;201300010226;0;7;0;0.0;1.0;1.0;15.0;A01
15203;201300010227;0;7;0;0.0;2.0;0.0;9.0;A01
15204;201300010227;0;30;0;0.0;2.0;1.0;1.0;B01
15205;201300010228;0;3;0;0.0;1.0;2.0;1.0;A01
15206;201300010229;0;7;0;0.0;2.0;1.0;2.0;A01
15207;201300010229;0;7;0;0.0;2.0;4.0;23.0;B01
15208;201300010231;0;7;0;0.0;1.0;1.0;1.0;A01
15209;201300010233;0;7;0;0.0;2.0;1.0;2.0;A01
15210;201300010233;0;7;0;0.0;2.0;4.0;2.0;B01
15211;201300010234;0;7;0;0.0;2.0;4.0;2.0;C01
15212;201300010234;0;7;0;0.0;2.0;4.0;2.0;B01
15213;201300010234;0;7;0;0.0;2.0;1.0;2.0;A01
15214;201300010235;0;33;0;1.0;0.0;0.0;12.0;A01
15215;201300010236;0;7;0;1.0;0.0;1.0;1.0;A01
15216;201300010236;0;14;0;0.0;0.0;0.0;1.0;C01
15217;201300010237;0;7;0;0.0;2.0;3.0;15.0;A01
15218;201300010237;0;31;0;0.0;2.0;2.0;13.0;B01
15219;201300010238;0;33;0;0.0;2.0;1.0;1.0;B01
15220;201300010238;0;7;0;0.0;2.0;3.0;15.0;A01
15221;201300010239;0;7;0;0.0;2.0;3.0;19.0;A01
15222;201300010239;0;33;0;0.0;2.0;2.0;1.0;B01
15223;201300010240;0;7;0;0.0;2.0;1.0;2.0;A01
15224;201300010240;0;7;0;0.0;1.0;4.0;23.0;B01
15225;201300010241;0;1;0;0.0;2.0;3.0;1.0;B01
15226;201300010241;0;2;0;0.0;2.0;2.0;9.0;A01
15227;201300010242;0;7;0;0.0;2.0;3.0;15.0;A01
15228;201300010242;0;2;0;0.0;2.0;2.0;17.0;B01
15229;201300010243;0;34;0;0.0;2.0;1.0;1.0;B01
15230;201300010243;0;7;0;0.0;2.0;8.0;10.0;A01
15231;201300010244;0;7;0;0.0;1.0;3.0;1.0;A01
15232;201300010245;0;32;0;0.0;2.0;8.0;1.0;B01
15233;201300010245;0;7;0;0.0;2.0;2.0;9.0;A01
15234;201300010246;0;7;0;0.0;1.0;3.0;1.0;A01
15235;201300010247;0;7;0;0.0;2.0;3.0;10.0;A01
15236;201300010247;0;32;0;0.0;2.0;2.0;1.0;B01
15237;201300010248;0;33;0;0.0;1.0;0.0;1.0;A01
15238;201300010249;0;7;0;0.0;2.0;1.0;9.0;A01
15239;201300010249;0;30;0;0.0;2.0;1.0;1.0;B01
15240;201300010250;0;33;0;0.0;2.0;1.0;1.0;B01
15241;201300010250;0;7;0;0.0;2.0;3.0;15.0;A01
15242;201300010251;0;7;0;0.0;2.0;1.0;9.0;A01
15243;201300010251;0;33;0;0.0;2.0;1.0;1.0;B01
15244;201300010252;0;7;0;0.0;2.0;2.0;16.0;A01
15245;201300010252;0;1;0;0.0;2.0;4.0;16.0;B01
15246;201300010253;0;7;0;0.0;2.0;4.0;2.0;B01
15247;201300010253;0;7;0;0.0;2.0;1.0;2.0;A01
15248;201300010254;0;10;0;0.0;2.0;3.0;15.0;A01
15249;201300010254;0;31;0;0.0;2.0;1.0;1.0;B01
15250;201300010255;0;7;0;0.0;2.0;3.0;2.0;B01
15251;201300010255;0;31;0;0.0;2.0;7.0;2.0;A01
15252;201300010256;0;7;0;0.0;2.0;4.0;2.0;B01
15253;201300010256;0;7;0;0.0;2.0;1.0;2.0;A01
15254;201300010257;1;7;0;0.0;2.0;0.0;0.0;Z01
15255;201300010257;0;2;0;0.0;2.0;3.0;16.0;A01
15256;201300010259;0;1;0;0.0;1.0;1.0;1.0;A01
15257;201300010260;0;2;0;0.0;2.0;2.0;1.0;B01
15258;201300010260;0;7;0;0.0;2.0;1.0;9.0;A01
15259;201300010261;0;7;0;0.0;2.0;3.0;1.0;B01
15260;201300010261;0;7;0;0.0;2.0;2.0;15.0;A01
15261;201300010262;0;7;0;0.0;2.0;7.0;1.0;A01
15262;201300010262;1;99;0;0.0;0.0;0.0;0.0;Z01
15263;201300010263;0;33;0;0.0;2.0;8.0;1.0;B01
15264;201300010263;0;7;0;0.0;2.0;2.0;12.0;A01
15265;201300010264;0;7;0;0.0;2.0;4.0;23.0;C01
15266;201300010264;0;7;0;0.0;2.0;6.0;1.0;D01
15267;201300010264;0;7;0;0.0;2.0;4.0;2.0;B01
15268;201300010264;0;10;0;0.0;2.0;1.0;2.0;A01
15269;201300010265;0;7;0;0.0;2.0;5.0;15.0;A01
15270;201300010265;0;30;0;0.0;2.0;1.0;1.0;B01
15271;201300010266;0;7;0;0.0;2.0;1.0;0.0;B01
15272;201300010266;0;7;0;0.0;2.0;1.0;0.0;A01
15273;201300010267;0;7;0;0.0;1.0;2.0;1.0;A01
15274;201300010268;0;7;0;0.0;2.0;1.0;1.0;A01
15275;201300010268;0;30;0;0.0;2.0;1.0;1.0;B01
15276;201300010271;0;7;0;0.0;2.0;1.0;0.0;A01
15277;201300010271;0;1;0;0.0;2.0;1.0;0.0;B01
15278;201300010273;0;7;0;0.0;1.0;1.0;1.0;A01
15279;201300010274;0;7;0;0.0;2.0;8.0;9.0;A01
15280;201300010274;0;2;0;0.0;2.0;1.0;1.0;B01
15281;201300010275;0;31;0;0.0;2.0;1.0;1.0;A01
15282;201300010275;0;7;0;0.0;2.0;2.0;1.0;B01
15283;201300010276;0;2;0;0.0;2.0;1.0;1.0;B01
15284;201300010276;0;7;0;0.0;2.0;3.0;9.0;A01
15285;201300010277;0;1;0;0.0;2.0;1.0;1.0;B01
15286;201300010277;0;7;0;0.0;2.0;2.0;10.0;A01
15287;201300010278;0;30;0;0.0;2.0;1.0;1.0;A01
15288;201300010278;0;7;0;0.0;2.0;1.0;1.0;B01
15289;201300010279;0;7;0;0.0;1.0;1.0;1.0;A01
15290;201300010280;0;2;0;0.0;2.0;4.0;0.0;B01
15291;201300010280;0;7;0;0.0;2.0;1.0;0.0;A01
15292;201300010281;0;7;0;0.0;1.0;1.0;1.0;A01
15293;201300010282;0;7;0;0.0;2.0;8.0;15.0;B01
15294;201300010282;0;2;0;0.0;2.0;1.0;17.0;A01
15295;201300010283;0;33;0;0.0;1.0;1.0;1.0;A01
15296;201300010284;0;7;0;0.0;1.0;3.0;15.0;A01
15297;201300010285;0;7;0;0.0;2.0;8.0;9.0;A01
15298;201300010285;0;34;0;0.0;2.0;1.0;1.0;B01
15299;201300010287;0;1;0;0.0;2.0;1.0;1.0;A01
15300;201300010288;0;7;0;0.0;2.0;6.0;15.0;B01
15301;201300010288;0;2;0;0.0;2.0;1.0;1.0;A01
15302;201300010289;0;7;0;0.0;2.0;1.0;15.0;A01
15303;201300010289;0;31;0;0.0;2.0;1.0;1.0;B01
15304;201300010290;0;33;0;0.0;1.0;1.0;17.0;A01
15305;201300010291;0;7;0;0.0;2.0;1.0;1.0;A01
15306;201300010291;0;30;0;0.0;2.0;1.0;1.0;B01
15307;201300010292;0;7;0;0.0;2.0;1.0;15.0;A01
15308;201300010292;0;7;0;15.0;2.0;8.0;1.0;B01
15309;201300010293;0;34;0;9.0;2.0;1.0;1.0;A01
15310;201300010294;0;30;0;0.0;2.0;1.0;5.0;A01
15311;201300010294;0;7;0;0.0;2.0;7.0;1.0;B01
15312;201300010295;0;31;0;0.0;2.0;1.0;1.0;A01
15313;201300010295;0;7;0;0.0;2.0;6.0;1.0;B01
15314;201300010296;0;32;0;0.0;2.0;1.0;1.0;A01
15315;201300010296;0;33;0;0.0;2.0;8.0;19.0;B01
15316;201300010297;0;7;0;0.0;1.0;1.0;1.0;A01
15317;201300010298;0;7;0;0.0;1.0;1.0;1.0;A01
15318;201300010299;0;33;0;0.0;2.0;1.0;1.0;A01
15319;201300010299;0;7;0;0.0;2.0;3.0;1.0;B01
15320;201300010300;0;7;0;0.0;1.0;1.0;1.0;A01
15321;201300010301;0;1;0;0.0;2.0;1.0;0.0;B01
15322;201300010301;0;7;0;0.0;2.0;1.0;0.0;A01
15323;201300010302;0;7;0;0.0;2.0;2.0;1.0;A01
15324;201300010302;0;33;0;0.0;2.0;1.0;1.0;B01
15325;201300010303;0;7;0;0.0;2.0;4.0;1.0;B01
15326;201300010303;0;30;0;0.0;2.0;1.0;1.0;A01
15327;201300010304;0;7;0;0.0;2.0;4.0;1.0;B01
15328;201300010304;0;7;0;0.0;2.0;1.0;1.0;A01
15329;201300010305;0;7;0;0.0;0.0;1.0;13.0;A01
15330;201300010306;0;7;0;0.0;2.0;1.0;0.0;A01
15331;201300010306;0;31;0;0.0;2.0;1.0;1.0;B01
15332;201300010307;0;7;0;0.0;1.0;1.0;1.0;A01
15333;201300010308;0;32;0;0.0;2.0;1.0;1.0;B01
15334;201300010308;0;7;0;0.0;2.0;3.0;9.0;A01
15335;201300010309;0;7;0;0.0;1.0;1.0;1.0;A01
15336;201300010310;0;7;0;0.0;2.0;8.0;9.0;A01
15337;201300010310;0;1;0;0.0;2.0;1.0;1.0;B01
15338;201300010311;0;7;0;0.0;2.0;8.0;11.0;A01
15339;201300010311;0;33;0;0.0;2.0;1.0;0.0;B01
15340;201300010312;0;31;0;8.0;0.0;1.0;1.0;A01
15341;201300010316;0;37;1;0.0;1.0;0.0;0.0;A01
15342;201300010317;0;7;0;0.0;2.0;1.0;1.0;A01
15343;201300010317;0;7;0;0.0;2.0;1.0;1.0;B01
15344;201300010318;0;37;1;0.0;2.0;1.0;1.0;A01
15345;201300010318;0;7;0;0.0;2.0;4.0;0.0;B01
15346;201300010319;0;34;0;0.0;2.0;1.0;1.0;B01
15347;201300010319;0;7;0;0.0;2.0;2.0;15.0;A01
15348;201300010320;0;7;0;0.0;1.0;7.0;1.0;A01
15349;201300010322;0;7;0;0.0;2.0;3.0;1.0;A01
15350;201300010322;0;30;0;0.0;2.0;1.0;1.0;B01
15351;201300010323;0;31;0;0.0;2.0;1.0;1.0;B01
15352;201300010323;0;7;0;0.0;2.0;8.0;9.0;A01
15353;201300010324;0;7;0;0.0;1.0;1.0;0.0;A01
15354;201300010325;0;7;0;0.0;2.0;2.0;1.0;A01
15355;201300010325;0;32;0;0.0;2.0;1.0;1.0;B01
15356;201300010326;0;7;0;0.0;1.0;1.0;1.0;A01
15357;201300010327;0;7;0;0.0;2.0;0.0;15.0;A01
15358;201300010327;0;33;0;0.0;2.0;0.0;1.0;B01
15359;201300010328;0;33;0;0.0;2.0;1.0;1.0;A01
15360;201300010328;0;7;0;0.0;2.0;1.0;1.0;B01
15361;201300010329;0;7;0;0.0;2.0;6.0;1.0;A01