;Num_Acc;senc;catv;occutc;obs;obsm;choc;manv;num_veh
15362;201300010329;0;2;0;0.0;2.0;1.0;1.0;B01
15363;201300010330;0;7;0;0.0;2.0;6.0;1.0;B01
15364;201300010330;0;34;0;0.0;2.0;1.0;12.0;A01
15365;201300010331;0;7;0;3.0;2.0;8.0;1.0;B01
15366;201300010331;0;7;0;3.0;2.0;1.0;0.0;A01
15367;201300010332;0;7;0;0.0;2.0;1.0;5.0;A01
15368;201300010332;0;31;0;0.0;2.0;1.0;1.0;B01
15369;201300010333;0;10;0;0.0;2.0;6.0;0.0;B01
15370;201300010333;0;30;0;0.0;2.0;1.0;1.0;A01
15371;201300010334;0;7;0;14.0;0.0;1.0;0.0;A01
15372;201300010335;0;7;0;0.0;2.0;0.0;1.0;A01
15373;201300010335;0;7;0;1.0;2.0;0.0;24.0;B01
15374;201300010336;0;7;0;0.0;2.0;0.0;0.0;A01
15375;201300010336;0;1;0;0.0;2.0;0.0;1.0;B01
15376;201300010337;0;2;0;0.0;2.0;1.0;13.0;A01
15377;201300010337;0;7;0;0.0;2.0;8.0;1.0;B01
15378;201300010338;0;34;0;0.0;2.0;1.0;17.0;B01
15379;201300010338;0;7;0;0.0;2.0;8.0;15.0;A01
15380;201300010339;0;7;0;0.0;2.0;7.0;1.0;B01
15381;201300010339;0;7;0;0.0;2.0;1.0;9.0;A01
15382;201300010340;0;7;0;0.0;2.0;8.0;11.0;A01
15383;201300010340;0;33;0;0.0;2.0;1.0;1.0;B01
15384;201300010341;0;34;0;0.0;2.0;1.0;1.0;B01
15385;201300010341;0;7;0;0.0;2.0;7.0;15.0;A01
15386;201300010342;0;7;0;0.0;1.0;1.0;1.0;A01
15387;201300010343;0;7;0;0.0;2.0;1.0;15.0;A01
15388;201300010343;0;7;0;0.0;2.0;3.0;1.0;B01
15389;201300010344;0;7;0;0.0;2.0;1.0;1.0;A01
15390;201300010344;0;7;0;0.0;2.0;4.0;23.0;B01
15391;201300010345;0;7;0;0.0;2.0;1.0;1.0;A01
15392;201300010345;0;7;0;0.0;2.0;1.0;1.0;B01
15393;201300010346;0;7;0;0.0;2.0;4.0;4.0;A01
15394;201300010346;0;1;0;0.0;2.0;0.0;1.0;B01
15395;201300010347;0;32;0;0.0;1.0;1.0;1.0;A01
15396;201300010348;0;33;0;0.0;2.0;4.0;23.0;B01
15397;201300010348;0;7;0;0.0;2.0;1.0;1.0;A01
15398;201300010349;0;7;0;0.0;2.0;5.0;15.0;A01
15399;201300010349;0;33;0;0.0;2.0;1.0;1.0;B01
15400;201300010350;0;32;0;0.0;9.0;0.0;1.0;A01
15401;201300010351;0;30;0;0.0;1.0;1.0;1.0;A01
15402;201300010352;0;33;0;0.0;2.0;1.0;0.0;B01
15403;201300010352;0;30;0;0.0;2.0;3.0;1.0;A01
15404;201300010354;0;7;0;0.0;2.0;1.0;1.0;B01
15405;201300010354;0;32;0;0.0;2.0;1.0;1.0;A01
15406;201300010356;0;7;0;0.0;1.0;1.0;1.0;A01
15407;201300010357;0;7;0;0.0;1.0;4.0;4.0;A01
15408;201300010358;0;7;0;0.0;2.0;1.0;19.0;A01
15409;201300010358;0;34;0;0.0;2.0;1.0;1.0;C01
15410;201300010358;0;33;0;0.0;2.0;5.0;1.0;B01
15411;201300010359;0;7;0;0.0;1.0;4.0;4.0;A01
15412;201300010361;0;7;0;0.0;2.0;1.0;1.0;B01
15413;201300010361;0;30;0;0.0;0.0;1.0;5.0;A01
15414;201300010362;0;7;0;0.0;1.0;4.0;4.0;A01
15415;201300010364;0;2;0;0.0;2.0;1.0;17.0;A01
15416;201300010364;0;10;0;0.0;2.0;3.0;15.0;B01
15417;201300010365;0;1;0;0.0;2.0;4.0;1.0;B01
15418;201300010365;0;1;0;0.0;2.0;4.0;1.0;C01
15419;201300010365;0;33;0;16.0;2.0;1.0;1.0;A01
15420;201300010366;0;7;0;0.0;1.0;0.0;1.0;A01
15421;201300010367;0;2;0;0.0;2.0;1.0;1.0;B01
15422;201300010367;0;10;0;0.0;2.0;1.0;5.0;A01
15423;201300010368;0;7;0;0.0;2.0;1.0;0.0;A01
15424;201300010368;0;32;0;0.0;2.0;1.0;0.0;B01
15425;201300010369;0;34;0;0.0;1.0;1.0;1.0;A01
15426;201300010370;0;7;0;0.0;2.0;2.0;1.0;A01
15427;201300010370;0;34;0;0.0;2.0;1.0;1.0;B01
15428;201300010372;0;7;0;0.0;2.0;1.0;1.0;A01
15429;201300010373;0;30;0;0.0;2.0;1.0;16.0;A01
15430;201300010373;0;13;0;0.0;2.0;1.0;23.0;B01
15431;201300010374;0;7;0;0.0;2.0;0.0;6.0;A01
15432;201300010374;0;32;0;0.0;0.0;0.0;1.0;B01
15433;201300010375;0;30;0;0.0;2.0;1.0;9.0;B01
15434;201300010375;0;7;0;0.0;2.0;1.0;0.0;A01
15435;201300010376;0;7;0;0.0;1.0;1.0;1.0;A01
15436;201300010377;0;7;0;0.0;2.0;1.0;1.0;B01
15437;201300010377;0;30;0;0.0;2.0;1.0;1.0;A01
15438;201300010378;0;30;0;0.0;2.0;4.0;0.0;B01
15439;201300010378;0;7;0;0.0;2.0;1.0;1.0;A01
15440;201300010379;0;7;0;0.0;2.0;3.0;0.0;A01
15441;201300010379;0;1;0;0.0;2.0;1.0;3.0;B01
15442;201300010380;0;7;0;0.0;2.0;6.0;0.0;A01
15443;201300010380;0;30;0;0.0;2.0;1.0;1.0;B01
15444;201300010381;0;7;0;0.0;2.0;1.0;1.0;A01
15445;201300010381;0;1;0;0.0;2.0;8.0;1.0;B01
15446;201300010382;0;7;0;0.0;2.0;1.0;1.0;B01
15447;201300010382;0;7;0;0.0;2.0;1.0;15.0;A01
15448;201300010383;0;31;0;0.0;2.0;1.0;1.0;B01
15449;201300010383;0;7;0;0.0;2.0;1.0;1.0;A01
15450;201300010384;0;33;0;0.0;2.0;1.0;1.0;A01
15451;201300010384;0;7;0;0.0;2.0;4.0;1.0;B01
15452;201300010385;0;30;0;0.0;2.0;1.0;7.0;A01
15453;201300010385;0;3;0;0.0;2.0;3.0;1.0;B01
15454;201300010386;0;30;0;0.0;2.0;1.0;1.0;B01
15455;201300010386;0;7;0;0.0;2.0;1.0;1.0;A01
15456;201300010387;0;7;0;0.0;1.0;2.0;1.0;A01
15457;201300010388;0;7;0;0.0;2.0;4.0;1.0;B01
15458;201300010388;0;7;0;0.0;2.0;1.0;1.0;A01
15459;201300010389;0;32;0;0.0;2.0;4.0;1.0;B01
15460;201300010389;0;7;0;0.0;2.0;4.0;1.0;C01
15461;201300010389;0;7;0;0.0;2.0;1.0;1.0;A01
15462;201300010390;0;30;0;0.0;2.0;1.0;1.0;B01
15463;201300010390;0;7;0;0.0;2.0;1.0;1.0;A01
15464;201300010391;0;7;0;0.0;2.0;3.0;1.0;B01
15465;201300010391;0;31;0;0.0;2.0;1.0;0.0;A01
15466;201300010392;0;32;0;0.0;1.0;1.0;1.0;A01
15467;201300010393;0;7;0;0.0;1.0;3.0;1.0;A01
15468;201300010395;0;1;0;0.0;2.0;1.0;1.0;B01
15469;201300010395;0;7;0;0.0;2.0;1.0;0.0;A01
15470;201300010396;0;31;0;0.0;2.0;1.0;0.0;B01
15471;201300010396;0;7;0;0.0;2.0;3.0;15.0;A01
15472;201300010397;0;30;0;0.0;2.0;1.0;1.0;B01
15473;201300010397;0;7;0;0.0;2.0;1.0;14.0;A01
15474;201300010398;0;33;0;0.0;2.0;8.0;18.0;B01
15475;201300010398;0;7;0;0.0;2.0;5.0;22.0;A01
15476;201300010400;0;30;0;0.0;1.0;1.0;1.0;A01
15477;201300010401;0;32;0;0.0;2.0;1.0;1.0;B01
15478;201300010401;0;2;0;0.0;2.0;3.0;9.0;A01
15479;201300010402;0;7;0;0.0;1.0;1.0;1.0;A01
15480;201300010403;0;7;0;0.0;2.0;4.0;1.0;B01
15481;201300010403;0;7;0;0.0;2.0;1.0;1.0;A01
15482;201300010405;0;34;0;9.0;1.0;1.0;1.0;A01
15483;201300010406;0;30;0;0.0;0.0;0.0;0.0;A01
15484;201300010407;0;30;0;0.0;2.0;7.0;17.0;A01
15485;201300010407;0;7;0;0.0;2.0;8.0;15.0;B01
15486;201300010408;0;7;0;0.0;0.0;1.0;1.0;B01
15487;201300010408;0;7;0;0.0;0.0;1.0;13.0;A01
15488;201300010409;0;33;0;0.0;0.0;0.0;0.0;A01
15489;201300010410;0;30;0;0.0;0.0;1.0;1.0;A01
15490;201300010410;0;7;0;0.0;0.0;1.0;1.0;B01
15491;201300010411;0;7;0;0.0;2.0;0.0;0.0;A01
15492;201300010411;1;10;0;0.0;2.0;3.0;0.0;Z01
15493;201300010412;0;30;0;0.0;0.0;0.0;0.0;A01
15494;201300010414;0;30;0;14.0;2.0;0.0;1.0;A01
15495;201300010415;0;7;0;0.0;2.0;8.0;1.0;B01
15496;201300010415;0;1;0;0.0;2.0;1.0;9.0;A01
15497;201300010416;0;7;0;0.0;0.0;1.0;1.0;B01
15498;201300010416;0;30;0;0.0;0.0;1.0;17.0;A01
15499;201300010417;0;2;0;0.0;2.0;7.0;1.0;B01
15500;201300010417;0;7;0;0.0;2.0;1.0;9.0;A01
15501;201300010419;0;7;0;0.0;2.0;1.0;1.0;A01
15502;201300010419;0;7;0;0.0;0.0;5.0;16.0;B01
15503;201300010420;0;7;0;0.0;0.0;0.0;0.0;A01
15504;201300010421;0;33;0;0.0;2.0;0.0;13.0;A01
15505;201300010421;0;7;0;0.0;2.0;0.0;1.0;B01
15506;201300010423;0;7;0;0.0;0.0;3.0;15.0;A01
15507;201300010423;0;30;0;0.0;0.0;1.0;17.0;B01
15508;201300010424;0;7;0;0.0;2.0;1.0;2.0;A01
15509;201300010424;0;7;0;0.0;0.0;4.0;2.0;B01
15510;201300010426;0;7;0;0.0;1.0;2.0;1.0;A01
15511;201300010427;0;7;0;0.0;1.0;4.0;4.0;A01
15512;201300010428;0;7;0;0.0;2.0;7.0;13.0;A01
15513;201300010428;0;7;0;0.0;2.0;1.0;1.0;B01
15514;201300010429;0;7;0;0.0;0.0;2.0;1.0;A01
15515;201300010430;0;2;0;0.0;0.0;0.0;0.0;A01
15516;201300010433;0;7;0;1.0;1.0;2.0;16.0;A01
15517;201300010434;0;32;0;0.0;0.0;1.0;17.0;A01
15518;201300010434;0;7;0;0.0;0.0;2.0;15.0;B01
15519;201300010435;0;33;0;0.0;0.0;1.0;2.0;A01
15520;201300010435;0;7;0;0.0;0.0;4.0;2.0;B01
15521;201300010436;0;7;0;0.0;0.0;1.0;2.0;A01
15522;201300010436;0;7;0;0.0;0.0;4.0;2.0;B01
15523;201300010436;0;7;0;0.0;0.0;4.0;2.0;C01
15524;201300010437;0;7;0;6.0;0.0;2.0;0.0;A01
15525;201300010438;0;7;0;0.0;0.0;1.0;13.0;A01
15526;201300010438;0;7;0;0.0;0.0;1.0;1.0;B01
15527;201300010439;0;10;0;0.0;2.0;1.0;1.0;A01
15528;201300010439;0;33;0;0.0;0.0;0.0;0.0;B01
15529;201300010440;0;30;0;14.0;0.0;1.0;21.0;A01
15530;201300010440;0;7;0;0.0;0.0;6.0;23.0;C01
15531;201300010440;0;7;0;0.0;2.0;3.0;13.0;B01
15532;201300010441;0;30;0;0.0;0.0;0.0;0.0;A01
15533;201300010442;0;10;0;0.0;2.0;3.0;9.0;A01
15534;201300010442;0;33;0;0.0;2.0;1.0;1.0;B01
15535;201300010443;0;7;0;0.0;1.0;4.0;4.0;A01
15536;201300010444;0;30;0;0.0;0.0;0.0;14.0;A01
15537;201300010445;0;33;0;0.0;2.0;2.0;17.0;A01
15538;201300010445;0;7;0;0.0;2.0;2.0;15.0;B01
15539;201300010446;0;7;0;0.0;0.0;1.0;1.0;C01
15540;201300010446;0;7;0;0.0;0.0;1.0;2.0;A01
15541;201300010446;0;7;0;0.0;0.0;4.0;2.0;B01
15542;201300010447;2;7;0;1.0;2.0;2.0;14.0;A01
15543;201300010447;0;7;0;0.0;2.0;6.0;1.0;C01
15544;201300010448;0;30;0;0.0;0.0;1.0;1.0;B01
15545;201300010448;0;7;0;0.0;0.0;3.0;15.0;A01
15546;201300010449;0;31;0;0.0;0.0;0.0;0.0;A01
15547;201300010450;0;7;0;0.0;0.0;4.0;2.0;B01
15548;201300010450;0;7;0;0.0;2.0;1.0;2.0;A01
15549;201300010451;0;7;0;0.0;2.0;7.0;15.0;A01
15550;201300010451;0;31;0;0.0;2.0;1.0;1.0;B01
15551;201300010452;0;7;0;0.0;0.0;1.0;1.0;A01
15552;201300010453;0;7;0;0.0;0.0;6.0;2.0;B01
15553;201300010453;0;7;0;0.0;2.0;2.0;2.0;A01
15554;201300010455;0;32;0;0.0;0.0;1.0;1.0;B01
15555;201300010455;1;7;0;0.0;0.0;1.0;5.0;Z01
15556;201300010457;0;7;0;0.0;2.0;8.0;1.0;B01
15557;201300010457;1;13;0;0.0;0.0;8.0;13.0;Z01
15558;201300010458;0;7;0;0.0;0.0;1.0;17.0;A01
15559;201300010458;0;7;0;0.0;0.0;1.0;1.0;B01
15560;201300010459;0;7;0;0.0;1.0;0.0;4.0;A01
15561;201300010460;0;33;0;0.0;2.0;0.0;1.0;B01
15562;201300010460;0;7;0;0.0;2.0;5.0;15.0;A01
15563;201300010461;0;7;0;0.0;0.0;6.0;15.0;A01
15564;201300010461;0;30;0;0.0;0.0;1.0;1.0;B01
15565;201300010462;0;7;0;0.0;0.0;3.0;1.0;B01
15566;201300010462;0;30;0;0.0;0.0;3.0;13.0;A01
15567;201300010463;0;7;0;0.0;2.0;2.0;9.0;A01
15568;201300010463;0;1;0;0.0;2.0;3.0;1.0;B01
15569;201300010464;0;10;0;0.0;1.0;4.0;20.0;A01
15570;201300010465;0;10;0;0.0;2.0;1.0;2.0;A01
15571;201300010465;0;7;0;0.0;2.0;4.0;2.0;B01
15572;201300010465;0;10;0;0.0;0.0;4.0;2.0;C01
15573;201300010466;0;7;0;0.0;0.0;1.0;14.0;A01
15574;201300010467;0;30;0;0.0;0.0;0.0;0.0;A01
15575;201300010468;0;10;0;0.0;2.0;8.0;15.0;B01
15576;201300010468;0;34;0;7.0;2.0;2.0;17.0;A01
15577;201300010469;0;7;0;8.0;0.0;2.0;14.0;A01
15578;201300010470;0;7;0;0.0;2.0;2.0;9.0;A01
15579;201300010470;0;7;0;6.0;2.0;7.0;1.0;B01
15580;201300010472;0;10;0;6.0;0.0;0.0;0.0;A01
15581;201300010473;0;7;0;0.0;0.0;1.0;2.0;A01
15582;201300010473;0;7;0;0.0;0.0;4.0;2.0;B01
15583;201300010474;0;7;0;3.0;2.0;8.0;0.0;B01
15584;201300010474;0;7;0;0.0;2.0;8.0;13.0;A01
15585;201300010475;0;30;0;0.0;0.0;1.0;2.0;A01
15586;201300010475;0;7;0;0.0;0.0;4.0;1.0;B01
15587;201300010476;0;30;0;0.0;0.0;0.0;0.0;A01
15588;201300010477;0;30;0;0.0;0.0;1.0;14.0;A01
15589;201300010478;0;7;0;0.0;0.0;1.0;2.0;A01
15590;201300010478;0;7;0;0.0;0.0;4.0;1.0;B01
15591;201300010480;0;32;0;0.0;2.0;3.0;13.0;B01
15592;201300010480;0;7;0;0.0;2.0;3.0;17.0;A01
15593;201300010481;0;33;0;0.0;0.0;1.0;2.0;A01
15594;201300010481;0;7;0;0.0;0.0;4.0;1.0;B01
15595;201300010482;0;30;0;0.0;2.0;1.0;17.0;A01
15596;201300010482;0;7;0;0.0;0.0;5.0;15.0;B01
15597;201300010483;0;7;0;0.0;1.0;2.0;1.0;A01
15598;201300010484;0;3;0;0.0;0.0;0.0;0.0;A01
15599;201300010485;1;31;0;0.0;0.0;0.0;17.0;A01
15600;201300010485;0;30;0;0.0;0.0;8.0;15.0;B01
15601;201300010486;0;7;0;0.0;2.0;7.0;15.0;A01
15602;201300010486;0;31;0;0.0;2.0;1.0;1.0;B01
15603;201300010487;0;33;0;0.0;0.0;0.0;0.0;A01
15604;201300010489;0;30;0;0.0;0.0;0.0;0.0;A01
15605;201300010490;0;7;0;0.0;1.0;5.0;1.0;A01
15606;201300010491;0;2;0;0.0;2.0;0.0;5.0;A01
15607;201300010491;0;7;0;0.0;2.0;0.0;0.0;B01
15608;201300010493;0;7;0;0.0;2.0;6.0;0.0;A01
15609;201300010493;0;34;0;0.0;2.0;1.0;21.0;B01
15610;201300010494;0;7;0;0.0;2.0;1.0;1.0;A01
15611;201300010494;0;7;0;0.0;2.0;4.0;23.0;B01
15612;201300010494;0;7;0;0.0;0.0;4.0;23.0;C01
15613;201300010495;0;33;0;0.0;2.0;1.0;1.0;B01
15614;201300010495;0;7;0;0.0;2.0;3.0;9.0;A01
15615;201300010496;0;31;0;0.0;2.0;1.0;1.0;A01
15616;201300010496;0;7;0;0.0;2.0;6.0;15.0;B01
15617;201300010497;0;7;0;6.0;0.0;0.0;0.0;A01
15618;201300010498;0;14;0;0.0;2.0;7.0;16.0;A01
15619;201300010498;0;7;0;0.0;2.0;8.0;18.0;B01
15620;201300010499;0;34;0;0.0;2.0;2.0;17.0;A01
15621;201300010499;0;7;0;0.0;2.0;3.0;15.0;B01
15622;201300010501;0;33;0;0.0;0.0;0.0;0.0;A01
15623;201300010502;0;10;0;0.0;2.0;1.0;9.0;A01
15624;201300010502;0;30;0;0.0;2.0;1.0;1.0;B01
15625;201300010503;0;7;0;6.0;0.0;8.0;0.0;A01
15626;201300010504;0;7;0;1.0;0.0;1.0;13.0;A01
15627;201300010506;0;10;0;0.0;2.0;1.0;2.0;A01
15628;201300010506;0;7;0;0.0;0.0;4.0;2.0;B01
15629;201300010507;0;33;0;0.0;2.0;1.0;1.0;A01
15630;201300010507;0;7;0;0.0;2.0;8.0;15.0;B01
15631;201300010508;0;30;0;0.0;2.0;1.0;2.0;A01
15632;201300010508;0;7;0;0.0;0.0;4.0;2.0;B01
15633;201300010509;0;31;0;0.0;2.0;8.0;1.0;A01
15634;201300010509;1;10;0;0.0;2.0;3.0;13.0;Z01
15635;201300010510;0;7;0;13.0;0.0;2.0;14.0;A01
15636;201300010511;0;7;0;13.0;0.0;2.0;14.0;A01
15637;201300010512;0;7;0;0.0;2.0;3.0;15.0;A01
15638;201300010512;0;33;0;0.0;2.0;1.0;17.0;B01
15639;201300010513;0;7;0;0.0;2.0;8.0;15.0;B01
15640;201300010513;0;32;0;0.0;2.0;1.0;17.0;A01
15641;201300010514;0;7;0;0.0;2.0;1.0;2.0;A01
15642;201300010514;0;7;0;0.0;2.0;4.0;2.0;B01
15643;201300010515;2;99;0;0.0;2.0;1.0;13.0;A01
15644;201300010515;0;7;0;0.0;2.0;1.0;1.0;B01
15645;201300010516;0;7;0;0.0;1.0;0.0;0.0;A01
15646;201300010517;0;7;0;1.0;2.0;3.0;13.0;A01
15647;201300010517;0;7;0;0.0;2.0;3.0;1.0;B01
15648;201300010518;1;10;0;0.0;2.0;0.0;15.0;Z01
15649;201300010518;0;30;0;0.0;2.0;1.0;1.0;A01
15650;201300010519;0;7;0;0.0;2.0;1.0;1.0;A01
15651;201300010519;0;7;0;0.0;2.0;4.0;23.0;B01
15652;201300010520;0;30;0;0.0;2.0;1.0;13.0;A01
15653;201300010520;0;7;0;0.0;2.0;1.0;1.0;B01
15654;201300010521;0;10;0;0.0;2.0;8.0;15.0;B01
15655;201300010521;0;30;0;0.0;2.0;1.0;17.0;A01
15656;201300010523;1;2;0;11.0;1.0;0.0;10.0;Z01
15657;201300010524;0;30;0;0.0;0.0;0.0;21.0;A01
15658;201300010526;0;7;0;0.0;1.0;1.0;1.0;A01
15659;201300010527;0;33;0;0.0;2.0;1.0;1.0;A01
15660;201300010527;0;7;0;0.0;2.0;5.0;15.0;B01
15661;201300010530;0;7;0;6.0;0.0;2.0;14.0;A01
15662;201300010531;1;33;0;0.0;1.0;0.0;0.0;Z01
15663;201300010532;0;32;0;0.0;0.0;0.0;0.0;A01
15664;201300010533;0;7;0;0.0;2.0;0.0;0.0;A01
15665;201300010533;0;31;0;0.0;2.0;0.0;17.0;B01
15666;201300010534;0;7;0;0.0;0.0;4.0;23.0;C01
15667;201300010534;0;7;0;0.0;2.0;1.0;1.0;A01
15668;201300010534;0;7;0;0.0;2.0;4.0;23.0;B01
15669;201300010535;0;33;0;0.0;0.0;0.0;0.0;A01
15670;201300010536;0;30;0;0.0;0.0;0.0;0.0;A01
15671;201300010537;0;7;0;0.0;1.0;1.0;1.0;A01
15672;201300010538;0;7;0;0.0;9.0;1.0;1.0;A01
15673;201300010539;0;7;0;8.0;0.0;1.0;21.0;A01
15674;201300010540;0;30;0;0.0;0.0;0.0;0.0;A01
15675;201300010541;0;7;0;0.0;2.0;4.0;23.0;C01
15676;201300010541;0;7;0;0.0;2.0;1.0;1.0;A01
15677;201300010541;0;7;0;0.0;2.0;4.0;23.0;B01
15678;201300010543;0;7;0;0.0;0.0;4.0;2.0;C01
15679;201300010543;0;7;0;0.0;2.0;4.0;2.0;B01
15680;201300010543;0;7;0;0.0;2.0;1.0;2.0;A01
15681;201300010544;0;7;0;0.0;2.0;1.0;2.0;A01
15682;201300010544;0;7;0;0.0;0.0;4.0;2.0;C01
15683;201300010544;0;7;0;0.0;2.0;4.0;2.0;B01
15684;201300010545;0;2;0;0.0;0.0;0.0;0.0;A01
15685;201300010547;0;10;0;0.0;2.0;3.0;15.0;A01
15686;201300010547;0;32;0;0.0;2.0;2.0;1.0;B01
15687;201300010548;0;33;0;0.0;2.0;1.0;17.0;A01
15688;201300010548;0;7;0;0.0;2.0;8.0;15.0;B01
15689;201300010549;0;7;0;0.0;0.0;5.0;15.0;B01
15690;201300010549;0;30;0;0.0;2.0;1.0;2.0;A01
15691;201300010550;0;2;0;0.0;0.0;0.0;0.0;A01
15692;201300010551;0;7;0;0.0;2.0;4.0;15.0;B01
15693;201300010551;0;30;0;0.0;2.0;1.0;1.0;A01
15694;201300010552;0;7;0;0.0;2.0;8.0;23.0;C01
15695;201300010552;0;7;0;0.0;2.0;1.0;9.0;A01
15696;201300010552;0;33;0;0.0;2.0;8.0;1.0;B01
15697;201300010553;0;7;0;0.0;2.0;3.0;1.0;B01
15698;201300010553;0;7;0;8.0;2.0;3.0;13.0;A01
15699;201300010554;0;33;0;0.0;2.0;1.0;1.0;B01
15700;201300010554;0;2;0;0.0;2.0;1.0;5.0;A01
15701;201300010556;0;30;0;0.0;2.0;1.0;19.0;A01
15702;201300010556;0;7;0;0.0;2.0;1.0;1.0;B01
15703;201300010557;0;30;0;0.0;1.0;2.0;0.0;A01
15704;201300010558;0;32;0;0.0;2.0;1.0;1.0;A01
15705;201300010558;0;30;0;0.0;0.0;0.0;19.0;C01
15706;201300010558;0;10;0;0.0;0.0;4.0;23.0;B01
15707;201300010559;0;31;0;0.0;0.0;0.0;0.0;A01
15708;201300010560;0;33;0;0.0;2.0;4.0;1.0;B01
15709;201300010560;1;10;0;0.0;2.0;1.0;1.0;Z01
15710;201300010561;0;32;0;0.0;1.0;0.0;0.0;A01
15711;201300010562;0;7;0;0.0;2.0;2.0;1.0;B01
15712;201300010562;0;10;0;0.0;2.0;8.0;9.0;A01
15713;201300010563;0;31;0;0.0;0.0;0.0;0.0;A01
15714;201300010564;0;7;0;0.0;2.0;1.0;1.0;A01
15715;201300010564;0;7;0;0.0;2.0;4.0;23.0;B01
15716;201300010565;0;30;0;0.0;2.0;8.0;23.0;A01
15717;201300010565;0;10;0;0.0;2.0;5.0;21.0;B01
15718;201300010566;0;30;0;0.0;0.0;0.0;0.0;A01
15719;201300010567;0;10;0;0.0;1.0;4.0;4.0;A01
15720;201300010568;1;7;0;0.0;0.0;4.0;23.0;Z01
15721;201300010568;0;33;0;0.0;2.0;1.0;1.0;A01
15722;201300010569;0;7;0;0.0;2.0;1.0;1.0;B01
15723;201300010569;0;30;0;0.0;2.0;1.0;17.0;A01
15724;201300010571;0;7;0;0.0;0.0;4.0;2.0;B01
15725;201300010571;0;1;0;0.0;2.0;1.0;2.0;A01
15726;201300010573;0;30;0;0.0;0.0;0.0;0.0;A01
15727;201300010574;0;7;0;0.0;1.0;2.0;1.0;A01
15728;201300010575;0;7;0;6.0;0.0;0.0;0.0;A01
15729;201300010576;0;7;0;0.0;2.0;8.0;10.0;A01
15730;201300010576;0;2;0;0.0;2.0;1.0;17.0;B01
15731;201300010577;0;7;0;0.0;2.0;7.0;21.0;B01
15732;201300010577;0;7;0;0.0;2.0;6.0;4.0;A01
15733;201300010578;0;1;0;0.0;0.0;0.0;0.0;A01
15734;201300010579;0;7;0;0.0;2.0;4.0;23.0;B01
15735;201300010579;0;7;0;0.0;2.0;1.0;2.0;A01
15736;201300010579;0;7;0;0.0;2.0;8.0;1.0;C01
15737;201300010580;0;7;0;0.0;2.0;3.0;15.0;B01
15738;201300010580;0;30;0;0.0;2.0;1.0;17.0;A01
15739;201300010581;0;30;0;0.0;1.0;1.0;17.0;A01
15740;201300010582;0;1;0;0.0;0.0;0.0;0.0;A01
15741;201300010583;0;7;0;12.0;0.0;2.0;0.0;A01
15742;201300010584;0;7;0;0.0;2.0;1.0;15.0;A01
15743;201300010584;0;1;0;0.0;2.0;1.0;1.0;B01
15744;201300010585;0;2;0;0.0;2.0;8.0;1.0;B01
15745;201300010585;0;7;0;0.0;2.0;7.0;16.0;A01
15746;201300010586;0;2;0;0.0;0.0;0.0;0.0;A01
15747;201300010587;0;7;0;0.0;2.0;4.0;4.0;A01
15748;201300010587;0;7;0;0.0;2.0;7.0;1.0;B01
15749;201300010588;0;7;0;0.0;2.0;0.0;9.0;A01
15750;201300010588;0;34;0;0.0;2.0;0.0;1.0;B01
15751;201300010589;0;7;0;0.0;2.0;8.0;15.0;A01
15752;201300010589;0;7;0;0.0;2.0;1.0;1.0;B01
15753;201300010590;0;7;0;0.0;1.0;4.0;4.0;A01
15754;201300010591;0;7;0;0.0;2.0;0.0;9.0;A01
15755;201300010591;0;32;0;0.0;2.0;1.0;1.0;B01
15756;201300010592;0;30;0;0.0;2.0;1.0;17.0;B01
15757;201300010592;0;10;0;0.0;2.0;8.0;15.0;A01
15758;201300010593;0;7;0;0.0;2.0;7.0;9.0;A01
15759;201300010593;0;30;0;0.0;2.0;1.0;1.0;B01
15760;201300010594;0;7;0;0.0;0.0;4.0;2.0;B01
15761;201300010594;0;7;0;0.0;2.0;1.0;2.0;A01
15762;201300010595;0;7;0;0.0;2.0;8.0;15.0;B01
15763;201300010595;0;2;0;0.0;2.0;1.0;17.0;A01
15764;201300010596;0;30;0;0.0;0.0;0.0;0.0;A01
15765;201300010598;0;10;0;8.0;0.0;1.0;0.0;A01
15766;201300010599;0;7;0;0.0;2.0;1.0;1.0;B01
15767;201300010599;0;7;0;0.0;2.0;1.0;14.0;A01
15768;201300010600;0;7;0;0.0;0.0;0.0;0.0;A01
15769;201300010601;0;7;0;13.0;0.0;0.0;0.0;A01
15770;201300010602;0;10;0;0.0;1.0;1.0;0.0;A01
15771;201300010603;0;30;0;0.0;0.0;0.0;0.0;A01
15772;201300010604;0;7;0;0.0;2.0;1.0;1.0;B01
15773;201300010604;0;10;0;0.0;2.0;1.0;13.0;A01
15774;201300010605;0;7;0;8.0;0.0;1.0;0.0;A01
15775;201300010606;0;33;0;0.0;2.0;1.0;1.0;B01
15776;201300010606;0;7;0;0.0;2.0;8.0;9.0;A01
15777;201300010607;0;2;0;0.0;2.0;1.0;1.0;A01
15778;201300010607;0;7;0;0.0;2.0;4.0;1.0;B01
15779;201300010608;0;7;0;0.0;1.0;1.0;1.0;A01
15780;201300010611;0;7;0;8.0;0.0;0.0;0.0;A01
15781;201300010612;0;7;0;0.0;2.0;1.0;2.0;A01