;Num_Acc;senc;catv;occutc;obs;obsm;choc;manv;num_veh
16202;201300010878;0;7;0;0.0;2.0;1.0;1.0;A01
16203;201300010879;0;2;0;0.0;2.0;2.0;0.0;A01
16204;201300010879;0;7;0;0.0;2.0;8.0;1.0;B01
16205;201300010880;0;7;0;0.0;2.0;2.0;16.0;B01
16206;201300010880;0;32;0;0.0;2.0;3.0;1.0;A01
16207;201300010881;0;7;0;0.0;2.0;1.0;1.0;A01
16208;201300010881;0;7;0;0.0;2.0;4.0;2.0;B01
16209;201300010883;0;30;0;0.0;1.0;1.0;1.0;A01
16210;201300010885;0;7;0;7.0;0.0;1.0;1.0;A01
16211;201300010886;0;7;0;0.0;2.0;2.0;16.0;B01
16212;201300010886;0;30;0;0.0;2.0;8.0;1.0;A01
16213;201300010888;1;30;0;0.0;2.0;1.0;17.0;A01
16214;201300010888;0;7;0;0.0;2.0;3.0;15.0;B01
16215;201300010889;0;7;0;0.0;2.0;3.0;1.0;A01
16216;201300010889;0;7;0;0.0;2.0;1.0;1.0;B01
16217;201300010890;0;1;0;0.0;1.0;1.0;1.0;A01
16218;201300010891;0;7;0;0.0;2.0;6.0;15.0;A01
16219;201300010891;0;33;0;0.0;2.0;1.0;17.0;B01
16220;201300010892;0;7;0;0.0;1.0;1.0;1.0;A01
16221;201300010893;0;7;0;0.0;1.0;1.0;1.0;A01
16222;201300010894;0;10;0;0.0;2.0;3.0;0.0;A01
16223;201300010894;0;7;0;0.0;2.0;2.0;1.0;B01
16224;201300010895;1;7;0;0.0;1.0;1.0;1.0;Z01
16225;201300010896;0;2;0;0.0;2.0;1.0;1.0;B01
16226;201300010896;0;7;0;0.0;2.0;5.0;15.0;A01
16227;201300010897;0;2;0;0.0;2.0;1.0;1.0;B01
16228;201300010897;0;7;0;0.0;2.0;2.0;1.0;A01
16229;201300010898;0;31;0;0.0;2.0;1.0;2.0;A01
16230;201300010898;0;10;0;0.0;2.0;4.0;2.0;B01
16231;201300010899;0;2;0;0.0;2.0;1.0;1.0;A01
16232;201300010899;0;7;0;0.0;2.0;3.0;1.0;B01
16233;201300010900;0;7;0;0.0;2.0;8.0;15.0;A01
16234;201300010900;0;37;4;0.0;2.0;1.0;1.0;B01
16235;201300010901;0;7;0;0.0;2.0;1.0;15.0;A01
16236;201300010901;0;31;0;0.0;2.0;1.0;1.0;B01
16237;201300010902;0;7;0;0.0;2.0;4.0;1.0;B01
16238;201300010902;0;7;0;0.0;2.0;1.0;16.0;A01
16239;201300010902;0;10;0;0.0;2.0;4.0;2.0;C01
16240;201300010903;0;7;0;0.0;2.0;1.0;1.0;A01
16241;201300010903;0;2;0;0.0;2.0;1.0;16.0;B01
16242;201300010904;0;33;0;0.0;2.0;1.0;17.0;B01
16243;201300010904;0;7;0;0.0;2.0;3.0;15.0;A01
16244;201300010905;0;10;0;0.0;2.0;3.0;15.0;A01
16245;201300010905;0;31;0;0.0;2.0;1.0;1.0;B01
16246;201300010906;0;7;0;0.0;2.0;1.0;1.0;A01
16247;201300010906;0;7;0;0.0;2.0;1.0;1.0;C01
16248;201300010906;0;7;0;0.0;2.0;9.0;1.0;B01
16249;201300010907;0;33;0;0.0;2.0;7.0;1.0;B01
16250;201300010907;0;7;0;0.0;2.0;6.0;11.0;A01
16251;201300010908;0;37;40;0.0;1.0;1.0;1.0;A01
16252;201300010909;0;33;0;0.0;2.0;0.0;1.0;B01
16253;201300010909;0;7;0;0.0;2.0;2.0;19.0;A01
16254;201300010910;0;10;0;0.0;2.0;1.0;1.0;A01
16255;201300010910;0;32;0;0.0;2.0;7.0;1.0;B01
16256;201300010911;0;2;0;0.0;2.0;1.0;1.0;A01
16257;201300010911;0;7;0;0.0;2.0;5.0;1.0;B01
16258;201300010912;0;2;0;0.0;2.0;1.0;1.0;A01
16259;201300010912;0;7;0;0.0;2.0;8.0;1.0;B01
16260;201300010913;0;2;0;1.0;0.0;1.0;0.0;A01
16261;201300010914;0;7;0;0.0;2.0;0.0;0.0;B01
16262;201300010914;0;1;0;0.0;2.0;0.0;1.0;A01
16263;201300010915;0;7;0;0.0;2.0;1.0;1.0;A01
16264;201300010915;0;7;0;0.0;2.0;1.0;1.0;B01
16265;201300010916;0;7;0;0.0;2.0;4.0;1.0;B01
16266;201300010916;0;7;0;0.0;2.0;1.0;1.0;C01
16267;201300010916;0;7;0;0.0;2.0;1.0;1.0;A01
16268;201300010916;0;7;0;0.0;2.0;4.0;1.0;D01
16269;201300010916;0;7;0;0.0;2.0;4.0;1.0;E01
16270;201300010917;0;10;0;0.0;2.0;1.0;2.0;A01
16271;201300010917;0;7;0;0.0;2.0;4.0;2.0;B01
16272;201300010918;0;7;0;0.0;2.0;7.0;12.0;A01
16273;201300010918;0;31;0;0.0;2.0;0.0;1.0;B01
16274;201300010919;0;7;0;0.0;1.0;1.0;15.0;A01
16275;201300010920;0;7;0;0.0;2.0;1.0;15.0;A01
16276;201300010920;0;2;0;0.0;2.0;1.0;1.0;B01
16277;201300010921;0;10;0;0.0;2.0;4.0;3.0;A01
16278;201300010921;0;32;0;0.0;2.0;1.0;1.0;B01
16279;201300010923;0;7;0;0.0;1.0;4.0;4.0;A01
16280;201300010924;0;7;0;0.0;1.0;8.0;15.0;A01
16281;201300010925;0;31;0;0.0;2.0;1.0;1.0;B01
16282;201300010925;0;10;0;0.0;2.0;8.0;15.0;A01
16283;201300010926;0;33;0;0.0;2.0;1.0;21.0;B01
16284;201300010926;0;10;0;0.0;2.0;7.0;15.0;A01
16285;201300010927;0;7;0;0.0;2.0;8.0;15.0;A01
16286;201300010927;0;31;0;0.0;2.0;7.0;15.0;B01
16287;201300010928;0;2;0;0.0;2.0;1.0;1.0;B01
16288;201300010928;0;7;0;0.0;2.0;2.0;15.0;A01
16289;201300010929;0;33;0;0.0;2.0;2.0;1.0;B01
16290;201300010929;0;7;0;0.0;2.0;3.0;15.0;A01
16291;201300010931;0;7;0;0.0;1.0;3.0;1.0;A01
16292;201300010932;0;10;0;0.0;2.0;7.0;10.0;A01
16293;201300010932;0;31;0;0.0;2.0;0.0;1.0;B01
16294;201300010933;0;37;25;0.0;1.0;2.0;21.0;A01
16295;201300010934;0;33;0;0.0;2.0;1.0;1.0;B01
16296;201300010934;0;7;0;0.0;2.0;7.0;1.0;A01
16297;201300010935;0;10;0;0.0;2.0;6.0;24.0;B01
16298;201300010935;0;7;0;1.0;0.0;2.0;14.0;A01
16299;201300010937;0;32;0;0.0;2.0;2.0;1.0;B01
16300;201300010937;0;7;0;0.0;2.0;6.0;9.0;A01
16301;201300010938;0;7;0;0.0;2.0;1.0;1.0;A01
16302;201300010938;0;7;0;0.0;2.0;1.0;1.0;B01
16303;201300010939;0;31;0;0.0;2.0;3.0;1.0;B01
16304;201300010939;0;10;0;0.0;2.0;1.0;1.0;A01
16305;201300010940;0;7;0;0.0;2.0;2.0;15.0;A01
16306;201300010940;0;10;0;0.0;2.0;1.0;1.0;B01
16307;201300010943;0;7;0;0.0;2.0;4.0;2.0;B01
16308;201300010943;0;14;0;0.0;2.0;1.0;2.0;A01
16309;201300010944;0;7;0;0.0;2.0;1.0;1.0;B01
16310;201300010944;0;31;0;0.0;2.0;1.0;1.0;A01
16311;201300010945;0;7;0;0.0;2.0;7.0;1.0;B01
16312;201300010945;0;2;0;0.0;2.0;1.0;1.0;A01
16313;201300010947;0;7;0;0.0;1.0;1.0;15.0;A01
16314;201300010948;0;2;0;0.0;1.0;1.0;1.0;A01
16315;201300010949;0;38;4;0.0;2.0;2.0;1.0;B01
16316;201300010949;0;7;0;0.0;2.0;3.0;15.0;A01
16317;201300010951;0;7;0;0.0;2.0;4.0;2.0;B01
16318;201300010951;0;10;0;0.0;2.0;4.0;2.0;C01
16319;201300010951;0;7;0;0.0;2.0;1.0;2.0;A01
16320;201300010952;0;30;0;0.0;2.0;6.0;1.0;B01
16321;201300010952;0;33;0;0.0;2.0;1.0;1.0;A01
16322;201300010953;0;38;2;0.0;2.0;2.0;1.0;B01
16323;201300010953;0;7;0;0.0;2.0;3.0;1.0;A01
16324;201300010955;0;33;0;0.0;2.0;4.0;23.0;B01
16325;201300010955;0;7;0;14.0;0.0;1.0;1.0;A01
16326;201300010956;0;7;0;0.0;2.0;1.0;1.0;B01
16327;201300010956;0;7;0;0.0;2.0;1.0;1.0;A01
16328;201300010957;0;7;0;0.0;2.0;8.0;15.0;A01
16329;201300010957;0;7;0;0.0;2.0;1.0;1.0;B01
16330;201300010958;0;7;0;0.0;2.0;1.0;1.0;A01
16331;201300010958;0;7;0;0.0;2.0;2.0;1.0;B01
16332;201300010959;0;31;0;0.0;2.0;8.0;0.0;A01
16333;201300010959;0;7;0;0.0;2.0;7.0;1.0;B01
16334;201300010960;0;7;0;0.0;2.0;1.0;1.0;A01
16335;201300010960;0;7;0;0.0;2.0;8.0;1.0;B01
16336;201300010960;0;7;0;1.0;2.0;7.0;1.0;C01
16337;201300010961;0;7;0;0.0;2.0;4.0;2.0;B01
16338;201300010961;0;7;0;0.0;2.0;1.0;1.0;A01
16339;201300010962;0;7;0;0.0;1.0;1.0;1.0;A01
16340;201300010963;0;31;0;10.0;0.0;0.0;0.0;A01
16341;201300010964;0;7;0;0.0;1.0;3.0;15.0;A01
16342;201300010965;0;30;0;0.0;2.0;1.0;1.0;A01
16343;201300010965;0;7;0;0.0;2.0;8.0;1.0;C01
16344;201300010965;0;10;0;0.0;2.0;5.0;15.0;B01
16345;201300010966;0;7;0;0.0;2.0;3.0;20.0;A01
16346;201300010966;0;34;0;0.0;2.0;2.0;1.0;B01
16347;201300010967;0;10;0;0.0;2.0;6.0;15.0;A01
16348;201300010967;0;33;0;0.0;2.0;2.0;1.0;B01
16349;201300010968;0;7;0;0.0;2.0;4.0;2.0;B01
16350;201300010968;0;7;0;0.0;2.0;4.0;2.0;D01
16351;201300010968;0;7;0;0.0;2.0;4.0;1.0;E01
16352;201300010968;0;7;0;0.0;2.0;4.0;2.0;C01
16353;201300010968;0;10;0;0.0;2.0;1.0;2.0;A01
16354;201300010970;1;99;0;0.0;2.0;0.0;0.0;Z01
16355;201300010970;0;7;0;0.0;2.0;1.0;1.0;B01
16356;201300010971;0;10;0;0.0;2.0;1.0;1.0;A01
16357;201300010971;0;7;0;0.0;2.0;1.0;1.0;B01
16358;201300010972;0;7;0;0.0;2.0;1.0;1.0;B01
16359;201300010972;0;7;0;0.0;2.0;5.0;1.0;A01
16360;201300010973;0;7;0;0.0;2.0;8.0;10.0;A01
16361;201300010973;0;32;0;0.0;2.0;1.0;0.0;B01
16362;201300010974;0;7;0;0.0;1.0;1.0;0.0;A01
16363;201300010975;0;7;0;0.0;2.0;4.0;1.0;C01
16364;201300010975;0;7;0;0.0;2.0;1.0;2.0;A01
16365;201300010975;0;7;0;0.0;2.0;4.0;2.0;B01
16366;201300010976;0;33;0;0.0;2.0;1.0;1.0;B01
16367;201300010976;0;7;0;0.0;2.0;3.0;1.0;A01
16368;201300010977;0;37;20;0.0;2.0;7.0;1.0;B01
16369;201300010977;0;13;0;0.0;2.0;8.0;24.0;C01
16370;201300010977;0;30;0;1.0;2.0;2.0;3.0;A01
16371;201300010978;0;32;0;0.0;2.0;1.0;2.0;A01
16372;201300010978;0;33;0;0.0;2.0;5.0;2.0;B01
16373;201300010979;0;7;0;0.0;2.0;1.0;1.0;A01
16374;201300010979;0;1;0;0.0;2.0;1.0;1.0;B01
16375;201300010980;0;7;0;0.0;2.0;8.0;22.0;A01
16376;201300010980;0;2;0;1.0;0.0;2.0;1.0;B01
16377;201300010981;0;10;0;0.0;1.0;1.0;15.0;A01
16378;201300010982;0;33;0;14.0;0.0;1.0;1.0;A01
16379;201300010982;0;7;0;0.0;2.0;1.0;2.0;B01
16380;201300010983;0;32;0;0.0;2.0;5.0;1.0;B01
16381;201300010983;0;7;0;0.0;2.0;1.0;2.0;A01
16382;201300010984;0;30;0;0.0;2.0;1.0;1.0;B01
16383;201300010984;0;7;0;0.0;2.0;3.0;9.0;A01
16384;201300010985;0;2;0;0.0;2.0;1.0;17.0;B01
16385;201300010985;0;7;0;0.0;2.0;8.0;15.0;A01
16386;201300010986;0;7;0;0.0;2.0;3.0;1.0;B01
16387;201300010986;0;7;0;0.0;2.0;1.0;1.0;A01
16388;201300010987;0;32;0;0.0;2.0;5.0;1.0;B01
16389;201300010987;0;7;0;0.0;2.0;6.0;9.0;A01
16390;201300010987;0;31;0;0.0;2.0;1.0;1.0;C01
16391;201300010988;0;37;1;0.0;1.0;5.0;1.0;A01
16392;201300010989;0;7;0;0.0;2.0;3.0;13.0;A01
16393;201300010989;0;2;0;0.0;2.0;1.0;21.0;B01
16394;201300010990;0;2;0;0.0;2.0;1.0;1.0;A01
16395;201300010990;0;7;0;0.0;2.0;5.0;1.0;B01
16396;201300010991;0;7;0;0.0;2.0;4.0;2.0;B01
16397;201300010991;0;7;0;14.0;0.0;1.0;1.0;A01
16398;201300010992;0;7;0;0.0;2.0;7.0;15.0;A01
16399;201300010992;0;33;0;0.0;2.0;1.0;1.0;B01
16400;201300010993;0;7;0;0.0;2.0;2.0;1.0;B01
16401;201300010993;0;2;0;0.0;2.0;7.0;1.0;A01
16402;201300010994;0;7;0;0.0;2.0;2.0;13.0;A01
16403;201300010994;0;30;0;0.0;2.0;1.0;1.0;B01
16404;201300010995;0;33;0;12.0;0.0;0.0;0.0;A01
16405;201300010996;0;37;1;0.0;2.0;6.0;23.0;B01
16406;201300010996;0;32;0;0.0;2.0;7.0;1.0;A01
16407;201300010997;0;37;18;0.0;1.0;2.0;1.0;A01
16408;201300010998;0;33;0;0.0;2.0;5.0;0.0;A01
16409;201300010998;0;10;0;0.0;2.0;6.0;15.0;B01
16410;201300011000;0;7;0;0.0;2.0;2.0;1.0;B01
16411;201300011000;0;33;0;0.0;2.0;8.0;1.0;A01
16412;201300011001;0;7;0;0.0;2.0;1.0;1.0;A01
16413;201300011001;0;1;0;0.0;2.0;0.0;1.0;B01
16414;201300011002;0;30;0;0.0;2.0;0.0;0.0;A01
16415;201300011003;0;7;0;0.0;2.0;1.0;1.0;A01
16416;201300011003;0;31;0;0.0;2.0;4.0;1.0;B01
16417;201300011004;0;7;0;0.0;2.0;1.0;1.0;B01
16418;201300011004;0;32;0;0.0;2.0;7.0;1.0;A01
16419;201300011005;0;7;0;0.0;2.0;2.0;15.0;B01
16420;201300011005;0;7;0;0.0;2.0;3.0;1.0;A01
16421;201300011006;0;7;0;0.0;2.0;3.0;1.0;B01
16422;201300011006;0;7;0;1.0;0.0;0.0;17.0;A01
16423;201300011007;0;7;0;0.0;2.0;7.0;1.0;B01
16424;201300011007;0;31;0;14.0;2.0;7.0;1.0;A01
16425;201300011010;0;31;0;0.0;2.0;1.0;1.0;B01
16426;201300011010;0;7;0;0.0;2.0;3.0;9.0;A01
16427;201300011010;0;30;0;0.0;2.0;1.0;1.0;C01
16428;201300011011;0;7;0;0.0;2.0;1.0;9.0;A01
16429;201300011011;0;31;0;0.0;2.0;1.0;17.0;B01
16430;201300011012;0;2;0;0.0;2.0;4.0;23.0;B01
16431;201300011012;0;2;0;0.0;2.0;1.0;0.0;A01
16432;201300011013;0;32;0;0.0;2.0;4.0;1.0;B01
16433;201300011013;0;7;0;0.0;2.0;4.0;1.0;C01
16434;201300011013;0;2;0;0.0;2.0;1.0;1.0;A01
16435;201300011014;0;32;0;0.0;2.0;1.0;0.0;A01
16436;201300011014;0;10;0;0.0;2.0;1.0;1.0;B01
16437;201300011015;0;7;0;0.0;2.0;1.0;2.0;B01
16438;201300011015;0;7;0;0.0;2.0;4.0;1.0;A01
16439;201300011015;0;7;0;0.0;2.0;1.0;2.0;C01
16440;201300011016;0;2;0;0.0;2.0;1.0;0.0;B01
16441;201300011016;0;7;0;0.0;2.0;7.0;15.0;A01
16442;201300011017;0;10;0;0.0;2.0;3.0;15.0;B01
16443;201300011017;0;7;0;0.0;2.0;1.0;1.0;A01
16444;201300011018;0;37;1;0.0;2.0;3.0;1.0;B01
16445;201300011018;0;7;0;0.0;2.0;2.0;16.0;A01
16446;201300011019;0;7;0;0.0;1.0;1.0;1.0;A01
16447;201300011020;0;7;0;0.0;1.0;1.0;1.0;A01
16448;201300011021;0;7;0;0.0;2.0;3.0;1.0;A01
16449;201300011021;0;7;0;0.0;2.0;3.0;1.0;B01
16450;201300011022;0;7;0;0.0;2.0;1.0;1.0;A01
16451;201300011022;0;37;1;0.0;2.0;6.0;1.0;B01
16452;201300011023;0;7;0;0.0;2.0;2.0;12.0;A01
16453;201300011023;0;32;0;0.0;2.0;8.0;3.0;B01
16454;201300011024;0;7;0;0.0;1.0;8.0;1.0;A01
16455;201300011025;0;7;0;0.0;2.0;4.0;2.0;B01
16456;201300011025;0;7;0;0.0;2.0;4.0;1.0;C01
16457;201300011025;0;7;0;0.0;2.0;1.0;2.0;A01
16458;201300011026;0;7;0;0.0;1.0;1.0;1.0;A01
16459;201300011027;0;2;0;0.0;2.0;1.0;1.0;A01
16460;201300011027;0;7;0;0.0;2.0;8.0;1.0;B01
16461;201300011028;0;31;0;0.0;2.0;6.0;1.0;B01
16462;201300011028;0;7;0;0.0;2.0;2.0;1.0;A01
16463;201300011029;0;30;0;0.0;2.0;1.0;1.0;A01
16464;201300011029;0;7;0;0.0;2.0;3.0;15.0;B01
16465;201300011030;0;7;0;0.0;1.0;3.0;1.0;A01
16466;201300011031;0;7;0;0.0;2.0;5.0;2.0;B01
16467;201300011031;0;32;0;0.0;2.0;1.0;1.0;A01
16468;201300011032;0;2;0;0.0;2.0;7.0;1.0;B01
16469;201300011032;0;7;0;0.0;2.0;3.0;9.0;A01
16470;201300011033;0;7;0;3.0;2.0;1.0;2.0;A01
16471;201300011033;0;7;0;0.0;2.0;4.0;1.0;B01
16472;201300011034;0;31;0;0.0;2.0;4.0;3.0;B01
16473;201300011034;0;7;0;0.0;2.0;2.0;1.0;A01
16474;201300011035;0;7;0;0.0;2.0;4.0;1.0;C01
16475;201300011035;0;7;0;0.0;2.0;4.0;1.0;B01
16476;201300011035;0;7;0;0.0;2.0;1.0;1.0;A01
16477;201300011036;0;1;0;14.0;0.0;2.0;1.0;B01
16478;201300011036;0;7;0;0.0;2.0;8.0;22.0;A01
16479;201300011039;0;7;0;0.0;1.0;1.0;15.0;A01
16480;201300011040;0;7;0;0.0;2.0;3.0;15.0;A01
16481;201300011040;0;33;0;1.0;2.0;7.0;17.0;B01
16482;201300011041;0;7;0;0.0;2.0;6.0;15.0;A01
16483;201300011041;0;37;2;0.0;2.0;1.0;1.0;B01
16484;201300011042;0;7;0;0.0;2.0;2.0;16.0;B01
16485;201300011042;0;31;0;0.0;2.0;1.0;1.0;A01
16486;201300011043;0;7;0;0.0;2.0;1.0;1.0;A01
16487;201300011043;0;7;0;0.0;2.0;2.0;1.0;B01
16488;201300011045;0;7;0;0.0;1.0;1.0;1.0;A01
16489;201300011046;0;33;0;0.0;1.0;0.0;1.0;A01
16490;201300011047;0;33;0;0.0;1.0;7.0;21.0;A01
16491;201300011048;0;7;0;0.0;1.0;2.0;1.0;A01
16492;201300011049;0;7;0;0.0;1.0;1.0;15.0;A01
16493;201300011050;0;31;0;0.0;1.0;2.0;1.0;A01
16494;201300011051;0;30;0;0.0;2.0;1.0;1.0;A01
16495;201300011051;0;7;0;0.0;2.0;3.0;1.0;B01
16496;201300011052;0;33;0;0.0;2.0;0.0;21.0;B01
16497;201300011052;0;7;0;0.0;0.0;0.0;1.0;A01
16498;201300011053;0;2;0;0.0;2.0;0.0;2.0;A01
16499;201300011053;0;7;0;0.0;2.0;4.0;23.0;B01
16500;201300011054;0;1;0;0.0;2.0;4.0;15.0;B01
16501;201300011054;0;7;0;0.0;2.0;1.0;1.0;A01
16502;201300011055;0;1;0;0.0;2.0;0.0;1.0;B01
16503;201300011055;0;2;0;0.0;2.0;1.0;1.0;A01
16504;201300011056;0;34;0;0.0;2.0;2.0;17.0;A01
16505;201300011056;0;7;0;0.0;2.0;1.0;1.0;B01
16506;201300011057;0;33;0;0.0;2.0;7.0;1.0;B01
16507;201300011057;0;10;0;0.0;2.0;8.0;0.0;A01
16508;201300011058;0;7;0;0.0;2.0;4.0;2.0;B01
16509;201300011058;0;7;0;0.0;2.0;1.0;1.0;A01
16510;201300011059;0;7;0;0.0;2.0;4.0;1.0;D01
16511;201300011059;0;7;0;0.0;2.0;4.0;1.0;C01
16512;201300011059;0;7;0;0.0;2.0;4.0;1.0;E01
16513;201300011059;0;7;0;0.0;2.0;1.0;1.0;A01
16514;201300011059;0;7;0;0.0;2.0;4.0;1.0;B01
16515;201300011060;0;7;0;0.0;1.0;1.0;1.0;A01
16516;201300011061;0;7;0;0.0;1.0;1.0;1.0;A01
16517;201300011062;0;7;0;0.0;2.0;8.0;15.0;A01
16518;201300011062;0;37;17;0.0;2.0;1.0;1.0;B01
16519;201300011063;0;31;0;0.0;2.0;0.0;0.0;B01
16520;201300011063;0;31;0;0.0;2.0;0.0;0.0;A01
16521;201300011064;0;7;0;0.0;1.0;3.0;15.0;A01
16522;201300011065;0;7;0;0.0;1.0;1.0;15.0;A01
16523;201300011066;0;33;0;0.0;1.0;0.0;15.0;A01
16524;201300011067;0;15;0;0.0;2.0;1.0;1.0;B01
16525;201300011067;0;10;0;0.0;2.0;8.0;0.0;A01
16526;201300011068;0;15;0;0.0;2.0;1.0;2.0;A01
16527;201300011068;0;7;0;0.0;2.0;4.0;1.0;B01
16528;201300011069;0;7;0;0.0;1.0;1.0;1.0;A01
16529;201300011070;0;31;0;0.0;2.0;4.0;0.0;B01
16530;201300011070;0;2;0;0.0;2.0;1.0;1.0;A01
16531;201300011072;0;7;0;0.0;1.0;1.0;1.0;A01
16532;201300011073;0;32;0;0.0;1.0;1.0;1.0;A01
16533;201300011074;0;10;0;0.0;2.0;3.0;1.0;B01
16534;201300011074;0;37;10;0.0;2.0;3.0;1.0;A01
16535;201300011075;0;7;0;0.0;2.0;3.0;1.0;B01
16536;201300011075;0;2;0;0.0;2.0;1.0;1.0;A01
16537;201300011076;0;30;0;0.0;2.0;1.0;1.0;B01
16538;201300011076;0;7;0;0.0;2.0;3.0;9.0;A01
16539;201300011077;0;7;0;0.0;2.0;3.0;9.0;A01
16540;201300011077;0;7;0;0.0;2.0;1.0;1.0;B01
16541;201300011080;0;31;0;0.0;1.0;2.0;16.0;A01
16542;201300011081;0;37;1;0.0;1.0;3.0;15.0;A01
16543;201300011082;0;7;0;0.0;2.0;2.0;15.0;A01
16544;201300011082;0;32;0;0.0;2.0;1.0;1.0;B01
16545;201300011083;0;7;0;0.0;2.0;1.0;2.0;A01
16546;201300011083;0;7;0;0.0;2.0;4.0;2.0;B01
16547;201300011083;0;14;0;0.0;2.0;4.0;2.0;C01
16548;201300011086;0;7;0;0.0;1.0;1.0;15.0;A01
16549;201300011087;0;7;0;0.0;2.0;8.0;1.0;B01
16550;201300011087;0;7;0;0.0;2.0;2.0;0.0;A01
16551;201300011088;0;32;0;0.0;0.0;0.0;0.0;A01
16552;201300011089;0;2;0;1.0;0.0;0.0;14.0;B01
16553;201300011089;0;31;0;1.0;0.0;0.0;14.0;A01
16554;201300011090;0;7;0;0.0;2.0;1.0;1.0;A01
16555;201300011090;0;7;0;0.0;2.0;4.0;1.0;B01
16556;201300011091;0;31;0;0.0;1.0;1.0;1.0;A01
16557;201300011093;0;7;0;0.0;2.0;8.0;22.0;A01
16558;201300011093;0;1;0;0.0;2.0;1.0;1.0;B01
16559;201300011094;0;7;0;0.0;2.0;1.0;1.0;A01
16560;201300011094;0;7;0;0.0;2.0;3.0;1.0;B01
16561;201300011095;0;7;0;0.0;2.0;1.0;2.0;A01
16562;201300011095;0;7;0;0.0;2.0;4.0;1.0;B01
16563;201300011096;0;7;0;0.0;1.0;1.0;1.0;A01
16564;201300011097;0;1;0;0.0;2.0;0.0;1.0;A01
16565;201300011097;1;7;0;0.0;2.0;0.0;0.0;Z01
16566;201300011098;0;33;0;0.0;2.0;1.0;1.0;A01
16567;201300011098;0;7;0;0.0;2.0;4.0;1.0;B01
16568;201300011099;0;31;0;0.0;2.0;1.0;17.0;B01
16569;201300011099;0;14;0;0.0;2.0;3.0;15.0;A01
16570;201300011100;0;7;0;0.0;9.0;1.0;14.0;A01
16571;201300011100;0;1;0;0.0;2.0;4.0;1.0;B01
16572;201300011103;0;7;0;1.0;0.0;2.0;14.0;A01
16573;201300011104;0;32;0;0.0;2.0;1.0;1.0;A01
16574;201300011104;0;7;0;0.0;2.0;7.0;1.0;B01
16575;201300011105;0;31;0;0.0;2.0;2.0;1.0;B01
16576;201300011105;0;7;0;0.0;2.0;8.0;9.0;A01
16577;201300011106;0;7;0;0.0;2.0;8.0;11.0;A01
16578;201300011106;0;15;0;0.0;2.0;2.0;1.0;B01
16579;201300011107;0;7;0;0.0;1.0;2.0;15.0;A01
16580;201300011108;0;33;0;0.0;2.0;2.0;1.0;A01
16581;201300011108;0;7;0;0.0;2.0;3.0;0.0;B01
16582;201300011109;0;32;0;3.0;0.0;1.0;1.0;A01
16583;201300011110;0;7;0;9.0;0.0;1.0;13.0;A01
16584;201300011111;0;31;0;0.0;2.0;1.0;1.0;A01
16585;201300011111;0;31;0;0.0;2.0;4.0;1.0;B01
16586;201300011111;0;7;0;0.0;2.0;4.0;1.0;C01
16587;201300011112;0;31;0;0.0;2.0;1.0;1.0;B01
16588;201300011112;0;7;0;0.0;2.0;7.0;15.0;A01
16589;201300011112;0;33;0;0.0;2.0;1.0;2.0;C01
16590;201300011113;0;7;0;0.0;2.0;1.0;1.0;B01
16591;201300011113;0;34;0;0.0;2.0;1.0;5.0;A01
16592;201300011114;0;33;0;0.0;2.0;3.0;3.0;A01
16593;201300011114;0;10;0;0.0;2.0;8.0;9.0;B01
16594;201300011115;0;10;0;0.0;1.0;1.0;15.0;A01
16595;201300011116;0;1;0;0.0;2.0;0.0;1.0;B01
16596;201300011116;0;7;0;0.0;2.0;2.0;1.0;A01
16597;201300011117;0;10;0;0.0;1.0;1.0;1.0;A01
16598;201300011118;0;1;0;0.0;2.0;0.0;0.0;B01
16599;201300011118;0;7;0;0.0;2.0;3.0;1.0;A01
16600;201300011119;0;7;0;0.0;2.0;4.0;12.0;A01
16601;201300011119;0;32;0;0.0;2.0;1.0;1.0;B01
16602;201300011120;0;7;0;0.0;1.0;1.0;1.0;A01
16603;201300011121;0;32;0;0.0;2.0;4.0;1.0;B01
16604;201300011121;0;31;0;0.0;2.0;1.0;1.0;A01
16605;201300011122;0;10;0;0.0;2.0;4.0;4.0;A01
16606;201300011122;0;33;0;0.0;2.0;1.0;23.0;B01
16607;201300011123;0;7;0;0.0;1.0;2.0;1.0;A01
16608;201300011124;0;7;0;0.0;1.0;1.0;1.0;A01
16609;201300011125;0;7;0;0.0;2.0;2.0;1.0;A01
16610;201300011125;0;7;0;0.0;2.0;8.0;20.0;B01
16611;201300011126;0;7;0;0.0;2.0;1.0;1.0;B01
16612;201300011126;0;10;0;0.0;2.0;2.0;15.0;A01
16613;201300011127;0;7;0;0.0;2.0;1.0;2.0;A01
16614;201300011127;0;7;0;0.0;2.0;4.0;1.0;B01
16615;201300011128;0;7;0;4.0;0.0;3.0;0.0;A01
16616;201300011129;0;7;0;0.0;2.0;1.0;1.0;A01
16617;201300011129;0;1;0;0.0;2.0;8.0;0.0;B01
16618;201300011130;0;7;0;0.0;2.0;6.0;15.0;B01
16619;201300011130;0;30;0;0.0;2.0;1.0;1.0;A01
16620;201300011132;0;32;0;0.0;2.0;1.0;1.0;B01
16621;201300011132;0;32;0;0.0;2.0;1.0;1.0;A01
16622;201300011133;0;7;0;0.0;2.0;7.0;1.0;B01