;Num_Acc;senc;catv;occutc;obs;obsm;choc;manv;num_veh
17465;201300011663;0;10;0;0.0;0.0;9.0;0.0;A01
17466;201300011664;0;7;0;6.0;1.0;1.0;1.0;A01
17467;201300011665;0;30;0;0.0;2.0;1.0;13.0;A01
17468;201300011665;0;7;0;0.0;2.0;3.0;1.0;B02
17469;201300011666;0;7;0;0.0;2.0;1.0;1.0;B02
17470;201300011666;0;33;0;0.0;2.0;1.0;1.0;A01
17471;201300011667;0;7;0;0.0;2.0;3.0;1.0;A01
17472;201300011667;0;7;0;0.0;2.0;2.0;1.0;B02
17473;201300011668;0;33;0;0.0;2.0;2.0;1.0;A01
17474;201300011668;0;7;0;0.0;2.0;3.0;16.0;B02
17475;201300011669;0;7;0;0.0;2.0;1.0;0.0;C03
17476;201300011669;0;7;0;0.0;2.0;3.0;6.0;A01
17477;201300011669;0;7;0;0.0;2.0;6.0;1.0;B02
17478;201300011670;0;7;0;0.0;2.0;1.0;5.0;A01
17479;201300011670;0;7;0;0.0;2.0;1.0;1.0;B02
17480;201300011671;0;7;0;0.0;2.0;8.0;1.0;A01
17481;201300011671;0;1;0;0.0;2.0;8.0;1.0;B02
17482;201300011672;0;99;0;0.0;9.0;0.0;4.0;A01
17483;201300011673;0;7;0;1.0;0.0;3.0;2.0;C03
17484;201300011673;0;7;0;3.0;0.0;1.0;1.0;A01
17485;201300011673;0;10;0;0.0;2.0;3.0;2.0;B02
17486;201300011674;0;15;0;0.0;0.0;8.0;1.0;A01
17487;201300011676;0;7;0;1.0;1.0;2.0;2.0;A01
17488;201300011677;0;7;0;4.0;0.0;1.0;0.0;A01
17489;201300011678;0;10;0;3.0;0.0;2.0;0.0;A01
17490;201300011679;0;7;0;4.0;0.0;2.0;1.0;A01
17491;201300011681;0;7;0;0.0;2.0;2.0;2.0;A01
17492;201300011681;0;7;0;0.0;0.0;6.0;2.0;B02
17493;201300011683;0;7;0;4.0;0.0;3.0;1.0;A01
17494;201300011684;0;7;0;8.0;0.0;1.0;14.0;A01
17495;201300011685;0;10;0;3.0;0.0;1.0;14.0;A01
17496;201300011686;0;7;0;0.0;2.0;2.0;14.0;A01
17497;201300011686;0;15;0;0.0;2.0;6.0;1.0;B02
17498;201300011687;0;7;0;4.0;2.0;3.0;5.0;A01
17499;201300011687;0;10;0;4.0;2.0;3.0;17.0;B02
17500;201300011688;0;10;0;3.0;0.0;9.0;21.0;A01
17501;201300011689;0;10;0;3.0;0.0;9.0;1.0;A01
17502;201300011692;0;7;0;4.0;0.0;9.0;17.0;A01
17503;201300011693;0;7;0;4.0;0.0;3.0;1.0;A01
17504;201300011697;0;7;0;3.0;0.0;2.0;2.0;A01
17505;201300011698;0;7;0;0.0;2.0;1.0;2.0;A01
17506;201300011698;0;7;0;0.0;0.0;4.0;1.0;B02
17507;201300011699;0;7;0;6.0;0.0;1.0;14.0;A01
17508;201300011700;0;7;0;0.0;2.0;2.0;2.0;A01
17509;201300011700;0;17;0;0.0;0.0;6.0;1.0;B02
17510;201300011701;0;14;0;0.0;2.0;6.0;17.0;A01
17511;201300011701;0;7;0;0.0;2.0;2.0;1.0;B02
17512;201300011702;0;7;0;13.0;0.0;3.0;14.0;A01
17513;201300011704;0;17;0;0.0;0.0;6.0;1.0;B02
17514;201300011704;0;7;0;0.0;2.0;2.0;14.0;A01
17515;201300011705;0;7;0;0.0;0.0;2.0;14.0;A01
17516;201300011705;0;17;0;0.0;0.0;0.0;1.0;B02
17517;201300011706;0;7;0;0.0;1.0;1.0;1.0;A01
17518;201300011707;0;7;0;0.0;2.0;1.0;2.0;A01
17519;201300011707;0;14;0;0.0;0.0;0.0;1.0;B02
17520;201300011707;0;7;0;0.0;2.0;1.0;2.0;D04
17521;201300011707;0;7;0;0.0;2.0;1.0;2.0;E05
17522;201300011707;0;7;0;0.0;2.0;1.0;2.0;F06
17523;201300011707;0;7;0;0.0;2.0;1.0;2.0;G07
17524;201300011707;0;7;0;0.0;2.0;1.0;2.0;H08
17525;201300011707;0;7;0;0.0;2.0;1.0;2.0;C09
17526;201300011707;0;10;0;0.0;2.0;1.0;0.0;J10
17527;201300011707;0;14;0;0.0;2.0;1.0;2.0;K11
17528;201300011708;0;14;0;0.0;2.0;4.0;1.0;B02
17529;201300011708;0;7;0;0.0;2.0;1.0;2.0;A01
17530;201300011709;0;10;0;1.0;0.0;2.0;14.0;A01
17531;201300011709;0;10;0;0.0;9.0;1.0;2.0;C03
17532;201300011709;0;17;0;0.0;2.0;6.0;24.0;B02
17533;201300011710;0;33;0;0.0;2.0;1.0;1.0;B02
17534;201300011710;0;7;0;0.0;0.0;0.0;1.0;A01
17535;201300011711;0;7;0;3.0;2.0;1.0;2.0;A01
17536;201300011711;0;14;0;0.0;0.0;4.0;1.0;B02
17537;201300011712;0;15;0;0.0;2.0;1.0;2.0;B02
17538;201300011712;0;14;0;0.0;0.0;4.0;1.0;A01
17539;201300011713;0;33;0;7.0;0.0;1.0;1.0;A01
17540;201300011714;0;15;0;0.0;0.0;4.0;2.0;B02
17541;201300011714;0;7;0;0.0;2.0;1.0;2.0;A01
17542;201300011715;0;7;0;4.0;0.0;1.0;13.0;A01
17543;201300011716;0;33;0;0.0;0.0;7.0;1.0;A01
17544;201300011717;0;7;0;0.0;2.0;3.0;1.0;A01
17545;201300011717;0;7;0;0.0;2.0;3.0;13.0;B02
17546;201300011719;0;33;0;0.0;2.0;1.0;17.0;B02
17547;201300011719;0;7;0;0.0;2.0;8.0;15.0;A01
17548;201300011720;0;10;0;0.0;2.0;3.0;16.0;A01
17549;201300011720;0;15;0;0.0;2.0;8.0;15.0;B02
17550;201300011721;0;7;0;0.0;2.0;1.0;1.0;B02
17551;201300011721;0;33;0;0.0;2.0;1.0;13.0;A01
17552;201300011722;0;7;0;0.0;2.0;1.0;15.0;A01
17553;201300011722;0;31;0;0.0;2.0;2.0;1.0;B02
17554;201300011725;0;7;0;4.0;0.0;3.0;1.0;A01
17555;201300011726;0;7;0;0.0;2.0;7.0;14.0;A01
17556;201300011726;0;17;0;0.0;2.0;8.0;1.0;B02
17557;201300011728;0;7;0;4.0;0.0;2.0;0.0;A01
17558;201300011729;0;17;0;3.0;0.0;3.0;1.0;A01
17559;201300011730;0;7;0;4.0;0.0;3.0;21.0;A01
17560;201300011731;0;10;0;0.0;2.0;1.0;2.0;B02
17561;201300011731;0;17;0;0.0;0.0;4.0;9.0;A01
17562;201300011732;0;7;0;3.0;0.0;2.0;1.0;A01
17563;201300011733;0;7;0;0.0;2.0;2.0;1.0;B02
17564;201300011733;0;7;0;4.0;2.0;3.0;13.0;A01
17565;201300011735;0;7;0;0.0;2.0;1.0;2.0;B02
17566;201300011735;0;15;0;0.0;0.0;4.0;1.0;A01
17567;201300011736;0;7;0;0.0;2.0;3.0;1.0;B02
17568;201300011736;0;7;0;4.0;2.0;1.0;13.0;A01
17569;201300011736;0;14;0;0.0;2.0;1.0;1.0;C03
17570;201300011737;0;7;0;0.0;2.0;1.0;1.0;B02
17571;201300011737;0;7;0;0.0;2.0;1.0;5.0;A01
17572;201300011738;0;7;0;4.0;2.0;1.0;17.0;A01
17573;201300011738;0;7;0;0.0;2.0;8.0;1.0;B02
17574;201300011739;0;7;0;4.0;0.0;3.0;0.0;A01
17575;201300011741;0;10;0;0.0;0.0;1.0;1.0;A01
17576;201300011742;0;7;0;0.0;2.0;1.0;1.0;B02
17577;201300011742;0;7;0;0.0;2.0;4.0;1.0;A01
17578;201300011742;0;7;0;0.0;2.0;7.0;1.0;C03
17579;201300011742;0;7;0;0.0;0.0;1.0;1.0;D04
17580;201300011743;0;1;0;0.0;0.0;6.0;1.0;B02
17581;201300011743;0;7;0;0.0;9.0;2.0;1.0;A01
17582;201300011744;0;7;0;0.0;0.0;2.0;1.0;A01
17583;201300011744;0;7;0;0.0;0.0;3.0;0.0;B02
17584;201300011745;0;7;0;0.0;2.0;3.0;13.0;B02
17585;201300011745;0;7;0;0.0;2.0;3.0;1.0;A01
17586;201300011746;0;7;0;0.0;0.0;4.0;23.0;B02
17587;201300011746;0;31;0;0.0;2.0;1.0;1.0;A01
17588;201300011747;0;7;0;9.0;0.0;3.0;1.0;A01
17589;201300011748;0;10;0;0.0;2.0;3.0;1.0;A01
17590;201300011748;0;15;0;0.0;2.0;7.0;17.0;B02
17591;201300011749;0;14;0;0.0;2.0;1.0;1.0;A01
17592;201300011749;0;7;0;0.0;2.0;4.0;17.0;B02
17593;201300011750;0;7;0;0.0;2.0;8.0;1.0;A01
17594;201300011750;0;7;0;0.0;2.0;3.0;13.0;B02
17595;201300011751;0;7;0;0.0;2.0;1.0;1.0;B02
17596;201300011751;0;33;0;0.0;2.0;4.0;21.0;A01
17597;201300011752;0;15;0;0.0;2.0;8.0;19.0;A01
17598;201300011752;0;7;0;0.0;2.0;1.0;1.0;B02
17599;201300011753;0;20;0;0.0;2.0;3.0;1.0;B02
17600;201300011753;0;33;0;0.0;2.0;1.0;2.0;A01
17601;201300011753;0;7;0;0.0;2.0;4.0;1.0;C03
17602;201300011754;0;7;0;0.0;2.0;4.0;2.0;C03
17603;201300011754;0;7;0;0.0;2.0;1.0;2.0;D04
17604;201300011754;0;7;0;0.0;2.0;1.0;2.0;E05
17605;201300011754;0;7;0;0.0;2.0;1.0;1.0;B02
17606;201300011754;0;7;0;0.0;2.0;4.0;23.0;A01
17607;201300011755;0;7;0;0.0;2.0;1.0;1.0;C03
17608;201300011755;0;7;0;0.0;2.0;1.0;5.0;B02
17609;201300011755;0;7;0;0.0;2.0;1.0;1.0;A01
17610;201300011757;0;7;0;0.0;2.0;3.0;1.0;A01
17611;201300011757;0;3;0;0.0;2.0;3.0;1.0;B02
17612;201300011758;0;7;0;3.0;2.0;6.0;1.0;B02
17613;201300011758;0;7;0;0.0;2.0;2.0;1.0;A01
17614;201300011760;0;7;0;3.0;0.0;1.0;1.0;A01
17615;201300011761;0;31;0;8.0;0.0;2.0;1.0;A01
17616;201300011762;0;7;0;7.0;2.0;1.0;1.0;A01
17617;201300011762;0;7;0;7.0;2.0;7.0;1.0;B02
17618;201300011764;0;7;0;13.0;0.0;1.0;12.0;A01
17619;201300011765;0;7;0;1.0;0.0;1.0;2.0;B02
17620;201300011765;2;7;0;1.0;0.0;8.0;23.0;A01
17621;201300011765;0;37;10;1.0;0.0;1.0;1.0;C03
17622;201300011766;0;7;0;0.0;2.0;2.0;15.0;A01
17623;201300011766;0;2;0;0.0;2.0;1.0;1.0;B02
17624;201300011767;0;7;0;2.0;0.0;3.0;13.0;A01
17625;201300011768;0;7;0;0.0;2.0;2.0;1.0;A01
17626;201300011768;0;7;0;0.0;2.0;1.0;13.0;B02
17627;201300011769;0;7;0;0.0;2.0;2.0;13.0;A01
17628;201300011769;0;7;0;0.0;2.0;2.0;13.0;B02
17629;201300011770;0;7;0;0.0;2.0;3.0;11.0;A01
17630;201300011770;0;7;0;0.0;2.0;5.0;1.0;B02
17631;201300011771;0;7;0;4.0;0.0;3.0;1.0;A01
17632;201300011772;0;7;0;0.0;1.0;6.0;4.0;A01
17633;201300011773;0;10;0;0.0;2.0;2.0;2.0;A01
17634;201300011773;0;15;0;0.0;2.0;6.0;2.0;B02
17635;201300011774;0;7;0;4.0;0.0;1.0;1.0;B02
17636;201300011774;0;15;0;0.0;0.0;0.0;1.0;A01
17637;201300011774;0;7;0;0.0;9.0;1.0;1.0;C03
17638;201300011775;0;7;0;4.0;0.0;1.0;19.0;A01
17639;201300011776;0;33;0;0.0;0.0;0.0;1.0;A01
17640;201300011777;0;7;0;7.0;0.0;9.0;1.0;A01
17641;201300011778;0;7;0;0.0;2.0;2.0;1.0;A01
17642;201300011778;0;10;0;0.0;2.0;3.0;1.0;B02
17643;201300011779;0;7;0;14.0;0.0;1.0;1.0;F06
17644;201300011779;0;17;0;0.0;0.0;0.0;1.0;A01
17645;201300011779;0;7;0;14.0;0.0;1.0;1.0;D04
17646;201300011779;0;7;0;14.0;0.0;1.0;1.0;C03
17647;201300011779;0;7;0;14.0;0.0;3.0;1.0;B02
17648;201300011779;0;7;0;14.0;0.0;1.0;1.0;E05
17649;201300011780;0;38;1;0.0;0.0;6.0;2.0;B02
17650;201300011780;0;14;0;0.0;2.0;2.0;2.0;A01
17651;201300011781;0;7;0;4.0;0.0;6.0;2.0;A01
17652;201300011782;0;10;0;4.0;0.0;8.0;17.0;A01
17653;201300011783;0;7;0;0.0;2.0;1.0;2.0;A01
17654;201300011783;0;7;0;0.0;0.0;4.0;2.0;B02
17655;201300011783;0;7;0;0.0;0.0;8.0;2.0;C03
17656;201300011785;0;33;0;4.0;0.0;2.0;1.0;A01
17657;201300011787;0;7;0;0.0;2.0;1.0;2.0;B02
17658;201300011787;0;7;0;0.0;0.0;4.0;2.0;A01
17659;201300011788;0;7;0;1.0;0.0;1.0;1.0;A01
17660;201300011788;0;7;0;0.0;0.0;4.0;24.0;B02
17661;201300011789;0;7;0;13.0;2.0;8.0;1.0;A01
17662;201300011789;0;7;0;0.0;2.0;7.0;1.0;B02
17663;201300011791;0;15;0;9.0;0.0;1.0;2.0;A01
17664;201300011791;0;7;0;0.0;0.0;4.0;23.0;B02
17665;201300011792;0;15;0;0.0;2.0;4.0;1.0;B02
17666;201300011792;0;7;0;0.0;2.0;1.0;14.0;A01
17667;201300011793;0;17;0;0.0;2.0;6.0;1.0;A01
17668;201300011793;0;7;0;0.0;9.0;1.0;1.0;C03
17669;201300011793;0;17;0;0.0;9.0;7.0;1.0;B02
17670;201300011794;0;7;0;4.0;0.0;3.0;13.0;A01
17671;201300011794;0;15;0;0.0;2.0;3.0;1.0;B02
17672;201300011795;0;17;0;0.0;0.0;4.0;2.0;B02
17673;201300011795;0;17;0;0.0;2.0;1.0;2.0;A01
17674;201300011797;0;17;0;0.0;2.0;3.0;1.0;B02
17675;201300011797;0;7;0;0.0;2.0;1.0;14.0;A01
17676;201300011798;0;7;0;0.0;2.0;1.0;5.0;A01
17677;201300011798;0;7;0;0.0;2.0;1.0;17.0;B02
17678;201300011799;0;10;0;3.0;0.0;7.0;1.0;A01
17679;201300011800;0;7;0;0.0;2.0;1.0;2.0;A01
17680;201300011800;0;7;0;0.0;2.0;4.0;2.0;C03
17681;201300011800;0;10;0;0.0;2.0;4.0;2.0;B02
17682;201300011801;0;7;0;0.0;0.0;0.0;17.0;B02
17683;201300011801;0;7;0;0.0;0.0;2.0;21.0;A01
17684;201300011802;0;7;0;0.0;2.0;4.0;1.0;C03
17685;201300011802;0;7;0;0.0;2.0;8.0;1.0;E05
17686;201300011802;0;3;0;0.0;2.0;4.0;1.0;D04
17687;201300011802;0;7;0;0.0;2.0;4.0;1.0;B02
17688;201300011802;0;7;0;0.0;2.0;1.0;1.0;A01
17689;201300011803;0;17;0;0.0;2.0;2.0;2.0;A01
17690;201300011803;0;7;0;3.0;2.0;6.0;1.0;B02
17691;201300011803;0;17;0;0.0;0.0;0.0;0.0;C03
17692;201300011805;0;33;0;0.0;9.0;1.0;1.0;B02
17693;201300011805;0;15;0;0.0;9.0;0.0;1.0;A01
17694;201300011806;0;17;0;0.0;2.0;2.0;1.0;B02
17695;201300011806;0;7;0;0.0;2.0;4.0;0.0;A01
17696;201300011807;0;7;0;4.0;0.0;9.0;13.0;A01
17697;201300011809;0;7;0;0.0;2.0;5.0;1.0;D04
17698;201300011809;0;7;0;0.0;2.0;1.0;1.0;A01
17699;201300011809;0;15;0;0.0;2.0;8.0;1.0;C03
17700;201300011809;0;7;0;0.0;2.0;1.0;1.0;B02
17701;201300011810;0;10;0;4.0;0.0;1.0;1.0;A01
17702;201300011810;0;7;0;0.0;2.0;3.0;2.0;B02
17703;201300011811;0;7;0;3.0;0.0;3.0;1.0;A01
17704;201300011812;0;10;0;0.0;0.0;0.0;24.0;A01
17705;201300011813;0;7;0;0.0;2.0;7.0;2.0;A01
17706;201300011813;0;15;0;0.0;2.0;2.0;2.0;B02
17707;201300011814;0;7;0;3.0;2.0;1.0;2.0;A01
17708;201300011814;0;17;0;0.0;2.0;6.0;2.0;B02
17709;201300011815;0;17;0;1.0;1.0;3.0;14.0;A01
17710;201300011816;0;7;0;0.0;2.0;2.0;2.0;A01
17711;201300011816;0;10;0;0.0;0.0;6.0;2.0;B02
17712;201300011817;0;10;0;0.0;2.0;8.0;2.0;C03
17713;201300011817;0;10;0;0.0;2.0;2.0;2.0;A01
17714;201300011817;0;7;0;0.0;2.0;4.0;2.0;B02
17715;201300011818;0;38;0;3.0;0.0;2.0;0.0;A01
17716;201300011819;0;7;0;0.0;1.0;7.0;14.0;A01
17717;201300011820;0;7;0;0.0;2.0;7.0;19.0;A01
17718;201300011820;0;10;0;0.0;2.0;1.0;1.0;B02
17719;201300011821;0;7;0;0.0;2.0;1.0;1.0;A01
17720;201300011821;0;7;0;0.0;2.0;1.0;13.0;B02
17721;201300011822;0;10;0;0.0;2.0;2.0;5.0;A01
17722;201300011822;0;7;0;0.0;2.0;3.0;1.0;B02
17723;201300011823;0;7;0;0.0;2.0;8.0;15.0;B02
17724;201300011823;0;7;0;0.0;2.0;2.0;17.0;A01
17725;201300011824;0;7;0;0.0;0.0;1.0;14.0;A01
17726;201300011825;0;7;0;0.0;2.0;7.0;15.0;A01
17727;201300011825;0;31;0;0.0;2.0;5.0;1.0;B02
17728;201300011826;0;7;0;0.0;2.0;1.0;13.0;A01
17729;201300011826;0;7;0;0.0;2.0;1.0;1.0;B02
17730;201300011827;0;7;0;13.0;0.0;9.0;14.0;A01
17731;201300011828;0;7;0;0.0;0.0;7.0;14.0;A01
17732;201300011829;0;7;0;0.0;2.0;1.0;14.0;A01
17733;201300011829;0;10;0;0.0;0.0;4.0;1.0;B02
17734;201300011830;0;7;0;0.0;2.0;1.0;1.0;A01
17735;201300011830;0;17;0;0.0;0.0;4.0;1.0;B02
17736;201300011831;0;10;0;3.0;0.0;7.0;14.0;A01
17737;201300011832;0;7;0;14.0;0.0;1.0;21.0;C03
17738;201300011832;0;7;0;13.0;2.0;2.0;14.0;A01
17739;201300011832;0;7;0;13.0;0.0;6.0;1.0;B02
17740;201300011833;0;14;0;0.0;2.0;8.0;1.0;B02
17741;201300011833;0;7;0;0.0;2.0;2.0;14.0;A01
17742;201300011834;0;7;0;0.0;2.0;5.0;0.0;A01
17743;201300011834;0;7;0;0.0;0.0;3.0;1.0;B02
17744;201300011835;0;10;0;4.0;2.0;1.0;2.0;A01
17745;201300011835;0;17;0;0.0;2.0;4.0;2.0;B02
17746;201300011837;0;7;0;13.0;0.0;9.0;1.0;A01
17747;201300011837;0;7;0;0.0;2.0;1.0;1.0;B02
17748;201300011837;0;7;0;0.0;2.0;4.0;1.0;C03
17749;201300011837;0;7;0;0.0;2.0;6.0;23.0;D04
17750;201300011838;0;10;0;14.0;0.0;1.0;1.0;A01
17751;201300011839;0;7;0;13.0;0.0;2.0;0.0;A01
17752;201300011840;0;15;0;4.0;0.0;1.0;1.0;A01
17753;201300011840;0;7;0;14.0;0.0;1.0;1.0;B02
17754;201300011841;0;7;0;0.0;2.0;2.0;2.0;A01
17755;201300011841;0;13;0;0.0;0.0;6.0;1.0;B02
17756;201300011842;0;99;0;1.0;0.0;2.0;14.0;A01
17757;201300011842;0;15;0;1.0;2.0;6.0;24.0;B02
17758;201300011844;0;7;0;13.0;0.0;9.0;1.0;A01
17759;201300011845;0;7;0;7.0;0.0;7.0;1.0;A01
17760;201300011846;0;7;0;0.0;2.0;3.0;15.0;A01
17761;201300011846;0;1;0;0.0;2.0;1.0;15.0;B02
17762;201300011847;0;31;0;0.0;0.0;1.0;17.0;B02
17763;201300011847;0;7;0;0.0;0.0;6.0;17.0;A01
17764;201300011848;0;1;0;0.0;0.0;0.0;0.0;A01
17765;201300011849;0;30;0;0.0;0.0;0.0;16.0;A01
17766;201300011850;0;7;0;0.0;1.0;3.0;1.0;A01
17767;201300011851;0;7;0;2.0;0.0;1.0;15.0;A01
17768;201300011852;0;7;0;0.0;2.0;1.0;1.0;B02
17769;201300011852;0;7;0;0.0;0.0;4.0;9.0;A01
17770;201300011853;0;7;0;0.0;2.0;1.0;11.0;B02
17771;201300011853;0;2;0;0.0;2.0;6.0;1.0;A01
17772;201300011854;0;7;0;0.0;2.0;3.0;16.0;A01
17773;201300011854;0;2;0;0.0;2.0;1.0;1.0;B02
17774;201300011855;0;7;0;0.0;2.0;6.0;1.0;B02
17775;201300011855;0;7;0;0.0;2.0;3.0;0.0;C03
17776;201300011855;0;30;0;0.0;2.0;3.0;13.0;A01
17777;201300011856;0;33;0;6.0;0.0;1.0;1.0;A01
17778;201300011857;0;30;0;14.0;0.0;1.0;0.0;A01
17779;201300011857;0;7;0;0.0;0.0;6.0;23.0;B02
17780;201300011858;1;7;0;0.0;1.0;1.0;1.0;A01
17781;201300011859;0;7;0;3.0;0.0;1.0;1.0;A01
17782;201300011860;0;7;0;7.0;0.0;1.0;14.0;A01
17783;201300011861;0;10;0;4.0;0.0;3.0;13.0;A01
17784;201300011862;0;7;0;2.0;0.0;8.0;1.0;A01
17785;201300011863;0;33;0;0.0;0.0;8.0;1.0;A01
17786;201300011864;0;33;0;0.0;2.0;5.0;12.0;A01
17787;201300011864;0;7;0;0.0;2.0;3.0;1.0;B02
17788;201300011865;0;7;0;0.0;2.0;1.0;1.0;A01
17789;201300011865;0;17;0;0.0;2.0;4.0;1.0;B02
17790;201300011867;0;7;0;0.0;2.0;1.0;1.0;B02
17791;201300011867;0;7;0;0.0;2.0;1.0;5.0;A01
17792;201300011869;0;7;0;7.0;0.0;8.0;1.0;A01
17793;201300011870;0;7;0;4.0;0.0;1.0;9.0;A01
17794;201300011871;0;10;0;1.0;0.0;3.0;2.0;A01
17795;201300011873;0;10;0;0.0;0.0;0.0;1.0;A01
17796;201300011874;0;10;0;0.0;2.0;4.0;17.0;A01
17797;201300011874;0;10;0;0.0;2.0;1.0;2.0;B02
17798;201300011875;0;7;0;3.0;0.0;3.0;1.0;A01
17799;201300011876;0;7;0;0.0;2.0;3.0;1.0;B02
17800;201300011876;0;7;0;0.0;2.0;3.0;5.0;A01
17801;201300011877;0;7;0;0.0;0.0;4.0;1.0;A01
17802;201300011877;0;7;0;0.0;2.0;1.0;2.0;B02
17803;201300011877;0;7;0;0.0;2.0;4.0;2.0;C03
17804;201300011877;0;7;0;0.0;2.0;3.0;2.0;D04
17805;201300011878;0;7;0;3.0;0.0;1.0;13.0;A01
17806;201300011879;0;10;0;0.0;0.0;9.0;1.0;A01
17807;201300011881;0;10;0;3.0;0.0;1.0;2.0;A01
17808;201300011882;0;7;0;13.0;0.0;2.0;14.0;A01
17809;201300011883;0;7;0;0.0;2.0;4.0;2.0;B02
17810;201300011883;0;7;0;0.0;0.0;5.0;2.0;A01
17811;201300011883;0;7;0;0.0;2.0;4.0;2.0;C03
17812;201300011883;0;33;0;0.0;2.0;1.0;2.0;D04
17813;201300011883;0;7;0;0.0;2.0;6.0;2.0;E05
17814;201300011884;0;31;0;0.0;2.0;3.0;3.0;A01
17815;201300011884;0;7;0;0.0;0.0;5.0;1.0;B02
17816;201300011885;0;7;0;4.0;2.0;2.0;1.0;A01
17817;201300011885;0;7;0;0.0;0.0;6.0;1.0;B02
17818;201300011885;0;7;0;0.0;2.0;8.0;1.0;C03
17819;201300011885;0;17;0;0.0;2.0;8.0;1.0;D04
17820;201300011886;0;17;0;0.0;2.0;2.0;21.0;A01
17821;201300011886;0;7;0;0.0;2.0;7.0;4.0;B02
17822;201300011887;0;7;0;3.0;2.0;7.0;17.0;A01
17823;201300011887;0;7;0;0.0;2.0;8.0;1.0;B02
17824;201300011888;1;7;0;0.0;2.0;7.0;1.0;Z01
17825;201300011888;0;7;0;0.0;2.0;2.0;1.0;B01
17826;201300011888;0;1;0;0.0;2.0;4.0;1.0;A01
17827;201300011889;0;30;0;0.0;0.0;0.0;1.0;A01
17828;201300011890;0;7;0;0.0;2.0;8.0;1.0;B01
17829;201300011890;0;7;0;0.0;2.0;1.0;1.0;A01
17830;201300011891;0;1;0;0.0;1.0;1.0;0.0;A01
17831;201300011892;0;7;0;0.0;1.0;3.0;1.0;A01
17832;201300011893;0;7;0;0.0;2.0;5.0;1.0;A01
17833;201300011893;0;30;0;0.0;2.0;3.0;1.0;B01
17834;201300011894;0;7;0;0.0;2.0;5.0;16.0;A01
17835;201300011894;0;1;0;0.0;2.0;1.0;1.0;B01
17836;201300011895;0;33;0;0.0;2.0;2.0;2.0;A01
17837;201300011895;0;10;0;0.0;2.0;3.0;15.0;B01
17838;201300011896;0;7;0;0.0;2.0;4.0;1.0;A01
17839;201300011896;1;7;0;0.0;2.0;1.0;1.0;B01
17840;201300011897;0;7;0;0.0;1.0;1.0;1.0;A01
17841;201300011898;0;7;0;0.0;2.0;1.0;1.0;A01
17842;201300011898;0;10;0;0.0;2.0;1.0;1.0;B01
17843;201300011899;0;7;0;0.0;1.0;2.0;1.0;A01
17844;201300011900;0;33;0;0.0;2.0;7.0;1.0;B01
17845;201300011900;0;7;0;0.0;2.0;2.0;19.0;A01
17846;201300011901;0;7;0;15.0;0.0;2.0;1.0;A01
17847;201300011903;0;7;0;3.0;0.0;2.0;1.0;A01
17848;201300011904;0;7;0;0.0;2.0;1.0;1.0;A01
17849;201300011904;0;7;0;0.0;2.0;1.0;1.0;B01
17850;201300011905;0;2;0;0.0;2.0;1.0;1.0;B01
17851;201300011905;0;7;0;0.0;2.0;5.0;1.0;A01
17852;201300011906;0;33;0;0.0;2.0;1.0;1.0;C01
17853;201300011906;0;7;0;0.0;2.0;8.0;1.0;B01
17854;201300011906;0;7;0;0.0;2.0;1.0;13.0;A01
17855;201300011907;0;7;0;0.0;0.0;1.0;13.0;A01
17856;201300011908;0;7;0;14.0;0.0;1.0;17.0;A01
17857;201300011909;0;7;0;3.0;0.0;7.0;14.0;A01
17858;201300011910;0;7;0;0.0;2.0;1.0;14.0;A01
17859;201300011910;0;15;0;0.0;2.0;4.0;1.0;B02
17860;201300011911;0;7;0;13.0;0.0;1.0;14.0;A01
17861;201300011912;0;33;0;0.0;0.0;1.0;1.0;A01
17862;201300011914;0;7;0;0.0;0.0;5.0;1.0;C03
17863;201300011914;0;7;0;0.0;2.0;4.0;1.0;B02
17864;201300011914;0;7;0;0.0;2.0;1.0;1.0;A01
17865;201300011915;0;7;0;0.0;2.0;1.0;1.0;B02
17866;201300011915;0;33;0;0.0;2.0;1.0;13.0;A01
17867;201300011916;0;7;0;0.0;2.0;2.0;1.0;B02
17868;201300011916;0;2;0;0.0;2.0;8.0;19.0;A01
17869;201300011918;0;7;0;0.0;2.0;3.0;1.0;B02
17870;201300011918;0;1;0;0.0;2.0;1.0;13.0;A01
17871;201300011919;0;1;0;0.0;0.0;0.0;2.0;A01
17872;201300011920;0;7;0;0.0;2.0;3.0;15.0;A01
17873;201300011920;0;1;0;0.0;2.0;1.0;1.0;B02
17874;201300011921;1;7;0;0.0;1.0;0.0;0.0;A01
17875;201300011922;0;7;0;0.0;2.0;4.0;2.0;B02
17876;201300011922;0;17;0;0.0;2.0;1.0;2.0;A01
17877;201300011923;0;7;0;13.0;0.0;2.0;1.0;A01
17878;201300011924;0;7;0;0.0;2.0;2.0;1.0;B02
17879;201300011924;0;1;0;0.0;2.0;1.0;15.0;A01
17880;201300011925;0;33;0;4.0;0.0;1.0;13.0;A01
17881;201300011926;0;2;0;0.0;2.0;1.0;2.0;A01
17882;201300011926;0;7;0;0.0;0.0;6.0;20.0;B02
17883;201300011927;2;10;0;0.0;2.0;2.0;15.0;B02
17884;201300011927;0;33;0;0.0;2.0;1.0;1.0;A01