;Num_Acc;senc;catv;occutc;obs;obsm;choc;manv;num_veh
17885;201300011928;0;33;0;0.0;2.0;1.0;1.0;B02
17886;201300011928;0;10;0;0.0;2.0;1.0;15.0;A01
17887;201300011929;0;31;0;0.0;2.0;7.0;1.0;B02
17888;201300011929;0;7;0;0.0;2.0;3.0;9.0;A01
17889;201300011930;0;2;0;8.0;0.0;1.0;14.0;A01
17890;201300011932;0;7;0;0.0;2.0;2.0;15.0;A01
17891;201300011932;0;7;0;0.0;2.0;1.0;1.0;B02
17892;201300011934;0;7;0;0.0;2.0;1.0;1.0;B02
17893;201300011934;0;7;0;0.0;2.0;7.0;19.0;A01
17894;201300011935;0;7;0;0.0;2.0;7.0;17.0;A01
17895;201300011935;0;1;0;0.0;2.0;8.0;1.0;B02
17896;201300011936;0;7;0;0.0;1.0;2.0;2.0;A01
17897;201300011937;0;7;0;0.0;0.0;2.0;1.0;A01
17898;201300011937;0;7;0;0.0;0.0;3.0;15.0;B02
17899;201300011938;0;33;0;0.0;0.0;7.0;17.0;A01
17900;201300011939;0;7;0;0.0;6.0;2.0;1.0;A01
17901;201300011940;0;7;0;0.0;2.0;1.0;1.0;A01
17902;201300011940;0;7;0;0.0;2.0;1.0;19.0;B02
17903;201300011941;0;31;0;0.0;0.0;8.0;1.0;A01
17904;201300011942;0;7;0;0.0;1.0;2.0;1.0;A01
17905;201300011943;0;7;0;0.0;2.0;1.0;1.0;B02
17906;201300011943;0;33;0;0.0;2.0;4.0;1.0;A01
17907;201300011944;0;7;0;12.0;0.0;3.0;1.0;A01
17908;201300011945;0;17;0;1.0;0.0;2.0;14.0;A01
17909;201300011945;0;17;0;0.0;0.0;0.0;23.0;B02
17910;201300011946;0;33;0;3.0;2.0;6.0;21.0;A01
17911;201300011946;0;7;0;0.0;2.0;8.0;1.0;B02
17912;201300011946;0;7;0;0.0;2.0;4.0;1.0;C03
17913;201300011947;0;7;0;3.0;0.0;2.0;14.0;A01
17914;201300011948;0;10;0;0.0;2.0;2.0;1.0;A01
17915;201300011948;0;7;0;0.0;0.0;6.0;12.0;B02
17916;201300011949;0;7;0;0.0;2.0;4.0;23.0;D04
17917;201300011949;0;17;0;0.0;2.0;1.0;21.0;A01
17918;201300011949;0;7;0;0.0;2.0;4.0;23.0;C03
17919;201300011949;0;7;0;0.0;2.0;4.0;0.0;G07
17920;201300011949;0;7;0;0.0;2.0;4.0;23.0;E05
17921;201300011949;0;7;0;0.0;2.0;4.0;23.0;B02
17922;201300011949;0;7;0;0.0;2.0;4.0;23.0;F06
17923;201300011950;0;7;0;0.0;2.0;2.0;2.0;B02
17924;201300011950;0;7;0;0.0;0.0;6.0;2.0;A01
17925;201300011952;0;7;0;0.0;2.0;7.0;1.0;B02
17926;201300011952;0;33;0;0.0;2.0;8.0;1.0;A01
17927;201300011953;0;15;0;0.0;2.0;6.0;1.0;A01
17928;201300011953;0;10;0;0.0;2.0;2.0;1.0;B02
17929;201300011954;0;7;0;0.0;0.0;4.0;2.0;B02
17930;201300011954;0;10;0;0.0;2.0;1.0;1.0;A01
17931;201300011955;0;7;0;3.0;0.0;2.0;14.0;A01
17932;201300011956;0;7;0;0.0;1.0;2.0;1.0;A01
17933;201300011957;0;7;0;0.0;2.0;6.0;1.0;C03
17934;201300011957;0;7;0;0.0;2.0;4.0;1.0;B02
17935;201300011957;0;7;0;0.0;2.0;8.0;1.0;D04
17936;201300011957;0;33;0;0.0;2.0;1.0;1.0;A01
17937;201300011958;0;7;0;3.0;0.0;1.0;1.0;A01
17938;201300011958;0;10;0;0.0;2.0;1.0;2.0;B02
17939;201300011959;0;7;0;0.0;2.0;8.0;1.0;E05
17940;201300011959;0;7;0;0.0;2.0;4.0;1.0;C03
17941;201300011959;0;7;0;0.0;2.0;4.0;0.0;D04
17942;201300011959;0;7;0;0.0;2.0;4.0;1.0;B02
17943;201300011959;0;7;0;0.0;2.0;1.0;1.0;A01
17944;201300011960;0;7;0;4.0;0.0;2.0;14.0;A01
17945;201300011961;0;7;0;0.0;1.0;1.0;1.0;A01
17946;201300011962;0;7;0;0.0;9.0;1.0;1.0;D04
17947;201300011962;0;7;0;0.0;9.0;1.0;0.0;C03
17948;201300011962;0;7;0;0.0;9.0;1.0;1.0;B02
17949;201300011962;0;7;0;0.0;9.0;1.0;1.0;E05
17950;201300011962;0;7;0;0.0;9.0;1.0;1.0;F06
17951;201300011962;0;7;0;0.0;9.0;1.0;1.0;A01
17952;201300011962;0;33;0;0.0;9.0;1.0;1.0;G07
17953;201300011963;0;7;0;0.0;9.0;1.0;1.0;D04
17954;201300011963;0;7;0;0.0;0.0;4.0;1.0;A01
17955;201300011963;0;7;0;0.0;2.0;1.0;1.0;B02
17956;201300011964;0;7;0;0.0;2.0;2.0;3.0;A01
17957;201300011964;0;7;0;0.0;9.0;1.0;1.0;C03
17958;201300011964;0;7;0;0.0;2.0;6.0;1.0;B02
17959;201300011964;0;7;0;0.0;9.0;1.0;1.0;D04
17960;201300011965;0;7;0;0.0;1.0;2.0;1.0;A01
17961;201300011966;0;7;0;0.0;2.0;1.0;1.0;A01
17962;201300011966;0;7;0;0.0;2.0;3.0;1.0;D04
17963;201300011966;0;7;0;0.0;2.0;4.0;1.0;B02
17964;201300011966;0;7;0;0.0;2.0;4.0;1.0;C03
17965;201300011967;0;7;0;3.0;9.0;3.0;21.0;B02
17966;201300011967;0;17;0;0.0;9.0;1.0;2.0;E05
17967;201300011967;0;7;0;0.0;9.0;1.0;2.0;F06
17968;201300011967;0;38;0;0.0;9.0;6.0;2.0;C03
17969;201300011967;0;15;0;3.0;9.0;3.0;13.0;A01
17970;201300011967;0;15;0;0.0;2.0;2.0;21.0;D04
17971;201300011967;0;7;0;0.0;9.0;1.0;2.0;G07
17972;201300011968;0;15;0;0.0;2.0;1.0;2.0;A01
17973;201300011968;0;15;0;0.0;2.0;4.0;2.0;B02
17974;201300011969;0;7;0;0.0;2.0;1.0;21.0;C03
17975;201300011969;0;7;0;0.0;2.0;6.0;2.0;F06
17976;201300011969;0;7;0;0.0;2.0;4.0;2.0;A01
17977;201300011969;0;7;0;0.0;2.0;1.0;21.0;D04
17978;201300011969;0;10;0;0.0;2.0;2.0;2.0;H08
17979;201300011969;0;10;0;0.0;2.0;6.0;2.0;I09
17980;201300011969;0;7;0;0.0;2.0;1.0;2.0;B02
17981;201300011969;0;10;0;0.0;2.0;3.0;21.0;G07
17982;201300011969;0;7;0;0.0;2.0;5.0;2.0;E05
17983;201300011970;0;7;0;0.0;0.0;4.0;2.0;A01
17984;201300011970;0;33;0;0.0;2.0;1.0;2.0;B02
17985;201300011972;0;10;0;4.0;0.0;1.0;1.0;C03
17986;201300011972;0;7;0;14.0;0.0;3.0;1.0;A01
17987;201300011972;0;7;0;0.0;2.0;4.0;24.0;B02
17988;201300011973;0;7;0;4.0;0.0;3.0;15.0;A01
17989;201300011974;0;17;0;0.0;2.0;2.0;1.0;B02
17990;201300011974;0;7;0;3.0;2.0;3.0;17.0;A01
17991;201300011975;0;10;0;0.0;0.0;1.0;1.0;A01
17992;201300011977;0;7;0;3.0;0.0;7.0;21.0;A01
17993;201300011978;0;30;0;0.0;0.0;7.0;1.0;A01
17994;201300011978;0;7;0;0.0;2.0;1.0;9.0;B02
17995;201300011979;0;10;0;0.0;0.0;7.0;15.0;A01
17996;201300011979;0;1;0;0.0;2.0;1.0;1.0;B02
17997;201300011980;0;2;0;0.0;2.0;1.0;17.0;B02
17998;201300011980;0;7;0;0.0;2.0;6.0;15.0;A01
17999;201300011981;0;2;0;0.0;2.0;1.0;3.0;B02
18000;201300011981;0;3;0;0.0;2.0;3.0;11.0;A01
18001;201300011982;0;30;0;0.0;0.0;7.0;1.0;A01
18002;201300011983;0;33;0;0.0;2.0;1.0;1.0;B02
18003;201300011983;0;30;0;0.0;2.0;1.0;13.0;A01
18004;201300011984;0;30;0;14.0;0.0;1.0;1.0;A01
18005;201300011985;0;7;0;0.0;2.0;2.0;17.0;A01
18006;201300011985;0;7;0;0.0;2.0;2.0;1.0;B02
18007;201300011986;0;7;0;0.0;0.0;9.0;1.0;A01
18008;201300011988;0;7;0;0.0;2.0;1.0;1.0;B02
18009;201300011988;0;10;0;0.0;2.0;8.0;19.0;A01
18010;201300011989;0;7;0;0.0;2.0;2.0;15.0;A01
18011;201300011989;0;7;0;0.0;2.0;3.0;0.0;B02
18012;201300011991;0;2;0;0.0;2.0;7.0;1.0;B02
18013;201300011991;0;7;0;0.0;2.0;2.0;15.0;A01
18014;201300011992;0;21;0;0.0;2.0;3.0;1.0;A01
18015;201300011992;0;31;0;0.0;2.0;3.0;1.0;B02
18016;201300011993;0;33;0;0.0;2.0;3.0;1.0;B01
18017;201300011993;0;7;0;0.0;2.0;8.0;15.0;A02
18018;201300011994;0;7;0;0.0;2.0;3.0;13.0;A01
18019;201300011994;0;7;0;0.0;2.0;3.0;1.0;B02
18020;201300011995;0;7;0;0.0;2.0;7.0;13.0;A01
18021;201300011995;0;10;0;0.0;2.0;1.0;1.0;B02
18022;201300011996;0;17;0;0.0;1.0;5.0;1.0;A01
18023;201300011997;0;1;0;0.0;2.0;6.0;0.0;B01
18024;201300011997;0;7;0;0.0;2.0;1.0;19.0;A02
18025;201300011998;0;7;0;13.0;0.0;2.0;1.0;A01
18026;201300011999;0;2;0;15.0;0.0;7.0;1.0;A01
18027;201300012000;0;30;0;0.0;0.0;0.0;15.0;A01
18028;201300012001;0;7;0;0.0;2.0;7.0;19.0;A01
18029;201300012001;0;7;0;0.0;2.0;1.0;1.0;B02
18030;201300012002;0;7;0;0.0;2.0;1.0;1.0;A01
18031;201300012002;0;21;0;0.0;0.0;4.0;16.0;B02
18032;201300012003;0;7;0;0.0;2.0;0.0;13.0;A01
18033;201300012003;0;7;0;0.0;2.0;2.0;1.0;B02
18034;201300012003;0;7;0;0.0;2.0;3.0;1.0;C03
18035;201300012004;0;7;0;6.0;0.0;3.0;2.0;A01
18036;201300012006;0;7;0;6.0;0.0;3.0;0.0;A01
18037;201300012007;0;7;0;0.0;2.0;0.0;0.0;A01
18038;201300012007;0;2;0;0.0;2.0;5.0;16.0;B02
18039;201300012008;0;10;0;13.0;0.0;2.0;1.0;A01
18040;201300012009;0;30;0;0.0;2.0;1.0;1.0;B01
18041;201300012009;0;21;0;0.0;2.0;2.0;15.0;A02
18042;201300012010;0;2;0;6.0;0.0;1.0;16.0;A01
18043;201300012011;0;1;0;0.0;2.0;2.0;1.0;B01
18044;201300012011;0;7;0;0.0;2.0;3.0;1.0;A02
18045;201300012012;0;7;0;13.0;0.0;9.0;1.0;A01
18046;201300012013;0;7;0;0.0;2.0;3.0;13.0;A01
18047;201300012013;0;7;0;0.0;2.0;3.0;1.0;B02
18048;201300012014;0;1;0;0.0;0.0;0.0;0.0;A01
18049;201300012014;0;7;0;0.0;2.0;2.0;2.0;B02
18050;201300012015;0;33;0;0.0;2.0;1.0;13.0;A01
18051;201300012015;0;17;0;0.0;2.0;3.0;1.0;B02
18052;201300012016;0;7;0;0.0;0.0;8.0;21.0;A01
18053;201300012017;0;7;0;0.0;2.0;2.0;1.0;A01
18054;201300012017;0;33;0;0.0;2.0;3.0;15.0;B02
18055;201300012018;0;7;0;0.0;2.0;1.0;15.0;A01
18056;201300012018;0;1;0;0.0;2.0;1.0;1.0;B02
18057;201300012019;0;30;0;13.0;0.0;1.0;13.0;A01
18058;201300012020;0;7;0;0.0;2.0;5.0;13.0;A01
18059;201300012020;0;7;0;0.0;2.0;1.0;1.0;B02
18060;201300012021;0;2;0;0.0;1.0;1.0;1.0;A01
18061;201300012022;0;7;0;13.0;0.0;9.0;1.0;A01
18062;201300012023;0;7;0;0.0;2.0;3.0;17.0;A01
18063;201300012023;0;20;0;0.0;2.0;3.0;1.0;B02
18064;201300012024;0;7;0;0.0;2.0;8.0;19.0;A01
18065;201300012024;0;10;0;0.0;2.0;1.0;1.0;B02
18066;201300012025;0;21;0;0.0;0.0;8.0;1.0;B02
18067;201300012025;0;7;0;13.0;0.0;3.0;17.0;A01
18068;201300012026;0;10;0;0.0;1.0;7.0;13.0;A01
18069;201300012027;0;7;0;0.0;2.0;1.0;13.0;A01
18070;201300012027;0;7;0;0.0;2.0;1.0;1.0;B02
18071;201300012027;0;7;0;0.0;2.0;3.0;2.0;C03
18072;201300012027;0;7;0;0.0;2.0;7.0;1.0;D04
18073;201300012028;0;7;0;0.0;0.0;8.0;19.0;A01
18074;201300012028;0;7;0;0.0;2.0;1.0;1.0;B02
18075;201300012029;0;7;0;0.0;0.0;7.0;1.0;A01
18076;201300012029;0;10;0;0.0;2.0;1.0;19.0;B02
18077;201300012030;0;7;0;2.0;0.0;1.0;1.0;A01
18078;201300012031;0;7;0;0.0;2.0;3.0;13.0;A01
18079;201300012031;0;7;0;0.0;2.0;3.0;1.0;B02
18080;201300012032;0;17;0;0.0;2.0;1.0;16.0;A01
18081;201300012032;0;1;0;0.0;2.0;7.0;1.0;B02
18082;201300012034;0;7;0;0.0;2.0;3.0;1.0;A01
18083;201300012034;0;7;0;0.0;2.0;3.0;1.0;B02
18084;201300012035;0;10;0;8.0;0.0;1.0;1.0;A01
18085;201300012036;0;7;0;13.0;0.0;3.0;0.0;A01
18086;201300012037;0;7;0;8.0;0.0;7.0;13.0;A01
18087;201300012038;0;7;0;4.0;0.0;3.0;1.0;A01
18088;201300012039;0;7;0;0.0;2.0;2.0;17.0;A01
18089;201300012039;0;7;0;0.0;2.0;8.0;0.0;B02
18090;201300012040;0;14;0;0.0;2.0;7.0;17.0;B02
18091;201300012040;1;7;0;0.0;2.0;8.0;17.0;A01
18092;201300012040;0;7;0;0.0;2.0;0.0;17.0;C03
18093;201300012041;0;7;0;0.0;2.0;2.0;2.0;A01
18094;201300012041;0;7;0;0.0;2.0;6.0;2.0;B02
18095;201300012042;0;7;0;0.0;2.0;6.0;1.0;B02
18096;201300012042;0;33;0;0.0;2.0;1.0;21.0;A01
18097;201300012043;0;33;0;3.0;0.0;1.0;1.0;A01
18098;201300012045;0;10;0;0.0;2.0;6.0;1.0;A01
18099;201300012045;0;33;0;0.0;2.0;5.0;21.0;B02
18100;201300012046;0;7;0;2.0;0.0;1.0;1.0;A01
18101;201300012048;1;17;0;0.0;2.0;2.0;12.0;A01
18102;201300012048;0;7;0;4.0;0.0;6.0;1.0;B02
18103;201300012049;0;33;0;0.0;0.0;8.0;1.0;A01
18104;201300012050;0;31;0;3.0;0.0;8.0;1.0;A01
18105;201300012051;0;7;0;0.0;2.0;3.0;13.0;A01
18106;201300012051;0;7;0;0.0;2.0;3.0;1.0;B02
18107;201300012052;0;7;0;0.0;2.0;8.0;17.0;C03
18108;201300012052;0;7;0;3.0;0.0;1.0;1.0;B02
18109;201300012052;0;7;0;0.0;2.0;8.0;5.0;A01
18110;201300012053;0;10;0;0.0;2.0;1.0;1.0;B02
18111;201300012053;0;10;0;0.0;2.0;1.0;1.0;E05
18112;201300012053;0;7;0;0.0;2.0;4.0;1.0;A01
18113;201300012053;0;15;0;0.0;0.0;5.0;13.0;C03
18114;201300012053;0;7;0;0.0;2.0;4.0;1.0;D04
18115;201300012054;0;7;0;0.0;1.0;1.0;2.0;A01
18116;201300012055;0;7;0;0.0;1.0;0.0;1.0;A01
18117;201300012056;0;7;0;0.0;2.0;2.0;21.0;A01
18118;201300012056;0;33;0;0.0;2.0;1.0;21.0;B01
18119;201300012057;0;33;0;16.0;0.0;0.0;0.0;A01
18120;201300012059;0;7;0;0.0;1.0;0.0;1.0;A01
18121;201300012060;0;30;0;0.0;0.0;4.0;1.0;A01
18122;201300012060;0;7;0;0.0;2.0;2.0;2.0;B01
18123;201300012061;0;7;0;0.0;1.0;1.0;2.0;A01
18124;201300012062;0;7;0;0.0;2.0;4.0;23.0;A01
18125;201300012062;2;7;0;14.0;0.0;1.0;2.0;B01
18126;201300012063;0;7;0;0.0;2.0;8.0;13.0;A01
18127;201300012063;0;14;0;0.0;2.0;3.0;1.0;B02
18128;201300012064;0;7;0;0.0;2.0;2.0;2.0;A01
18129;201300012064;0;3;0;0.0;2.0;4.0;2.0;B02
18130;201300012065;0;38;1;0.0;2.0;1.0;2.0;A01
18131;201300012065;0;14;0;0.0;2.0;4.0;2.0;B02
18132;201300012066;0;14;0;0.0;2.0;3.0;1.0;B02
18133;201300012066;0;10;0;0.0;2.0;3.0;13.0;A01
18134;201300012067;0;7;0;0.0;1.0;2.0;21.0;A01
18135;201300012068;0;7;0;0.0;2.0;1.0;1.0;A01
18136;201300012068;0;33;0;0.0;2.0;8.0;19.0;B02
18137;201300012069;0;7;0;0.0;2.0;3.0;9.0;A01
18138;201300012069;0;2;0;0.0;2.0;7.0;1.0;B02
18139;201300012070;0;15;0;1.0;0.0;1.0;1.0;A01
18140;201300012070;0;14;0;0.0;2.0;9.0;23.0;B02
18141;201300012071;0;7;0;0.0;2.0;3.0;1.0;A01
18142;201300012071;0;7;0;0.0;2.0;8.0;15.0;B02
18143;201300012072;0;7;0;0.0;2.0;1.0;13.0;A01
18144;201300012072;0;7;0;0.0;2.0;2.0;21.0;C03
18145;201300012072;0;10;0;0.0;2.0;3.0;1.0;B02
18146;201300012073;0;10;0;13.0;0.0;7.0;13.0;A01
18147;201300012074;0;7;0;1.0;0.0;7.0;14.0;A01
18148;201300012074;0;17;0;0.0;2.0;5.0;24.0;B02
18149;201300012075;0;7;0;0.0;1.0;3.0;2.0;A01
18150;201300012076;0;2;0;0.0;2.0;1.0;17.0;A01
18151;201300012076;0;7;0;0.0;2.0;6.0;15.0;B02
18152;201300012077;0;2;0;6.0;0.0;1.0;13.0;A01
18153;201300012078;0;7;0;0.0;2.0;1.0;17.0;A01
18154;201300012078;0;7;0;0.0;2.0;1.0;1.0;B02
18155;201300012078;0;7;0;0.0;2.0;8.0;1.0;C03
18156;201300012079;0;31;0;0.0;0.0;9.0;13.0;A01
18157;201300012080;0;33;0;16.0;0.0;9.0;13.0;A01
18158;201300012081;0;33;0;2.0;0.0;1.0;14.0;A01
18159;201300012082;0;7;0;0.0;2.0;3.0;15.0;A01
18160;201300012082;0;33;0;0.0;2.0;1.0;1.0;B02
18161;201300012083;0;14;0;0.0;2.0;3.0;1.0;C03
18162;201300012083;0;7;0;0.0;2.0;5.0;23.0;B02
18163;201300012083;0;33;0;0.0;2.0;1.0;2.0;A01
18164;201300012085;0;1;0;0.0;2.0;8.0;19.0;A01
18165;201300012085;0;7;0;0.0;2.0;1.0;1.0;B02
18166;201300012087;0;7;0;2.0;0.0;1.0;14.0;A01
18167;201300012088;0;7;0;11.0;0.0;1.0;1.0;A01
18168;201300012089;0;7;0;2.0;0.0;8.0;17.0;A01
18169;201300012090;0;10;0;0.0;0.0;8.0;10.0;A01
18170;201300012090;0;7;0;0.0;2.0;1.0;1.0;B02
18171;201300012090;0;7;0;0.0;2.0;1.0;17.0;C03
18172;201300012091;0;7;0;13.0;0.0;9.0;1.0;A01
18173;201300012092;0;7;0;4.0;0.0;1.0;0.0;A01
18174;201300012093;0;33;0;16.0;0.0;1.0;0.0;A01
18175;201300012094;0;7;0;0.0;1.0;2.0;1.0;A01
18176;201300012096;0;33;0;0.0;0.0;0.0;12.0;A01
18177;201300012097;0;7;0;13.0;0.0;1.0;21.0;C03
18178;201300012097;0;10;0;0.0;2.0;6.0;23.0;B02
18179;201300012097;0;15;0;1.0;0.0;2.0;21.0;A01
18180;201300012098;0;7;0;0.0;0.0;0.0;14.0;A01
18181;201300012099;0;10;0;0.0;2.0;1.0;2.0;A01
18182;201300012099;0;7;0;0.0;2.0;4.0;2.0;B02
18183;201300012100;0;14;0;0.0;0.0;7.0;1.0;A01
18184;201300012101;0;33;0;0.0;2.0;8.0;17.0;A01
18185;201300012101;0;14;0;0.0;2.0;6.0;15.0;B02
18186;201300012102;0;10;0;13.0;0.0;3.0;13.0;A01
18187;201300012103;0;7;0;2.0;0.0;6.0;13.0;A01
18188;201300012104;0;21;0;0.0;0.0;8.0;10.0;B02
18189;201300012104;0;33;0;0.0;2.0;0.0;1.0;A01
18190;201300012105;0;99;0;0.0;2.0;4.0;2.0;A01
18191;201300012105;0;7;0;0.0;2.0;2.0;2.0;B02
18192;201300012106;0;7;0;0.0;2.0;8.0;19.0;A01
18193;201300012106;0;37;0;0.0;2.0;3.0;2.0;B02
18194;201300012107;0;17;0;0.0;2.0;1.0;2.0;A01
18195;201300012107;0;17;0;0.0;0.0;4.0;2.0;B02
18196;201300012108;0;33;0;0.0;2.0;1.0;2.0;B02
18197;201300012108;0;10;0;0.0;0.0;7.0;2.0;A01
18198;201300012109;0;7;0;0.0;2.0;1.0;14.0;A01
18199;201300012109;0;7;0;0.0;0.0;3.0;0.0;B02
18200;201300012110;0;7;0;0.0;0.0;1.0;10.0;A01
18201;201300012110;0;1;0;0.0;2.0;1.0;1.0;B02
18202;201300012111;0;7;0;0.0;1.0;2.0;1.0;A01
18203;201300012112;0;7;0;0.0;1.0;2.0;1.0;A01
18204;201300012113;0;10;0;0.0;0.0;3.0;9.0;B02
18205;201300012113;0;1;0;0.0;0.0;2.0;0.0;A01
18206;201300012114;0;7;0;0.0;1.0;3.0;17.0;A01
18207;201300012115;0;33;0;0.0;0.0;0.0;1.0;A01
18208;201300012116;0;7;0;10.0;0.0;1.0;0.0;A01
18209;201300012117;0;7;0;0.0;0.0;3.0;9.0;A01
18210;201300012117;0;99;0;0.0;2.0;1.0;1.0;B02
18211;201300012118;0;33;0;0.0;2.0;1.0;1.0;A01
18212;201300012118;0;7;0;0.0;2.0;1.0;1.0;B02
18213;201300012119;0;33;0;0.0;0.0;8.0;1.0;A01
18214;201300012121;0;7;0;3.0;0.0;7.0;1.0;A01
18215;201300012122;0;7;0;0.0;1.0;3.0;15.0;A01
18216;201300012123;0;34;0;0.0;2.0;1.0;1.0;A01
18217;201300012123;0;10;0;0.0;2.0;3.0;15.0;B02
18218;201300012124;0;37;0;13.0;0.0;1.0;1.0;A01
18219;201300012125;0;33;0;16.0;0.0;1.0;1.0;A01
18220;201300012127;0;33;0;0.0;2.0;4.0;2.0;A01
18221;201300012127;0;33;0;0.0;2.0;1.0;2.0;B02
18222;201300012129;0;14;0;0.0;2.0;6.0;1.0;B02
18223;201300012129;0;10;0;0.0;2.0;2.0;17.0;A01
18224;201300012130;0;17;0;0.0;2.0;6.0;3.0;A01
18225;201300012130;0;7;0;0.0;2.0;2.0;1.0;B02
18226;201300012131;0;7;0;0.0;2.0;4.0;23.0;B02
18227;201300012131;0;7;0;1.0;1.0;1.0;17.0;C03
18228;201300012131;0;7;0;0.0;0.0;4.0;24.0;A01
18229;201300012132;0;33;0;0.0;0.0;0.0;1.0;A01
18230;201300012133;0;13;0;3.0;0.0;1.0;14.0;A01
18231;201300012134;0;15;0;0.0;0.0;6.0;23.0;A01
18232;201300012134;0;7;0;1.0;0.0;2.0;1.0;B02
18233;201300012135;0;33;0;0.0;0.0;0.0;16.0;A01
18234;201300012137;0;33;0;4.0;0.0;2.0;1.0;A01
18235;201300012138;0;15;0;0.0;0.0;6.0;1.0;B02
18236;201300012138;0;10;0;0.0;2.0;2.0;1.0;A01
18237;201300012139;0;7;0;0.0;0.0;1.0;2.0;A01
18238;201300012139;0;7;0;0.0;0.0;4.0;2.0;B02
18239;201300012140;0;7;0;0.0;2.0;7.0;17.0;B02
18240;201300012140;0;17;0;0.0;2.0;8.0;13.0;A01
18241;201300012141;0;10;0;0.0;2.0;7.0;1.0;C03
18242;201300012141;0;15;0;3.0;2.0;1.0;6.0;A01
18243;201300012141;0;7;0;0.0;2.0;1.0;1.0;B02
18244;201300012143;0;7;0;0.0;0.0;4.0;23.0;A01
18245;201300012143;0;10;0;1.0;0.0;1.0;2.0;B02
18246;201300012143;0;7;0;3.0;0.0;6.0;2.0;C03
18247;201300012144;0;17;0;0.0;2.0;2.0;1.0;B02
18248;201300012144;0;7;0;0.0;2.0;6.0;9.0;A01
18249;201300012147;0;10;0;0.0;2.0;3.0;1.0;C03
18250;201300012147;0;7;0;0.0;2.0;1.0;1.0;B02
18251;201300012147;0;7;0;3.0;0.0;1.0;13.0;A01
18252;201300012148;0;7;0;13.0;0.0;1.0;13.0;A01
18253;201300012149;0;7;0;13.0;0.0;1.0;14.0;A01
18254;201300012150;0;10;0;3.0;0.0;3.0;1.0;A01
18255;201300012151;0;33;0;4.0;0.0;1.0;1.0;A01
18256;201300012152;0;17;0;0.0;2.0;2.0;2.0;A01
18257;201300012152;0;7;0;0.0;2.0;4.0;2.0;B02
18258;201300012153;0;17;0;3.0;0.0;2.0;1.0;A01
18259;201300012154;0;7;0;14.0;0.0;1.0;1.0;A01
18260;201300012155;0;7;0;13.0;0.0;1.0;14.0;A01
18261;201300012156;0;10;0;3.0;0.0;3.0;11.0;A01
18262;201300012157;0;7;0;13.0;0.0;2.0;1.0;A01
18263;201300012158;0;33;0;4.0;0.0;7.0;14.0;A01
18264;201300012159;0;7;0;13.0;0.0;2.0;1.0;A01
18265;201300012160;0;7;0;3.0;0.0;2.0;1.0;A01
18266;201300012161;0;33;0;3.0;0.0;2.0;14.0;A01
18267;201300012162;0;7;0;3.0;0.0;5.0;14.0;A01
18268;201300012163;0;7;0;13.0;1.0;3.0;19.0;A01
18269;201300012163;0;7;0;0.0;0.0;6.0;24.0;B02
18270;201300012164;0;7;0;0.0;2.0;8.0;17.0;A01
18271;201300012164;0;7;0;0.0;2.0;3.0;16.0;B02
18272;201300012165;0;21;0;0.0;0.0;8.0;15.0;B02
18273;201300012165;0;33;0;0.0;2.0;1.0;1.0;A01
18274;201300012166;0;7;0;3.0;0.0;2.0;21.0;A01
18275;201300012167;0;7;0;0.0;2.0;3.0;17.0;A01
18276;201300012167;0;7;0;0.0;2.0;3.0;1.0;B02
18277;201300012169;0;33;0;6.0;0.0;1.0;1.0;A01
18278;201300012170;0;7;0;3.0;0.0;1.0;1.0;A01
18279;201300012170;0;7;0;0.0;2.0;1.0;21.0;B02
18280;201300012170;0;7;0;0.0;2.0;1.0;21.0;C03
18281;201300012170;0;7;0;0.0;0.0;6.0;23.0;D04
18282;201300012170;0;7;0;0.0;2.0;2.0;23.0;E05
18283;201300012170;0;7;0;0.0;2.0;2.0;21.0;F06
18284;201300012170;0;7;0;0.0;2.0;2.0;21.0;G07
18285;201300012170;0;7;0;0.0;2.0;7.0;21.0;H08
18286;201300012172;0;7;0;3.0;0.0;2.0;1.0;A01
18287;201300012175;0;33;0;4.0;0.0;9.0;1.0;A01
18288;201300012176;0;7;0;0.0;2.0;7.0;1.0;A01
18289;201300012176;0;33;0;0.0;2.0;3.0;13.0;B02
18290;201300012177;0;15;0;0.0;1.0;2.0;1.0;A01
18291;201300012178;0;34;0;0.0;2.0;1.0;2.0;A01
18292;201300012178;0;7;0;0.0;0.0;6.0;2.0;B02
18293;201300012179;0;7;0;0.0;0.0;4.0;11.0;A01
18294;201300012179;0;7;0;0.0;2.0;1.0;1.0;B02
18295;201300012180;0;31;0;0.0;2.0;1.0;2.0;A01
18296;201300012180;0;7;0;0.0;0.0;4.0;2.0;B02
18297;201300012181;0;7;0;4.0;0.0;1.0;1.0;A01
18298;201300012182;0;7;0;0.0;2.0;2.0;1.0;A01
18299;201300012182;0;14;0;0.0;0.0;6.0;1.0;B02
18300;201300012183;0;7;0;0.0;2.0;4.0;23.0;A01
18301;201300012183;0;33;0;0.0;2.0;1.0;1.0;B02
18302;201300012184;0;34;0;0.0;2.0;3.0;2.0;A01
18303;201300012184;0;7;0;0.0;0.0;4.0;2.0;B02
18304;201300012185;0;7;0;0.0;2.0;6.0;2.0;B02