;Num_Acc;senc;catv;occutc;obs;obsm;choc;manv;num_veh
19567;201300013024;0;34;0;0.0;0.0;0.0;0.0;A01
19568;201300013025;1;34;0;0.0;1.0;0.0;0.0;A01
19569;201300013026;0;33;0;0.0;2.0;1.0;1.0;B01
19570;201300013026;0;7;0;0.0;2.0;0.0;1.0;A01
19571;201300013027;0;7;0;0.0;2.0;1.0;1.0;B01
19572;201300013027;0;33;0;0.0;2.0;1.0;1.0;A01
19573;201300013028;0;7;0;0.0;1.0;1.0;1.0;A01
19574;201300013029;0;33;0;0.0;0.0;1.0;1.0;A01
19575;201300013030;0;1;0;12.0;0.0;0.0;0.0;A01
19576;201300013031;0;7;0;0.0;2.0;0.0;0.0;B01
19577;201300013031;0;10;0;1.0;0.0;0.0;0.0;A01
19578;201300013033;0;7;0;0.0;2.0;0.0;1.0;B01
19579;201300013033;0;7;0;0.0;2.0;0.0;14.0;A01
19580;201300013034;0;32;0;0.0;0.0;0.0;1.0;A01
19581;201300013035;0;7;0;0.0;2.0;4.0;1.0;B01
19582;201300013035;0;2;0;0.0;2.0;1.0;0.0;A01
19583;201300013037;0;33;0;0.0;0.0;0.0;0.0;A01
19584;201300013038;0;32;0;0.0;2.0;0.0;1.0;A01
19585;201300013038;0;7;0;0.0;0.0;6.0;0.0;B01
19586;201300013039;0;7;0;0.0;1.0;0.0;0.0;A01
19587;201300013040;0;7;0;0.0;2.0;8.0;1.0;B01
19588;201300013040;0;7;0;0.0;2.0;1.0;1.0;A01
19589;201300013041;0;7;0;0.0;2.0;4.0;1.0;B01
19590;201300013041;0;10;0;0.0;2.0;1.0;1.0;A01
19591;201300013042;0;2;0;0.0;2.0;7.0;0.0;A01
19592;201300013042;0;7;0;0.0;0.0;0.0;1.0;B01
19593;201300013043;0;7;0;0.0;2.0;7.0;10.0;A01
19594;201300013043;0;33;0;0.0;2.0;7.0;17.0;B01
19595;201300013044;0;7;0;0.0;2.0;1.0;1.0;B01
19596;201300013044;0;15;0;0.0;2.0;4.0;1.0;A01
19597;201300013046;0;2;0;0.0;0.0;0.0;1.0;A01
19598;201300013047;0;7;0;0.0;1.0;7.0;15.0;A01
19599;201300013048;0;7;0;0.0;2.0;1.0;1.0;A01
19600;201300013048;0;7;0;0.0;2.0;4.0;1.0;B01
19601;201300013049;0;7;0;0.0;1.0;1.0;1.0;A01
19602;201300013050;0;7;0;0.0;2.0;0.0;0.0;B01
19603;201300013050;0;7;0;0.0;2.0;7.0;0.0;A01
19604;201300013051;0;30;0;0.0;2.0;1.0;1.0;A01
19605;201300013051;0;7;0;0.0;2.0;1.0;0.0;B01
19606;201300013052;0;33;0;0.0;0.0;0.0;0.0;A01
19607;201300013053;0;7;0;0.0;2.0;4.0;0.0;B01
19608;201300013053;0;7;0;0.0;2.0;1.0;0.0;A01
19609;201300013054;1;7;0;0.0;1.0;0.0;0.0;Z01
19610;201300013055;0;7;0;0.0;2.0;8.0;0.0;B01
19611;201300013055;0;7;0;0.0;2.0;1.0;0.0;A01
19612;201300013056;0;7;0;0.0;1.0;4.0;4.0;A01
19613;201300013057;0;7;0;0.0;2.0;0.0;1.0;B01
19614;201300013057;0;7;0;0.0;2.0;0.0;0.0;A01
19615;201300013058;0;7;0;0.0;1.0;1.0;1.0;A01
19616;201300013059;0;13;0;0.0;2.0;1.0;1.0;B01
19617;201300013059;0;7;0;0.0;2.0;1.0;1.0;A01
19618;201300013060;0;34;0;0.0;2.0;8.0;0.0;B01
19619;201300013060;0;7;0;0.0;2.0;7.0;1.0;A01
19620;201300013061;1;7;0;0.0;2.0;7.0;16.0;A01
19621;201300013061;0;2;0;0.0;2.0;7.0;1.0;B01
19622;201300013062;0;7;0;0.0;2.0;1.0;1.0;A01
19623;201300013062;0;2;0;0.0;2.0;1.0;1.0;B01
19624;201300013064;0;7;0;0.0;2.0;1.0;1.0;A01
19625;201300013064;0;7;0;0.0;2.0;4.0;1.0;B01
19626;201300013064;0;7;0;0.0;2.0;1.0;1.0;C01
19627;201300013065;0;34;0;0.0;2.0;1.0;1.0;B01
19628;201300013065;0;7;0;0.0;2.0;7.0;1.0;A01
19629;201300013066;0;7;0;0.0;2.0;1.0;10.0;A01
19630;201300013066;0;33;0;0.0;2.0;1.0;0.0;B01
19631;201300013067;0;7;0;9.0;0.0;1.0;0.0;A01
19632;201300013068;0;7;0;0.0;1.0;8.0;1.0;A01
19633;201300013069;0;7;0;0.0;1.0;7.0;1.0;A01
19634;201300013071;0;2;0;0.0;2.0;7.0;1.0;B01
19635;201300013071;0;7;0;0.0;2.0;3.0;1.0;A01
19636;201300013072;0;7;0;0.0;2.0;7.0;19.0;A01
19637;201300013072;0;33;0;0.0;2.0;1.0;1.0;B01
19638;201300013074;0;1;0;0.0;2.0;3.0;13.0;B02
19639;201300013074;0;14;0;11.0;2.0;2.0;1.0;A01
19640;201300013075;0;10;0;0.0;2.0;1.0;2.0;B02
19641;201300013075;0;7;0;6.0;0.0;4.0;23.0;A01
19642;201300013076;0;38;7;0.0;0.0;6.0;15.0;B02
19643;201300013076;0;33;0;0.0;2.0;2.0;21.0;A01
19644;201300013077;0;7;0;0.0;1.0;1.0;0.0;A01
19645;201300013078;0;10;0;0.0;2.0;3.0;2.0;A01
19646;201300013078;0;10;0;0.0;2.0;3.0;2.0;B02
19647;201300013079;0;7;0;0.0;0.0;0.0;0.0;A01
19648;201300013079;0;7;0;5.0;0.0;4.0;0.0;B02
19649;201300013081;0;7;0;0.0;0.0;4.0;2.0;A01
19650;201300013081;0;7;0;0.0;2.0;1.0;2.0;B02
19651;201300013081;0;7;0;14.0;0.0;1.0;2.0;C03
19652;201300013081;0;7;0;14.0;0.0;3.0;2.0;D04
19653;201300013082;0;7;0;13.0;0.0;2.0;0.0;A01
19654;201300013083;0;10;0;16.0;0.0;9.0;14.0;A01
19655;201300013084;0;7;0;0.0;2.0;1.0;1.0;A01
19656;201300013084;0;7;0;0.0;2.0;8.0;1.0;B01
19657;201300013086;0;7;0;0.0;1.0;0.0;1.0;A01
19658;201300013087;0;7;0;0.0;1.0;2.0;1.0;A01
19659;201300013090;0;33;0;0.0;0.0;4.0;23.0;B01
19660;201300013090;1;7;0;14.0;0.0;1.0;1.0;A01
19661;201300013091;0;7;0;0.0;0.0;3.0;23.0;B01
19662;201300013091;0;7;0;14.0;0.0;2.0;14.0;A01
19663;201300013092;0;7;0;0.0;2.0;2.0;1.0;A01
19664;201300013092;0;1;0;0.0;2.0;7.0;19.0;B01
19665;201300013093;0;30;0;0.0;2.0;1.0;0.0;B01
19666;201300013093;0;7;0;0.0;2.0;1.0;1.0;A01
19667;201300013094;0;7;0;0.0;2.0;1.0;2.0;A01
19668;201300013094;0;7;0;0.0;0.0;4.0;2.0;B01
19669;201300013095;0;7;0;0.0;0.0;7.0;1.0;B01
19670;201300013095;0;7;0;0.0;2.0;1.0;1.0;A01
19671;201300013096;0;30;0;0.0;2.0;1.0;1.0;B01
19672;201300013096;0;7;0;0.0;2.0;4.0;4.0;A01
19673;201300013097;0;7;0;0.0;2.0;8.0;1.0;B01
19674;201300013097;0;7;0;0.0;2.0;1.0;1.0;A01
19675;201300013099;0;34;0;0.0;0.0;0.0;0.0;A01
19676;201300013100;0;7;0;0.0;0.0;4.0;23.0;B01
19677;201300013100;0;7;0;14.0;0.0;1.0;1.0;A01
19678;201300013101;0;7;0;0.0;2.0;1.0;1.0;A01
19679;201300013101;0;7;0;0.0;0.0;4.0;15.0;B01
19680;201300013102;0;7;0;0.0;1.0;4.0;4.0;A01
19681;201300013103;1;10;0;0.0;2.0;0.0;13.0;A01
19682;201300013103;0;7;0;0.0;2.0;5.0;17.0;B01
19683;201300013104;0;33;0;6.0;0.0;1.0;1.0;A01
19684;201300013105;0;7;0;0.0;1.0;1.0;1.0;A01
19685;201300013106;0;1;0;0.0;2.0;7.0;1.0;A01
19686;201300013106;0;7;0;0.0;2.0;1.0;1.0;B01
19687;201300013107;0;7;0;0.0;1.0;4.0;4.0;A01
19688;201300013108;0;15;0;0.0;2.0;2.0;1.0;B01
19689;201300013108;0;7;0;0.0;2.0;8.0;15.0;A01
19690;201300013109;0;10;0;0.0;2.0;1.0;2.0;A01
19691;201300013109;0;10;0;0.0;0.0;4.0;1.0;B01
19692;201300013110;0;33;0;1.0;0.0;7.0;16.0;A01
19693;201300013111;0;7;0;8.0;0.0;1.0;1.0;A01
19694;201300013113;0;7;0;0.0;1.0;2.0;1.0;A01
19695;201300013114;0;7;0;0.0;2.0;0.0;1.0;B01
19696;201300013114;0;7;0;12.0;2.0;0.0;1.0;A01
19697;201300013115;0;7;0;0.0;1.0;0.0;0.0;A01
19698;201300013116;1;7;0;14.0;0.0;1.0;1.0;A01
19699;201300013116;0;7;0;14.0;0.0;4.0;23.0;B01
19700;201300013117;0;7;0;0.0;2.0;0.0;0.0;A01
19701;201300013117;0;1;0;0.0;2.0;0.0;0.0;B01
19702;201300013118;0;7;0;0.0;1.0;0.0;1.0;A01
19703;201300013119;0;33;0;0.0;2.0;1.0;1.0;A01
19704;201300013119;1;7;0;0.0;2.0;1.0;1.0;B01
19705;201300013120;0;10;0;4.0;0.0;0.0;1.0;A01
19706;201300013121;0;7;0;0.0;2.0;1.0;1.0;A01
19707;201300013121;0;7;0;0.0;2.0;4.0;2.0;B01
19708;201300013122;0;7;0;0.0;2.0;3.0;1.0;A01
19709;201300013122;0;7;0;0.0;2.0;3.0;1.0;B01
19710;201300013123;0;7;0;0.0;2.0;3.0;1.0;B01
19711;201300013123;0;33;0;0.0;2.0;0.0;1.0;A01
19712;201300013124;0;7;0;0.0;2.0;0.0;1.0;A01
19713;201300013124;0;1;0;0.0;0.0;1.0;1.0;B01
19714;201300013125;0;34;0;0.0;2.0;1.0;1.0;B01
19715;201300013125;0;7;0;0.0;2.0;8.0;11.0;A01
19716;201300013126;0;7;0;0.0;0.0;1.0;0.0;A01
19717;201300013127;0;1;0;0.0;2.0;1.0;15.0;B01
19718;201300013127;0;7;0;0.0;2.0;3.0;9.0;A01
19719;201300013128;0;7;0;0.0;1.0;3.0;15.0;A01
19720;201300013129;0;7;0;1.0;0.0;1.0;1.0;A01
19721;201300013130;1;99;0;0.0;0.0;0.0;0.0;A01
19722;201300013130;0;31;0;0.0;0.0;0.0;0.0;B01
19723;201300013131;0;7;0;0.0;0.0;4.0;1.0;C01
19724;201300013131;0;7;0;0.0;2.0;9.0;2.0;B01
19725;201300013131;0;7;0;0.0;2.0;1.0;2.0;A01
19726;201300013133;0;7;0;0.0;2.0;8.0;23.0;B01
19727;201300013133;0;3;0;0.0;2.0;1.0;13.0;A01
19728;201300013135;0;7;0;0.0;2.0;0.0;0.0;B01
19729;201300013135;0;7;0;0.0;2.0;0.0;0.0;A01
19730;201300013136;0;7;0;0.0;2.0;4.0;12.0;B01
19731;201300013136;0;7;0;0.0;2.0;1.0;1.0;A01
19732;201300013137;0;7;0;0.0;2.0;6.0;1.0;B01
19733;201300013137;0;30;0;0.0;2.0;7.0;15.0;A01
19734;201300013138;0;7;0;0.0;2.0;4.0;23.0;B01
19735;201300013138;0;7;0;0.0;2.0;1.0;1.0;A01
19736;201300013139;0;7;0;0.0;2.0;1.0;17.0;A01
19737;201300013139;0;33;0;0.0;2.0;1.0;1.0;B01
19738;201300013141;0;7;0;0.0;1.0;0.0;1.0;A01
19739;201300013142;0;7;0;0.0;2.0;1.0;0.0;B01
19740;201300013142;0;30;0;0.0;2.0;1.0;0.0;A01
19741;201300013143;0;7;0;0.0;2.0;7.0;12.0;A01
19742;201300013143;0;30;0;0.0;2.0;3.0;0.0;B01
19743;201300013144;0;2;0;0.0;2.0;1.0;1.0;A01
19744;201300013144;0;7;0;0.0;2.0;6.0;1.0;B01
19745;201300013145;0;33;0;0.0;2.0;1.0;1.0;A01
19746;201300013145;0;7;0;0.0;2.0;2.0;16.0;B01
19747;201300013146;1;31;0;0.0;1.0;1.0;1.0;A01
19748;201300013147;0;7;0;0.0;1.0;1.0;1.0;A01
19749;201300013148;0;7;0;0.0;2.0;1.0;1.0;A01
19750;201300013148;0;7;0;0.0;2.0;4.0;1.0;B01
19751;201300013149;0;7;0;0.0;2.0;1.0;1.0;A01
19752;201300013149;0;7;0;0.0;2.0;1.0;1.0;B01
19753;201300013150;0;7;0;0.0;1.0;1.0;1.0;A01
19754;201300013151;0;33;0;0.0;0.0;0.0;21.0;A01
19755;201300013152;0;7;0;0.0;1.0;3.0;1.0;A01
19756;201300013153;0;7;0;2.0;0.0;1.0;1.0;A01
19757;201300013154;0;7;0;0.0;1.0;1.0;1.0;A01
19758;201300013155;0;10;0;0.0;0.0;0.0;1.0;A01
19759;201300013156;0;7;0;0.0;2.0;2.0;13.0;A01
19760;201300013156;0;7;0;0.0;2.0;1.0;1.0;B01
19761;201300013157;0;7;0;0.0;1.0;4.0;20.0;A01
19762;201300013158;0;30;0;0.0;0.0;0.0;0.0;A01
19763;201300013159;0;32;0;0.0;2.0;1.0;2.0;A01
19764;201300013159;0;7;0;0.0;2.0;4.0;2.0;B01
19765;201300013160;0;7;0;0.0;1.0;0.0;1.0;A01
19766;201300013163;0;31;0;0.0;2.0;7.0;1.0;A01
19767;201300013163;0;7;0;0.0;2.0;8.0;1.0;B01
19768;201300013164;0;7;0;0.0;1.0;1.0;1.0;A01
19769;201300013167;0;1;0;0.0;0.0;0.0;1.0;A01
19770;201300013168;0;32;0;0.0;2.0;3.0;0.0;B01
19771;201300013168;0;7;0;0.0;2.0;5.0;0.0;A01
19772;201300013169;0;7;0;0.0;1.0;1.0;1.0;A01
19773;201300013170;0;7;0;0.0;2.0;1.0;1.0;B01
19774;201300013170;0;14;0;0.0;2.0;3.0;9.0;A01
19775;201300013171;0;34;0;0.0;5.0;0.0;1.0;A01
19776;201300013172;0;30;0;0.0;2.0;1.0;1.0;A01
19777;201300013172;0;7;0;0.0;2.0;3.0;15.0;B01
19778;201300013173;0;7;0;0.0;2.0;4.0;1.0;B01
19779;201300013173;0;7;0;0.0;2.0;1.0;1.0;A01
19780;201300013173;0;7;0;0.0;2.0;4.0;1.0;C01
19781;201300013174;0;13;0;0.0;1.0;7.0;1.0;A01
19782;201300013175;0;30;0;0.0;0.0;0.0;21.0;A01
19783;201300013176;0;33;0;0.0;0.0;8.0;21.0;A01
19784;201300013177;0;7;0;0.0;2.0;2.0;10.0;A01
19785;201300013177;0;7;0;0.0;2.0;1.0;1.0;B01
19786;201300013179;0;7;0;0.0;1.0;3.0;1.0;A01
19787;201300013180;0;7;0;0.0;2.0;3.0;15.0;A01
19788;201300013180;0;7;0;0.0;2.0;3.0;1.0;B01
19789;201300013181;0;7;0;0.0;2.0;2.0;1.0;A01
19790;201300013181;0;7;0;0.0;2.0;3.0;1.0;B01
19791;201300013182;0;7;0;0.0;2.0;1.0;1.0;A01
19792;201300013182;0;7;0;0.0;2.0;4.0;1.0;B01
19793;201300013183;0;7;0;0.0;2.0;2.0;15.0;B01
19794;201300013183;0;7;0;0.0;2.0;1.0;1.0;A01
19795;201300013184;0;7;0;0.0;0.0;5.0;2.0;B01
19796;201300013184;0;7;0;14.0;0.0;1.0;12.0;A01
19797;201300013185;0;2;0;0.0;2.0;1.0;0.0;B01
19798;201300013187;1;7;0;0.0;2.0;1.0;9.0;A01
19799;201300013187;0;7;0;0.0;2.0;1.0;1.0;B01
19800;201300013188;0;7;0;0.0;2.0;7.0;15.0;A01
19801;201300013188;0;1;0;0.0;2.0;1.0;1.0;B01
19802;201300013189;0;7;0;0.0;2.0;1.0;1.0;A01
19803;201300013189;0;7;0;0.0;0.0;4.0;1.0;B01
19804;201300013190;0;7;0;0.0;2.0;6.0;15.0;B01
19805;201300013190;0;2;0;0.0;2.0;1.0;17.0;A01
19806;201300013191;0;7;0;0.0;2.0;1.0;1.0;B01
19807;201300013191;0;33;0;0.0;2.0;7.0;1.0;A01
19808;201300013192;0;7;0;0.0;2.0;7.0;14.0;A01
19809;201300013192;0;7;0;0.0;2.0;8.0;1.0;B01
19810;201300013193;0;7;0;0.0;2.0;4.0;2.0;B01
19811;201300013193;0;7;0;0.0;2.0;1.0;2.0;A01
19812;201300013194;0;7;0;0.0;2.0;5.0;4.0;A01
19813;201300013194;0;2;0;0.0;2.0;0.0;1.0;B01
19814;201300013195;0;7;0;0.0;2.0;1.0;13.0;A01
19815;201300013195;0;7;0;0.0;2.0;1.0;1.0;B01
19816;201300013196;0;7;0;0.0;2.0;9.0;1.0;C01
19817;201300013196;0;7;0;0.0;0.0;4.0;1.0;D01
19818;201300013196;0;7;0;0.0;2.0;9.0;1.0;B01
19819;201300013196;0;10;0;0.0;2.0;1.0;1.0;A01
19820;201300013197;0;2;0;0.0;0.0;0.0;0.0;A01
19821;201300013198;0;7;0;0.0;0.0;0.0;0.0;A01
19822;201300013198;0;7;0;0.0;0.0;0.0;0.0;B01
19823;201300013199;0;7;0;0.0;2.0;1.0;1.0;A01
19824;201300013199;0;7;0;0.0;2.0;1.0;1.0;B01
19825;201300013200;0;33;0;0.0;2.0;0.0;0.0;B01
19826;201300013200;0;7;0;0.0;2.0;0.0;0.0;A01
19827;201300013201;1;7;0;0.0;1.0;1.0;0.0;T01
19828;201300013202;0;7;0;0.0;2.0;2.0;0.0;B01
19829;201300013202;0;7;0;0.0;2.0;2.0;0.0;A01
19830;201300013203;0;7;0;0.0;0.0;4.0;20.0;B01
19831;201300013203;0;7;0;0.0;2.0;1.0;0.0;A01
19832;201300013204;0;7;0;0.0;0.0;4.0;0.0;B01
19833;201300013204;0;33;0;0.0;2.0;1.0;1.0;C01
19834;201300013204;0;7;0;0.0;0.0;4.0;11.0;A01
19835;201300013205;0;1;0;0.0;0.0;1.0;0.0;A01
19836;201300013205;0;7;0;0.0;0.0;0.0;0.0;B01
19837;201300013206;0;7;0;0.0;0.0;1.0;0.0;C01
19838;201300013206;0;7;0;0.0;0.0;4.0;0.0;A01
19839;201300013206;0;7;0;0.0;0.0;9.0;0.0;B01
19840;201300013207;0;7;0;0.0;0.0;0.0;23.0;B01
19841;201300013207;0;7;0;0.0;0.0;0.0;0.0;A01
19842;201300013208;0;31;0;0.0;2.0;3.0;9.0;B01
19843;201300013208;0;7;0;0.0;2.0;2.0;16.0;A01
19844;201300013209;0;7;0;0.0;2.0;1.0;1.0;A01
19845;201300013209;0;32;0;0.0;2.0;4.0;1.0;B01
19846;201300013210;0;7;0;0.0;2.0;1.0;1.0;A01
19847;201300013210;0;7;0;0.0;2.0;4.0;1.0;B01
19848;201300013211;0;14;0;9.0;0.0;1.0;1.0;A01
19849;201300013212;0;7;0;0.0;2.0;2.0;20.0;A01
19850;201300013212;0;1;0;0.0;2.0;0.0;1.0;B01
19851;201300013213;0;30;0;0.0;2.0;1.0;1.0;B01
19852;201300013213;0;7;0;0.0;2.0;3.0;9.0;A01
19853;201300013214;0;7;0;0.0;2.0;4.0;4.0;A01
19854;201300013214;0;31;0;0.0;2.0;1.0;1.0;B01
19855;201300013215;1;7;0;0.0;1.0;0.0;0.0;A01
19856;201300013216;0;7;0;0.0;2.0;7.0;1.0;B01
19857;201300013216;0;7;0;0.0;2.0;1.0;9.0;A01
19858;201300013217;0;30;0;0.0;2.0;0.0;1.0;B01
19859;201300013217;0;7;0;0.0;2.0;0.0;1.0;A01
19860;201300013219;0;7;0;0.0;1.0;0.0;1.0;A01
19861;201300013220;0;30;0;0.0;1.0;1.0;1.0;A01
19862;201300013221;0;7;0;0.0;2.0;7.0;20.0;A01
19863;201300013221;0;33;0;0.0;2.0;1.0;1.0;B01
19864;201300013222;0;30;0;0.0;2.0;8.0;1.0;B01
19865;201300013222;0;7;0;0.0;2.0;8.0;1.0;A01
19866;201300013223;0;32;0;0.0;0.0;0.0;0.0;A01
19867;201300013224;0;7;0;0.0;0.0;4.0;1.0;B01
19868;201300013224;0;7;0;0.0;2.0;1.0;1.0;A01
19869;201300013225;0;7;0;1.0;0.0;4.0;4.0;A01
19870;201300013225;0;7;0;0.0;2.0;7.0;24.0;B01
19871;201300013226;1;7;0;0.0;1.0;1.0;1.0;A01
19872;201300013227;0;7;0;0.0;2.0;3.0;15.0;B01
19873;201300013227;0;7;0;0.0;2.0;2.0;16.0;A01
19874;201300013228;0;7;0;0.0;2.0;8.0;1.0;B01
19875;201300013228;0;7;0;0.0;2.0;1.0;1.0;A01
19876;201300013229;0;7;0;0.0;2.0;3.0;1.0;A01
19877;201300013229;0;7;0;0.0;2.0;7.0;1.0;B01
19878;201300013230;0;7;0;8.0;0.0;3.0;21.0;A01
19879;201300013230;0;7;0;0.0;2.0;1.0;1.0;B02
19880;201300013231;0;7;0;4.0;0.0;3.0;13.0;A01
19881;201300013232;0;7;0;4.0;0.0;3.0;1.0;A01
19882;201300013233;0;7;0;0.0;1.0;2.0;1.0;A01
19883;201300013234;0;7;0;0.0;2.0;3.0;13.0;A01
19884;201300013234;0;7;0;0.0;2.0;3.0;1.0;B02
19885;201300013235;0;10;0;0.0;1.0;2.0;1.0;A01
19886;201300013236;0;33;0;0.0;0.0;0.0;1.0;A01
19887;201300013237;0;7;0;0.0;2.0;4.0;2.0;B02
19888;201300013237;0;7;0;0.0;2.0;1.0;2.0;A01
19889;201300013239;0;7;0;0.0;2.0;2.0;21.0;A01
19890;201300013239;0;32;0;0.0;0.0;6.0;1.0;B02
19891;201300013240;0;10;0;0.0;2.0;6.0;12.0;C03
19892;201300013240;0;15;0;0.0;2.0;1.0;2.0;D04
19893;201300013240;0;7;0;3.0;0.0;7.0;21.0;B02
19894;201300013240;0;7;0;0.0;2.0;4.0;2.0;F06
19895;201300013240;0;17;0;0.0;0.0;0.0;1.0;A01
19896;201300013240;0;7;0;0.0;2.0;4.0;2.0;E05
19897;201300013241;0;7;0;0.0;2.0;3.0;13.0;A01
19898;201300013241;0;7;0;0.0;2.0;2.0;1.0;B02
19899;201300013242;0;10;0;0.0;0.0;9.0;17.0;A01
19900;201300013243;0;7;0;0.0;2.0;3.0;1.0;B02
19901;201300013243;0;7;0;0.0;2.0;3.0;1.0;A01
19902;201300013244;0;7;0;0.0;2.0;1.0;2.0;A01
19903;201300013244;0;7;0;0.0;0.0;5.0;23.0;B02
19904;201300013245;0;7;0;3.0;0.0;9.0;14.0;A01
19905;201300013246;0;7;0;0.0;6.0;1.0;0.0;D04
19906;201300013246;0;7;0;0.0;6.0;1.0;0.0;C03
19907;201300013246;0;33;0;0.0;6.0;1.0;1.0;A01
19908;201300013246;0;7;0;0.0;6.0;1.0;1.0;B02
19909;201300013247;0;7;0;0.0;0.0;4.0;24.0;A01
19910;201300013247;0;7;0;1.0;0.0;1.0;2.0;B02
19911;201300013248;0;17;0;0.0;0.0;0.0;17.0;B02
19912;201300013248;0;7;0;0.0;2.0;1.0;17.0;A01
19913;201300013249;0;7;0;0.0;2.0;4.0;23.0;A01
19914;201300013249;0;10;0;0.0;2.0;1.0;1.0;B02
19915;201300013250;0;33;0;0.0;0.0;0.0;1.0;A01
19916;201300013252;0;33;0;3.0;0.0;9.0;1.0;A01
19917;201300013253;0;7;0;0.0;0.0;8.0;1.0;B02
19918;201300013253;0;33;0;0.0;2.0;8.0;17.0;A01
19919;201300013254;0;7;0;0.0;1.0;6.0;4.0;A01
19920;201300013255;0;7;0;0.0;0.0;9.0;1.0;A01
19921;201300013256;0;34;0;0.0;2.0;1.0;2.0;A01
19922;201300013256;0;7;0;0.0;2.0;3.0;1.0;B02
19923;201300013257;0;7;0;15.0;0.0;0.0;1.0;A01
19924;201300013258;0;14;0;3.0;0.0;1.0;1.0;A01
19925;201300013259;0;7;0;0.0;0.0;0.0;0.0;A01
19926;201300013260;0;7;0;4.0;0.0;3.0;1.0;A01
19927;201300013261;0;7;0;7.0;0.0;1.0;1.0;A01
19928;201300013262;0;7;0;0.0;0.0;0.0;24.0;B02
19929;201300013262;0;7;0;0.0;1.0;3.0;21.0;A01
19930;201300013263;0;7;0;8.0;0.0;2.0;1.0;A01
19931;201300013264;0;7;0;4.0;0.0;1.0;21.0;A01
19932;201300013265;0;7;0;0.0;9.0;1.0;1.0;B02
19933;201300013265;0;7;0;0.0;9.0;0.0;1.0;A01
19934;201300013266;0;10;0;14.0;1.0;1.0;2.0;A01
19935;201300013267;0;7;0;3.0;0.0;1.0;1.0;A01
19936;201300013268;0;7;0;0.0;6.0;1.0;1.0;A01
19937;201300013269;2;7;0;0.0;2.0;8.0;11.0;A01
19938;201300013269;0;7;0;0.0;2.0;7.0;1.0;B02
19939;201300013270;0;7;0;3.0;0.0;3.0;17.0;A01
19940;201300013271;0;17;0;0.0;0.0;5.0;2.0;B02
19941;201300013271;0;10;0;0.0;2.0;3.0;2.0;A01
19942;201300013272;0;7;0;0.0;2.0;2.0;17.0;A01
19943;201300013272;0;7;0;0.0;0.0;3.0;1.0;B02
19944;201300013274;0;7;0;13.0;0.0;1.0;1.0;A01
19945;201300013275;0;2;0;0.0;2.0;8.0;19.0;B01
19946;201300013275;0;7;0;0.0;2.0;3.0;19.0;A01
19947;201300013276;0;33;0;6.0;0.0;8.0;0.0;A01
19948;201300013277;0;7;0;0.0;9.0;1.0;1.0;B01
19949;201300013277;0;1;0;0.0;2.0;1.0;0.0;A01
19950;201300013278;0;1;0;0.0;2.0;7.0;11.0;A01
19951;201300013278;0;33;0;0.0;2.0;1.0;1.0;B01
19952;201300013280;0;7;0;0.0;2.0;3.0;0.0;B01
19953;201300013280;0;30;0;0.0;2.0;1.0;5.0;A01
19954;201300013281;0;2;0;0.0;2.0;1.0;1.0;B01
19955;201300013281;0;7;0;0.0;2.0;1.0;15.0;A01
19956;201300013284;0;7;0;3.0;0.0;9.0;20.0;A01
19957;201300013285;0;30;0;0.0;0.0;0.0;0.0;A01
19958;201300013287;0;7;0;0.0;1.0;2.0;0.0;A01
19959;201300013288;0;2;0;0.0;2.0;7.0;1.0;B01
19960;201300013288;0;7;0;0.0;2.0;3.0;9.0;A01
19961;201300013290;0;7;0;1.0;0.0;2.0;13.0;B01
19962;201300013290;0;7;0;0.0;0.0;8.0;23.0;A01
19963;201300013291;0;7;0;0.0;1.0;4.0;4.0;A01
19964;201300013292;0;10;0;0.0;1.0;4.0;0.0;A01
19965;201300013293;0;31;0;0.0;2.0;1.0;1.0;B01
19966;201300013293;0;7;0;0.0;2.0;3.0;9.0;A01
19967;201300013294;0;7;0;0.0;1.0;2.0;1.0;A01
19968;201300013295;0;7;0;0.0;0.0;3.0;0.0;B01
19969;201300013295;0;7;0;0.0;0.0;3.0;0.0;A01
19970;201300013297;0;7;0;0.0;2.0;1.0;2.0;B01
19971;201300013297;0;7;0;11.0;2.0;1.0;6.0;A01
19972;201300013298;0;7;0;0.0;1.0;7.0;1.0;A01
19973;201300013299;0;7;0;0.0;2.0;1.0;2.0;A01
19974;201300013299;0;7;0;3.0;2.0;4.0;2.0;C01
19975;201300013299;0;7;0;0.0;2.0;4.0;2.0;B01
19976;201300013300;0;7;0;13.0;0.0;3.0;5.0;A01
19977;201300013301;0;33;0;0.0;2.0;1.0;2.0;A01
19978;201300013301;0;7;0;0.0;9.0;6.0;2.0;B01
19979;201300013303;0;7;0;0.0;2.0;2.0;2.0;B01
19980;201300013303;0;7;0;0.0;2.0;1.0;2.0;A01
19981;201300013305;0;7;0;8.0;0.0;5.0;1.0;A01
19982;201300013306;0;7;0;0.0;2.0;2.0;10.0;A01
19983;201300013306;0;7;0;0.0;2.0;1.0;1.0;B01
19984;201300013307;0;7;0;0.0;0.0;0.0;9.0;A01
19985;201300013307;0;33;0;0.0;2.0;0.0;1.0;B01
19986;201300013308;0;7;0;2.0;2.0;3.0;9.0;A01
19987;201300013308;0;15;0;0.0;2.0;7.0;2.0;B01
19988;201300013309;0;32;0;13.0;0.0;3.0;0.0;A01