;Num_Acc;senc;catv;occutc;obs;obsm;choc;manv;num_veh
19989;201300013310;0;7;0;0.0;1.0;2.0;1.0;A01
19990;201300013311;0;7;0;0.0;0.0;0.0;0.0;A01
19991;201300013312;0;7;0;0.0;2.0;1.0;2.0;A01
19992;201300013312;0;7;0;0.0;2.0;4.0;2.0;B01
19993;201300013313;0;10;0;0.0;2.0;1.0;5.0;A01
19994;201300013313;0;7;0;0.0;2.0;3.0;5.0;B01
19995;201300013314;0;10;0;0.0;2.0;1.0;1.0;A01
19996;201300013314;0;7;0;0.0;2.0;4.0;1.0;B01
19997;201300013314;0;7;0;0.0;0.0;4.0;1.0;C01
19998;201300013315;0;30;0;0.0;2.0;1.0;1.0;A01
19999;201300013315;0;7;0;0.0;2.0;4.0;2.0;B01
20000;201300013316;0;7;0;0.0;2.0;2.0;9.0;A01
20001;201300013316;0;2;0;0.0;2.0;1.0;1.0;B01
20002;201300013317;0;14;0;0.0;2.0;3.0;1.0;C01
20003;201300013317;0;33;0;0.0;2.0;1.0;2.0;A01
20004;201300013317;0;7;0;0.0;0.0;5.0;1.0;B01
20005;201300013318;0;7;0;0.0;2.0;2.0;15.0;A01
20006;201300013318;0;7;0;0.0;2.0;3.0;1.0;B01
20007;201300013319;0;37;1;0.0;1.0;2.0;2.0;A01
20008;201300013320;0;30;0;0.0;2.0;1.0;2.0;A01
20009;201300013320;0;7;0;0.0;0.0;0.0;1.0;B01
20010;201300013321;0;7;0;0.0;2.0;3.0;1.0;A01
20011;201300013321;0;30;0;0.0;2.0;1.0;1.0;B01
20012;201300013322;0;7;0;0.0;1.0;1.0;2.0;A01
20013;201300013322;0;7;0;0.0;1.0;4.0;2.0;B01
20014;201300013325;0;7;0;1.0;2.0;3.0;1.0;B01
20015;201300013325;0;7;0;0.0;2.0;3.0;5.0;A01
20016;201300013326;0;7;0;0.0;2.0;3.0;5.0;A01
20017;201300013326;0;7;0;0.0;2.0;3.0;1.0;B01
20018;201300013327;0;7;0;0.0;1.0;1.0;1.0;A01
20019;201300013328;0;7;0;2.0;0.0;1.0;14.0;A01
20020;201300013329;0;10;0;0.0;1.0;6.0;4.0;A01
20021;201300013330;0;7;0;0.0;2.0;4.0;2.0;C01
20022;201300013330;0;10;0;0.0;2.0;1.0;2.0;A01
20023;201300013330;0;7;0;0.0;2.0;4.0;2.0;B01
20024;201300013331;0;30;0;0.0;0.0;1.0;1.0;A01
20025;201300013332;0;7;0;0.0;2.0;1.0;0.0;A01
20026;201300013332;0;7;0;0.0;2.0;1.0;0.0;B01
20027;201300013334;0;30;0;0.0;0.0;7.0;0.0;A01
20028;201300013336;0;2;0;12.0;2.0;8.0;0.0;B01
20029;201300013336;0;10;0;0.0;9.0;7.0;1.0;A01
20030;201300013337;0;2;0;0.0;2.0;1.0;1.0;B01
20031;201300013337;0;10;0;0.0;2.0;3.0;10.0;A01
20032;201300013338;0;30;0;14.0;0.0;1.0;1.0;A01
20033;201300013339;0;7;0;0.0;2.0;3.0;1.0;B01
20034;201300013339;0;7;0;0.0;2.0;3.0;5.0;A01
20035;201300013340;0;7;0;0.0;2.0;3.0;5.0;A01
20036;201300013340;0;7;0;0.0;2.0;3.0;1.0;B01
20037;201300013341;0;7;0;0.0;2.0;1.0;9.0;A01
20038;201300013341;0;31;0;0.0;2.0;1.0;1.0;B01
20039;201300013342;0;7;0;0.0;1.0;1.0;1.0;A01
20040;201300013343;0;7;0;0.0;2.0;4.0;2.0;B01
20041;201300013343;0;7;0;0.0;2.0;1.0;2.0;A01
20042;201300013344;0;7;0;0.0;2.0;1.0;1.0;C01
20043;201300013344;0;7;0;0.0;2.0;2.0;1.0;B01
20044;201300013344;0;7;0;0.0;2.0;3.0;16.0;A01
20045;201300013345;0;7;0;0.0;1.0;1.0;1.0;A01
20046;201300013346;0;7;0;0.0;2.0;1.0;15.0;A01
20047;201300013346;0;7;0;0.0;2.0;1.0;1.0;B01
20048;201300013347;0;7;0;0.0;2.0;4.0;2.0;C01
20049;201300013347;0;7;0;0.0;2.0;4.0;2.0;B01
20050;201300013347;0;7;0;0.0;2.0;1.0;2.0;A01
20051;201300013348;0;7;0;8.0;0.0;1.0;1.0;A01
20052;201300013349;0;7;0;0.0;2.0;1.0;2.0;A01
20053;201300013349;0;7;0;0.0;2.0;4.0;2.0;B01
20054;201300013350;0;7;0;12.0;1.0;2.0;1.0;A01
20055;201300013351;0;7;0;0.0;0.0;6.0;2.0;B02
20056;201300013351;0;17;0;0.0;2.0;2.0;2.0;A01
20057;201300013352;0;7;0;0.0;2.0;1.0;2.0;C03
20058;201300013352;0;17;0;0.0;0.0;4.0;1.0;A01
20059;201300013353;0;33;0;3.0;0.0;9.0;14.0;A01
20060;201300013355;0;7;0;13.0;0.0;2.0;14.0;A01
20061;201300013358;0;7;0;0.0;2.0;3.0;1.0;B02
20062;201300013358;0;7;0;0.0;2.0;2.0;13.0;A01
20063;201300013359;0;17;0;13.0;0.0;2.0;1.0;A01
20064;201300013360;0;10;0;3.0;0.0;1.0;1.0;A01
20065;201300013361;0;7;0;3.0;0.0;8.0;13.0;A01
20066;201300013362;0;10;0;3.0;1.0;2.0;1.0;B02
20067;201300013362;0;10;0;3.0;0.0;2.0;1.0;A01
20068;201300013363;0;7;0;13.0;0.0;1.0;1.0;A01
20069;201300013364;0;10;0;0.0;2.0;1.0;2.0;A01
20070;201300013364;0;10;0;3.0;0.0;4.0;1.0;B02
20071;201300013365;0;7;0;3.0;2.0;1.0;1.0;A01
20072;201300013365;0;7;0;0.0;2.0;7.0;1.0;B02
20073;201300013366;0;7;0;0.0;2.0;4.0;2.0;B02
20074;201300013366;0;14;0;0.0;2.0;1.0;2.0;A01
20075;201300013367;0;7;0;4.0;0.0;1.0;13.0;A01
20076;201300013368;0;7;0;4.0;0.0;3.0;21.0;A01
20077;201300013369;0;7;0;0.0;2.0;2.0;3.0;A01
20078;201300013369;0;7;0;3.0;0.0;6.0;1.0;B02
20079;201300013370;0;7;0;0.0;2.0;5.0;17.0;A01
20080;201300013370;0;10;0;0.0;2.0;3.0;1.0;B02
20081;201300013371;0;10;0;13.0;2.0;2.0;17.0;A01
20082;201300013371;0;14;0;0.0;2.0;6.0;1.0;B02
20083;201300013372;0;7;0;0.0;2.0;1.0;13.0;A01
20084;201300013372;0;17;0;0.0;2.0;1.0;1.0;B02
20085;201300013373;0;7;0;13.0;0.0;1.0;0.0;A01
20086;201300013374;0;7;0;13.0;0.0;3.0;1.0;A01
20087;201300013375;0;7;0;4.0;0.0;3.0;1.0;A01
20088;201300013376;0;17;0;0.0;2.0;5.0;9.0;B02
20089;201300013376;0;10;0;0.0;2.0;1.0;14.0;A01
20090;201300013379;0;7;0;0.0;2.0;7.0;12.0;A01
20091;201300013379;0;7;0;3.0;2.0;8.0;2.0;B01
20092;201300013380;0;7;0;0.0;1.0;1.0;1.0;A01
20093;201300013381;0;30;0;1.0;0.0;2.0;12.0;B01
20094;201300013381;0;10;0;0.0;2.0;0.0;1.0;A01
20095;201300013383;0;32;0;0.0;2.0;1.0;11.0;A01
20096;201300013383;0;7;0;0.0;2.0;2.0;2.0;B01
20097;201300013384;0;7;0;0.0;2.0;2.0;15.0;A01
20098;201300013384;0;30;0;0.0;2.0;1.0;2.0;B01
20099;201300013385;0;7;0;0.0;1.0;1.0;0.0;A01
20100;201300013387;0;33;0;15.0;0.0;0.0;2.0;A01
20101;201300013388;0;7;0;11.0;0.0;1.0;0.0;A01
20102;201300013388;0;7;0;14.0;0.0;1.0;1.0;B01
20103;201300013389;0;7;0;0.0;1.0;1.0;2.0;A01
20104;201300013390;0;2;0;0.0;2.0;2.0;1.0;B01
20105;201300013390;0;7;0;0.0;2.0;3.0;9.0;A01
20106;201300013391;2;7;0;9.0;0.0;1.0;2.0;A01
20107;201300013392;0;7;0;0.0;2.0;4.0;2.0;C01
20108;201300013392;0;7;0;0.0;2.0;4.0;2.0;B01
20109;201300013392;0;7;0;0.0;2.0;1.0;2.0;A01
20110;201300013393;0;31;0;0.0;2.0;1.0;1.0;A01
20111;201300013393;0;7;0;0.0;2.0;8.0;1.0;B01
20112;201300013394;0;30;0;0.0;2.0;1.0;1.0;A01
20113;201300013394;0;7;0;0.0;0.0;4.0;0.0;B01
20114;201300013395;0;7;0;0.0;0.0;0.0;0.0;B01
20115;201300013395;0;2;0;0.0;0.0;0.0;0.0;A01
20116;201300013396;0;7;0;0.0;2.0;1.0;1.0;B01
20117;201300013396;0;7;0;0.0;2.0;8.0;15.0;A01
20118;201300013397;0;31;0;0.0;2.0;3.0;2.0;B01
20119;201300013397;0;7;0;0.0;2.0;1.0;15.0;A01
20120;201300013398;0;7;0;0.0;2.0;2.0;23.0;B01
20121;201300013398;0;7;0;0.0;2.0;4.0;4.0;A01
20122;201300013399;0;7;0;0.0;0.0;7.0;2.0;B01
20123;201300013399;0;7;0;0.0;2.0;1.0;2.0;A01
20124;201300013400;0;7;0;8.0;0.0;1.0;1.0;A01
20125;201300013401;1;34;0;0.0;1.0;1.0;0.0;A01
20126;201300013402;0;33;0;0.0;2.0;1.0;1.0;B01
20127;201300013402;0;10;0;0.0;2.0;3.0;13.0;A01
20128;201300013403;0;7;0;0.0;2.0;1.0;2.0;A01
20129;201300013403;0;7;0;0.0;2.0;4.0;1.0;B01
20130;201300013403;0;7;0;0.0;0.0;4.0;2.0;C01
20131;201300013404;0;7;0;2.0;0.0;2.0;2.0;A01
20132;201300013405;0;7;0;0.0;9.0;2.0;1.0;A01
20133;201300013406;0;2;0;0.0;2.0;2.0;15.0;B01
20134;201300013406;0;2;0;1.0;2.0;1.0;15.0;A01
20135;201300013407;0;32;0;0.0;2.0;3.0;7.0;B01
20136;201300013407;0;10;0;0.0;2.0;2.0;12.0;A01
20137;201300013408;0;7;0;5.0;2.0;1.0;2.0;A01
20138;201300013408;0;99;0;0.0;2.0;5.0;2.0;B01
20139;201300013409;0;7;0;0.0;1.0;1.0;1.0;A01
20140;201300013410;0;7;0;2.0;2.0;4.0;23.0;B01
20141;201300013410;0;7;0;1.0;0.0;4.0;0.0;A01
20142;201300013411;0;7;0;0.0;2.0;3.0;5.0;A01
20143;201300013411;0;7;0;0.0;2.0;3.0;1.0;B01
20144;201300013412;0;7;0;0.0;2.0;5.0;15.0;A01
20145;201300013412;0;33;0;0.0;2.0;1.0;1.0;B01
20146;201300013413;0;10;0;0.0;0.0;0.0;0.0;A01
20147;201300013414;0;7;0;0.0;1.0;1.0;1.0;A01
20148;201300013415;0;7;0;0.0;1.0;1.0;1.0;A01
20149;201300013416;1;30;0;0.0;2.0;0.0;0.0;Z01
20150;201300013416;0;7;0;0.0;9.0;8.0;15.0;A01
20151;201300013417;0;7;0;4.0;2.0;4.0;1.0;B01
20152;201300013417;2;7;0;0.0;2.0;1.0;1.0;A01
20153;201300013418;0;33;0;8.0;2.0;1.0;1.0;B01
20154;201300013418;1;7;0;0.0;2.0;0.0;0.0;A01
20155;201300013419;0;7;0;1.0;0.0;2.0;1.0;A01
20156;201300013420;0;7;0;0.0;2.0;8.0;9.0;B01
20157;201300013420;0;7;0;0.0;2.0;2.0;2.0;A01
20158;201300013421;0;7;0;0.0;2.0;2.0;9.0;A01
20159;201300013421;0;33;0;0.0;2.0;1.0;1.0;B01
20160;201300013422;0;33;0;8.0;0.0;1.0;1.0;A01
20161;201300013423;0;33;0;0.0;0.0;0.0;0.0;A01
20162;201300013424;0;33;0;0.0;2.0;2.0;17.0;B01
20163;201300013424;0;7;0;0.0;2.0;3.0;15.0;A01
20164;201300013425;0;7;0;0.0;2.0;9.0;2.0;B01
20165;201300013425;0;7;0;0.0;2.0;1.0;2.0;A01
20166;201300013425;0;7;0;0.0;2.0;4.0;2.0;C01
20167;201300013427;0;2;0;0.0;1.0;0.0;1.0;A01
20168;201300013428;0;33;0;0.0;2.0;1.0;13.0;A01
20169;201300013428;0;7;0;0.0;2.0;3.0;1.0;B01
20170;201300013429;0;7;0;12.0;0.0;2.0;1.0;A01
20171;201300013430;0;7;0;0.0;2.0;1.0;15.0;A01
20172;201300013430;0;7;0;0.0;2.0;1.0;1.0;B01
20173;201300013431;0;31;0;0.0;2.0;1.0;9.0;B01
20174;201300013431;0;7;0;0.0;2.0;3.0;9.0;A01
20175;201300013432;0;30;0;8.0;0.0;0.0;0.0;A01
20176;201300013433;0;33;0;0.0;2.0;1.0;1.0;B01
20177;201300013433;0;7;0;0.0;2.0;2.0;16.0;A01
20178;201300013434;0;7;0;0.0;1.0;2.0;2.0;A01
20179;201300013435;0;32;0;0.0;2.0;8.0;1.0;B01
20180;201300013435;0;7;0;0.0;2.0;2.0;12.0;A01
20181;201300013436;0;7;0;4.0;0.0;3.0;0.0;A01
20182;201300013437;0;7;0;0.0;2.0;3.0;9.0;A01
20183;201300013437;0;33;0;0.0;2.0;1.0;1.0;B01
20184;201300013438;0;7;0;0.0;2.0;1.0;2.0;B01
20185;201300013438;0;7;0;0.0;2.0;1.0;15.0;A01
20186;201300013439;0;10;0;0.0;2.0;2.0;9.0;A01
20187;201300013439;0;33;0;0.0;2.0;3.0;1.0;B01
20188;201300013440;0;7;0;0.0;2.0;1.0;1.0;B01
20189;201300013440;0;7;0;0.0;2.0;9.0;0.0;A01
20190;201300013441;0;33;0;0.0;2.0;7.0;1.0;B01
20191;201300013441;0;7;0;0.0;2.0;3.0;10.0;A01
20192;201300013442;0;7;0;0.0;1.0;8.0;1.0;A01
20193;201300013444;0;7;0;0.0;2.0;8.0;15.0;B01
20194;201300013444;0;33;0;0.0;2.0;9.0;17.0;A01
20195;201300013445;0;10;0;0.0;1.0;3.0;1.0;A01
20196;201300013447;0;7;0;0.0;2.0;1.0;2.0;A01
20197;201300013447;0;7;0;0.0;0.0;4.0;2.0;B01
20198;201300013449;0;31;0;0.0;2.0;9.0;2.0;B01
20199;201300013449;0;7;0;0.0;2.0;4.0;2.0;C01
20200;201300013449;0;7;0;0.0;2.0;1.0;2.0;A01
20201;201300013450;1;30;0;8.0;0.0;0.0;1.0;A01
20202;201300013452;0;37;12;0.0;2.0;3.0;2.0;A01
20203;201300013452;0;7;0;0.0;0.0;5.0;2.0;B01
20204;201300013454;0;7;0;0.0;2.0;3.0;1.0;B01
20205;201300013454;0;7;0;0.0;2.0;1.0;15.0;A01
20206;201300013455;0;10;0;0.0;0.0;4.0;0.0;A01
20207;201300013455;0;33;0;0.0;2.0;1.0;0.0;B01
20208;201300013456;0;34;0;0.0;2.0;1.0;13.0;A01
20209;201300013456;0;7;0;0.0;2.0;1.0;15.0;B01
20210;201300013457;0;7;0;0.0;1.0;4.0;9.0;A01
20211;201300013458;0;7;0;0.0;2.0;1.0;1.0;A01
20212;201300013458;0;7;0;13.0;2.0;4.0;1.0;C01
20213;201300013458;0;7;0;2.0;2.0;4.0;1.0;B01
20214;201300013459;0;7;0;0.0;2.0;1.0;2.0;B01
20215;201300013459;0;7;0;0.0;0.0;9.0;2.0;A01
20216;201300013460;0;10;0;0.0;1.0;7.0;2.0;A01
20217;201300013461;0;33;0;0.0;2.0;1.0;2.0;A01
20218;201300013461;0;7;0;0.0;2.0;8.0;15.0;B01
20219;201300013462;0;7;0;0.0;2.0;3.0;1.0;B01
20220;201300013462;0;7;0;0.0;2.0;1.0;15.0;A01
20221;201300013463;0;7;0;6.0;0.0;1.0;16.0;A01
20222;201300013464;0;7;0;0.0;2.0;6.0;15.0;A01
20223;201300013464;0;33;0;0.0;2.0;1.0;2.0;B01
20224;201300013465;0;7;0;14.0;0.0;3.0;1.0;C01
20225;201300013465;0;33;0;3.0;0.0;1.0;21.0;A01
20226;201300013466;0;7;0;15.0;0.0;1.0;1.0;A01
20227;201300013467;0;7;0;0.0;1.0;1.0;0.0;A01
20228;201300013468;0;7;0;0.0;0.0;1.0;1.0;A01
20229;201300013469;0;7;0;0.0;1.0;1.0;1.0;A01
20230;201300013470;0;33;0;0.0;0.0;0.0;1.0;B01
20231;201300013470;0;7;0;0.0;2.0;1.0;15.0;A01
20232;201300013471;0;7;0;3.0;0.0;1.0;1.0;A01
20233;201300013472;0;7;0;0.0;1.0;1.0;1.0;A01
20234;201300013473;0;7;0;0.0;2.0;4.0;23.0;B01
20235;201300013473;0;7;0;0.0;2.0;1.0;14.0;A01
20236;201300013474;0;7;0;2.0;0.0;1.0;0.0;A01
20237;201300013475;0;7;0;8.0;0.0;2.0;1.0;A01
20238;201300013476;0;7;0;0.0;2.0;8.0;11.0;B01
20239;201300013476;0;34;0;0.0;2.0;1.0;17.0;A01
20240;201300013477;0;7;0;0.0;1.0;5.0;4.0;A01
20241;201300013478;0;7;0;0.0;0.0;7.0;1.0;A01
20242;201300013479;0;7;0;15.0;0.0;1.0;1.0;A01
20243;201300013480;0;7;0;0.0;2.0;1.0;1.0;A01
20244;201300013480;0;7;0;0.0;2.0;5.0;1.0;B01
20245;201300013481;0;7;0;3.0;2.0;1.0;1.0;C01
20246;201300013481;0;33;0;0.0;2.0;4.0;1.0;B01
20247;201300013481;0;7;0;0.0;2.0;4.0;1.0;F02
20248;201300013481;0;7;0;0.0;2.0;4.0;1.0;D01
20249;201300013481;0;7;0;0.0;2.0;4.0;1.0;E01
20250;201300013481;0;7;0;0.0;2.0;1.0;1.0;A01
20251;201300013482;0;7;0;0.0;1.0;4.0;4.0;A01
20252;201300013483;1;7;0;0.0;2.0;1.0;1.0;A01
20253;201300013483;0;1;0;0.0;2.0;8.0;15.0;B01
20254;201300013484;0;7;0;0.0;1.0;1.0;1.0;A01
20255;201300013485;0;1;0;0.0;2.0;1.0;15.0;A01
20256;201300013485;0;7;0;0.0;2.0;1.0;15.0;B01
20257;201300013487;0;33;0;3.0;0.0;8.0;1.0;A01
20258;201300013488;0;31;0;0.0;2.0;1.0;1.0;A01
20259;201300013488;0;7;0;0.0;0.0;5.0;15.0;B01
20260;201300013489;0;7;0;0.0;2.0;1.0;1.0;B01
20261;201300013489;0;7;0;0.0;2.0;1.0;1.0;A01
20262;201300013490;0;7;0;0.0;1.0;1.0;1.0;A01
20263;201300013491;0;30;0;0.0;2.0;8.0;1.0;B01
20264;201300013491;0;7;0;0.0;2.0;8.0;10.0;A01
20265;201300013492;0;7;0;0.0;2.0;8.0;1.0;B01
20266;201300013492;0;7;0;0.0;2.0;1.0;13.0;A01
20267;201300013492;0;7;0;0.0;2.0;1.0;1.0;C01
20268;201300013493;0;7;0;0.0;1.0;1.0;1.0;A01
20269;201300013494;0;30;0;1.0;2.0;8.0;17.0;A01
20270;201300013494;0;7;0;0.0;2.0;3.0;1.0;B01
20271;201300013496;0;30;0;0.0;2.0;1.0;1.0;B01
20272;201300013496;2;7;0;0.0;2.0;1.0;15.0;A01
20273;201300013497;0;2;0;0.0;2.0;7.0;0.0;B01
20274;201300013497;0;10;0;0.0;2.0;3.0;9.0;A01
20275;201300013499;0;30;0;0.0;0.0;1.0;0.0;A01
20276;201300013500;0;33;0;0.0;0.0;0.0;0.0;A01
20277;201300013501;0;7;0;0.0;2.0;1.0;1.0;B01
20278;201300013501;0;7;0;0.0;2.0;1.0;13.0;A01
20279;201300013502;0;7;0;0.0;2.0;3.0;15.0;A01
20280;201300013502;0;32;0;0.0;2.0;1.0;17.0;B01
20281;201300013503;0;7;0;0.0;2.0;1.0;5.0;A01
20282;201300013503;0;7;0;0.0;2.0;8.0;1.0;B01
20283;201300013505;0;7;0;0.0;2.0;1.0;1.0;A01
20284;201300013505;0;7;0;0.0;2.0;1.0;1.0;B01
20285;201300013506;0;7;0;2.0;0.0;1.0;1.0;A01
20286;201300013507;0;37;1;0.0;1.0;2.0;1.0;A01
20287;201300013508;0;7;0;0.0;2.0;3.0;15.0;B01
20288;201300013508;0;34;0;0.0;2.0;7.0;17.0;A01
20289;201300013510;0;33;0;13.0;0.0;1.0;1.0;A01
20290;201300013511;0;7;0;0.0;2.0;1.0;2.0;B01
20291;201300013511;0;7;0;0.0;2.0;8.0;15.0;A01
20292;201300013512;0;7;0;8.0;0.0;9.0;2.0;A01
20293;201300013514;0;7;0;0.0;2.0;1.0;15.0;A01
20294;201300013514;0;33;0;0.0;2.0;1.0;1.0;B01
20295;201300013515;0;30;0;1.0;1.0;1.0;1.0;A01
20296;201300013515;0;14;0;0.0;2.0;3.0;4.0;B01
20297;201300013516;0;32;0;0.0;2.0;0.0;16.0;B01
20298;201300013516;0;7;0;0.0;2.0;3.0;2.0;A01
20299;201300013517;0;7;0;1.0;2.0;2.0;15.0;A01
20300;201300013517;0;7;0;0.0;2.0;3.0;1.0;B01
20301;201300013518;0;10;0;0.0;2.0;3.0;1.0;A01
20302;201300013518;0;7;0;0.0;2.0;3.0;1.0;C01
20303;201300013518;0;7;0;0.0;2.0;8.0;1.0;B01
20304;201300013519;0;7;0;0.0;2.0;3.0;10.0;A01
20305;201300013519;0;30;0;0.0;2.0;1.0;17.0;B01
20306;201300013520;0;10;0;0.0;2.0;1.0;1.0;B01
20307;201300013520;0;7;0;0.0;2.0;1.0;9.0;A01
20308;201300013520;0;7;0;0.0;2.0;3.0;2.0;C01
20309;201300013521;0;7;0;0.0;2.0;4.0;23.0;B01
20310;201300013521;0;7;0;0.0;2.0;1.0;1.0;A01
20311;201300013522;0;7;0;0.0;2.0;4.0;2.0;B01
20312;201300013522;0;2;0;0.0;2.0;1.0;2.0;A01
20313;201300013523;0;7;0;0.0;2.0;1.0;2.0;A01
20314;201300013523;0;7;0;0.0;1.0;4.0;2.0;B01
20315;201300013524;0;10;0;0.0;2.0;2.0;15.0;A01
20316;201300013524;0;33;0;0.0;2.0;5.0;1.0;B01
20317;201300013525;0;7;0;0.0;2.0;4.0;1.0;B01
20318;201300013525;0;7;0;0.0;2.0;1.0;1.0;A01
20319;201300013528;0;7;0;0.0;2.0;3.0;15.0;A01
20320;201300013528;0;7;0;0.0;2.0;2.0;1.0;B01
20321;201300013529;0;7;0;0.0;0.0;4.0;2.0;A01
20322;201300013529;0;7;0;0.0;2.0;1.0;2.0;B01
20323;201300013530;0;32;0;0.0;0.0;2.0;17.0;B01
20324;201300013530;0;7;0;0.0;2.0;3.0;13.0;A01
20325;201300013532;0;33;0;0.0;0.0;6.0;1.0;A01
20326;201300013533;0;7;0;0.0;2.0;4.0;2.0;B01
20327;201300013533;0;7;0;0.0;2.0;1.0;2.0;A01
20328;201300013535;0;7;0;0.0;2.0;1.0;2.0;A01
20329;201300013535;0;7;0;0.0;2.0;4.0;23.0;B01
20330;201300013536;0;33;0;0.0;2.0;1.0;1.0;B01
20331;201300013536;0;7;0;0.0;2.0;8.0;13.0;A01
20332;201300013537;0;7;0;0.0;1.0;4.0;4.0;A01
20333;201300013540;0;7;0;0.0;2.0;2.0;2.0;B01
20334;201300013540;0;7;0;0.0;2.0;3.0;10.0;A01
20335;201300013542;0;7;0;0.0;2.0;3.0;15.0;A01
20336;201300013542;0;33;0;0.0;2.0;1.0;1.0;B01
20337;201300013544;0;7;0;0.0;2.0;1.0;1.0;B01
20338;201300013544;0;7;0;0.0;2.0;1.0;19.0;A01
20339;201300013545;0;15;0;0.0;2.0;8.0;0.0;A01
20340;201300013545;0;7;0;0.0;0.0;3.0;1.0;B01
20341;201300013546;0;7;0;0.0;0.0;4.0;2.0;C01
20342;201300013546;0;7;0;0.0;0.0;4.0;2.0;D01
20343;201300013546;0;7;0;0.0;0.0;4.0;2.0;B01
20344;201300013546;0;7;0;0.0;0.0;1.0;2.0;A01
20345;201300013548;0;34;0;0.0;2.0;1.0;17.0;A01
20346;201300013548;0;7;0;0.0;2.0;3.0;15.0;B01
20347;201300013549;0;7;0;0.0;2.0;1.0;1.0;B01
20348;201300013549;0;7;0;0.0;2.0;8.0;19.0;A01
20349;201300013550;0;7;0;0.0;2.0;7.0;1.0;B01
20350;201300013550;0;7;0;0.0;2.0;2.0;15.0;A01
20351;201300013551;0;7;0;0.0;2.0;6.0;15.0;A01
20352;201300013551;0;7;0;0.0;2.0;1.0;2.0;B01
20353;201300013552;0;10;0;0.0;0.0;4.0;2.0;B01
20354;201300013552;0;10;0;0.0;2.0;1.0;2.0;A01
20355;201300013553;0;30;0;0.0;2.0;8.0;21.0;B01
20356;201300013553;1;10;0;0.0;0.0;0.0;20.0;Y01
20357;201300013554;0;7;0;0.0;2.0;2.0;1.0;B01
20358;201300013554;0;7;0;0.0;2.0;3.0;9.0;A01
20359;201300013555;0;34;0;0.0;2.0;7.0;19.0;B01
20360;201300013555;0;7;0;0.0;2.0;7.0;0.0;A01
20361;201300013556;0;2;0;0.0;2.0;2.0;16.0;A01
20362;201300013556;0;7;0;0.0;2.0;3.0;16.0;B01
20363;201300013557;0;10;0;0.0;2.0;6.0;19.0;B01
20364;201300013557;0;7;0;0.0;2.0;1.0;15.0;A01
20365;201300013558;0;33;0;0.0;0.0;0.0;2.0;A01
20366;201300013559;0;7;0;0.0;2.0;5.0;2.0;B01
20367;201300013559;0;32;0;0.0;2.0;1.0;2.0;A01
20368;201300013561;0;33;0;0.0;2.0;9.0;1.0;B01
20369;201300013561;0;7;0;0.0;2.0;2.0;11.0;A01
20370;201300013562;0;7;0;0.0;9.0;8.0;9.0;A01
20371;201300013562;0;1;0;0.0;2.0;0.0;0.0;B01
20372;201300013562;0;1;0;0.0;2.0;1.0;0.0;C01
20373;201300013564;0;7;0;0.0;2.0;3.0;13.0;A01
20374;201300013564;0;32;0;0.0;2.0;2.0;17.0;B01
20375;201300013565;0;7;0;0.0;2.0;6.0;1.0;B01
20376;201300013565;0;7;0;0.0;2.0;3.0;1.0;A01
20377;201300013566;0;7;0;0.0;2.0;8.0;15.0;A01
20378;201300013566;0;32;0;0.0;2.0;1.0;1.0;B01
20379;201300013567;0;33;0;0.0;1.0;1.0;1.0;A01
20380;201300013567;0;7;0;0.0;2.0;7.0;15.0;B01
20381;201300013568;0;2;0;0.0;0.0;8.0;0.0;A01
20382;201300013569;0;33;0;0.0;2.0;1.0;1.0;A01
20383;201300013569;0;7;0;0.0;2.0;1.0;15.0;B01
20384;201300013570;0;7;0;0.0;2.0;3.0;1.0;A01
20385;201300013570;0;7;0;0.0;2.0;7.0;1.0;B01
20386;201300013571;0;33;0;0.0;2.0;1.0;1.0;B01
20387;201300013571;0;7;0;0.0;2.0;7.0;10.0;A01
20388;201300013572;0;7;0;0.0;0.0;4.0;2.0;C01
20389;201300013572;0;7;0;0.0;2.0;1.0;2.0;A01
20390;201300013572;0;7;0;0.0;2.0;4.0;2.0;B01
20391;201300013573;0;32;0;0.0;2.0;1.0;1.0;B01
20392;201300013573;0;7;0;0.0;2.0;3.0;0.0;A01
20393;201300013574;0;7;0;0.0;2.0;8.0;15.0;B01
20394;201300013574;0;31;0;0.0;2.0;2.0;17.0;A01
20395;201300013575;0;7;0;0.0;0.0;3.0;15.0;B01
20396;201300013575;0;30;0;0.0;2.0;1.0;17.0;A01
20397;201300013577;0;30;0;0.0;2.0;7.0;1.0;A01
20398;201300013577;0;7;0;0.0;2.0;1.0;15.0;B01
20399;201300013578;0;33;0;0.0;2.0;1.0;2.0;B01
20400;201300013578;0;7;0;4.0;2.0;8.0;15.0;A01
20401;201300013579;0;7;0;0.0;2.0;1.0;2.0;A01
20402;201300013579;0;7;0;0.0;0.0;4.0;2.0;B01
20403;201300013580;0;34;0;0.0;2.0;1.0;0.0;B01
20404;201300013580;0;7;0;0.0;2.0;1.0;9.0;A01
20405;201300013582;0;7;0;1.0;2.0;6.0;4.0;A01
20406;201300013582;0;7;0;0.0;2.0;8.0;2.0;B01
20407;201300013582;0;7;0;0.0;2.0;3.0;2.0;C01
20408;201300013583;0;7;0;0.0;2.0;3.0;19.0;A01
20409;201300013583;0;7;0;0.0;2.0;8.0;1.0;B01