;Num_Acc;senc;catv;occutc;obs;obsm;choc;manv;num_veh
20832;201300013835;0;1;0;0.0;2.0;1.0;2.0;A01
20833;201300013836;0;7;0;0.0;2.0;4.0;2.0;B01
20834;201300013836;0;7;0;0.0;2.0;1.0;12.0;A01
20835;201300013838;0;7;0;0.0;1.0;2.0;0.0;A01
20836;201300013839;0;7;0;0.0;1.0;1.0;0.0;A01
20837;201300013840;0;7;0;0.0;2.0;3.0;9.0;A01
20838;201300013840;0;99;0;0.0;2.0;1.0;1.0;B01
20839;201300013842;0;1;0;0.0;2.0;3.0;9.0;B01
20840;201300013842;1;7;0;0.0;2.0;2.0;0.0;Z01
20841;201300013843;0;7;0;0.0;2.0;7.0;1.0;A01
20842;201300013843;0;7;0;0.0;2.0;1.0;15.0;B01
20843;201300013844;0;7;0;0.0;2.0;5.0;16.0;B01
20844;201300013844;0;33;0;0.0;2.0;1.0;1.0;A01
20845;201300013846;0;30;0;0.0;2.0;1.0;1.0;B01
20846;201300013846;0;7;0;0.0;2.0;2.0;0.0;A01
20847;201300013847;0;7;0;0.0;2.0;3.0;9.0;A01
20848;201300013847;0;34;0;0.0;2.0;1.0;2.0;B01
20849;201300013848;0;7;0;3.0;1.0;1.0;0.0;A01
20850;201300013849;0;20;0;0.0;0.0;0.0;0.0;A01
20851;201300013849;0;7;0;14.0;9.0;2.0;1.0;B01
20852;201300013850;0;7;0;0.0;2.0;2.0;1.0;A01
20853;201300013850;0;7;0;0.0;2.0;3.0;23.0;B01
20854;201300013851;0;33;0;0.0;2.0;7.0;0.0;A01
20855;201300013851;0;20;0;0.0;2.0;1.0;0.0;B01
20856;201300013852;0;33;0;0.0;0.0;7.0;1.0;A01
20857;201300013853;0;7;0;0.0;2.0;1.0;2.0;A01
20858;201300013853;0;7;0;0.0;2.0;4.0;2.0;B01
20859;201300013854;0;7;0;0.0;0.0;1.0;0.0;A01
20860;201300013855;0;7;0;0.0;2.0;4.0;1.0;B01
20861;201300013855;0;7;0;0.0;2.0;2.0;1.0;A01
20862;201300013857;0;33;0;0.0;0.0;3.0;1.0;A01
20863;201300013858;0;7;0;0.0;2.0;0.0;15.0;A01
20864;201300013858;0;30;0;0.0;2.0;3.0;1.0;B01
20865;201300013859;0;7;0;0.0;1.0;7.0;13.0;A01
20866;201300013861;0;37;20;1.0;1.0;3.0;2.0;A01
20867;201300013861;0;7;0;0.0;0.0;5.0;2.0;B01
20868;201300013862;0;7;0;0.0;2.0;4.0;2.0;A01
20869;201300013862;0;7;0;0.0;2.0;4.0;2.0;B01
20870;201300013864;0;34;0;0.0;2.0;1.0;1.0;B01
20871;201300013864;0;7;0;0.0;2.0;1.0;1.0;A01
20872;201300013865;0;7;0;11.0;0.0;1.0;16.0;A01
20873;201300013866;0;7;0;0.0;2.0;1.0;1.0;A01
20874;201300013866;0;7;0;0.0;0.0;4.0;23.0;B01
20875;201300013867;0;7;0;0.0;2.0;3.0;15.0;A01
20876;201300013867;0;32;0;0.0;2.0;7.0;1.0;B01
20877;201300013868;0;7;0;0.0;2.0;1.0;9.0;A01
20878;201300013868;0;33;0;0.0;2.0;7.0;1.0;B01
20879;201300013869;0;30;0;0.0;2.0;6.0;5.0;A01
20880;201300013869;0;34;0;0.0;2.0;1.0;0.0;B01
20881;201300013870;1;7;0;0.0;2.0;2.0;0.0;Z01
20882;201300013870;0;7;0;0.0;2.0;0.0;2.0;A01
20883;201300013871;0;7;0;0.0;2.0;5.0;1.0;B01
20884;201300013871;0;7;0;0.0;2.0;1.0;0.0;A01
20885;201300013872;0;7;0;0.0;2.0;2.0;2.0;B01
20886;201300013872;0;7;0;0.0;0.0;3.0;23.0;C01
20887;201300013872;0;10;0;0.0;0.0;8.0;10.0;A01
20888;201300013873;0;34;0;0.0;2.0;4.0;0.0;B01
20889;201300013873;1;7;0;0.0;2.0;1.0;0.0;A01
20890;201300013875;0;33;0;0.0;0.0;1.0;1.0;B01
20891;201300013875;0;7;0;0.0;0.0;8.0;1.0;A01
20892;201300013876;0;7;0;1.0;1.0;7.0;0.0;A01
20893;201300013877;0;7;0;1.0;0.0;1.0;1.0;A01
20894;201300013878;2;7;0;0.0;2.0;1.0;19.0;A01
20895;201300013878;0;7;0;8.0;2.0;5.0;1.0;B01
20896;201300013879;0;7;0;0.0;2.0;1.0;10.0;A01
20897;201300013879;0;33;0;0.0;2.0;1.0;1.0;B01
20898;201300013880;1;99;0;0.0;1.0;3.0;0.0;Z01
20899;201300013881;1;99;0;0.0;1.0;0.0;0.0;Z01
20900;201300013882;0;7;0;0.0;2.0;2.0;10.0;A01
20901;201300013882;0;34;0;0.0;2.0;1.0;1.0;B01
20902;201300013883;0;7;0;0.0;2.0;4.0;2.0;B01
20903;201300013883;0;7;0;0.0;2.0;1.0;2.0;A01
20904;201300013884;0;31;0;0.0;2.0;1.0;2.0;B01
20905;201300013884;0;7;0;0.0;2.0;3.0;1.0;A01
20906;201300013885;0;7;0;0.0;2.0;5.0;1.0;B01
20907;201300013885;1;7;0;0.0;2.0;0.0;0.0;Z01
20908;201300013886;0;33;0;0.0;0.0;8.0;17.0;A01
20909;201300013887;0;2;0;0.0;0.0;0.0;2.0;A01
20910;201300013888;0;7;0;0.0;2.0;6.0;11.0;A01
20911;201300013888;0;33;0;0.0;2.0;1.0;1.0;B01
20912;201300013889;0;7;0;0.0;1.0;1.0;0.0;A01
20913;201300013890;0;34;0;0.0;2.0;2.0;1.0;B01
20914;201300013890;1;7;0;0.0;2.0;6.0;4.0;Z01
20915;201300013891;0;7;0;0.0;0.0;3.0;15.0;A01
20916;201300013891;0;2;0;0.0;0.0;1.0;1.0;B01
20917;201300013892;0;32;0;0.0;1.0;1.0;3.0;A01
20918;201300013893;0;7;0;0.0;2.0;1.0;1.0;A01
20919;201300013893;0;7;0;6.0;0.0;4.0;1.0;B01
20920;201300013894;0;2;0;0.0;1.0;0.0;0.0;A01
20921;201300013896;0;7;0;0.0;2.0;2.0;15.0;A01
20922;201300013896;1;3;0;0.0;2.0;5.0;1.0;B01
20923;201300013897;0;7;0;0.0;2.0;1.0;2.0;A01
20924;201300013897;0;7;0;0.0;2.0;4.0;2.0;B01
20925;201300013898;0;7;0;0.0;1.0;1.0;19.0;A01
20926;201300013899;1;7;0;0.0;2.0;0.0;0.0;Z01
20927;201300013899;0;7;0;0.0;2.0;7.0;1.0;B01
20928;201300013900;0;7;0;0.0;1.0;0.0;0.0;A01
20929;201300013901;0;34;0;0.0;2.0;7.0;0.0;B01
20930;201300013901;0;37;4;0.0;2.0;8.0;0.0;A01
20931;201300013901;0;7;0;0.0;2.0;4.0;2.0;C01
20932;201300013904;0;7;0;0.0;1.0;8.0;1.0;B01
20933;201300013904;0;7;0;0.0;1.0;3.0;16.0;A01
20934;201300013905;0;7;0;0.0;2.0;1.0;1.0;A01
20935;201300013905;0;7;0;0.0;2.0;4.0;1.0;B01
20936;201300013906;0;7;0;0.0;2.0;4.0;23.0;B01
20937;201300013906;0;7;0;0.0;2.0;1.0;1.0;A01
20938;201300013907;0;31;0;0.0;2.0;1.0;1.0;B01
20939;201300013907;0;7;0;0.0;0.0;2.0;9.0;A01
20940;201300013908;0;32;0;0.0;1.0;0.0;0.0;A01
20941;201300013909;0;7;0;0.0;1.0;1.0;1.0;A01
20942;201300013910;0;2;0;12.0;0.0;1.0;14.0;A01
20943;201300013911;0;7;0;0.0;2.0;2.0;0.0;A01
20944;201300013911;0;13;0;0.0;0.0;6.0;1.0;B01
20945;201300013912;0;7;0;0.0;1.0;1.0;1.0;A01
20946;201300013913;0;7;0;0.0;2.0;8.0;1.0;B01
20947;201300013913;0;15;0;0.0;2.0;6.0;15.0;A01
20948;201300013914;0;30;0;0.0;0.0;0.0;1.0;A01
20949;201300013916;0;30;0;0.0;2.0;1.0;17.0;A01
20950;201300013916;0;7;0;0.0;2.0;3.0;15.0;B01
20951;201300013917;0;30;0;0.0;0.0;0.0;17.0;A01
20952;201300013917;0;7;0;0.0;0.0;0.0;15.0;B01
20953;201300013918;0;34;0;11.0;0.0;1.0;0.0;A01
20954;201300013919;0;7;0;0.0;2.0;8.0;2.0;B01
20955;201300013919;0;7;0;0.0;2.0;1.0;2.0;A01
20956;201300013921;0;7;0;0.0;2.0;1.0;2.0;A01
20957;201300013921;0;7;0;0.0;2.0;4.0;2.0;B01
20958;201300013922;0;7;0;0.0;2.0;1.0;1.0;A01
20959;201300013922;0;7;0;0.0;1.0;4.0;1.0;B01
20960;201300013923;0;10;0;0.0;2.0;1.0;2.0;A01
20961;201300013923;0;7;0;0.0;2.0;4.0;23.0;B01
20962;201300013924;0;7;0;0.0;2.0;4.0;0.0;B01
20963;201300013924;0;7;0;0.0;2.0;1.0;1.0;A01
20964;201300013925;0;7;0;0.0;2.0;1.0;2.0;A01
20965;201300013925;0;7;0;0.0;2.0;4.0;2.0;B01
20966;201300013926;0;7;0;0.0;2.0;3.0;1.0;A01
20967;201300013926;0;33;0;0.0;2.0;1.0;1.0;B01
20968;201300013927;0;7;0;8.0;0.0;1.0;1.0;A01
20969;201300013928;0;32;0;8.0;0.0;7.0;1.0;A01
20970;201300013929;0;7;0;0.0;2.0;3.0;15.0;A01
20971;201300013929;0;30;0;0.0;2.0;7.0;17.0;B01
20972;201300013930;0;7;0;0.0;2.0;4.0;2.0;B01
20973;201300013930;0;7;0;0.0;2.0;1.0;2.0;A01
20974;201300013931;0;32;0;0.0;2.0;1.0;0.0;B01
20975;201300013931;0;7;0;0.0;2.0;2.0;0.0;A01
20976;201300013932;0;31;0;0.0;2.0;0.0;1.0;B01
20977;201300013932;0;7;0;0.0;2.0;0.0;9.0;A01
20978;201300013933;0;33;0;0.0;2.0;1.0;2.0;A01
20979;201300013933;0;7;0;0.0;2.0;6.0;2.0;B01
20980;201300013934;0;7;0;0.0;2.0;3.0;1.0;B01
20981;201300013934;0;7;0;0.0;2.0;2.0;19.0;A01
20982;201300013935;0;7;0;0.0;0.0;8.0;20.0;A01
20983;201300013935;0;1;0;0.0;2.0;1.0;1.0;B01
20984;201300013936;0;7;0;0.0;2.0;4.0;1.0;A01
20985;201300013936;1;7;0;0.0;2.0;1.0;1.0;Z01
20986;201300013937;0;7;0;0.0;0.0;9.0;14.0;A01
20987;201300013938;1;7;0;0.0;2.0;0.0;0.0;Z01
20988;201300013938;0;30;0;0.0;2.0;0.0;1.0;B01
20989;201300013939;0;7;0;0.0;2.0;3.0;1.0;B01
20990;201300013939;0;7;0;0.0;2.0;3.0;13.0;A01
20991;201300013940;0;7;0;0.0;2.0;4.0;23.0;C01
20992;201300013940;0;7;0;0.0;2.0;9.0;23.0;B01
20993;201300013940;1;7;0;0.0;2.0;1.0;2.0;Z01
20994;201300013941;0;33;0;0.0;2.0;2.0;1.0;B01
20995;201300013941;0;7;0;0.0;2.0;3.0;15.0;A01
20996;201300013942;0;7;0;0.0;0.0;4.0;23.0;A01
20997;201300013942;0;7;0;0.0;2.0;1.0;2.0;B01
20998;201300013943;0;7;0;0.0;1.0;2.0;1.0;A01
20999;201300013944;0;7;0;0.0;1.0;1.0;2.0;A01
21000;201300013945;0;3;0;0.0;0.0;4.0;1.0;B01
21001;201300013945;0;7;0;0.0;0.0;1.0;1.0;A01
21002;201300013946;0;7;0;0.0;2.0;1.0;2.0;A01
21003;201300013946;0;7;0;0.0;2.0;4.0;2.0;B01
21004;201300013947;0;7;0;4.0;0.0;3.0;0.0;A01
21005;201300013948;0;31;0;0.0;2.0;1.0;17.0;A01
21006;201300013948;0;7;0;0.0;2.0;3.0;1.0;B01
21007;201300013949;0;7;0;0.0;2.0;4.0;23.0;B01
21008;201300013949;1;7;0;0.0;2.0;1.0;1.0;Z01
21009;201300013950;0;7;0;0.0;1.0;2.0;16.0;A01
21010;201300013951;0;34;0;0.0;2.0;1.0;17.0;A01
21011;201300013951;0;33;0;0.0;2.0;1.0;1.0;B01
21012;201300013952;0;37;4;0.0;2.0;2.0;1.0;A01
21013;201300013952;0;17;0;0.0;2.0;3.0;15.0;B01
21014;201300013953;0;7;0;0.0;2.0;1.0;2.0;A01
21015;201300013953;0;31;0;0.0;2.0;1.0;1.0;B01
21016;201300013954;0;30;0;0.0;2.0;1.0;2.0;A01
21017;201300013954;0;7;0;0.0;0.0;8.0;15.0;B01
21018;201300013955;0;7;0;0.0;1.0;1.0;19.0;A01
21019;201300013956;0;7;0;0.0;2.0;3.0;13.0;A01
21020;201300013956;0;7;0;0.0;2.0;3.0;1.0;B01
21021;201300013957;1;7;0;0.0;1.0;1.0;1.0;Z01
21022;201300013958;0;2;0;0.0;2.0;0.0;1.0;B01
21023;201300013958;1;7;0;0.0;2.0;0.0;10.0;Z01
21024;201300013959;1;7;0;0.0;2.0;0.0;1.0;Z01
21025;201300013959;0;7;0;0.0;2.0;0.0;1.0;B01
21026;201300013960;0;31;0;0.0;2.0;7.0;17.0;B01
21027;201300013960;1;13;0;0.0;2.0;6.0;13.0;Z01
21028;201300013961;1;7;0;0.0;2.0;1.0;1.0;Z01
21029;201300013961;0;7;0;0.0;2.0;4.0;23.0;B01
21030;201300013962;0;34;0;0.0;2.0;2.0;1.0;B01
21031;201300013962;0;7;0;0.0;2.0;3.0;19.0;A01
21032;201300013963;0;7;0;0.0;0.0;7.0;23.0;B01
21033;201300013963;1;32;0;0.0;2.0;1.0;18.0;A01
21034;201300013964;0;32;0;0.0;2.0;8.0;1.0;B01
21035;201300013964;0;7;0;0.0;2.0;2.0;12.0;A01
21036;201300013965;1;32;0;0.0;1.0;1.0;0.0;Z01
21037;201300013966;0;30;0;0.0;0.0;8.0;2.0;A01
21038;201300013966;0;30;0;0.0;2.0;0.0;2.0;B01
21039;201300013966;0;7;0;0.0;0.0;0.0;0.0;C01
21040;201300013967;0;7;0;0.0;0.0;2.0;19.0;A01
21041;201300013967;0;2;0;0.0;2.0;1.0;19.0;B01
21042;201300013969;0;7;0;0.0;2.0;7.0;16.0;B01
21043;201300013969;0;30;0;0.0;2.0;3.0;2.0;A01
21044;201300013970;1;99;0;0.0;2.0;0.0;0.0;Z01
21045;201300013970;0;7;0;0.0;2.0;1.0;1.0;B01
21046;201300013970;0;30;0;0.0;2.0;1.0;1.0;A01
21047;201300013971;1;30;0;0.0;1.0;1.0;1.0;Z01
21048;201300013972;1;7;0;0.0;1.0;1.0;5.0;Z01
21049;201300013973;1;7;0;0.0;1.0;1.0;1.0;Z01
21050;201300013974;0;7;0;0.0;2.0;3.0;15.0;A01
21051;201300013974;0;33;0;0.0;2.0;2.0;1.0;B01
21052;201300013975;1;7;0;0.0;1.0;1.0;0.0;Z01
21053;201300013976;0;7;0;0.0;2.0;8.0;19.0;A01
21054;201300013976;0;7;0;0.0;2.0;1.0;1.0;B01
21055;201300013977;0;7;0;0.0;1.0;0.0;0.0;A01
21056;201300013979;0;30;0;0.0;2.0;1.0;1.0;B01
21057;201300013979;0;7;0;0.0;0.0;0.0;0.0;A01
21058;201300013980;0;1;0;0.0;2.0;1.0;1.0;B01
21059;201300013980;0;7;0;0.0;2.0;3.0;23.0;A01
21060;201300013981;0;33;0;15.0;0.0;2.0;0.0;A01
21061;201300013982;1;7;0;0.0;1.0;1.0;1.0;A01
21062;201300013983;0;34;0;0.0;2.0;2.0;17.0;A01
21063;201300013983;0;10;0;0.0;2.0;6.0;15.0;B01
21064;201300013984;0;7;0;0.0;1.0;3.0;15.0;A01
21065;201300013985;0;7;0;0.0;2.0;3.0;1.0;B01
21066;201300013985;0;7;0;0.0;2.0;5.0;15.0;A01
21067;201300013986;0;7;0;0.0;1.0;1.0;0.0;A01
21068;201300013988;0;7;0;0.0;2.0;8.0;15.0;A01
21069;201300013988;0;32;0;0.0;2.0;2.0;17.0;B01
21070;201300013989;0;7;0;0.0;2.0;8.0;2.0;B01
21071;201300013989;0;13;0;0.0;2.0;7.0;12.0;A01
21072;201300013990;0;34;0;0.0;2.0;1.0;1.0;A01
21073;201300013990;0;7;0;0.0;2.0;4.0;1.0;B01
21074;201300013991;0;33;0;0.0;2.0;1.0;1.0;B01
21075;201300013991;0;7;0;0.0;2.0;3.0;19.0;A01
21076;201300013993;0;7;0;13.0;0.0;2.0;1.0;A01
21077;201300013994;0;7;0;0.0;2.0;4.0;23.0;B01
21078;201300013994;0;7;0;0.0;2.0;1.0;1.0;A01
21079;201300013994;0;7;0;0.0;2.0;4.0;23.0;C01
21080;201300013994;0;7;0;0.0;2.0;4.0;23.0;D01
21081;201300013995;0;7;0;0.0;0.0;4.0;2.0;B01
21082;201300013995;0;10;0;0.0;0.0;1.0;2.0;A01
21083;201300013996;0;7;0;0.0;1.0;8.0;1.0;A01
21084;201300013998;0;7;0;0.0;2.0;4.0;1.0;B01
21085;201300013998;0;7;0;0.0;2.0;1.0;1.0;A01
21086;201300013999;0;7;0;0.0;2.0;1.0;1.0;A01
21087;201300013999;0;7;0;0.0;2.0;6.0;1.0;B01
21088;201300014000;0;7;0;0.0;2.0;3.0;0.0;A01
21089;201300014000;0;30;0;0.0;2.0;1.0;0.0;B01
21090;201300014001;0;7;0;8.0;0.0;1.0;0.0;A01
21091;201300014001;0;30;0;8.0;0.0;1.0;1.0;B01
21092;201300014002;1;7;0;0.0;2.0;0.0;0.0;Z01
21093;201300014002;0;2;0;0.0;2.0;0.0;1.0;B01
21094;201300014004;0;7;0;0.0;2.0;3.0;15.0;A01
21095;201300014004;0;32;0;0.0;2.0;1.0;0.0;B01
21096;201300014005;1;7;0;0.0;1.0;0.0;1.0;A01
21097;201300014006;0;7;0;0.0;2.0;2.0;15.0;A01
21098;201300014006;0;33;0;0.0;2.0;1.0;1.0;B01
21099;201300014007;0;7;0;2.0;0.0;2.0;14.0;A01
21100;201300014008;0;7;0;0.0;2.0;4.0;0.0;A01
21101;201300014008;0;7;0;0.0;0.0;1.0;0.0;B01
21102;201300014009;0;7;0;0.0;2.0;3.0;2.0;A01
21103;201300014009;0;7;0;0.0;2.0;5.0;2.0;B01
21104;201300014010;1;7;0;0.0;1.0;0.0;0.0;Z01
21105;201300014011;0;7;0;1.0;1.0;1.0;21.0;A01
21106;201300014012;0;32;0;0.0;2.0;1.0;21.0;B01
21107;201300014012;0;10;0;0.0;2.0;0.0;16.0;A01
21108;201300014012;0;10;0;0.0;2.0;1.0;5.0;C01
21109;201300014013;0;30;0;0.0;2.0;2.0;1.0;A01
21110;201300014013;0;7;0;0.0;2.0;3.0;15.0;B01
21111;201300014014;0;7;0;0.0;0.0;5.0;2.0;B01
21112;201300014014;0;37;8;0.0;2.0;3.0;21.0;A01
21113;201300014015;1;7;0;0.0;1.0;1.0;1.0;Z01
21114;201300014016;0;7;0;0.0;2.0;1.0;9.0;B01
21115;201300014016;0;7;0;0.0;2.0;3.0;9.0;A01
21116;201300014017;0;7;0;0.0;2.0;1.0;2.0;A01
21117;201300014017;0;7;0;0.0;0.0;4.0;2.0;B01
21118;201300014018;1;34;0;0.0;2.0;0.0;1.0;Z01
21119;201300014018;0;7;0;0.0;2.0;0.0;1.0;B01
21120;201300014020;0;1;0;0.0;2.0;0.0;1.0;A01
21121;201300014020;1;7;0;0.0;0.0;0.0;0.0;Z01
21122;201300014021;0;7;0;0.0;1.0;3.0;1.0;A01
21123;201300014022;0;7;0;0.0;2.0;1.0;2.0;A01
21124;201300014022;0;7;0;0.0;2.0;4.0;2.0;B01
21125;201300014022;0;7;0;0.0;0.0;4.0;2.0;C01
21126;201300014025;0;34;0;0.0;0.0;0.0;0.0;A01
21127;201300014026;0;7;0;0.0;1.0;5.0;4.0;A01
21128;201300014027;0;7;0;0.0;2.0;8.0;15.0;B01
21129;201300014027;0;32;0;0.0;2.0;1.0;17.0;A01
21130;201300014028;0;7;0;0.0;2.0;1.0;9.0;A01
21131;201300014028;0;33;0;0.0;2.0;7.0;1.0;B01
21132;201300014029;0;7;0;0.0;2.0;8.0;15.0;A01
21133;201300014029;0;31;0;0.0;2.0;1.0;17.0;B01
21134;201300014030;0;14;0;0.0;0.0;1.0;0.0;A01
21135;201300014030;0;7;0;0.0;0.0;4.0;0.0;B01
21136;201300014031;0;7;0;1.0;0.0;1.0;15.0;A01
21137;201300014032;1;7;0;0.0;2.0;0.0;0.0;Z01
21138;201300014032;0;30;0;0.0;2.0;0.0;0.0;A01
21139;201300014033;0;33;0;13.0;0.0;1.0;2.0;A01
21140;201300014034;0;7;0;0.0;2.0;8.0;9.0;A01
21141;201300014034;0;31;0;0.0;2.0;1.0;2.0;B01
21142;201300014035;0;7;0;0.0;2.0;7.0;1.0;B01
21143;201300014035;0;33;0;0.0;2.0;7.0;1.0;C01
21144;201300014035;1;99;0;0.0;0.0;0.0;0.0;Z01
21145;201300014036;0;7;0;0.0;0.0;4.0;1.0;B01
21146;201300014036;0;7;0;0.0;2.0;1.0;1.0;A01
21147;201300014037;0;32;0;0.0;2.0;0.0;0.0;B01
21148;201300014037;1;10;0;0.0;2.0;0.0;0.0;Z01
21149;201300014038;0;7;0;0.0;2.0;4.0;23.0;B01
21150;201300014038;1;7;0;0.0;2.0;1.0;1.0;Z01
21151;201300014039;0;7;0;0.0;0.0;7.0;2.0;C01
21152;201300014039;0;7;0;0.0;2.0;7.0;2.0;B01
21153;201300014039;0;7;0;0.0;2.0;4.0;4.0;A01
21154;201300014040;0;7;0;0.0;2.0;4.0;23.0;B01
21155;201300014040;1;7;0;0.0;2.0;1.0;1.0;Z01
21156;201300014041;0;33;0;0.0;0.0;9.0;1.0;A01
21157;201300014043;0;7;0;0.0;2.0;4.0;23.0;B01
21158;201300014043;0;32;0;0.0;2.0;1.0;1.0;A01
21159;201300014044;0;7;0;0.0;2.0;2.0;15.0;A01
21160;201300014044;0;7;0;0.0;2.0;3.0;1.0;B01
21161;201300014046;0;7;0;0.0;2.0;1.0;21.0;A01
21162;201300014046;0;7;0;0.0;2.0;8.0;23.0;B01
21163;201300014047;0;7;0;0.0;2.0;0.0;15.0;B01
21164;201300014047;0;30;0;0.0;2.0;1.0;17.0;A01
21165;201300014048;0;7;0;0.0;2.0;4.0;1.0;B01
21166;201300014048;1;7;0;0.0;2.0;1.0;1.0;Z01
21167;201300014049;0;33;0;0.0;2.0;1.0;1.0;A01
21168;201300014049;0;7;0;0.0;2.0;2.0;1.0;B01
21169;201300014050;0;33;0;0.0;2.0;7.0;1.0;B01
21170;201300014050;0;7;0;0.0;2.0;8.0;10.0;A01
21171;201300014051;0;13;0;0.0;2.0;7.0;12.0;A01
21172;201300014051;0;7;0;0.0;2.0;8.0;2.0;B01
21173;201300014052;0;7;0;0.0;0.0;4.0;23.0;B01
21174;201300014052;0;7;0;0.0;2.0;3.0;15.0;A01
21175;201300014053;0;34;0;0.0;0.0;1.0;17.0;A01
21176;201300014053;0;7;0;0.0;0.0;3.0;9.0;B01
21177;201300014054;0;7;0;0.0;2.0;2.0;9.0;A01
21178;201300014054;0;30;0;0.0;2.0;1.0;1.0;B01
21179;201300014055;0;10;0;0.0;2.0;3.0;2.0;A01
21180;201300014055;0;7;0;0.0;2.0;3.0;2.0;B01
21181;201300014056;0;7;0;0.0;1.0;2.0;17.0;A01
21182;201300014057;0;7;0;0.0;0.0;3.0;15.0;A01
21183;201300014057;0;30;0;0.0;2.0;2.0;1.0;B01
21184;201300014058;0;7;0;8.0;0.0;1.0;1.0;A01
21185;201300014059;1;37;0;0.0;1.0;0.0;1.0;Z01
21186;201300014060;1;33;0;0.0;1.0;0.0;0.0;Z01
21187;201300014061;1;30;0;0.0;1.0;1.0;2.0;Z01
21188;201300014062;0;32;0;0.0;0.0;4.0;2.0;B01
21189;201300014062;0;7;0;0.0;2.0;1.0;0.0;A01
21190;201300014063;0;13;0;0.0;1.0;6.0;1.0;A01
21191;201300014064;0;7;0;0.0;2.0;1.0;15.0;A01
21192;201300014064;0;7;0;0.0;2.0;2.0;0.0;B01
21193;201300014065;0;7;0;0.0;2.0;6.0;15.0;A01
21194;201300014065;0;7;0;0.0;2.0;3.0;1.0;B01
21195;201300014066;0;7;0;0.0;2.0;2.0;1.0;B01
21196;201300014066;0;32;0;0.0;2.0;1.0;1.0;A01
21197;201300014067;0;7;0;0.0;1.0;2.0;1.0;A01
21198;201300014068;0;2;0;0.0;2.0;4.0;2.0;B01
21199;201300014068;0;34;0;0.0;2.0;1.0;2.0;A01
21200;201300014069;0;7;0;0.0;1.0;2.0;2.0;A01
21201;201300014070;0;10;0;0.0;2.0;6.0;15.0;B01
21202;201300014070;0;33;0;0.0;2.0;1.0;17.0;A01
21203;201300014071;0;33;0;0.0;2.0;0.0;0.0;B01
21204;201300014071;0;2;0;0.0;2.0;0.0;0.0;A01
21205;201300014072;0;7;0;0.0;2.0;0.0;15.0;A01
21206;201300014072;0;34;0;0.0;2.0;0.0;17.0;B01
21207;201300014073;0;40;0;0.0;1.0;1.0;1.0;B01
21208;201300014074;0;7;0;0.0;2.0;1.0;1.0;B01
21209;201300014074;0;7;0;1.0;2.0;8.0;9.0;A01
21210;201300014075;0;33;0;0.0;2.0;1.0;2.0;A01
21211;201300014075;0;7;0;0.0;0.0;4.0;2.0;B01
21212;201300014076;0;7;0;0.0;2.0;3.0;1.0;C01
21213;201300014076;0;10;0;0.0;2.0;3.0;15.0;B01
21214;201300014076;0;30;0;0.0;2.0;2.0;17.0;A01
21215;201300014077;0;2;0;0.0;2.0;1.0;1.0;B01
21216;201300014077;0;7;0;0.0;2.0;2.0;15.0;A01
21217;201300014078;0;7;0;0.0;1.0;2.0;0.0;A01
21218;201300014079;0;7;0;0.0;2.0;8.0;11.0;A01
21219;201300014079;0;34;0;0.0;2.0;7.0;1.0;B01
21220;201300014080;0;7;0;0.0;1.0;2.0;1.0;A01
21221;201300014081;0;7;0;1.0;0.0;3.0;16.0;A01
21222;201300014082;0;7;0;0.0;2.0;3.0;15.0;A01
21223;201300014082;0;33;0;0.0;2.0;1.0;21.0;B01
21224;201300014083;1;7;0;0.0;1.0;1.0;1.0;Z01
21225;201300014085;0;7;0;0.0;0.0;4.0;1.0;D01
21226;201300014085;0;7;0;0.0;2.0;4.0;1.0;C01
21227;201300014085;0;7;0;0.0;2.0;4.0;1.0;B01
21228;201300014085;0;7;0;0.0;2.0;1.0;1.0;A01
21229;201300014086;0;31;0;0.0;1.0;1.0;1.0;A01
21230;201300014087;0;34;0;0.0;0.0;7.0;1.0;A01
21231;201300014088;0;33;0;0.0;2.0;7.0;1.0;B01
21232;201300014088;0;33;0;0.0;2.0;4.0;21.0;C01
21233;201300014088;2;7;0;0.0;2.0;8.0;20.0;A01
21234;201300014089;1;7;0;0.0;1.0;2.0;1.0;A01
21235;201300014090;0;33;0;0.0;2.0;8.0;1.0;B01
21236;201300014090;0;7;0;0.0;0.0;0.0;12.0;A01
21237;201300014091;0;33;0;0.0;2.0;1.0;1.0;A01
21238;201300014091;0;7;0;0.0;2.0;3.0;15.0;B01
21239;201300014092;0;7;0;0.0;2.0;2.0;9.0;A01
21240;201300014092;0;33;0;0.0;2.0;1.0;2.0;B01
21241;201300014093;0;7;0;0.0;0.0;8.0;0.0;A01
21242;201300014094;0;7;0;0.0;0.0;8.0;15.0;B01
21243;201300014094;0;32;0;0.0;2.0;1.0;17.0;A01
21244;201300014095;0;7;0;0.0;2.0;4.0;1.0;B01
21245;201300014095;1;7;0;0.0;2.0;1.0;1.0;Z01
21246;201300014096;0;33;0;0.0;2.0;5.0;20.0;B01
21247;201300014096;0;37;10;0.0;2.0;2.0;1.0;A01
21248;201300014097;0;2;0;0.0;2.0;1.0;1.0;B01
21249;201300014097;0;7;0;0.0;2.0;2.0;15.0;A01
21250;201300014098;0;7;0;0.0;2.0;2.0;1.0;B01
21251;201300014098;0;7;0;0.0;2.0;5.0;15.0;A01
21252;201300014099;0;7;0;0.0;2.0;2.0;15.0;A01