;Num_Acc;senc;catv;occutc;obs;obsm;choc;manv;num_veh
21674;201300014364;0;32;0;0.0;2.0;7.0;17.0;A01
21675;201300014365;1;99;0;0.0;1.0;0.0;0.0;Z01
21676;201300014366;0;7;0;0.0;2.0;0.0;0.0;A01
21677;201300014366;0;7;0;0.0;2.0;1.0;0.0;B01
21678;201300014367;0;7;0;0.0;1.0;0.0;0.0;A01
21679;201300014368;0;30;0;0.0;1.0;1.0;0.0;A01
21680;201300014369;0;7;0;0.0;0.0;4.0;2.0;B01
21681;201300014369;0;10;0;0.0;2.0;1.0;2.0;A01
21682;201300014371;0;33;0;0.0;2.0;1.0;0.0;A01
21683;201300014371;0;7;0;0.0;2.0;2.0;0.0;B01
21684;201300014372;1;7;0;0.0;2.0;0.0;5.0;Z01
21685;201300014372;0;31;0;0.0;2.0;0.0;1.0;B01
21686;201300014373;1;7;0;0.0;1.0;0.0;1.0;Z01
21687;201300014374;0;7;0;0.0;2.0;8.0;1.0;B01
21688;201300014374;1;7;0;0.0;2.0;1.0;8.0;Z01
21689;201300014375;0;7;0;0.0;1.0;8.0;1.0;A01
21690;201300014376;0;30;0;0.0;2.0;1.0;1.0;B01
21691;201300014376;0;7;0;0.0;2.0;3.0;17.0;A01
21692;201300014377;0;30;0;6.0;2.0;1.0;17.0;B01
21693;201300014377;0;7;0;0.0;2.0;3.0;10.0;A01
21694;201300014378;0;3;0;0.0;2.0;5.0;1.0;B01
21695;201300014378;0;32;0;0.0;2.0;0.0;2.0;A01
21696;201300014379;0;7;0;1.0;0.0;1.0;14.0;A01
21697;201300014380;0;34;0;0.0;2.0;1.0;13.0;A01
21698;201300014380;0;32;0;0.0;2.0;1.0;13.0;B01
21699;201300014381;0;7;0;6.0;0.0;1.0;0.0;A01
21700;201300014382;0;7;0;0.0;1.0;2.0;16.0;A01
21701;201300014384;0;7;0;0.0;1.0;4.0;4.0;A01
21702;201300014385;0;7;0;0.0;2.0;0.0;21.0;B01
21703;201300014385;1;34;0;0.0;2.0;0.0;9.0;Z01
21704;201300014386;1;7;0;0.0;2.0;7.0;23.0;Z01
21705;201300014386;0;33;0;0.0;2.0;1.0;1.0;B01
21706;201300014387;1;7;0;0.0;2.0;1.0;1.0;Z01
21707;201300014387;0;7;0;0.0;2.0;1.0;1.0;B01
21708;201300014389;1;30;0;0.0;1.0;0.0;2.0;A01
21709;201300014390;1;7;0;0.0;2.0;1.0;1.0;Z01
21710;201300014390;0;31;0;0.0;2.0;0.0;1.0;B01
21711;201300014391;0;7;0;0.0;2.0;3.0;15.0;B01
21712;201300014391;0;33;0;0.0;2.0;3.0;17.0;A01
21713;201300014392;1;31;0;0.0;1.0;1.0;1.0;Z01
21714;201300014393;0;7;0;0.0;2.0;5.0;10.0;A01
21715;201300014393;0;7;0;0.0;2.0;1.0;0.0;B01
21716;201300014394;0;7;0;0.0;2.0;8.0;11.0;A01
21717;201300014394;0;33;0;0.0;2.0;7.0;1.0;B01
21718;201300014395;0;30;0;0.0;2.0;1.0;1.0;B01
21719;201300014395;0;7;0;0.0;2.0;2.0;1.0;A01
21720;201300014396;0;7;0;0.0;2.0;4.0;2.0;B01
21721;201300014396;0;30;0;0.0;2.0;1.0;2.0;A01
21722;201300014397;0;31;0;0.0;2.0;1.0;2.0;A01
21723;201300014397;0;7;0;0.0;2.0;6.0;2.0;B01
21724;201300014398;0;7;0;0.0;0.0;4.0;1.0;C01
21725;201300014398;0;7;0;1.0;2.0;5.0;1.0;B01
21726;201300014398;0;7;0;0.0;2.0;1.0;1.0;A01
21727;201300014399;0;7;0;0.0;0.0;3.0;10.0;A01
21728;201300014399;0;33;0;0.0;2.0;8.0;1.0;B01
21729;201300014400;0;7;0;0.0;1.0;2.0;1.0;A01
21730;201300014402;0;7;0;0.0;2.0;4.0;1.0;B01
21731;201300014402;0;37;3;0.0;2.0;1.0;1.0;A01
21732;201300014403;0;7;0;0.0;2.0;2.0;16.0;B01
21733;201300014403;0;7;0;0.0;2.0;2.0;2.0;A01
21734;201300014404;0;34;0;0.0;2.0;1.0;13.0;B01
21735;201300014404;0;7;0;0.0;2.0;5.0;13.0;A01
21736;201300014405;0;7;0;0.0;2.0;1.0;1.0;B01
21737;201300014405;0;7;0;0.0;2.0;3.0;1.0;A01
21738;201300014406;0;7;0;0.0;2.0;3.0;2.0;B01
21739;201300014406;0;7;0;0.0;2.0;2.0;2.0;A01
21740;201300014407;0;1;0;0.0;2.0;1.0;1.0;B01
21741;201300014407;0;7;0;0.0;9.0;7.0;11.0;A01
21742;201300014408;0;2;0;0.0;2.0;2.0;1.0;B01
21743;201300014408;0;30;0;0.0;2.0;2.0;15.0;A01
21744;201300014409;0;7;0;0.0;2.0;4.0;1.0;A01
21745;201300014409;1;7;0;0.0;2.0;1.0;1.0;Z01
21746;201300014410;1;7;0;0.0;1.0;0.0;1.0;Z01
21747;201300014411;0;7;0;0.0;1.0;7.0;14.0;A01
21748;201300014412;0;1;0;0.0;2.0;1.0;1.0;A01
21749;201300014412;0;7;0;0.0;0.0;4.0;1.0;B01
21750;201300014413;0;37;1;0.0;2.0;1.0;23.0;G02
21751;201300014413;0;7;0;0.0;2.0;4.0;23.0;F02
21752;201300014413;0;7;0;0.0;2.0;1.0;2.0;A01
21753;201300014413;0;7;0;0.0;2.0;4.0;23.0;C01
21754;201300014413;0;7;0;0.0;2.0;4.0;23.0;D01
21755;201300014413;0;7;0;0.0;2.0;4.0;23.0;E01
21756;201300014413;0;7;0;0.0;2.0;4.0;23.0;B01
21757;201300014414;0;2;0;0.0;2.0;1.0;1.0;A01
21758;201300014414;0;7;0;0.0;2.0;0.0;15.0;B01
21759;201300014415;0;34;0;0.0;2.0;1.0;1.0;A01
21760;201300014415;1;15;0;0.0;2.0;0.0;0.0;Z01
21761;201300014416;1;7;0;0.0;1.0;0.0;0.0;A01
21762;201300014417;0;7;0;0.0;2.0;2.0;1.0;A01
21763;201300014417;0;7;0;0.0;2.0;1.0;15.0;B01
21764;201300014418;0;13;0;0.0;2.0;0.0;12.0;A01
21765;201300014418;0;30;0;0.0;2.0;2.0;21.0;B01
21766;201300014419;0;7;0;0.0;1.0;2.0;16.0;A01
21767;201300014420;0;7;0;0.0;2.0;6.0;10.0;A01
21768;201300014420;0;33;0;0.0;2.0;1.0;1.0;B01
21769;201300014422;0;3;0;0.0;2.0;3.0;15.0;B01
21770;201300014422;0;7;0;0.0;2.0;3.0;15.0;A01
21771;201300014423;0;33;0;0.0;2.0;2.0;13.0;A01
21772;201300014423;0;7;0;0.0;2.0;2.0;0.0;B01
21773;201300014424;0;14;0;12.0;2.0;7.0;11.0;A01
21774;201300014426;1;7;0;0.0;1.0;2.0;16.0;A01
21775;201300014427;0;34;0;0.0;2.0;1.0;1.0;B01
21776;201300014427;0;7;0;0.0;2.0;2.0;1.0;A01
21777;201300014429;0;32;0;0.0;2.0;1.0;1.0;B01
21778;201300014429;1;10;0;0.0;2.0;1.0;19.0;Z01
21779;201300014430;0;7;0;0.0;2.0;3.0;1.0;B01
21780;201300014430;0;7;0;0.0;2.0;2.0;9.0;A01
21781;201300014431;0;7;0;0.0;2.0;1.0;1.0;A01
21782;201300014431;0;10;0;0.0;2.0;4.0;23.0;B01
21783;201300014432;0;3;0;1.0;1.0;1.0;2.0;A01
21784;201300014433;0;33;0;0.0;2.0;0.0;1.0;A01
21785;201300014433;0;7;0;0.0;2.0;0.0;0.0;B01
21786;201300014435;0;34;0;0.0;2.0;7.0;2.0;B01
21787;201300014435;0;7;0;0.0;2.0;8.0;2.0;A01
21788;201300014436;0;7;0;0.0;2.0;4.0;2.0;B01
21789;201300014436;2;7;0;0.0;2.0;1.0;2.0;Z01
21790;201300014440;0;7;0;0.0;2.0;3.0;0.0;A01
21791;201300014440;0;32;0;0.0;2.0;1.0;1.0;B01
21792;201300014441;0;7;0;0.0;2.0;8.0;15.0;A01
21793;201300014441;0;7;0;0.0;2.0;3.0;1.0;B01
21794;201300014442;1;7;0;0.0;1.0;0.0;0.0;Z01
21795;201300014443;0;7;0;0.0;2.0;7.0;12.0;A01
21796;201300014443;0;33;0;0.0;2.0;8.0;18.0;B01
21797;201300014444;0;34;0;0.0;1.0;1.0;17.0;A01
21798;201300014445;0;7;0;8.0;0.0;2.0;0.0;A01
21799;201300014446;0;7;0;0.0;2.0;9.0;1.0;B01
21800;201300014446;1;7;0;0.0;0.0;;;Z01
21801;201300014446;0;7;0;0.0;2.0;5.0;1.0;C01
21802;201300014447;0;7;0;0.0;2.0;1.0;15.0;A01
21803;201300014447;0;32;0;0.0;0.0;7.0;17.0;B01
21804;201300014448;0;10;0;0.0;0.0;1.0;0.0;A01
21805;201300014449;0;7;0;0.0;2.0;6.0;2.0;B01
21806;201300014449;0;7;0;0.0;2.0;2.0;2.0;A01
21807;201300014450;0;37;0;0.0;1.0;5.0;0.0;A01
21808;201300014451;0;32;0;0.0;0.0;4.0;2.0;A01
21809;201300014452;0;1;0;0.0;2.0;1.0;9.0;A01
21810;201300014452;0;7;0;0.0;2.0;2.0;1.0;B01
21811;201300014453;0;33;0;0.0;2.0;1.0;1.0;B01
21812;201300014453;0;7;0;0.0;2.0;8.0;10.0;A01
21813;201300014454;0;7;0;0.0;2.0;2.0;1.0;B01
21814;201300014454;0;7;0;0.0;2.0;1.0;16.0;A01
21815;201300014456;0;7;0;0.0;0.0;4.0;23.0;B01
21816;201300014456;0;2;0;0.0;0.0;1.0;2.0;A01
21817;201300014457;0;10;0;8.0;2.0;1.0;0.0;A01
21818;201300014457;0;7;0;0.0;2.0;7.0;2.0;B01
21819;201300014458;0;7;0;0.0;2.0;4.0;6.0;A01
21820;201300014458;0;7;0;0.0;2.0;2.0;1.0;B01
21821;201300014459;0;33;0;0.0;2.0;1.0;0.0;A01
21822;201300014459;0;7;0;0.0;2.0;4.0;2.0;B01
21823;201300014460;0;7;0;0.0;0.0;0.0;15.0;A01
21824;201300014460;0;33;0;0.0;2.0;0.0;21.0;B01
21825;201300014461;0;2;0;1.0;0.0;1.0;1.0;A01
21826;201300014462;0;1;0;1.0;0.0;1.0;1.0;B01
21827;201300014462;0;7;0;0.0;2.0;8.0;24.0;A01
21828;201300014463;0;7;0;0.0;0.0;2.0;0.0;A01
21829;201300014463;0;34;0;0.0;2.0;1.0;0.0;B01
21830;201300014464;0;7;0;8.0;0.0;1.0;1.0;A01
21831;201300014465;0;33;0;0.0;2.0;1.0;2.0;A01
21832;201300014465;0;7;0;0.0;2.0;4.0;2.0;B01
21833;201300014466;0;33;0;0.0;2.0;3.0;1.0;B01
21834;201300014466;0;7;0;0.0;2.0;3.0;2.0;A01
21835;201300014468;0;7;0;0.0;1.0;4.0;2.0;A01
21836;201300014469;0;7;0;0.0;1.0;3.0;4.0;A01
21837;201300014470;0;7;0;0.0;2.0;0.0;0.0;A01
21838;201300014470;0;7;0;0.0;2.0;2.0;0.0;B01
21839;201300014471;0;34;0;0.0;2.0;7.0;2.0;B01
21840;201300014471;0;7;0;0.0;2.0;6.0;9.0;A01
21841;201300014472;1;7;0;0.0;1.0;2.0;1.0;Z01
21842;201300014473;0;7;0;0.0;2.0;7.0;1.0;B01
21843;201300014473;0;7;0;0.0;2.0;3.0;13.0;A01
21844;201300014474;0;33;0;0.0;0.0;7.0;21.0;A01
21845;201300014475;1;7;0;0.0;1.0;0.0;0.0;Z01
21846;201300014476;0;32;0;0.0;2.0;1.0;1.0;B01
21847;201300014476;0;7;0;0.0;2.0;3.0;15.0;A01
21848;201300014477;0;7;0;0.0;1.0;8.0;0.0;A01
21849;201300014478;0;2;0;0.0;4.0;1.0;10.0;A01
21850;201300014478;0;40;0;0.0;2.0;3.0;0.0;T01
21851;201300014479;0;34;0;0.0;2.0;3.0;2.0;A01
21852;201300014479;0;30;0;0.0;2.0;5.0;0.0;B01
21853;201300014480;0;7;0;0.0;2.0;4.0;1.0;B01
21854;201300014480;0;7;0;0.0;2.0;1.0;1.0;A01
21855;201300014481;0;7;0;0.0;2.0;8.0;15.0;B01
21856;201300014481;0;30;0;0.0;2.0;7.0;17.0;A01
21857;201300014482;0;31;0;0.0;2.0;2.0;12.0;A01
21858;201300014482;0;7;0;0.0;2.0;6.0;1.0;B01
21859;201300014483;0;33;0;0.0;2.0;0.0;1.0;B01
21860;201300014483;0;7;0;0.0;2.0;1.0;15.0;A01
21861;201300014484;0;7;0;0.0;2.0;4.0;1.0;A01
21862;201300014484;1;7;0;0.0;2.0;1.0;1.0;Z01
21863;201300014485;0;7;0;0.0;2.0;7.0;16.0;A01
21864;201300014485;0;7;0;0.0;2.0;3.0;2.0;B01
21865;201300014486;0;7;0;1.0;2.0;1.0;2.0;B01
21866;201300014486;0;7;0;0.0;2.0;3.0;2.0;C01
21867;201300014486;0;7;0;0.0;2.0;6.0;21.0;A01
21868;201300014487;1;7;0;0.0;2.0;0.0;0.0;Z01
21869;201300014487;0;7;0;0.0;2.0;4.0;22.0;B01
21870;201300014488;0;30;0;0.0;2.0;1.0;17.0;A01
21871;201300014488;0;7;0;0.0;2.0;3.0;15.0;B01
21872;201300014490;0;7;0;0.0;2.0;7.0;1.0;B01
21873;201300014490;0;2;0;0.0;2.0;1.0;16.0;A01
21874;201300014492;0;37;1;0.0;1.0;0.0;0.0;A01
21875;201300014493;0;32;0;0.0;1.0;1.0;1.0;A01
21876;201300014494;0;7;0;0.0;0.0;5.0;2.0;B01
21877;201300014494;0;30;0;0.0;0.0;1.0;2.0;A01
21878;201300014496;0;7;0;0.0;1.0;4.0;0.0;A01
21879;201300014497;0;1;0;0.0;0.0;1.0;2.0;B01
21880;201300014497;0;7;0;0.0;0.0;0.0;24.0;A01
21881;201300014498;0;7;0;0.0;2.0;2.0;1.0;B01
21882;201300014498;0;7;0;0.0;2.0;8.0;11.0;A01
21883;201300014499;0;30;0;0.0;2.0;1.0;2.0;B01
21884;201300014499;0;7;0;0.0;2.0;3.0;19.0;A01
21885;201300014500;1;7;0;0.0;2.0;0.0;0.0;Z01
21886;201300014500;0;2;0;0.0;0.0;4.0;11.0;A01
21887;201300014502;0;7;0;0.0;1.0;1.0;1.0;A01
21888;201300014503;1;10;0;0.0;2.0;0.0;0.0;Z01
21889;201300014503;0;2;0;0.0;2.0;0.0;13.0;B01
21890;201300014504;1;7;0;0.0;1.0;0.0;1.0;Z01
21891;201300014505;1;99;0;0.0;1.0;1.0;0.0;Z01
21892;201300014506;0;7;0;0.0;2.0;3.0;13.0;A01
21893;201300014506;0;7;0;1.0;2.0;9.0;1.0;B01
21894;201300014507;0;30;0;0.0;4.0;4.0;23.0;B01
21895;201300014507;0;7;0;0.0;2.0;1.0;1.0;C01
21896;201300014507;1;7;0;0.0;2.0;0.0;0.0;Z01
21897;201300014508;0;34;0;0.0;2.0;4.0;11.0;B01
21898;201300014508;0;7;0;0.0;2.0;2.0;1.0;A01
21899;201300014511;0;33;0;0.0;0.0;0.0;0.0;B01
21900;201300014511;0;7;0;0.0;0.0;1.0;9.0;A01
21901;201300014512;1;7;0;0.0;1.0;0.0;0.0;Z01
21902;201300014514;0;33;0;0.0;2.0;1.0;17.0;B01
21903;201300014514;0;7;0;0.0;2.0;3.0;15.0;A01
21904;201300014515;0;7;0;0.0;2.0;1.0;2.0;A01
21905;201300014515;0;7;0;0.0;2.0;4.0;2.0;B01
21906;201300014516;0;1;0;9.0;0.0;0.0;1.0;A01
21907;201300014517;1;2;0;0.0;1.0;1.0;1.0;Z01
21908;201300014518;0;7;0;0.0;1.0;6.0;2.0;A01
21909;201300014519;0;7;0;0.0;2.0;8.0;10.0;A01
21910;201300014519;0;30;0;0.0;2.0;1.0;1.0;B01
21911;201300014520;1;7;0;0.0;1.0;1.0;16.0;Z01
21912;201300014521;0;7;0;0.0;2.0;2.0;10.0;A01
21913;201300014521;0;33;0;0.0;2.0;8.0;0.0;B01
21914;201300014522;0;7;0;0.0;2.0;4.0;1.0;B01
21915;201300014522;0;33;0;0.0;2.0;1.0;2.0;A01
21916;201300014523;0;7;0;0.0;2.0;1.0;1.0;B01
21917;201300014523;0;7;0;0.0;2.0;1.0;1.0;A01
21918;201300014523;0;7;0;0.0;2.0;4.0;1.0;C01
21919;201300014524;0;7;0;0.0;0.0;2.0;1.0;B01
21920;201300014524;0;10;0;0.0;0.0;3.0;9.0;A01
21921;201300014525;0;7;0;0.0;1.0;1.0;2.0;A01
21922;201300014526;0;7;0;0.0;2.0;8.0;1.0;B01
21923;201300014526;0;7;0;0.0;2.0;1.0;1.0;A01
21924;201300014527;0;7;0;0.0;2.0;1.0;2.0;A01
21925;201300014527;0;7;0;0.0;1.0;4.0;2.0;B01
21926;201300014528;0;7;0;9.0;0.0;1.0;1.0;A01
21927;201300014529;0;7;0;0.0;0.0;9.0;2.0;A01
21928;201300014530;0;7;0;0.0;2.0;3.0;9.0;A01
21929;201300014530;0;31;0;0.0;2.0;3.0;1.0;B01
21930;201300014531;0;7;0;0.0;2.0;8.0;11.0;A01
21931;201300014531;0;10;0;0.0;2.0;2.0;1.0;B01
21932;201300014532;0;7;0;0.0;1.0;8.0;1.0;A01
21933;201300014533;0;7;0;1.0;0.0;4.0;1.0;B01
21934;201300014533;0;30;0;0.0;2.0;1.0;1.0;A01
21935;201300014534;1;7;0;0.0;1.0;1.0;1.0;Z01
21936;201300014535;1;7;0;0.0;2.0;0.0;2.0;Z01
21937;201300014535;0;2;0;0.0;2.0;2.0;1.0;A01
21938;201300014536;0;7;0;0.0;2.0;1.0;1.0;B01
21939;201300014536;1;7;0;0.0;2.0;4.0;4.0;Z01
21940;201300014537;0;7;0;0.0;2.0;2.0;1.0;B01
21941;201300014537;1;7;0;0.0;2.0;1.0;9.0;Z01
21942;201300014538;0;7;0;0.0;2.0;8.0;15.0;B01
21943;201300014538;2;7;0;1.0;2.0;2.0;17.0;A01
21944;201300014539;1;7;0;1.0;0.0;2.0;14.0;Z01
21945;201300014539;0;10;0;0.0;2.0;4.0;24.0;C01
21946;201300014539;0;7;0;0.0;2.0;6.0;24.0;B01
21947;201300014541;0;7;0;0.0;0.0;3.0;15.0;B01
21948;201300014541;0;32;0;0.0;2.0;1.0;17.0;A01
21949;201300014542;0;7;0;0.0;2.0;2.0;1.0;A01
21950;201300014542;0;7;0;0.0;0.0;6.0;0.0;B01
21951;201300014543;0;7;0;0.0;2.0;1.0;2.0;B01
21952;201300014543;0;7;0;0.0;2.0;1.0;13.0;A01
21953;201300014548;0;33;0;0.0;2.0;2.0;1.0;A01
21954;201300014548;0;7;0;0.0;2.0;3.0;9.0;B01
21955;201300014549;0;7;0;0.0;2.0;2.0;1.0;A01
21956;201300014549;0;30;0;0.0;2.0;1.0;1.0;B01
21957;201300014550;0;7;0;0.0;1.0;0.0;9.0;A01
21958;201300014551;0;1;0;0.0;2.0;2.0;0.0;B01
21959;201300014551;0;7;0;0.0;9.0;0.0;6.0;A01
21960;201300014552;0;7;0;0.0;2.0;3.0;1.0;A01
21961;201300014552;0;3;0;0.0;2.0;6.0;19.0;B01
21962;201300014553;0;7;0;0.0;0.0;7.0;0.0;B01
21963;201300014553;0;7;0;0.0;1.0;3.0;0.0;A01
21964;201300014554;0;7;0;0.0;2.0;3.0;1.0;B01
21965;201300014554;0;7;0;0.0;2.0;2.0;9.0;A01
21966;201300014555;0;7;0;0.0;2.0;5.0;16.0;B01
21967;201300014555;0;7;0;0.0;2.0;3.0;16.0;A01
21968;201300014556;0;7;0;0.0;0.0;1.0;0.0;A01
21969;201300014556;0;30;0;0.0;0.0;6.0;0.0;B01
21970;201300014557;1;30;0;0.0;1.0;2.0;1.0;A01
21971;201300014558;0;2;0;0.0;0.0;0.0;0.0;A01
21972;201300014559;0;33;0;0.0;2.0;1.0;1.0;A01
21973;201300014559;0;7;0;0.0;2.0;7.0;15.0;B01
21974;201300014560;0;7;0;0.0;2.0;3.0;9.0;A01
21975;201300014560;0;34;0;0.0;2.0;1.0;3.0;B01
21976;201300014561;0;7;0;8.0;0.0;8.0;0.0;A01
21977;201300014562;0;7;0;0.0;2.0;2.0;1.0;A01
21978;201300014562;0;7;0;0.0;2.0;1.0;0.0;B01
21979;201300014563;0;7;0;0.0;2.0;1.0;1.0;C01
21980;201300014563;0;7;0;0.0;2.0;2.0;19.0;A01
21981;201300014563;0;7;0;0.0;2.0;1.0;1.0;B01
21982;201300014564;0;10;0;0.0;2.0;4.0;14.0;A01
21983;201300014564;0;32;0;0.0;2.0;8.0;1.0;B01
21984;201300014565;0;7;0;0.0;1.0;1.0;1.0;A01
21985;201300014566;0;7;0;0.0;2.0;3.0;15.0;A01
21986;201300014566;0;32;0;0.0;2.0;1.0;1.0;B01
21987;201300014567;0;7;0;0.0;2.0;3.0;16.0;B01
21988;201300014567;0;7;0;0.0;2.0;2.0;15.0;A01
21989;201300014568;0;31;0;0.0;0.0;1.0;1.0;B01
21990;201300014568;0;7;0;0.0;0.0;1.0;23.0;A01
21991;201300014569;0;7;0;13.0;0.0;1.0;1.0;A01
21992;201300014570;0;7;0;0.0;2.0;3.0;2.0;B01
21993;201300014570;0;7;0;0.0;2.0;2.0;2.0;A01
21994;201300014570;0;7;0;0.0;2.0;4.0;15.0;C01
21995;201300014570;0;7;0;0.0;0.0;6.0;1.0;D01
21996;201300014571;0;7;0;1.0;0.0;3.0;1.0;A01
21997;201300014572;0;7;0;0.0;2.0;2.0;0.0;A01
21998;201300014572;0;7;0;0.0;2.0;2.0;0.0;B01
21999;201300014573;0;7;0;0.0;2.0;3.0;15.0;A01
22000;201300014573;0;7;0;0.0;2.0;1.0;1.0;B01
22001;201300014574;0;33;0;0.0;2.0;1.0;1.0;B01
22002;201300014574;0;7;0;0.0;2.0;6.0;1.0;A01
22003;201300014575;0;32;0;0.0;0.0;0.0;2.0;B01
22004;201300014575;0;7;0;0.0;9.0;3.0;2.0;A01
22005;201300014576;0;7;0;0.0;2.0;1.0;1.0;A01
22006;201300014576;0;7;0;1.0;2.0;5.0;1.0;B01
22007;201300014577;0;33;0;0.0;2.0;1.0;1.0;B01
22008;201300014577;0;7;0;0.0;2.0;2.0;16.0;A01
22009;201300014578;1;99;0;0.0;1.0;2.0;0.0;A01
22010;201300014579;0;10;0;14.0;0.0;2.0;0.0;A01
22011;201300014580;0;7;0;0.0;2.0;3.0;10.0;A01
22012;201300014580;0;34;0;0.0;2.0;1.0;1.0;B01
22013;201300014581;0;7;0;1.0;1.0;7.0;0.0;A01
22014;201300014582;0;7;0;0.0;2.0;9.0;1.0;B01
22015;201300014582;0;14;0;0.0;2.0;1.0;1.0;A01
22016;201300014582;0;13;0;0.0;2.0;4.0;0.0;C01
22017;201300014583;0;7;0;0.0;2.0;7.0;15.0;B01
22018;201300014583;0;33;0;0.0;2.0;1.0;8.0;A01
22019;201300014584;0;30;0;0.0;0.0;0.0;0.0;A01
22020;201300014585;1;7;0;0.0;1.0;0.0;1.0;Z01
22021;201300014586;0;7;0;0.0;2.0;8.0;11.0;A01
22022;201300014586;0;34;0;0.0;2.0;2.0;1.0;B01
22023;201300014587;0;34;0;0.0;2.0;7.0;1.0;B01
22024;201300014587;0;7;0;0.0;2.0;3.0;19.0;A01
22025;201300014588;0;13;0;0.0;2.0;1.0;1.0;B01
22026;201300014588;0;7;0;0.0;2.0;4.0;1.0;A01
22027;201300014589;0;7;0;0.0;2.0;4.0;23.0;B01
22028;201300014589;1;7;0;0.0;2.0;1.0;2.0;Z01
22029;201300014590;1;7;0;0.0;2.0;1.0;2.0;Z01
22030;201300014590;0;7;0;0.0;2.0;4.0;22.0;B01
22031;201300014591;0;7;0;0.0;1.0;8.0;1.0;A01
22032;201300014592;0;32;0;1.0;0.0;1.0;1.0;A01
22033;201300014593;0;7;0;0.0;1.0;0.0;0.0;A01
22034;201300014594;0;7;0;0.0;9.0;8.0;0.0;A01
22035;201300014594;0;17;0;0.0;2.0;2.0;0.0;B01
22036;201300014595;0;2;0;0.0;0.0;1.0;0.0;A01
22037;201300014595;0;7;0;0.0;0.0;4.0;0.0;B01
22038;201300014596;0;10;0;0.0;2.0;0.0;15.0;A01
22039;201300014596;0;33;0;0.0;0.0;0.0;1.0;B01
22040;201300014597;0;10;0;0.0;2.0;3.0;11.0;B01
22041;201300014597;0;33;0;0.0;2.0;1.0;1.0;A01
22042;201300014598;0;30;0;6.0;0.0;1.0;1.0;A01
22043;201300014599;0;7;0;2.0;0.0;1.0;1.0;A01
22044;201300014600;1;7;0;0.0;0.0;1.0;1.0;A01
22045;201300014601;0;7;0;0.0;1.0;0.0;0.0;A01
22046;201300014602;0;7;0;0.0;2.0;0.0;9.0;A01
22047;201300014602;0;2;0;0.0;2.0;0.0;1.0;B01
22048;201300014603;1;7;0;0.0;2.0;1.0;5.0;Z01
22049;201300014603;0;7;0;0.0;2.0;1.0;1.0;B01
22050;201300014604;0;7;0;0.0;2.0;8.0;15.0;B01
22051;201300014604;0;34;0;6.0;2.0;1.0;17.0;A01
22052;201300014605;0;7;0;0.0;2.0;3.0;2.0;A01
22053;201300014605;0;7;0;1.0;2.0;8.0;1.0;B01
22054;201300014606;0;7;0;0.0;0.0;0.0;15.0;A01
22055;201300014606;0;2;0;8.0;0.0;1.0;2.0;B01
22056;201300014607;0;7;0;0.0;1.0;1.0;0.0;A01
22057;201300014608;0;34;0;1.0;0.0;3.0;18.0;A01
22058;201300014608;0;7;0;0.0;2.0;5.0;22.0;B01
22059;201300014609;0;33;0;12.0;0.0;2.0;0.0;A01
22060;201300014610;0;7;0;0.0;2.0;4.0;0.0;B01
22061;201300014610;0;7;0;0.0;2.0;1.0;1.0;A01
22062;201300014611;0;37;1;0.0;1.0;7.0;1.0;A01
22063;201300014612;0;30;0;0.0;0.0;7.0;17.0;B01
22064;201300014612;0;7;0;0.0;0.0;8.0;15.0;A01
22065;201300014613;1;7;0;0.0;1.0;0.0;0.0;Z01
22066;201300014614;1;7;0;0.0;1.0;1.0;1.0;Z01
22067;201300014615;0;30;0;0.0;2.0;1.0;1.0;B01
22068;201300014615;0;7;0;0.0;2.0;3.0;17.0;A01
22069;201300014616;0;30;0;0.0;2.0;8.0;17.0;A01
22070;201300014616;0;7;0;0.0;2.0;8.0;1.0;B01
22071;201300014618;0;7;0;0.0;2.0;1.0;1.0;A01
22072;201300014618;0;7;0;0.0;2.0;7.0;1.0;B01
22073;201300014619;0;7;0;0.0;2.0;6.0;2.0;B01
22074;201300014619;0;7;0;0.0;0.0;1.0;2.0;A01
22075;201300014620;1;7;0;0.0;1.0;0.0;0.0;Z01
22076;201300014621;0;7;0;0.0;1.0;2.0;1.0;A01
22077;201300014622;0;7;0;0.0;0.0;0.0;15.0;A01
22078;201300014622;0;32;0;0.0;0.0;0.0;1.0;B01
22079;201300014623;1;33;0;0.0;1.0;1.0;1.0;Z01
22080;201300014624;0;7;0;0.0;2.0;1.0;1.0;B01
22081;201300014624;2;7;0;0.0;2.0;1.0;0.0;A01
22082;201300014625;0;7;0;0.0;2.0;4.0;0.0;B01
22083;201300014625;0;7;0;0.0;2.0;1.0;0.0;A01
22084;201300014626;0;7;0;0.0;0.0;8.0;1.0;B01
22085;201300014626;0;32;0;0.0;0.0;7.0;12.0;A01
22086;201300014628;0;7;0;0.0;2.0;1.0;2.0;A01
22087;201300014628;0;7;0;0.0;2.0;4.0;2.0;B01
22088;201300014629;0;30;0;0.0;0.0;0.0;1.0;A01
22089;201300014630;0;7;0;0.0;2.0;3.0;5.0;A01
22090;201300014630;0;7;0;0.0;2.0;2.0;5.0;B01
22091;201300014631;2;7;0;0.0;0.0;1.0;1.0;Z01
22092;201300014631;0;7;0;0.0;0.0;6.0;2.0;B01
22093;201300014632;0;1;0;0.0;2.0;8.0;13.0;A01
22094;201300014632;0;7;0;0.0;2.0;5.0;17.0;B01
22095;201300014633;0;2;0;16.0;0.0;7.0;1.0;A01