;Num_Acc;senc;catv;occutc;obs;obsm;choc;manv;num_veh
22096;201300014634;0;7;0;0.0;1.0;4.0;20.0;A01
22097;201300014635;0;33;0;0.0;0.0;7.0;0.0;A01
22098;201300014636;0;30;0;0.0;2.0;2.0;0.0;A01
22099;201300014636;0;7;0;0.0;2.0;3.0;0.0;B01
22100;201300014638;0;7;0;0.0;2.0;1.0;21.0;A01
22101;201300014638;0;7;0;0.0;2.0;1.0;1.0;B01
22102;201300014639;0;32;0;0.0;2.0;1.0;1.0;B01
22103;201300014639;0;7;0;0.0;2.0;2.0;11.0;A01
22104;201300014640;0;7;0;0.0;2.0;2.0;1.0;B01
22105;201300014640;0;7;0;0.0;0.0;3.0;9.0;A01
22106;201300014641;0;7;0;0.0;1.0;3.0;15.0;A01
22107;201300014642;0;10;0;0.0;2.0;1.0;3.0;B01
22108;201300014642;0;7;0;0.0;0.0;7.0;5.0;A01
22109;201300014643;0;34;0;0.0;2.0;1.0;1.0;B01
22110;201300014643;0;7;0;0.0;2.0;6.0;0.0;A01
22111;201300014644;0;2;0;0.0;0.0;0.0;2.0;A01
22112;201300014645;0;32;0;0.0;2.0;1.0;19.0;A01
22113;201300014645;0;15;0;0.0;2.0;2.0;16.0;B01
22114;201300014646;1;7;0;0.0;2.0;1.0;1.0;Z01
22115;201300014646;0;31;0;0.0;2.0;8.0;1.0;B01
22116;201300014647;0;7;0;0.0;2.0;2.0;1.0;A01
22117;201300014647;0;7;0;0.0;2.0;3.0;16.0;B01
22118;201300014648;0;33;0;0.0;2.0;1.0;1.0;B01
22119;201300014648;0;7;0;0.0;2.0;5.0;1.0;A01
22120;201300014649;0;10;0;0.0;9.0;1.0;15.0;A01
22121;201300014649;0;34;0;0.0;0.0;1.0;2.0;B01
22122;201300014650;0;7;0;0.0;2.0;3.0;19.0;B01
22123;201300014650;0;33;0;0.0;2.0;1.0;21.0;A01
22124;201300014651;0;30;0;0.0;2.0;7.0;1.0;A01
22125;201300014651;1;7;0;0.0;2.0;8.0;10.0;Z01
22126;201300014652;0;7;0;0.0;2.0;0.0;0.0;A01
22127;201300014652;0;7;0;0.0;2.0;0.0;0.0;Z01
22128;201300014653;0;7;0;0.0;2.0;6.0;15.0;B01
22129;201300014653;0;7;0;0.0;2.0;2.0;16.0;A01
22130;201300014654;0;7;0;0.0;2.0;2.0;1.0;A01
22131;201300014654;0;33;0;0.0;2.0;1.0;1.0;B01
22132;201300014656;0;7;0;0.0;2.0;8.0;23.0;B01
22133;201300014656;0;7;0;0.0;2.0;1.0;16.0;A01
22134;201300014656;0;7;0;0.0;2.0;3.0;23.0;C01
22135;201300014657;0;10;0;0.0;2.0;8.0;11.0;A01
22136;201300014657;0;34;0;0.0;2.0;2.0;1.0;B01
22137;201300014658;0;30;0;0.0;2.0;1.0;1.0;B01
22138;201300014658;0;7;0;0.0;2.0;3.0;0.0;A01
22139;201300014659;0;1;0;0.0;2.0;1.0;19.0;A01
22140;201300014659;0;32;0;0.0;9.0;1.0;1.0;B01
22141;201300014660;0;30;0;0.0;1.0;1.0;1.0;A01
22142;201300014661;0;33;0;0.0;1.0;1.0;21.0;A01
22143;201300014662;0;33;0;0.0;2.0;1.0;15.0;B01
22144;201300014662;0;7;0;0.0;2.0;8.0;9.0;A01
22145;201300014663;0;7;0;0.0;1.0;1.0;1.0;A01
22146;201300014664;0;7;0;0.0;2.0;7.0;21.0;C01
22147;201300014664;0;7;0;1.0;0.0;1.0;0.0;A01
22148;201300014666;0;7;0;0.0;1.0;1.0;0.0;A01
22149;201300014667;0;37;20;0.0;2.0;2.0;16.0;A01
22150;201300014667;0;7;0;0.0;2.0;8.0;1.0;B01
22151;201300014668;0;7;0;0.0;2.0;2.0;16.0;A01
22152;201300014668;0;30;0;0.0;2.0;5.0;15.0;B01
22153;201300014669;0;7;0;0.0;0.0;0.0;20.0;A01
22154;201300014669;0;33;0;0.0;2.0;0.0;1.0;B01
22155;201300014670;0;32;0;0.0;2.0;7.0;17.0;B01
22156;201300014670;0;7;0;0.0;2.0;3.0;21.0;A01
22157;201300014672;0;7;0;0.0;2.0;5.0;2.0;B01
22158;201300014672;0;30;0;0.0;2.0;5.0;2.0;A01
22159;201300014673;0;33;0;0.0;0.0;1.0;2.0;A01
22160;201300014673;0;7;0;0.0;0.0;5.0;2.0;B01
22161;201300014674;0;32;0;0.0;2.0;2.0;0.0;B01
22162;201300014674;0;7;0;0.0;2.0;1.0;15.0;A01
22163;201300014675;0;7;0;0.0;2.0;3.0;0.0;A01
22164;201300014675;0;7;0;0.0;2.0;5.0;0.0;B01
22165;201300014676;0;32;0;0.0;0.0;4.0;2.0;B01
22166;201300014676;0;7;0;0.0;2.0;1.0;2.0;A01
22167;201300014677;0;7;0;0.0;2.0;1.0;15.0;A01
22168;201300014677;0;7;0;0.0;2.0;1.0;1.0;B01
22169;201300014678;0;30;0;0.0;2.0;2.0;21.0;B01
22170;201300014678;0;7;0;0.0;2.0;2.0;9.0;A01
22171;201300014680;0;7;0;0.0;1.0;1.0;0.0;A01
22172;201300014681;0;7;0;0.0;1.0;2.0;15.0;A01
22173;201300014682;0;7;0;0.0;0.0;1.0;16.0;B01
22174;201300014682;0;1;0;0.0;0.0;1.0;1.0;A01
22175;201300014683;0;33;0;1.0;0.0;1.0;0.0;A01
22176;201300014684;0;7;0;0.0;0.0;7.0;1.0;B01
22177;201300014684;0;7;0;0.0;0.0;1.0;16.0;A01
22178;201300014685;0;7;0;0.0;2.0;1.0;0.0;B01
22179;201300014685;0;7;0;12.0;0.0;9.0;0.0;A01
22180;201300014686;0;7;0;0.0;2.0;1.0;15.0;A01
22181;201300014686;0;33;0;0.0;2.0;1.0;1.0;B01
22182;201300014688;0;33;0;0.0;0.0;0.0;0.0;A01
22183;201300014689;0;7;0;0.0;2.0;4.0;1.0;B01
22184;201300014689;0;7;0;0.0;2.0;1.0;2.0;A01
22185;201300014690;0;7;0;0.0;1.0;2.0;1.0;A01
22186;201300014691;0;7;0;0.0;2.0;4.0;13.0;B01
22187;201300014691;0;31;0;0.0;2.0;1.0;0.0;A01
22188;201300014692;0;7;0;0.0;0.0;0.0;0.0;B01
22189;201300014692;0;2;0;0.0;0.0;0.0;0.0;A01
22190;201300014693;0;7;0;0.0;2.0;6.0;10.0;B01
22191;201300014693;0;33;0;0.0;2.0;1.0;5.0;A01
22192;201300014694;0;7;0;0.0;1.0;1.0;1.0;A01
22193;201300014695;0;7;0;0.0;2.0;1.0;5.0;A01
22194;201300014695;0;7;0;0.0;2.0;1.0;1.0;B01
22195;201300014696;0;33;0;12.0;0.0;7.0;21.0;A01
22196;201300014697;0;7;0;0.0;2.0;1.0;15.0;A01
22197;201300014697;0;7;0;6.0;2.0;7.0;1.0;B01
22198;201300014698;0;7;0;0.0;0.0;6.0;9.0;A01
22199;201300014698;0;7;0;0.0;2.0;3.0;1.0;B01
22200;201300014699;1;99;0;0.0;1.0;0.0;0.0;Z01
22201;201300014700;0;30;0;3.0;0.0;1.0;1.0;A01
22202;201300014701;0;7;0;0.0;2.0;1.0;1.0;B01
22203;201300014701;0;7;0;0.0;2.0;1.0;13.0;A01
22204;201300014702;0;7;0;0.0;1.0;6.0;4.0;A01
22205;201300014703;1;7;0;0.0;2.0;1.0;0.0;Z01
22206;201300014703;0;10;0;0.0;2.0;4.0;0.0;B01
22207;201300014703;0;7;0;0.0;2.0;0.0;0.0;A01
22208;201300014704;0;32;0;0.0;2.0;4.0;2.0;B01
22209;201300014704;0;7;0;0.0;2.0;1.0;2.0;A01
22210;201300014704;0;7;0;0.0;2.0;4.0;2.0;C01
22211;201300014705;0;7;0;0.0;2.0;1.0;1.0;C01
22212;201300014705;0;15;0;0.0;2.0;3.0;1.0;B01
22213;201300014705;0;7;0;0.0;2.0;3.0;5.0;A01
22214;201300014706;0;7;0;0.0;2.0;1.0;3.0;A01
22215;201300014706;0;30;0;0.0;2.0;8.0;0.0;B01
22216;201300014707;0;34;0;0.0;2.0;1.0;1.0;B01
22217;201300014707;1;7;0;0.0;0.0;4.0;23.0;Z01
22218;201300014708;0;33;0;0.0;1.0;2.0;2.0;A01
22219;201300014709;0;7;0;0.0;2.0;3.0;2.0;A01
22220;201300014709;0;7;0;0.0;2.0;2.0;2.0;B01
22221;201300014710;0;2;0;0.0;1.0;2.0;1.0;A01
22222;201300014711;0;7;0;0.0;2.0;1.0;9.0;A01
22223;201300014711;0;33;0;0.0;2.0;2.0;1.0;B01
22224;201300014712;0;2;0;0.0;2.0;3.0;7.0;A01
22225;201300014712;0;7;0;0.0;2.0;2.0;20.0;B01
22226;201300014713;0;7;0;0.0;2.0;3.0;21.0;A01
22227;201300014713;0;7;0;0.0;2.0;9.0;1.0;B01
22228;201300014713;0;7;0;0.0;0.0;6.0;0.0;C01
22229;201300014714;0;7;0;0.0;0.0;2.0;2.0;A01
22230;201300014714;0;7;0;0.0;9.0;4.0;2.0;B01
22231;201300014715;0;30;0;0.0;0.0;4.0;2.0;B01
22232;201300014715;0;7;0;0.0;0.0;1.0;2.0;A01
22233;201300014716;0;7;0;0.0;2.0;4.0;2.0;B01
22234;201300014716;0;7;0;0.0;2.0;1.0;2.0;A01
22235;201300014717;0;30;0;6.0;0.0;1.0;15.0;A01
22236;201300014718;0;7;0;0.0;2.0;5.0;1.0;B01
22237;201300014718;1;10;0;0.0;2.0;0.0;22.0;C01
22238;201300014718;0;32;0;0.0;2.0;1.0;1.0;A01
22239;201300014719;0;30;0;0.0;1.0;1.0;0.0;A01
22240;201300014720;0;30;0;0.0;2.0;7.0;17.0;B01
22241;201300014720;0;7;0;0.0;2.0;8.0;15.0;A01
22242;201300014721;0;7;0;0.0;2.0;1.0;1.0;B01
22243;201300014721;0;7;0;0.0;2.0;1.0;21.0;A01
22244;201300014722;0;34;0;0.0;2.0;1.0;1.0;B01
22245;201300014722;0;34;0;0.0;2.0;3.0;1.0;A01
22246;201300014723;0;7;0;0.0;2.0;1.0;1.0;B01
22247;201300014723;0;7;0;15.0;2.0;2.0;15.0;A01
22248;201300014724;0;32;0;0.0;2.0;1.0;1.0;B01
22249;201300014724;0;7;0;0.0;2.0;3.0;9.0;A01
22250;201300014725;0;2;0;1.0;0.0;1.0;1.0;A01
22251;201300014726;0;30;0;0.0;2.0;4.0;15.0;B01
22252;201300014726;0;7;0;0.0;2.0;1.0;1.0;A01
22253;201300014727;0;33;0;0.0;2.0;8.0;2.0;A01
22254;201300014727;1;34;0;0.0;2.0;1.0;2.0;Z01
22255;201300014728;0;31;0;0.0;0.0;8.0;1.0;A01
22256;201300014730;0;15;0;0.0;1.0;0.0;0.0;A01
22257;201300014731;0;7;0;0.0;1.0;1.0;1.0;A01
22258;201300014732;0;33;0;0.0;2.0;7.0;16.0;B01
22259;201300014732;0;7;0;0.0;2.0;3.0;9.0;A01
22260;201300014733;0;7;0;0.0;2.0;1.0;2.0;B01
22261;201300014733;0;32;0;0.0;2.0;1.0;0.0;A01
22262;201300014734;0;7;0;0.0;2.0;7.0;15.0;A01
22263;201300014734;0;7;0;0.0;2.0;1.0;2.0;B01
22264;201300014735;0;2;0;0.0;2.0;1.0;2.0;A01
22265;201300014735;0;7;0;0.0;2.0;2.0;0.0;B01
22266;201300014736;0;7;0;0.0;2.0;2.0;21.0;B01
22267;201300014736;0;7;0;7.0;2.0;7.0;19.0;A01
22268;201300014737;0;7;0;0.0;1.0;1.0;0.0;A01
22269;201300014738;0;34;0;0.0;2.0;5.0;0.0;B01
22270;201300014738;0;7;0;0.0;2.0;3.0;0.0;A01
22271;201300014739;0;7;0;0.0;2.0;4.0;0.0;B01
22272;201300014739;0;7;0;0.0;2.0;1.0;0.0;A01
22273;201300014740;0;7;0;0.0;2.0;2.0;1.0;A01
22274;201300014740;0;7;0;0.0;2.0;1.0;15.0;B01
22275;201300014742;0;7;0;0.0;2.0;3.0;1.0;C01
22276;201300014742;0;32;0;0.0;2.0;5.0;1.0;B01
22277;201300014742;0;7;0;0.0;2.0;3.0;0.0;A01
22278;201300014743;0;7;0;0.0;0.0;1.0;2.0;A01
22279;201300014743;0;33;0;0.0;0.0;9.0;2.0;B01
22280;201300014743;0;7;0;0.0;0.0;4.0;2.0;C01
22281;201300014744;1;7;0;0.0;1.0;0.0;0.0;Z01
22282;201300014745;0;7;0;0.0;2.0;1.0;1.0;A01
22283;201300014745;0;7;0;0.0;2.0;0.0;20.0;B01
22284;201300014746;0;7;0;1.0;2.0;1.0;1.0;A01
22285;201300014746;0;7;0;0.0;0.0;7.0;1.0;B01
22286;201300014747;0;7;0;0.0;1.0;1.0;1.0;A01
22287;201300014748;0;7;0;0.0;2.0;4.0;2.0;B01
22288;201300014748;0;7;0;0.0;2.0;1.0;2.0;A01
22289;201300014749;1;99;0;0.0;0.0;0.0;0.0;Z01
22290;201300014749;0;7;0;0.0;2.0;2.0;2.0;A01
22291;201300014750;0;38;1;0.0;1.0;5.0;16.0;A01
22292;201300014751;0;13;0;0.0;2.0;2.0;9.0;A01
22293;201300014751;0;7;0;0.0;2.0;6.0;1.0;B01
22294;201300014752;0;7;0;0.0;2.0;1.0;0.0;A01
22295;201300014752;0;7;0;0.0;2.0;4.0;0.0;B01
22296;201300014753;0;7;0;0.0;2.0;1.0;0.0;C01
22297;201300014753;0;33;0;0.0;2.0;2.0;21.0;A01
22298;201300014753;0;7;0;0.0;2.0;6.0;0.0;B01
22299;201300014754;0;2;0;0.0;2.0;1.0;5.0;A01
22300;201300014754;0;7;0;0.0;2.0;2.0;0.0;B01
22301;201300014756;0;32;0;0.0;2.0;1.0;17.0;B01
22302;201300014756;0;7;0;0.0;2.0;3.0;10.0;A01
22303;201300014757;0;7;0;0.0;2.0;8.0;1.0;B01
22304;201300014757;0;30;0;0.0;2.0;1.0;1.0;A01
22305;201300014758;0;7;0;0.0;2.0;3.0;19.0;A01
22306;201300014758;0;7;0;0.0;2.0;1.0;1.0;B01
22307;201300014759;0;7;0;0.0;2.0;1.0;9.0;B01
22308;201300014759;0;7;0;0.0;2.0;6.0;4.0;A01
22309;201300014760;0;31;0;0.0;0.0;0.0;0.0;B01
22310;201300014760;0;10;0;0.0;0.0;0.0;0.0;A01
22311;201300014761;0;7;0;0.0;2.0;1.0;2.0;A01
22312;201300014761;0;7;0;0.0;2.0;4.0;1.0;B01
22313;201300014762;0;7;0;0.0;2.0;1.0;1.0;A01
22314;201300014762;0;7;0;0.0;2.0;4.0;1.0;B01
22315;201300014763;0;37;1;0.0;2.0;3.0;1.0;B01
22316;201300014763;0;33;0;0.0;2.0;3.0;13.0;A01
22317;201300014764;0;33;0;0.0;2.0;1.0;2.0;B01
22318;201300014764;0;7;0;0.0;2.0;6.0;2.0;A01
22319;201300014765;0;7;0;0.0;2.0;2.0;9.0;A01
22320;201300014765;0;2;0;0.0;2.0;8.0;1.0;B01
22321;201300014766;0;7;0;0.0;2.0;2.0;2.0;A01
22322;201300014766;0;7;0;0.0;2.0;4.0;20.0;B01
22323;201300014767;0;30;0;1.0;2.0;8.0;2.0;B01
22324;201300014767;0;7;0;0.0;2.0;7.0;14.0;A01
22325;201300014768;0;7;0;0.0;1.0;1.0;2.0;A01
22326;201300014769;0;7;0;0.0;2.0;4.0;1.0;B01
22327;201300014769;0;7;0;0.0;2.0;1.0;1.0;A01
22328;201300014770;0;7;0;2.0;2.0;2.0;1.0;B01
22329;201300014770;0;7;0;0.0;2.0;3.0;9.0;A01
22330;201300014771;0;3;0;15.0;0.0;5.0;1.0;A01
22331;201300014772;0;7;0;0.0;2.0;1.0;2.0;B01
22332;201300014772;0;7;0;0.0;2.0;4.0;2.0;A01
22333;201300014772;1;7;0;0.0;2.0;0.0;2.0;Z01
22334;201300014773;0;7;0;0.0;2.0;3.0;0.0;B01
22335;201300014773;0;7;0;0.0;2.0;3.0;0.0;A01
22336;201300014774;0;7;0;0.0;2.0;8.0;15.0;A01
22337;201300014774;0;31;0;0.0;2.0;7.0;17.0;B01
22338;201300014775;0;7;0;0.0;2.0;1.0;1.0;B01
22339;201300014775;0;7;0;0.0;2.0;2.0;11.0;A01
22340;201300014776;0;7;0;0.0;2.0;3.0;15.0;B01
22341;201300014776;0;33;0;8.0;2.0;3.0;2.0;A01
22342;201300014777;0;7;0;0.0;2.0;1.0;1.0;B01
22343;201300014777;1;7;0;0.0;2.0;8.0;1.0;Z01
22344;201300014778;0;7;0;0.0;2.0;2.0;15.0;A01
22345;201300014778;0;2;0;0.0;2.0;7.0;1.0;B01
22346;201300014780;0;30;0;0.0;0.0;8.0;19.0;A01
22347;201300014780;0;7;0;0.0;0.0;1.0;1.0;B01
22348;201300014781;0;7;0;0.0;0.0;0.0;2.0;B01
22349;201300014781;0;34;0;11.0;0.0;3.0;2.0;A01
22350;201300014782;0;37;30;0.0;2.0;3.0;2.0;B01
22351;201300014782;1;7;0;0.0;2.0;7.0;17.0;Z01
22352;201300014783;0;7;0;12.0;0.0;9.0;20.0;A01
22353;201300014784;0;34;0;0.0;2.0;1.0;2.0;A01
22354;201300014784;0;7;0;0.0;2.0;7.0;23.0;C01
22355;201300014784;0;7;0;0.0;2.0;8.0;23.0;B01
22356;201300014785;0;7;0;0.0;1.0;1.0;15.0;A01
22357;201300014786;0;31;0;0.0;2.0;1.0;2.0;B01
22358;201300014786;0;34;0;0.0;2.0;1.0;2.0;C01
22359;201300014786;0;13;0;0.0;2.0;4.0;2.0;A01
22360;201300014787;0;7;0;0.0;2.0;8.0;15.0;A01
22361;201300014787;0;34;0;0.0;2.0;1.0;2.0;B01
22362;201300014788;0;7;0;1.0;0.0;3.0;1.0;A01
22363;201300014789;0;7;0;0.0;2.0;1.0;2.0;A01
22364;201300014789;0;7;0;0.0;2.0;4.0;2.0;B01
22365;201300014790;0;7;0;0.0;2.0;7.0;5.0;A01
22366;201300014791;0;7;0;0.0;1.0;1.0;2.0;A01
22367;201300014792;0;7;0;0.0;1.0;2.0;1.0;A01
22368;201300014793;0;7;0;0.0;2.0;2.0;1.0;A01
22369;201300014793;0;7;0;0.0;2.0;5.0;10.0;B01
22370;201300014794;0;7;0;1.0;2.0;1.0;1.0;B01
22371;201300014794;0;7;0;0.0;0.0;0.0;0.0;A01
22372;201300014795;0;7;0;0.0;2.0;2.0;15.0;A01
22373;201300014795;0;7;0;0.0;2.0;3.0;1.0;B01
22374;201300014796;0;7;0;0.0;2.0;4.0;2.0;C01
22375;201300014796;0;7;0;0.0;2.0;4.0;2.0;B01
22376;201300014796;0;7;0;0.0;2.0;1.0;2.0;A01
22377;201300014797;0;7;0;0.0;1.0;3.0;0.0;A01
22378;201300014798;0;7;0;0.0;2.0;8.0;15.0;A01
22379;201300014798;0;34;0;0.0;2.0;1.0;17.0;B01
22380;201300014800;0;7;0;1.0;0.0;8.0;0.0;A01
22381;201300014800;0;7;0;8.0;9.0;8.0;11.0;C01
22382;201300014801;0;7;0;0.0;0.0;0.0;15.0;A01
22383;201300014801;0;33;0;0.0;2.0;7.0;2.0;B01
22384;201300014802;0;30;0;0.0;0.0;7.0;1.0;B01
22385;201300014802;1;30;0;0.0;2.0;1.0;0.0;Z01
22386;201300014803;0;7;0;0.0;2.0;2.0;0.0;B01
22387;201300014803;0;31;0;0.0;2.0;1.0;1.0;A01
22388;201300014805;1;30;0;0.0;1.0;0.0;0.0;Z01
22389;201300014806;0;7;0;1.0;2.0;5.0;2.0;A01
22390;201300014806;0;7;0;0.0;2.0;1.0;2.0;B01
22391;201300014807;0;99;0;0.0;2.0;1.0;2.0;A01
22392;201300014807;0;7;0;0.0;2.0;4.0;2.0;B01
22393;201300014808;0;7;0;0.0;2.0;6.0;0.0;B01
22394;201300014808;2;7;0;0.0;2.0;0.0;0.0;A01
22395;201300014809;0;7;0;0.0;2.0;1.0;1.0;A01
22396;201300014809;0;7;0;0.0;2.0;3.0;1.0;B01
22397;201300014810;0;33;0;5.0;2.0;3.0;0.0;A01
22398;201300014810;0;33;0;0.0;2.0;3.0;0.0;B01
22399;201300014811;0;7;0;0.0;2.0;1.0;1.0;B01
22400;201300014811;0;2;0;0.0;2.0;3.0;1.0;A01
22401;201300014812;0;7;0;0.0;2.0;1.0;2.0;A01
22402;201300014812;0;7;0;0.0;0.0;4.0;23.0;B01
22403;201300014813;0;10;0;0.0;2.0;2.0;2.0;B01
22404;201300014813;0;7;0;0.0;2.0;7.0;17.0;A01
22405;201300014814;0;7;0;0.0;0.0;0.0;0.0;B01
22406;201300014814;0;7;0;0.0;0.0;0.0;0.0;A01
22407;201300014814;1;7;0;0.0;0.0;0.0;0.0;Z01
22408;201300014815;2;7;0;0.0;2.0;1.0;13.0;A01
22409;201300014815;0;7;0;0.0;2.0;1.0;1.0;B01
22410;201300014816;0;7;0;0.0;2.0;6.0;23.0;B01
22411;201300014816;0;7;0;10.0;4.0;3.0;14.0;A01
22412;201300014817;2;7;0;0.0;2.0;2.0;17.0;Z01
22413;201300014817;0;7;0;0.0;2.0;8.0;13.0;A01
22414;201300014818;0;34;0;0.0;2.0;8.0;17.0;B01
22415;201300014818;0;7;0;0.0;2.0;2.0;0.0;C01
22416;201300014820;0;30;0;0.0;1.0;0.0;0.0;A01
22417;201300014821;0;7;0;0.0;2.0;3.0;1.0;A01
22418;201300014821;0;7;0;0.0;2.0;3.0;1.0;B01
22419;201300014822;0;33;0;0.0;2.0;1.0;1.0;B01
22420;201300014822;0;7;0;0.0;2.0;1.0;15.0;A01
22421;201300014823;0;34;0;0.0;2.0;1.0;1.0;B01
22422;201300014823;0;7;0;0.0;2.0;8.0;15.0;A01
22423;201300014824;0;7;0;6.0;2.0;1.0;2.0;A01
22424;201300014825;0;3;0;0.0;2.0;8.0;16.0;B01
22425;201300014825;0;33;0;0.0;2.0;1.0;1.0;A01
22426;201300014826;0;7;0;0.0;1.0;3.0;1.0;A01
22427;201300014827;0;7;0;0.0;1.0;2.0;0.0;A01
22428;201300014828;0;7;0;0.0;2.0;8.0;1.0;D01
22429;201300014828;0;7;0;0.0;2.0;8.0;1.0;C01
22430;201300014828;0;7;0;0.0;2.0;1.0;0.0;A01
22431;201300014828;0;32;0;0.0;2.0;1.0;23.0;B01
22432;201300014829;0;7;0;0.0;0.0;4.0;0.0;C01
22433;201300014829;0;7;0;0.0;2.0;4.0;0.0;B01
22434;201300014829;0;10;0;0.0;2.0;2.0;0.0;A01
22435;201300014832;0;7;0;0.0;1.0;2.0;0.0;A01
22436;201300014833;0;7;0;0.0;1.0;4.0;4.0;A01
22437;201300014834;0;2;0;0.0;2.0;2.0;1.0;A01
22438;201300014834;0;31;0;0.0;2.0;2.0;1.0;B01
22439;201300014835;0;2;0;1.0;0.0;0.0;0.0;A01
22440;201300014835;0;37;1;0.0;2.0;5.0;0.0;B01
22441;201300014837;0;31;0;0.0;2.0;3.0;17.0;A01
22442;201300014837;0;7;0;0.0;0.0;3.0;1.0;B01
22443;201300014838;0;7;0;0.0;0.0;0.0;22.0;B01
22444;201300014838;0;7;0;0.0;0.0;8.0;1.0;A01
22445;201300014839;0;7;0;0.0;0.0;4.0;23.0;B01
22446;201300014839;0;10;0;0.0;2.0;1.0;1.0;A01
22447;201300014840;0;7;0;0.0;2.0;8.0;23.0;A01
22448;201300014840;0;34;0;0.0;2.0;1.0;1.0;B01
22449;201300014841;0;32;0;0.0;2.0;1.0;21.0;B01
22450;201300014841;0;10;0;0.0;2.0;3.0;9.0;A01
22451;201300014842;0;7;0;0.0;1.0;1.0;1.0;A01
22452;201300014843;0;32;0;0.0;0.0;8.0;1.0;A01
22453;201300014844;0;31;0;0.0;0.0;0.0;16.0;A01
22454;201300014845;0;7;0;0.0;1.0;3.0;0.0;A01
22455;201300014846;0;7;0;0.0;2.0;1.0;1.0;B01
22456;201300014846;0;30;0;0.0;2.0;1.0;0.0;A01
22457;201300014847;0;7;0;0.0;2.0;6.0;10.0;A01
22458;201300014847;0;7;0;0.0;2.0;2.0;1.0;B01
22459;201300014848;0;7;0;0.0;2.0;3.0;10.0;A01
22460;201300014848;0;33;0;0.0;2.0;1.0;0.0;B01
22461;201300014849;0;30;0;1.0;0.0;1.0;15.0;A01
22462;201300014850;0;7;0;0.0;2.0;6.0;15.0;A01
22463;201300014850;0;7;0;0.0;2.0;2.0;1.0;B01
22464;201300014851;0;30;0;0.0;2.0;4.0;23.0;B01
22465;201300014851;0;7;0;0.0;2.0;1.0;1.0;A01
22466;201300014852;0;7;0;0.0;2.0;3.0;1.0;B01
22467;201300014852;0;33;0;0.0;2.0;1.0;5.0;A01
22468;201300014853;0;7;0;0.0;1.0;2.0;15.0;A01
22469;201300014854;0;7;0;0.0;1.0;3.0;1.0;A01
22470;201300014855;0;30;0;2.0;1.0;8.0;17.0;A01
22471;201300014856;0;7;0;0.0;2.0;7.0;1.0;B01
22472;201300014856;0;7;0;0.0;2.0;1.0;1.0;A01
22473;201300014857;0;3;0;13.0;0.0;0.0;14.0;A01
22474;201300014858;0;7;0;0.0;2.0;3.0;15.0;A01
22475;201300014858;0;32;0;0.0;2.0;1.0;1.0;B01
22476;201300014860;0;20;0;0.0;2.0;3.0;1.0;B01
22477;201300014860;0;7;0;1.0;2.0;2.0;1.0;A01
22478;201300014861;0;7;0;0.0;2.0;3.0;15.0;A01
22479;201300014861;0;32;0;0.0;2.0;1.0;1.0;B01
22480;201300014863;1;30;0;0.0;1.0;0.0;0.0;Z01
22481;201300014865;1;7;0;0.0;2.0;1.0;1.0;Z01
22482;201300014865;0;7;0;0.0;2.0;4.0;23.0;A01
22483;201300014866;0;7;0;8.0;0.0;2.0;1.0;A01
22484;201300014869;0;7;0;0.0;2.0;1.0;1.0;A01
22485;201300014869;0;7;0;0.0;2.0;1.0;1.0;C01
22486;201300014869;0;7;0;0.0;0.0;4.0;23.0;B01
22487;201300014870;0;7;0;0.0;2.0;4.0;2.0;C01
22488;201300014870;0;7;0;0.0;2.0;4.0;2.0;E01
22489;201300014870;0;7;0;0.0;2.0;4.0;2.0;B01
22490;201300014870;0;7;0;0.0;2.0;1.0;2.0;A01
22491;201300014870;0;10;0;0.0;2.0;4.0;2.0;D01
22492;201300014871;0;34;0;8.0;0.0;1.0;1.0;A01
22493;201300014872;0;37;15;0.0;1.0;0.0;0.0;A01
22494;201300014873;1;1;0;0.0;1.0;1.0;5.0;Z01
22495;201300014874;0;7;0;0.0;2.0;4.0;24.0;E01
22496;201300014874;0;7;0;0.0;2.0;4.0;24.0;C01
22497;201300014874;0;7;0;1.0;2.0;1.0;2.0;A01
22498;201300014874;0;7;0;0.0;2.0;7.0;1.0;D01
22499;201300014874;0;7;0;0.0;2.0;4.0;0.0;B01
22500;201300014875;0;7;0;0.0;0.0;6.0;2.0;B01
22501;201300014875;0;33;0;0.0;2.0;1.0;1.0;A01
22502;201300014876;0;2;0;0.0;2.0;1.0;2.0;A01
22503;201300014876;0;7;0;0.0;2.0;6.0;2.0;B01
22504;201300014877;0;33;0;0.0;2.0;1.0;2.0;B01
22505;201300014877;0;7;0;0.0;2.0;2.0;1.0;A01
22506;201300014878;0;32;0;11.0;0.0;1.0;1.0;A01
22507;201300014879;0;7;0;0.0;2.0;1.0;0.0;A01
22508;201300014879;0;7;0;0.0;2.0;1.0;1.0;D01
22509;201300014879;0;7;0;0.0;2.0;1.0;1.0;C01
22510;201300014879;0;7;0;0.0;2.0;4.0;1.0;B01
22511;201300014880;1;7;0;0.0;1.0;4.0;4.0;Z01
22512;201300014881;0;7;0;0.0;2.0;4.0;4.0;A01
22513;201300014881;0;7;0;0.0;2.0;1.0;1.0;B01
22514;201300014882;0;33;0;0.0;0.0;7.0;0.0;A01
22515;201300014883;0;7;0;15.0;0.0;1.0;0.0;A01
22516;201300014884;0;7;0;0.0;2.0;1.0;1.0;A01