;Num_Acc;senc;catv;occutc;obs;obsm;choc;manv;num_veh
22517;201300014884;0;7;0;0.0;2.0;2.0;23.0;C01
22518;201300014884;0;7;0;0.0;2.0;5.0;23.0;B01
22519;201300014885;0;7;0;0.0;2.0;3.0;24.0;A01
22520;201300014885;0;37;1;1.0;0.0;7.0;0.0;B01
22521;201300014886;0;7;0;0.0;2.0;1.0;2.0;A01
22522;201300014886;0;7;0;0.0;2.0;4.0;2.0;B01
22523;201300014888;0;7;0;0.0;2.0;3.0;11.0;A01
22524;201300014888;0;7;0;0.0;2.0;1.0;1.0;B01
22525;201300014889;0;34;0;11.0;0.0;3.0;17.0;A01
22526;201300014890;0;33;0;0.0;2.0;1.0;1.0;B01
22527;201300014890;0;7;0;0.0;2.0;3.0;10.0;A01
22528;201300014891;0;7;0;0.0;9.0;3.0;10.0;A01
22529;201300014891;0;1;0;0.0;2.0;1.0;17.0;B01
22530;201300014892;0;7;0;0.0;0.0;1.0;2.0;B01
22531;201300014892;0;7;0;0.0;2.0;1.0;2.0;A01
22532;201300014892;0;7;0;0.0;2.0;4.0;2.0;C01
22533;201300014893;0;7;0;0.0;1.0;3.0;1.0;A01
22534;201300014894;0;30;0;0.0;2.0;8.0;1.0;B01
22535;201300014894;0;30;0;0.0;2.0;1.0;9.0;A01
22536;201300014895;0;7;0;0.0;2.0;1.0;1.0;B01
22537;201300014895;0;7;0;0.0;2.0;1.0;5.0;A01
22538;201300014896;0;7;0;0.0;2.0;4.0;2.0;B01
22539;201300014896;0;7;0;0.0;2.0;1.0;2.0;A01
22540;201300014897;0;37;7;0.0;1.0;1.0;1.0;A01
22541;201300014898;0;7;0;0.0;0.0;7.0;13.0;A01
22542;201300014898;0;33;0;0.0;0.0;8.0;1.0;B01
22543;201300014899;0;7;0;0.0;0.0;3.0;1.0;B01
22544;201300014899;0;7;0;0.0;0.0;5.0;1.0;C01
22545;201300014899;0;7;0;0.0;0.0;1.0;1.0;A01
22546;201300014901;0;37;1;0.0;1.0;4.0;4.0;A01
22547;201300014902;0;7;0;0.0;0.0;7.0;15.0;B01
22548;201300014902;0;32;0;0.0;2.0;1.0;0.0;A01
22549;201300014903;0;7;0;0.0;2.0;5.0;15.0;B01
22550;201300014903;0;33;0;0.0;2.0;8.0;1.0;A01
22551;201300014904;0;7;0;0.0;1.0;0.0;0.0;A01
22552;201300014905;0;32;0;0.0;2.0;1.0;1.0;A01
22553;201300014905;0;7;0;1.0;2.0;6.0;1.0;B01
22554;201300014906;1;10;0;0.0;1.0;5.0;1.0;Z01
22555;201300014907;0;32;0;0.0;2.0;1.0;2.0;A01
22556;201300014907;0;7;0;0.0;2.0;4.0;23.0;B01
22557;201300014908;0;7;0;0.0;1.0;3.0;1.0;A01
22558;201300014909;0;7;0;0.0;1.0;1.0;0.0;A01
22559;201300014910;0;33;0;0.0;2.0;8.0;16.0;B01
22560;201300014910;0;7;0;0.0;2.0;2.0;15.0;A01
22561;201300014911;0;7;0;0.0;0.0;4.0;2.0;B01
22562;201300014911;0;7;0;0.0;2.0;1.0;2.0;A01
22563;201300014912;0;10;0;0.0;1.0;7.0;2.0;A01
22564;201300014913;0;33;0;0.0;2.0;1.0;15.0;A01
22565;201300014913;0;32;0;0.0;2.0;9.0;1.0;B01
22566;201300014914;0;7;0;0.0;1.0;4.0;20.0;A01
22567;201300014915;0;37;7;0.0;2.0;1.0;2.0;A01
22568;201300014915;1;32;0;0.0;2.0;4.0;2.0;Z01
22569;201300014916;0;7;0;0.0;2.0;4.0;2.0;B01
22570;201300014916;0;7;0;0.0;2.0;1.0;2.0;A01
22571;201300014916;0;7;0;0.0;2.0;4.0;2.0;C01
22572;201300014917;1;7;0;0.0;1.0;0.0;0.0;Z01
22573;201300014918;0;7;0;0.0;0.0;2.0;0.0;A01
22574;201300014919;0;7;0;0.0;2.0;1.0;15.0;A01
22575;201300014919;0;7;0;0.0;2.0;3.0;1.0;B01
22576;201300014920;0;7;0;0.0;2.0;1.0;9.0;A01
22577;201300014920;0;30;0;0.0;2.0;1.0;1.0;B01
22578;201300014921;0;33;0;0.0;2.0;3.0;0.0;A01
22579;201300014921;0;7;0;0.0;2.0;7.0;0.0;B01
22580;201300014922;0;30;0;0.0;0.0;7.0;1.0;A01
22581;201300014923;0;32;0;0.0;0.0;0.0;1.0;A01
22582;201300014924;0;32;0;0.0;2.0;1.0;2.0;A01
22583;201300014924;0;7;0;0.0;2.0;4.0;14.0;B01
22584;201300014925;0;32;0;0.0;1.0;0.0;0.0;A01
22585;201300014926;0;7;0;0.0;0.0;0.0;2.0;C01
22586;201300014926;0;7;0;0.0;2.0;5.0;2.0;B01
22587;201300014926;0;7;0;0.0;2.0;3.0;1.0;A01
22588;201300014927;0;7;0;0.0;0.0;4.0;1.0;B01
22589;201300014927;0;7;0;0.0;2.0;1.0;1.0;A01
22590;201300014928;0;7;0;0.0;2.0;4.0;2.0;B01
22591;201300014928;0;7;0;0.0;2.0;1.0;2.0;A01
22592;201300014929;0;33;0;0.0;0.0;0.0;1.0;A01
22593;201300014931;0;7;0;13.0;0.0;2.0;2.0;A01
22594;201300014932;0;1;0;0.0;0.0;0.0;0.0;A01
22595;201300014933;0;7;0;0.0;2.0;3.0;0.0;A01
22596;201300014933;0;7;0;0.0;2.0;6.0;0.0;B01
22597;201300014934;0;7;0;0.0;2.0;8.0;1.0;B01
22598;201300014934;0;7;0;0.0;2.0;3.0;13.0;A01
22599;201300014935;0;7;0;0.0;1.0;2.0;1.0;A01
22600;201300014936;0;1;0;0.0;2.0;1.0;2.0;B01
22601;201300014936;0;7;0;0.0;9.0;2.0;11.0;A01
22602;201300014937;0;7;0;0.0;2.0;1.0;1.0;A01
22603;201300014937;0;7;0;0.0;2.0;4.0;2.0;B01
22604;201300014938;0;30;0;0.0;1.0;1.0;1.0;A01
22605;201300014939;0;7;0;0.0;2.0;8.0;15.0;A01
22606;201300014939;0;7;0;0.0;2.0;1.0;2.0;B01
22607;201300014940;0;31;0;0.0;1.0;1.0;1.0;A01
22608;201300014941;0;7;0;0.0;1.0;1.0;1.0;A01
22609;201300014942;0;30;0;0.0;2.0;7.0;1.0;B01
22610;201300014942;0;10;0;0.0;2.0;3.0;13.0;A01
22611;201300014943;0;7;0;0.0;2.0;2.0;12.0;A01
22612;201300014943;0;30;0;0.0;2.0;8.0;1.0;B01
22613;201300014944;0;7;0;0.0;0.0;8.0;15.0;B01
22614;201300014944;0;2;0;0.0;0.0;5.0;17.0;A01
22615;201300014945;1;2;0;0.0;1.0;8.0;7.0;Z01
22616;201300014946;0;10;0;0.0;2.0;2.0;19.0;B01
22617;201300014946;0;30;0;0.0;2.0;1.0;0.0;A01
22618;201300014947;0;1;0;0.0;2.0;8.0;18.0;B01
22619;201300014947;0;7;0;0.0;9.0;7.0;22.0;A01
22620;201300014948;0;7;0;0.0;1.0;1.0;16.0;A01
22621;201300014949;0;33;0;0.0;0.0;2.0;23.0;A01
22622;201300014949;0;32;0;0.0;2.0;1.0;1.0;B01
22623;201300014950;0;32;0;0.0;2.0;2.0;1.0;B01
22624;201300014950;0;7;0;0.0;2.0;1.0;10.0;A01
22625;201300014951;0;7;0;0.0;2.0;1.0;2.0;A01
22626;201300014951;0;7;0;0.0;0.0;4.0;2.0;C01
22627;201300014951;0;7;0;0.0;2.0;4.0;2.0;B01
22628;201300014952;0;33;0;0.0;0.0;1.0;0.0;A01
22629;201300014953;0;7;0;0.0;2.0;0.0;0.0;A01
22630;201300014953;0;7;0;0.0;2.0;0.0;0.0;B01
22631;201300014954;0;7;0;0.0;2.0;3.0;2.0;A01
22632;201300014954;0;2;0;0.0;2.0;1.0;2.0;B01
22633;201300014955;0;7;0;0.0;0.0;2.0;0.0;A01
22634;201300014955;0;7;0;0.0;0.0;1.0;0.0;B01
22635;201300014957;0;31;0;0.0;2.0;2.0;21.0;A01
22636;201300014957;0;7;0;0.0;2.0;3.0;2.0;B01
22637;201300014959;0;32;0;0.0;2.0;2.0;3.0;A01
22638;201300014959;0;7;0;0.0;2.0;3.0;2.0;B01
22639;201300014960;0;7;0;0.0;1.0;1.0;15.0;A01
22640;201300014962;0;34;0;0.0;0.0;1.0;0.0;A01
22641;201300014962;0;7;0;0.0;0.0;6.0;0.0;B01
22642;201300014963;1;33;0;0.0;0.0;0.0;1.0;A01
22643;201300014963;0;7;0;0.0;2.0;2.0;1.0;B01
22644;201300014964;0;7;0;0.0;1.0;0.0;4.0;A01
22645;201300014965;0;31;0;0.0;0.0;1.0;0.0;B01
22646;201300014965;0;7;0;0.0;0.0;3.0;0.0;A01
22647;201300014966;0;7;0;0.0;2.0;6.0;23.0;B01
22648;201300014966;0;7;0;1.0;0.0;2.0;2.0;A01
22649;201300014967;0;32;0;12.0;0.0;0.0;15.0;A01
22650;201300014968;0;7;0;0.0;2.0;1.0;2.0;A01
22651;201300014968;0;7;0;0.0;0.0;4.0;1.0;B01
22652;201300014969;1;7;0;10.0;2.0;1.0;1.0;Z01
22653;201300014969;0;7;0;0.0;2.0;3.0;1.0;A01
22654;201300014971;0;7;0;0.0;1.0;1.0;1.0;A01
22655;201300014973;0;34;0;0.0;2.0;1.0;1.0;B01
22656;201300014973;0;7;0;0.0;2.0;8.0;1.0;A01
22657;201300014974;0;30;0;0.0;2.0;1.0;2.0;B01
22658;201300014974;0;7;0;0.0;2.0;4.0;2.0;A01
22659;201300014975;0;30;0;0.0;1.0;1.0;0.0;A01
22660;201300014976;1;34;0;0.0;1.0;1.0;13.0;Z01
22661;201300014977;1;30;0;0.0;1.0;0.0;0.0;Z01
22662;201300014978;0;7;0;0.0;9.0;1.0;0.0;A01
22663;201300014978;0;2;0;0.0;2.0;0.0;5.0;B01
22664;201300014980;0;34;0;0.0;2.0;2.0;1.0;B01
22665;201300014980;0;10;0;0.0;2.0;1.0;19.0;A01
22666;201300014981;0;32;0;1.0;0.0;1.0;1.0;B01
22667;201300014981;0;7;0;0.0;2.0;3.0;24.0;A01
22668;201300014982;0;33;0;0.0;2.0;2.0;2.0;A01
22669;201300014982;0;10;0;0.0;2.0;6.0;2.0;B01
22670;201300014983;0;30;0;0.0;1.0;8.0;2.0;A01
22671;201300014984;0;33;0;14.0;0.0;1.0;1.0;A01
22672;201300014985;0;2;0;0.0;2.0;4.0;0.0;B01
22673;201300014985;0;7;0;0.0;9.0;2.0;1.0;A01
22674;201300014986;0;30;0;0.0;2.0;2.0;2.0;A01
22675;201300014986;0;33;0;0.0;2.0;1.0;1.0;B01
22676;201300014987;0;7;0;0.0;2.0;1.0;1.0;B01
22677;201300014987;0;7;0;0.0;2.0;1.0;13.0;A01
22678;201300014988;0;34;0;0.0;2.0;8.0;23.0;B01
22679;201300014988;0;7;0;1.0;0.0;3.0;9.0;A01
22680;201300014989;0;30;0;0.0;2.0;7.0;1.0;B01
22681;201300014989;1;7;0;0.0;2.0;0.0;0.0;Z01
22682;201300014990;0;37;0;0.0;2.0;1.0;1.0;A01
22683;201300014990;0;7;0;0.0;2.0;4.0;23.0;B01
22684;201300014992;0;10;0;0.0;1.0;4.0;4.0;A01
22685;201300014993;0;30;0;0.0;2.0;8.0;10.0;A01
22686;201300014993;0;7;0;0.0;2.0;2.0;1.0;B01
22687;201300014994;0;1;0;0.0;2.0;1.0;2.0;A01
22688;201300014994;0;7;0;0.0;2.0;4.0;2.0;B01
22689;201300014995;0;32;0;0.0;0.0;0.0;0.0;A01
22690;201300014996;0;32;0;0.0;2.0;4.0;2.0;B01
22691;201300014996;0;7;0;0.0;2.0;1.0;2.0;A01
22692;201300014997;0;33;0;0.0;2.0;8.0;24.0;B01
22693;201300014997;0;30;0;1.0;0.0;1.0;1.0;A01
22694;201300014998;0;30;0;0.0;1.0;1.0;1.0;A01
22695;201300014999;0;7;0;0.0;0.0;7.0;0.0;B01
22696;201300014999;0;7;0;0.0;0.0;8.0;2.0;A01
22697;201300015000;1;7;0;0.0;1.0;2.0;0.0;Z01
22698;201300015001;0;2;0;0.0;2.0;3.0;17.0;A01
22699;201300015001;0;32;0;0.0;2.0;3.0;1.0;B01
22700;201300015002;0;7;0;0.0;2.0;1.0;2.0;A01
22701;201300015002;0;10;0;0.0;2.0;4.0;2.0;B01
22702;201300015002;0;7;0;0.0;2.0;4.0;2.0;C01
22703;201300015003;0;7;0;0.0;0.0;0.0;0.0;C01
22704;201300015003;0;7;0;0.0;0.0;0.0;0.0;B01
22705;201300015003;0;7;0;0.0;0.0;0.0;0.0;A01
22706;201300015004;0;1;0;0.0;0.0;4.0;1.0;A01
22707;201300015004;1;30;0;0.0;2.0;2.0;2.0;Z01
22708;201300015006;1;33;0;0.0;0.0;0.0;1.0;Z01
22709;201300015007;0;32;0;0.0;2.0;4.0;1.0;A01
22710;201300015007;1;7;0;0.0;2.0;1.0;2.0;Z01
22711;201300015009;0;10;0;0.0;2.0;4.0;23.0;B01
22712;201300015009;0;32;0;0.0;2.0;2.0;2.0;A01
22713;201300015011;0;7;0;0.0;2.0;2.0;1.0;A01
22714;201300015011;0;7;0;1.0;2.0;4.0;24.0;C01
22715;201300015011;0;7;0;0.0;2.0;8.0;2.0;B01
22716;201300015012;0;31;0;0.0;2.0;7.0;2.0;A01
22717;201300015012;1;7;0;0.0;0.0;0.0;14.0;Z01
22718;201300015013;0;7;0;0.0;2.0;8.0;13.0;B01
22719;201300015013;0;30;0;0.0;2.0;0.0;1.0;A01
22720;201300015014;1;33;0;0.0;2.0;1.0;2.0;Z01
22721;201300015014;0;7;0;0.0;2.0;4.0;23.0;B01
22722;201300015015;0;7;0;0.0;2.0;4.0;22.0;B01
22723;201300015015;1;7;0;0.0;2.0;1.0;1.0;Z01
22724;201300015016;1;7;0;0.0;2.0;8.0;1.0;Z01
22725;201300015016;0;30;0;0.0;2.0;7.0;1.0;B01
22726;201300015017;0;7;0;0.0;0.0;2.0;1.0;A01
22727;201300015017;0;7;0;0.0;0.0;1.0;0.0;B01
22728;201300015018;0;7;0;0.0;1.0;2.0;0.0;A01
22729;201300015019;0;7;0;0.0;1.0;1.0;15.0;A01
22730;201300015020;0;33;0;0.0;2.0;1.0;2.0;A01
22731;201300015020;0;7;0;0.0;2.0;3.0;1.0;B01
22732;201300015021;0;7;0;0.0;1.0;1.0;18.0;Z01
22733;201300015022;1;10;0;0.0;1.0;0.0;1.0;Z01
22734;201300015023;0;2;0;0.0;0.0;0.0;0.0;A01
22735;201300015024;0;7;0;0.0;2.0;2.0;20.0;A01
22736;201300015024;0;1;0;0.0;4.0;1.0;21.0;B01
22737;201300015025;0;7;0;0.0;2.0;4.0;4.0;B01
22738;201300015025;0;7;0;0.0;4.0;3.0;15.0;A01
22739;201300015026;0;34;0;0.0;2.0;1.0;17.0;B01
22740;201300015026;0;7;0;0.0;2.0;3.0;11.0;A01
22741;201300015027;0;7;0;0.0;1.0;1.0;1.0;A01
22742;201300015028;0;7;0;0.0;1.0;4.0;4.0;A01
22743;201300015029;0;32;0;0.0;0.0;0.0;0.0;B01
22744;201300015029;0;7;0;0.0;0.0;0.0;0.0;A01
22745;201300015030;0;7;0;0.0;2.0;1.0;2.0;A01
22746;201300015030;0;7;0;0.0;2.0;4.0;2.0;B01
22747;201300015031;0;7;0;0.0;2.0;1.0;1.0;A01
22748;201300015031;0;7;0;0.0;2.0;8.0;1.0;B01
22749;201300015032;0;7;0;0.0;1.0;4.0;0.0;A01
22750;201300015033;0;30;0;0.0;0.0;1.0;15.0;A01
22751;201300015033;0;7;0;0.0;0.0;1.0;1.0;B01
22752;201300015034;0;7;0;0.0;2.0;1.0;9.0;A01
22753;201300015034;0;34;0;0.0;2.0;1.0;0.0;B01
22754;201300015035;0;7;0;0.0;1.0;5.0;0.0;A01
22755;201300015036;0;33;0;0.0;1.0;7.0;1.0;A01
22756;201300015038;0;32;0;0.0;2.0;8.0;1.0;B01
22757;201300015038;0;7;0;0.0;2.0;5.0;1.0;A01
22758;201300015039;0;33;0;0.0;2.0;0.0;1.0;B01
22759;201300015039;0;7;0;0.0;2.0;0.0;6.0;A01
22760;201300015039;0;7;0;0.0;2.0;0.0;1.0;C01
22761;201300015041;0;7;0;0.0;1.0;1.0;0.0;A01
22762;201300015042;0;32;0;0.0;2.0;1.0;0.0;B01
22763;201300015042;0;7;0;0.0;2.0;1.0;0.0;A01
22764;201300015044;0;7;0;0.0;2.0;1.0;1.0;A01
22765;201300015044;0;3;0;0.0;2.0;4.0;1.0;B01
22766;201300015044;0;7;0;0.0;2.0;4.0;1.0;C01
22767;201300015046;0;7;0;0.0;9.0;3.0;15.0;A01
22768;201300015046;0;1;0;0.0;2.0;4.0;1.0;B01
22769;201300015047;0;34;0;0.0;2.0;0.0;1.0;B01
22770;201300015047;0;7;0;0.0;2.0;3.0;0.0;A01
22771;201300015048;0;7;0;0.0;2.0;3.0;9.0;A01
22772;201300015048;0;34;0;0.0;2.0;2.0;1.0;B01
22773;201300015049;0;7;0;0.0;1.0;3.0;15.0;A01
22774;201300015050;0;7;0;0.0;2.0;1.0;15.0;A01
22775;201300015050;0;30;0;0.0;2.0;7.0;1.0;B01
22776;201300015051;0;7;0;0.0;2.0;1.0;2.0;A01
22777;201300015051;0;7;0;0.0;2.0;5.0;23.0;B01
22778;201300015052;0;33;0;0.0;1.0;1.0;1.0;A01
22779;201300015053;0;7;0;0.0;1.0;1.0;9.0;A01
22780;201300015054;0;7;0;0.0;1.0;2.0;1.0;A01
22781;201300015055;0;7;0;0.0;2.0;1.0;1.0;A01
22782;201300015055;0;2;0;0.0;0.0;8.0;1.0;B01
22783;201300015056;0;7;0;0.0;0.0;2.0;10.0;A01
22784;201300015056;0;34;0;1.0;2.0;6.0;1.0;B01
22785;201300015057;0;14;0;6.0;1.0;3.0;1.0;A01
22786;201300015058;0;7;0;0.0;0.0;3.0;0.0;A01
22787;201300015059;0;15;0;0.0;2.0;2.0;15.0;B01
22788;201300015059;0;7;0;0.0;2.0;1.0;1.0;A01
22789;201300015060;0;7;0;0.0;2.0;6.0;1.0;A01
22790;201300015060;0;32;0;0.0;2.0;1.0;2.0;B01
22791;201300015061;1;7;0;0.0;2.0;8.0;10.0;Z01
22792;201300015061;0;33;0;0.0;2.0;3.0;17.0;A01
22793;201300015062;0;7;0;0.0;1.0;3.0;1.0;A01
22794;201300015063;0;30;0;0.0;0.0;7.0;2.0;A01
22795;201300015064;0;33;0;0.0;2.0;1.0;1.0;B01
22796;201300015064;0;7;0;0.0;2.0;3.0;5.0;A01
22797;201300015065;0;33;0;0.0;2.0;8.0;15.0;B01
22798;201300015065;0;7;0;0.0;2.0;1.0;9.0;A01
22799;201300015066;0;37;140;0.0;1.0;2.0;13.0;A01
22800;201300015067;0;32;0;0.0;2.0;8.0;1.0;B01
22801;201300015067;0;7;0;0.0;2.0;1.0;19.0;A01
22802;201300015068;0;7;0;0.0;2.0;3.0;0.0;A01
22803;201300015068;0;32;0;0.0;2.0;7.0;17.0;B01
22804;201300015069;0;14;0;0.0;1.0;1.0;2.0;A01
22805;201300015069;0;32;0;0.0;2.0;8.0;0.0;B01
22806;201300015070;0;7;0;0.0;2.0;1.0;1.0;A01
22807;201300015070;0;7;0;0.0;2.0;4.0;1.0;B01
22808;201300015071;0;7;0;0.0;2.0;8.0;15.0;B01
22809;201300015071;0;31;0;0.0;2.0;1.0;1.0;A01
22810;201300015072;0;7;0;0.0;2.0;4.0;23.0;B01
22811;201300015072;0;7;0;0.0;2.0;1.0;1.0;A01
22812;201300015073;0;7;0;0.0;2.0;5.0;13.0;A01
22813;201300015073;0;7;0;0.0;2.0;3.0;1.0;B01
22814;201300015074;0;7;0;0.0;2.0;1.0;1.0;B01
22815;201300015074;0;7;0;0.0;2.0;1.0;13.0;A01
22816;201300015075;0;7;0;0.0;1.0;1.0;1.0;A01
22817;201300015076;0;7;0;0.0;2.0;1.0;1.0;A01
22818;201300015076;0;7;0;0.0;2.0;3.0;1.0;B01
22819;201300015077;0;7;0;0.0;2.0;6.0;9.0;A01
22820;201300015077;0;30;0;0.0;2.0;1.0;1.0;B01
22821;201300015078;0;33;0;0.0;0.0;1.0;0.0;A01
22822;201300015078;0;7;0;0.0;0.0;8.0;9.0;B01
22823;201300015079;0;7;0;0.0;2.0;8.0;0.0;A01
22824;201300015079;0;7;0;0.0;2.0;3.0;0.0;B01
22825;201300015080;1;7;0;0.0;1.0;1.0;1.0;Z01
22826;201300015082;0;7;0;0.0;2.0;1.0;0.0;A01
22827;201300015082;0;33;0;0.0;2.0;3.0;0.0;B01
22828;201300015083;0;7;0;0.0;1.0;1.0;0.0;A01
22829;201300015083;0;7;0;0.0;1.0;3.0;1.0;B01
22830;201300015084;0;10;0;0.0;2.0;8.0;2.0;B01
22831;201300015084;0;7;0;0.0;2.0;7.0;2.0;A01
22832;201300015085;0;7;0;0.0;0.0;6.0;2.0;C01
22833;201300015085;0;7;0;0.0;2.0;4.0;2.0;B01
22834;201300015085;0;7;0;0.0;2.0;1.0;2.0;A01
22835;201300015086;1;7;0;0.0;1.0;5.0;0.0;Z01
22836;201300015087;0;7;0;0.0;2.0;1.0;1.0;A01
22837;201300015087;0;10;0;0.0;2.0;4.0;1.0;B01
22838;201300015088;0;7;0;0.0;2.0;2.0;1.0;A01
22839;201300015088;0;7;0;0.0;2.0;1.0;1.0;B01
22840;201300015089;0;7;0;0.0;2.0;3.0;6.0;A01
22841;201300015089;0;33;0;0.0;2.0;1.0;17.0;B01
22842;201300015090;0;7;0;0.0;0.0;6.0;2.0;B01
22843;201300015090;0;32;0;0.0;2.0;1.0;2.0;A01
22844;201300015091;0;33;0;0.0;2.0;1.0;1.0;B01
22845;201300015091;0;7;0;0.0;2.0;3.0;19.0;A01
22846;201300015092;1;7;0;0.0;2.0;1.0;1.0;Z01
22847;201300015092;0;7;0;0.0;2.0;0.0;1.0;B01
22848;201300015092;0;7;0;7.0;2.0;7.0;16.0;A01
22849;201300015093;0;7;0;0.0;1.0;1.0;0.0;A01
22850;201300015094;0;10;0;0.0;2.0;1.0;1.0;A01
22851;201300015094;0;10;0;0.0;2.0;8.0;1.0;B01
22852;201300015095;0;7;0;0.0;2.0;3.0;13.0;A01
22853;201300015095;0;30;0;0.0;2.0;2.0;17.0;B01
22854;201300015096;0;7;0;0.0;2.0;1.0;1.0;B01
22855;201300015096;1;7;0;0.0;2.0;7.0;0.0;Z01
22856;201300015097;0;7;0;0.0;2.0;1.0;2.0;C01
22857;201300015097;0;7;0;0.0;2.0;1.0;2.0;A01
22858;201300015097;0;7;0;0.0;2.0;4.0;2.0;B01
22859;201300015098;0;7;0;0.0;1.0;1.0;1.0;A01
22860;201300015099;0;32;0;0.0;2.0;7.0;17.0;A01
22861;201300015099;0;7;0;0.0;2.0;3.0;1.0;B01
22862;201300015100;0;7;0;6.0;0.0;0.0;1.0;A01
22863;201300015101;0;7;0;0.0;2.0;6.0;2.0;B01
22864;201300015101;0;31;0;0.0;2.0;1.0;3.0;A01
22865;201300015102;0;7;0;0.0;1.0;1.0;1.0;A01
22866;201300015103;0;33;0;0.0;2.0;1.0;1.0;B01
22867;201300015103;0;7;0;0.0;2.0;3.0;9.0;A01
22868;201300015104;0;7;0;0.0;2.0;1.0;1.0;A01
22869;201300015104;0;7;0;0.0;2.0;3.0;9.0;B01
22870;201300015105;0;7;0;0.0;2.0;8.0;13.0;B01
22871;201300015105;0;30;0;0.0;2.0;1.0;17.0;A01
22872;201300015106;0;33;0;0.0;2.0;1.0;1.0;B01
22873;201300015106;0;7;0;0.0;2.0;8.0;10.0;A01
22874;201300015107;0;34;0;0.0;0.0;0.0;0.0;A01
22875;201300015108;1;7;0;0.0;0.0;0.0;0.0;Z01
22876;201300015108;0;33;0;14.0;2.0;2.0;1.0;A01
22877;201300015109;0;2;0;0.0;2.0;1.0;0.0;B01
22878;201300015109;0;7;0;0.0;2.0;3.0;0.0;A01
22879;201300015110;0;32;0;0.0;2.0;2.0;17.0;B01
22880;201300015110;0;7;0;0.0;2.0;6.0;15.0;A01
22881;201300015111;0;37;1;1.0;2.0;1.0;2.0;A01
22882;201300015111;0;7;0;0.0;2.0;4.0;7.0;B01
22883;201300015112;0;7;0;0.0;2.0;4.0;2.0;B01
22884;201300015112;0;7;0;0.0;2.0;1.0;2.0;A01
22885;201300015113;0;7;0;0.0;2.0;1.0;2.0;A01
22886;201300015113;0;7;0;0.0;2.0;4.0;2.0;B01
22887;201300015114;0;34;0;0.0;2.0;1.0;1.0;A01
22888;201300015114;0;7;0;0.0;2.0;3.0;16.0;B01
22889;201300015114;0;7;0;0.0;2.0;4.0;23.0;C01
22890;201300015115;0;32;0;0.0;2.0;1.0;1.0;A01
22891;201300015115;0;32;0;0.0;2.0;7.0;1.0;B01
22892;201300015116;0;7;0;0.0;2.0;3.0;17.0;B01
22893;201300015116;0;32;0;0.0;2.0;1.0;17.0;A01
22894;201300015117;0;7;0;0.0;2.0;4.0;2.0;B01
22895;201300015117;0;7;0;0.0;2.0;1.0;2.0;A01
22896;201300015119;0;32;0;0.0;2.0;1.0;13.0;A01
22897;201300015119;0;7;0;0.0;2.0;8.0;1.0;B01
22898;201300015120;0;34;0;0.0;1.0;9.0;1.0;A01
22899;201300015121;0;32;0;0.0;0.0;8.0;2.0;A01
22900;201300015122;0;7;0;0.0;1.0;2.0;1.0;A01
22901;201300015123;0;7;0;0.0;0.0;3.0;0.0;B01
22902;201300015123;0;7;0;0.0;0.0;3.0;11.0;A01
22903;201300015124;0;10;0;0.0;2.0;1.0;15.0;A01
22904;201300015124;0;10;0;0.0;2.0;7.0;1.0;B01
22905;201300015125;0;33;0;0.0;2.0;1.0;0.0;A01
22906;201300015125;0;7;0;0.0;0.0;5.0;0.0;B01
22907;201300015126;0;7;0;0.0;0.0;2.0;2.0;B01
22908;201300015126;0;32;0;0.0;2.0;6.0;1.0;A01
22909;201300015127;0;7;0;0.0;2.0;9.0;2.0;B01
22910;201300015127;0;7;0;0.0;2.0;1.0;2.0;A01
22911;201300015127;0;7;0;0.0;2.0;4.0;15.0;C01
22912;201300015128;0;7;0;0.0;2.0;3.0;1.0;B01
22913;201300015128;0;2;0;0.0;2.0;0.0;17.0;A01
22914;201300015129;0;7;0;0.0;2.0;8.0;1.0;A01
22915;201300015129;0;7;0;0.0;2.0;6.0;1.0;C01
22916;201300015129;0;7;0;0.0;2.0;1.0;1.0;B01
22917;201300015130;0;7;0;0.0;1.0;3.0;1.0;A01
22918;201300015131;0;7;0;0.0;2.0;6.0;15.0;A01
22919;201300015131;0;34;0;0.0;2.0;1.0;1.0;B01
22920;201300015132;0;7;0;0.0;0.0;0.0;1.0;A01
22921;201300015133;0;7;0;4.0;0.0;1.0;1.0;A01
22922;201300015134;0;2;0;12.0;0.0;7.0;1.0;A01
22923;201300015136;0;2;0;0.0;2.0;1.0;1.0;B01
22924;201300015136;0;7;0;0.0;2.0;3.0;11.0;A01
22925;201300015137;1;34;0;0.0;0.0;0.0;0.0;Z01
22926;201300015137;0;30;0;0.0;0.0;8.0;15.0;A01
22927;201300015138;0;7;0;0.0;2.0;1.0;2.0;A01
22928;201300015138;0;7;0;0.0;2.0;4.0;2.0;B01
22929;201300015139;0;7;0;0.0;2.0;3.0;17.0;A01
22930;201300015139;0;7;0;0.0;2.0;3.0;1.0;B01
22931;201300015140;0;33;0;0.0;2.0;8.0;2.0;B01
22932;201300015140;0;7;0;0.0;2.0;5.0;2.0;A01
22933;201300015141;0;7;0;0.0;2.0;1.0;2.0;B01
22934;201300015141;0;7;0;0.0;2.0;3.0;2.0;C01
22935;201300015141;0;7;0;0.0;0.0;1.0;11.0;A01
22936;201300015141;0;7;0;0.0;2.0;1.0;2.0;D01
22937;201300015142;0;33;0;0.0;2.0;2.0;1.0;B01