;Num_Acc;senc;catv;occutc;obs;obsm;choc;manv;num_veh
22938;201300015142;0;7;0;0.0;2.0;4.0;11.0;A01
22939;201300015143;0;7;0;0.0;1.0;1.0;2.0;A01
22940;201300015144;0;32;0;0.0;0.0;0.0;0.0;A01
22941;201300015145;0;7;0;0.0;2.0;5.0;1.0;B01
22942;201300015145;0;32;0;0.0;2.0;1.0;1.0;A01
22943;201300015147;0;7;0;0.0;0.0;4.0;2.0;B01
22944;201300015147;0;7;0;0.0;2.0;1.0;2.0;A01
22945;201300015148;0;10;0;0.0;2.0;4.0;1.0;B01
22946;201300015148;0;14;0;0.0;2.0;1.0;21.0;A01
22947;201300015150;0;30;0;0.0;2.0;6.0;2.0;A01
22948;201300015150;0;7;0;0.0;2.0;6.0;15.0;B01
22949;201300015151;1;7;0;0.0;1.0;1.0;0.0;Z01
22950;201300015152;1;99;0;0.0;0.0;0.0;0.0;Z01
22951;201300015152;0;7;0;12.0;0.0;5.0;1.0;A01
22952;201300015153;0;33;0;0.0;0.0;4.0;1.0;B01
22953;201300015153;0;7;0;0.0;0.0;1.0;9.0;A01
22954;201300015154;0;14;0;0.0;2.0;0.0;17.0;A01
22955;201300015154;0;7;0;0.0;2.0;8.0;0.0;B01
22956;201300015155;0;34;0;0.0;2.0;8.0;15.0;A01
22957;201300015155;0;32;0;0.0;2.0;1.0;1.0;B01
22958;201300015156;0;7;0;0.0;0.0;6.0;0.0;B01
22959;201300015156;0;2;0;0.0;2.0;1.0;0.0;A01
22960;201300015157;0;2;0;0.0;0.0;0.0;0.0;A01
22961;201300015157;0;10;0;0.0;0.0;0.0;1.0;B01
22962;201300015158;1;7;0;0.0;0.0;0.0;2.0;Z01
22963;201300015158;0;1;0;0.0;0.0;8.0;2.0;A01
22964;201300015159;0;33;0;0.0;2.0;8.0;1.0;B01
22965;201300015159;0;7;0;0.0;2.0;1.0;9.0;A01
22966;201300015160;0;31;0;0.0;1.0;3.0;1.0;A01
22967;201300015161;0;30;0;0.0;2.0;4.0;2.0;A01
22968;201300015161;0;7;0;0.0;2.0;4.0;1.0;B01
22969;201300015162;0;7;0;0.0;1.0;8.0;1.0;A01
22970;201300015163;0;10;0;0.0;1.0;6.0;4.0;A01
22971;201300015164;0;7;0;0.0;2.0;7.0;2.0;B01
22972;201300015164;0;32;0;0.0;2.0;8.0;2.0;A01
22973;201300015165;0;7;0;0.0;2.0;4.0;2.0;B01
22974;201300015165;0;7;0;0.0;2.0;1.0;2.0;A01
22975;201300015166;0;32;0;0.0;0.0;0.0;0.0;A01
22976;201300015167;0;33;0;0.0;1.0;1.0;0.0;A01
22977;201300015168;1;7;0;0.0;2.0;1.0;2.0;Z01
22978;201300015168;0;32;0;0.0;0.0;4.0;23.0;B01
22979;201300015170;0;30;0;0.0;2.0;1.0;1.0;B01
22980;201300015170;0;7;0;0.0;2.0;3.0;15.0;A01
22981;201300015171;2;30;0;0.0;1.0;1.0;0.0;A01
22982;201300015172;0;10;0;0.0;2.0;7.0;1.0;B01
22983;201300015172;0;7;0;0.0;2.0;8.0;1.0;A01
22984;201300015173;0;33;0;0.0;0.0;1.0;1.0;B01
22985;201300015173;0;7;0;0.0;0.0;2.0;15.0;A01
22986;201300015174;0;34;0;0.0;0.0;0.0;1.0;A01
22987;201300015175;0;3;0;4.0;2.0;2.0;1.0;A01
22988;201300015175;0;7;0;0.0;2.0;1.0;2.0;B01
22989;201300015176;0;7;0;0.0;2.0;2.0;12.0;A01
22990;201300015176;0;32;0;0.0;2.0;3.0;1.0;B01
22991;201300015177;0;7;0;0.0;2.0;8.0;1.0;B01
22992;201300015177;0;7;0;0.0;2.0;0.0;1.0;A01
22993;201300015178;0;32;0;0.0;0.0;0.0;1.0;A01
22994;201300015179;0;32;0;0.0;2.0;8.0;0.0;B01
22995;201300015179;0;3;0;0.0;2.0;7.0;0.0;A01
22996;201300015182;0;7;0;0.0;2.0;3.0;15.0;A01
22997;201300015182;0;33;0;0.0;2.0;8.0;1.0;B01
22998;201300015184;0;7;0;0.0;2.0;4.0;2.0;C01
22999;201300015184;0;7;0;0.0;2.0;1.0;2.0;A01
23000;201300015184;0;7;0;0.0;2.0;1.0;2.0;B01
23001;201300015185;0;7;0;0.0;2.0;8.0;15.0;B01
23002;201300015185;0;2;0;0.0;2.0;3.0;3.0;A01
23003;201300015186;0;30;0;0.0;2.0;1.0;1.0;B01
23004;201300015186;0;7;0;0.0;2.0;2.0;19.0;A01
23005;201300015187;0;33;0;0.0;2.0;9.0;1.0;A01
23006;201300015187;0;7;0;0.0;2.0;6.0;19.0;B01
23007;201300015188;0;7;0;0.0;2.0;3.0;1.0;A01
23008;201300015188;0;1;0;0.0;2.0;8.0;15.0;B01
23009;201300015189;0;37;1;0.0;0.0;3.0;7.0;A01
23010;201300015189;1;7;0;1.0;2.0;1.0;0.0;Z01
23011;201300015190;0;32;0;0.0;2.0;1.0;1.0;B01
23012;201300015190;0;7;0;0.0;2.0;7.0;15.0;A01
23013;201300015191;0;7;0;0.0;2.0;3.0;15.0;A01
23014;201300015191;0;33;0;0.0;2.0;1.0;1.0;B01
23015;201300015192;0;33;0;0.0;1.0;1.0;17.0;A01
23016;201300015193;0;34;0;0.0;2.0;0.0;1.0;B01
23017;201300015193;0;30;0;0.0;2.0;1.0;1.0;C01
23018;201300015193;0;7;0;0.0;2.0;7.0;15.0;A01
23019;201300015194;0;2;0;0.0;0.0;0.0;0.0;A01
23020;201300015195;0;7;0;0.0;2.0;3.0;1.0;B01
23021;201300015195;0;7;0;0.0;2.0;3.0;9.0;A01
23022;201300015196;0;7;0;0.0;0.0;0.0;0.0;B01
23023;201300015196;0;7;0;0.0;2.0;1.0;0.0;A01
23024;201300015197;0;30;0;0.0;0.0;1.0;21.0;A01
23025;201300015198;0;2;0;0.0;1.0;1.0;2.0;A01
23026;201300015199;0;7;0;0.0;2.0;1.0;5.0;A01
23027;201300015199;0;7;0;1.0;2.0;3.0;0.0;B01
23028;201300015200;0;7;0;0.0;2.0;4.0;23.0;C01
23029;201300015200;0;10;0;0.0;2.0;4.0;23.0;B01
23030;201300015200;0;14;0;0.0;2.0;1.0;2.0;A01
23031;201300015200;0;7;0;0.0;2.0;4.0;23.0;D01
23032;201300015201;0;7;0;8.0;0.0;7.0;0.0;A01
23033;201300015202;0;7;0;0.0;1.0;3.0;1.0;A01
23034;201300015203;0;37;3;0.0;1.0;5.0;10.0;A01
23035;201300015204;0;10;0;0.0;0.0;0.0;23.0;E01
23036;201300015204;0;7;0;1.0;2.0;7.0;22.0;B01
23037;201300015204;0;30;0;1.0;2.0;1.0;7.0;A01
23038;201300015205;0;33;0;0.0;2.0;1.0;1.0;B01
23039;201300015205;0;7;0;0.0;2.0;1.0;1.0;A01
23040;201300015206;0;7;0;0.0;2.0;1.0;0.0;B01
23041;201300015206;0;7;0;0.0;2.0;1.0;5.0;A01
23042;201300015207;0;33;0;0.0;2.0;8.0;2.0;A01
23043;201300015207;0;7;0;0.0;2.0;6.0;2.0;B01
23044;201300015208;0;7;0;0.0;2.0;2.0;2.0;A01
23045;201300015208;0;33;0;0.0;2.0;4.0;23.0;B01
23046;201300015209;1;7;0;0.0;2.0;0.0;10.0;Z01
23047;201300015209;0;33;0;0.0;2.0;3.0;1.0;A01
23048;201300015210;0;7;0;6.0;0.0;2.0;2.0;A01
23049;201300015211;0;7;0;0.0;2.0;3.0;1.0;B01
23050;201300015211;0;7;0;0.0;2.0;1.0;1.0;A01
23051;201300015212;0;2;0;0.0;2.0;3.0;21.0;B01
23052;201300015212;0;10;0;0.0;0.0;5.0;4.0;A01
23053;201300015213;0;33;0;0.0;2.0;1.0;2.0;B01
23054;201300015213;0;7;0;0.0;2.0;3.0;15.0;A01
23055;201300015214;0;32;0;0.0;2.0;1.0;1.0;A01
23056;201300015214;0;7;0;0.0;2.0;3.0;1.0;B01
23057;201300015215;0;30;0;0.0;0.0;8.0;21.0;A01
23058;201300015216;0;30;0;0.0;2.0;1.0;1.0;A01
23059;201300015216;0;7;0;0.0;2.0;3.0;15.0;B01
23060;201300015218;0;30;0;0.0;0.0;0.0;7.0;A01
23061;201300015219;0;7;0;0.0;0.0;4.0;2.0;B01
23062;201300015219;0;7;0;0.0;2.0;1.0;2.0;A01
23063;201300015220;0;7;0;0.0;2.0;3.0;1.0;B01
23064;201300015220;0;7;0;0.0;2.0;3.0;1.0;A01
23065;201300015221;0;7;0;16.0;0.0;9.0;16.0;A01
23066;201300015222;0;7;0;0.0;1.0;1.0;0.0;A01
23067;201300015223;0;7;0;0.0;2.0;1.0;2.0;A01
23068;201300015223;0;7;0;0.0;2.0;4.0;2.0;B01
23069;201300015224;0;32;0;0.0;2.0;0.0;1.0;A01
23070;201300015225;0;7;0;0.0;2.0;0.0;1.0;B01
23071;201300015225;1;7;0;0.0;0.0;0.0;0.0;Z01
23072;201300015226;0;34;0;0.0;2.0;2.0;1.0;B01
23073;201300015226;0;7;0;0.0;2.0;3.0;10.0;A01
23074;201300015227;0;7;0;0.0;2.0;2.0;9.0;B01
23075;201300015227;0;30;0;0.0;2.0;1.0;3.0;A01
23076;201300015228;0;7;0;0.0;0.0;1.0;0.0;B01
23077;201300015228;0;7;0;0.0;2.0;4.0;0.0;A01
23078;201300015229;0;30;0;0.0;2.0;4.0;1.0;B01
23079;201300015229;0;7;0;0.0;2.0;1.0;1.0;A01
23080;201300015230;0;7;0;0.0;2.0;3.0;2.0;A01
23081;201300015230;0;1;0;0.0;2.0;4.0;2.0;B01
23082;201300015231;0;7;0;0.0;2.0;1.0;1.0;A01
23083;201300015231;0;7;0;0.0;2.0;1.0;1.0;B01
23084;201300015232;1;33;0;0.0;2.0;8.0;1.0;B01
23085;201300015232;0;7;0;0.0;2.0;2.0;10.0;A01
23086;201300015233;0;7;0;0.0;2.0;3.0;15.0;A01
23087;201300015233;0;2;0;0.0;2.0;1.0;0.0;B01
23088;201300015234;0;37;1;0.0;2.0;3.0;2.0;B01
23089;201300015234;0;7;0;0.0;2.0;3.0;13.0;A01
23090;201300015235;0;7;0;0.0;0.0;1.0;2.0;A01
23091;201300015235;0;7;0;0.0;0.0;0.0;2.0;C01
23092;201300015235;0;7;0;0.0;0.0;4.0;2.0;B01
23093;201300015236;0;7;0;0.0;2.0;8.0;23.0;A01
23094;201300015236;1;33;0;0.0;1.0;0.0;0.0;Z01
23095;201300015237;0;7;0;0.0;2.0;2.0;15.0;A01
23096;201300015237;0;34;0;0.0;2.0;1.0;1.0;B01
23097;201300015238;0;7;0;0.0;2.0;4.0;2.0;B01
23098;201300015238;0;7;0;0.0;2.0;1.0;2.0;A01
23099;201300015239;0;7;0;0.0;9.0;3.0;1.0;A01
23100;201300015239;0;1;0;0.0;0.0;0.0;1.0;B01
23101;201300015240;0;7;0;0.0;1.0;1.0;1.0;A01
23102;201300015241;0;10;0;0.0;2.0;1.0;1.0;B01
23103;201300015241;0;7;0;1.0;2.0;1.0;5.0;A01
23104;201300015243;0;10;0;0.0;1.0;4.0;4.0;A01
23105;201300015244;0;7;0;0.0;2.0;1.0;0.0;B01
23106;201300015244;0;7;0;0.0;2.0;2.0;5.0;A01
23107;201300015245;0;7;0;15.0;1.0;7.0;1.0;A01
23108;201300015248;1;34;0;0.0;1.0;1.0;0.0;Z01
23109;201300015249;0;7;0;0.0;2.0;3.0;2.0;A01
23110;201300015249;0;7;0;0.0;0.0;4.0;23.0;B01
23111;201300015250;0;3;0;12.0;0.0;9.0;0.0;A01
23112;201300015251;0;7;0;0.0;2.0;3.0;9.0;A01
23113;201300015251;0;7;0;0.0;2.0;7.0;1.0;B01
23114;201300015252;0;7;0;0.0;2.0;1.0;2.0;A01
23115;201300015252;0;7;0;0.0;2.0;4.0;2.0;B01
23116;201300015252;1;7;0;0.0;2.0;4.0;2.0;Z01
23117;201300015252;1;7;0;0.0;2.0;1.0;2.0;X01
23118;201300015253;0;7;0;0.0;1.0;1.0;1.0;A01
23119;201300015254;0;7;0;6.0;0.0;9.0;1.0;A01
23120;201300015255;0;34;0;0.0;2.0;1.0;17.0;B01
23121;201300015255;0;7;0;0.0;2.0;3.0;20.0;A01
23122;201300015256;0;32;0;0.0;2.0;1.0;5.0;A01
23123;201300015256;0;3;0;0.0;2.0;8.0;15.0;B01
23124;201300015257;0;7;0;0.0;2.0;4.0;2.0;B01
23125;201300015257;0;37;7;0.0;2.0;1.0;2.0;A01
23126;201300015258;0;2;0;0.0;1.0;1.0;1.0;A01
23127;201300015259;0;7;0;2.0;0.0;2.0;21.0;A01
23128;201300015260;0;34;0;0.0;2.0;1.0;2.0;A01
23129;201300015260;0;7;0;0.0;2.0;8.0;15.0;B01
23130;201300015261;0;7;0;0.0;2.0;8.0;15.0;A01
23131;201300015261;0;30;0;0.0;2.0;7.0;21.0;B01
23132;201300015262;0;30;0;12.0;0.0;0.0;1.0;A01
23133;201300015263;0;7;0;0.0;2.0;6.0;0.0;B01
23134;201300015263;0;33;0;0.0;2.0;1.0;0.0;A01
23135;201300015264;0;30;0;0.0;0.0;8.0;2.0;A01
23136;201300015266;0;7;0;0.0;2.0;2.0;0.0;A01
23137;201300015266;0;7;0;1.0;2.0;3.0;0.0;B01
23138;201300015267;0;10;0;0.0;1.0;7.0;1.0;A01
23139;201300015268;0;7;0;0.0;2.0;2.0;0.0;B01
23140;201300015268;0;34;0;0.0;2.0;2.0;0.0;A01
23141;201300015269;0;7;0;0.0;0.0;1.0;0.0;A01
23142;201300015269;0;7;0;0.0;0.0;4.0;0.0;C01
23143;201300015269;0;7;0;0.0;0.0;4.0;1.0;B01
23144;201300015270;0;7;0;0.0;0.0;0.0;0.0;B01
23145;201300015270;0;7;0;0.0;0.0;0.0;0.0;A01
23146;201300015270;0;32;0;0.0;0.0;0.0;0.0;C01
23147;201300015271;0;33;0;0.0;1.0;1.0;1.0;A01
23148;201300015273;0;7;0;0.0;2.0;2.0;2.0;A01
23149;201300015273;0;30;0;0.0;0.0;8.0;2.0;B01
23150;201300015274;0;1;0;0.0;2.0;3.0;11.0;B01
23151;201300015274;0;2;0;0.0;2.0;2.0;2.0;A01
23152;201300015275;0;7;0;0.0;2.0;1.0;2.0;A01
23153;201300015275;0;31;0;0.0;0.0;7.0;15.0;B01
23154;201300015276;0;10;0;0.0;1.0;2.0;2.0;A01
23155;201300015277;0;7;0;0.0;1.0;2.0;1.0;A01
23156;201300015278;0;34;0;0.0;2.0;1.0;1.0;B01
23157;201300015278;0;7;0;0.0;2.0;5.0;15.0;A01
23158;201300015279;1;7;0;0.0;4.0;3.0;3.0;Z01
23159;201300015279;0;33;0;0.0;2.0;1.0;1.0;B01
23160;201300015280;0;30;0;0.0;0.0;7.0;21.0;A01
23161;201300015281;0;7;0;0.0;0.0;1.0;0.0;A01
23162;201300015281;0;30;0;0.0;0.0;0.0;0.0;B01
23163;201300015282;0;7;0;0.0;2.0;1.0;21.0;A01
23164;201300015282;0;7;0;8.0;2.0;4.0;1.0;B01
23165;201300015283;0;7;0;1.0;2.0;1.0;13.0;A01
23166;201300015283;0;34;0;0.0;2.0;1.0;0.0;B01
23167;201300015284;0;2;0;0.0;2.0;0.0;21.0;A01
23168;201300015285;0;30;0;0.0;2.0;3.0;2.0;A01
23169;201300015285;0;7;0;0.0;0.0;4.0;2.0;B01
23170;201300015286;0;7;0;0.0;1.0;8.0;2.0;A01
23171;201300015287;0;33;0;0.0;2.0;3.0;1.0;B01
23172;201300015287;0;7;0;0.0;2.0;1.0;15.0;A01
23173;201300015288;0;7;0;0.0;2.0;0.0;13.0;A01
23174;201300015288;0;34;0;0.0;2.0;8.0;2.0;B01
23175;201300015289;0;7;0;0.0;1.0;2.0;1.0;A01
23176;201300015290;0;7;0;1.0;0.0;3.0;1.0;A01
23177;201300015291;0;32;0;0.0;2.0;2.0;2.0;A01
23178;201300015291;0;7;0;0.0;2.0;4.0;1.0;B01
23179;201300015292;0;2;0;0.0;0.0;0.0;0.0;A01
23180;201300015293;0;7;0;0.0;2.0;3.0;1.0;A01
23181;201300015293;0;7;0;0.0;2.0;2.0;1.0;B01
23182;201300015294;0;34;0;0.0;2.0;1.0;1.0;A01
23183;201300015294;1;30;0;0.0;0.0;0.0;0.0;Z01
23184;201300015295;0;32;0;0.0;2.0;2.0;14.0;A01
23185;201300015295;0;7;0;0.0;2.0;3.0;23.0;B01
23186;201300015296;0;37;20;0.0;1.0;1.0;0.0;A01
23187;201300015297;0;7;0;0.0;2.0;8.0;1.0;B01
23188;201300015297;0;34;0;0.0;2.0;1.0;5.0;A01
23189;201300015298;0;7;0;0.0;1.0;1.0;16.0;A01
23190;201300015299;1;7;0;0.0;1.0;1.0;17.0;Z01
23191;201300015300;0;10;0;0.0;2.0;3.0;10.0;A01
23192;201300015300;0;32;0;0.0;2.0;2.0;2.0;B01
23193;201300015301;0;7;0;0.0;1.0;1.0;9.0;A01
23194;201300015302;0;7;0;0.0;0.0;3.0;5.0;A01
23195;201300015302;0;33;0;0.0;4.0;7.0;21.0;B01
23196;201300015303;0;7;0;0.0;2.0;4.0;23.0;B01
23197;201300015303;1;7;0;0.0;2.0;1.0;1.0;Z01
23198;201300015305;0;7;0;0.0;1.0;3.0;0.0;A01
23199;201300015306;0;34;0;0.0;0.0;1.0;0.0;A01
23200;201300015308;0;34;0;0.0;1.0;3.0;0.0;A01
23201;201300015309;0;7;0;0.0;2.0;8.0;2.0;B01
23202;201300015309;0;32;0;0.0;2.0;8.0;2.0;A01
23203;201300015310;0;7;0;0.0;0.0;0.0;9.0;A01
23204;201300015310;0;32;0;0.0;0.0;0.0;2.0;B01
23205;201300015311;0;7;0;0.0;2.0;4.0;2.0;B01
23206;201300015311;0;7;0;0.0;2.0;1.0;2.0;A01
23207;201300015312;1;7;0;0.0;2.0;0.0;1.0;Z01
23208;201300015312;0;7;0;0.0;2.0;0.0;1.0;B01
23209;201300015313;0;7;0;0.0;2.0;7.0;0.0;B01
23210;201300015313;0;33;0;0.0;2.0;1.0;0.0;A01
23211;201300015314;0;7;0;0.0;2.0;1.0;0.0;B01
23212;201300015314;0;7;0;0.0;2.0;1.0;5.0;A01
23213;201300015315;0;7;0;11.0;0.0;2.0;1.0;A01
23214;201300015316;0;31;0;0.0;0.0;0.0;1.0;A01
23215;201300015317;0;7;0;0.0;2.0;4.0;2.0;B01
23216;201300015317;0;7;0;0.0;2.0;1.0;2.0;A01
23217;201300015318;0;32;0;0.0;2.0;8.0;1.0;A01
23218;201300015318;0;7;0;0.0;2.0;1.0;1.0;B01
23219;201300015319;0;7;0;0.0;2.0;7.0;1.0;B01
23220;201300015319;0;7;0;0.0;2.0;1.0;0.0;A01
23221;201300015320;0;7;0;16.0;2.0;3.0;9.0;A01
23222;201300015320;0;33;0;0.0;2.0;1.0;2.0;B01
23223;201300015321;0;7;0;0.0;2.0;1.0;15.0;A01
23224;201300015321;0;7;0;0.0;2.0;3.0;1.0;B01
23225;201300015323;0;32;0;0.0;2.0;1.0;2.0;A01
23226;201300015323;0;7;0;0.0;0.0;3.0;15.0;B01
23227;201300015325;0;7;0;16.0;0.0;3.0;9.0;B01
23228;201300015325;2;33;0;0.0;0.0;0.0;1.0;A01
23229;201300015326;0;7;0;0.0;1.0;7.0;1.0;A01
23230;201300015327;0;7;0;0.0;2.0;2.0;17.0;A01
23231;201300015327;0;7;0;0.0;2.0;3.0;15.0;B01
23232;201300015328;0;7;0;0.0;1.0;1.0;1.0;A01
23233;201300015329;0;7;0;0.0;2.0;1.0;2.0;A01
23234;201300015329;0;7;0;0.0;2.0;4.0;23.0;B01
23235;201300015330;0;7;0;0.0;2.0;1.0;1.0;B01
23236;201300015330;0;33;0;0.0;2.0;5.0;13.0;A01
23237;201300015331;0;7;0;0.0;1.0;4.0;4.0;A01
23238;201300015332;0;7;0;13.0;0.0;2.0;0.0;A01
23239;201300015333;0;2;0;0.0;2.0;1.0;2.0;A01
23240;201300015333;0;7;0;0.0;2.0;1.0;15.0;B01
23241;201300015334;1;7;0;0.0;1.0;0.0;0.0;Z01
23242;201300015335;0;7;0;0.0;2.0;1.0;2.0;B01
23243;201300015335;0;7;0;0.0;2.0;2.0;11.0;A01
23244;201300015336;0;30;0;0.0;1.0;3.0;1.0;A01
23245;201300015337;0;32;0;0.0;1.0;1.0;1.0;A01
23246;201300015338;0;30;0;0.0;2.0;1.0;1.0;B01
23247;201300015338;0;7;0;0.0;2.0;1.0;15.0;A01
23248;201300015339;0;33;0;0.0;2.0;1.0;1.0;B01
23249;201300015339;0;7;0;0.0;2.0;7.0;15.0;A01
23250;201300015340;0;7;0;0.0;2.0;3.0;15.0;A01
23251;201300015340;0;7;0;0.0;2.0;2.0;1.0;B01
23252;201300015341;0;7;0;0.0;1.0;0.0;0.0;A01
23253;201300015343;0;7;0;0.0;9.0;3.0;9.0;A01
23254;201300015343;0;1;0;0.0;2.0;1.0;2.0;B01
23255;201300015344;0;7;0;0.0;0.0;4.0;2.0;A01
23256;201300015344;0;7;0;0.0;2.0;1.0;2.0;C01
23257;201300015344;0;7;0;0.0;2.0;1.0;2.0;B01
23258;201300015346;0;33;0;0.0;2.0;3.0;23.0;C01
23259;201300015346;0;14;0;0.0;2.0;3.0;23.0;D01
23260;201300015346;0;10;0;0.0;2.0;4.0;2.0;A01
23261;201300015346;0;2;0;0.0;2.0;4.0;2.0;B01
23262;201300015347;0;30;0;0.0;2.0;8.0;23.0;B01
23263;201300015347;0;31;0;0.0;2.0;1.0;17.0;A01
23264;201300015349;0;2;0;0.0;2.0;8.0;1.0;B01
23265;201300015349;0;30;0;0.0;2.0;1.0;5.0;A01
23266;201300015350;1;34;0;0.0;1.0;1.0;1.0;Z01
23267;201300015351;0;7;0;0.0;1.0;1.0;0.0;A01
23268;201300015352;0;32;0;0.0;2.0;1.0;1.0;A01
23269;201300015352;1;7;0;0.0;2.0;0.0;10.0;Z01
23270;201300015353;1;7;0;0.0;2.0;1.0;1.0;Z01
23271;201300015353;0;7;0;0.0;0.0;4.0;1.0;B01
23272;201300015355;0;7;0;0.0;0.0;4.0;1.0;A01
23273;201300015355;1;7;0;0.0;2.0;1.0;1.0;Z01
23274;201300015356;0;30;0;0.0;2.0;2.0;15.0;A01
23275;201300015356;0;7;0;0.0;2.0;3.0;15.0;B01
23276;201300015357;0;7;0;0.0;2.0;4.0;1.0;B01
23277;201300015357;0;30;0;0.0;2.0;1.0;2.0;A01
23278;201300015358;0;13;0;0.0;2.0;6.0;0.0;A01
23279;201300015358;0;33;0;0.0;2.0;7.0;0.0;B01
23280;201300015359;0;7;0;0.0;9.0;3.0;1.0;B01
23281;201300015359;0;33;0;0.0;2.0;3.0;1.0;A01
23282;201300015360;0;31;0;0.0;2.0;1.0;2.0;B01
23283;201300015360;0;7;0;0.0;0.0;3.0;1.0;A01
23284;201300015362;0;7;0;0.0;2.0;7.0;1.0;C01
23285;201300015362;0;7;0;0.0;2.0;1.0;1.0;A01
23286;201300015362;0;33;0;0.0;2.0;4.0;1.0;B01
23287;201300015363;0;10;0;0.0;0.0;1.0;9.0;A01
23288;201300015363;0;31;0;0.0;0.0;5.0;1.0;B01
23289;201300015364;0;3;0;0.0;0.0;3.0;0.0;A01
23290;201300015364;0;7;0;0.0;2.0;3.0;1.0;B01
23291;201300015365;0;3;0;12.0;2.0;6.0;9.0;A01
23292;201300015365;0;3;0;0.0;0.0;2.0;1.0;B01
23293;201300015366;0;7;0;0.0;2.0;1.0;1.0;A01
23294;201300015366;0;7;0;0.0;0.0;4.0;2.0;B01
23295;201300015367;0;7;0;0.0;0.0;0.0;0.0;A01
23296;201300015367;0;7;0;0.0;0.0;0.0;0.0;B01
23297;201300015368;0;31;0;0.0;2.0;2.0;15.0;A01
23298;201300015368;0;7;0;0.0;2.0;3.0;1.0;B01
23299;201300015369;0;7;0;0.0;2.0;3.0;15.0;A01
23300;201300015369;0;33;0;0.0;2.0;3.0;1.0;B01
23301;201300015370;0;7;0;0.0;1.0;4.0;4.0;A01
23302;201300015371;0;7;0;0.0;2.0;3.0;1.0;B01
23303;201300015371;0;7;0;0.0;2.0;3.0;13.0;A01
23304;201300015371;0;7;0;0.0;2.0;3.0;1.0;C01
23305;201300015372;0;30;0;0.0;2.0;0.0;1.0;B01
23306;201300015372;0;7;0;0.0;2.0;7.0;15.0;A01
23307;201300015373;0;7;0;0.0;1.0;1.0;0.0;A01
23308;201300015374;0;7;0;0.0;1.0;3.0;15.0;A01
23309;201300015375;0;7;0;0.0;2.0;1.0;2.0;A01
23310;201300015375;0;30;0;0.0;0.0;4.0;2.0;B01
23311;201300015376;0;7;0;0.0;1.0;3.0;1.0;A01
23312;201300015377;0;7;0;0.0;2.0;1.0;1.0;A01
23313;201300015377;0;7;0;0.0;2.0;4.0;1.0;B01
23314;201300015377;0;7;0;0.0;2.0;4.0;1.0;C01
23315;201300015378;0;7;0;0.0;1.0;1.0;9.0;A01
23316;201300015379;1;7;0;0.0;0.0;6.0;0.0;Z01
23317;201300015379;0;7;0;0.0;2.0;3.0;0.0;A01
23318;201300015380;0;7;0;0.0;2.0;4.0;2.0;C01
23319;201300015380;0;10;0;0.0;2.0;1.0;2.0;A01
23320;201300015380;0;10;0;0.0;2.0;4.0;1.0;B01
23321;201300015381;0;7;0;0.0;2.0;6.0;9.0;A01
23322;201300015381;0;30;0;0.0;2.0;2.0;1.0;B01
23323;201300015382;0;7;0;0.0;0.0;7.0;2.0;B01
23324;201300015382;0;7;0;0.0;2.0;1.0;19.0;A01
23325;201300015383;1;10;0;0.0;2.0;8.0;11.0;Z01
23326;201300015383;0;31;0;0.0;2.0;7.0;1.0;A01
23327;201300015384;0;30;0;0.0;2.0;4.0;2.0;B01
23328;201300015384;0;7;0;0.0;2.0;1.0;2.0;A01
23329;201300015384;0;7;0;0.0;2.0;6.0;2.0;C01
23330;201300015385;0;30;0;0.0;0.0;0.0;1.0;B01
23331;201300015385;0;30;0;0.0;0.0;0.0;1.0;A01
23332;201300015386;0;7;0;0.0;2.0;1.0;2.0;A01
23333;201300015386;0;7;0;0.0;2.0;4.0;2.0;B01
23334;201300015388;0;32;0;0.0;2.0;0.0;2.0;A01
23335;201300015388;0;7;0;0.0;2.0;0.0;2.0;B01
23336;201300015389;0;7;0;0.0;2.0;6.0;23.0;B01
23337;201300015389;0;7;0;0.0;2.0;1.0;17.0;A01
23338;201300015390;0;32;0;14.0;0.0;0.0;0.0;A01
23339;201300015391;0;7;0;0.0;2.0;4.0;23.0;B01
23340;201300015391;1;7;0;0.0;2.0;0.0;1.0;Z01
23341;201300015392;1;7;0;0.0;1.0;0.0;0.0;Z01
23342;201300015393;0;7;0;0.0;2.0;0.0;0.0;B01
23343;201300015393;2;7;0;0.0;2.0;0.0;0.0;Z01
23344;201300015394;0;37;1;0.0;2.0;1.0;2.0;A01
23345;201300015394;0;7;0;0.0;2.0;4.0;2.0;B01
23346;201300015395;0;33;0;0.0;2.0;1.0;1.0;B01
23347;201300015395;0;7;0;0.0;2.0;7.0;9.0;A01
23348;201300015396;0;7;0;0.0;1.0;3.0;2.0;A01
23349;201300015397;0;7;0;0.0;2.0;1.0;0.0;A01
23350;201300015397;0;7;0;0.0;2.0;7.0;0.0;B01
23351;201300015398;0;7;0;0.0;2.0;4.0;4.0;A01
23352;201300015398;0;32;0;0.0;2.0;4.0;4.0;B01
23353;201300015399;0;7;0;0.0;2.0;8.0;15.0;B01
23354;201300015399;0;30;0;0.0;2.0;8.0;11.0;A01
23355;201300015400;0;7;0;0.0;2.0;2.0;15.0;A01
23356;201300015400;0;32;0;0.0;2.0;1.0;0.0;B01
23357;201300015402;0;7;0;0.0;1.0;4.0;4.0;A01
23358;201300015403;0;30;0;0.0;2.0;2.0;0.0;A01