;Num_Acc;senc;catv;occutc;obs;obsm;choc;manv;num_veh
23359;201300015403;0;7;0;0.0;2.0;3.0;15.0;B01
23360;201300015404;0;7;0;0.0;1.0;1.0;1.0;A01
23361;201300015405;0;32;0;0.0;2.0;1.0;20.0;B01
23362;201300015405;0;7;0;0.0;2.0;3.0;21.0;A01
23363;201300015406;0;33;0;0.0;0.0;7.0;1.0;B01
23364;201300015406;0;7;0;0.0;0.0;3.0;10.0;A01
23365;201300015407;0;7;0;1.0;0.0;2.0;2.0;A01
23366;201300015407;0;10;0;0.0;2.0;6.0;0.0;B01
23367;201300015408;0;32;0;0.0;0.0;3.0;0.0;A01
23368;201300015409;0;7;0;8.0;0.0;2.0;1.0;A01
23369;201300015410;0;7;0;0.0;0.0;4.0;4.0;A01
23370;201300015410;0;30;0;0.0;2.0;1.0;1.0;B01
23371;201300015411;0;7;0;0.0;0.0;3.0;16.0;A01
23372;201300015411;0;7;0;0.0;2.0;1.0;2.0;B01
23373;201300015412;0;7;0;0.0;1.0;7.0;21.0;A01
23374;201300015413;0;32;0;14.0;0.0;1.0;1.0;A01
23375;201300015414;0;7;0;0.0;1.0;2.0;1.0;A01
23376;201300015415;0;7;0;8.0;0.0;1.0;0.0;A01
23377;201300015416;0;30;0;0.0;2.0;3.0;1.0;A01
23378;201300015416;0;7;0;0.0;2.0;1.0;1.0;B01
23379;201300015417;0;7;0;0.0;0.0;4.0;23.0;C01
23380;201300015417;1;7;0;0.0;2.0;1.0;1.0;A01
23381;201300015417;0;7;0;0.0;2.0;4.0;1.0;B01
23382;201300015418;0;33;0;0.0;0.0;0.0;2.0;A01
23383;201300015419;0;7;0;0.0;0.0;4.0;9.0;A01
23384;201300015419;0;7;0;0.0;2.0;1.0;15.0;B01
23385;201300015420;0;33;0;0.0;2.0;1.0;2.0;B01
23386;201300015420;0;7;0;0.0;0.0;3.0;10.0;A01
23387;201300015421;0;7;0;0.0;1.0;1.0;0.0;A01
23388;201300015422;0;7;0;0.0;1.0;4.0;4.0;A01
23389;201300015423;0;7;0;0.0;0.0;3.0;15.0;B01
23390;201300015423;0;30;0;0.0;2.0;1.0;17.0;A01
23391;201300015424;0;32;0;0.0;2.0;1.0;1.0;B01
23392;201300015424;0;7;0;0.0;0.0;8.0;15.0;A01
23393;201300015425;1;7;0;0.0;2.0;0.0;0.0;Z01
23394;201300015425;0;30;0;0.0;2.0;0.0;0.0;B01
23395;201300015426;0;7;0;0.0;2.0;1.0;1.0;B01
23396;201300015426;2;33;0;0.0;2.0;1.0;1.0;A01
23397;201300015427;0;33;0;0.0;0.0;5.0;0.0;B01
23398;201300015427;0;7;0;0.0;0.0;3.0;0.0;A01
23399;201300015428;0;10;0;0.0;2.0;1.0;2.0;A01
23400;201300015428;0;10;0;0.0;2.0;4.0;2.0;B01
23401;201300015429;0;7;0;0.0;2.0;8.0;1.0;B01
23402;201300015429;0;7;0;0.0;2.0;3.0;13.0;A01
23403;201300015431;0;7;0;0.0;2.0;5.0;23.0;B01
23404;201300015431;0;34;0;0.0;2.0;5.0;18.0;A01
23405;201300015431;0;7;0;0.0;2.0;7.0;23.0;C01
23406;201300015432;0;7;0;0.0;2.0;1.0;0.0;A01
23407;201300015432;0;32;0;0.0;2.0;2.0;0.0;B01
23408;201300015433;0;7;0;0.0;2.0;2.0;19.0;B01
23409;201300015433;0;2;0;0.0;2.0;1.0;16.0;A01
23410;201300015434;0;32;0;0.0;2.0;0.0;0.0;B01
23411;201300015434;0;7;0;0.0;2.0;3.0;15.0;A01
23412;201300015435;0;7;0;0.0;2.0;1.0;15.0;A01
23413;201300015435;0;32;0;0.0;2.0;0.0;0.0;B01
23414;201300015436;0;7;0;0.0;1.0;3.0;1.0;A01
23415;201300015437;0;7;0;0.0;2.0;1.0;15.0;A01
23416;201300015437;0;2;0;0.0;0.0;8.0;1.0;B01
23417;201300015438;0;7;0;0.0;1.0;2.0;1.0;A01
23418;201300015439;0;7;0;0.0;2.0;2.0;16.0;B01
23419;201300015439;0;33;0;0.0;2.0;5.0;1.0;A01
23420;201300015440;0;30;0;0.0;2.0;2.0;2.0;B01
23421;201300015440;0;7;0;0.0;9.0;2.0;0.0;A01
23422;201300015441;1;7;0;0.0;2.0;2.0;16.0;Z01
23423;201300015441;0;32;0;0.0;0.0;6.0;1.0;A01
23424;201300015442;2;30;0;14.0;2.0;5.0;0.0;A01
23425;201300015442;0;1;0;0.0;9.0;5.0;11.0;B01
23426;201300015443;0;7;0;0.0;2.0;3.0;13.0;A01
23427;201300015443;0;34;0;0.0;2.0;5.0;17.0;B01
23428;201300015444;0;37;1;0.0;1.0;6.0;1.0;A01
23429;201300015445;0;7;0;0.0;2.0;6.0;15.0;B01
23430;201300015445;0;2;0;0.0;0.0;0.0;17.0;A01
23431;201300015446;0;7;0;0.0;2.0;2.0;15.0;A01
23432;201300015446;0;7;0;0.0;2.0;1.0;1.0;B01
23433;201300015448;0;7;0;0.0;1.0;4.0;4.0;A01
23434;201300015450;0;7;0;0.0;0.0;0.0;1.0;B01
23435;201300015450;0;7;0;0.0;0.0;1.0;1.0;A01
23436;201300015451;0;30;0;0.0;2.0;3.0;1.0;A01
23437;201300015451;0;7;0;0.0;2.0;3.0;1.0;B01
23438;201300015452;0;7;0;0.0;2.0;4.0;2.0;C01
23439;201300015452;0;7;0;0.0;2.0;1.0;2.0;A01
23440;201300015452;0;7;0;0.0;2.0;4.0;2.0;B01
23441;201300015453;0;32;0;0.0;2.0;1.0;1.0;B01
23442;201300015453;0;7;0;0.0;2.0;8.0;10.0;A01
23443;201300015454;0;7;0;0.0;0.0;3.0;2.0;B01
23444;201300015454;0;30;0;0.0;0.0;2.0;2.0;A01
23445;201300015455;0;33;0;0.0;0.0;1.0;1.0;A01
23446;201300015455;0;7;0;0.0;0.0;8.0;0.0;B01
23447;201300015456;0;34;0;11.0;0.0;8.0;2.0;A01
23448;201300015457;0;7;0;0.0;1.0;1.0;1.0;A01
23449;201300015458;0;7;0;0.0;0.0;1.0;1.0;B01
23450;201300015458;0;7;0;0.0;0.0;3.0;15.0;A01
23451;201300015459;0;7;0;0.0;0.0;9.0;1.0;A01
23452;201300015460;0;30;0;16.0;0.0;8.0;1.0;A01
23453;201300015461;0;32;0;8.0;0.0;1.0;1.0;A01
23454;201300015462;0;34;0;5.0;0.0;1.0;2.0;A01
23455;201300015463;0;7;0;0.0;2.0;8.0;17.0;A01
23456;201300015463;0;2;0;1.0;2.0;1.0;17.0;B01
23457;201300015464;0;30;0;0.0;2.0;7.0;2.0;B01
23458;201300015464;1;99;0;0.0;0.0;0.0;0.0;Z01
23459;201300015465;0;7;0;0.0;0.0;0.0;0.0;A01
23460;201300015466;0;7;0;0.0;1.0;6.0;1.0;A01
23461;201300015468;0;7;0;0.0;1.0;1.0;20.0;A01
23462;201300015469;0;7;0;0.0;2.0;2.0;0.0;B01
23463;201300015469;0;7;0;0.0;2.0;0.0;11.0;A01
23464;201300015470;0;7;0;0.0;2.0;4.0;0.0;E01
23465;201300015470;0;2;0;0.0;2.0;9.0;0.0;C01
23466;201300015470;2;7;0;0.0;0.0;1.0;0.0;A01
23467;201300015470;0;7;0;0.0;2.0;5.0;0.0;D01
23468;201300015470;0;33;0;0.0;2.0;8.0;0.0;B01
23469;201300015473;0;37;1;0.0;2.0;2.0;1.0;B01
23470;201300015473;0;30;0;0.0;2.0;3.0;0.0;A01
23471;201300015474;0;7;0;0.0;2.0;2.0;2.0;A01
23472;201300015474;0;7;0;0.0;2.0;6.0;23.0;B01
23473;201300015475;0;37;1;1.0;0.0;3.0;16.0;A01
23474;201300015476;0;7;0;0.0;2.0;1.0;1.0;B01
23475;201300015476;1;7;0;0.0;2.0;2.0;15.0;Z01
23476;201300015477;1;7;0;0.0;2.0;0.0;1.0;Z01
23477;201300015477;0;7;0;0.0;0.0;0.0;1.0;B01
23478;201300015478;1;32;0;0.0;2.0;0.0;12.0;Z01
23479;201300015478;0;32;0;0.0;2.0;0.0;1.0;B01
23480;201300015479;0;7;0;0.0;2.0;3.0;10.0;A01
23481;201300015479;0;34;0;0.0;2.0;1.0;17.0;B01
23482;201300015480;1;14;0;0.0;1.0;0.0;0.0;A01
23483;201300015482;1;30;0;0.0;1.0;0.0;2.0;Z01
23484;201300015483;1;7;0;0.0;0.0;0.0;15.0;Z01
23485;201300015483;0;32;0;0.0;0.0;7.0;2.0;B01
23486;201300015484;0;7;0;0.0;2.0;1.0;1.0;A01
23487;201300015484;0;7;0;0.0;2.0;4.0;1.0;B01
23488;201300015485;0;32;0;0.0;2.0;1.0;1.0;B01
23489;201300015485;0;7;0;0.0;0.0;3.0;1.0;A01
23490;201300015487;0;7;0;0.0;1.0;2.0;1.0;A01
23491;201300015488;0;7;0;0.0;1.0;3.0;1.0;A01
23492;201300015489;0;15;0;0.0;2.0;3.0;1.0;A01
23493;201300015489;0;33;0;0.0;2.0;4.0;2.0;B01
23494;201300015490;0;7;0;0.0;2.0;5.0;15.0;A01
23495;201300015490;0;7;0;0.0;2.0;0.0;1.0;B01
23496;201300015491;0;7;0;0.0;0.0;4.0;2.0;B01
23497;201300015491;0;7;0;0.0;2.0;1.0;2.0;A01
23498;201300015492;0;20;0;0.0;0.0;4.0;2.0;B01
23499;201300015492;0;10;0;0.0;2.0;1.0;2.0;A01
23500;201300015493;0;7;0;0.0;2.0;1.0;2.0;A01
23501;201300015493;0;7;0;0.0;2.0;4.0;1.0;B01
23502;201300015494;0;32;0;0.0;2.0;2.0;0.0;B01
23503;201300015494;0;30;0;0.0;0.0;1.0;0.0;A01
23504;201300015495;1;7;0;0.0;1.0;0.0;0.0;Z01
23505;201300015496;0;32;0;0.0;1.0;1.0;1.0;A01
23506;201300015497;0;33;0;0.0;2.0;2.0;1.0;B01
23507;201300015497;0;7;0;0.0;2.0;1.0;9.0;A01
23508;201300015498;0;32;0;0.0;0.0;1.0;1.0;A01
23509;201300015499;0;7;0;0.0;0.0;9.0;1.0;A01
23510;201300015500;0;32;0;0.0;2.0;2.0;17.0;B01
23511;201300015500;0;7;0;0.0;2.0;8.0;15.0;A01
23512;201300015501;0;7;0;0.0;0.0;0.0;15.0;B01
23513;201300015501;0;33;0;0.0;2.0;8.0;17.0;A01
23514;201300015502;0;7;0;0.0;2.0;3.0;15.0;A01
23515;201300015502;0;31;0;0.0;2.0;5.0;17.0;B01
23516;201300015503;0;34;0;0.0;1.0;3.0;1.0;A01
23517;201300015504;0;14;0;0.0;2.0;1.0;1.0;A01
23518;201300015504;0;7;0;0.0;0.0;4.0;1.0;B01
23519;201300015506;1;37;0;0.0;1.0;7.0;1.0;Z01
23520;201300015507;1;7;0;0.0;2.0;1.0;1.0;Z01
23521;201300015507;0;7;0;0.0;2.0;4.0;24.0;B01
23522;201300015508;1;7;0;0.0;1.0;1.0;1.0;Z01
23523;201300015509;1;7;0;0.0;1.0;2.0;1.0;Z01
23524;201300015510;0;32;0;0.0;1.0;0.0;1.0;A01
23525;201300015511;0;32;0;14.0;0.0;1.0;2.0;A01
23526;201300015512;0;7;0;0.0;2.0;5.0;1.0;B01
23527;201300015512;0;7;0;0.0;2.0;8.0;9.0;A01
23528;201300015513;0;7;0;0.0;2.0;8.0;9.0;A01
23529;201300015513;0;33;0;0.0;2.0;1.0;2.0;B01
23530;201300015514;0;33;0;0.0;2.0;1.0;1.0;B01
23531;201300015514;0;10;0;0.0;2.0;8.0;15.0;A01
23532;201300015516;0;10;0;0.0;1.0;3.0;4.0;A01
23533;201300015517;0;7;0;0.0;2.0;9.0;1.0;B01
23534;201300015517;0;7;0;0.0;2.0;4.0;2.0;C01
23535;201300015517;0;7;0;0.0;2.0;1.0;1.0;A01
23536;201300015518;0;7;0;0.0;2.0;4.0;2.0;B01
23537;201300015518;0;7;0;0.0;2.0;1.0;2.0;A01
23538;201300015519;0;32;0;0.0;1.0;1.0;1.0;A01
23539;201300015520;0;34;0;0.0;0.0;0.0;1.0;A01
23540;201300015521;0;30;0;0.0;2.0;1.0;17.0;A01
23541;201300015521;0;7;0;0.0;9.0;6.0;15.0;B01
23542;201300015523;0;7;0;0.0;2.0;7.0;15.0;A01
23543;201300015523;0;7;0;0.0;2.0;1.0;2.0;B01
23544;201300015523;0;7;0;1.0;2.0;3.0;24.0;C01
23545;201300015524;0;7;0;0.0;2.0;1.0;2.0;B01
23546;201300015524;0;14;0;0.0;0.0;5.0;2.0;A01
23547;201300015526;2;2;0;0.0;1.0;2.0;0.0;Z01
23548;201300015527;0;7;0;0.0;1.0;3.0;1.0;A01
23549;201300015528;0;32;0;1.0;0.0;2.0;1.0;A01
23550;201300015528;0;7;0;0.0;0.0;0.0;1.0;B01
23551;201300015529;0;7;0;0.0;2.0;2.0;1.0;A01
23552;201300015529;0;7;0;0.0;2.0;3.0;1.0;B01
23553;201300015530;0;30;0;0.0;2.0;1.0;1.0;B01
23554;201300015530;0;30;0;0.0;2.0;1.0;1.0;A01
23555;201300015531;0;33;0;0.0;2.0;1.0;2.0;A01
23556;201300015531;1;7;0;0.0;2.0;4.0;1.0;Z01
23557;201300015532;0;33;0;0.0;2.0;4.0;0.0;B01
23558;201300015532;0;2;0;0.0;2.0;1.0;2.0;A01
23559;201300015533;1;10;0;0.0;2.0;0.0;0.0;Z01
23560;201300015533;0;30;0;0.0;2.0;0.0;0.0;A01
23561;201300015534;0;34;0;0.0;1.0;1.0;1.0;A01
23562;201300015535;0;7;0;0.0;1.0;3.0;15.0;A01
23563;201300015536;0;34;0;8.0;0.0;0.0;1.0;A01
23564;201300015538;0;7;0;0.0;2.0;2.0;15.0;A01
23565;201300015538;0;7;0;0.0;2.0;3.0;1.0;B01
23566;201300015539;2;3;0;0.0;1.0;1.0;0.0;A01
23567;201300015540;0;7;0;0.0;2.0;4.0;2.0;B01
23568;201300015540;0;7;0;0.0;2.0;1.0;2.0;A01
23569;201300015541;0;34;0;0.0;2.0;1.0;17.0;B01
23570;201300015541;0;7;0;0.0;0.0;3.0;19.0;A01
23571;201300015542;0;7;0;0.0;2.0;1.0;1.0;B01
23572;201300015542;0;7;0;6.0;2.0;9.0;13.0;A01
23573;201300015543;0;7;0;1.0;0.0;6.0;0.0;D01
23574;201300015543;0;33;0;1.0;0.0;3.0;0.0;C01
23575;201300015543;2;7;0;1.0;0.0;1.0;0.0;Z01
23576;201300015544;0;32;0;0.0;1.0;1.0;1.0;A01
23577;201300015545;1;7;0;0.0;2.0;0.0;15.0;Z01
23578;201300015545;0;7;0;0.0;2.0;1.0;1.0;B01
23579;201300015546;0;7;0;0.0;2.0;4.0;23.0;B01
23580;201300015546;1;7;0;0.0;2.0;1.0;1.0;Z01
23581;201300015547;1;7;0;0.0;2.0;1.0;1.0;Z01
23582;201300015547;0;7;0;0.0;2.0;4.0;0.0;B01
23583;201300015548;1;7;0;0.0;2.0;4.0;4.0;Z01
23584;201300015548;0;99;0;0.0;2.0;1.0;1.0;B01
23585;201300015549;0;3;0;0.0;1.0;1.0;2.0;A01
23586;201300015551;0;33;0;0.0;2.0;1.0;1.0;B01
23587;201300015551;0;7;0;0.0;2.0;4.0;1.0;A01
23588;201300015552;0;7;0;0.0;2.0;1.0;2.0;A01
23589;201300015552;0;7;0;0.0;2.0;4.0;2.0;B01
23590;201300015553;0;2;0;0.0;2.0;1.0;1.0;A01
23591;201300015553;0;1;0;0.0;0.0;8.0;19.0;B01
23592;201300015554;0;7;0;0.0;2.0;5.0;15.0;B01
23593;201300015554;0;30;0;0.0;2.0;1.0;1.0;A01
23594;201300015555;0;7;0;0.0;0.0;3.0;15.0;B01
23595;201300015555;0;30;0;0.0;0.0;7.0;2.0;A01
23596;201300015556;0;7;0;0.0;1.0;7.0;1.0;A01
23597;201300015557;0;7;0;0.0;1.0;2.0;1.0;A01
23598;201300015558;0;7;0;0.0;0.0;4.0;2.0;C01
23599;201300015558;0;30;0;0.0;2.0;1.0;1.0;B01
23600;201300015558;0;30;0;0.0;2.0;1.0;2.0;A01
23601;201300015559;0;7;0;0.0;2.0;9.0;1.0;B01
23602;201300015559;0;7;0;0.0;0.0;4.0;1.0;A01
23603;201300015559;0;7;0;0.0;2.0;1.0;1.0;C01
23604;201300015560;0;7;0;0.0;2.0;8.0;1.0;A01
23605;201300015560;0;7;0;0.0;2.0;1.0;0.0;B01
23606;201300015561;0;7;0;0.0;2.0;1.0;1.0;A01
23607;201300015561;0;7;0;0.0;2.0;7.0;1.0;B01
23608;201300015562;0;34;0;0.0;2.0;5.0;9.0;A01
23609;201300015562;0;7;0;0.0;2.0;8.0;1.0;B01
23610;201300015563;0;7;0;0.0;2.0;2.0;13.0;A01
23611;201300015563;0;7;0;0.0;2.0;3.0;1.0;B01
23612;201300015564;0;7;0;0.0;1.0;8.0;23.0;A01
23613;201300015566;0;7;0;0.0;1.0;1.0;1.0;A01
23614;201300015567;0;7;0;1.0;2.0;7.0;0.0;A01
23615;201300015567;0;7;0;0.0;2.0;1.0;0.0;B01
23616;201300015568;0;7;0;0.0;1.0;1.0;2.0;A01
23617;201300015569;0;33;0;0.0;2.0;1.0;2.0;A01
23618;201300015569;0;33;0;0.0;2.0;5.0;16.0;B01
23619;201300015570;0;7;0;0.0;2.0;1.0;0.0;C01
23620;201300015570;0;7;0;0.0;2.0;3.0;0.0;A01
23621;201300015570;0;7;0;0.0;2.0;3.0;1.0;B01
23622;201300015572;0;31;0;0.0;0.0;2.0;16.0;A01
23623;201300015573;0;30;0;0.0;2.0;1.0;13.0;B01
23624;201300015573;0;7;0;0.0;2.0;3.0;10.0;A01
23625;201300015574;0;7;0;0.0;1.0;0.0;0.0;A01
23626;201300015576;0;31;0;0.0;2.0;1.0;13.0;A01
23627;201300015576;0;33;0;0.0;2.0;3.0;1.0;B01
23628;201300015577;1;30;0;0.0;1.0;0.0;1.0;Z01
23629;201300015578;0;7;0;0.0;2.0;3.0;9.0;A01
23630;201300015578;1;7;0;0.0;2.0;3.0;0.0;B01
23631;201300015580;0;7;0;0.0;2.0;2.0;1.0;A01
23632;201300015580;0;34;0;0.0;2.0;1.0;1.0;B01
23633;201300015581;0;7;0;1.0;0.0;3.0;1.0;A01
23634;201300015583;0;7;0;0.0;2.0;7.0;2.0;B01
23635;201300015583;0;33;0;0.0;2.0;8.0;2.0;A01
23636;201300015584;0;10;0;0.0;1.0;5.0;0.0;A01
23637;201300015585;0;30;0;0.0;2.0;1.0;1.0;A01
23638;201300015585;1;99;0;0.0;0.0;0.0;0.0;Z01
23639;201300015586;1;32;0;0.0;1.0;0.0;1.0;Z01
23640;201300015587;0;30;0;0.0;2.0;0.0;1.0;A01
23641;201300015589;0;7;0;0.0;2.0;8.0;2.0;B01
23642;201300015589;0;7;0;1.0;2.0;1.0;2.0;A01
23643;201300015590;0;7;0;0.0;2.0;2.0;15.0;B01
23644;201300015590;0;31;0;0.0;2.0;1.0;17.0;A01
23645;201300015591;0;10;0;0.0;1.0;1.0;0.0;A01
23646;201300015593;0;7;0;1.0;2.0;3.0;10.0;A01
23647;201300015593;0;2;0;0.0;2.0;1.0;3.0;B01
23648;201300015595;0;34;0;8.0;0.0;0.0;0.0;A01
23649;201300015596;0;38;0;0.0;1.0;1.0;0.0;A01
23650;201300015597;0;37;0;0.0;1.0;2.0;0.0;A01
23651;201300015598;0;7;0;0.0;2.0;3.0;5.0;A01
23652;201300015598;0;7;0;0.0;2.0;2.0;21.0;D01
23653;201300015598;0;7;0;0.0;2.0;1.0;1.0;C01
23654;201300015598;0;7;0;0.0;2.0;3.0;1.0;B01
23655;201300015598;0;7;0;1.0;2.0;8.0;1.0;E01
23656;201300015599;0;7;0;0.0;2.0;3.0;9.0;B01
23657;201300015599;0;7;0;0.0;2.0;1.0;1.0;A01
23658;201300015600;2;2;0;0.0;1.0;8.0;9.0;A01
23659;201300015601;0;7;0;0.0;1.0;2.0;1.0;A01
23660;201300015602;1;7;0;0.0;2.0;1.0;1.0;Z01
23661;201300015602;0;2;0;0.0;2.0;4.0;1.0;B01
23662;201300015603;0;7;0;0.0;2.0;0.0;1.0;B01
23663;201300015603;1;7;0;0.0;2.0;7.0;17.0;Z01
23664;201300015604;0;7;0;0.0;2.0;4.0;1.0;B01
23665;201300015604;1;33;0;0.0;2.0;1.0;1.0;Z01
23666;201300015605;1;10;0;0.0;2.0;0.0;0.0;Z01
23667;201300015605;0;1;0;0.0;2.0;0.0;0.0;B01
23668;201300015606;0;7;0;0.0;2.0;1.0;0.0;B01
23669;201300015606;0;7;0;8.0;1.0;1.0;1.0;A01
23670;201300015607;0;7;0;0.0;1.0;4.0;4.0;A01
23671;201300015608;1;7;0;0.0;0.0;8.0;24.0;Z01
23672;201300015608;0;1;0;1.0;0.0;7.0;17.0;B01
23673;201300015609;0;7;0;0.0;2.0;1.0;1.0;A01
23674;201300015609;1;7;0;0.0;2.0;1.0;0.0;Z01
23675;201300015610;0;7;0;0.0;1.0;1.0;1.0;A01
23676;201300015611;0;33;0;1.0;2.0;3.0;9.0;B01
23677;201300015611;0;7;0;0.0;2.0;2.0;0.0;A01
23678;201300015612;0;7;0;0.0;2.0;3.0;0.0;B01
23679;201300015612;0;30;0;0.0;2.0;7.0;1.0;A01
23680;201300015613;0;37;0;0.0;1.0;2.0;1.0;A01
23681;201300015614;0;7;0;0.0;1.0;3.0;17.0;A01
23682;201300015615;0;7;0;0.0;0.0;4.0;2.0;B01
23683;201300015615;0;10;0;0.0;2.0;1.0;2.0;A01
23684;201300015616;0;7;0;0.0;2.0;6.0;15.0;B01
23685;201300015616;0;33;0;0.0;2.0;1.0;2.0;A01
23686;201300015617;0;7;0;6.0;0.0;2.0;1.0;A01
23687;201300015619;0;7;0;0.0;0.0;8.0;1.0;A01
23688;201300015619;0;33;0;0.0;0.0;1.0;2.0;B01
23689;201300015621;0;33;0;0.0;2.0;1.0;1.0;B01
23690;201300015621;0;7;0;0.0;2.0;2.0;19.0;A01
23691;201300015622;0;32;0;0.0;0.0;0.0;0.0;B01
23692;201300015622;0;7;0;0.0;0.0;1.0;0.0;A01
23693;201300015623;0;7;0;6.0;1.0;1.0;1.0;A01
23694;201300015624;0;7;0;0.0;2.0;2.0;2.0;A01
23695;201300015624;0;7;0;0.0;2.0;6.0;2.0;B01
23696;201300015625;0;33;0;0.0;1.0;7.0;1.0;A01
23697;201300015626;0;7;0;0.0;0.0;3.0;15.0;B01
23698;201300015626;0;2;0;0.0;2.0;1.0;17.0;A01
23699;201300015627;0;7;0;0.0;1.0;3.0;15.0;A01
23700;201300015628;1;2;0;0.0;1.0;1.0;1.0;Z01
23701;201300015629;0;3;0;0.0;2.0;3.0;9.0;B01
23702;201300015629;0;30;0;1.0;2.0;3.0;0.0;A01
23703;201300015630;0;33;0;0.0;1.0;1.0;11.0;A01
23704;201300015631;0;30;0;1.0;0.0;0.0;0.0;A01
23705;201300015632;0;7;0;0.0;0.0;9.0;2.0;A01
23706;201300015633;0;7;0;0.0;2.0;1.0;15.0;A01
23707;201300015633;0;33;0;0.0;2.0;1.0;1.0;B01
23708;201300015634;0;7;0;0.0;1.0;3.0;1.0;A01
23709;201300015635;0;7;0;0.0;2.0;3.0;9.0;A01
23710;201300015635;0;2;0;0.0;2.0;1.0;2.0;B01
23711;201300015637;0;7;0;0.0;2.0;1.0;1.0;B01
23712;201300015637;0;7;0;0.0;2.0;7.0;15.0;A01
23713;201300015638;0;7;0;0.0;2.0;0.0;1.0;A01
23714;201300015638;2;7;0;6.0;2.0;1.0;0.0;Z01
23715;201300015639;0;7;0;0.0;0.0;2.0;16.0;B01
23716;201300015639;0;7;0;0.0;0.0;3.0;11.0;A01
23717;201300015640;0;3;0;0.0;2.0;8.0;15.0;B01
23718;201300015640;0;33;0;2.0;2.0;1.0;1.0;A01
23719;201300015641;0;32;0;0.0;2.0;1.0;1.0;B01
23720;201300015641;0;32;0;0.0;2.0;6.0;2.0;A01
23721;201300015642;0;32;0;0.0;2.0;1.0;1.0;B01
23722;201300015642;0;7;0;0.0;2.0;8.0;10.0;A01
23723;201300015643;0;7;0;0.0;2.0;1.0;2.0;A01
23724;201300015643;0;7;0;0.0;2.0;4.0;2.0;B01
23725;201300015644;0;7;0;0.0;2.0;7.0;16.0;A01
23726;201300015644;0;7;0;0.0;2.0;3.0;11.0;B01
23727;201300015645;0;34;0;0.0;2.0;1.0;18.0;A01
23728;201300015645;0;7;0;0.0;2.0;1.0;9.0;B01
23729;201300015646;0;7;0;3.0;2.0;3.0;13.0;A01
23730;201300015646;0;7;0;0.0;2.0;1.0;2.0;B01
23731;201300015647;0;32;0;0.0;0.0;2.0;2.0;A01
23732;201300015647;0;7;0;0.0;2.0;3.0;2.0;B01
23733;201300015648;0;7;0;0.0;2.0;3.0;1.0;B01
23734;201300015648;0;7;0;0.0;2.0;2.0;15.0;A01
23735;201300015649;0;7;0;0.0;0.0;1.0;1.0;A01
23736;201300015649;0;7;0;0.0;0.0;4.0;23.0;B01
23737;201300015650;0;32;0;0.0;2.0;1.0;9.0;A01
23738;201300015650;0;37;1;0.0;2.0;5.0;1.0;B01
23739;201300015651;0;34;0;0.0;2.0;1.0;21.0;B01
23740;201300015651;0;7;0;0.0;2.0;2.0;21.0;A01
23741;201300015652;0;7;0;0.0;2.0;1.0;1.0;B01
23742;201300015652;0;30;0;0.0;2.0;7.0;9.0;A01
23743;201300015653;0;7;0;0.0;1.0;3.0;0.0;A01
23744;201300015654;0;7;0;0.0;1.0;1.0;1.0;A01
23745;201300015655;0;33;0;0.0;2.0;1.0;1.0;A01
23746;201300015655;0;7;0;0.0;0.0;5.0;15.0;B01
23747;201300015656;1;33;0;0.0;2.0;0.0;17.0;Z01
23748;201300015656;0;30;0;0.0;2.0;0.0;17.0;B01
23749;201300015659;1;10;0;0.0;2.0;4.0;4.0;Z01
23750;201300015659;0;34;0;0.0;2.0;0.0;1.0;B01
23751;201300015660;1;2;0;0.0;2.0;0.0;0.0;Z01
23752;201300015660;0;2;0;0.0;2.0;0.0;1.0;B01
23753;201300015661;1;7;0;0.0;2.0;3.0;12.0;Z01
23754;201300015661;0;7;0;0.0;2.0;6.0;1.0;B01
23755;201300015663;0;33;0;0.0;1.0;1.0;15.0;A01
23756;201300015664;0;7;0;0.0;2.0;1.0;1.0;A01
23757;201300015664;0;33;0;0.0;2.0;9.0;16.0;B01
23758;201300015665;0;7;0;0.0;1.0;1.0;1.0;A01
23759;201300015667;1;2;0;0.0;2.0;0.0;15.0;Z01
23760;201300015667;0;7;0;0.0;9.0;2.0;1.0;B01
23761;201300015668;0;7;0;0.0;1.0;1.0;1.0;A01
23762;201300015669;0;30;0;1.0;0.0;1.0;14.0;A01
23763;201300015670;0;32;0;0.0;2.0;4.0;2.0;B01
23764;201300015670;0;7;0;0.0;2.0;1.0;2.0;A01
23765;201300015671;0;32;0;0.0;2.0;1.0;1.0;B01
23766;201300015671;0;7;0;0.0;2.0;2.0;1.0;A01
23767;201300015673;0;30;0;0.0;2.0;7.0;17.0;A01
23768;201300015673;1;7;0;0.0;2.0;1.0;1.0;Z01
23769;201300015673;0;10;0;0.0;2.0;6.0;23.0;B01
23770;201300015674;0;7;0;0.0;2.0;2.0;15.0;A01
23771;201300015674;0;32;0;0.0;2.0;1.0;1.0;B01
23772;201300015675;0;7;0;0.0;2.0;8.0;15.0;A01
23773;201300015675;0;33;0;0.0;2.0;1.0;17.0;B01
23774;201300015676;0;32;0;0.0;0.0;8.0;1.0;A01
23775;201300015677;0;33;0;0.0;2.0;1.0;1.0;B01
23776;201300015677;0;34;0;0.0;2.0;8.0;1.0;A01
23777;201300015678;0;7;0;0.0;1.0;7.0;0.0;A01
23778;201300015679;1;7;0;0.0;1.0;1.0;1.0;Z01
23779;201300015680;0;7;0;0.0;2.0;7.0;12.0;A01