;Num_Acc;senc;catv;occutc;obs;obsm;choc;manv;num_veh
23780;201300015680;0;32;0;0.0;2.0;8.0;1.0;B01
23781;201300015681;0;32;0;0.0;2.0;0.0;1.0;B01
23782;201300015681;0;10;0;0.0;2.0;8.0;12.0;A01
23783;201300015682;0;32;0;0.0;2.0;1.0;1.0;B01
23784;201300015682;0;7;0;0.0;2.0;5.0;15.0;A01
23785;201300015684;0;7;0;0.0;2.0;3.0;2.0;B01
23786;201300015684;0;7;0;0.0;2.0;2.0;15.0;A01
23787;201300015685;0;7;0;0.0;1.0;3.0;4.0;A01
23788;201300015686;0;7;0;0.0;0.0;4.0;20.0;B01
23789;201300015686;0;30;0;0.0;2.0;1.0;1.0;A01
23790;201300015687;0;34;0;0.0;0.0;8.0;2.0;A01
23791;201300015688;0;7;0;0.0;0.0;4.0;2.0;B01
23792;201300015688;0;33;0;0.0;2.0;1.0;2.0;A01
23793;201300015689;0;30;0;0.0;2.0;1.0;17.0;A01
23794;201300015689;0;32;0;0.0;2.0;1.0;1.0;B01
23795;201300015690;1;32;0;0.0;1.0;1.0;0.0;Z01
23796;201300015691;0;7;0;0.0;1.0;1.0;15.0;A01
23797;201300015692;0;32;0;0.0;2.0;7.0;1.0;B01
23798;201300015692;0;7;0;0.0;2.0;6.0;15.0;A01
23799;201300015693;0;7;0;0.0;2.0;3.0;15.0;A01
23800;201300015693;0;10;0;0.0;2.0;1.0;1.0;B01
23801;201300015694;0;1;0;0.0;2.0;1.0;0.0;A01
23802;201300015695;0;7;0;0.0;0.0;5.0;15.0;A01
23803;201300015695;0;32;0;0.0;0.0;1.0;1.0;B01
23804;201300015696;0;7;0;0.0;2.0;7.0;16.0;A01
23805;201300015696;0;32;0;0.0;2.0;1.0;1.0;B01
23806;201300015697;0;32;0;3.0;0.0;3.0;1.0;A01
23807;201300015698;0;33;0;0.0;0.0;4.0;1.0;B01
23808;201300015698;0;13;0;1.0;0.0;1.0;2.0;A01
23809;201300015699;0;7;0;0.0;1.0;3.0;1.0;A01
23810;201300015700;0;7;0;0.0;2.0;4.0;1.0;B01
23811;201300015700;0;7;0;0.0;2.0;1.0;11.0;A01
23812;201300015701;0;7;0;0.0;1.0;1.0;0.0;A01
23813;201300015702;0;7;0;0.0;2.0;1.0;2.0;A01
23814;201300015702;0;7;0;0.0;2.0;4.0;2.0;B01
23815;201300015703;0;7;0;0.0;1.0;7.0;2.0;A01
23816;201300015704;1;7;0;0.0;1.0;1.0;15.0;Z01
23817;201300015705;1;34;0;0.0;1.0;0.0;0.0;Z01
23818;201300015707;0;34;0;0.0;2.0;1.0;1.0;B01
23819;201300015707;0;7;0;0.0;2.0;3.0;10.0;A01
23820;201300015709;0;7;0;0.0;2.0;3.0;11.0;A01
23821;201300015709;0;30;0;0.0;0.0;7.0;1.0;B01
23822;201300015710;0;1;0;12.0;0.0;0.0;0.0;A01
23823;201300015711;0;7;0;0.0;0.0;3.0;15.0;A01
23824;201300015711;0;30;0;0.0;0.0;1.0;17.0;B01
23825;201300015712;0;34;0;0.0;0.0;8.0;0.0;B01
23826;201300015712;0;7;0;0.0;0.0;3.0;0.0;A01
23827;201300015713;0;7;0;6.0;0.0;2.0;1.0;A01
23828;201300015714;0;7;0;0.0;0.0;2.0;2.0;A01
23829;201300015714;0;30;0;0.0;0.0;0.0;2.0;B01
23830;201300015715;0;34;0;0.0;2.0;1.0;17.0;A01
23831;201300015715;0;7;0;0.0;0.0;6.0;15.0;B01
23832;201300015716;0;40;0;0.0;2.0;2.0;1.0;B01
23833;201300015716;0;7;0;0.0;4.0;3.0;10.0;A01
23834;201300015717;0;2;0;0.0;2.0;0.0;0.0;A01
23835;201300015718;1;10;0;0.0;2.0;0.0;1.0;Z01
23836;201300015718;0;1;0;0.0;2.0;0.0;1.0;B01
23837;201300015719;0;7;0;0.0;0.0;2.0;2.0;B01
23838;201300015719;0;32;0;1.0;2.0;0.0;2.0;A01
23839;201300015720;0;2;0;0.0;2.0;4.0;1.0;B01
23840;201300015720;0;7;0;0.0;2.0;1.0;1.0;A01
23841;201300015721;0;38;1;0.0;2.0;4.0;0.0;A01
23842;201300015721;0;30;0;0.0;2.0;1.0;1.0;B01
23843;201300015722;0;34;0;0.0;2.0;1.0;1.0;B01
23844;201300015722;0;7;0;0.0;2.0;3.0;15.0;A01
23845;201300015723;0;32;0;0.0;2.0;3.0;1.0;B01
23846;201300015723;0;7;0;0.0;2.0;8.0;17.0;A01
23847;201300015724;0;7;0;0.0;2.0;4.0;1.0;B01
23848;201300015724;0;7;0;0.0;2.0;1.0;1.0;A01
23849;201300015725;0;7;0;0.0;2.0;4.0;1.0;B01
23850;201300015725;0;34;0;0.0;2.0;1.0;0.0;A01
23851;201300015727;0;7;0;0.0;2.0;4.0;1.0;B01
23852;201300015727;0;7;0;0.0;2.0;1.0;1.0;A01
23853;201300015728;0;30;0;0.0;1.0;8.0;1.0;A01
23854;201300015729;0;7;0;0.0;2.0;3.0;19.0;A01
23855;201300015729;0;34;0;0.0;2.0;1.0;1.0;B01
23856;201300015730;0;7;0;0.0;0.0;3.0;10.0;A01
23857;201300015730;0;33;0;0.0;0.0;1.0;17.0;B01
23858;201300015731;0;30;0;0.0;2.0;1.0;0.0;B01
23859;201300015731;0;7;0;0.0;0.0;3.0;10.0;A01
23860;201300015732;0;31;0;0.0;0.0;0.0;0.0;A01
23861;201300015733;0;7;0;0.0;2.0;3.0;1.0;A01
23862;201300015733;0;7;0;0.0;2.0;8.0;15.0;B01
23863;201300015734;0;33;0;0.0;6.0;1.0;1.0;A01
23864;201300015735;0;31;0;0.0;1.0;1.0;2.0;A01
23865;201300015736;0;30;0;0.0;2.0;1.0;1.0;B01
23866;201300015736;0;7;0;0.0;2.0;3.0;9.0;A01
23867;201300015737;1;7;0;0.0;1.0;2.0;1.0;Z01
23868;201300015738;1;7;0;0.0;1.0;0.0;1.0;Z01
23869;201300015740;0;34;0;0.0;2.0;1.0;0.0;B01
23870;201300015740;0;7;0;0.0;2.0;3.0;0.0;A01
23871;201300015741;0;33;0;0.0;2.0;7.0;2.0;B01
23872;201300015741;0;7;0;0.0;0.0;1.0;19.0;A01
23873;201300015743;0;34;0;0.0;0.0;8.0;1.0;A01
23874;201300015744;0;7;0;0.0;2.0;8.0;10.0;A01
23875;201300015744;0;30;0;0.0;2.0;1.0;17.0;B01
23876;201300015745;0;7;0;0.0;2.0;1.0;5.0;B01
23877;201300015745;0;7;0;0.0;2.0;1.0;5.0;A01
23878;201300015746;0;7;0;0.0;2.0;1.0;0.0;A01
23879;201300015746;0;7;0;0.0;2.0;1.0;0.0;B01
23880;201300015747;0;7;0;0.0;0.0;2.0;0.0;B01
23881;201300015747;0;32;0;1.0;0.0;1.0;0.0;A01
23882;201300015748;0;7;0;0.0;2.0;6.0;15.0;B01
23883;201300015748;0;7;0;0.0;2.0;2.0;15.0;A01
23884;201300015749;0;33;0;0.0;2.0;1.0;1.0;B01
23885;201300015749;0;10;0;0.0;2.0;2.0;1.0;A01
23886;201300015750;0;7;0;0.0;2.0;1.0;1.0;B01
23887;201300015750;2;7;0;0.0;2.0;1.0;1.0;A01
23888;201300015751;0;7;0;0.0;1.0;1.0;2.0;A01
23889;201300015752;0;2;0;0.0;0.0;0.0;1.0;A01
23890;201300015753;0;7;0;0.0;0.0;4.0;13.0;B01
23891;201300015753;1;7;0;0.0;2.0;1.0;0.0;Z01
23892;201300015754;1;2;0;0.0;1.0;1.0;1.0;Z01
23893;201300015755;0;10;0;0.0;1.0;4.0;4.0;A01
23894;201300015756;0;30;0;8.0;0.0;1.0;17.0;B01
23895;201300015756;0;7;0;15.0;0.0;3.0;15.0;A01
23896;201300015757;0;7;0;0.0;2.0;3.0;1.0;B01
23897;201300015757;0;7;0;0.0;2.0;3.0;17.0;A01
23898;201300015758;0;7;0;0.0;2.0;2.0;16.0;A01
23899;201300015758;0;1;0;0.0;2.0;3.0;18.0;B01
23900;201300015759;0;7;0;0.0;2.0;1.0;2.0;A01
23901;201300015759;0;7;0;0.0;2.0;4.0;23.0;B01
23902;201300015760;0;7;0;0.0;1.0;3.0;0.0;A01
23903;201300015761;0;32;0;1.0;0.0;1.0;2.0;A01
23904;201300015762;0;7;0;0.0;0.0;8.0;2.0;A01
23905;201300015762;0;17;0;0.0;0.0;2.0;2.0;B01
23906;201300015764;0;30;0;0.0;2.0;1.0;17.0;B01
23907;201300015764;0;7;0;0.0;2.0;2.0;17.0;A01
23908;201300015765;0;10;0;6.0;0.0;1.0;0.0;A01
23909;201300015766;0;7;0;0.0;2.0;2.0;1.0;A01
23910;201300015766;0;32;0;0.0;1.0;4.0;2.0;B01
23911;201300015767;0;7;0;0.0;2.0;1.0;9.0;A01
23912;201300015767;0;33;0;0.0;2.0;1.0;1.0;B01
23913;201300015769;0;2;0;0.0;2.0;8.0;1.0;B01
23914;201300015769;1;7;0;0.0;0.0;0.0;15.0;Z01
23915;201300015770;0;7;0;8.0;0.0;1.0;15.0;A01
23916;201300015771;0;34;0;0.0;2.0;8.0;1.0;B01
23917;201300015771;0;7;0;0.0;2.0;6.0;23.0;C01
23918;201300015771;0;7;0;0.0;2.0;3.0;13.0;A01
23919;201300015772;0;30;0;0.0;2.0;1.0;1.0;B01
23920;201300015772;0;7;0;0.0;2.0;7.0;10.0;A01
23921;201300015773;0;7;0;0.0;2.0;8.0;9.0;A01
23922;201300015773;0;7;0;0.0;2.0;1.0;0.0;B01
23923;201300015774;0;32;0;0.0;2.0;7.0;17.0;B01
23924;201300015774;0;10;0;0.0;2.0;1.0;9.0;A01
23925;201300015775;0;7;0;0.0;2.0;6.0;0.0;B01
23926;201300015775;0;7;0;1.0;0.0;2.0;0.0;A01
23927;201300015776;0;7;0;0.0;0.0;3.0;1.0;A01
23928;201300015776;0;33;0;0.0;0.0;8.0;1.0;B01
23929;201300015777;0;2;0;0.0;1.0;1.0;0.0;A01
23930;201300015778;0;32;0;0.0;0.0;0.0;1.0;B01
23931;201300015778;1;7;0;0.0;2.0;0.0;1.0;Z01
23932;201300015779;0;7;0;0.0;0.0;3.0;20.0;B01
23933;201300015779;0;2;0;0.0;2.0;1.0;17.0;A01
23934;201300015780;0;7;0;0.0;2.0;3.0;15.0;A01
23935;201300015780;0;30;0;0.0;2.0;1.0;1.0;B01
23936;201300015781;0;7;0;0.0;2.0;7.0;0.0;A01
23937;201300015781;0;7;0;0.0;2.0;8.0;0.0;B01
23938;201300015782;0;7;0;0.0;1.0;8.0;2.0;A01
23939;201300015783;0;7;0;0.0;2.0;1.0;15.0;B01
23940;201300015783;0;30;0;0.0;2.0;1.0;1.0;A01
23941;201300015784;0;32;0;0.0;2.0;1.0;17.0;A01
23942;201300015784;0;7;0;0.0;2.0;6.0;1.0;B01
23943;201300015785;0;32;0;0.0;2.0;7.0;0.0;A01
23944;201300015785;0;7;0;0.0;2.0;3.0;0.0;B01
23945;201300015786;0;30;0;0.0;2.0;8.0;2.0;B01
23946;201300015786;0;38;1;0.0;2.0;7.0;2.0;A01
23947;201300015787;0;99;0;0.0;2.0;3.0;1.0;B01
23948;201300015787;0;30;0;0.0;2.0;1.0;0.0;A01
23949;201300015788;0;7;0;0.0;2.0;7.0;15.0;A01
23950;201300015788;0;33;0;0.0;2.0;1.0;1.0;B01
23951;201300015789;0;7;0;1.0;1.0;1.0;14.0;A01
23952;201300015790;0;33;0;0.0;2.0;2.0;2.0;B01
23953;201300015790;0;7;0;0.0;2.0;3.0;2.0;A01
23954;201300015792;0;30;0;8.0;0.0;1.0;1.0;A01
23955;201300015793;0;7;0;12.0;1.0;7.0;1.0;A01
23956;201300015794;0;38;15;0.0;2.0;2.0;1.0;B01
23957;201300015794;0;7;0;8.0;2.0;5.0;16.0;A01
23958;201300015795;0;7;0;0.0;2.0;3.0;1.0;B01
23959;201300015795;0;7;0;6.0;2.0;1.0;1.0;A01
23960;201300015796;0;1;0;0.0;2.0;0.0;0.0;B01
23961;201300015796;0;33;0;0.0;2.0;0.0;1.0;A01
23962;201300015797;0;7;0;0.0;2.0;8.0;21.0;B01
23963;201300015797;0;33;0;0.0;2.0;1.0;1.0;A01
23964;201300015798;1;7;0;0.0;2.0;3.0;9.0;A01
23965;201300015798;0;7;0;0.0;2.0;2.0;1.0;B01
23966;201300015799;0;34;0;1.0;0.0;1.0;1.0;A01
23967;201300015801;0;33;0;4.0;0.0;1.0;13.0;A01
23968;201300015802;0;7;0;0.0;1.0;7.0;15.0;A01
23969;201300015803;0;7;0;0.0;0.0;0.0;15.0;B01
23970;201300015803;0;32;0;0.0;2.0;8.0;1.0;A01
23971;201300015804;0;2;0;0.0;2.0;3.0;1.0;B01
23972;201300015804;0;7;0;0.0;2.0;1.0;15.0;A01
23973;201300015805;0;7;0;0.0;0.0;4.0;2.0;D01
23974;201300015805;0;7;0;0.0;0.0;4.0;2.0;B01
23975;201300015805;0;7;0;0.0;0.0;4.0;2.0;C01
23976;201300015805;0;7;0;0.0;0.0;1.0;2.0;A01
23977;201300015806;0;33;0;0.0;2.0;1.0;1.0;A01
23978;201300015806;0;7;0;0.0;2.0;3.0;9.0;B01
23979;201300015807;0;7;0;0.0;2.0;8.0;1.0;B01
23980;201300015807;0;34;0;0.0;2.0;2.0;13.0;A01
23981;201300015808;0;30;0;0.0;0.0;7.0;0.0;A01
23982;201300015809;0;7;0;0.0;2.0;0.0;10.0;A01
23983;201300015809;0;33;0;0.0;0.0;0.0;1.0;B01
23984;201300015810;0;7;0;6.0;0.0;0.0;0.0;A01
23985;201300015811;0;31;0;1.0;0.0;2.0;2.0;A01
23986;201300015811;0;37;7;0.0;0.0;6.0;23.0;B01
23987;201300015812;0;30;0;0.0;2.0;2.0;1.0;B01
23988;201300015812;0;7;0;0.0;2.0;2.0;5.0;A01
23989;201300015814;0;7;0;1.0;9.0;3.0;2.0;B01
23990;201300015815;0;33;0;0.0;2.0;2.0;2.0;A01
23991;201300015815;0;7;0;0.0;2.0;6.0;2.0;B01
23992;201300015816;0;7;0;0.0;2.0;2.0;15.0;B01
23993;201300015816;0;30;0;0.0;2.0;1.0;1.0;A01
23994;201300015817;0;30;0;0.0;2.0;1.0;17.0;A01
23995;201300015817;0;7;0;0.0;2.0;3.0;19.0;B01
23996;201300015818;0;7;0;0.0;2.0;1.0;2.0;A01
23997;201300015818;0;7;0;0.0;0.0;4.0;1.0;B01
23998;201300015819;0;32;0;0.0;2.0;1.0;1.0;A01
23999;201300015819;0;7;0;0.0;2.0;6.0;1.0;B01
24000;201300015820;0;33;0;0.0;2.0;7.0;2.0;B01
24001;201300015820;0;7;0;0.0;2.0;7.0;2.0;A01
24002;201300015821;0;31;0;0.0;2.0;1.0;0.0;B01
24003;201300015821;0;7;0;0.0;2.0;2.0;11.0;A01
24004;201300015822;0;30;0;0.0;1.0;7.0;1.0;A01
24005;201300015823;0;7;0;0.0;2.0;1.0;1.0;A01
24006;201300015823;0;7;0;0.0;2.0;4.0;1.0;B01
24007;201300015823;0;7;0;0.0;0.0;5.0;1.0;C01
24008;201300015824;0;7;0;0.0;2.0;3.0;15.0;A01
24009;201300015824;0;32;0;1.0;2.0;1.0;17.0;B01
24010;201300015825;0;7;0;0.0;2.0;1.0;1.0;B01
24011;201300015825;2;7;0;0.0;2.0;1.0;1.0;A01
24012;201300015826;1;7;0;0.0;1.0;4.0;4.0;A01
24013;201300015827;0;7;0;0.0;2.0;6.0;15.0;A01
24014;201300015827;0;33;0;0.0;2.0;1.0;1.0;B01
24015;201300015829;0;15;0;0.0;2.0;4.0;2.0;B01
24016;201300015829;0;7;0;0.0;2.0;1.0;2.0;A01
24017;201300015830;0;7;0;0.0;0.0;4.0;23.0;B01
24018;201300015830;0;7;0;0.0;2.0;1.0;2.0;A01
24019;201300015831;0;33;0;0.0;2.0;7.0;17.0;B01
24020;201300015831;0;7;0;0.0;2.0;3.0;13.0;A01
24021;201300015832;0;7;0;0.0;2.0;4.0;23.0;A01
24022;201300015832;1;7;0;0.0;2.0;4.0;2.0;Z01
24023;201300015833;0;7;0;0.0;2.0;1.0;21.0;B01
24024;201300015833;0;7;0;15.0;2.0;9.0;0.0;A01
24025;201300015834;0;30;0;0.0;0.0;0.0;0.0;A01
24026;201300015835;0;34;0;0.0;2.0;2.0;9.0;B01
24027;201300015835;0;7;0;0.0;2.0;0.0;1.0;A01
24028;201300015836;0;30;0;0.0;0.0;0.0;1.0;A01
24029;201300015837;0;30;0;0.0;1.0;1.0;1.0;A01
24030;201300015838;0;34;0;0.0;2.0;6.0;2.0;B01
24031;201300015838;0;7;0;0.0;2.0;6.0;13.0;A01
24032;201300015839;0;33;0;0.0;2.0;1.0;18.0;A01
24033;201300015839;0;32;0;0.0;0.0;9.0;0.0;B01
24034;201300015840;0;34;0;0.0;;0.0;21.0;A01
24035;201300015841;0;7;0;0.0;2.0;6.0;15.0;A01
24036;201300015841;0;2;0;0.0;2.0;1.0;0.0;B01
24037;201300015842;0;7;0;0.0;0.0;8.0;3.0;B01
24038;201300015842;0;34;0;0.0;0.0;2.0;3.0;A01
24039;201300015843;0;7;0;0.0;1.0;3.0;1.0;A01
24040;201300015844;0;7;0;0.0;2.0;4.0;2.0;A01
24041;201300015844;0;7;0;0.0;2.0;9.0;2.0;B01
24042;201300015844;0;7;0;0.0;2.0;1.0;2.0;C01
24043;201300015845;0;7;0;12.0;0.0;2.0;1.0;A01
24044;201300015846;0;30;0;0.0;2.0;0.0;0.0;C01
24045;201300015846;0;7;0;0.0;2.0;1.0;0.0;A01
24046;201300015846;0;30;0;0.0;2.0;0.0;1.0;B01
24047;201300015847;0;7;0;0.0;0.0;1.0;0.0;A01
24048;201300015847;0;7;0;0.0;0.0;3.0;0.0;B01
24049;201300015848;0;7;0;0.0;2.0;2.0;2.0;A01
24050;201300015848;0;33;0;0.0;2.0;4.0;2.0;B01
24051;201300015849;0;7;0;0.0;2.0;3.0;9.0;B01
24052;201300015849;0;7;0;0.0;2.0;2.0;1.0;A01
24053;201300015850;0;7;0;0.0;2.0;4.0;1.0;C01
24054;201300015850;0;7;0;0.0;2.0;2.0;1.0;A01
24055;201300015850;0;7;0;0.0;2.0;4.0;1.0;B01
24056;201300015852;0;31;0;0.0;0.0;4.0;1.0;B01
24057;201300015852;0;15;0;0.0;2.0;1.0;2.0;A01
24058;201300015853;0;7;0;1.0;0.0;9.0;13.0;A01
24059;201300015854;0;7;0;0.0;1.0;1.0;1.0;A01
24060;201300015855;0;33;0;0.0;2.0;1.0;17.0;B01
24061;201300015855;0;7;0;0.0;2.0;3.0;15.0;A01
24062;201300015856;0;32;0;0.0;2.0;1.0;1.0;B01
24063;201300015856;0;7;0;0.0;2.0;3.0;15.0;A01
24064;201300015857;0;7;0;0.0;0.0;1.0;1.0;B01
24065;201300015857;0;7;0;0.0;0.0;1.0;1.0;C01
24066;201300015857;0;7;0;0.0;2.0;1.0;5.0;A01
24067;201300015858;0;7;0;6.0;0.0;1.0;1.0;A01
24068;201300015858;0;7;0;0.0;9.0;1.0;1.0;B01
24069;201300015860;0;7;0;0.0;0.0;0.0;9.0;A01
24070;201300015860;0;33;0;0.0;2.0;0.0;9.0;B01
24071;201300015861;0;7;0;0.0;;0.0;0.0;A01
24072;201300015861;0;10;0;0.0;2.0;1.0;2.0;B01
24073;201300015862;1;99;0;0.0;2.0;1.0;2.0;Z01
24074;201300015862;0;1;0;0.0;2.0;4.0;2.0;B01
24075;201300015864;0;7;0;0.0;1.0;3.0;21.0;A01
24076;201300015865;0;30;0;0.0;2.0;2.0;1.0;A01
24077;201300015865;1;99;0;0.0;0.0;0.0;0.0;Z01
24078;201300015866;0;7;0;0.0;1.0;1.0;1.0;A01
24079;201300015867;1;7;0;0.0;2.0;1.0;1.0;Z01
24080;201300015867;0;1;0;0.0;2.0;4.0;1.0;B01
24081;201300015868;1;7;0;0.0;2.0;1.0;1.0;Z01
24082;201300015868;0;7;0;0.0;2.0;0.0;1.0;B01
24083;201300015869;0;30;0;0.0;2.0;1.0;2.0;A01
24084;201300015870;0;7;0;0.0;2.0;3.0;9.0;A01
24085;201300015870;0;33;0;0.0;2.0;1.0;0.0;B01
24086;201300015871;0;1;0;0.0;2.0;1.0;0.0;B01
24087;201300015871;0;7;0;0.0;2.0;5.0;15.0;A01
24088;201300015872;0;7;0;0.0;2.0;1.0;1.0;A01
24089;201300015872;0;7;0;0.0;0.0;4.0;1.0;B01
24090;201300015874;1;7;0;0.0;1.0;1.0;1.0;Z01
24091;201300015875;0;7;0;0.0;1.0;1.0;0.0;A01
24092;201300015877;0;7;0;0.0;2.0;3.0;14.0;B01
24093;201300015877;0;2;0;8.0;2.0;1.0;18.0;A01
24094;201300015878;0;7;0;0.0;2.0;3.0;1.0;B01
24095;201300015878;0;7;0;0.0;2.0;5.0;9.0;A01
24096;201300015879;1;7;0;0.0;0.0;0.0;0.0;Z01
24097;201300015879;0;3;0;0.0;2.0;8.0;1.0;B01
24098;201300015880;0;7;0;1.0;0.0;1.0;0.0;A01
24099;201300015881;0;7;0;0.0;2.0;3.0;15.0;A01
24100;201300015881;0;34;0;0.0;2.0;1.0;1.0;B01
24101;201300015882;0;7;0;0.0;2.0;1.0;19.0;B01
24102;201300015882;0;34;0;0.0;2.0;2.0;1.0;A01
24103;201300015883;0;7;0;0.0;2.0;6.0;15.0;B01
24104;201300015883;0;2;0;0.0;2.0;1.0;1.0;A01
24105;201300015884;0;33;0;0.0;2.0;0.0;16.0;B01
24106;201300015884;0;7;0;0.0;2.0;0.0;12.0;A01
24107;201300015885;1;7;0;0.0;1.0;1.0;0.0;Z01
24108;201300015886;0;33;0;0.0;0.0;7.0;2.0;B01
24109;201300015887;0;33;0;0.0;1.0;1.0;21.0;A01
24110;201300015888;0;34;0;0.0;2.0;2.0;17.0;B01
24111;201300015888;0;7;0;0.0;2.0;3.0;10.0;A01
24112;201300015889;0;36;0;0.0;9.0;1.0;0.0;A01
24113;201300015889;0;1;0;0.0;0.0;0.0;0.0;B01
24114;201300015889;0;1;0;0.0;0.0;1.0;0.0;C01
24115;201300015890;0;33;0;0.0;0.0;2.0;10.0;A01
24116;201300015890;0;33;0;0.0;0.0;2.0;0.0;B01
24117;201300015891;0;7;0;0.0;2.0;5.0;9.0;A01
24118;201300015891;0;30;0;0.0;2.0;1.0;1.0;B01
24119;201300015892;0;7;0;0.0;1.0;1.0;1.0;A01
24120;201300015893;0;7;0;0.0;2.0;4.0;4.0;A01
24121;201300015893;0;2;0;0.0;2.0;1.0;23.0;B01
24122;201300015894;0;34;0;9.0;0.0;0.0;2.0;A01
24123;201300015895;0;7;0;0.0;2.0;2.0;15.0;B01
24124;201300015895;0;33;0;0.0;2.0;1.0;2.0;A01
24125;201300015897;0;7;0;0.0;2.0;7.0;1.0;A01
24126;201300015897;0;30;0;0.0;2.0;8.0;1.0;B01
24127;201300015898;0;7;0;0.0;0.0;3.0;2.0;B01
24128;201300015898;0;32;0;0.0;0.0;2.0;2.0;A01
24129;201300015899;0;7;0;0.0;2.0;8.0;1.0;A01
24130;201300015899;0;7;0;0.0;2.0;1.0;1.0;B01
24131;201300015900;0;7;0;0.0;2.0;1.0;1.0;B01
24132;201300015900;1;7;0;0.0;2.0;1.0;5.0;Z01
24133;201300015901;0;7;0;0.0;2.0;1.0;2.0;B01
24134;201300015901;0;10;0;0.0;2.0;3.0;9.0;A01
24135;201300015902;0;7;0;0.0;2.0;1.0;15.0;A01
24136;201300015902;0;7;0;0.0;2.0;3.0;1.0;B01
24137;201300015903;1;7;0;0.0;1.0;0.0;0.0;Z01
24138;201300015904;0;7;0;0.0;2.0;1.0;1.0;A01
24139;201300015904;0;7;0;0.0;2.0;4.0;1.0;B01
24140;201300015907;0;7;0;0.0;1.0;2.0;2.0;A01
24141;201300015908;1;7;0;0.0;1.0;1.0;1.0;Z01
24142;201300015909;0;7;0;0.0;2.0;3.0;13.0;A01
24143;201300015909;0;33;0;0.0;2.0;1.0;2.0;B01
24144;201300015910;0;1;0;0.0;2.0;2.0;1.0;A01
24145;201300015910;1;7;0;0.0;2.0;3.0;1.0;Z01
24146;201300015911;0;7;0;0.0;2.0;1.0;1.0;B01
24147;201300015911;0;37;10;0.0;2.0;8.0;1.0;A01
24148;201300015912;0;32;0;0.0;2.0;1.0;17.0;B01
24149;201300015912;0;32;0;0.0;2.0;3.0;9.0;A01
24150;201300015913;0;32;0;0.0;2.0;1.0;1.0;B01
24151;201300015913;0;7;0;0.0;2.0;3.0;15.0;A01
24152;201300015914;0;7;0;0.0;2.0;2.0;15.0;A01
24153;201300015914;0;30;0;0.0;2.0;3.0;21.0;B01
24154;201300015915;1;7;0;0.0;1.0;1.0;2.0;Z01
24155;201300015916;1;30;0;0.0;1.0;1.0;1.0;Z01
24156;201300015917;0;30;0;0.0;2.0;7.0;1.0;B01
24157;201300015917;1;7;0;0.0;2.0;1.0;0.0;Z01
24158;201300015918;0;37;3;0.0;2.0;2.0;1.0;B01
24159;201300015918;0;10;0;0.0;2.0;8.0;19.0;A01
24160;201300015919;2;7;0;1.0;0.0;9.0;0.0;A01
24161;201300015920;0;7;0;0.0;1.0;4.0;4.0;A01
24162;201300015921;0;7;0;0.0;2.0;5.0;2.0;A01
24163;201300015921;0;7;0;0.0;2.0;1.0;2.0;B01
24164;201300015922;0;30;0;0.0;2.0;1.0;1.0;B01
24165;201300015922;1;7;0;0.0;9.0;4.0;13.0;Z01
24166;201300015923;0;7;0;0.0;2.0;2.0;15.0;A01
24167;201300015923;0;30;0;0.0;2.0;1.0;1.0;B01
24168;201300015924;0;7;0;0.0;2.0;1.0;0.0;B01
24169;201300015924;0;13;0;0.0;2.0;5.0;0.0;A01
24170;201300015926;0;7;0;0.0;2.0;3.0;21.0;A01
24171;201300015926;0;10;0;0.0;2.0;3.0;1.0;B01
24172;201300015927;0;7;0;0.0;2.0;1.0;15.0;B01
24173;201300015927;0;33;0;0.0;2.0;2.0;17.0;A01
24174;201300015928;0;32;0;0.0;2.0;1.0;1.0;A01
24175;201300015928;0;7;0;0.0;2.0;2.0;0.0;B01
24176;201300015929;1;7;0;0.0;1.0;0.0;0.0;Z01
24177;201300015930;0;33;0;0.0;0.0;0.0;0.0;B01
24178;201300015930;0;7;0;0.0;2.0;7.0;15.0;A01
24179;201300015931;0;7;0;0.0;2.0;1.0;2.0;A01
24180;201300015931;2;7;0;0.0;2.0;4.0;4.0;Z01
24181;201300015933;0;7;0;1.0;0.0;1.0;1.0;B01
24182;201300015933;0;14;0;0.0;0.0;4.0;0.0;A01
24183;201300015934;0;30;0;0.0;1.0;1.0;2.0;A01
24184;201300015935;0;2;0;0.0;2.0;0.0;1.0;B01
24185;201300015935;0;7;0;0.0;2.0;2.0;1.0;A01
24186;201300015936;0;32;0;0.0;0.0;0.0;0.0;A01
24187;201300015937;0;2;0;0.0;0.0;0.0;0.0;A01
24188;201300015938;1;7;0;0.0;2.0;4.0;23.0;Z01
24189;201300015938;0;7;0;0.0;2.0;4.0;23.0;B01
24190;201300015938;0;7;0;0.0;2.0;1.0;1.0;A01
24191;201300015939;0;7;0;0.0;2.0;3.0;15.0;A01
24192;201300015939;0;7;0;0.0;2.0;1.0;1.0;B01
24193;201300015940;0;7;0;0.0;1.0;7.0;0.0;A01
24194;201300015941;0;7;0;0.0;2.0;8.0;22.0;A01
24195;201300015941;0;33;0;1.0;0.0;2.0;22.0;B01
24196;201300015943;0;37;3;0.0;2.0;2.0;1.0;B01
24197;201300015943;0;7;0;0.0;2.0;3.0;10.0;A01
24198;201300015944;0;7;0;0.0;0.0;3.0;0.0;A01
24199;201300015944;0;33;0;0.0;0.0;0.0;0.0;B01