;Num_Acc;senc;catv;occutc;obs;obsm;choc;manv;num_veh
24200;201300015945;0;34;0;1.0;0.0;1.0;2.0;A01
24201;201300015947;0;7;0;0.0;1.0;2.0;1.0;B01
24202;201300015948;0;32;0;0.0;2.0;1.0;1.0;B01
24203;201300015948;0;10;0;0.0;2.0;8.0;10.0;A01
24204;201300015949;0;33;0;0.0;2.0;1.0;1.0;B01
24205;201300015949;0;7;0;0.0;2.0;3.0;10.0;A01
24206;201300015951;0;32;0;0.0;0.0;0.0;16.0;A01
24207;201300015952;0;32;0;0.0;2.0;2.0;1.0;B01
24208;201300015952;0;3;0;0.0;2.0;3.0;20.0;A01
24209;201300015954;0;7;0;1.0;0.0;2.0;1.0;B01
24210;201300015955;0;7;0;0.0;2.0;3.0;11.0;A01
24211;201300015955;0;33;0;0.0;2.0;1.0;21.0;B01
24212;201300015957;0;2;0;0.0;0.0;1.0;2.0;B01
24213;201300015957;0;7;0;0.0;0.0;4.0;2.0;A01
24214;201300015958;0;34;0;0.0;2.0;4.0;2.0;B01
24215;201300015958;2;7;0;0.0;2.0;1.0;2.0;A01
24216;201300015959;0;34;0;0.0;0.0;0.0;0.0;A01
24217;201300015960;0;7;0;0.0;0.0;4.0;2.0;B01
24218;201300015960;0;7;0;0.0;2.0;1.0;2.0;A01
24219;201300015961;0;7;0;0.0;1.0;1.0;1.0;A01
24220;201300015962;0;7;0;0.0;2.0;1.0;2.0;A01
24221;201300015962;0;7;0;0.0;2.0;4.0;2.0;B01
24222;201300015964;0;7;0;0.0;0.0;1.0;0.0;A01
24223;201300015964;0;7;0;0.0;0.0;4.0;0.0;B01
24224;201300015965;0;7;0;0.0;2.0;1.0;2.0;A01
24225;201300015965;0;7;0;0.0;2.0;4.0;0.0;C01
24226;201300015965;0;10;0;0.0;2.0;4.0;0.0;B01
24227;201300015966;0;7;0;0.0;1.0;3.0;2.0;A01
24228;201300015967;0;7;0;0.0;2.0;1.0;9.0;B01
24229;201300015967;0;33;0;0.0;2.0;1.0;1.0;A01
24230;201300015968;0;7;0;0.0;2.0;1.0;2.0;A01
24231;201300015968;0;7;0;0.0;0.0;4.0;2.0;B01
24232;201300015969;0;7;0;0.0;2.0;4.0;1.0;A01
24233;201300015969;0;7;0;0.0;0.0;4.0;0.0;B01
24234;201300015970;0;32;0;0.0;2.0;7.0;3.0;A01
24235;201300015970;0;7;0;0.0;2.0;3.0;15.0;B01
24236;201300015973;0;7;0;0.0;2.0;3.0;9.0;A01
24237;201300015973;0;32;0;0.0;2.0;1.0;21.0;B01
24238;201300015974;0;30;0;0.0;2.0;1.0;1.0;A01
24239;201300015974;0;7;0;0.0;0.0;3.0;1.0;B01
24240;201300015975;0;32;0;0.0;2.0;2.0;21.0;B01
24241;201300015975;0;10;0;0.0;2.0;3.0;9.0;A01
24242;201300015976;0;34;0;0.0;1.0;1.0;17.0;A01
24243;201300015977;0;7;0;0.0;1.0;7.0;1.0;A01
24244;201300015978;0;7;0;0.0;2.0;1.0;1.0;B01
24245;201300015978;0;7;0;15.0;2.0;3.0;1.0;A01
24246;201300015979;0;7;0;0.0;2.0;3.0;16.0;A01
24247;201300015979;0;32;0;0.0;2.0;3.0;1.0;B01
24248;201300015980;0;7;0;0.0;2.0;4.0;2.0;B01
24249;201300015980;0;7;0;0.0;2.0;1.0;2.0;A01
24250;201300015980;0;7;0;0.0;0.0;4.0;2.0;C01
24251;201300015982;0;7;0;0.0;2.0;1.0;2.0;A01
24252;201300015982;0;7;0;0.0;0.0;4.0;1.0;B01
24253;201300015984;0;7;0;0.0;1.0;1.0;1.0;A01
24254;201300015985;0;7;0;0.0;2.0;1.0;2.0;A01
24255;201300015985;0;7;0;0.0;2.0;4.0;2.0;B01
24256;201300015985;0;7;0;0.0;2.0;4.0;0.0;C01
24257;201300015986;0;7;0;0.0;2.0;3.0;15.0;B01
24258;201300015986;0;32;0;0.0;2.0;2.0;17.0;A01
24259;201300015987;0;7;0;6.0;0.0;1.0;1.0;A01
24260;201300015989;1;99;0;0.0;0.0;0.0;0.0;Z01
24261;201300015989;0;7;0;15.0;0.0;3.0;1.0;A01
24262;201300015990;0;30;0;0.0;0.0;1.0;2.0;A01
24263;201300015990;0;7;0;0.0;0.0;4.0;2.0;B01
24264;201300015991;0;33;0;0.0;2.0;1.0;1.0;B01
24265;201300015991;0;10;0;0.0;2.0;3.0;9.0;A01
24266;201300015992;0;7;0;0.0;0.0;0.0;2.0;B01
24267;201300015992;0;31;0;0.0;2.0;0.0;2.0;A01
24268;201300015993;0;7;0;0.0;2.0;6.0;11.0;B01
24269;201300015993;2;7;0;0.0;2.0;9.0;0.0;C01
24270;201300015993;0;7;0;0.0;0.0;0.0;4.0;A01
24271;201300015994;0;33;0;0.0;1.0;1.0;1.0;A01
24272;201300015995;0;7;0;0.0;0.0;2.0;9.0;A01
24273;201300015995;0;32;0;0.0;0.0;1.0;1.0;B01
24274;201300015996;0;7;0;0.0;2.0;0.0;1.0;B01
24275;201300015996;0;30;0;0.0;2.0;0.0;1.0;A01
24276;201300015997;0;7;0;0.0;0.0;1.0;1.0;B01
24277;201300015997;0;10;0;0.0;2.0;3.0;0.0;C01
24278;201300015997;0;33;0;0.0;0.0;0.0;2.0;A01
24279;201300015998;0;7;0;0.0;2.0;1.0;2.0;A01
24280;201300015998;0;31;0;0.0;2.0;4.0;23.0;B01
24281;201300015999;0;1;0;0.0;2.0;1.0;7.0;A01
24282;201300015999;0;7;0;0.0;9.0;2.0;2.0;B01
24283;201300016000;0;40;0;0.0;1.0;2.0;1.0;A01
24284;201300016001;0;31;0;0.0;2.0;1.0;1.0;A01
24285;201300016001;0;7;0;0.0;2.0;2.0;15.0;B01
24286;201300016002;0;33;0;0.0;0.0;1.0;1.0;A01
24287;201300016003;0;7;0;0.0;1.0;3.0;11.0;A01
24288;201300016004;0;7;0;0.0;2.0;6.0;10.0;A01
24289;201300016004;0;7;0;0.0;2.0;2.0;1.0;B01
24290;201300016005;0;30;0;0.0;2.0;1.0;17.0;A01
24291;201300016005;0;7;0;0.0;2.0;3.0;19.0;B01
24292;201300016006;0;7;0;0.0;2.0;7.0;1.0;A01
24293;201300016006;0;30;0;0.0;2.0;1.0;1.0;B01
24294;201300016007;0;7;0;0.0;1.0;1.0;1.0;A01
24295;201300016008;0;7;0;0.0;1.0;8.0;1.0;A01
24296;201300016009;1;34;0;0.0;1.0;0.0;0.0;Z01
24297;201300016010;0;7;0;0.0;2.0;3.0;15.0;B01
24298;201300016010;0;33;0;0.0;2.0;1.0;1.0;A01
24299;201300016011;1;7;0;0.0;2.0;1.0;0.0;Z01
24300;201300016011;0;7;0;0.0;0.0;4.0;0.0;B01
24301;201300016011;0;7;0;0.0;0.0;4.0;0.0;A01
24302;201300016012;0;7;0;0.0;0.0;8.0;1.0;B01
24303;201300016012;0;30;0;0.0;2.0;1.0;1.0;A01
24304;201300016013;0;7;0;0.0;2.0;6.0;1.0;B01
24305;201300016013;0;7;0;0.0;2.0;6.0;1.0;C01
24306;201300016013;0;7;0;9.0;2.0;1.0;3.0;A01
24307;201300016014;1;99;0;0.0;2.0;1.0;3.0;A01
24308;201300016014;0;7;0;0.0;2.0;2.0;21.0;B01
24309;201300016015;0;7;0;0.0;2.0;1.0;2.0;A01
24310;201300016015;0;7;0;0.0;2.0;4.0;2.0;B01
24311;201300016016;0;7;0;0.0;2.0;1.0;15.0;A01
24312;201300016016;0;33;0;0.0;2.0;1.0;1.0;B01
24313;201300016017;0;7;0;0.0;2.0;2.0;16.0;A01
24314;201300016017;0;37;1;0.0;2.0;3.0;7.0;B01
24315;201300016018;0;99;0;0.0;2.0;7.0;1.0;B01
24316;201300016018;0;7;0;0.0;2.0;1.0;1.0;A01
24317;201300016019;0;10;0;0.0;2.0;8.0;1.0;A01
24318;201300016019;1;10;0;0.0;2.0;8.0;13.0;Z01
24319;201300016020;0;7;0;0.0;1.0;3.0;15.0;A01
24320;201300016021;0;7;0;15.0;0.0;1.0;0.0;A01
24321;201300016022;0;7;0;0.0;1.0;0.0;0.0;A01
24322;201300016023;0;2;0;0.0;2.0;6.0;1.0;A01
24323;201300016024;0;7;0;0.0;2.0;1.0;1.0;A01
24324;201300016024;0;7;0;0.0;2.0;4.0;23.0;C01
24325;201300016024;0;7;0;0.0;2.0;4.0;23.0;B01
24326;201300016025;0;7;0;1.0;0.0;3.0;2.0;B01
24327;201300016025;0;34;0;0.0;2.0;7.0;17.0;A01
24328;201300016026;0;7;0;0.0;1.0;1.0;15.0;A01
24329;201300016027;0;10;0;8.0;2.0;1.0;1.0;A01
24330;201300016027;0;7;0;0.0;2.0;6.0;1.0;B01
24331;201300016028;0;33;0;0.0;2.0;2.0;1.0;B01
24332;201300016028;0;10;0;0.0;0.0;8.0;10.0;A01
24333;201300016029;0;7;0;0.0;1.0;1.0;1.0;A01
24334;201300016030;0;7;0;0.0;2.0;1.0;6.0;A01
24335;201300016030;0;7;0;0.0;2.0;1.0;1.0;B01
24336;201300016031;0;32;0;14.0;0.0;1.0;1.0;A01
24337;201300016032;0;10;0;0.0;1.0;1.0;16.0;A01
24338;201300016033;0;7;0;0.0;1.0;3.0;1.0;A01
24339;201300016034;0;7;0;0.0;1.0;3.0;15.0;A01
24340;201300016035;0;33;0;0.0;1.0;1.0;1.0;A01
24341;201300016036;0;30;0;0.0;0.0;7.0;17.0;A01
24342;201300016037;0;7;0;0.0;2.0;1.0;1.0;B01
24343;201300016037;0;7;0;0.0;2.0;7.0;0.0;A01
24344;201300016038;0;7;0;1.0;0.0;1.0;5.0;A01
24345;201300016039;1;7;0;0.0;2.0;1.0;5.0;Z01
24346;201300016039;0;33;0;0.0;2.0;1.0;1.0;B01
24347;201300016041;1;30;0;0.0;1.0;1.0;1.0;Z01
24348;201300016042;1;33;0;0.0;1.0;1.0;1.0;Z01
24349;201300016043;1;7;0;0.0;2.0;1.0;9.0;Z01
24350;201300016043;0;7;0;0.0;2.0;8.0;1.0;B01
24351;201300016045;0;33;0;0.0;2.0;1.0;1.0;B01
24352;201300016045;1;7;0;0.0;2.0;4.0;15.0;Z01
24353;201300016046;1;34;0;0.0;2.0;0.0;0.0;Z01
24354;201300016046;0;2;0;0.0;2.0;0.0;0.0;B01
24355;201300016047;1;7;0;0.0;2.0;8.0;11.0;Z01
24356;201300016047;0;34;0;0.0;2.0;7.0;1.0;B01
24357;201300016048;1;7;0;0.0;1.0;1.0;1.0;Z01
24358;201300016049;0;7;0;0.0;2.0;8.0;15.0;B01
24359;201300016049;0;2;0;0.0;2.0;8.0;1.0;A01
24360;201300016050;0;7;0;0.0;2.0;2.0;22.0;B01
24361;201300016050;0;30;0;0.0;2.0;6.0;18.0;A01
24362;201300016052;0;7;0;0.0;2.0;1.0;1.0;A01
24363;201300016052;0;7;0;0.0;2.0;6.0;1.0;B01
24364;201300016053;0;7;0;0.0;2.0;1.0;1.0;B01
24365;201300016053;0;7;0;0.0;2.0;3.0;19.0;A01
24366;201300016054;0;34;0;0.0;1.0;1.0;3.0;A01
24367;201300016055;0;7;0;0.0;2.0;8.0;1.0;B01
24368;201300016055;0;15;0;0.0;2.0;2.0;12.0;A01
24369;201300016056;0;7;0;0.0;2.0;4.0;1.0;B01
24370;201300016056;0;10;0;0.0;2.0;1.0;1.0;A01
24371;201300016057;0;7;0;0.0;2.0;7.0;15.0;A01
24372;201300016057;0;32;0;0.0;2.0;1.0;1.0;B01
24373;201300016058;1;7;0;0.0;9.0;2.0;2.0;Z01
24374;201300016058;0;1;0;0.0;2.0;3.0;2.0;B01
24375;201300016059;0;7;0;0.0;1.0;3.0;1.0;A01
24376;201300016060;0;34;0;0.0;2.0;7.0;1.0;B01
24377;201300016060;0;7;0;0.0;2.0;1.0;19.0;A01
24378;201300016061;0;7;0;0.0;2.0;9.0;2.0;B01
24379;201300016061;0;7;0;0.0;2.0;3.0;11.0;A01
24380;201300016061;0;7;0;0.0;2.0;4.0;2.0;C01
24381;201300016062;0;32;0;0.0;2.0;6.0;2.0;A01
24382;201300016062;0;7;0;0.0;2.0;2.0;16.0;B01
24383;201300016063;1;32;0;0.0;1.0;0.0;0.0;Z01
24384;201300016064;0;7;0;11.0;0.0;1.0;1.0;A01
24385;201300016065;0;2;0;0.0;2.0;0.0;1.0;B01
24386;201300016065;1;7;0;0.0;2.0;1.0;10.0;Z01
24387;201300016066;0;7;0;0.0;0.0;4.0;23.0;B01
24388;201300016066;0;7;0;0.0;2.0;1.0;1.0;A01
24389;201300016067;0;7;0;0.0;2.0;4.0;2.0;C01
24390;201300016067;0;7;0;0.0;2.0;4.0;2.0;B01
24391;201300016067;0;10;0;0.0;2.0;1.0;2.0;A01
24392;201300016068;0;7;0;0.0;1.0;4.0;4.0;A01
24393;201300016069;0;30;0;0.0;0.0;8.0;1.0;A01
24394;201300016070;0;32;0;0.0;2.0;1.0;1.0;B01
24395;201300016070;0;7;0;0.0;2.0;3.0;15.0;A01
24396;201300016071;0;30;0;0.0;1.0;1.0;1.0;A01
24397;201300016072;1;7;0;0.0;2.0;5.0;1.0;Z01
24398;201300016072;0;2;0;0.0;2.0;1.0;1.0;A01
24399;201300016073;1;7;0;0.0;2.0;0.0;2.0;Z01
24400;201300016073;0;7;0;0.0;0.0;5.0;23.0;A01
24401;201300016074;0;7;0;0.0;2.0;6.0;15.0;B01
24402;201300016074;0;34;0;0.0;2.0;1.0;17.0;A01
24403;201300016075;0;7;0;0.0;2.0;3.0;9.0;A01
24404;201300016075;0;33;0;0.0;2.0;1.0;1.0;B01
24405;201300016076;0;30;0;0.0;2.0;3.0;1.0;A01
24406;201300016076;0;30;0;0.0;2.0;1.0;5.0;B01
24407;201300016077;0;7;0;0.0;2.0;6.0;1.0;B01
24408;201300016077;0;7;0;0.0;2.0;1.0;1.0;A01
24409;201300016079;0;33;0;0.0;2.0;2.0;1.0;B01
24410;201300016079;1;7;0;0.0;2.0;6.0;17.0;Z01
24411;201300016080;0;7;0;0.0;0.0;1.0;9.0;B01
24412;201300016080;0;32;0;0.0;2.0;0.0;2.0;A01
24413;201300016082;0;7;0;0.0;1.0;1.0;15.0;A01
24414;201300016083;1;7;0;0.0;1.0;0.0;0.0;Z01
24415;201300016084;0;7;0;0.0;2.0;3.0;1.0;B01
24416;201300016084;0;34;0;0.0;2.0;1.0;15.0;A01
24417;201300016085;0;1;0;1.0;0.0;1.0;1.0;B01
24418;201300016085;0;7;0;0.0;2.0;8.0;22.0;A01
24419;201300016086;0;7;0;0.0;1.0;1.0;0.0;A01
24420;201300016087;0;34;0;0.0;2.0;1.0;2.0;B01
24421;201300016087;0;7;0;0.0;2.0;3.0;11.0;A01
24422;201300016088;0;7;0;0.0;2.0;3.0;15.0;B01
24423;201300016088;0;7;0;0.0;2.0;3.0;1.0;A01
24424;201300016089;0;7;0;0.0;1.0;0.0;1.0;A01
24425;201300016090;0;7;0;0.0;2.0;3.0;2.0;B01
24426;201300016090;0;7;0;0.0;0.0;4.0;10.0;A01
24427;201300016091;0;7;0;0.0;2.0;1.0;2.0;A01
24428;201300016091;0;7;0;0.0;2.0;0.0;2.0;B01
24429;201300016092;0;7;0;0.0;2.0;1.0;1.0;B01
24430;201300016092;0;34;0;0.0;2.0;7.0;1.0;A01
24431;201300016093;0;7;0;0.0;2.0;4.0;13.0;B01
24432;201300016093;0;33;0;0.0;2.0;1.0;17.0;A01
24433;201300016094;0;7;0;8.0;9.0;1.0;1.0;A01
24434;201300016095;0;7;0;0.0;1.0;3.0;1.0;A01
24435;201300016096;0;10;0;0.0;1.0;6.0;1.0;A01
24436;201300016097;0;30;0;0.0;0.0;3.0;1.0;A01
24437;201300016098;1;7;0;0.0;2.0;1.0;17.0;Z01
24438;201300016098;0;7;0;0.0;2.0;8.0;15.0;A01
24439;201300016099;0;7;0;0.0;1.0;2.0;15.0;A01
24440;201300016100;0;31;0;0.0;0.0;7.0;0.0;A01
24441;201300016101;0;7;0;0.0;2.0;1.0;15.0;A01
24442;201300016101;0;7;0;0.0;2.0;2.0;1.0;B01
24443;201300016102;0;7;0;0.0;2.0;5.0;16.0;A01
24444;201300016102;0;7;0;0.0;2.0;3.0;1.0;B01
24445;201300016103;0;33;0;0.0;2.0;5.0;1.0;B01
24446;201300016103;0;7;0;0.0;2.0;1.0;15.0;A01
24447;201300016104;0;7;0;0.0;2.0;1.0;2.0;A01
24448;201300016104;0;7;0;0.0;2.0;4.0;23.0;C01
24449;201300016104;0;7;0;0.0;2.0;4.0;23.0;B01
24450;201300016105;0;33;0;0.0;2.0;7.0;2.0;B01
24451;201300016105;0;7;0;0.0;2.0;0.0;3.0;A01
24452;201300016107;0;7;0;0.0;2.0;3.0;2.0;A01
24453;201300016107;0;7;0;0.0;2.0;2.0;2.0;B01
24454;201300016108;0;7;0;0.0;2.0;0.0;0.0;B01
24455;201300016108;0;33;0;0.0;2.0;0.0;0.0;A01
24456;201300016109;0;7;0;0.0;2.0;1.0;15.0;A01
24457;201300016109;0;7;0;0.0;2.0;9.0;2.0;B01
24458;201300016109;0;7;0;0.0;2.0;3.0;2.0;C01
24459;201300016110;0;7;0;0.0;2.0;7.0;16.0;B01
24460;201300016110;0;20;0;0.0;2.0;1.0;1.0;A01
24461;201300016111;0;30;0;0.0;0.0;0.0;1.0;A01
24462;201300016112;0;7;0;0.0;2.0;0.0;0.0;B01
24463;201300016112;0;30;0;0.0;2.0;0.0;0.0;A01
24464;201300016113;0;37;0;0.0;2.0;8.0;9.0;A01
24465;201300016113;0;7;0;0.0;2.0;5.0;9.0;B01
24466;201300016114;0;30;0;0.0;2.0;1.0;21.0;A01
24467;201300016114;0;7;0;0.0;2.0;5.0;9.0;B01
24468;201300016115;0;30;0;0.0;2.0;3.0;15.0;A01
24469;201300016115;0;1;0;0.0;2.0;1.0;1.0;B01
24470;201300016116;0;7;0;0.0;2.0;1.0;0.0;A01
24471;201300016116;0;7;0;0.0;2.0;1.0;0.0;B01
24472;201300016117;0;7;0;0.0;2.0;2.0;15.0;A01
24473;201300016117;0;33;0;0.0;2.0;1.0;1.0;B01
24474;201300016118;0;7;0;0.0;0.0;2.0;22.0;A01
24475;201300016118;0;34;0;1.0;0.0;3.0;18.0;B01
24476;201300016119;0;7;0;0.0;2.0;7.0;19.0;B01
24477;201300016119;0;32;0;0.0;2.0;1.0;17.0;A01
24478;201300016120;0;14;0;0.0;2.0;8.0;24.0;B01
24479;201300016120;0;7;0;1.0;0.0;7.0;2.0;A01
24480;201300016121;0;30;0;0.0;1.0;1.0;1.0;A01
24481;201300016122;0;7;0;0.0;2.0;6.0;15.0;A01
24482;201300016122;0;30;0;0.0;2.0;1.0;1.0;B01
24483;201300016123;0;7;0;0.0;2.0;1.0;1.0;B01
24484;201300016123;0;7;0;0.0;0.0;4.0;1.0;A01
24485;201300016123;0;7;0;0.0;2.0;1.0;1.0;C01
24486;201300016124;0;32;0;0.0;2.0;1.0;1.0;B01
24487;201300016124;0;7;0;1.0;2.0;1.0;1.0;A01
24488;201300016125;0;7;0;0.0;1.0;0.0;1.0;A01
24489;201300016126;0;7;0;0.0;0.0;2.0;15.0;A01
24490;201300016126;0;2;0;0.0;0.0;1.0;1.0;B01
24491;201300016128;0;33;0;0.0;0.0;0.0;0.0;A01
24492;201300016129;0;7;0;0.0;2.0;8.0;1.0;C01
24493;201300016129;0;2;0;0.0;2.0;1.0;3.0;A01
24494;201300016129;0;7;0;0.0;2.0;3.0;1.0;B01
24495;201300016130;0;2;0;0.0;2.0;1.0;1.0;A01
24496;201300016130;0;7;0;0.0;0.0;4.0;1.0;B01
24497;201300016131;0;31;0;0.0;2.0;1.0;1.0;B01
24498;201300016131;0;7;0;0.0;2.0;7.0;10.0;A01
24499;201300016134;0;7;0;0.0;2.0;1.0;2.0;A01
24500;201300016134;0;7;0;0.0;2.0;4.0;2.0;B01
24501;201300016135;0;7;0;12.0;1.0;1.0;1.0;A01
24502;201300016136;0;7;0;0.0;2.0;3.0;13.0;B01
24503;201300016136;0;32;0;0.0;2.0;5.0;17.0;A01
24504;201300016137;0;7;0;0.0;1.0;1.0;0.0;A01
24505;201300016138;0;7;0;0.0;2.0;2.0;16.0;A01
24506;201300016138;0;34;0;0.0;2.0;8.0;16.0;B01
24507;201300016139;0;7;0;0.0;2.0;2.0;16.0;A01
24508;201300016139;0;7;0;0.0;2.0;6.0;16.0;B01
24509;201300016141;0;2;0;0.0;0.0;0.0;0.0;A01
24510;201300016142;0;7;0;1.0;2.0;2.0;15.0;A01
24511;201300016142;0;30;0;0.0;2.0;0.0;2.0;B01
24512;201300016143;0;37;1;0.0;2.0;4.0;2.0;C01
24513;201300016143;0;7;0;14.0;0.0;1.0;2.0;A01
24514;201300016143;0;7;0;1.0;0.0;1.0;2.0;B01
24515;201300016144;1;7;0;0.0;1.0;0.0;0.0;Z01
24516;201300016145;0;7;0;1.0;0.0;9.0;0.0;A01
24517;201300016147;0;32;0;0.0;0.0;0.0;21.0;B01
24518;201300016147;1;7;0;0.0;0.0;0.0;16.0;Z01
24519;201300016148;0;32;0;0.0;2.0;1.0;1.0;B01
24520;201300016148;0;7;0;0.0;2.0;2.0;15.0;A01
24521;201300016150;0;7;0;0.0;1.0;2.0;1.0;A01
24522;201300016151;0;7;0;0.0;0.0;3.0;0.0;A01
24523;201300016152;0;7;0;0.0;1.0;1.0;15.0;A01
24524;201300016153;0;33;0;0.0;2.0;7.0;17.0;B01
24525;201300016153;0;7;0;0.0;2.0;3.0;13.0;A01
24526;201300016154;0;32;0;0.0;2.0;1.0;1.0;B01
24527;201300016154;0;10;0;0.0;2.0;2.0;15.0;A01
24528;201300016156;0;7;0;0.0;1.0;2.0;0.0;A01
24529;201300016157;0;33;0;0.0;0.0;1.0;17.0;A01
24530;201300016157;0;7;0;0.0;0.0;0.0;0.0;B01
24531;201300016158;1;7;0;0.0;1.0;4.0;0.0;A01
24532;201300016159;0;7;0;0.0;1.0;1.0;0.0;A01
24533;201300016161;0;33;0;15.0;0.0;3.0;0.0;A01
24534;201300016162;0;2;0;0.0;2.0;1.0;13.0;A01
24535;201300016162;0;7;0;0.0;2.0;8.0;0.0;B01
24536;201300016163;0;32;0;0.0;2.0;2.0;1.0;B01
24537;201300016163;0;7;0;0.0;2.0;8.0;10.0;A01
24538;201300016164;0;2;0;0.0;0.0;0.0;0.0;A01
24539;201300016164;0;7;0;0.0;0.0;3.0;11.0;B01
24540;201300016168;0;7;0;0.0;2.0;1.0;2.0;A01
24541;201300016168;0;7;0;0.0;0.0;6.0;2.0;B01
24542;201300016169;0;7;0;0.0;2.0;1.0;1.0;A01
24543;201300016169;0;30;0;0.0;2.0;7.0;16.0;B01
24544;201300016170;0;31;0;1.0;2.0;2.0;1.0;A01
24545;201300016170;0;7;0;0.0;2.0;8.0;1.0;B01
24546;201300016171;0;40;0;0.0;1.0;1.0;1.0;A01
24547;201300016172;0;32;0;0.0;2.0;1.0;0.0;B01
24548;201300016172;1;30;0;0.0;2.0;6.0;9.0;A01
24549;201300016173;0;7;0;0.0;2.0;4.0;1.0;B01
24550;201300016173;0;30;0;0.0;2.0;1.0;1.0;A01
24551;201300016174;0;10;0;9.0;0.0;1.0;1.0;A01
24552;201300016175;0;7;0;0.0;9.0;5.0;1.0;B01
24553;201300016175;0;2;0;0.0;2.0;3.0;1.0;A01
24554;201300016176;0;7;0;0.0;2.0;4.0;2.0;B01
24555;201300016176;0;7;0;0.0;2.0;1.0;2.0;A01
24556;201300016177;0;7;0;0.0;2.0;4.0;2.0;B01
24557;201300016177;0;7;0;0.0;2.0;1.0;2.0;A01
24558;201300016178;0;32;0;0.0;2.0;1.0;1.0;B01
24559;201300016178;0;7;0;0.0;2.0;3.0;15.0;A01
24560;201300016179;0;7;0;0.0;0.0;0.0;0.0;A01
24561;201300016181;0;7;0;0.0;1.0;2.0;1.0;A01
24562;201300016182;0;7;0;0.0;2.0;3.0;15.0;B01
24563;201300016182;0;30;0;0.0;2.0;3.0;8.0;A01
24564;201300016183;0;17;0;0.0;2.0;8.0;1.0;A01
24565;201300016183;0;7;0;0.0;2.0;8.0;2.0;B01
24566;201300016184;0;7;0;0.0;2.0;7.0;2.0;B01
24567;201300016184;0;7;0;0.0;1.0;7.0;2.0;A01
24568;201300016185;0;31;0;15.0;0.0;1.0;2.0;A01
24569;201300016186;0;7;0;0.0;2.0;2.0;1.0;B01
24570;201300016186;0;7;0;0.0;2.0;6.0;9.0;A01
24571;201300016188;0;33;0;0.0;2.0;1.0;18.0;A01
24572;201300016188;0;7;0;0.0;2.0;1.0;1.0;B01
24573;201300016190;1;7;0;0.0;2.0;2.0;0.0;Z01
24574;201300016190;0;31;0;0.0;2.0;1.0;1.0;B01
24575;201300016192;0;7;0;0.0;2.0;1.0;15.0;A01
24576;201300016192;0;7;0;0.0;2.0;8.0;1.0;B01
24577;201300016193;0;7;0;0.0;2.0;1.0;9.0;A01
24578;201300016193;0;7;0;0.0;2.0;5.0;1.0;B01
24579;201300016194;0;7;0;0.0;2.0;1.0;1.0;A01
24580;201300016194;0;7;0;0.0;2.0;6.0;1.0;B01
24581;201300016195;0;7;0;1.0;1.0;1.0;1.0;A01
24582;201300016197;0;7;0;0.0;2.0;1.0;2.0;A01
24583;201300016197;0;7;0;0.0;2.0;4.0;1.0;B01
24584;201300016198;0;7;0;0.0;2.0;1.0;1.0;B01
24585;201300016198;0;7;0;0.0;2.0;1.0;1.0;A01
24586;201300016199;0;15;0;0.0;0.0;0.0;1.0;A01
24587;201300016200;0;7;0;13.0;0.0;1.0;0.0;A01
24588;201300016201;0;7;0;0.0;2.0;1.0;1.0;B01
24589;201300016201;0;7;0;0.0;2.0;1.0;5.0;A01
24590;201300016202;0;7;0;0.0;2.0;0.0;1.0;E01
24591;201300016202;0;7;0;0.0;2.0;0.0;1.0;B01
24592;201300016202;0;7;0;0.0;2.0;1.0;0.0;A01
24593;201300016203;0;7;0;0.0;2.0;1.0;2.0;A01
24594;201300016203;0;7;0;0.0;2.0;4.0;1.0;B01
24595;201300016204;0;7;0;13.0;0.0;9.0;0.0;A01
24596;201300016206;0;7;0;0.0;0.0;4.0;2.0;B01
24597;201300016206;0;7;0;0.0;2.0;1.0;2.0;A01
24598;201300016207;0;2;0;0.0;0.0;8.0;0.0;A01
24599;201300016209;0;7;0;0.0;2.0;1.0;1.0;A01
24600;201300016209;0;7;0;0.0;2.0;1.0;1.0;B01
24601;201300016210;0;7;0;0.0;2.0;4.0;2.0;C01
24602;201300016210;0;7;0;0.0;2.0;1.0;2.0;A01
24603;201300016210;0;7;0;0.0;2.0;4.0;2.0;B01
24604;201300016211;0;7;0;0.0;2.0;1.0;2.0;A01
24605;201300016211;0;7;0;0.0;2.0;4.0;1.0;B01
24606;201300016212;0;7;0;0.0;2.0;1.0;1.0;A01
24607;201300016212;0;7;0;0.0;2.0;4.0;1.0;B01
24608;201300016213;0;7;0;0.0;2.0;1.0;15.0;A01
24609;201300016213;0;7;0;0.0;2.0;1.0;1.0;B01
24610;201300016214;0;33;0;0.0;2.0;1.0;11.0;A01
24611;201300016214;0;7;0;0.0;2.0;1.0;1.0;B01
24612;201300016215;0;7;0;0.0;2.0;8.0;1.0;B01
24613;201300016215;0;7;0;0.0;2.0;7.0;1.0;A01
24614;201300016216;0;7;0;0.0;2.0;4.0;2.0;C01
24615;201300016216;0;7;0;0.0;2.0;4.0;1.0;B01
24616;201300016216;0;7;0;0.0;2.0;4.0;2.0;D01
24617;201300016216;0;37;2;0.0;2.0;1.0;2.0;A01
24618;201300016217;0;7;0;0.0;1.0;1.0;1.0;A01
24619;201300016218;0;1;0;0.0;2.0;4.0;2.0;B01
24620;201300016218;0;7;0;0.0;2.0;1.0;2.0;A01
24621;201300016220;0;7;0;9.0;0.0;9.0;14.0;A01