;Num_Acc;senc;catv;occutc;obs;obsm;choc;manv;num_veh
24622;201300016221;0;7;0;3.0;0.0;9.0;2.0;A01
24623;201300016223;0;7;0;0.0;2.0;7.0;17.0;B01
24624;201300016223;0;1;0;0.0;2.0;8.0;15.0;A01
24625;201300016226;1;7;0;0.0;2.0;1.0;2.0;Z01
24626;201300016226;0;7;0;0.0;2.0;4.0;2.0;B01
24627;201300016227;0;33;0;0.0;2.0;0.0;21.0;A01
24628;201300016227;0;7;0;0.0;2.0;7.0;21.0;B01
24629;201300016228;0;7;0;0.0;2.0;3.0;15.0;A01
24630;201300016228;0;7;0;0.0;2.0;2.0;1.0;B01
24631;201300016229;0;7;0;0.0;2.0;2.0;17.0;A01
24632;201300016229;0;7;0;0.0;2.0;6.0;15.0;B01
24633;201300016231;0;37;1;0.0;2.0;8.0;1.0;B01
24634;201300016231;0;33;0;0.0;2.0;0.0;1.0;A01
24635;201300016232;0;7;0;0.0;2.0;4.0;2.0;D01
24636;201300016232;0;7;0;0.0;2.0;4.0;2.0;C01
24637;201300016232;0;7;0;0.0;2.0;4.0;2.0;B01
24638;201300016232;0;10;0;0.0;2.0;1.0;2.0;A01
24639;201300016233;0;1;0;0.0;9.0;0.0;2.0;B01
24640;201300016233;0;7;0;0.0;2.0;8.0;2.0;A01
24641;201300016234;0;7;0;0.0;2.0;5.0;1.0;B01
24642;201300016234;0;7;0;0.0;2.0;1.0;9.0;A01
24643;201300016235;0;7;0;0.0;2.0;1.0;2.0;A01
24644;201300016235;0;7;0;0.0;2.0;4.0;2.0;C01
24645;201300016235;0;7;0;0.0;2.0;4.0;2.0;B01
24646;201300016236;0;7;0;0.0;2.0;4.0;2.0;B01
24647;201300016236;0;10;0;0.0;2.0;1.0;2.0;A01
24648;201300016237;0;7;0;0.0;2.0;1.0;1.0;B01
24649;201300016237;0;7;0;0.0;2.0;2.0;9.0;A01
24650;201300016238;0;10;0;0.0;2.0;3.0;1.0;B01
24651;201300016238;0;30;0;0.0;2.0;1.0;1.0;A01
24652;201300016239;0;7;0;0.0;1.0;1.0;1.0;A01
24653;201300016240;0;7;0;0.0;2.0;1.0;1.0;A01
24654;201300016240;0;7;0;0.0;2.0;1.0;1.0;B01
24655;201300016241;0;2;0;0.0;2.0;1.0;18.0;B01
24656;201300016241;0;7;0;0.0;2.0;7.0;16.0;A01
24657;201300016242;0;7;0;0.0;2.0;0.0;1.0;B01
24658;201300016242;0;7;0;0.0;2.0;0.0;1.0;C01
24659;201300016242;0;7;0;0.0;2.0;1.0;13.0;A01
24660;201300016243;0;7;0;0.0;2.0;1.0;5.0;A01
24661;201300016243;0;7;0;0.0;2.0;1.0;1.0;B01
24662;201300016244;0;7;0;0.0;2.0;1.0;9.0;A01
24663;201300016244;0;7;0;0.0;2.0;8.0;9.0;B01
24664;201300016245;0;34;0;0.0;2.0;0.0;1.0;B01
24665;201300016245;0;7;0;0.0;2.0;0.0;1.0;A01
24666;201300016246;0;7;0;0.0;2.0;1.0;2.0;A01
24667;201300016246;0;37;1;0.0;2.0;4.0;1.0;B01
24668;201300016247;0;7;0;0.0;1.0;1.0;1.0;A01
24669;201300016248;0;7;0;8.0;0.0;1.0;1.0;A01
24670;201300016249;0;7;0;0.0;2.0;2.0;2.0;A01
24671;201300016249;0;7;0;0.0;2.0;4.0;2.0;B01
24672;201300016250;0;2;0;0.0;2.0;1.0;9.0;A01
24673;201300016250;0;7;0;0.0;2.0;1.0;1.0;C01
24674;201300016250;0;7;0;0.0;2.0;7.0;1.0;B01
24675;201300016251;0;7;0;0.0;0.0;9.0;6.0;A01
24676;201300016252;0;7;0;0.0;1.0;4.0;1.0;A01
24677;201300016253;0;7;0;0.0;2.0;1.0;15.0;A01
24678;201300016253;0;32;0;0.0;2.0;1.0;1.0;B01
24679;201300016254;0;7;0;0.0;1.0;2.0;1.0;A01
24680;201300016255;0;7;0;0.0;2.0;5.0;1.0;B01
24681;201300016255;0;7;0;0.0;2.0;1.0;2.0;A01
24682;201300016256;2;7;0;0.0;1.0;0.0;1.0;Z01
24683;201300016257;0;7;0;3.0;0.0;9.0;14.0;A01
24684;201300016258;0;7;0;0.0;2.0;1.0;10.0;A01
24685;201300016258;0;7;0;0.0;2.0;7.0;1.0;B01
24686;201300016259;1;13;0;0.0;1.0;1.0;15.0;Z01
24687;201300016260;0;10;0;0.0;2.0;4.0;2.0;C01
24688;201300016260;0;10;0;0.0;2.0;1.0;2.0;A01
24689;201300016260;0;7;0;0.0;2.0;4.0;1.0;B01
24690;201300016262;1;7;0;0.0;1.0;1.0;1.0;Z01
24691;201300016264;0;10;0;0.0;2.0;5.0;2.0;B01
24692;201300016264;0;7;0;0.0;2.0;1.0;2.0;A01
24693;201300016264;0;7;0;0.0;2.0;8.0;2.0;C01
24694;201300016265;0;7;0;3.0;0.0;1.0;1.0;A01
24695;201300016267;0;7;0;0.0;2.0;4.0;2.0;B01
24696;201300016267;0;15;0;0.0;2.0;1.0;2.0;A01
24697;201300016268;0;7;0;0.0;1.0;1.0;2.0;A01
24698;201300016269;0;7;0;0.0;1.0;1.0;15.0;A01
24699;201300016270;0;7;0;0.0;2.0;1.0;16.0;A01
24700;201300016270;0;7;0;0.0;2.0;3.0;23.0;B01
24701;201300016271;0;14;0;1.0;0.0;2.0;2.0;B01
24702;201300016271;0;15;0;0.0;0.0;6.0;23.0;A01
24703;201300016272;0;7;0;0.0;2.0;1.0;2.0;A01
24704;201300016272;0;7;0;0.0;2.0;4.0;2.0;B01
24705;201300016273;0;7;0;0.0;2.0;3.0;1.0;B01
24706;201300016273;0;7;0;0.0;2.0;3.0;13.0;A01
24707;201300016274;1;99;0;0.0;1.0;1.0;1.0;Z01
24708;201300016276;0;7;0;0.0;2.0;1.0;1.0;B01
24709;201300016276;0;7;0;0.0;2.0;1.0;15.0;A01
24710;201300016277;0;7;0;0.0;2.0;1.0;1.0;C01
24711;201300016277;0;7;0;0.0;2.0;1.0;5.0;A01
24712;201300016277;0;7;0;0.0;2.0;1.0;1.0;B01
24713;201300016278;0;7;0;0.0;1.0;2.0;2.0;A01
24714;201300016279;0;10;0;0.0;2.0;8.0;1.0;B01
24715;201300016279;0;7;0;9.0;2.0;1.0;17.0;A01
24716;201300016280;0;2;0;0.0;2.0;0.0;0.0;B01
24717;201300016280;0;7;0;0.0;2.0;0.0;0.0;A01
24718;201300016281;0;7;0;0.0;2.0;1.0;15.0;A01
24719;201300016281;0;7;0;0.0;2.0;3.0;1.0;B01
24720;201300016282;0;7;0;0.0;2.0;7.0;13.0;A01
24721;201300016282;0;17;0;0.0;2.0;1.0;1.0;B01
24722;201300016283;0;7;0;8.0;0.0;1.0;14.0;A01
24723;201300016284;0;7;0;0.0;2.0;1.0;2.0;A01
24724;201300016284;0;38;1;0.0;2.0;4.0;1.0;B01
24725;201300016286;0;10;0;0.0;2.0;1.0;1.0;B01
24726;201300016286;0;7;0;0.0;2.0;6.0;10.0;A01
24727;201300016287;0;7;0;0.0;2.0;4.0;2.0;B01
24728;201300016287;0;7;0;0.0;2.0;1.0;2.0;A01
24729;201300016288;0;7;0;0.0;0.0;4.0;2.0;C01
24730;201300016288;0;7;0;0.0;2.0;1.0;2.0;A01
24731;201300016288;0;7;0;0.0;2.0;4.0;2.0;B01
24732;201300016289;0;7;0;8.0;0.0;7.0;0.0;A01
24733;201300016290;0;7;0;0.0;2.0;8.0;17.0;B01
24734;201300016290;0;7;0;0.0;2.0;3.0;10.0;A01
24735;201300016291;0;7;0;0.0;9.0;4.0;2.0;B01
24736;201300016291;0;2;0;0.0;2.0;1.0;2.0;A01
24737;201300016292;0;7;0;13.0;0.0;1.0;17.0;A01
24738;201300016293;0;7;0;0.0;1.0;1.0;1.0;A01
24739;201300016294;0;34;0;0.0;0.0;0.0;0.0;A01
24740;201300016295;0;7;0;0.0;1.0;3.0;1.0;A01
24741;201300016296;0;33;0;8.0;0.0;1.0;1.0;A01
24742;201300016297;0;1;0;0.0;2.0;8.0;0.0;B01
24743;201300016297;0;7;0;0.0;9.0;3.0;9.0;A01
24744;201300016298;0;7;0;0.0;2.0;1.0;13.0;A01
24745;201300016298;0;7;0;0.0;2.0;8.0;1.0;B01
24746;201300016298;0;7;0;0.0;2.0;3.0;1.0;C01
24747;201300016299;0;7;0;0.0;2.0;2.0;1.0;C01
24748;201300016299;0;7;0;0.0;2.0;9.0;0.0;A01
24749;201300016299;0;7;0;0.0;2.0;9.0;0.0;B01
24750;201300016300;0;7;0;0.0;2.0;3.0;1.0;A01
24751;201300016300;0;32;0;0.0;2.0;7.0;1.0;B01
24752;201300016301;1;7;0;0.0;1.0;5.0;16.0;Z01
24753;201300016302;0;1;0;12.0;2.0;1.0;9.0;B01
24754;201300016302;0;7;0;0.0;9.0;8.0;1.0;A01
24755;201300016303;0;7;0;0.0;1.0;4.0;4.0;A01
24756;201300016304;0;7;0;6.0;0.0;3.0;1.0;A01
24757;201300016306;0;7;0;2.0;0.0;1.0;5.0;A01
24758;201300016308;0;7;0;0.0;0.0;4.0;2.0;B01
24759;201300016308;0;30;0;0.0;2.0;1.0;2.0;A01
24760;201300016309;0;7;0;0.0;2.0;3.0;0.0;A01
24761;201300016309;0;7;0;0.0;2.0;2.0;0.0;B01
24762;201300016310;0;7;0;2.0;0.0;1.0;21.0;B01
24763;201300016311;0;7;0;0.0;0.0;4.0;1.0;B01
24764;201300016311;0;7;0;0.0;2.0;2.0;1.0;A01
24765;201300016312;0;7;0;0.0;0.0;4.0;1.0;B01
24766;201300016312;0;7;0;0.0;0.0;1.0;1.0;A01
24767;201300016314;0;7;0;0.0;2.0;0.0;1.0;A01
24768;201300016315;0;7;0;0.0;1.0;0.0;4.0;A01
24769;201300016316;0;7;0;0.0;2.0;1.0;1.0;B01
24770;201300016316;0;3;0;0.0;2.0;7.0;15.0;A01
24771;201300016317;0;7;0;0.0;2.0;1.0;17.0;A01
24772;201300016317;0;7;0;0.0;2.0;1.0;1.0;B01
24773;201300016318;0;7;0;0.0;2.0;6.0;1.0;B01
24774;201300016318;0;7;0;0.0;2.0;1.0;1.0;C01
24775;201300016318;0;7;0;0.0;2.0;2.0;17.0;A01
24776;201300016320;0;10;0;0.0;2.0;2.0;16.0;B01
24777;201300016320;0;10;0;0.0;2.0;3.0;1.0;A01
24778;201300016321;0;32;0;0.0;2.0;8.0;2.0;A01
24779;201300016321;1;7;0;0.0;2.0;0.0;4.0;Z01
24780;201300016322;0;7;0;0.0;0.0;0.0;0.0;A01
24781;201300016323;0;34;0;0.0;2.0;1.0;17.0;A01
24782;201300016323;0;10;0;0.0;2.0;6.0;15.0;B01
24783;201300016324;0;7;0;0.0;2.0;1.0;13.0;A01
24784;201300016324;0;7;0;0.0;0.0;1.0;1.0;D01
24785;201300016324;0;7;0;0.0;0.0;3.0;1.0;C01
24786;201300016324;0;7;0;0.0;0.0;3.0;1.0;B01
24787;201300016325;0;30;0;0.0;2.0;1.0;1.0;B01
24788;201300016325;0;7;0;0.0;0.0;3.0;20.0;A01
24789;201300016326;0;7;0;0.0;0.0;6.0;1.0;A01
24790;201300016326;0;7;0;0.0;0.0;2.0;0.0;B01
24791;201300016327;0;10;0;0.0;2.0;1.0;1.0;A01
24792;201300016327;0;7;0;0.0;2.0;4.0;1.0;B01
24793;201300016328;0;7;0;0.0;2.0;1.0;1.0;A01
24794;201300016328;0;7;0;0.0;2.0;8.0;1.0;B01
24795;201300016329;0;7;0;0.0;1.0;3.0;1.0;B01
24796;201300016330;0;33;0;8.0;0.0;1.0;1.0;A01
24797;201300016331;0;7;0;0.0;2.0;1.0;1.0;A01
24798;201300016331;0;34;0;0.0;2.0;4.0;1.0;B01
24799;201300016333;0;2;0;0.0;0.0;1.0;1.0;A01
24800;201300016334;0;7;0;0.0;0.0;0.0;1.0;C01
24801;201300016334;0;7;0;0.0;0.0;1.0;1.0;A01
24802;201300016334;0;7;0;0.0;0.0;0.0;1.0;B01
24803;201300016335;0;33;0;0.0;0.0;0.0;1.0;A01
24804;201300016337;0;7;0;0.0;2.0;1.0;17.0;A01
24805;201300016337;0;7;0;0.0;2.0;2.0;1.0;B01
24806;201300016338;0;7;0;0.0;0.0;5.0;1.0;A01
24807;201300016339;0;7;0;3.0;0.0;7.0;1.0;A01
24808;201300016340;0;7;0;6.0;0.0;9.0;1.0;A01
24809;201300016341;0;7;0;0.0;0.0;9.0;1.0;A01
24810;201300016343;0;15;0;0.0;0.0;0.0;1.0;B01
24811;201300016343;0;15;0;0.0;2.0;6.0;1.0;A01
24812;201300016344;0;7;0;0.0;2.0;1.0;17.0;A01
24813;201300016344;0;7;0;0.0;2.0;1.0;1.0;B01
24814;201300016345;0;2;0;0.0;2.0;1.0;1.0;B01
24815;201300016345;0;7;0;0.0;2.0;5.0;1.0;A01
24816;201300016346;0;36;0;6.0;0.0;1.0;1.0;A01
24817;201300016348;0;15;0;0.0;2.0;8.0;1.0;B01
24818;201300016348;0;7;0;0.0;2.0;1.0;5.0;A01
24819;201300016349;0;7;0;0.0;0.0;0.0;1.0;A01
24820;201300016350;0;7;0;0.0;2.0;7.0;1.0;B01
24821;201300016350;1;32;0;0.0;0.0;0.0;0.0;Z01
24822;201300016351;0;7;0;0.0;0.0;0.0;1.0;A01
24823;201300016352;0;7;0;0.0;0.0;1.0;1.0;A01
24824;201300016353;0;2;0;0.0;0.0;0.0;0.0;A01
24825;201300016354;0;7;0;0.0;0.0;4.0;1.0;B01
24826;201300016354;0;7;0;0.0;2.0;1.0;1.0;A01
24827;201300016355;0;15;0;0.0;2.0;3.0;1.0;B01
24828;201300016355;0;7;0;0.0;0.0;0.0;1.0;A01
24829;201300016356;0;7;0;0.0;2.0;2.0;0.0;A01
24830;201300016356;0;33;0;0.0;2.0;1.0;1.0;B01
24831;201300016357;0;7;0;0.0;0.0;2.0;1.0;B01
24832;201300016357;0;7;0;0.0;0.0;1.0;1.0;A01
24833;201300016358;0;7;0;1.0;0.0;1.0;0.0;A01
24834;201300016358;0;14;0;0.0;0.0;6.0;24.0;B01
24835;201300016359;0;7;0;8.0;1.0;0.0;1.0;A01
24836;201300016360;0;7;0;0.0;1.0;1.0;1.0;A01
24837;201300016361;0;7;0;0.0;0.0;9.0;0.0;A01
24838;201300016362;0;7;0;0.0;0.0;2.0;15.0;A01
24839;201300016362;0;7;0;0.0;2.0;1.0;1.0;B01
24840;201300016363;0;7;0;1.0;5.0;2.0;1.0;A01
24841;201300016364;0;7;0;0.0;0.0;7.0;1.0;A01
24842;201300016365;0;7;0;0.0;0.0;2.0;1.0;A01
24843;201300016366;0;7;0;0.0;2.0;1.0;1.0;A01
24844;201300016366;0;7;0;0.0;0.0;2.0;16.0;B01
24845;201300016367;0;7;0;0.0;2.0;4.0;4.0;A01
24846;201300016367;0;7;0;0.0;2.0;1.0;1.0;B01
24847;201300016368;0;30;0;0.0;2.0;0.0;0.0;A01
24848;201300016369;0;33;0;0.0;0.0;1.0;1.0;A01
24849;201300016370;0;7;0;0.0;1.0;1.0;1.0;A01
24850;201300016371;0;7;0;0.0;2.0;1.0;1.0;B01
24851;201300016371;0;7;0;0.0;2.0;1.0;15.0;A01
24852;201300016371;0;7;0;0.0;0.0;1.0;1.0;C01
24853;201300016372;0;7;0;0.0;1.0;1.0;1.0;A01
24854;201300016373;0;7;0;0.0;0.0;0.0;1.0;A01
24855;201300016374;0;7;0;0.0;0.0;0.0;1.0;A01
24856;201300016375;0;33;0;0.0;0.0;1.0;1.0;A01
24857;201300016376;0;7;0;0.0;0.0;9.0;0.0;A01
24858;201300016377;0;7;0;13.0;0.0;1.0;0.0;A01
24859;201300016377;0;7;0;0.0;0.0;0.0;10.0;B01
24860;201300016378;0;7;0;4.0;0.0;9.0;1.0;A01
24861;201300016379;0;7;0;0.0;2.0;4.0;2.0;B01
24862;201300016379;0;7;0;0.0;2.0;1.0;2.0;A01
24863;201300016380;0;7;0;0.0;0.0;0.0;0.0;A01
24864;201300016381;0;7;0;0.0;2.0;1.0;0.0;A01
24865;201300016381;0;7;0;0.0;2.0;1.0;0.0;B01
24866;201300016382;0;7;0;0.0;2.0;1.0;2.0;B01
24867;201300016382;0;7;0;0.0;2.0;1.0;2.0;A01
24868;201300016382;0;7;0;0.0;2.0;4.0;2.0;C01
24869;201300016383;0;7;0;1.0;0.0;1.0;0.0;A01
24870;201300016384;0;7;0;0.0;2.0;2.0;1.0;A01
24871;201300016384;1;7;0;0.0;2.0;3.0;13.0;Z01
24872;201300016385;0;7;0;0.0;2.0;1.0;2.0;C01
24873;201300016385;0;7;0;0.0;0.0;2.0;1.0;B01
24874;201300016385;0;7;0;0.0;2.0;1.0;12.0;A01
24875;201300016386;0;7;0;6.0;0.0;4.0;1.0;A01
24876;201300016387;0;7;0;8.0;0.0;1.0;1.0;A01
24877;201300016388;0;7;0;0.0;0.0;4.0;1.0;B01
24878;201300016388;0;7;0;0.0;2.0;1.0;1.0;A01
24879;201300016389;0;7;0;0.0;2.0;1.0;1.0;A01
24880;201300016389;0;7;0;0.0;0.0;4.0;1.0;B01
24881;201300016390;0;7;0;1.0;0.0;2.0;21.0;B01
24882;201300016392;1;7;0;0.0;0.0;0.0;2.0;Z01
24883;201300016392;0;7;0;3.0;0.0;8.0;1.0;B01
24884;201300016393;0;7;0;8.0;0.0;1.0;11.0;A01
24885;201300016394;0;10;0;0.0;2.0;8.0;10.0;A01
24886;201300016394;0;33;0;0.0;2.0;1.0;1.0;B01
24887;201300016396;0;7;0;0.0;2.0;3.0;5.0;A01
24888;201300016396;0;7;0;0.0;2.0;2.0;1.0;B01
24889;201300016397;0;7;0;0.0;2.0;8.0;1.0;B01
24890;201300016397;0;7;0;0.0;2.0;3.0;9.0;A01
24891;201300016398;0;7;0;0.0;2.0;1.0;2.0;B01
24892;201300016398;0;7;0;0.0;0.0;4.0;2.0;A01
24893;201300016399;0;33;0;0.0;0.0;8.0;1.0;A01
24894;201300016400;0;7;0;1.0;0.0;9.0;1.0;A01
24895;201300016401;0;7;0;0.0;2.0;1.0;0.0;A01
24896;201300016401;0;7;0;0.0;2.0;5.0;0.0;B01
24897;201300016402;0;7;0;0.0;2.0;6.0;23.0;B01
24898;201300016402;0;7;0;0.0;2.0;1.0;2.0;A01
24899;201300016403;0;30;0;0.0;0.0;8.0;1.0;A01
24900;201300016404;0;7;0;0.0;1.0;1.0;1.0;A01
24901;201300016405;0;17;0;0.0;0.0;8.0;0.0;A01
24902;201300016406;0;10;0;0.0;2.0;1.0;2.0;A01
24903;201300016406;0;7;0;0.0;0.0;4.0;2.0;B01
24904;201300016407;0;7;0;0.0;2.0;2.0;0.0;A01
24905;201300016407;0;7;0;0.0;2.0;2.0;0.0;B01
24906;201300016408;0;2;0;0.0;2.0;2.0;1.0;A01
24907;201300016408;0;7;0;0.0;2.0;3.0;2.0;B01
24908;201300016409;0;7;0;0.0;2.0;8.0;16.0;B01
24909;201300016409;0;7;0;0.0;2.0;1.0;1.0;A01
24910;201300016411;0;7;0;0.0;2.0;1.0;1.0;B01
24911;201300016411;0;7;0;0.0;2.0;7.0;15.0;A01
24912;201300016412;0;7;0;1.0;0.0;6.0;2.0;B01
24913;201300016412;0;7;0;0.0;0.0;5.0;2.0;C01
24914;201300016412;0;7;0;1.0;0.0;2.0;2.0;A01
24915;201300016413;0;7;0;0.0;2.0;3.0;15.0;B01
24916;201300016413;0;34;0;0.0;2.0;1.0;17.0;A01
24917;201300016414;0;7;0;0.0;0.0;1.0;1.0;A01
24918;201300016415;0;7;0;0.0;2.0;1.0;2.0;A01
24919;201300016415;0;37;0;0.0;2.0;4.0;2.0;B01
24920;201300016417;0;32;0;0.0;0.0;7.0;1.0;A01
24921;201300016418;0;7;0;0.0;2.0;1.0;1.0;A01
24922;201300016418;0;7;0;0.0;2.0;1.0;1.0;B01
24923;201300016419;0;7;0;0.0;1.0;1.0;2.0;A01
24924;201300016420;0;7;0;0.0;2.0;1.0;2.0;A01
24925;201300016420;0;7;0;0.0;2.0;4.0;0.0;B01
24926;201300016421;0;33;0;0.0;0.0;8.0;15.0;A01
24927;201300016422;0;2;0;0.0;2.0;8.0;17.0;B01
24928;201300016422;0;7;0;0.0;2.0;7.0;15.0;A01
24929;201300016423;0;7;0;0.0;2.0;1.0;2.0;A01
24930;201300016423;0;7;0;0.0;0.0;4.0;2.0;B01
24931;201300016425;0;7;0;0.0;2.0;3.0;16.0;B01
24932;201300016425;0;7;0;0.0;2.0;2.0;12.0;A01
24933;201300016426;0;7;0;0.0;2.0;3.0;9.0;A01
24934;201300016426;0;33;0;0.0;2.0;1.0;1.0;B01
24935;201300016427;0;10;0;0.0;2.0;0.0;15.0;A01
24936;201300016427;0;2;0;0.0;2.0;0.0;17.0;B01
24937;201300016428;0;7;0;0.0;2.0;1.0;9.0;A01
24938;201300016428;0;7;0;0.0;2.0;3.0;1.0;B01
24939;201300016429;0;7;0;0.0;1.0;2.0;1.0;A01
24940;201300016430;0;7;0;0.0;1.0;2.0;0.0;A01
24941;201300016431;0;10;0;0.0;2.0;1.0;2.0;A01
24942;201300016431;0;7;0;0.0;2.0;4.0;2.0;B01
24943;201300016431;0;7;0;0.0;2.0;4.0;2.0;C01
24944;201300016433;0;7;0;0.0;0.0;4.0;2.0;B01
24945;201300016433;1;7;0;0.0;2.0;1.0;2.0;Z01
24946;201300016434;0;7;0;0.0;2.0;4.0;2.0;C01
24947;201300016434;0;7;0;0.0;2.0;9.0;2.0;B01
24948;201300016434;0;7;0;0.0;2.0;1.0;2.0;A01
24949;201300016435;0;7;0;4.0;0.0;8.0;1.0;A01
24950;201300016437;0;7;0;0.0;2.0;6.0;1.0;B01
24951;201300016437;0;7;0;0.0;2.0;2.0;1.0;A01
24952;201300016439;0;33;0;0.0;0.0;1.0;0.0;A01
24953;201300016440;0;7;0;0.0;2.0;4.0;2.0;C01
24954;201300016440;0;7;0;0.0;2.0;1.0;2.0;B01
24955;201300016440;0;7;0;0.0;2.0;1.0;2.0;A01
24956;201300016441;0;7;0;0.0;1.0;1.0;0.0;A01
24957;201300016442;0;7;0;0.0;2.0;1.0;12.0;A01
24958;201300016442;0;7;0;0.0;2.0;4.0;1.0;B01
24959;201300016442;0;10;0;0.0;2.0;4.0;1.0;C01
24960;201300016443;0;10;0;0.0;2.0;8.0;9.0;A01
24961;201300016443;0;31;0;0.0;2.0;1.0;1.0;B01
24962;201300016444;0;7;0;0.0;2.0;5.0;1.0;B01
24963;201300016444;0;7;0;0.0;2.0;3.0;14.0;A01
24964;201300016445;0;7;0;0.0;2.0;3.0;1.0;A01
24965;201300016445;0;30;0;0.0;2.0;7.0;1.0;B01
24966;201300016446;0;7;0;0.0;2.0;3.0;1.0;A01
24967;201300016446;0;7;0;0.0;2.0;2.0;1.0;B01
24968;201300016447;0;7;0;0.0;2.0;8.0;15.0;B01
24969;201300016447;0;34;0;0.0;2.0;7.0;2.0;A01
24970;201300016448;0;31;0;0.0;2.0;3.0;0.0;B01
24971;201300016448;0;7;0;0.0;2.0;8.0;10.0;A01
24972;201300016449;0;7;0;0.0;2.0;8.0;15.0;B01
24973;201300016449;0;33;0;0.0;2.0;1.0;17.0;A01
24974;201300016450;0;7;0;11.0;0.0;3.0;0.0;A01
24975;201300016451;0;33;0;0.0;2.0;1.0;1.0;B01
24976;201300016451;0;7;0;0.0;2.0;2.0;15.0;A01
24977;201300016452;0;7;0;0.0;2.0;3.0;1.0;C01
24978;201300016452;0;7;0;0.0;2.0;3.0;1.0;B01
24979;201300016452;0;7;0;0.0;2.0;3.0;1.0;D01
24980;201300016452;0;7;0;0.0;2.0;3.0;13.0;A01
24981;201300016453;0;7;0;8.0;0.0;1.0;1.0;A01
24982;201300016454;1;7;0;0.0;0.0;0.0;2.0;B01
24983;201300016454;0;7;0;0.0;0.0;4.0;2.0;A01
24984;201300016455;0;7;0;0.0;0.0;1.0;14.0;A01
24985;201300016457;0;7;0;0.0;2.0;2.0;1.0;B01
24986;201300016457;0;7;0;0.0;2.0;3.0;9.0;A01
24987;201300016459;0;7;0;0.0;1.0;0.0;0.0;A01
24988;201300016460;0;7;0;14.0;0.0;3.0;2.0;A01
24989;201300016461;0;33;0;0.0;2.0;1.0;1.0;B01
24990;201300016461;0;7;0;0.0;2.0;3.0;19.0;A01
24991;201300016462;0;7;0;0.0;2.0;3.0;1.0;B01
24992;201300016462;0;7;0;0.0;2.0;1.0;6.0;A01
24993;201300016463;0;34;0;0.0;2.0;1.0;1.0;B01
24994;201300016463;0;7;0;0.0;2.0;5.0;15.0;A01
24995;201300016464;0;7;0;0.0;2.0;8.0;0.0;B01
24996;201300016464;0;7;0;0.0;2.0;3.0;0.0;A01
24997;201300016465;0;7;0;0.0;2.0;1.0;0.0;B01
24998;201300016465;0;7;0;0.0;2.0;1.0;0.0;A01
24999;201300016466;0;1;0;0.0;2.0;1.0;1.0;B01
25000;201300016466;0;7;0;0.0;2.0;2.0;1.0;A01
25001;201300016467;0;7;0;0.0;2.0;2.0;1.0;B01
25002;201300016467;0;7;0;0.0;2.0;8.0;9.0;A01
25003;201300016469;0;7;0;0.0;1.0;1.0;1.0;A01
25004;201300016470;0;7;0;0.0;2.0;4.0;2.0;B01
25005;201300016470;0;7;0;0.0;2.0;1.0;2.0;A01
25006;201300016471;0;7;0;0.0;2.0;1.0;2.0;A01
25007;201300016471;0;7;0;0.0;2.0;4.0;2.0;B01
25008;201300016472;0;7;0;0.0;2.0;2.0;1.0;C01
25009;201300016472;0;7;0;0.0;2.0;8.0;1.0;B01
25010;201300016472;0;7;0;0.0;2.0;1.0;19.0;A01
25011;201300016473;0;7;0;3.0;0.0;2.0;0.0;A01
25012;201300016474;0;20;0;4.0;0.0;9.0;1.0;A01
25013;201300016474;0;20;0;3.0;0.0;9.0;2.0;B01
25014;201300016475;0;7;0;0.0;2.0;4.0;2.0;B01
25015;201300016475;0;7;0;0.0;2.0;2.0;2.0;A01
25016;201300016476;0;7;0;0.0;2.0;2.0;2.0;A01
25017;201300016476;0;7;0;0.0;2.0;6.0;2.0;B01
25018;201300016476;0;7;0;0.0;2.0;4.0;2.0;C01
25019;201300016478;0;7;0;0.0;2.0;1.0;2.0;A01
25020;201300016478;0;7;0;0.0;0.0;4.0;2.0;B01
25021;201300016479;0;7;0;0.0;2.0;1.0;2.0;A01
25022;201300016479;0;7;0;0.0;2.0;4.0;2.0;B01
25023;201300016480;0;7;0;0.0;0.0;2.0;0.0;A01
25024;201300016481;0;10;0;1.0;1.0;7.0;1.0;A01
25025;201300016482;0;7;0;4.0;0.0;1.0;1.0;A01
25026;201300016483;0;7;0;4.0;0.0;3.0;0.0;A01
25027;201300016484;1;7;0;0.0;1.0;0.0;0.0;A01
25028;201300016485;0;7;0;0.0;0.0;6.0;1.0;B01
25029;201300016485;0;7;0;0.0;2.0;2.0;11.0;A01
25030;201300016486;0;7;0;13.0;0.0;1.0;0.0;A01
25031;201300016487;0;10;0;0.0;2.0;1.0;2.0;A01
25032;201300016487;0;7;0;0.0;2.0;4.0;2.0;B01
25033;201300016488;0;7;0;0.0;1.0;1.0;2.0;A01
25034;201300016489;0;7;0;0.0;2.0;3.0;1.0;B01
25035;201300016489;0;7;0;0.0;2.0;3.0;15.0;A01
25036;201300016490;0;7;0;0.0;1.0;1.0;2.0;A01
25037;201300016491;0;10;0;0.0;2.0;2.0;15.0;A01
25038;201300016491;0;32;0;0.0;2.0;1.0;18.0;B01
25039;201300016492;0;7;0;0.0;2.0;3.0;1.0;B01
25040;201300016492;0;33;0;0.0;2.0;2.0;17.0;A01
25041;201300016493;0;7;0;0.0;2.0;7.0;0.0;A01
25042;201300016493;0;7;0;0.0;2.0;2.0;1.0;B01
25043;201300016494;0;34;0;0.0;0.0;5.0;2.0;A01
25044;201300016495;0;10;0;0.0;2.0;2.0;2.0;A01