;Num_Acc;senc;catv;occutc;obs;obsm;choc;manv;num_veh
25466;201300016777;0;7;0;0.0;2.0;0.0;1.0;C03
25467;201300016777;0;7;0;0.0;2.0;1.0;5.0;A01
25468;201300016778;0;3;0;0.0;2.0;3.0;15.0;A01
25469;201300016778;0;7;0;0.0;2.0;1.0;1.0;B02
25470;201300016779;0;31;0;0.0;2.0;1.0;5.0;A01
25471;201300016779;0;10;0;0.0;2.0;2.0;2.0;B02
25472;201300016780;0;33;0;0.0;2.0;5.0;17.0;A01
25473;201300016780;0;7;0;0.0;2.0;3.0;1.0;B02
25474;201300016781;0;7;0;0.0;2.0;2.0;15.0;A01
25475;201300016781;0;31;0;0.0;2.0;3.0;1.0;B02
25476;201300016782;0;7;0;0.0;0.0;8.0;19.0;A01
25477;201300016782;0;33;0;0.0;2.0;3.0;1.0;B02
25478;201300016783;0;7;0;0.0;2.0;6.0;15.0;B02
25479;201300016783;0;33;0;0.0;2.0;1.0;17.0;A01
25480;201300016784;0;7;0;0.0;1.0;1.0;1.0;A01
25481;201300016785;0;7;0;0.0;2.0;3.0;13.0;A01
25482;201300016785;0;17;0;0.0;2.0;3.0;1.0;B02
25483;201300016786;0;1;0;0.0;2.0;8.0;0.0;B02
25484;201300016786;0;7;0;0.0;9.0;1.0;19.0;A01
25485;201300016787;0;7;0;0.0;2.0;1.0;2.0;A01
25486;201300016787;0;7;0;0.0;2.0;4.0;2.0;C03
25487;201300016787;0;7;0;0.0;2.0;4.0;2.0;B02
25488;201300016788;0;7;0;0.0;2.0;3.0;1.0;A01
25489;201300016788;0;1;0;0.0;2.0;4.0;2.0;B02
25490;201300016789;0;7;0;0.0;2.0;1.0;1.0;A01
25491;201300016789;0;7;0;0.0;2.0;3.0;9.0;B02
25492;201300016790;0;7;0;0.0;0.0;1.0;17.0;A01
25493;201300016791;0;33;0;0.0;2.0;7.0;1.0;A01
25494;201300016791;0;7;0;0.0;2.0;3.0;9.0;B02
25495;201300016792;0;7;0;0.0;2.0;3.0;1.0;B02
25496;201300016792;0;7;0;0.0;2.0;3.0;13.0;A01
25497;201300016793;0;7;0;0.0;2.0;3.0;1.0;A01
25498;201300016793;0;33;0;0.0;2.0;1.0;17.0;B02
25499;201300016794;0;7;0;0.0;2.0;3.0;1.0;B02
25500;201300016794;0;7;0;0.0;2.0;3.0;13.0;A01
25501;201300016795;0;7;0;13.0;0.0;3.0;1.0;A01
25502;201300016796;1;30;0;1.0;2.0;0.0;1.0;A01
25503;201300016797;0;33;0;0.0;2.0;1.0;1.0;B02
25504;201300016797;0;7;0;0.0;2.0;1.0;13.0;A01
25505;201300016798;0;33;0;0.0;2.0;7.0;1.0;A01
25506;201300016798;0;7;0;0.0;2.0;1.0;19.0;B02
25507;201300016799;0;7;0;0.0;1.0;1.0;15.0;A01
25508;201300016800;0;7;0;0.0;2.0;1.0;21.0;B02
25509;201300016800;0;7;0;0.0;2.0;4.0;13.0;A01
25510;201300016801;0;33;0;2.0;0.0;1.0;21.0;A01
25511;201300016802;0;7;0;0.0;1.0;2.0;2.0;A01
25512;201300016803;0;7;0;2.0;0.0;1.0;0.0;A01
25513;201300016804;0;7;0;6.0;0.0;0.0;1.0;A01
25514;201300016805;0;7;0;0.0;0.0;9.0;1.0;A01
25515;201300016806;0;33;0;0.0;2.0;2.0;17.0;A01
25516;201300016806;0;7;0;0.0;2.0;8.0;17.0;B02
25517;201300016807;0;10;0;0.0;0.0;2.0;1.0;A01
25518;201300016808;0;7;0;13.0;0.0;3.0;13.0;A01
25519;201300016809;0;7;0;0.0;0.0;5.0;19.0;B02
25520;201300016809;0;33;0;0.0;2.0;1.0;1.0;A01
25521;201300016810;0;7;0;8.0;0.0;7.0;1.0;A01
25522;201300016811;0;7;0;15.0;2.0;5.0;1.0;B01
25523;201300016811;0;36;0;0.0;2.0;1.0;1.0;A01
25524;201300016812;0;2;0;8.0;0.0;1.0;14.0;A01
25525;201300016813;0;31;0;0.0;0.0;7.0;1.0;A01
25526;201300016814;0;3;0;8.0;0.0;3.0;1.0;A01
25527;201300016815;0;7;0;0.0;2.0;5.0;23.0;B01
25528;201300016815;0;33;0;0.0;2.0;1.0;2.0;A01
25529;201300016816;0;33;0;0.0;2.0;0.0;1.0;A01
25530;201300016816;1;7;0;0.0;0.0;0.0;15.0;B01
25531;201300016818;0;30;0;0.0;0.0;1.0;9.0;A01
25532;201300016819;0;7;0;0.0;2.0;2.0;1.0;A01
25533;201300016819;0;1;0;0.0;2.0;1.0;1.0;B01
25534;201300016820;0;2;0;0.0;0.0;7.0;1.0;A01
25535;201300016822;0;31;0;0.0;2.0;1.0;13.0;B01
25536;201300016822;0;13;0;0.0;2.0;3.0;1.0;A01
25537;201300016823;0;7;0;0.0;2.0;0.0;10.0;C01
25538;201300016823;0;7;0;0.0;2.0;4.0;2.0;B01
25539;201300016823;0;33;0;0.0;2.0;1.0;2.0;A01
25540;201300016824;0;7;0;0.0;2.0;4.0;23.0;C01
25541;201300016824;0;7;0;0.0;2.0;1.0;1.0;A01
25542;201300016824;0;7;0;0.0;2.0;4.0;23.0;B01
25543;201300016825;0;2;0;0.0;1.0;0.0;0.0;A01
25544;201300016826;0;1;0;0.0;0.0;1.0;19.0;B01
25545;201300016826;0;7;0;12.0;0.0;2.0;1.0;A01
25546;201300016827;0;33;0;13.0;0.0;1.0;1.0;A01
25547;201300016828;0;7;0;0.0;2.0;1.0;2.0;B01
25548;201300016828;0;7;0;0.0;2.0;3.0;2.0;A01
25549;201300016828;0;10;0;0.0;2.0;3.0;2.0;C01
25550;201300016829;0;7;0;0.0;2.0;5.0;2.0;B01
25551;201300016829;0;2;0;12.0;2.0;1.0;2.0;A01
25552;201300016830;0;2;0;0.0;0.0;8.0;15.0;A01
25553;201300016833;0;7;0;0.0;1.0;4.0;4.0;A01
25554;201300016834;0;33;0;0.0;0.0;8.0;15.0;A01
25555;201300016835;0;7;0;0.0;2.0;1.0;1.0;A01
25556;201300016835;0;7;0;0.0;2.0;1.0;1.0;B02
25557;201300016836;0;7;0;6.0;0.0;9.0;1.0;A01
25558;201300016837;0;7;0;0.0;2.0;1.0;1.0;A01
25559;201300016837;0;7;0;0.0;2.0;1.0;1.0;B02
25560;201300016838;0;10;0;2.0;0.0;1.0;1.0;A01
25561;201300016839;0;7;0;2.0;0.0;3.0;1.0;A01
25562;201300016840;0;33;0;0.0;2.0;3.0;1.0;A01
25563;201300016841;0;13;0;6.0;0.0;1.0;1.0;A01
25564;201300016842;0;15;0;0.0;2.0;3.0;1.0;A01
25565;201300016842;0;15;0;0.0;2.0;8.0;1.0;B02
25566;201300016843;0;7;0;0.0;1.0;3.0;1.0;A01
25567;201300016844;0;99;0;0.0;2.0;3.0;15.0;B02
25568;201300016844;0;7;0;0.0;2.0;2.0;13.0;A01
25569;201300016845;0;7;0;2.0;0.0;7.0;1.0;A01
25570;201300016847;0;31;0;13.0;0.0;1.0;1.0;A01
25571;201300016848;0;10;0;15.0;0.0;1.0;1.0;A01
25572;201300016849;0;7;0;0.0;1.0;0.0;21.0;A01
25573;201300016850;0;7;0;0.0;1.0;4.0;20.0;A01
25574;201300016851;2;7;0;0.0;2.0;1.0;13.0;A01
25575;201300016851;0;7;0;0.0;2.0;1.0;1.0;B02
25576;201300016852;0;7;0;0.0;2.0;3.0;15.0;A01
25577;201300016852;0;33;0;0.0;2.0;1.0;1.0;B02
25578;201300016853;2;7;0;1.0;0.0;1.0;1.0;A01
25579;201300016854;0;33;0;0.0;2.0;7.0;21.0;B02
25580;201300016854;0;7;0;0.0;2.0;2.0;15.0;A01
25581;201300016855;0;7;0;0.0;2.0;3.0;1.0;A01
25582;201300016855;0;30;0;0.0;2.0;1.0;15.0;B02
25583;201300016856;0;13;0;2.0;0.0;3.0;1.0;A01
25584;201300016858;0;10;0;0.0;2.0;3.0;19.0;B02
25585;201300016858;0;10;0;0.0;2.0;1.0;1.0;A01
25586;201300016859;0;7;0;0.0;2.0;3.0;15.0;B02
25587;201300016859;0;30;0;0.0;2.0;1.0;17.0;A01
25588;201300016860;0;10;0;16.0;0.0;1.0;19.0;A01
25589;201300016861;0;7;0;1.0;0.0;1.0;19.0;A01
25590;201300016862;0;10;0;13.0;0.0;1.0;1.0;A01
25591;201300016863;0;10;0;1.0;1.0;1.0;1.0;A01
25592;201300016864;0;7;0;0.0;2.0;1.0;1.0;B02
25593;201300016864;0;7;0;0.0;2.0;1.0;1.0;A01
25594;201300016865;0;10;0;2.0;0.0;2.0;1.0;A01
25595;201300016866;0;32;0;0.0;2.0;2.0;1.0;A01
25596;201300016866;0;7;0;0.0;2.0;3.0;1.0;B02
25597;201300016867;0;30;0;0.0;2.0;2.0;15.0;A01
25598;201300016867;0;7;0;0.0;2.0;3.0;1.0;B02
25599;201300016868;0;7;0;13.0;0.0;3.0;13.0;A01
25600;201300016869;0;7;0;6.0;0.0;2.0;1.0;A01
25601;201300016870;0;7;0;0.0;2.0;3.0;13.0;A01
25602;201300016870;0;7;0;0.0;2.0;3.0;1.0;B02
25603;201300016871;0;7;0;0.0;2.0;1.0;0.0;A01
25604;201300016871;0;3;0;0.0;2.0;1.0;0.0;B02
25605;201300016872;0;7;0;0.0;0.0;9.0;15.0;A01
25606;201300016872;0;7;0;0.0;2.0;2.0;1.0;B02
25607;201300016873;0;17;0;0.0;2.0;6.0;1.0;B02
25608;201300016873;0;2;0;0.0;2.0;3.0;13.0;A01
25609;201300016875;0;7;0;0.0;1.0;1.0;15.0;A01
25610;201300016876;0;7;0;0.0;2.0;3.0;1.0;A01
25611;201300016876;0;7;0;0.0;2.0;3.0;1.0;B01
25612;201300016877;0;10;0;0.0;1.0;2.0;1.0;A01
25613;201300016878;0;7;0;8.0;0.0;1.0;1.0;A01
25614;201300016879;0;2;0;12.0;2.0;1.0;1.0;A01
25615;201300016879;0;7;0;0.0;2.0;1.0;1.0;B01
25616;201300016880;0;10;0;0.0;1.0;5.0;20.0;A01
25617;201300016881;0;15;0;15.0;0.0;2.0;1.0;A01
25618;201300016883;0;7;0;0.0;1.0;1.0;1.0;A01
25619;201300016884;0;7;0;0.0;2.0;3.0;1.0;B01
25620;201300016884;0;7;0;0.0;2.0;2.0;1.0;A01
25621;201300016885;0;7;0;0.0;1.0;1.0;1.0;A01
25622;201300016886;0;33;0;0.0;1.0;1.0;1.0;A01
25623;201300016887;0;7;0;0.0;2.0;3.0;15.0;A01
25624;201300016887;0;7;0;0.0;2.0;1.0;1.0;B01
25625;201300016888;0;7;0;0.0;2.0;1.0;1.0;B01
25626;201300016888;0;7;0;0.0;2.0;6.0;15.0;A01
25627;201300016889;0;7;0;13.0;0.0;9.0;1.0;A01
25628;201300016890;1;7;0;0.0;2.0;2.0;2.0;A01
25629;201300016890;0;7;0;0.0;2.0;6.0;1.0;B01
25630;201300016891;0;7;0;0.0;1.0;1.0;16.0;A01
25631;201300016892;0;7;0;0.0;2.0;1.0;13.0;A01
25632;201300016892;0;7;0;0.0;2.0;1.0;1.0;B01
25633;201300016893;0;2;0;0.0;2.0;1.0;1.0;B01
25634;201300016893;0;7;0;0.0;2.0;2.0;1.0;C01
25635;201300016893;0;7;0;0.0;2.0;8.0;16.0;A01
25636;201300016894;0;7;0;0.0;1.0;1.0;16.0;A01
25637;201300016895;0;2;0;6.0;0.0;1.0;0.0;A01
25638;201300016897;0;30;0;0.0;0.0;0.0;1.0;A01
25639;201300016898;0;7;0;0.0;1.0;1.0;1.0;A01
25640;201300016899;1;99;0;0.0;1.0;1.0;0.0;A01
25641;201300016900;0;7;0;1.0;2.0;1.0;2.0;A01
25642;201300016900;0;7;0;6.0;2.0;4.0;2.0;B01
25643;201300016901;0;30;0;1.0;0.0;1.0;1.0;A01
25644;201300016902;0;7;0;8.0;0.0;8.0;1.0;A01
25645;201300016903;0;7;0;0.0;2.0;2.0;19.0;B01
25646;201300016903;0;7;0;0.0;2.0;1.0;1.0;A01
25647;201300016904;0;7;0;0.0;1.0;1.0;1.0;A01
25648;201300016905;0;7;0;0.0;2.0;7.0;17.0;A01
25649;201300016905;0;1;0;0.0;2.0;3.0;1.0;B01
25650;201300016905;0;1;0;0.0;2.0;8.0;1.0;C01
25651;201300016906;0;7;0;0.0;1.0;4.0;4.0;A01
25652;201300016908;0;7;0;2.0;0.0;1.0;1.0;A01
25653;201300016909;0;10;0;0.0;2.0;2.0;20.0;B02
25654;201300016909;0;7;0;0.0;2.0;4.0;24.0;C03
25655;201300016909;0;30;0;1.0;2.0;1.0;18.0;A01
25656;201300016910;0;7;0;0.0;1.0;1.0;1.0;A01
25657;201300016911;0;33;0;8.0;0.0;8.0;1.0;A01
25658;201300016912;0;33;0;13.0;0.0;8.0;14.0;A01
25659;201300016914;0;7;0;0.0;2.0;3.0;15.0;B01
25660;201300016914;0;7;0;0.0;2.0;8.0;1.0;A01
25661;201300016916;0;7;0;0.0;2.0;1.0;19.0;A01
25662;201300016916;0;33;0;0.0;2.0;7.0;1.0;B01
25663;201300016917;0;7;0;0.0;2.0;1.0;2.0;A01
25664;201300016917;0;7;0;15.0;2.0;4.0;2.0;B01
25665;201300016918;0;7;0;2.0;0.0;1.0;1.0;A01
25666;201300016919;0;33;0;16.0;0.0;0.0;1.0;A01
25667;201300016920;0;7;0;1.0;2.0;3.0;1.0;B01
25668;201300016920;0;7;0;0.0;2.0;1.0;5.0;A01
25669;201300016921;0;7;0;16.0;0.0;9.0;1.0;A01
25670;201300016922;0;7;0;8.0;0.0;1.0;1.0;A01
25671;201300016923;0;2;0;0.0;2.0;1.0;1.0;B01
25672;201300016923;0;7;0;0.0;2.0;8.0;1.0;A01
25673;201300016924;0;7;0;0.0;1.0;1.0;1.0;A01
25674;201300016925;0;7;0;0.0;2.0;8.0;1.0;B01
25675;201300016925;0;30;0;0.0;2.0;1.0;15.0;A01
25676;201300016926;0;7;0;0.0;2.0;6.0;4.0;A01
25677;201300016926;0;7;0;0.0;2.0;3.0;1.0;B01
25678;201300016927;0;7;0;0.0;1.0;1.0;1.0;A01
25679;201300016928;0;10;0;0.0;2.0;1.0;2.0;A01
25680;201300016928;0;31;0;0.0;2.0;4.0;23.0;B01
25681;201300016928;0;10;0;0.0;2.0;6.0;2.0;C01
25682;201300016929;0;7;0;1.0;1.0;2.0;1.0;A01
25683;201300016930;0;33;0;0.0;2.0;1.0;1.0;A01
25684;201300016930;0;7;0;0.0;2.0;6.0;23.0;B01
25685;201300016931;0;33;0;0.0;2.0;1.0;1.0;B01
25686;201300016931;0;7;0;0.0;2.0;7.0;1.0;A01
25687;201300016932;0;2;0;0.0;2.0;2.0;5.0;A01
25688;201300016932;0;1;0;0.0;2.0;0.0;19.0;B01
25689;201300016934;0;7;0;0.0;2.0;6.0;15.0;A01
25690;201300016934;0;33;0;0.0;2.0;1.0;1.0;B01
25691;201300016935;0;2;0;16.0;0.0;0.0;1.0;A01
25692;201300016936;0;30;0;0.0;0.0;0.0;1.0;A01
25693;201300016937;0;7;0;0.0;1.0;1.0;15.0;A01
25694;201300016938;0;30;0;0.0;0.0;0.0;1.0;A01
25695;201300016939;0;7;0;0.0;2.0;7.0;1.0;A01
25696;201300016939;0;10;0;0.0;2.0;1.0;1.0;B02
25697;201300016940;0;7;0;0.0;0.0;3.0;15.0;A01
25698;201300016940;0;33;0;15.0;2.0;1.0;17.0;B02
25699;201300016942;0;33;0;0.0;2.0;1.0;1.0;A01
25700;201300016942;0;7;0;0.0;2.0;3.0;5.0;B02
25701;201300016943;0;7;0;13.0;0.0;1.0;14.0;A01
25702;201300016944;0;2;0;0.0;0.0;0.0;15.0;A01
25703;201300016945;0;7;0;0.0;0.0;1.0;1.0;A01
25704;201300016945;0;33;0;0.0;0.0;1.0;1.0;B02
25705;201300016947;0;7;0;0.0;2.0;6.0;15.0;A01
25706;201300016947;0;2;0;0.0;2.0;2.0;1.0;A02
25707;201300016947;0;7;0;0.0;2.0;1.0;1.0;A03
25708;201300016948;0;33;0;0.0;0.0;1.0;21.0;A01
25709;201300016948;0;7;0;0.0;0.0;6.0;15.0;B02
25710;201300016949;0;7;0;0.0;0.0;0.0;16.0;B02
25711;201300016949;0;7;0;0.0;0.0;8.0;1.0;A01
25712;201300016950;0;10;0;0.0;2.0;1.0;1.0;A01
25713;201300016950;0;1;0;0.0;2.0;8.0;19.0;B02
25714;201300016951;0;10;0;0.0;2.0;9.0;13.0;A01
25715;201300016951;0;7;0;0.0;2.0;1.0;1.0;B02
25716;201300016953;0;10;0;3.0;0.0;2.0;1.0;A01
25717;201300016954;0;3;0;0.0;2.0;1.0;23.0;C03
25718;201300016954;0;7;0;0.0;2.0;9.0;13.0;A01
25719;201300016954;0;7;0;0.0;2.0;1.0;21.0;B02
25720;201300016955;0;14;0;0.0;2.0;8.0;13.0;A01
25721;201300016955;0;7;0;0.0;2.0;1.0;1.0;C03
25722;201300016955;0;7;0;0.0;2.0;8.0;1.0;B02
25723;201300016955;0;10;0;0.0;2.0;1.0;1.0;D04
25724;201300016956;0;7;0;8.0;0.0;1.0;5.0;A01
25725;201300016957;0;7;0;0.0;0.0;1.0;11.0;A01
25726;201300016958;0;7;0;0.0;2.0;3.0;14.0;B02
25727;201300016958;0;2;0;0.0;2.0;1.0;13.0;A01
25728;201300016959;0;7;0;2.0;0.0;3.0;2.0;A01
25729;201300016960;0;3;0;0.0;1.0;2.0;1.0;A01
25730;201300016961;0;33;0;2.0;0.0;7.0;21.0;A01
25731;201300016962;0;7;0;2.0;0.0;7.0;13.0;A01
25732;201300016963;0;7;0;0.0;2.0;7.0;15.0;A01
25733;201300016963;0;7;0;0.0;2.0;1.0;1.0;B02
25734;201300016964;0;7;0;2.0;0.0;7.0;0.0;A01
25735;201300016965;0;10;0;16.0;0.0;1.0;1.0;A01
25736;201300016966;0;7;0;0.0;2.0;8.0;15.0;A01
25737;201300016966;0;2;0;0.0;2.0;1.0;1.0;B02
25738;201300016969;0;7;0;0.0;1.0;1.0;9.0;A01
25739;201300016970;0;17;0;0.0;2.0;1.0;19.0;A01
25740;201300016970;0;7;0;0.0;0.0;8.0;1.0;B02
25741;201300016971;0;2;0;0.0;0.0;3.0;1.0;B02
25742;201300016971;0;7;0;0.0;0.0;3.0;1.0;A01
25743;201300016972;0;7;0;2.0;0.0;1.0;1.0;A01
25744;201300016974;0;7;0;0.0;0.0;0.0;1.0;A01
25745;201300016976;0;10;0;0.0;1.0;1.0;15.0;A01
25746;201300016977;0;7;0;0.0;2.0;1.0;17.0;C03
25747;201300016977;0;7;0;0.0;2.0;6.0;1.0;B02
25748;201300016977;0;7;0;0.0;2.0;7.0;17.0;A01
25749;201300016978;0;7;0;0.0;2.0;3.0;13.0;A01
25750;201300016978;0;7;0;0.0;2.0;3.0;1.0;B02
25751;201300016978;0;10;0;0.0;2.0;1.0;1.0;C03
25752;201300016979;0;7;0;2.0;0.0;7.0;1.0;A01
25753;201300016980;0;33;0;0.0;0.0;0.0;1.0;A01
25754;201300016981;0;10;0;0.0;0.0;9.0;1.0;A01
25755;201300016982;0;7;0;13.0;0.0;1.0;1.0;A01
25756;201300016983;0;34;0;16.0;0.0;8.0;14.0;A01
25757;201300016984;0;7;0;0.0;2.0;2.0;1.0;A01
25758;201300016984;0;7;0;0.0;2.0;1.0;1.0;B02
25759;201300016985;0;33;0;8.0;0.0;1.0;1.0;A01
25760;201300016986;0;7;0;0.0;0.0;4.0;1.0;B02
25761;201300016986;0;10;0;0.0;0.0;1.0;1.0;A01
25762;201300016987;0;7;0;0.0;2.0;1.0;17.0;A01
25763;201300016987;0;7;0;0.0;2.0;6.0;10.0;B02
25764;201300016988;0;17;0;13.0;0.0;7.0;15.0;A01
25765;201300016989;0;7;0;0.0;2.0;3.0;1.0;B02
25766;201300016989;0;7;0;13.0;2.0;3.0;1.0;A01
25767;201300016990;0;14;0;0.0;2.0;3.0;1.0;B02
25768;201300016990;0;7;0;0.0;2.0;3.0;14.0;A01
25769;201300016991;0;7;0;0.0;2.0;1.0;13.0;A01
25770;201300016991;0;7;0;0.0;2.0;1.0;1.0;B02
25771;201300016992;0;7;0;6.0;0.0;1.0;19.0;A01
25772;201300016993;0;33;0;0.0;2.0;7.0;1.0;A01
25773;201300016993;0;7;0;0.0;2.0;1.0;15.0;B02
25774;201300016994;0;7;0;0.0;0.0;8.0;15.0;B02
25775;201300016994;0;7;0;0.0;2.0;1.0;17.0;A01
25776;201300016995;0;7;0;0.0;1.0;3.0;1.0;A01
25777;201300016996;0;7;0;0.0;9.0;1.0;1.0;C03
25778;201300016996;0;7;0;0.0;0.0;5.0;15.0;A01
25779;201300016996;0;33;0;0.0;2.0;1.0;13.0;B02
25780;201300016997;0;33;0;0.0;2.0;1.0;1.0;B02
25781;201300016997;0;7;0;0.0;2.0;3.0;19.0;A01
25782;201300016999;0;14;0;0.0;2.0;2.0;2.0;A01
25783;201300016999;0;1;0;0.0;2.0;4.0;2.0;B02
25784;201300017001;0;7;0;6.0;0.0;1.0;14.0;A01
25785;201300017002;0;14;0;0.0;1.0;4.0;20.0;A01
25786;201300017005;0;10;0;2.0;0.0;1.0;14.0;A01
25787;201300017006;0;31;0;8.0;0.0;3.0;1.0;A01
25788;201300017007;0;33;0;0.0;2.0;2.0;1.0;B02
25789;201300017007;0;21;0;0.0;0.0;5.0;15.0;A01
25790;201300017008;0;33;0;0.0;2.0;0.0;17.0;B02
25791;201300017008;0;10;0;0.0;2.0;0.0;13.0;A01
25792;201300017009;0;3;0;0.0;2.0;1.0;1.0;A01
25793;201300017009;0;21;0;0.0;2.0;1.0;1.0;B02
25794;201300017011;0;7;0;0.0;2.0;1.0;17.0;B02
25795;201300017011;0;7;0;0.0;2.0;1.0;1.0;A01
25796;201300017013;0;7;0;0.0;2.0;3.0;9.0;A01
25797;201300017013;0;30;0;0.0;2.0;1.0;1.0;B02
25798;201300017014;0;7;0;0.0;2.0;2.0;21.0;B02
25799;201300017014;0;7;0;0.0;2.0;2.0;13.0;A01
25800;201300017015;0;7;0;0.0;2.0;3.0;1.0;D04
25801;201300017015;0;15;0;0.0;0.0;0.0;21.0;C03
25802;201300017015;0;7;0;0.0;2.0;1.0;1.0;E05
25803;201300017015;0;15;0;0.0;0.0;3.0;1.0;B02
25804;201300017015;0;7;0;0.0;2.0;1.0;17.0;A01
25805;201300017016;0;7;0;0.0;2.0;3.0;9.0;A01
25806;201300017016;0;33;0;0.0;2.0;1.0;1.0;B02
25807;201300017017;0;7;0;0.0;2.0;2.0;1.0;A01
25808;201300017017;0;7;0;0.0;2.0;3.0;9.0;B02
25809;201300017018;0;33;0;0.0;2.0;1.0;1.0;A01
25810;201300017018;0;7;0;0.0;2.0;2.0;9.0;B02
25811;201300017019;0;7;0;13.0;0.0;1.0;21.0;A01
25812;201300017021;0;31;0;0.0;2.0;0.0;13.0;A01
25813;201300017021;0;21;0;0.0;2.0;8.0;1.0;B02
25814;201300017022;0;7;0;0.0;2.0;8.0;19.0;A01
25815;201300017022;0;33;0;0.0;2.0;1.0;1.0;B02
25816;201300017023;0;33;0;8.0;0.0;1.0;1.0;A01
25817;201300017024;0;7;0;0.0;0.0;2.0;0.0;B02
25818;201300017024;0;7;0;0.0;0.0;6.0;0.0;A01
25819;201300017025;0;7;0;0.0;2.0;2.0;1.0;B02
25820;201300017025;0;31;0;0.0;2.0;1.0;1.0;A01
25821;201300017026;0;7;0;0.0;2.0;1.0;1.0;A01
25822;201300017026;0;7;0;0.0;2.0;3.0;23.0;B02
25823;201300017026;0;7;0;0.0;2.0;1.0;0.0;C03
25824;201300017027;0;7;0;0.0;2.0;2.0;19.0;A01
25825;201300017027;0;33;0;0.0;2.0;7.0;21.0;B02
25826;201300017028;0;33;0;0.0;2.0;1.0;1.0;B02
25827;201300017028;0;7;0;0.0;2.0;3.0;13.0;A01
25828;201300017029;0;7;0;16.0;0.0;3.0;16.0;A01
25829;201300017030;0;7;0;0.0;2.0;1.0;1.0;B02
25830;201300017030;0;7;0;0.0;2.0;1.0;17.0;A01
25831;201300017031;0;7;0;0.0;0.0;1.0;5.0;A01
25832;201300017031;0;7;0;0.0;2.0;1.0;1.0;B02
25833;201300017032;0;7;0;0.0;2.0;4.0;4.0;A01
25834;201300017032;0;2;0;0.0;2.0;1.0;1.0;B02
25835;201300017033;0;1;0;0.0;2.0;8.0;1.0;A01
25836;201300017033;0;7;0;0.0;2.0;8.0;0.0;B02
25837;201300017034;0;7;0;0.0;2.0;7.0;1.0;A01
25838;201300017034;0;7;0;0.0;2.0;1.0;1.0;B02
25839;201300017035;0;7;0;2.0;0.0;2.0;21.0;A01
25840;201300017036;0;7;0;0.0;2.0;1.0;2.0;A01
25841;201300017036;0;7;0;3.0;0.0;4.0;23.0;B02
25842;201300017037;0;7;0;0.0;2.0;3.0;1.0;A01
25843;201300017037;0;7;0;0.0;2.0;1.0;1.0;B02
25844;201300017038;0;7;0;13.0;0.0;8.0;1.0;A01
25845;201300017039;0;14;0;0.0;2.0;3.0;13.0;A01
25846;201300017039;0;7;0;0.0;2.0;3.0;1.0;B02
25847;201300017040;0;7;0;0.0;2.0;1.0;1.0;A01
25848;201300017040;0;7;0;0.0;2.0;7.0;19.0;B02
25849;201300017041;0;7;0;0.0;0.0;1.0;16.0;A01
25850;201300017042;0;7;0;0.0;1.0;5.0;4.0;A01
25851;201300017043;0;7;0;0.0;2.0;3.0;1.0;B02
25852;201300017043;0;7;0;0.0;2.0;2.0;0.0;A01
25853;201300017044;0;14;0;0.0;0.0;0.0;1.0;A01
25854;201300017045;0;7;0;15.0;2.0;2.0;17.0;A01
25855;201300017045;0;7;0;0.0;0.0;3.0;15.0;B02
25856;201300017046;0;10;0;13.0;0.0;1.0;13.0;A01
25857;201300017048;0;7;0;0.0;2.0;1.0;1.0;A01
25858;201300017048;0;7;0;0.0;2.0;1.0;1.0;B02
25859;201300017049;0;7;0;6.0;2.0;1.0;13.0;A01
25860;201300017049;0;7;0;0.0;2.0;3.0;1.0;B02
25861;201300017050;0;7;0;13.0;2.0;2.0;17.0;A01
25862;201300017050;0;7;0;13.0;0.0;8.0;15.0;B02
25863;201300017051;0;7;0;8.0;0.0;2.0;1.0;A01
25864;201300017053;0;10;0;0.0;2.0;1.0;1.0;A01
25865;201300017053;0;14;0;0.0;2.0;8.0;15.0;B02
25866;201300017054;0;7;0;0.0;2.0;2.0;1.0;D04
25867;201300017054;0;33;0;0.0;2.0;1.0;1.0;B02
25868;201300017054;0;7;0;0.0;2.0;5.0;15.0;A01
25869;201300017054;0;7;0;0.0;2.0;3.0;1.0;C03
25870;201300017055;0;7;0;0.0;1.0;5.0;1.0;A01
25871;201300017056;0;33;0;3.0;0.0;1.0;14.0;A01
25872;201300017057;0;7;0;13.0;0.0;9.0;1.0;A01
25873;201300017058;0;10;0;0.0;2.0;1.0;19.0;A01
25874;201300017058;0;33;0;0.0;2.0;7.0;1.0;B02
25875;201300017059;0;30;0;0.0;2.0;1.0;18.0;A01
25876;201300017059;0;7;0;0.0;2.0;2.0;16.0;B02
25877;201300017060;0;7;0;0.0;2.0;1.0;1.0;A01
25878;201300017060;0;7;0;0.0;0.0;6.0;9.0;B02
25879;201300017061;0;7;0;16.0;0.0;0.0;14.0;A01
25880;201300017062;0;21;0;0.0;0.0;9.0;14.0;A01
25881;201300017063;0;10;0;0.0;2.0;2.0;1.0;A01
25882;201300017063;0;7;0;0.0;0.0;1.0;1.0;B02
25883;201300017064;0;7;0;0.0;2.0;2.0;1.0;A01
25884;201300017064;0;33;0;0.0;2.0;4.0;16.0;B02
25885;201300017065;0;7;0;0.0;2.0;3.0;13.0;A01