;Num_Acc;senc;catv;occutc;obs;obsm;choc;manv;num_veh
26305;201300017369;0;33;0;0.0;2.0;2.0;17.0;A01
26306;201300017369;0;7;0;0.0;2.0;1.0;1.0;B02
26307;201300017371;0;7;0;9.0;0.0;8.0;1.0;A01
26308;201300017372;0;7;0;0.0;2.0;8.0;1.0;B01
26309;201300017372;0;13;0;0.0;0.0;1.0;15.0;A01
26310;201300017373;0;7;0;6.0;0.0;3.0;1.0;A01
26311;201300017374;0;7;0;0.0;2.0;3.0;19.0;B02
26312;201300017374;0;2;0;0.0;2.0;1.0;1.0;A02
26313;201300017375;0;7;0;0.0;2.0;5.0;19.0;A01
26314;201300017375;0;10;0;0.0;2.0;2.0;1.0;B02
26315;201300017376;0;7;0;8.0;0.0;2.0;14.0;A01
26316;201300017377;0;7;0;0.0;2.0;1.0;1.0;A01
26317;201300017377;0;7;0;0.0;2.0;9.0;23.0;B02
26318;201300017377;0;7;0;0.0;0.0;4.0;23.0;C03
26319;201300017378;0;7;0;6.0;0.0;2.0;1.0;A01
26320;201300017379;0;33;0;0.0;1.0;1.0;17.0;A01
26321;201300017380;0;7;0;0.0;2.0;0.0;13.0;A01
26322;201300017380;0;1;0;0.0;2.0;0.0;1.0;B02
26323;201300017381;0;30;0;16.0;0.0;5.0;1.0;A01
26324;201300017383;0;33;0;0.0;2.0;1.0;13.0;A01
26325;201300017383;0;10;0;0.0;2.0;3.0;1.0;B02
26326;201300017384;0;7;0;2.0;0.0;8.0;1.0;A01
26327;201300017385;0;17;0;0.0;2.0;3.0;1.0;B02
26328;201300017385;0;10;0;0.0;2.0;3.0;1.0;A01
26329;201300017385;0;7;0;0.0;2.0;3.0;1.0;C03
26330;201300017387;0;33;0;16.0;0.0;0.0;1.0;A01
26331;201300017388;0;7;0;0.0;1.0;3.0;1.0;A01
26332;201300017389;0;21;0;0.0;2.0;4.0;2.0;B02
26333;201300017389;0;7;0;0.0;2.0;1.0;2.0;A01
26334;201300017390;0;2;0;0.0;2.0;1.0;5.0;A01
26335;201300017390;0;7;0;0.0;2.0;2.0;1.0;B02
26336;201300017391;0;7;0;15.0;0.0;2.0;1.0;A01
26337;201300017392;0;7;0;0.0;1.0;8.0;1.0;A01
26338;201300017394;0;7;0;13.0;0.0;1.0;1.0;A01
26339;201300017395;0;14;0;0.0;2.0;1.0;1.0;B02
26340;201300017395;0;7;0;0.0;2.0;7.0;13.0;A01
26341;201300017397;0;36;0;13.0;0.0;1.0;1.0;A01
26342;201300017398;0;7;0;0.0;2.0;1.0;1.0;A01
26343;201300017398;0;20;0;0.0;2.0;8.0;1.0;B02
26344;201300017399;0;7;0;0.0;1.0;1.0;1.0;A01
26345;201300017400;0;31;0;15.0;0.0;0.0;1.0;A01
26346;201300017400;0;7;0;0.0;0.0;0.0;15.0;B02
26347;201300017401;0;7;0;0.0;2.0;1.0;1.0;A01
26348;201300017401;0;7;0;0.0;2.0;7.0;19.0;B02
26349;201300017402;0;7;0;0.0;2.0;3.0;1.0;A01
26350;201300017402;0;7;0;0.0;2.0;3.0;1.0;B02
26351;201300017403;0;33;0;0.0;2.0;1.0;18.0;A01
26352;201300017403;0;7;0;0.0;2.0;7.0;16.0;B02
26353;201300017404;0;7;0;0.0;0.0;7.0;1.0;B02
26354;201300017404;0;1;0;0.0;2.0;1.0;19.0;A01
26355;201300017406;0;7;0;0.0;2.0;3.0;1.0;B02
26356;201300017406;0;7;0;0.0;2.0;3.0;17.0;A01
26357;201300017407;0;7;0;0.0;1.0;8.0;1.0;A01
26358;201300017408;0;7;0;0.0;2.0;3.0;13.0;A01
26359;201300017408;0;7;0;16.0;0.0;1.0;21.0;C03
26360;201300017408;0;7;0;0.0;2.0;9.0;1.0;B02
26361;201300017409;0;7;0;0.0;1.0;2.0;1.0;A01
26362;201300017410;0;7;0;0.0;2.0;8.0;1.0;B02
26363;201300017410;0;7;0;0.0;2.0;2.0;1.0;A01
26364;201300017411;0;1;0;0.0;2.0;1.0;13.0;A01
26365;201300017411;0;7;0;0.0;2.0;1.0;1.0;B02
26366;201300017412;0;33;0;0.0;2.0;1.0;1.0;B02
26367;201300017412;0;7;0;0.0;2.0;7.0;15.0;A01
26368;201300017413;0;33;0;13.0;0.0;2.0;1.0;A01
26369;201300017414;0;7;0;2.0;0.0;2.0;1.0;A01
26370;201300017415;0;7;0;13.0;0.0;2.0;1.0;A01
26371;201300017416;0;33;0;0.0;2.0;1.0;1.0;B02
26372;201300017416;0;7;0;0.0;2.0;5.0;1.0;A01
26373;201300017417;0;7;0;8.0;0.0;1.0;13.0;A01
26374;201300017418;0;7;0;0.0;2.0;1.0;1.0;B02
26375;201300017418;0;7;0;0.0;2.0;7.0;1.0;A01
26376;201300017419;0;10;0;0.0;2.0;1.0;13.0;A01
26377;201300017419;0;7;0;0.0;2.0;1.0;1.0;B02
26378;201300017422;0;7;0;0.0;2.0;8.0;17.0;A01
26379;201300017422;0;14;0;0.0;2.0;3.0;1.0;B02
26380;201300017422;0;10;0;0.0;2.0;1.0;1.0;C03
26381;201300017423;0;17;0;0.0;2.0;1.0;2.0;A01
26382;201300017423;0;17;0;0.0;0.0;4.0;23.0;B02
26383;201300017424;0;7;0;0.0;1.0;2.0;1.0;A01
26384;201300017425;0;7;0;1.0;0.0;2.0;14.0;A01
26385;201300017427;0;7;0;0.0;2.0;1.0;17.0;A01
26386;201300017427;0;7;0;0.0;2.0;3.0;21.0;B02
26387;201300017428;0;7;0;0.0;2.0;1.0;1.0;B02
26388;201300017428;0;7;0;0.0;2.0;7.0;17.0;A01
26389;201300017429;0;33;0;0.0;6.0;1.0;1.0;A01
26390;201300017430;0;7;0;13.0;0.0;1.0;1.0;B02
26391;201300017430;0;7;0;8.0;0.0;7.0;1.0;A01
26392;201300017431;0;15;0;0.0;2.0;3.0;13.0;A01
26393;201300017431;0;15;0;0.0;2.0;3.0;21.0;B02
26394;201300017432;0;7;0;0.0;2.0;3.0;13.0;A01
26395;201300017432;0;7;0;0.0;2.0;3.0;1.0;B02
26396;201300017433;0;2;0;0.0;2.0;1.0;1.0;B02
26397;201300017433;0;7;0;0.0;2.0;5.0;4.0;A01
26398;201300017434;0;7;0;4.0;0.0;3.0;1.0;A01
26399;201300017435;0;7;0;0.0;2.0;1.0;13.0;A01
26400;201300017435;0;7;0;0.0;2.0;1.0;1.0;B02
26401;201300017436;0;7;0;0.0;2.0;2.0;15.0;B02
26402;201300017436;0;7;0;0.0;2.0;1.0;1.0;A01
26403;201300017437;0;7;0;0.0;0.0;3.0;13.0;A01
26404;201300017437;0;7;0;0.0;0.0;7.0;23.0;B02
26405;201300017438;0;7;0;0.0;2.0;1.0;13.0;A01
26406;201300017438;0;7;0;0.0;2.0;1.0;1.0;B02
26407;201300017439;0;7;0;0.0;2.0;1.0;1.0;B02
26408;201300017439;0;7;0;0.0;2.0;1.0;13.0;A01
26409;201300017441;0;7;0;2.0;0.0;4.0;1.0;A01
26410;201300017443;0;33;0;3.0;0.0;0.0;1.0;A01
26411;201300017444;0;7;0;0.0;1.0;2.0;19.0;A01
26412;201300017445;0;7;0;2.0;0.0;7.0;14.0;A01
26413;201300017446;0;33;0;13.0;0.0;1.0;17.0;A01
26414;201300017447;0;33;0;12.0;0.0;1.0;1.0;A01
26415;201300017448;0;7;0;13.0;0.0;1.0;1.0;A01
26416;201300017449;0;10;0;13.0;0.0;3.0;13.0;A01
26417;201300017450;0;1;0;0.0;2.0;1.0;1.0;B02
26418;201300017450;0;7;0;0.0;2.0;8.0;0.0;A01
26419;201300017451;0;7;0;2.0;0.0;3.0;1.0;A01
26420;201300017452;0;33;0;16.0;0.0;8.0;21.0;C03
26421;201300017452;0;33;0;0.0;2.0;1.0;1.0;B02
26422;201300017452;0;30;0;0.0;2.0;8.0;19.0;A01
26423;201300017453;0;7;0;0.0;9.0;2.0;2.0;A01
26424;201300017453;0;1;0;0.0;2.0;4.0;1.0;B02
26425;201300017454;0;7;0;15.0;0.0;2.0;15.0;A01
26426;201300017456;0;33;0;9.0;0.0;1.0;1.0;A01
26427;201300017457;0;36;0;2.0;0.0;2.0;0.0;A01
26428;201300017458;0;7;0;6.0;0.0;1.0;1.0;A01
26429;201300017459;0;7;0;0.0;1.0;2.0;21.0;A01
26430;201300017460;0;7;0;0.0;1.0;3.0;1.0;A01
26431;201300017461;0;7;0;2.0;0.0;1.0;1.0;A01
26432;201300017462;0;7;0;0.0;2.0;1.0;13.0;A01
26433;201300017462;0;15;0;0.0;2.0;1.0;1.0;B02
26434;201300017465;0;10;0;0.0;2.0;1.0;21.0;B02
26435;201300017465;0;7;0;0.0;2.0;1.0;17.0;A01
26436;201300017466;0;7;0;0.0;2.0;7.0;6.0;B02
26437;201300017466;0;7;0;0.0;2.0;1.0;1.0;A01
26438;201300017467;0;7;0;8.0;0.0;7.0;14.0;A01
26439;201300017468;0;2;0;0.0;1.0;1.0;1.0;A01
26440;201300017469;0;7;0;0.0;2.0;1.0;1.0;B02
26441;201300017469;0;7;0;0.0;2.0;8.0;1.0;D04
26442;201300017469;0;7;0;0.0;2.0;8.0;1.0;C03
26443;201300017469;0;7;0;0.0;2.0;1.0;13.0;A01
26444;201300017470;0;7;0;6.0;0.0;1.0;14.0;A01
26445;201300017471;0;7;0;0.0;1.0;1.0;1.0;A01
26446;201300017472;0;7;0;0.0;0.0;1.0;1.0;B02
26447;201300017472;0;7;0;0.0;0.0;3.0;1.0;A01
26448;201300017473;0;7;0;0.0;2.0;1.0;1.0;B02
26449;201300017473;0;7;0;0.0;2.0;1.0;13.0;A01
26450;201300017474;0;7;0;4.0;0.0;1.0;1.0;A01
26451;201300017475;0;7;0;0.0;2.0;3.0;1.0;B02
26452;201300017475;0;7;0;0.0;2.0;3.0;13.0;A01
26453;201300017476;0;7;0;0.0;0.0;9.0;14.0;A01
26454;201300017477;0;7;0;13.0;0.0;9.0;1.0;A01
26455;201300017478;0;10;0;0.0;2.0;3.0;9.0;A01
26456;201300017478;0;7;0;0.0;2.0;3.0;1.0;B02
26457;201300017479;0;7;0;0.0;1.0;1.0;1.0;A01
26458;201300017480;0;7;0;0.0;1.0;1.0;1.0;A01
26459;201300017481;0;33;0;0.0;0.0;0.0;1.0;A01
26460;201300017482;0;36;0;12.0;0.0;1.0;15.0;A01
26461;201300017483;0;2;0;0.0;2.0;9.0;1.0;B02
26462;201300017483;0;7;0;0.0;2.0;8.0;1.0;A01
26463;201300017484;0;7;0;0.0;2.0;7.0;1.0;B02
26464;201300017484;0;10;0;0.0;2.0;3.0;1.0;A01
26465;201300017485;0;17;0;0.0;0.0;8.0;1.0;A01
26466;201300017486;0;30;0;0.0;2.0;1.0;13.0;A01
26467;201300017486;0;7;0;0.0;2.0;1.0;1.0;B02
26468;201300017487;0;7;0;0.0;1.0;1.0;15.0;A01
26469;201300017488;0;7;0;2.0;0.0;1.0;15.0;A01
26470;201300017489;0;7;0;0.0;2.0;1.0;1.0;A01
26471;201300017489;0;7;0;0.0;0.0;4.0;15.0;B02
26472;201300017490;0;30;0;0.0;0.0;3.0;21.0;A01
26473;201300017491;0;33;0;15.0;0.0;1.0;21.0;B02
26474;201300017491;0;7;0;0.0;0.0;0.0;19.0;A01
26475;201300017492;0;33;0;0.0;0.0;1.0;1.0;A01
26476;201300017493;0;2;0;2.0;0.0;7.0;1.0;A01
26477;201300017494;0;7;0;0.0;2.0;2.0;17.0;A01
26478;201300017494;0;1;0;0.0;2.0;6.0;1.0;B02
26479;201300017495;0;7;0;0.0;1.0;1.0;15.0;A01
26480;201300017496;0;10;0;0.0;2.0;2.0;1.0;A01
26481;201300017496;0;7;0;0.0;2.0;7.0;1.0;B02
26482;201300017497;0;7;0;4.0;0.0;8.0;0.0;A01
26483;201300017498;0;2;0;8.0;0.0;7.0;1.0;A01
26484;201300017499;0;33;0;0.0;0.0;1.0;1.0;A01
26485;201300017500;0;7;0;13.0;0.0;9.0;5.0;A01
26486;201300017501;0;33;0;0.0;2.0;1.0;1.0;B02
26487;201300017501;0;17;0;0.0;2.0;2.0;10.0;A01
26488;201300017502;0;7;0;13.0;0.0;1.0;1.0;A01
26489;201300017503;0;7;0;0.0;2.0;1.0;1.0;B02
26490;201300017503;0;7;0;0.0;2.0;3.0;9.0;A01
26491;201300017504;0;7;0;0.0;2.0;1.0;1.0;A01
26492;201300017504;0;7;0;0.0;2.0;2.0;15.0;B02
26493;201300017506;0;10;0;6.0;0.0;3.0;1.0;A01
26494;201300017507;0;30;0;6.0;0.0;1.0;1.0;A01
26495;201300017508;0;31;0;0.0;2.0;1.0;1.0;A01
26496;201300017508;0;7;0;0.0;0.0;5.0;4.0;B02
26497;201300017509;0;7;0;0.0;2.0;3.0;13.0;A01
26498;201300017509;0;7;0;0.0;2.0;3.0;1.0;B02
26499;201300017510;0;33;0;0.0;2.0;2.0;13.0;A01
26500;201300017510;0;7;0;0.0;2.0;2.0;1.0;B02
26501;201300017512;0;7;0;6.0;0.0;1.0;1.0;A01
26502;201300017513;0;30;0;0.0;0.0;0.0;0.0;A01
26503;201300017514;0;7;0;3.0;2.0;2.0;1.0;A01
26504;201300017514;0;7;0;0.0;2.0;3.0;1.0;B02
26505;201300017515;0;7;0;2.0;0.0;1.0;1.0;A01
26506;201300017516;0;7;0;0.0;2.0;5.0;13.0;A01
26507;201300017516;0;10;0;0.0;2.0;2.0;1.0;B02
26508;201300017517;0;7;0;0.0;2.0;3.0;0.0;B02
26509;201300017517;0;33;0;0.0;2.0;3.0;17.0;A01
26510;201300017518;0;33;0;16.0;0.0;1.0;1.0;A01
26511;201300017519;0;1;0;0.0;2.0;4.0;2.0;B02
26512;201300017519;1;99;0;0.0;2.0;0.0;0.0;A01
26513;201300017520;0;7;0;2.0;0.0;1.0;13.0;A01
26514;201300017521;0;99;0;0.0;2.0;1.0;13.0;A01
26515;201300017521;0;33;0;0.0;2.0;3.0;1.0;B02
26516;201300017522;0;7;0;0.0;2.0;7.0;1.0;A01
26517;201300017522;0;38;10;0.0;2.0;1.0;1.0;B02
26518;201300017523;0;7;0;2.0;0.0;1.0;0.0;A01
26519;201300017524;0;7;0;0.0;2.0;1.0;1.0;A01
26520;201300017524;0;7;0;0.0;2.0;1.0;1.0;B02
26521;201300017525;1;7;0;0.0;1.0;3.0;1.0;A01
26522;201300017526;0;7;0;0.0;1.0;3.0;1.0;A01
26523;201300017527;0;7;0;0.0;1.0;2.0;2.0;A01
26524;201300017528;0;7;0;0.0;1.0;1.0;1.0;A01
26525;201300017529;0;7;0;0.0;2.0;3.0;13.0;A01
26526;201300017529;0;10;0;0.0;2.0;3.0;1.0;B02
26527;201300017531;0;30;0;0.0;0.0;1.0;14.0;A01
26528;201300017532;0;7;0;0.0;1.0;4.0;4.0;A01
26529;201300017533;0;21;0;0.0;2.0;3.0;1.0;B01
26530;201300017533;0;33;0;0.0;2.0;1.0;17.0;A01
26531;201300017534;0;7;0;13.0;0.0;3.0;13.0;A01
26532;201300017535;0;31;0;15.0;0.0;1.0;1.0;A01
26533;201300017537;0;7;0;0.0;2.0;3.0;19.0;A01
26534;201300017537;0;2;0;0.0;2.0;1.0;1.0;B01
26535;201300017538;0;7;0;6.0;0.0;1.0;1.0;A01
26536;201300017539;0;7;0;0.0;2.0;1.0;1.0;B01
26537;201300017539;0;7;0;0.0;2.0;8.0;15.0;A01
26538;201300017540;0;7;0;0.0;2.0;1.0;5.0;A01
26539;201300017540;0;10;0;0.0;2.0;1.0;1.0;B01
26540;201300017541;0;14;0;0.0;1.0;6.0;1.0;A01
26541;201300017542;0;30;0;2.0;0.0;1.0;14.0;A01
26542;201300017543;0;7;0;0.0;1.0;1.0;1.0;A01
26543;201300017544;0;33;0;0.0;0.0;7.0;10.0;A01
26544;201300017545;0;10;0;0.0;2.0;7.0;19.0;A01
26545;201300017545;0;34;0;0.0;2.0;1.0;1.0;B01
26546;201300017546;0;33;0;13.0;0.0;7.0;14.0;A01
26547;201300017547;0;10;0;0.0;2.0;1.0;2.0;A01
26548;201300017547;0;2;0;0.0;2.0;7.0;2.0;B01
26549;201300017548;0;7;0;0.0;2.0;3.0;1.0;B01
26550;201300017548;0;7;0;0.0;2.0;7.0;15.0;A01
26551;201300017549;0;7;0;0.0;2.0;1.0;1.0;A01
26552;201300017549;0;7;0;0.0;2.0;1.0;15.0;B01
26553;201300017550;0;7;0;0.0;2.0;3.0;1.0;B01
26554;201300017550;0;7;0;0.0;2.0;2.0;19.0;A01
26555;201300017551;0;7;0;0.0;9.0;2.0;19.0;A01
26556;201300017551;0;1;0;0.0;2.0;1.0;1.0;B01
26557;201300017552;0;7;0;0.0;2.0;3.0;15.0;A01
26558;201300017552;0;30;0;0.0;2.0;1.0;1.0;B01
26559;201300017553;0;7;0;0.0;2.0;2.0;15.0;B01
26560;201300017553;0;7;0;0.0;2.0;7.0;1.0;A01
26561;201300017554;0;7;0;13.0;0.0;1.0;14.0;A01
26562;201300017555;0;7;0;0.0;2.0;1.0;2.0;A01
26563;201300017555;0;33;0;0.0;0.0;4.0;2.0;B01
26564;201300017556;0;7;0;0.0;1.0;8.0;1.0;A01
26565;201300017557;0;7;0;0.0;2.0;2.0;1.0;B01
26566;201300017557;0;7;0;0.0;2.0;2.0;11.0;A01
26567;201300017559;0;7;0;8.0;0.0;3.0;17.0;A01
26568;201300017560;0;7;0;0.0;0.0;6.0;23.0;A01
26569;201300017560;0;38;45;0.0;2.0;2.0;1.0;B02
26570;201300017561;0;7;0;0.0;2.0;7.0;15.0;A01
26571;201300017561;0;2;0;0.0;2.0;1.0;1.0;B02
26572;201300017562;0;7;0;8.0;0.0;2.0;1.0;A01
26573;201300017563;0;7;0;0.0;0.0;0.0;13.0;A01
26574;201300017564;0;2;0;0.0;1.0;1.0;1.0;A01
26575;201300017565;0;7;0;0.0;2.0;1.0;0.0;B02
26576;201300017565;0;7;0;0.0;2.0;3.0;1.0;A01
26577;201300017566;0;7;0;8.0;0.0;3.0;1.0;A01
26578;201300017568;0;7;0;0.0;2.0;3.0;13.0;A01
26579;201300017568;0;10;0;0.0;2.0;3.0;1.0;B02
26580;201300017569;0;7;0;0.0;2.0;7.0;15.0;A01
26581;201300017569;0;31;0;0.0;2.0;1.0;1.0;B02
26582;201300017570;0;7;0;8.0;0.0;1.0;14.0;A01
26583;201300017571;0;33;0;0.0;2.0;3.0;1.0;A01
26584;201300017571;1;7;0;0.0;2.0;3.0;0.0;B02
26585;201300017572;0;30;0;0.0;0.0;1.0;0.0;A01
26586;201300017572;0;7;0;0.0;0.0;1.0;0.0;B02
26587;201300017573;0;33;0;0.0;2.0;1.0;1.0;A01
26588;201300017573;0;7;0;0.0;0.0;6.0;19.0;B02
26589;201300017576;0;7;0;15.0;0.0;1.0;13.0;A01
26590;201300017577;0;7;0;8.0;0.0;8.0;1.0;A01
26591;201300017578;0;3;0;0.0;2.0;1.0;15.0;A01
26592;201300017578;0;33;0;0.0;2.0;7.0;13.0;B01
26593;201300017579;0;31;0;7.0;0.0;1.0;1.0;A01
26594;201300017580;0;7;0;2.0;0.0;8.0;1.0;A01
26595;201300017581;0;10;0;0.0;5.0;1.0;1.0;A01
26596;201300017582;0;7;0;2.0;0.0;1.0;14.0;A01
26597;201300017583;0;31;0;1.0;0.0;1.0;1.0;A01
26598;201300017584;0;21;0;0.0;2.0;3.0;15.0;A01
26599;201300017584;0;7;0;0.0;2.0;5.0;17.0;B02
26600;201300017585;0;17;0;0.0;1.0;6.0;24.0;B02
26601;201300017585;0;7;0;1.0;0.0;5.0;17.0;A01
26602;201300017586;0;7;0;0.0;0.0;1.0;2.0;A01
26603;201300017587;0;7;0;0.0;2.0;3.0;1.0;A01
26604;201300017587;0;7;0;0.0;2.0;3.0;1.0;B02
26605;201300017588;0;7;0;1.0;2.0;3.0;13.0;A01
26606;201300017588;0;17;0;0.0;2.0;3.0;1.0;B02
26607;201300017589;0;7;0;15.0;2.0;3.0;1.0;A01
26608;201300017589;0;7;0;0.0;2.0;6.0;15.0;B01
26609;201300017590;0;30;0;0.0;2.0;1.0;1.0;B02
26610;201300017590;0;2;0;0.0;2.0;1.0;9.0;A01
26611;201300017591;0;7;0;0.0;2.0;8.0;1.0;B02
26612;201300017591;0;7;0;0.0;2.0;2.0;13.0;A01
26613;201300017592;0;7;0;13.0;0.0;9.0;13.0;A01
26614;201300017593;1;7;0;0.0;1.0;2.0;16.0;A01
26615;201300017594;0;7;0;0.0;2.0;3.0;13.0;A01
26616;201300017594;0;7;0;0.0;2.0;9.0;17.0;B02
26617;201300017594;0;20;0;0.0;2.0;6.0;1.0;C03
26618;201300017595;0;7;0;2.0;0.0;2.0;1.0;A01
26619;201300017596;0;32;0;0.0;2.0;1.0;13.0;A01
26620;201300017596;0;7;0;0.0;2.0;1.0;1.0;B02
26621;201300017598;0;33;0;0.0;0.0;9.0;19.0;A01
26622;201300017598;0;7;0;0.0;0.0;7.0;1.0;B02
26623;201300017599;0;7;0;0.0;2.0;3.0;1.0;B02
26624;201300017599;0;33;0;0.0;2.0;3.0;13.0;A01
26625;201300017600;0;7;0;6.0;0.0;1.0;1.0;A01
26626;201300017602;0;7;0;1.0;0.0;4.0;1.0;A01
26627;201300017602;0;7;0;0.0;0.0;8.0;24.0;B02
26628;201300017603;0;7;0;3.0;2.0;8.0;13.0;A01
26629;201300017603;0;1;0;0.0;2.0;8.0;1.0;B02
26630;201300017605;0;33;0;0.0;2.0;3.0;13.0;A01
26631;201300017605;0;7;0;0.0;2.0;3.0;1.0;B02
26632;201300017606;0;7;0;2.0;0.0;1.0;13.0;A01
26633;201300017607;0;7;0;0.0;1.0;3.0;1.0;A01
26634;201300017608;0;7;0;0.0;2.0;6.0;1.0;B02
26635;201300017608;0;33;0;0.0;2.0;1.0;1.0;A01
26636;201300017609;0;7;0;14.0;0.0;1.0;1.0;A01
26637;201300017609;0;17;0;0.0;0.0;4.0;23.0;B02
26638;201300017610;0;33;0;0.0;2.0;1.0;17.0;B02
26639;201300017610;0;7;0;0.0;2.0;8.0;15.0;A01
26640;201300017611;0;33;0;1.0;0.0;0.0;1.0;A01
26641;201300017612;0;7;0;13.0;0.0;9.0;1.0;A01
26642;201300017613;0;7;0;6.0;0.0;1.0;1.0;A01
26643;201300017614;0;7;0;0.0;2.0;1.0;2.0;B02
26644;201300017614;0;7;0;0.0;2.0;4.0;1.0;A01
26645;201300017615;0;1;0;0.0;2.0;8.0;13.0;B02
26646;201300017615;0;7;0;0.0;2.0;7.0;17.0;A01
26647;201300017616;0;7;0;6.0;0.0;2.0;1.0;A01
26648;201300017617;0;7;0;0.0;1.0;2.0;17.0;A01
26649;201300017618;0;1;0;0.0;2.0;6.0;19.0;A01
26650;201300017618;0;7;0;0.0;2.0;3.0;1.0;B02
26651;201300017621;0;10;0;0.0;2.0;3.0;1.0;A01
26652;201300017621;0;33;0;0.0;2.0;1.0;13.0;B02
26653;201300017622;0;10;0;13.0;0.0;2.0;0.0;A01
26654;201300017623;0;7;0;0.0;2.0;5.0;15.0;B02
26655;201300017623;0;30;0;0.0;2.0;1.0;2.0;A01
26656;201300017625;0;7;0;0.0;0.0;1.0;1.0;B02
26657;201300017625;0;7;0;0.0;0.0;7.0;1.0;A01
26658;201300017626;0;7;0;0.0;2.0;1.0;23.0;B02
26659;201300017626;0;7;0;0.0;0.0;6.0;15.0;C03
26660;201300017626;0;33;0;0.0;2.0;1.0;1.0;A01
26661;201300017627;0;10;0;6.0;0.0;2.0;1.0;A01
26662;201300017628;0;33;0;0.0;0.0;8.0;1.0;A01
26663;201300017630;0;2;0;0.0;2.0;8.0;15.0;A01
26664;201300017630;0;7;0;0.0;2.0;1.0;1.0;B02
26665;201300017631;0;30;0;3.0;0.0;1.0;14.0;A01
26666;201300017632;0;30;0;0.0;2.0;7.0;1.0;A01
26667;201300017633;0;30;0;0.0;1.0;1.0;1.0;A01
26668;201300017634;0;7;0;0.0;2.0;7.0;19.0;A01
26669;201300017634;0;15;0;0.0;2.0;3.0;23.0;B02
26670;201300017634;0;7;0;0.0;2.0;1.0;1.0;C03
26671;201300017635;0;15;0;0.0;2.0;3.0;1.0;B02
26672;201300017635;0;7;0;0.0;2.0;3.0;13.0;A01
26673;201300017636;0;7;0;0.0;1.0;3.0;21.0;A01
26674;201300017637;0;7;0;0.0;2.0;3.0;13.0;A01
26675;201300017637;0;7;0;0.0;2.0;3.0;21.0;B02
26676;201300017638;0;30;0;0.0;2.0;1.0;1.0;A01
26677;201300017638;0;7;0;0.0;2.0;3.0;15.0;B02
26678;201300017639;0;30;0;6.0;0.0;1.0;1.0;A01
26679;201300017640;2;7;0;13.0;0.0;3.0;13.0;A01
26680;201300017641;0;7;0;6.0;0.0;1.0;1.0;A01
26681;201300017642;0;7;0;0.0;2.0;8.0;1.0;B02
26682;201300017642;0;33;0;0.0;2.0;2.0;1.0;A01
26683;201300017643;0;7;0;0.0;0.0;7.0;0.0;B02
26684;201300017643;0;33;0;0.0;2.0;1.0;1.0;A01
26685;201300017644;0;33;0;8.0;0.0;1.0;1.0;A01
26686;201300017645;0;1;0;0.0;2.0;1.0;19.0;B02
26687;201300017645;0;7;0;0.0;2.0;3.0;1.0;A01
26688;201300017646;0;33;0;0.0;2.0;8.0;1.0;A01
26689;201300017646;0;7;0;0.0;2.0;8.0;15.0;B02
26690;201300017647;0;7;0;0.0;1.0;2.0;1.0;A01
26691;201300017648;0;7;0;6.0;0.0;1.0;0.0;A01
26692;201300017649;0;7;0;0.0;1.0;1.0;15.0;A01
26693;201300017650;0;33;0;15.0;0.0;0.0;16.0;A01
26694;201300017651;0;7;0;2.0;0.0;1.0;1.0;A01
26695;201300017652;0;31;0;2.0;0.0;2.0;2.0;A01
26696;201300017653;0;7;0;0.0;0.0;1.0;1.0;A01
26697;201300017655;0;7;0;13.0;0.0;1.0;1.0;A01
26698;201300017659;0;7;0;0.0;2.0;8.0;11.0;A01
26699;201300017659;0;30;0;0.0;2.0;1.0;1.0;B01
26700;201300017660;0;7;0;0.0;2.0;1.0;15.0;A01
26701;201300017660;0;1;0;0.0;2.0;8.0;1.0;B02
26702;201300017661;0;31;0;0.0;0.0;1.0;17.0;A01
26703;201300017661;0;7;0;0.0;0.0;2.0;9.0;B02
26704;201300017662;0;33;0;11.0;0.0;1.0;1.0;A01
26705;201300017664;0;1;0;0.0;2.0;1.0;1.0;B01
26706;201300017664;0;7;0;0.0;2.0;6.0;23.0;A01
26707;201300017665;0;7;0;2.0;0.0;1.0;21.0;A01
26708;201300017666;0;7;0;0.0;1.0;0.0;2.0;A01
26709;201300017667;0;7;0;0.0;0.0;9.0;1.0;A01
26710;201300017668;0;7;0;9.0;0.0;1.0;1.0;A01
26711;201300017669;0;7;0;6.0;0.0;1.0;1.0;A01
26712;201300017670;0;30;0;0.0;2.0;1.0;18.0;B01
26713;201300017670;0;7;0;0.0;2.0;2.0;14.0;A01
26714;201300017671;0;7;0;0.0;2.0;1.0;1.0;B01
26715;201300017671;0;7;0;0.0;2.0;8.0;9.0;A01
26716;201300017672;0;7;0;0.0;2.0;3.0;9.0;A01
26717;201300017672;0;2;0;0.0;2.0;1.0;1.0;B01
26718;201300017673;0;7;0;0.0;1.0;8.0;1.0;A01
26719;201300017674;0;7;0;0.0;1.0;1.0;1.0;A01
26720;201300017676;0;7;0;13.0;2.0;8.0;1.0;A01
26721;201300017677;0;30;0;16.0;0.0;7.0;1.0;A01
26722;201300017678;0;7;0;0.0;2.0;4.0;23.0;B01
26723;201300017678;0;31;0;0.0;2.0;4.0;23.0;C01
26724;201300017678;0;7;0;0.0;2.0;1.0;1.0;A01