;Num_Acc;senc;catv;occutc;obs;obsm;choc;manv;num_veh
26725;201300017678;0;7;0;0.0;2.0;4.0;23.0;D01
26726;201300017679;0;7;0;0.0;2.0;1.0;1.0;A01
26727;201300017679;0;7;0;0.0;2.0;4.0;23.0;B01
26728;201300017680;0;1;0;0.0;1.0;1.0;1.0;A01
26729;201300017681;0;7;0;5.0;2.0;8.0;1.0;A01
26730;201300017681;0;7;0;0.0;2.0;1.0;1.0;B01
26731;201300017682;0;7;0;2.0;0.0;1.0;1.0;A01
26732;201300017683;0;7;0;0.0;1.0;1.0;18.0;A01
26733;201300017684;0;7;0;15.0;0.0;9.0;1.0;A01
26734;201300017685;0;7;0;0.0;1.0;1.0;1.0;A01
26735;201300017686;0;7;0;13.0;0.0;7.0;1.0;A01
26736;201300017687;0;10;0;0.0;2.0;4.0;1.0;C01
26737;201300017687;0;7;0;0.0;2.0;4.0;1.0;B01
26738;201300017687;0;10;0;0.0;2.0;1.0;1.0;A01
26739;201300017689;0;7;0;1.0;0.0;1.0;1.0;A01
26740;201300017690;0;33;0;0.0;2.0;3.0;13.0;A01
26741;201300017690;0;7;0;0.0;2.0;3.0;1.0;B02
26742;201300017691;0;7;0;0.0;2.0;3.0;13.0;A01
26743;201300017691;0;15;0;0.0;2.0;3.0;1.0;B02
26744;201300017692;0;33;0;3.0;0.0;1.0;1.0;A01
26745;201300017693;0;7;0;0.0;1.0;1.0;1.0;A01
26746;201300017694;0;7;0;0.0;2.0;8.0;13.0;A01
26747;201300017694;0;14;0;0.0;2.0;3.0;1.0;B02
26748;201300017694;0;7;0;0.0;2.0;8.0;2.0;C03
26749;201300017695;0;2;0;0.0;2.0;1.0;13.0;A01
26750;201300017695;0;7;0;0.0;2.0;1.0;1.0;B02
26751;201300017696;0;7;0;0.0;2.0;8.0;22.0;A01
26752;201300017696;0;7;0;0.0;2.0;3.0;1.0;C03
26753;201300017696;0;33;0;1.0;2.0;5.0;17.0;B02
26754;201300017697;0;10;0;0.0;2.0;1.0;17.0;A01
26755;201300017697;0;7;0;0.0;2.0;4.0;15.0;B02
26756;201300017700;0;10;0;13.0;0.0;2.0;14.0;A01
26757;201300017701;0;7;0;0.0;2.0;2.0;6.0;A01
26758;201300017701;0;30;0;0.0;2.0;1.0;1.0;B02
26759;201300017702;0;32;0;0.0;0.0;0.0;1.0;A01
26760;201300017703;0;10;0;2.0;0.0;2.0;14.0;A01
26761;201300017704;0;7;0;2.0;0.0;4.0;1.0;A01
26762;201300017706;0;31;0;0.0;2.0;1.0;1.0;A01
26763;201300017706;0;7;0;0.0;2.0;2.0;15.0;B02
26764;201300017707;0;7;0;0.0;2.0;1.0;1.0;B02
26765;201300017707;0;7;0;0.0;2.0;1.0;1.0;A01
26766;201300017708;0;33;0;0.0;0.0;8.0;1.0;A01
26767;201300017710;0;7;0;2.0;0.0;7.0;1.0;A01
26768;201300017711;0;7;0;0.0;2.0;1.0;1.0;A01
26769;201300017711;0;7;0;0.0;2.0;7.0;21.0;B02
26770;201300017712;0;7;0;0.0;0.0;1.0;1.0;A01
26771;201300017713;0;7;0;2.0;0.0;2.0;1.0;A01
26772;201300017714;0;14;0;16.0;0.0;9.0;21.0;A01
26773;201300017715;0;7;0;0.0;2.0;3.0;1.0;A01
26774;201300017715;0;21;0;0.0;2.0;3.0;1.0;B02
26775;201300017716;0;7;0;2.0;0.0;1.0;16.0;A01
26776;201300017717;0;7;0;13.0;0.0;1.0;1.0;A01
26777;201300017718;0;7;0;6.0;0.0;1.0;1.0;A01
26778;201300017719;0;7;0;15.0;1.0;5.0;1.0;A01
26779;201300017720;0;7;0;0.0;2.0;3.0;10.0;A01
26780;201300017720;0;33;0;0.0;2.0;1.0;2.0;B02
26781;201300017722;0;10;0;0.0;2.0;3.0;13.0;A01
26782;201300017722;0;31;0;0.0;2.0;2.0;1.0;B02
26783;201300017723;0;7;0;0.0;2.0;1.0;13.0;A01
26784;201300017723;0;15;0;0.0;2.0;1.0;1.0;B02
26785;201300017724;0;7;0;0.0;2.0;8.0;19.0;A01
26786;201300017724;0;7;0;0.0;2.0;1.0;2.0;B02
26787;201300017725;0;10;0;13.0;0.0;9.0;1.0;A01
26788;201300017726;0;10;0;0.0;2.0;4.0;4.0;A01
26789;201300017726;0;31;0;0.0;2.0;1.0;1.0;B02
26790;201300017727;0;33;0;0.0;0.0;2.0;1.0;A01
26791;201300017728;0;7;0;6.0;0.0;2.0;1.0;A01
26792;201300017729;0;33;0;0.0;0.0;7.0;1.0;A01
26793;201300017730;0;7;0;0.0;2.0;1.0;15.0;A01
26794;201300017730;0;7;0;0.0;2.0;3.0;1.0;B02
26795;201300017731;0;10;0;6.0;0.0;5.0;0.0;B02
26796;201300017731;0;15;0;0.0;2.0;3.0;1.0;A01
26797;201300017732;0;7;0;0.0;1.0;3.0;1.0;B02
26798;201300017732;0;7;0;0.0;1.0;2.0;1.0;A01
26799;201300017733;0;7;0;16.0;0.0;1.0;0.0;A01
26800;201300017734;0;7;0;0.0;1.0;1.0;1.0;A01
26801;201300017735;0;7;0;0.0;1.0;2.0;1.0;A01
26802;201300017736;0;2;0;0.0;2.0;1.0;0.0;A01
26803;201300017736;0;7;0;0.0;2.0;2.0;0.0;B02
26804;201300017737;0;34;0;13.0;0.0;2.0;1.0;A01
26805;201300017738;0;7;0;2.0;0.0;1.0;1.0;A01
26806;201300017739;0;7;0;0.0;0.0;2.0;19.0;A01
26807;201300017739;0;7;0;0.0;2.0;1.0;1.0;B02
26808;201300017739;0;7;0;0.0;0.0;8.0;23.0;C03
26809;201300017741;0;7;0;0.0;1.0;2.0;15.0;A01
26810;201300017742;0;7;0;0.0;5.0;2.0;0.0;A01
26811;201300017743;0;33;0;0.0;2.0;6.0;10.0;A01
26812;201300017743;0;33;0;0.0;2.0;1.0;2.0;B02
26813;201300017744;0;7;0;0.0;0.0;8.0;1.0;B02
26814;201300017744;0;2;0;0.0;2.0;2.0;9.0;A01
26815;201300017745;0;7;0;0.0;2.0;3.0;1.0;B02
26816;201300017745;0;7;0;0.0;2.0;2.0;19.0;A01
26817;201300017746;0;7;0;0.0;1.0;2.0;1.0;A01
26818;201300017748;0;30;0;0.0;0.0;0.0;0.0;A01
26819;201300017749;0;7;0;1.0;0.0;1.0;14.0;A01
26820;201300017750;0;7;0;1.0;0.0;2.0;1.0;A01
26821;201300017751;0;7;0;12.0;0.0;7.0;15.0;A01
26822;201300017752;0;2;0;0.0;0.0;7.0;1.0;A01
26823;201300017753;0;7;0;16.0;0.0;9.0;1.0;A01
26824;201300017755;0;7;0;0.0;1.0;1.0;1.0;A01
26825;201300017756;0;7;0;0.0;2.0;1.0;0.0;A01
26826;201300017756;0;33;0;0.0;2.0;7.0;0.0;B02
26827;201300017757;0;7;0;13.0;0.0;3.0;1.0;A01
26828;201300017759;0;7;0;0.0;2.0;3.0;19.0;A01
26829;201300017759;0;7;0;0.0;2.0;2.0;1.0;B01
26830;201300017761;0;7;0;0.0;2.0;6.0;17.0;A01
26831;201300017761;0;13;0;0.0;2.0;3.0;1.0;B02
26832;201300017762;0;14;0;13.0;0.0;7.0;14.0;A01
26833;201300017763;0;7;0;13.0;0.0;3.0;13.0;A01
26834;201300017764;0;7;0;0.0;2.0;1.0;1.0;A01
26835;201300017764;0;7;0;0.0;2.0;7.0;1.0;B02
26836;201300017765;0;33;0;6.0;0.0;1.0;1.0;A01
26837;201300017766;0;10;0;13.0;0.0;2.0;0.0;A01
26838;201300017767;0;7;0;0.0;1.0;1.0;1.0;A01
26839;201300017768;0;7;0;13.0;0.0;9.0;14.0;A01
26840;201300017770;0;7;0;0.0;0.0;8.0;1.0;A01
26841;201300017771;0;7;0;0.0;0.0;7.0;14.0;A01
26842;201300017771;0;7;0;0.0;0.0;1.0;1.0;B02
26843;201300017772;0;31;0;8.0;0.0;0.0;0.0;A01
26844;201300017773;0;7;0;8.0;0.0;8.0;14.0;A01
26845;201300017774;0;15;0;0.0;1.0;8.0;1.0;A01
26846;201300017775;0;7;0;0.0;2.0;3.0;1.0;A01
26847;201300017775;0;15;0;0.0;0.0;0.0;0.0;C03
26848;201300017775;0;14;0;0.0;2.0;5.0;1.0;B02
26849;201300017776;0;7;0;0.0;2.0;1.0;17.0;A01
26850;201300017776;0;7;0;0.0;2.0;1.0;1.0;B02
26851;201300017777;0;10;0;0.0;2.0;1.0;13.0;A01
26852;201300017777;0;10;0;0.0;2.0;3.0;1.0;B01
26853;201300017778;0;33;0;0.0;2.0;7.0;1.0;B02
26854;201300017778;0;7;0;0.0;2.0;1.0;15.0;A01
26855;201300017780;0;7;0;2.0;0.0;2.0;1.0;A01
26856;201300017781;0;7;0;0.0;1.0;3.0;5.0;A01
26857;201300017782;0;7;0;0.0;2.0;3.0;1.0;B02
26858;201300017782;0;7;0;0.0;2.0;1.0;13.0;A01
26859;201300017783;0;7;0;0.0;2.0;1.0;1.0;B02
26860;201300017783;0;7;0;0.0;1.0;4.0;1.0;A01
26861;201300017784;0;7;0;0.0;2.0;8.0;17.0;A01
26862;201300017784;0;33;0;0.0;2.0;7.0;17.0;B02
26863;201300017785;0;7;0;2.0;0.0;9.0;13.0;A01
26864;201300017786;0;7;0;0.0;1.0;1.0;15.0;A01
26865;201300017787;0;7;0;0.0;2.0;1.0;1.0;A01
26866;201300017787;0;7;0;0.0;2.0;1.0;1.0;B02
26867;201300017787;0;7;0;0.0;2.0;1.0;1.0;C03
26868;201300017790;0;33;0;0.0;2.0;1.0;13.0;A01
26869;201300017790;0;7;0;0.0;2.0;3.0;1.0;B02
26870;201300017791;0;33;0;8.0;0.0;1.0;1.0;A01
26871;201300017792;0;7;0;0.0;2.0;2.0;21.0;A01
26872;201300017792;0;7;0;0.0;2.0;3.0;10.0;B02
26873;201300017793;0;7;0;13.0;0.0;1.0;1.0;A01
26874;201300017794;0;2;0;0.0;2.0;1.0;10.0;A01
26875;201300017794;0;2;0;0.0;2.0;1.0;2.0;B02
26876;201300017795;0;15;0;0.0;2.0;6.0;1.0;B02
26877;201300017795;0;7;0;0.0;2.0;3.0;13.0;A01
26878;201300017797;0;7;0;0.0;2.0;1.0;11.0;A01
26879;201300017797;0;7;0;0.0;2.0;1.0;21.0;B02
26880;201300017798;0;1;0;0.0;2.0;5.0;1.0;B01
26881;201300017798;0;13;0;0.0;2.0;1.0;9.0;A01
26882;201300017799;0;33;0;13.0;0.0;8.0;13.0;A01
26883;201300017800;0;2;0;0.0;2.0;1.0;1.0;A01
26884;201300017800;0;7;0;0.0;0.0;8.0;1.0;B02
26885;201300017801;0;1;0;0.0;2.0;8.0;1.0;B01
26886;201300017801;0;7;0;0.0;2.0;1.0;15.0;A01
26887;201300017802;0;33;0;0.0;2.0;2.0;17.0;A01
26888;201300017802;0;7;0;0.0;2.0;3.0;15.0;B01
26889;201300017804;0;7;0;0.0;2.0;3.0;16.0;B02
26890;201300017804;0;7;0;0.0;2.0;3.0;15.0;A01
26891;201300017805;0;30;0;0.0;2.0;1.0;0.0;B02
26892;201300017805;0;7;0;0.0;9.0;2.0;0.0;A01
26893;201300017806;0;10;0;0.0;2.0;1.0;1.0;B02
26894;201300017806;0;7;0;0.0;2.0;3.0;19.0;A01
26895;201300017807;0;7;0;0.0;2.0;1.0;1.0;B02
26896;201300017807;0;7;0;0.0;2.0;7.0;15.0;A01
26897;201300017808;0;7;0;0.0;1.0;3.0;1.0;A01
26898;201300017809;0;7;0;16.0;0.0;1.0;14.0;A01
26899;201300017810;0;7;0;0.0;2.0;2.0;1.0;A01
26900;201300017810;0;14;0;0.0;2.0;8.0;9.0;B02
26901;201300017811;0;7;0;0.0;2.0;3.0;19.0;B02
26902;201300017811;0;15;0;0.0;2.0;2.0;1.0;A01
26903;201300017812;0;10;0;0.0;1.0;4.0;20.0;A01
26904;201300017813;0;7;0;15.0;0.0;1.0;1.0;A01
26905;201300017815;0;33;0;6.0;0.0;3.0;1.0;A01
26906;201300017816;0;7;0;0.0;1.0;4.0;4.0;A01
26907;201300017817;0;33;0;16.0;0.0;1.0;1.0;A01
26908;201300017818;0;7;0;1.0;0.0;9.0;1.0;A01
26909;201300017819;0;14;0;0.0;2.0;2.0;1.0;B02
26910;201300017819;0;10;0;0.0;2.0;1.0;13.0;A01
26911;201300017821;0;33;0;3.0;0.0;8.0;17.0;A01
26912;201300017822;0;7;0;0.0;2.0;3.0;2.0;A01
26913;201300017822;0;17;0;0.0;0.0;5.0;2.0;B02
26914;201300017823;0;7;0;0.0;0.0;1.0;0.0;C03
26915;201300017823;0;7;0;0.0;0.0;3.0;0.0;B02
26916;201300017823;0;7;0;0.0;0.0;3.0;0.0;A01
26917;201300017824;0;7;0;0.0;0.0;3.0;1.0;A01
26918;201300017824;0;7;0;0.0;0.0;8.0;1.0;B02
26919;201300017825;0;7;0;0.0;2.0;1.0;1.0;B02
26920;201300017825;0;7;0;0.0;2.0;7.0;13.0;A01
26921;201300017826;0;7;0;1.0;0.0;1.0;2.0;A01
26922;201300017826;0;15;0;0.0;2.0;4.0;24.0;B02
26923;201300017827;0;7;0;0.0;1.0;2.0;1.0;A01
26924;201300017828;0;7;0;2.0;0.0;1.0;14.0;A01
26925;201300017829;0;34;0;0.0;1.0;1.0;1.0;A01
26926;201300017830;0;7;0;0.0;1.0;2.0;15.0;A01
26927;201300017831;0;7;0;8.0;0.0;2.0;1.0;A01
26928;201300017832;0;10;0;13.0;0.0;1.0;5.0;A01
26929;201300017834;0;7;0;0.0;2.0;1.0;1.0;B02
26930;201300017834;0;7;0;0.0;2.0;1.0;1.0;A01
26931;201300017835;0;7;0;0.0;2.0;2.0;1.0;A01
26932;201300017835;0;10;0;0.0;2.0;5.0;19.0;B02
26933;201300017836;0;33;0;14.0;0.0;9.0;1.0;A01
26934;201300017837;0;7;0;15.0;0.0;1.0;1.0;A01
26935;201300017838;0;7;0;13.0;0.0;9.0;13.0;A01
26936;201300017840;0;7;0;0.0;2.0;8.0;15.0;A01
26937;201300017840;0;33;0;0.0;2.0;1.0;1.0;B02
26938;201300017841;0;7;0;0.0;2.0;1.0;15.0;A01
26939;201300017841;0;7;0;0.0;2.0;1.0;1.0;B02
26940;201300017842;0;33;0;16.0;0.0;7.0;16.0;A01
26941;201300017843;0;7;0;0.0;2.0;2.0;13.0;A01
26942;201300017843;0;7;0;0.0;2.0;3.0;1.0;B02
26943;201300017844;0;7;0;2.0;0.0;1.0;1.0;A01
26944;201300017847;0;1;0;0.0;0.0;0.0;0.0;A01
26945;201300017848;0;7;0;0.0;0.0;9.0;1.0;A01
26946;201300017849;0;7;0;0.0;2.0;7.0;17.0;A01
26947;201300017849;0;10;0;0.0;2.0;8.0;1.0;B02
26948;201300017850;0;2;0;1.0;0.0;1.0;1.0;B02
26949;201300017850;0;7;0;0.0;0.0;6.0;23.0;A01
26950;201300017851;0;7;0;0.0;2.0;2.0;15.0;A01
26951;201300017851;0;33;0;0.0;2.0;1.0;1.0;B02
26952;201300017852;0;7;0;2.0;0.0;1.0;13.0;A01
26953;201300017853;0;7;0;16.0;0.0;1.0;13.0;A01
26954;201300017854;0;2;0;9.0;0.0;1.0;14.0;A01
26955;201300017855;0;33;0;0.0;2.0;1.0;1.0;B02
26956;201300017855;0;10;0;0.0;2.0;2.0;19.0;A01
26957;201300017856;0;7;0;0.0;2.0;3.0;1.0;A01
26958;201300017856;0;33;0;0.0;2.0;1.0;1.0;B02
26959;201300017858;0;7;0;0.0;0.0;0.0;23.0;A01
26960;201300017858;0;7;0;0.0;2.0;3.0;17.0;B02
26961;201300017858;0;33;0;12.0;2.0;5.0;1.0;C03
26962;201300017859;0;7;0;0.0;2.0;3.0;1.0;B02
26963;201300017859;0;7;0;0.0;2.0;2.0;15.0;A01
26964;201300017860;0;17;0;6.0;2.0;3.0;13.0;A01
26965;201300017861;0;2;0;0.0;2.0;1.0;2.0;A01
26966;201300017861;0;7;0;0.0;2.0;6.0;20.0;B02
26967;201300017862;0;7;0;1.0;0.0;9.0;14.0;A01
26968;201300017863;0;7;0;0.0;2.0;3.0;1.0;B02
26969;201300017863;0;7;0;0.0;2.0;3.0;13.0;A01
26970;201300017864;0;7;0;0.0;2.0;7.0;15.0;A01
26971;201300017864;0;7;0;0.0;2.0;1.0;16.0;B02
26972;201300017865;0;7;0;0.0;2.0;1.0;1.0;B02
26973;201300017865;0;7;0;0.0;2.0;7.0;1.0;A01
26974;201300017866;0;7;0;13.0;0.0;1.0;14.0;A01
26975;201300017868;0;1;0;0.0;0.0;1.0;1.0;A01
26976;201300017869;0;7;0;0.0;1.0;3.0;1.0;A01
26977;201300017870;0;33;0;0.0;2.0;8.0;1.0;A01
26978;201300017870;0;7;0;0.0;2.0;1.0;23.0;B02
26979;201300017871;0;15;0;0.0;2.0;4.0;1.0;A01
26980;201300017871;0;15;0;0.0;0.0;4.0;1.0;B02
26981;201300017871;0;15;0;0.0;2.0;1.0;1.0;C03
26982;201300017872;0;33;0;16.0;0.0;2.0;13.0;A01
26983;201300017873;0;30;0;0.0;0.0;7.0;1.0;A01
26984;201300017874;0;33;0;3.0;0.0;1.0;13.0;A01
26985;201300017875;0;7;0;2.0;0.0;3.0;13.0;A01
26986;201300017876;0;7;0;0.0;0.0;9.0;14.0;A01
26987;201300017877;0;7;0;2.0;0.0;9.0;14.0;A01
26988;201300017878;0;17;0;6.0;0.0;1.0;13.0;A01
26989;201300017879;0;31;0;16.0;0.0;3.0;13.0;A01
26990;201300017880;0;15;0;0.0;2.0;3.0;17.0;A01
26991;201300017880;0;33;0;0.0;2.0;8.0;10.0;B02
26992;201300017881;0;7;0;13.0;0.0;3.0;1.0;A01
26993;201300017882;0;10;0;13.0;0.0;9.0;13.0;A01
26994;201300017883;0;7;0;0.0;2.0;1.0;1.0;B02
26995;201300017883;0;10;0;0.0;2.0;1.0;19.0;A01
26996;201300017885;0;7;0;11.0;0.0;3.0;1.0;A01
26997;201300017886;0;10;0;0.0;2.0;2.0;15.0;A01
26998;201300017886;0;2;0;0.0;2.0;1.0;1.0;B02
26999;201300017887;0;99;0;0.0;0.0;6.0;24.0;B02
27000;201300017887;0;7;0;1.0;0.0;2.0;1.0;A01
27001;201300017888;0;7;0;0.0;2.0;2.0;1.0;A01
27002;201300017888;0;33;0;0.0;2.0;1.0;0.0;B02
27003;201300017889;0;7;0;0.0;2.0;1.0;1.0;B02
27004;201300017889;0;7;0;0.0;2.0;1.0;13.0;A01
27005;201300017890;0;33;0;0.0;0.0;0.0;1.0;A01
27006;201300017891;0;33;0;0.0;2.0;1.0;1.0;A01
27007;201300017891;0;7;0;0.0;2.0;1.0;1.0;B02
27008;201300017892;0;14;0;0.0;2.0;1.0;1.0;B02
27009;201300017892;0;7;0;0.0;2.0;2.0;13.0;A01
27010;201300017893;0;7;0;0.0;2.0;3.0;1.0;B02
27011;201300017893;0;7;0;0.0;2.0;3.0;13.0;A01
27012;201300017894;0;7;0;0.0;9.0;7.0;1.0;B02
27013;201300017894;0;1;0;0.0;2.0;8.0;19.0;A01
27014;201300017895;0;7;0;0.0;2.0;4.0;23.0;A01
27015;201300017895;0;33;0;0.0;2.0;1.0;1.0;B02
27016;201300017896;0;7;0;0.0;2.0;7.0;17.0;A01
27017;201300017896;0;7;0;0.0;2.0;8.0;11.0;C03
27018;201300017896;0;7;0;0.0;2.0;3.0;1.0;B02
27019;201300017897;0;7;0;2.0;0.0;8.0;0.0;A01
27020;201300017898;0;7;0;6.0;0.0;8.0;16.0;A01
27021;201300017900;0;7;0;0.0;2.0;2.0;19.0;A01
27022;201300017900;0;33;0;0.0;2.0;1.0;1.0;B02
27023;201300017901;0;7;0;4.0;0.0;1.0;0.0;A01
27024;201300017902;0;1;0;14.0;0.0;0.0;1.0;A01
27025;201300017904;0;7;0;0.0;2.0;2.0;9.0;A01
27026;201300017904;0;33;0;0.0;2.0;1.0;1.0;B02
27027;201300017905;0;7;0;1.0;1.0;2.0;1.0;A01
27028;201300017906;0;7;0;0.0;2.0;2.0;15.0;B02
27029;201300017906;0;31;0;0.0;2.0;1.0;1.0;A01
27030;201300017907;0;3;0;0.0;0.0;3.0;13.0;A01
27031;201300017907;0;7;0;0.0;0.0;3.0;1.0;B02
27032;201300017908;0;7;0;0.0;1.0;1.0;15.0;A01
27033;201300017909;0;7;0;13.0;0.0;3.0;13.0;A01
27034;201300017910;1;7;0;0.0;1.0;7.0;1.0;A01
27035;201300017911;0;33;0;3.0;0.0;9.0;17.0;A01
27036;201300017912;0;30;0;0.0;2.0;1.0;1.0;B02
27037;201300017912;0;7;0;0.0;0.0;8.0;19.0;A01
27038;201300017914;0;30;0;0.0;0.0;1.0;1.0;A01
27039;201300017914;0;7;0;0.0;0.0;4.0;16.0;B02
27040;201300017915;0;2;0;0.0;0.0;6.0;1.0;B02
27041;201300017915;0;7;0;0.0;2.0;2.0;1.0;A01
27042;201300017916;0;7;0;15.0;0.0;2.0;1.0;A01
27043;201300017917;0;33;0;0.0;2.0;8.0;17.0;A01
27044;201300017917;0;7;0;0.0;2.0;3.0;1.0;B02
27045;201300017918;0;7;0;0.0;2.0;1.0;1.0;A01
27046;201300017918;0;7;0;0.0;2.0;4.0;1.0;B02
27047;201300017920;0;7;0;0.0;2.0;3.0;13.0;A01
27048;201300017920;0;7;0;0.0;2.0;3.0;1.0;B02
27049;201300017921;0;7;0;0.0;2.0;2.0;15.0;A01
27050;201300017921;0;7;0;0.0;2.0;3.0;1.0;B02
27051;201300017922;0;7;0;0.0;2.0;4.0;23.0;C03
27052;201300017922;0;7;0;14.0;0.0;1.0;1.0;A01
27053;201300017922;0;7;0;0.0;2.0;6.0;23.0;B02
27054;201300017923;0;7;0;2.0;0.0;7.0;0.0;A01
27055;201300017924;0;7;0;0.0;2.0;6.0;10.0;A01
27056;201300017924;0;33;0;0.0;2.0;1.0;1.0;B02
27057;201300017925;0;33;0;0.0;2.0;1.0;1.0;A01
27058;201300017925;0;7;0;0.0;2.0;6.0;1.0;B02
27059;201300017926;0;2;0;0.0;2.0;6.0;15.0;A01
27060;201300017926;0;2;0;0.0;2.0;2.0;13.0;B02
27061;201300017927;0;33;0;0.0;0.0;7.0;0.0;A01
27062;201300017928;0;7;0;0.0;2.0;3.0;1.0;A01
27063;201300017928;0;7;0;0.0;2.0;1.0;15.0;B02
27064;201300017929;0;7;0;0.0;2.0;1.0;13.0;A01
27065;201300017929;0;7;0;0.0;2.0;1.0;1.0;B02
27066;201300017930;0;7;0;0.0;0.0;3.0;0.0;B02
27067;201300017930;0;7;0;0.0;0.0;1.0;0.0;A01
27068;201300017931;0;7;0;0.0;2.0;1.0;1.0;B02
27069;201300017931;0;7;0;0.0;2.0;6.0;15.0;A01
27070;201300017932;0;7;0;0.0;2.0;3.0;13.0;A01
27071;201300017932;0;15;0;0.0;2.0;3.0;1.0;B02
27072;201300017933;0;7;0;2.0;0.0;3.0;1.0;A01
27073;201300017934;0;32;0;0.0;2.0;1.0;1.0;B02
27074;201300017934;0;7;0;0.0;2.0;3.0;15.0;A01
27075;201300017935;0;10;0;0.0;2.0;9.0;19.0;B02
27076;201300017935;0;7;0;0.0;2.0;2.0;1.0;A01
27077;201300017936;0;7;0;0.0;1.0;3.0;15.0;A01
27078;201300017937;0;10;0;1.0;0.0;2.0;1.0;A01
27079;201300017939;0;7;0;0.0;2.0;3.0;1.0;B02
27080;201300017939;0;7;0;0.0;2.0;7.0;19.0;A01
27081;201300017940;0;7;0;0.0;1.0;3.0;1.0;A01
27082;201300017940;0;7;0;0.0;1.0;3.0;1.0;B02
27083;201300017941;0;7;0;0.0;2.0;8.0;1.0;B02
27084;201300017941;0;2;0;0.0;2.0;1.0;19.0;A01
27085;201300017942;0;7;0;0.0;2.0;3.0;1.0;A01
27086;201300017942;0;7;0;0.0;2.0;1.0;15.0;B02
27087;201300017943;0;7;0;5.0;2.0;2.0;17.0;A01
27088;201300017943;0;7;0;0.0;2.0;2.0;1.0;B02
27089;201300017944;0;7;0;2.0;0.0;2.0;14.0;A01
27090;201300017945;0;7;0;2.0;0.0;1.0;1.0;A01
27091;201300017946;0;7;0;0.0;0.0;7.0;1.0;A01
27092;201300017946;0;7;0;0.0;0.0;1.0;19.0;B02
27093;201300017947;0;7;0;0.0;2.0;3.0;1.0;A01
27094;201300017947;0;2;0;0.0;2.0;1.0;1.0;B02
27095;201300017948;0;10;0;0.0;2.0;2.0;17.0;B02
27096;201300017948;0;1;0;0.0;2.0;1.0;13.0;A01
27097;201300017950;0;7;0;0.0;2.0;4.0;23.0;A01
27098;201300017950;0;37;10;1.0;0.0;1.0;1.0;B02
27099;201300017951;0;7;0;0.0;0.0;3.0;13.0;A01
27100;201300017951;0;7;0;0.0;0.0;3.0;1.0;B02
27101;201300017952;0;33;0;0.0;0.0;3.0;5.0;A01
27102;201300017952;0;7;0;0.0;0.0;3.0;1.0;B02
27103;201300017953;0;7;0;0.0;2.0;3.0;15.0;A01
27104;201300017953;0;7;0;0.0;2.0;1.0;1.0;B02
27105;201300017954;0;7;0;0.0;2.0;3.0;15.0;A01
27106;201300017954;0;31;0;0.0;2.0;1.0;1.0;B02
27107;201300017955;0;7;0;0.0;0.0;6.0;2.0;A01
27108;201300017955;0;7;0;0.0;2.0;1.0;5.0;C03
27109;201300017955;0;7;0;0.0;2.0;1.0;1.0;B02
27110;201300017956;0;7;0;13.0;0.0;1.0;14.0;A01
27111;201300017957;0;33;0;0.0;2.0;7.0;17.0;A01
27112;201300017957;0;31;0;0.0;2.0;6.0;15.0;B02
27113;201300017958;0;7;0;0.0;2.0;3.0;13.0;A01
27114;201300017958;0;7;0;0.0;2.0;1.0;1.0;B02
27115;201300017959;0;14;0;0.0;2.0;2.0;16.0;A01
27116;201300017959;0;30;0;0.0;2.0;3.0;18.0;B02
27117;201300017960;0;7;0;3.0;0.0;8.0;1.0;A01
27118;201300017961;0;10;0;2.0;0.0;0.0;0.0;A01
27119;201300017962;0;7;0;0.0;2.0;2.0;15.0;A01
27120;201300017962;0;2;0;0.0;2.0;1.0;1.0;B02
27121;201300017963;0;10;0;2.0;0.0;1.0;1.0;A01
27122;201300017964;0;7;0;0.0;1.0;2.0;1.0;A01
27123;201300017965;0;7;0;0.0;1.0;2.0;1.0;A01
27124;201300017966;0;7;0;0.0;2.0;3.0;1.0;A01
27125;201300017966;0;33;0;0.0;2.0;9.0;15.0;B02
27126;201300017967;0;7;0;0.0;2.0;3.0;1.0;A01
27127;201300017967;0;7;0;0.0;2.0;3.0;1.0;B02
27128;201300017968;0;33;0;0.0;0.0;1.0;1.0;A01
27129;201300017969;0;31;0;0.0;2.0;1.0;17.0;A01
27130;201300017969;0;7;0;0.0;2.0;3.0;1.0;B02
27131;201300017970;0;14;0;0.0;2.0;2.0;1.0;B02
27132;201300017970;0;33;0;0.0;2.0;1.0;1.0;A01
27133;201300017971;2;7;0;6.0;0.0;1.0;1.0;A01
27134;201300017973;0;7;0;0.0;2.0;3.0;19.0;A01
27135;201300017973;0;33;0;0.0;2.0;1.0;1.0;B02
27136;201300017974;0;7;0;0.0;2.0;1.0;15.0;A01
27137;201300017974;0;31;0;0.0;2.0;1.0;1.0;B02
27138;201300017975;0;7;0;3.0;0.0;2.0;1.0;A01
27139;201300017976;0;33;0;8.0;0.0;1.0;1.0;A01
27140;201300017978;0;14;0;0.0;2.0;1.0;1.0;B02
27141;201300017978;0;7;0;0.0;2.0;1.0;1.0;A01
27142;201300017979;0;33;0;3.0;0.0;1.0;1.0;A01
27143;201300017980;0;7;0;3.0;0.0;1.0;16.0;A01