;Num_Acc;senc;catv;occutc;obs;obsm;choc;manv;num_veh
27144;201300017981;0;30;0;0.0;2.0;4.0;1.0;B02
27145;201300017981;0;7;0;0.0;2.0;1.0;1.0;A01
27146;201300017982;0;10;0;0.0;2.0;3.0;1.0;B02
27147;201300017982;0;10;0;0.0;2.0;3.0;1.0;A01
27148;201300017983;0;7;0;8.0;0.0;1.0;1.0;A01
27149;201300017984;0;10;0;0.0;0.0;3.0;15.0;A01
27150;201300017984;0;30;0;0.0;0.0;7.0;17.0;B02
27151;201300017986;0;7;0;15.0;0.0;1.0;1.0;A01
27152;201300017987;0;33;0;0.0;2.0;1.0;1.0;A01
27153;201300017987;0;7;0;0.0;0.0;8.0;9.0;B02
27154;201300017988;0;7;0;0.0;2.0;3.0;0.0;A01
27155;201300017988;0;7;0;0.0;2.0;3.0;13.0;B02
27156;201300017989;0;1;0;0.0;2.0;3.0;1.0;B02
27157;201300017989;0;7;0;0.0;9.0;3.0;13.0;A01
27158;201300017990;0;33;0;0.0;2.0;1.0;5.0;A01
27159;201300017990;0;7;0;0.0;2.0;8.0;15.0;B02
27160;201300017991;0;7;0;13.0;0.0;2.0;1.0;A01
27161;201300017994;0;7;0;0.0;2.0;5.0;15.0;A01
27162;201300017994;0;1;0;0.0;2.0;1.0;1.0;B02
27163;201300017995;0;10;0;0.0;2.0;4.0;15.0;A01
27164;201300017995;0;15;0;0.0;2.0;1.0;1.0;B02
27165;201300017996;0;33;0;0.0;6.0;1.0;1.0;A01
27166;201300017997;0;33;0;0.0;0.0;1.0;2.0;A01
27167;201300018000;0;7;0;13.0;0.0;1.0;1.0;A01
27168;201300018001;0;7;0;13.0;0.0;9.0;15.0;A01
27169;201300018002;0;7;0;14.0;0.0;2.0;1.0;A01
27170;201300018003;0;14;0;0.0;2.0;3.0;1.0;A01
27171;201300018003;0;2;0;0.0;2.0;1.0;1.0;B02
27172;201300018004;0;7;0;0.0;2.0;2.0;2.0;B02
27173;201300018004;0;7;0;0.0;0.0;4.0;23.0;A01
27174;201300018005;0;7;0;0.0;2.0;2.0;17.0;B02
27175;201300018005;0;30;0;0.0;0.0;3.0;15.0;A01
27176;201300018006;1;99;0;0.0;2.0;0.0;0.0;Z01
27177;201300018006;0;1;0;0.0;0.0;4.0;0.0;B02
27178;201300018008;0;7;0;0.0;2.0;1.0;1.0;A01
27179;201300018008;0;7;0;0.0;2.0;4.0;1.0;B02
27180;201300018009;0;7;0;8.0;0.0;8.0;14.0;A01
27181;201300018010;1;99;0;0.0;2.0;0.0;0.0;Z01
27182;201300018010;0;2;0;0.0;2.0;8.0;9.0;B02
27183;201300018011;0;30;0;0.0;0.0;0.0;14.0;A01
27184;201300018012;0;7;0;0.0;2.0;8.0;1.0;B02
27185;201300018012;0;31;0;0.0;2.0;3.0;17.0;A01
27186;201300018012;0;7;0;0.0;2.0;3.0;1.0;C03
27187;201300018013;0;7;0;0.0;1.0;3.0;11.0;A01
27188;201300018014;0;7;0;0.0;0.0;3.0;0.0;C03
27189;201300018014;0;7;0;0.0;0.0;1.0;0.0;A01
27190;201300018014;0;7;0;0.0;0.0;1.0;0.0;B02
27191;201300018015;0;7;0;0.0;2.0;3.0;16.0;A01
27192;201300018015;0;33;0;0.0;2.0;1.0;1.0;B02
27193;201300018016;0;7;0;0.0;1.0;3.0;21.0;A01
27194;201300018017;0;30;0;0.0;2.0;1.0;1.0;B02
27195;201300018017;0;10;0;0.0;9.0;2.0;1.0;A01
27196;201300018018;0;7;0;13.0;0.0;3.0;1.0;A01
27197;201300018019;0;7;0;0.0;1.0;5.0;4.0;A01
27198;201300018021;0;33;0;0.0;2.0;8.0;1.0;A01
27199;201300018021;0;7;0;0.0;2.0;7.0;15.0;B02
27200;201300018022;0;7;0;13.0;0.0;1.0;1.0;A01
27201;201300018023;0;15;0;0.0;1.0;2.0;1.0;A01
27202;201300018024;0;10;0;0.0;2.0;1.0;1.0;B02
27203;201300018024;0;7;0;0.0;2.0;2.0;1.0;A01
27204;201300018025;0;7;0;0.0;1.0;2.0;1.0;A01
27205;201300018026;0;14;0;0.0;2.0;2.0;16.0;A01
27206;201300018026;0;14;0;0.0;2.0;8.0;1.0;B02
27207;201300018027;0;33;0;0.0;2.0;1.0;17.0;B02
27208;201300018027;0;7;0;0.0;2.0;1.0;15.0;A01
27209;201300018028;0;7;0;0.0;1.0;1.0;1.0;A01
27210;201300018029;0;7;0;0.0;2.0;1.0;1.0;B02
27211;201300018029;0;14;0;0.0;2.0;7.0;1.0;A01
27212;201300018030;0;7;0;0.0;0.0;1.0;15.0;A01
27213;201300018030;0;33;0;0.0;0.0;1.0;1.0;B02
27214;201300018032;0;15;0;0.0;2.0;3.0;1.0;B02
27215;201300018032;0;7;0;0.0;2.0;3.0;13.0;A01
27216;201300018033;0;7;0;2.0;0.0;1.0;1.0;A01
27217;201300018034;0;10;0;2.0;0.0;2.0;1.0;A01
27218;201300018035;0;7;0;0.0;2.0;2.0;15.0;A01
27219;201300018035;0;2;0;0.0;2.0;3.0;1.0;B02
27220;201300018036;0;2;0;13.0;0.0;1.0;1.0;A01
27221;201300018037;0;7;0;13.0;0.0;2.0;16.0;A01
27222;201300018038;0;33;0;0.0;2.0;1.0;1.0;B02
27223;201300018038;0;7;0;0.0;2.0;8.0;19.0;A01
27224;201300018039;0;7;0;8.0;0.0;2.0;1.0;A01
27225;201300018040;0;10;0;0.0;2.0;1.0;1.0;C03
27226;201300018040;0;7;0;0.0;2.0;3.0;1.0;B02
27227;201300018040;0;7;0;0.0;2.0;1.0;13.0;A01
27228;201300018041;0;7;0;13.0;0.0;1.0;0.0;A01
27229;201300018042;0;7;0;0.0;9.0;1.0;1.0;A01
27230;201300018043;0;1;0;0.0;0.0;0.0;1.0;A01
27231;201300018044;0;7;0;0.0;2.0;8.0;19.0;A01
27232;201300018044;0;30;0;0.0;2.0;0.0;1.0;B02
27233;201300018045;0;30;0;0.0;2.0;1.0;2.0;A01
27234;201300018045;0;10;0;0.0;0.0;4.0;23.0;B02
27235;201300018046;0;7;0;0.0;2.0;3.0;15.0;A01
27236;201300018046;0;7;0;0.0;2.0;3.0;1.0;B02
27237;201300018048;0;7;0;0.0;0.0;1.0;0.0;A01
27238;201300018049;0;14;0;0.0;2.0;3.0;1.0;A01
27239;201300018049;0;7;0;0.0;2.0;3.0;1.0;B02
27240;201300018050;0;7;0;0.0;2.0;1.0;1.0;B02
27241;201300018050;0;10;0;0.0;2.0;1.0;5.0;A01
27242;201300018051;0;7;0;0.0;2.0;8.0;15.0;A01
27243;201300018051;0;30;0;0.0;2.0;1.0;1.0;B02
27244;201300018052;0;7;0;0.0;2.0;0.0;17.0;A01
27245;201300018052;0;7;0;0.0;2.0;8.0;15.0;B02
27246;201300018053;0;7;0;0.0;1.0;5.0;14.0;A01
27247;201300018054;0;10;0;0.0;2.0;1.0;1.0;A01
27248;201300018054;0;33;0;0.0;2.0;1.0;1.0;B02
27249;201300018055;0;2;0;0.0;2.0;1.0;1.0;B02
27250;201300018055;0;7;0;0.0;2.0;3.0;15.0;A01
27251;201300018056;0;2;0;0.0;2.0;1.0;1.0;B02
27252;201300018056;0;7;0;0.0;2.0;2.0;15.0;A01
27253;201300018057;0;10;0;0.0;2.0;8.0;15.0;A01
27254;201300018057;0;30;0;0.0;2.0;1.0;23.0;B02
27255;201300018058;0;7;0;0.0;2.0;1.0;1.0;B02
27256;201300018058;0;7;0;0.0;2.0;8.0;17.0;A01
27257;201300018059;0;7;0;0.0;2.0;2.0;13.0;A01
27258;201300018059;0;1;0;0.0;2.0;6.0;15.0;B02
27259;201300018060;0;33;0;13.0;0.0;1.0;17.0;A01
27260;201300018061;0;33;0;0.0;2.0;1.0;2.0;A01
27261;201300018061;0;33;0;0.0;2.0;1.0;2.0;B02
27262;201300018061;0;7;0;0.0;0.0;4.0;11.0;C03
27263;201300018062;0;10;0;13.0;0.0;2.0;15.0;A01
27264;201300018063;0;33;0;9.0;0.0;7.0;13.0;A01
27265;201300018064;0;15;0;0.0;0.0;4.0;1.0;C03
27266;201300018064;0;17;0;0.0;2.0;6.0;1.0;B02
27267;201300018064;0;10;0;0.0;2.0;3.0;1.0;A01
27268;201300018065;0;7;0;0.0;2.0;1.0;13.0;A01
27269;201300018065;0;33;0;0.0;2.0;1.0;1.0;B02
27270;201300018066;0;21;0;16.0;0.0;0.0;1.0;A01
27271;201300018067;0;31;0;13.0;0.0;7.0;1.0;A01
27272;201300018068;0;7;0;0.0;1.0;1.0;1.0;A01
27273;201300018069;0;7;0;0.0;2.0;3.0;17.0;A01
27274;201300018069;0;7;0;0.0;2.0;3.0;1.0;B02
27275;201300018071;0;10;0;6.0;0.0;1.0;1.0;A01
27276;201300018072;0;30;0;0.0;2.0;1.0;1.0;A01
27277;201300018072;0;7;0;0.0;2.0;7.0;15.0;B02
27278;201300018074;0;10;0;0.0;2.0;3.0;1.0;B02
27279;201300018074;0;7;0;0.0;2.0;3.0;13.0;A01
27280;201300018075;0;1;0;0.0;2.0;4.0;1.0;B02
27281;201300018075;0;10;0;0.0;2.0;1.0;1.0;A01
27282;201300018076;0;33;0;0.0;2.0;1.0;1.0;A01
27283;201300018076;0;21;0;0.0;2.0;7.0;19.0;B02
27284;201300018077;0;7;0;2.0;0.0;1.0;13.0;A01
27285;201300018078;0;7;0;5.0;0.0;1.0;14.0;A01
27286;201300018079;0;10;0;2.0;0.0;3.0;1.0;A01
27287;201300018080;0;7;0;2.0;0.0;1.0;1.0;A01
27288;201300018081;0;7;0;0.0;2.0;1.0;1.0;B02
27289;201300018081;0;7;0;0.0;2.0;1.0;13.0;A01
27290;201300018082;0;7;0;0.0;2.0;1.0;1.0;C03
27291;201300018082;0;7;0;0.0;2.0;9.0;1.0;B02
27292;201300018082;0;7;0;0.0;0.0;0.0;2.0;D04
27293;201300018082;0;33;0;0.0;2.0;1.0;13.0;A01
27294;201300018083;0;31;0;0.0;0.0;4.0;0.0;B02
27295;201300018083;0;7;0;0.0;2.0;2.0;2.0;A01
27296;201300018084;0;7;0;5.0;0.0;1.0;1.0;A01
27297;201300018086;0;7;0;0.0;2.0;3.0;1.0;A01
27298;201300018086;0;7;0;0.0;2.0;1.0;13.0;B02
27299;201300018087;0;7;0;2.0;0.0;8.0;1.0;A01
27300;201300018088;0;1;0;0.0;2.0;6.0;1.0;B02
27301;201300018088;0;10;0;0.0;2.0;2.0;17.0;A01
27302;201300018090;0;10;0;2.0;0.0;7.0;2.0;A01
27303;201300018091;0;7;0;0.0;2.0;3.0;1.0;B02
27304;201300018091;0;7;0;0.0;2.0;3.0;13.0;A01
27305;201300018093;0;7;0;0.0;1.0;3.0;2.0;A01
27306;201300018094;0;17;0;0.0;2.0;4.0;1.0;B02
27307;201300018094;0;7;0;0.0;2.0;1.0;1.0;A01
27308;201300018095;0;7;0;2.0;0.0;1.0;0.0;A01
27309;201300018098;0;7;0;0.0;2.0;3.0;1.0;A01
27310;201300018098;0;21;0;0.0;2.0;5.0;15.0;B02
27311;201300018099;0;30;0;0.0;2.0;1.0;17.0;A01
27312;201300018099;0;21;0;0.0;0.0;2.0;15.0;B02
27313;201300018100;0;7;0;2.0;0.0;1.0;1.0;A01
27314;201300018101;0;7;0;0.0;2.0;3.0;5.0;A01
27315;201300018101;0;7;0;0.0;2.0;3.0;1.0;B02
27316;201300018102;0;7;0;0.0;2.0;3.0;1.0;B02
27317;201300018102;0;7;0;0.0;2.0;1.0;17.0;A01
27318;201300018102;0;7;0;0.0;2.0;1.0;1.0;C03
27319;201300018103;0;7;0;0.0;2.0;3.0;1.0;B02
27320;201300018103;0;10;0;0.0;2.0;3.0;1.0;A01
27321;201300018104;0;10;0;0.0;2.0;3.0;1.0;A01
27322;201300018104;0;33;0;0.0;2.0;1.0;17.0;B02
27323;201300018105;0;7;0;0.0;9.0;2.0;1.0;A01
27324;201300018105;0;1;0;0.0;2.0;8.0;15.0;B02
27325;201300018106;0;1;0;0.0;2.0;1.0;19.0;A01
27326;201300018106;0;7;0;0.0;2.0;2.0;1.0;B02
27327;201300018107;0;33;0;0.0;2.0;7.0;15.0;B02
27328;201300018107;0;7;0;0.0;2.0;2.0;1.0;A01
27329;201300018108;0;33;0;0.0;2.0;7.0;17.0;A01
27330;201300018108;0;10;0;0.0;2.0;6.0;13.0;B02
27331;201300018109;0;7;0;0.0;1.0;1.0;1.0;A01
27332;201300018110;0;7;0;0.0;2.0;7.0;13.0;A01
27333;201300018110;0;7;0;0.0;2.0;1.0;1.0;B02
27334;201300018111;0;7;0;0.0;2.0;6.0;13.0;A01
27335;201300018111;0;7;0;0.0;2.0;1.0;1.0;B02
27336;201300018112;0;2;0;0.0;2.0;1.0;15.0;B02
27337;201300018112;0;10;0;0.0;2.0;2.0;1.0;A01
27338;201300018113;0;7;0;0.0;2.0;1.0;21.0;A01
27339;201300018113;0;7;0;0.0;2.0;1.0;1.0;B02
27340;201300018114;0;7;0;0.0;2.0;2.0;15.0;A01
27341;201300018114;0;33;0;0.0;2.0;7.0;17.0;B02
27342;201300018115;0;10;0;0.0;2.0;7.0;15.0;A01
27343;201300018115;0;7;0;0.0;2.0;1.0;1.0;B02
27344;201300018117;0;10;0;0.0;2.0;1.0;19.0;B02
27345;201300018117;0;7;0;0.0;2.0;6.0;1.0;A01
27346;201300018118;0;7;0;0.0;2.0;3.0;1.0;A01
27347;201300018118;0;10;0;0.0;2.0;3.0;13.0;B02
27348;201300018119;0;14;0;0.0;2.0;3.0;1.0;A01
27349;201300018119;0;1;0;0.0;2.0;1.0;13.0;B02
27350;201300018120;0;31;0;14.0;0.0;1.0;6.0;A01
27351;201300018121;0;30;0;0.0;2.0;1.0;1.0;A01
27352;201300018121;0;7;0;0.0;2.0;3.0;15.0;B02
27353;201300018122;0;7;0;13.0;0.0;3.0;1.0;A01
27354;201300018123;0;7;0;0.0;1.0;1.0;1.0;A01
27355;201300018124;0;7;0;0.0;1.0;2.0;2.0;A01
27356;201300018125;0;7;0;0.0;2.0;2.0;15.0;A01
27357;201300018125;0;2;0;0.0;2.0;1.0;1.0;B02
27358;201300018126;0;7;0;8.0;0.0;3.0;17.0;A01
27359;201300018127;0;14;0;0.0;1.0;2.0;16.0;A01
27360;201300018128;0;7;0;0.0;2.0;3.0;1.0;A01
27361;201300018128;0;1;0;0.0;2.0;1.0;13.0;B02
27362;201300018129;0;7;0;0.0;0.0;0.0;1.0;A01
27363;201300018130;0;33;0;0.0;2.0;7.0;1.0;A01
27364;201300018130;0;30;0;0.0;2.0;8.0;13.0;B02
27365;201300018131;0;33;0;13.0;0.0;8.0;1.0;A01
27366;201300018132;0;33;0;5.0;0.0;0.0;1.0;A01
27367;201300018133;0;7;0;0.0;2.0;1.0;17.0;A01
27368;201300018133;0;7;0;0.0;2.0;1.0;1.0;B02
27369;201300018134;0;7;0;0.0;2.0;3.0;1.0;B02
27370;201300018134;0;33;0;0.0;2.0;1.0;13.0;A01
27371;201300018135;0;33;0;0.0;2.0;1.0;1.0;B02
27372;201300018135;0;7;0;0.0;2.0;1.0;1.0;A01
27373;201300018136;0;33;0;3.0;0.0;2.0;0.0;A01
27374;201300018137;0;30;0;0.0;2.0;1.0;1.0;A01
27375;201300018137;0;7;0;0.0;2.0;3.0;15.0;B02
27376;201300018138;0;7;0;2.0;0.0;7.0;13.0;A01
27377;201300018139;0;33;0;0.0;2.0;1.0;1.0;B02
27378;201300018139;0;10;0;0.0;2.0;2.0;1.0;A01
27379;201300018140;0;7;0;6.0;0.0;2.0;1.0;A01
27380;201300018141;0;7;0;10.0;0.0;7.0;1.0;A01
27381;201300018142;0;7;0;11.0;0.0;1.0;1.0;A01
27382;201300018143;0;33;0;0.0;0.0;7.0;16.0;A01
27383;201300018144;0;31;0;10.0;0.0;7.0;1.0;A01
27384;201300018146;0;1;0;0.0;2.0;8.0;19.0;B02
27385;201300018146;0;7;0;0.0;2.0;1.0;1.0;A01
27386;201300018147;0;10;0;0.0;2.0;3.0;1.0;B02
27387;201300018147;0;10;0;0.0;2.0;3.0;13.0;A01
27388;201300018148;0;10;0;0.0;2.0;5.0;16.0;A01
27389;201300018148;0;1;0;0.0;2.0;3.0;1.0;B02
27390;201300018149;0;10;0;0.0;2.0;4.0;2.0;A01
27391;201300018149;0;10;0;0.0;2.0;1.0;2.0;B02
27392;201300018150;0;10;0;2.0;0.0;1.0;0.0;A01
27393;201300018151;0;7;0;0.0;2.0;1.0;1.0;A01
27394;201300018151;0;20;0;0.0;2.0;4.0;1.0;B02
27395;201300018152;0;7;0;13.0;0.0;1.0;1.0;A01
27396;201300018153;0;7;0;2.0;0.0;3.0;1.0;A01
27397;201300018154;0;33;0;0.0;0.0;7.0;1.0;A01
27398;201300018155;0;33;0;13.0;0.0;9.0;16.0;A01
27399;201300018156;0;7;0;0.0;2.0;7.0;14.0;A01
27400;201300018156;0;1;0;0.0;0.0;0.0;0.0;B02
27401;201300018157;0;7;0;0.0;1.0;3.0;1.0;A01
27402;201300018158;0;7;0;8.0;0.0;2.0;1.0;A01
27403;201300018160;0;31;0;0.0;2.0;1.0;1.0;B02
27404;201300018160;0;7;0;0.0;2.0;3.0;1.0;A01
27405;201300018161;1;7;0;0.0;1.0;1.0;1.0;A01
27406;201300018162;0;7;0;0.0;1.0;1.0;1.0;A01
27407;201300018163;0;7;0;0.0;1.0;2.0;16.0;A01
27408;201300018164;0;7;0;0.0;1.0;3.0;15.0;A01
27409;201300018165;0;7;0;0.0;2.0;1.0;20.0;A01
27410;201300018165;0;2;0;0.0;2.0;7.0;1.0;B01
27411;201300018166;0;7;0;0.0;1.0;1.0;1.0;A01
27412;201300018167;0;7;0;0.0;0.0;9.0;1.0;A01
27413;201300018168;0;33;0;1.0;0.0;2.0;15.0;A01
27414;201300018169;0;7;0;0.0;2.0;2.0;9.0;A01
27415;201300018169;0;1;0;0.0;2.0;3.0;1.0;B01
27416;201300018171;0;2;0;0.0;2.0;7.0;15.0;A01
27417;201300018171;0;7;0;0.0;2.0;2.0;1.0;B01
27418;201300018172;0;7;0;0.0;2.0;8.0;17.0;A01
27419;201300018172;0;17;0;0.0;2.0;1.0;1.0;B01
27420;201300018173;0;7;0;13.0;0.0;1.0;1.0;A01
27421;201300018174;0;7;0;2.0;0.0;3.0;1.0;A01
27422;201300018175;0;7;0;0.0;0.0;1.0;13.0;A01
27423;201300018175;0;7;0;0.0;0.0;9.0;1.0;B02
27424;201300018176;0;33;0;14.0;0.0;1.0;16.0;A01
27425;201300018178;0;7;0;16.0;0.0;9.0;1.0;A01
27426;201300018179;0;7;0;0.0;2.0;2.0;2.0;A01
27427;201300018179;0;1;0;0.0;0.0;4.0;2.0;B02
27428;201300018180;0;7;0;0.0;2.0;8.0;19.0;A01
27429;201300018180;0;7;0;0.0;2.0;2.0;1.0;B02
27430;201300018181;0;7;0;0.0;2.0;3.0;0.0;B02
27431;201300018181;0;30;0;0.0;2.0;1.0;9.0;A01
27432;201300018182;0;33;0;3.0;0.0;7.0;1.0;A01
27433;201300018183;0;33;0;0.0;2.0;1.0;1.0;B02
27434;201300018183;0;7;0;0.0;2.0;1.0;15.0;A01
27435;201300018184;0;7;0;2.0;0.0;3.0;13.0;A01
27436;201300018185;0;10;0;0.0;1.0;6.0;1.0;A01
27437;201300018186;0;30;0;0.0;2.0;1.0;1.0;B02
27438;201300018186;0;7;0;0.0;2.0;2.0;15.0;A01
27439;201300018187;0;7;0;0.0;2.0;3.0;21.0;B02
27440;201300018187;0;7;0;0.0;2.0;3.0;13.0;A01
27441;201300018188;0;7;0;0.0;0.0;3.0;19.0;A01
27442;201300018188;0;33;0;0.0;0.0;1.0;1.0;B02
27443;201300018189;0;7;0;0.0;0.0;0.0;0.0;A01
27444;201300018190;0;7;0;3.0;2.0;1.0;0.0;C03
27445;201300018190;0;7;0;3.0;2.0;1.0;13.0;A01
27446;201300018190;0;7;0;3.0;2.0;3.0;21.0;B02
27447;201300018191;0;7;0;0.0;1.0;2.0;1.0;A01
27448;201300018193;0;7;0;6.0;0.0;7.0;1.0;A01
27449;201300018194;0;7;0;0.0;2.0;3.0;1.0;B02
27450;201300018194;0;7;0;0.0;2.0;3.0;6.0;A01
27451;201300018195;0;7;0;0.0;2.0;7.0;19.0;A01
27452;201300018195;0;7;0;0.0;2.0;1.0;1.0;B02
27453;201300018196;0;30;0;16.0;0.0;9.0;0.0;A01
27454;201300018198;0;1;0;0.0;5.0;1.0;1.0;A01
27455;201300018199;0;7;0;2.0;0.0;3.0;13.0;A01
27456;201300018201;0;7;0;3.0;0.0;1.0;1.0;A01
27457;201300018202;0;7;0;7.0;0.0;2.0;0.0;A01
27458;201300018203;0;7;0;0.0;1.0;3.0;15.0;A01
27459;201300018204;0;7;0;0.0;2.0;1.0;1.0;A01
27460;201300018204;0;7;0;0.0;2.0;2.0;19.0;B02
27461;201300018205;0;7;0;0.0;1.0;0.0;0.0;A01
27462;201300018206;0;7;0;0.0;2.0;1.0;1.0;A01
27463;201300018206;0;1;0;0.0;2.0;4.0;16.0;C03
27464;201300018206;0;1;0;0.0;2.0;8.0;16.0;B02
27465;201300018207;0;30;0;0.0;2.0;1.0;15.0;A01
27466;201300018207;0;7;0;0.0;2.0;8.0;1.0;B02
27467;201300018208;0;7;0;0.0;2.0;1.0;13.0;A01
27468;201300018208;0;15;0;0.0;2.0;1.0;1.0;B02
27469;201300018210;0;1;0;0.0;2.0;1.0;15.0;B02
27470;201300018210;0;31;0;0.0;2.0;7.0;1.0;A01
27471;201300018211;0;7;0;13.0;0.0;1.0;1.0;A01
27472;201300018213;0;7;0;2.0;0.0;1.0;1.0;A01
27473;201300018214;0;30;0;1.0;0.0;1.0;1.0;A01
27474;201300018214;0;7;0;0.0;0.0;4.0;23.0;B02
27475;201300018215;0;7;0;0.0;2.0;1.0;1.0;B02
27476;201300018215;0;7;0;6.0;2.0;5.0;19.0;A01
27477;201300018216;0;7;0;6.0;0.0;1.0;13.0;A01
27478;201300018218;0;33;0;2.0;0.0;9.0;1.0;A01
27479;201300018219;0;7;0;0.0;2.0;1.0;1.0;B02
27480;201300018219;0;7;0;0.0;2.0;1.0;11.0;A01
27481;201300018219;0;15;0;0.0;2.0;8.0;1.0;C03
27482;201300018220;0;7;0;0.0;2.0;6.0;1.0;A01
27483;201300018220;0;7;0;0.0;2.0;1.0;1.0;B02
27484;201300018221;0;7;0;0.0;2.0;2.0;1.0;B02
27485;201300018221;0;1;0;0.0;2.0;1.0;18.0;A01
27486;201300018223;0;17;0;0.0;2.0;6.0;1.0;A01
27487;201300018223;0;7;0;2.0;0.0;1.0;1.0;C03
27488;201300018223;0;17;0;0.0;2.0;3.0;1.0;B02
27489;201300018224;0;7;0;8.0;2.0;7.0;1.0;A01
27490;201300018224;0;7;0;0.0;2.0;2.0;1.0;B02
27491;201300018225;0;7;0;13.0;0.0;9.0;1.0;A01
27492;201300018226;0;7;0;0.0;1.0;8.0;1.0;A01
27493;201300018228;0;7;0;13.0;0.0;1.0;14.0;A01
27494;201300018229;0;7;0;0.0;2.0;2.0;2.0;A01
27495;201300018229;0;1;0;0.0;2.0;4.0;2.0;B02
27496;201300018230;0;14;0;0.0;1.0;2.0;5.0;A01
27497;201300018231;0;7;0;0.0;2.0;2.0;19.0;A01
27498;201300018231;0;7;0;0.0;2.0;3.0;1.0;B02
27499;201300018232;0;30;0;11.0;0.0;1.0;1.0;A01
27500;201300018233;0;7;0;2.0;0.0;1.0;1.0;A01
27501;201300018234;0;7;0;0.0;2.0;3.0;15.0;B02
27502;201300018234;0;7;0;0.0;2.0;2.0;17.0;A01
27503;201300018235;0;33;0;0.0;6.0;1.0;2.0;A01
27504;201300018236;0;7;0;0.0;1.0;3.0;1.0;A01
27505;201300018236;0;7;0;0.0;2.0;1.0;1.0;B02
27506;201300018237;0;30;0;0.0;2.0;8.0;15.0;B02
27507;201300018237;0;7;0;0.0;9.0;2.0;17.0;A01
27508;201300018238;0;30;0;0.0;0.0;8.0;1.0;A01
27509;201300018239;0;33;0;0.0;2.0;1.0;17.0;A01
27510;201300018239;0;7;0;0.0;2.0;8.0;15.0;B02
27511;201300018240;0;2;0;0.0;2.0;1.0;1.0;A01
27512;201300018240;0;7;0;0.0;2.0;3.0;1.0;B02
27513;201300018241;0;7;0;1.0;0.0;1.0;14.0;A01
27514;201300018242;0;7;0;13.0;0.0;1.0;13.0;A01
27515;201300018243;0;7;0;0.0;9.0;1.0;9.0;A01
27516;201300018243;0;1;0;0.0;2.0;8.0;1.0;B02
27517;201300018244;0;33;0;0.0;2.0;1.0;13.0;A01
27518;201300018244;0;7;0;0.0;2.0;3.0;1.0;B02
27519;201300018245;0;7;0;2.0;0.0;9.0;1.0;A01
27520;201300018246;0;7;0;16.0;0.0;9.0;17.0;A01
27521;201300018247;0;7;0;0.0;2.0;3.0;15.0;A01
27522;201300018247;0;31;0;0.0;2.0;1.0;1.0;B02
27523;201300018249;0;10;0;0.0;0.0;0.0;1.0;A01
27524;201300018250;0;7;0;6.0;0.0;1.0;1.0;A01
27525;201300018251;0;7;0;0.0;0.0;2.0;13.0;A01
27526;201300018251;0;7;0;0.0;0.0;6.0;1.0;B02
27527;201300018253;0;7;0;0.0;2.0;3.0;20.0;A01
27528;201300018253;0;2;0;0.0;2.0;5.0;17.0;B02
27529;201300018254;0;7;0;15.0;0.0;9.0;1.0;A01
27530;201300018255;0;7;0;0.0;2.0;2.0;2.0;A01
27531;201300018255;0;1;0;0.0;2.0;4.0;1.0;B02
27532;201300018256;0;32;0;12.0;0.0;3.0;1.0;A01
27533;201300018257;0;7;0;0.0;2.0;3.0;15.0;A01
27534;201300018257;0;33;0;0.0;2.0;1.0;1.0;B02
27535;201300018258;0;33;0;0.0;2.0;7.0;17.0;A01
27536;201300018258;0;21;0;0.0;2.0;8.0;15.0;B02
27537;201300018259;0;7;0;0.0;2.0;7.0;13.0;A01
27538;201300018259;0;7;0;0.0;2.0;1.0;1.0;B02
27539;201300018260;0;31;0;0.0;0.0;0.0;1.0;A01
27540;201300018260;0;7;0;0.0;0.0;0.0;19.0;B02
27541;201300018261;0;7;0;0.0;0.0;1.0;17.0;A01
27542;201300018262;0;7;0;0.0;1.0;2.0;16.0;A01
27543;201300018263;0;7;0;0.0;6.0;0.0;1.0;A01
27544;201300018264;0;36;0;13.0;0.0;0.0;16.0;A01
27545;201300018266;0;7;0;13.0;0.0;3.0;13.0;A01
27546;201300018267;0;36;0;1.0;0.0;2.0;1.0;A01
27547;201300018268;0;7;0;0.0;2.0;1.0;1.0;B02
27548;201300018268;0;17;0;0.0;2.0;8.0;20.0;A01
27549;201300018269;0;7;0;0.0;2.0;2.0;1.0;B02
27550;201300018269;0;7;0;0.0;2.0;1.0;1.0;A01
27551;201300018270;0;7;0;0.0;2.0;3.0;1.0;A01
27552;201300018270;0;7;0;0.0;2.0;3.0;1.0;B02
27553;201300018271;0;10;0;2.0;0.0;3.0;1.0;A01
27554;201300018272;0;7;0;0.0;2.0;1.0;1.0;B02
27555;201300018272;0;7;0;0.0;2.0;1.0;13.0;A01
27556;201300018273;0;2;0;0.0;2.0;8.0;1.0;B02
27557;201300018273;0;7;0;0.0;2.0;3.0;1.0;A01
27558;201300018274;0;7;0;0.0;2.0;1.0;1.0;B02
27559;201300018274;0;7;0;0.0;2.0;8.0;16.0;A01
27560;201300018276;0;7;0;0.0;2.0;3.0;13.0;A01
27561;201300018276;0;7;0;0.0;2.0;3.0;1.0;B02
27562;201300018277;0;7;0;0.0;2.0;3.0;1.0;A01
27563;201300018277;0;10;0;0.0;2.0;3.0;1.0;B02