;Num_Acc;senc;catv;occutc;obs;obsm;choc;manv;num_veh
27564;201300018278;0;10;0;0.0;0.0;0.0;1.0;A01
27565;201300018279;0;7;0;0.0;2.0;1.0;1.0;B02
27566;201300018279;0;21;0;0.0;2.0;1.0;5.0;A01
27567;201300018280;0;7;0;0.0;2.0;4.0;1.0;B02
27568;201300018280;0;10;0;0.0;2.0;1.0;1.0;A01
27569;201300018280;0;10;0;0.0;0.0;4.0;1.0;C03
27570;201300018281;0;7;0;0.0;1.0;1.0;1.0;A01
27571;201300018282;0;14;0;0.0;2.0;1.0;2.0;A01
27572;201300018282;0;30;0;0.0;0.0;4.0;2.0;B02
27573;201300018283;0;7;0;0.0;2.0;8.0;1.0;B02
27574;201300018283;0;14;0;0.0;2.0;3.0;1.0;A01
27575;201300018284;0;7;0;0.0;2.0;3.0;0.0;B02
27576;201300018284;0;7;0;0.0;2.0;3.0;0.0;A01
27577;201300018285;0;17;0;0.0;2.0;3.0;1.0;B02
27578;201300018285;0;7;0;0.0;2.0;3.0;13.0;A01
27579;201300018286;0;7;0;0.0;2.0;1.0;19.0;B02
27580;201300018286;0;10;0;0.0;2.0;8.0;1.0;A01
27581;201300018287;0;7;0;0.0;2.0;1.0;13.0;A01
27582;201300018287;0;7;0;0.0;2.0;1.0;1.0;B02
27583;201300018288;0;7;0;0.0;2.0;1.0;13.0;C03
27584;201300018288;0;7;0;0.0;2.0;1.0;1.0;A01
27585;201300018288;0;7;0;0.0;2.0;1.0;1.0;B02
27586;201300018289;0;7;0;13.0;0.0;1.0;13.0;A01
27587;201300018290;0;36;0;13.0;0.0;7.0;1.0;A01
27588;201300018291;0;33;0;0.0;2.0;1.0;1.0;B02
27589;201300018291;0;3;0;0.0;2.0;3.0;13.0;A01
27590;201300018292;0;1;0;0.0;0.0;6.0;19.0;A01
27591;201300018292;0;33;0;0.0;2.0;1.0;1.0;B02
27592;201300018293;0;33;0;0.0;0.0;0.0;1.0;A01
27593;201300018294;0;7;0;0.0;0.0;4.0;23.0;A01
27594;201300018294;0;7;0;0.0;2.0;4.0;2.0;B02
27595;201300018294;0;10;0;0.0;2.0;1.0;2.0;C03
27596;201300018295;0;7;0;0.0;2.0;1.0;1.0;A01
27597;201300018295;0;7;0;0.0;2.0;8.0;16.0;B02
27598;201300018296;0;7;0;8.0;0.0;5.0;1.0;A01
27599;201300018297;0;33;0;0.0;2.0;1.0;1.0;B02
27600;201300018297;0;7;0;0.0;2.0;2.0;0.0;A01
27601;201300018298;0;14;0;0.0;2.0;3.0;1.0;A01
27602;201300018298;0;17;0;0.0;0.0;5.0;0.0;B02
27603;201300018300;0;7;0;0.0;2.0;1.0;2.0;A01
27604;201300018300;0;7;0;0.0;2.0;4.0;15.0;B02
27605;201300018301;0;7;0;0.0;1.0;3.0;1.0;A01
27606;201300018302;0;7;0;0.0;1.0;1.0;1.0;A01
27607;201300018303;0;2;0;0.0;0.0;1.0;1.0;A01
27608;201300018304;0;30;0;13.0;0.0;7.0;14.0;A01
27609;201300018305;0;7;0;13.0;0.0;2.0;14.0;A01
27610;201300018306;0;7;0;13.0;0.0;9.0;1.0;A01
27611;201300018307;0;7;0;0.0;1.0;3.0;1.0;A01
27612;201300018308;0;30;0;9.0;0.0;8.0;1.0;A01
27613;201300018309;0;33;0;0.0;2.0;1.0;13.0;A01
27614;201300018309;0;7;0;0.0;2.0;3.0;1.0;B02
27615;201300018310;0;33;0;0.0;2.0;1.0;1.0;B02
27616;201300018310;0;7;0;0.0;2.0;2.0;9.0;A01
27617;201300018311;0;7;0;0.0;0.0;2.0;0.0;A01
27618;201300018311;0;1;0;0.0;0.0;1.0;1.0;B02
27619;201300018312;0;1;0;0.0;2.0;4.0;1.0;B02
27620;201300018312;0;7;0;0.0;2.0;2.0;1.0;A01
27621;201300018313;0;7;0;0.0;1.0;3.0;1.0;A01
27622;201300018314;0;7;0;0.0;2.0;3.0;15.0;A01
27623;201300018314;0;7;0;0.0;2.0;2.0;1.0;B02
27624;201300018315;0;7;0;6.0;0.0;2.0;14.0;A01
27625;201300018316;0;7;0;0.0;0.0;8.0;15.0;B02
27626;201300018316;0;33;0;0.0;2.0;1.0;17.0;A01
27627;201300018317;0;33;0;0.0;0.0;0.0;1.0;A01
27628;201300018318;0;7;0;0.0;2.0;6.0;1.0;B02
27629;201300018318;0;7;0;0.0;2.0;6.0;1.0;A01
27630;201300018321;0;7;0;0.0;2.0;2.0;15.0;A01
27631;201300018321;0;1;0;0.0;2.0;1.0;1.0;B02
27632;201300018322;0;7;0;2.0;0.0;1.0;1.0;A01
27633;201300018323;0;7;0;0.0;2.0;3.0;1.0;B02
27634;201300018323;0;7;0;0.0;2.0;3.0;13.0;A01
27635;201300018324;0;10;0;2.0;0.0;2.0;1.0;A01
27636;201300018325;0;7;0;0.0;2.0;2.0;1.0;B02
27637;201300018325;0;10;0;0.0;2.0;1.0;15.0;A01
27638;201300018326;0;7;0;0.0;2.0;1.0;1.0;B02
27639;201300018326;0;3;0;0.0;2.0;8.0;15.0;A01
27640;201300018327;0;7;0;0.0;2.0;1.0;15.0;A01
27641;201300018327;0;7;0;0.0;2.0;1.0;1.0;B02
27642;201300018329;0;30;0;1.0;0.0;7.0;2.0;A01
27643;201300018329;0;7;0;0.0;0.0;0.0;23.0;C03
27644;201300018329;0;7;0;1.0;0.0;2.0;15.0;B02
27645;201300018330;0;14;0;0.0;2.0;3.0;1.0;A01
27646;201300018330;0;10;0;0.0;2.0;3.0;13.0;B02
27647;201300018331;0;7;0;0.0;2.0;1.0;1.0;A01
27648;201300018331;0;7;0;0.0;2.0;3.0;1.0;B02
27649;201300018331;0;7;0;0.0;2.0;1.0;1.0;C03
27650;201300018333;0;7;0;0.0;2.0;3.0;1.0;B02
27651;201300018333;0;7;0;0.0;2.0;2.0;17.0;A01
27652;201300018334;0;7;0;0.0;2.0;1.0;13.0;A01
27653;201300018334;0;7;0;0.0;2.0;3.0;1.0;B02
27654;201300018335;0;31;0;16.0;0.0;0.0;1.0;A01
27655;201300018336;0;7;0;13.0;0.0;1.0;1.0;A01
27656;201300018337;0;7;0;6.0;0.0;1.0;19.0;A01
27657;201300018338;0;33;0;0.0;0.0;1.0;1.0;A01
27658;201300018339;0;7;0;0.0;0.0;1.0;1.0;A01
27659;201300018340;0;7;0;0.0;2.0;1.0;13.0;A01
27660;201300018340;0;10;0;0.0;2.0;1.0;1.0;B02
27661;201300018341;0;7;0;0.0;2.0;3.0;1.0;A01
27662;201300018341;0;7;0;0.0;2.0;3.0;1.0;B02
27663;201300018342;0;7;0;0.0;2.0;7.0;15.0;C03
27664;201300018342;0;7;0;0.0;2.0;1.0;23.0;B02
27665;201300018342;0;7;0;0.0;2.0;1.0;1.0;A01
27666;201300018343;0;15;0;0.0;2.0;3.0;21.0;B02
27667;201300018343;0;7;0;0.0;2.0;3.0;13.0;A01
27668;201300018344;0;33;0;0.0;2.0;8.0;17.0;A01
27669;201300018344;0;10;0;0.0;2.0;3.0;1.0;B02
27670;201300018345;0;7;0;0.0;2.0;1.0;1.0;B02
27671;201300018345;0;7;0;0.0;2.0;7.0;15.0;A01
27672;201300018347;0;7;0;0.0;2.0;2.0;2.0;A01
27673;201300018348;0;10;0;0.0;9.0;0.0;0.0;A01
27674;201300018348;0;7;0;15.0;0.0;1.0;21.0;B02
27675;201300018348;0;7;0;0.0;9.0;3.0;1.0;C03
27676;201300018349;0;7;0;0.0;2.0;2.0;1.0;A01
27677;201300018349;0;7;0;0.0;2.0;3.0;19.0;B02
27678;201300018350;0;7;0;0.0;1.0;2.0;1.0;A01
27679;201300018351;0;10;0;6.0;0.0;7.0;13.0;A01
27680;201300018352;0;33;0;0.0;0.0;0.0;1.0;A01
27681;201300018353;0;2;0;13.0;0.0;1.0;1.0;A01
27682;201300018354;0;33;0;0.0;0.0;0.0;15.0;A01
27683;201300018355;0;7;0;0.0;0.0;0.0;15.0;A01
27684;201300018355;0;33;0;13.0;0.0;8.0;21.0;B02
27685;201300018356;0;7;0;0.0;2.0;1.0;2.0;A01
27686;201300018356;0;7;0;0.0;0.0;4.0;15.0;B02
27687;201300018357;0;7;0;0.0;2.0;1.0;13.0;A01
27688;201300018357;0;7;0;0.0;2.0;1.0;1.0;B02
27689;201300018358;0;7;0;0.0;1.0;2.0;1.0;A01
27690;201300018359;0;30;0;3.0;0.0;2.0;1.0;A01
27691;201300018361;0;7;0;0.0;2.0;1.0;1.0;B02
27692;201300018361;0;7;0;0.0;2.0;3.0;19.0;A01
27693;201300018363;0;33;0;0.0;0.0;7.0;16.0;A01
27694;201300018364;0;33;0;0.0;2.0;4.0;1.0;A01
27695;201300018364;0;33;0;0.0;2.0;4.0;1.0;B02
27696;201300018365;0;7;0;0.0;0.0;2.0;1.0;A01
27697;201300018365;0;7;0;0.0;2.0;8.0;1.0;B02
27698;201300018366;0;30;0;0.0;2.0;1.0;2.0;A01
27699;201300018366;0;1;0;0.0;0.0;4.0;2.0;B02
27700;201300018367;0;7;0;0.0;2.0;1.0;1.0;A01
27701;201300018367;0;17;0;0.0;2.0;4.0;1.0;B02
27702;201300018368;0;10;0;6.0;0.0;3.0;13.0;A01
27703;201300018369;0;30;0;0.0;2.0;8.0;1.0;B02
27704;201300018370;0;10;0;0.0;0.0;4.0;1.0;B02
27705;201300018370;0;33;0;0.0;2.0;1.0;1.0;A01
27706;201300018371;0;7;0;0.0;2.0;1.0;1.0;B02
27707;201300018371;0;7;0;0.0;2.0;1.0;1.0;A01
27708;201300018372;0;10;0;13.0;0.0;0.0;1.0;A01
27709;201300018374;0;33;0;14.0;0.0;9.0;1.0;A01
27710;201300018375;0;7;0;0.0;9.0;3.0;17.0;A01
27711;201300018375;0;10;0;0.0;2.0;3.0;1.0;C03
27712;201300018375;0;17;0;0.0;2.0;3.0;21.0;B02
27713;201300018376;0;7;0;13.0;0.0;1.0;1.0;A01
27714;201300018378;0;7;0;0.0;0.0;1.0;1.0;B02
27715;201300018378;0;7;0;0.0;0.0;2.0;3.0;A01
27716;201300018379;0;7;0;0.0;0.0;3.0;1.0;A01
27717;201300018380;0;7;0;0.0;2.0;1.0;1.0;A01
27718;201300018380;0;2;0;0.0;2.0;1.0;5.0;B02
27719;201300018381;0;7;0;0.0;2.0;8.0;9.0;A01
27720;201300018381;0;7;0;0.0;2.0;1.0;1.0;B02
27721;201300018382;0;36;0;0.0;2.0;1.0;10.0;A01
27722;201300018382;0;7;0;0.0;2.0;1.0;1.0;B02
27723;201300018383;0;7;0;8.0;0.0;3.0;0.0;A01
27724;201300018385;0;1;0;0.0;2.0;8.0;1.0;B02
27725;201300018385;0;10;0;0.0;2.0;7.0;17.0;A01
27726;201300018386;0;30;0;0.0;0.0;0.0;0.0;A01
27727;201300018387;0;7;0;0.0;2.0;3.0;13.0;A01
27728;201300018387;0;15;0;0.0;2.0;3.0;1.0;B02
27729;201300018388;0;3;0;0.0;2.0;1.0;1.0;B02
27730;201300018388;0;10;0;0.0;2.0;8.0;15.0;A01
27731;201300018390;0;7;0;0.0;2.0;1.0;13.0;A01
27732;201300018390;0;14;0;0.0;2.0;1.0;1.0;B02
27733;201300018391;0;7;0;13.0;0.0;2.0;14.0;A01
27734;201300018393;0;7;0;0.0;0.0;1.0;2.0;A01
27735;201300018394;0;7;0;0.0;2.0;7.0;10.0;A01
27736;201300018394;0;33;0;6.0;2.0;1.0;2.0;B02
27737;201300018395;0;1;0;0.0;2.0;8.0;2.0;B02
27738;201300018395;0;7;0;0.0;2.0;7.0;17.0;A01
27739;201300018396;0;33;0;8.0;0.0;7.0;0.0;A01
27740;201300018397;0;14;0;0.0;2.0;1.0;13.0;A01
27741;201300018397;0;2;0;0.0;2.0;1.0;13.0;B02
27742;201300018398;0;33;0;8.0;0.0;1.0;1.0;A01
27743;201300018399;0;7;0;0.0;2.0;3.0;1.0;B02
27744;201300018399;0;7;0;0.0;2.0;3.0;17.0;A01
27745;201300018399;0;15;0;0.0;2.0;8.0;1.0;C03
27746;201300018400;0;14;0;0.0;2.0;2.0;17.0;A01
27747;201300018400;0;1;0;0.0;2.0;3.0;13.0;B02
27748;201300018401;0;7;0;0.0;2.0;2.0;17.0;A01
27749;201300018401;0;1;0;0.0;2.0;4.0;2.0;B02
27750;201300018402;0;33;0;0.0;6.0;1.0;1.0;A01
27751;201300018404;0;33;0;2.0;0.0;1.0;1.0;A01
27752;201300018405;0;7;0;14.0;0.0;1.0;2.0;A01
27753;201300018405;0;7;0;0.0;0.0;4.0;15.0;B02
27754;201300018406;0;7;0;0.0;2.0;3.0;1.0;B02
27755;201300018406;0;7;0;0.0;2.0;2.0;1.0;A01
27756;201300018407;0;7;0;8.0;0.0;1.0;0.0;A01
27757;201300018408;0;7;0;2.0;0.0;1.0;1.0;A01
27758;201300018409;0;7;0;13.0;0.0;1.0;14.0;A01
27759;201300018411;0;7;0;0.0;1.0;1.0;1.0;A01
27760;201300018412;0;7;0;0.0;2.0;1.0;13.0;A01
27761;201300018412;0;7;0;0.0;2.0;1.0;1.0;B02
27762;201300018413;0;7;0;13.0;0.0;3.0;1.0;A01
27763;201300018414;0;7;0;0.0;5.0;1.0;0.0;A01
27764;201300018415;0;7;0;0.0;2.0;1.0;2.0;B02
27765;201300018415;0;7;0;0.0;2.0;1.0;15.0;A01
27766;201300018416;0;2;0;4.0;0.0;1.0;1.0;A01
27767;201300018417;0;7;0;0.0;2.0;3.0;1.0;B02
27768;201300018417;0;7;0;0.0;2.0;3.0;13.0;A01
27769;201300018418;0;15;0;0.0;2.0;1.0;1.0;B02
27770;201300018418;0;7;0;0.0;2.0;1.0;13.0;A01
27771;201300018419;0;7;0;0.0;2.0;3.0;1.0;B02
27772;201300018419;0;7;0;0.0;2.0;3.0;13.0;A01
27773;201300018420;0;7;0;13.0;0.0;1.0;1.0;A01
27774;201300018421;0;7;0;0.0;2.0;7.0;2.0;A01
27775;201300018421;0;1;0;0.0;2.0;6.0;0.0;B02
27776;201300018422;0;7;0;0.0;1.0;2.0;1.0;A01
27777;201300018423;0;30;0;0.0;0.0;8.0;1.0;B02
27778;201300018423;0;7;0;0.0;0.0;2.0;15.0;A01
27779;201300018424;0;7;0;0.0;2.0;3.0;1.0;B02
27780;201300018424;0;7;0;0.0;2.0;3.0;13.0;A01
27781;201300018425;0;30;0;0.0;2.0;1.0;15.0;A01
27782;201300018425;0;7;0;0.0;2.0;2.0;15.0;B02
27783;201300018426;0;7;0;2.0;0.0;8.0;14.0;A01
27784;201300018427;0;2;0;1.0;0.0;1.0;1.0;A01
27785;201300018428;0;7;0;0.0;2.0;2.0;12.0;A01
27786;201300018428;0;33;0;0.0;2.0;8.0;0.0;B02
27787;201300018429;0;7;0;0.0;2.0;8.0;9.0;A01
27788;201300018429;0;33;0;0.0;2.0;1.0;1.0;B02
27789;201300018430;0;7;0;0.0;2.0;3.0;1.0;B02
27790;201300018430;0;7;0;0.0;2.0;3.0;1.0;A01
27791;201300018431;0;33;0;0.0;0.0;8.0;1.0;A01
27792;201300018432;0;33;0;13.0;0.0;9.0;1.0;A01
27793;201300018433;0;31;0;0.0;0.0;1.0;1.0;A01
27794;201300018435;0;7;0;0.0;0.0;1.0;1.0;B02
27795;201300018435;0;7;0;0.0;0.0;1.0;1.0;A01
27796;201300018436;0;7;0;8.0;0.0;1.0;1.0;A01
27797;201300018437;0;33;0;0.0;0.0;1.0;1.0;B02
27798;201300018437;0;7;0;0.0;0.0;5.0;15.0;A01
27799;201300018438;0;7;0;0.0;2.0;1.0;1.0;A01
27800;201300018438;0;7;0;0.0;2.0;1.0;1.0;B02
27801;201300018439;0;7;0;0.0;2.0;2.0;15.0;A01
27802;201300018439;0;7;0;0.0;2.0;3.0;1.0;B02
27803;201300018441;0;7;0;1.0;0.0;1.0;14.0;B02
27804;201300018441;0;7;0;0.0;0.0;6.0;24.0;A01
27805;201300018442;0;30;0;8.0;0.0;1.0;0.0;A01
27806;201300018443;0;7;0;2.0;0.0;9.0;1.0;A01
27807;201300018445;0;7;0;0.0;2.0;2.0;1.0;A01
27808;201300018445;0;2;0;0.0;2.0;1.0;16.0;B02
27809;201300018446;0;7;0;0.0;0.0;8.0;1.0;A01
27810;201300018447;0;7;0;0.0;2.0;3.0;3.0;A01
27811;201300018447;0;7;0;0.0;2.0;2.0;1.0;B02
27812;201300018448;0;33;0;0.0;2.0;1.0;13.0;A01
27813;201300018448;0;7;0;0.0;2.0;3.0;1.0;B02
27814;201300018449;0;7;0;0.0;2.0;8.0;5.0;A01
27815;201300018449;0;33;0;0.0;2.0;8.0;1.0;B02
27816;201300018451;0;33;0;0.0;2.0;0.0;17.0;A01
27817;201300018451;0;7;0;0.0;2.0;8.0;15.0;B02
27818;201300018452;0;7;0;0.0;1.0;1.0;16.0;A01
27819;201300018453;0;7;0;0.0;2.0;3.0;1.0;B02
27820;201300018453;0;7;0;0.0;2.0;3.0;19.0;A01
27821;201300018454;0;7;0;1.0;0.0;2.0;1.0;A01
27822;201300018454;0;7;0;0.0;2.0;2.0;24.0;B02
27823;201300018455;2;7;0;0.0;2.0;1.0;13.0;A01
27824;201300018455;0;7;0;0.0;2.0;1.0;1.0;B02
27825;201300018456;0;17;0;0.0;2.0;8.0;1.0;C03
27826;201300018456;0;7;0;0.0;2.0;2.0;17.0;B02
27827;201300018456;0;7;0;0.0;2.0;2.0;1.0;A01
27828;201300018457;0;7;0;2.0;0.0;8.0;1.0;A01
27829;201300018460;0;7;0;8.0;0.0;8.0;13.0;A01
27830;201300018461;0;7;0;0.0;2.0;7.0;5.0;A01
27831;201300018461;0;7;0;0.0;2.0;1.0;1.0;B02
27832;201300018462;0;21;0;6.0;0.0;7.0;1.0;A01
27833;201300018463;0;10;0;0.0;1.0;7.0;1.0;A01
27834;201300018464;0;14;0;0.0;2.0;7.0;16.0;B02
27835;201300018464;0;2;0;0.0;2.0;1.0;18.0;A01
27836;201300018465;0;7;0;0.0;2.0;3.0;19.0;A01
27837;201300018465;0;7;0;0.0;2.0;1.0;0.0;B02
27838;201300018466;0;17;0;0.0;2.0;1.0;1.0;B02
27839;201300018466;0;31;0;0.0;2.0;7.0;21.0;A01
27840;201300018467;0;7;0;0.0;2.0;8.0;19.0;A01
27841;201300018467;0;7;0;0.0;2.0;1.0;1.0;B02
27842;201300018468;0;21;0;0.0;2.0;1.0;15.0;A01
27843;201300018468;0;31;0;0.0;2.0;8.0;1.0;B02
27844;201300018469;0;7;0;0.0;1.0;8.0;13.0;A01
27845;201300018470;0;10;0;0.0;0.0;0.0;17.0;A01
27846;201300018470;0;7;0;13.0;0.0;1.0;1.0;B02
27847;201300018471;0;7;0;13.0;0.0;9.0;14.0;A01
27848;201300018472;0;7;0;1.0;2.0;8.0;10.0;A01
27849;201300018472;0;7;0;0.0;2.0;1.0;1.0;B02
27850;201300018473;0;7;0;8.0;0.0;1.0;0.0;A01
27851;201300018474;0;10;0;0.0;0.0;1.0;1.0;A01
27852;201300018474;0;33;0;0.0;2.0;1.0;5.0;B02
27853;201300018475;0;33;0;0.0;2.0;6.0;19.0;B02
27854;201300018475;0;33;0;0.0;2.0;1.0;1.0;A01
27855;201300018476;0;7;0;12.0;0.0;2.0;1.0;A01
27856;201300018477;0;7;0;0.0;1.0;1.0;1.0;A01
27857;201300018478;0;37;0;0.0;1.0;3.0;1.0;A01
27858;201300018479;0;7;0;6.0;0.0;1.0;1.0;A01
27859;201300018480;0;21;0;0.0;1.0;2.0;1.0;A01
27860;201300018481;0;10;0;6.0;0.0;1.0;1.0;A01
27861;201300018482;0;7;0;0.0;2.0;2.0;1.0;B02
27862;201300018482;0;7;0;13.0;2.0;7.0;15.0;A01
27863;201300018483;0;7;0;2.0;0.0;3.0;1.0;A01
27864;201300018484;0;7;0;0.0;2.0;1.0;1.0;A01
27865;201300018484;0;30;0;0.0;2.0;1.0;13.0;B02
27866;201300018485;0;7;0;8.0;0.0;9.0;1.0;A01
27867;201300018486;0;7;0;2.0;0.0;9.0;1.0;A01
27868;201300018488;2;7;0;0.0;1.0;1.0;1.0;A01
27869;201300018489;0;7;0;0.0;2.0;1.0;13.0;A01
27870;201300018489;0;7;0;0.0;2.0;3.0;1.0;B02
27871;201300018489;0;7;0;0.0;2.0;1.0;1.0;C03
27872;201300018490;0;10;0;0.0;2.0;2.0;15.0;A01
27873;201300018490;0;7;0;0.0;2.0;1.0;1.0;B02
27874;201300018491;0;1;0;0.0;2.0;1.0;16.0;B02
27875;201300018491;0;7;0;0.0;2.0;3.0;17.0;A01
27876;201300018492;0;7;0;0.0;2.0;8.0;19.0;A01
27877;201300018492;0;7;0;0.0;2.0;1.0;1.0;B02
27878;201300018493;0;7;0;13.0;0.0;1.0;1.0;A01
27879;201300018494;0;7;0;13.0;0.0;1.0;1.0;A01
27880;201300018495;0;38;0;0.0;2.0;8.0;16.0;A01
27881;201300018495;0;33;0;0.0;2.0;1.0;1.0;B02
27882;201300018496;0;10;0;13.0;0.0;9.0;1.0;A01
27883;201300018497;0;7;0;0.0;2.0;3.0;1.0;B02
27884;201300018497;0;7;0;0.0;2.0;0.0;13.0;A01
27885;201300018498;0;17;0;0.0;2.0;8.0;1.0;A01
27886;201300018498;0;38;1;0.0;2.0;8.0;1.0;B02
27887;201300018498;0;7;0;0.0;2.0;8.0;1.0;C03
27888;201300018499;0;10;0;0.0;2.0;1.0;1.0;A01
27889;201300018499;0;7;0;0.0;2.0;4.0;16.0;B02
27890;201300018499;0;7;0;0.0;2.0;3.0;1.0;C03
27891;201300018500;1;33;0;0.0;2.0;1.0;5.0;A01
27892;201300018500;0;7;0;0.0;2.0;3.0;1.0;B02
27893;201300018501;0;7;0;0.0;2.0;3.0;2.0;A01
27894;201300018501;0;7;0;0.0;2.0;4.0;2.0;B02
27895;201300018502;0;10;0;13.0;0.0;2.0;1.0;A01
27896;201300018503;0;7;0;2.0;0.0;7.0;1.0;A01
27897;201300018504;0;7;0;2.0;0.0;8.0;14.0;A01
27898;201300018505;0;7;0;0.0;0.0;2.0;1.0;A01
27899;201300018507;0;36;0;0.0;0.0;0.0;1.0;A01
27900;201300018508;0;2;0;15.0;0.0;1.0;15.0;A01
27901;201300018509;0;7;0;2.0;0.0;1.0;0.0;A01
27902;201300018510;0;7;0;0.0;0.0;3.0;0.0;A01
27903;201300018510;0;33;0;0.0;0.0;1.0;13.0;B02
27904;201300018511;0;33;0;0.0;0.0;1.0;1.0;A01
27905;201300018512;0;7;0;0.0;1.0;3.0;1.0;A01
27906;201300018513;0;7;0;13.0;2.0;3.0;13.0;A01
27907;201300018513;0;7;0;13.0;2.0;1.0;1.0;B02
27908;201300018514;0;30;0;15.0;0.0;1.0;1.0;A01
27909;201300018515;0;7;0;2.0;0.0;8.0;1.0;A01
27910;201300018517;0;30;0;0.0;2.0;1.0;1.0;A01
27911;201300018517;0;7;0;0.0;2.0;2.0;1.0;B02
27912;201300018519;0;7;0;16.0;0.0;9.0;1.0;A01
27913;201300018521;0;7;0;0.0;2.0;1.0;13.0;A01
27914;201300018521;0;7;0;0.0;2.0;1.0;1.0;B02
27915;201300018522;0;7;0;0.0;2.0;2.0;1.0;A01
27916;201300018522;0;7;0;5.0;2.0;3.0;1.0;B02
27917;201300018523;0;7;0;13.0;0.0;1.0;1.0;A01
27918;201300018524;0;7;0;2.0;0.0;1.0;1.0;A01
27919;201300018525;0;7;0;0.0;1.0;1.0;1.0;A01
27920;201300018526;0;7;0;2.0;0.0;1.0;1.0;A01
27921;201300018527;0;7;0;0.0;2.0;8.0;17.0;A01
27922;201300018527;0;33;0;0.0;2.0;8.0;5.0;B02
27923;201300018528;0;7;0;0.0;2.0;1.0;15.0;A01
27924;201300018528;0;7;0;0.0;2.0;3.0;1.0;B02
27925;201300018529;0;7;0;2.0;2.0;2.0;17.0;A01
27926;201300018529;0;7;0;0.0;2.0;3.0;15.0;B02
27927;201300018530;0;7;0;8.0;0.0;8.0;1.0;A01
27928;201300018531;0;7;0;0.0;0.0;0.0;19.0;C03
27929;201300018531;0;7;0;11.0;2.0;1.0;1.0;A01
27930;201300018531;0;7;0;0.0;0.0;1.0;1.0;B02
27931;201300018532;0;7;0;0.0;1.0;3.0;15.0;A01
27932;201300018533;0;7;0;0.0;2.0;3.0;1.0;B02
27933;201300018533;0;7;0;0.0;2.0;3.0;16.0;A01
27934;201300018534;0;10;0;16.0;2.0;8.0;13.0;A01
27935;201300018534;0;7;0;0.0;2.0;8.0;1.0;B02
27936;201300018535;0;7;0;2.0;0.0;1.0;1.0;A01
27937;201300018536;0;7;0;0.0;2.0;7.0;17.0;A01
27938;201300018536;0;1;0;0.0;2.0;8.0;1.0;B02
27939;201300018537;0;7;0;0.0;2.0;7.0;19.0;B02
27940;201300018537;0;7;0;0.0;2.0;1.0;1.0;A01
27941;201300018538;0;7;0;0.0;0.0;1.0;19.0;B02
27942;201300018538;0;14;0;0.0;0.0;7.0;1.0;A01
27943;201300018539;0;33;0;15.0;0.0;9.0;1.0;A01
27944;201300018540;0;33;0;7.0;0.0;1.0;1.0;A01
27945;201300018541;0;7;0;0.0;2.0;1.0;1.0;A01
27946;201300018541;0;33;0;0.0;2.0;4.0;1.0;B02
27947;201300018541;0;7;0;0.0;2.0;3.0;15.0;C03
27948;201300018542;0;10;0;0.0;1.0;2.0;15.0;A01
27949;201300018543;0;10;0;0.0;2.0;7.0;2.0;A01
27950;201300018543;0;1;0;0.0;0.0;4.0;2.0;B02
27951;201300018544;0;7;0;0.0;2.0;3.0;13.0;A01
27952;201300018544;0;30;0;0.0;2.0;3.0;1.0;B02
27953;201300018545;0;10;0;13.0;0.0;2.0;1.0;A01
27954;201300018546;0;7;0;0.0;2.0;3.0;9.0;A01
27955;201300018546;0;1;0;0.0;2.0;1.0;1.0;B02
27956;201300018547;0;1;0;0.0;2.0;0.0;16.0;A01
27957;201300018547;0;10;0;0.0;0.0;5.0;1.0;B02
27958;201300018548;0;33;0;8.0;0.0;1.0;1.0;A01
27959;201300018549;0;7;0;0.0;2.0;7.0;0.0;A01
27960;201300018549;0;7;0;0.0;2.0;1.0;0.0;B02
27961;201300018550;0;31;0;0.0;2.0;1.0;1.0;A01
27962;201300018550;0;10;0;0.0;2.0;5.0;19.0;B02
27963;201300018551;0;7;0;1.0;0.0;1.0;1.0;A01
27964;201300018552;0;7;0;0.0;2.0;1.0;5.0;A01
27965;201300018552;0;10;0;0.0;2.0;1.0;1.0;B02
27966;201300018553;0;7;0;0.0;2.0;3.0;1.0;A01
27967;201300018553;0;7;0;0.0;2.0;1.0;15.0;B02
27968;201300018554;0;7;0;0.0;2.0;3.0;15.0;A01
27969;201300018554;0;30;0;0.0;2.0;1.0;1.0;B02
27970;201300018555;0;7;0;0.0;2.0;8.0;13.0;A01
27971;201300018555;0;7;0;0.0;2.0;1.0;1.0;B02
27972;201300018556;0;33;0;7.0;0.0;7.0;1.0;A01
27973;201300018557;0;7;0;0.0;9.0;7.0;15.0;A01
27974;201300018557;0;1;0;0.0;2.0;8.0;1.0;B02
27975;201300018559;0;7;0;1.0;0.0;7.0;14.0;A01
27976;201300018559;0;7;0;0.0;0.0;6.0;23.0;B02
27977;201300018560;0;30;0;0.0;0.0;1.0;1.0;A01
27978;201300018561;0;33;0;13.0;0.0;8.0;1.0;A01
27979;201300018562;0;7;0;0.0;2.0;1.0;15.0;A01
27980;201300018562;0;33;0;0.0;2.0;7.0;1.0;B02
27981;201300018563;0;7;0;0.0;2.0;1.0;1.0;A01
27982;201300018563;0;7;0;0.0;2.0;1.0;1.0;B02