;Num_Acc;senc;catv;occutc;obs;obsm;choc;manv;num_veh
28404;201300018833;0;30;0;0.0;2.0;1.0;1.0;A01
28405;201300018833;0;7;0;0.0;2.0;1.0;1.0;B02
28406;201300018834;0;7;0;0.0;2.0;1.0;1.0;C03
28407;201300018834;0;10;0;0.0;2.0;1.0;1.0;A01
28408;201300018834;0;7;0;0.0;2.0;4.0;15.0;B02
28409;201300018835;0;7;0;0.0;2.0;3.0;1.0;A01
28410;201300018835;0;10;0;0.0;2.0;6.0;1.0;B02
28411;201300018836;0;7;0;0.0;2.0;1.0;13.0;A01
28412;201300018836;0;10;0;0.0;2.0;1.0;1.0;B02
28413;201300018837;0;7;0;0.0;0.0;4.0;23.0;B02
28414;201300018837;0;7;0;0.0;2.0;1.0;2.0;A01
28415;201300018838;0;7;0;2.0;0.0;2.0;1.0;A01
28416;201300018839;0;7;0;13.0;0.0;9.0;1.0;A01
28417;201300018841;0;7;0;0.0;2.0;1.0;13.0;A01
28418;201300018841;0;7;0;0.0;2.0;1.0;1.0;B02
28419;201300018842;0;33;0;3.0;0.0;1.0;1.0;B02
28420;201300018842;0;33;0;3.0;0.0;1.0;1.0;A01
28421;201300018843;0;3;0;0.0;2.0;4.0;1.0;B02
28422;201300018843;0;7;0;0.0;2.0;2.0;13.0;A01
28423;201300018844;0;7;0;0.0;2.0;3.0;17.0;A01
28424;201300018844;0;7;0;0.0;2.0;3.0;1.0;B02
28425;201300018847;0;21;0;0.0;0.0;6.0;15.0;C03
28426;201300018847;0;7;0;0.0;2.0;1.0;0.0;B02
28427;201300018847;0;7;0;0.0;2.0;3.0;1.0;A01
28428;201300018848;0;10;0;13.0;0.0;2.0;1.0;A01
28429;201300018849;0;7;0;2.0;0.0;3.0;1.0;A01
28430;201300018851;0;7;0;6.0;0.0;2.0;1.0;A01
28431;201300018852;0;31;0;0.0;2.0;1.0;0.0;A01
28432;201300018852;0;7;0;0.0;2.0;2.0;11.0;B02
28433;201300018853;0;7;0;0.0;2.0;4.0;10.0;B02
28434;201300018853;0;15;0;0.0;2.0;2.0;1.0;A01
28435;201300018854;0;7;0;0.0;2.0;2.0;19.0;B02
28436;201300018854;0;7;0;0.0;2.0;8.0;23.0;C03
28437;201300018854;0;31;0;0.0;2.0;1.0;1.0;A01
28438;201300018855;0;33;0;16.0;0.0;0.0;1.0;A01
28439;201300018856;0;7;0;0.0;2.0;2.0;15.0;A01
28440;201300018856;0;2;0;0.0;2.0;7.0;1.0;B02
28441;201300018857;0;7;0;2.0;0.0;9.0;1.0;A01
28442;201300018858;0;7;0;0.0;2.0;1.0;1.0;B02
28443;201300018858;0;10;0;0.0;2.0;2.0;15.0;A01
28444;201300018859;0;7;0;13.0;0.0;1.0;13.0;A01
28445;201300018861;0;7;0;0.0;2.0;3.0;1.0;B02
28446;201300018861;0;2;0;0.0;2.0;1.0;13.0;A01
28447;201300018862;0;7;0;0.0;2.0;1.0;1.0;B02
28448;201300018862;0;7;0;0.0;2.0;1.0;13.0;A01
28449;201300018863;0;7;0;8.0;2.0;7.0;17.0;A01
28450;201300018863;0;10;0;0.0;2.0;8.0;15.0;B02
28451;201300018864;0;7;0;0.0;2.0;1.0;17.0;A01
28452;201300018864;0;7;0;0.0;2.0;6.0;15.0;B02
28453;201300018865;0;7;0;0.0;2.0;1.0;5.0;A01
28454;201300018865;0;7;0;0.0;2.0;1.0;1.0;B02
28455;201300018866;0;7;0;0.0;9.0;3.0;1.0;B02
28456;201300018866;0;1;0;0.0;2.0;8.0;13.0;A01
28457;201300018867;0;7;0;6.0;0.0;3.0;1.0;A01
28458;201300018868;0;33;0;8.0;0.0;2.0;1.0;A01
28459;201300018869;0;7;0;0.0;2.0;1.0;15.0;B02
28460;201300018869;0;30;0;0.0;2.0;1.0;1.0;A01
28461;201300018870;0;7;0;0.0;0.0;8.0;1.0;B02
28462;201300018870;0;1;0;0.0;2.0;8.0;1.0;A01
28463;201300018871;0;7;0;0.0;1.0;2.0;1.0;A01
28464;201300018872;0;7;0;0.0;0.0;9.0;1.0;A01
28465;201300018873;0;10;0;0.0;2.0;3.0;1.0;B02
28466;201300018873;0;7;0;13.0;2.0;3.0;5.0;A01
28467;201300018875;0;7;0;14.0;2.0;8.0;1.0;A01
28468;201300018875;0;7;0;0.0;2.0;1.0;1.0;B02
28469;201300018876;0;10;0;1.0;0.0;3.0;1.0;A01
28470;201300018876;0;17;0;0.0;2.0;5.0;0.0;B02
28471;201300018877;0;7;0;0.0;2.0;1.0;2.0;A01
28472;201300018877;0;17;0;0.0;0.0;4.0;1.0;B02
28473;201300018878;0;7;0;0.0;2.0;1.0;19.0;A01
28474;201300018878;0;2;0;0.0;2.0;7.0;1.0;B02
28475;201300018879;0;2;0;0.0;2.0;7.0;14.0;B02
28476;201300018879;0;2;0;1.0;2.0;1.0;1.0;A01
28477;201300018880;0;7;0;0.0;0.0;1.0;1.0;B02
28478;201300018880;0;7;0;0.0;2.0;1.0;5.0;A01
28479;201300018881;0;2;0;0.0;2.0;7.0;14.0;B02
28480;201300018881;0;7;0;0.0;9.0;7.0;13.0;A01
28481;201300018882;0;21;0;0.0;0.0;8.0;14.0;A01
28482;201300018883;0;7;0;0.0;2.0;7.0;1.0;B02
28483;201300018883;0;7;0;0.0;2.0;1.0;1.0;A01
28484;201300018885;0;2;0;0.0;2.0;1.0;1.0;B02
28485;201300018885;0;10;0;0.0;2.0;3.0;15.0;A01
28486;201300018886;0;10;0;0.0;2.0;1.0;1.0;C03
28487;201300018886;0;17;0;0.0;2.0;0.0;1.0;A01
28488;201300018887;0;17;0;0.0;0.0;1.0;14.0;A01
28489;201300018887;0;17;0;0.0;0.0;5.0;13.0;B02
28490;201300018887;0;17;0;0.0;2.0;3.0;13.0;C03
28491;201300018888;0;7;0;0.0;2.0;3.0;1.0;B02
28492;201300018888;0;7;0;0.0;2.0;3.0;13.0;A01
28493;201300018889;0;7;0;0.0;1.0;1.0;1.0;A01
28494;201300018890;0;32;0;0.0;0.0;0.0;0.0;A01
28495;201300018891;0;7;0;0.0;1.0;2.0;1.0;A01
28496;201300018892;0;7;0;15.0;0.0;2.0;1.0;A01
28497;201300018893;0;10;0;0.0;0.0;4.0;15.0;A01
28498;201300018893;0;14;0;0.0;0.0;1.0;1.0;B02
28499;201300018893;0;20;0;0.0;0.0;1.0;0.0;C03
28500;201300018894;0;7;0;4.0;0.0;3.0;17.0;A01
28501;201300018895;0;7;0;2.0;0.0;7.0;1.0;A01
28502;201300018896;0;7;0;0.0;2.0;1.0;13.0;B02
28503;201300018896;0;7;0;0.0;2.0;1.0;0.0;A01
28504;201300018897;0;7;0;0.0;2.0;8.0;15.0;A01
28505;201300018897;0;33;0;0.0;2.0;1.0;17.0;B02
28506;201300018898;0;7;0;2.0;0.0;8.0;13.0;A01
28507;201300018899;0;33;0;0.0;2.0;1.0;2.0;B02
28508;201300018899;0;7;0;0.0;2.0;4.0;15.0;A01
28509;201300018900;0;7;0;0.0;2.0;7.0;1.0;A01
28510;201300018900;0;7;0;0.0;2.0;1.0;19.0;B02
28511;201300018901;0;7;0;0.0;1.0;2.0;1.0;A01
28512;201300018902;0;7;0;0.0;2.0;1.0;13.0;A01
28513;201300018902;0;7;0;0.0;2.0;1.0;1.0;B02
28514;201300018902;0;7;0;0.0;2.0;1.0;1.0;C03
28515;201300018904;0;7;0;0.0;2.0;1.0;1.0;A01
28516;201300018904;0;7;0;0.0;2.0;1.0;1.0;B02
28517;201300018905;0;7;0;0.0;2.0;1.0;1.0;B02
28518;201300018905;0;7;0;0.0;2.0;1.0;1.0;A01
28519;201300018906;0;7;0;13.0;0.0;3.0;1.0;A01
28520;201300018907;0;7;0;6.0;0.0;2.0;14.0;A01
28521;201300018908;0;7;0;0.0;0.0;3.0;1.0;A01
28522;201300018908;0;7;0;0.0;0.0;3.0;1.0;B02
28523;201300018909;0;33;0;0.0;2.0;1.0;13.0;A01
28524;201300018909;0;7;0;0.0;2.0;3.0;1.0;B02
28525;201300018911;0;33;0;0.0;2.0;3.0;17.0;A01
28526;201300018911;0;7;0;0.0;0.0;3.0;1.0;B02
28527;201300018912;0;7;0;0.0;2.0;1.0;2.0;A01
28528;201300018912;0;7;0;0.0;0.0;4.0;2.0;C03
28529;201300018912;0;7;0;0.0;0.0;4.0;2.0;B02
28530;201300018913;0;1;0;0.0;2.0;4.0;1.0;A01
28531;201300018913;0;7;0;0.0;0.0;3.0;1.0;B02
28532;201300018914;0;7;0;2.0;0.0;1.0;14.0;A01
28533;201300018917;0;7;0;2.0;0.0;1.0;1.0;A01
28534;201300018918;0;10;0;16.0;0.0;0.0;1.0;A01
28535;201300018919;0;10;0;0.0;2.0;7.0;1.0;A01
28536;201300018919;0;2;0;0.0;2.0;1.0;13.0;B02
28537;201300018920;0;7;0;10.0;0.0;1.0;13.0;A01
28538;201300018921;0;7;0;2.0;0.0;2.0;13.0;A01
28539;201300018922;0;33;0;0.0;0.0;0.0;1.0;A01
28540;201300018922;0;7;0;0.0;9.0;1.0;1.0;B02
28541;201300018923;0;7;0;0.0;2.0;3.0;0.0;A01
28542;201300018923;0;7;0;0.0;2.0;3.0;1.0;C03
28543;201300018923;0;99;0;0.0;2.0;8.0;1.0;D04
28544;201300018923;0;7;0;0.0;2.0;8.0;0.0;B02
28545;201300018924;0;7;0;1.0;1.0;2.0;1.0;A01
28546;201300018925;0;14;0;0.0;0.0;5.0;17.0;A01
28547;201300018925;0;33;0;0.0;2.0;2.0;1.0;B02
28548;201300018926;0;7;0;0.0;2.0;1.0;2.0;B01
28549;201300018926;0;7;0;0.0;2.0;8.0;19.0;A02
28550;201300018927;0;7;0;0.0;2.0;1.0;13.0;A01
28551;201300018927;0;7;0;0.0;2.0;1.0;0.0;B02
28552;201300018928;0;7;0;0.0;2.0;3.0;13.0;A01
28553;201300018928;0;10;0;0.0;2.0;8.0;21.0;B02
28554;201300018929;0;7;0;0.0;2.0;1.0;1.0;A01
28555;201300018929;0;7;0;0.0;2.0;4.0;23.0;B02
28556;201300018929;0;17;0;0.0;0.0;0.0;23.0;C03
28557;201300018930;0;7;0;0.0;2.0;2.0;17.0;A01
28558;201300018930;0;7;0;0.0;2.0;2.0;2.0;B02
28559;201300018931;0;7;0;0.0;2.0;1.0;1.0;A01
28560;201300018931;0;7;0;0.0;2.0;7.0;19.0;B02
28561;201300018931;0;7;0;0.0;2.0;1.0;23.0;C03
28562;201300018932;0;7;0;0.0;2.0;3.0;15.0;A01
28563;201300018932;0;33;0;0.0;2.0;1.0;1.0;B02
28564;201300018933;0;7;0;0.0;9.0;7.0;1.0;A01
28565;201300018933;0;1;0;0.0;0.0;1.0;1.0;B02
28566;201300018934;0;7;0;0.0;2.0;1.0;1.0;B02
28567;201300018934;0;7;0;0.0;2.0;7.0;1.0;C03
28568;201300018934;0;7;0;0.0;2.0;2.0;16.0;A01
28569;201300018935;0;7;0;14.0;0.0;0.0;1.0;A01
28570;201300018936;0;7;0;0.0;2.0;3.0;13.0;A01
28571;201300018936;0;17;0;2.0;2.0;3.0;1.0;B02
28572;201300018937;0;21;0;0.0;2.0;6.0;15.0;B02
28573;201300018937;0;7;0;0.0;2.0;3.0;1.0;A01
28574;201300018938;0;30;0;0.0;2.0;1.0;1.0;B02
28575;201300018938;0;7;0;0.0;2.0;2.0;9.0;A01
28576;201300018939;0;10;0;0.0;2.0;6.0;15.0;A01
28577;201300018939;0;33;0;0.0;2.0;1.0;17.0;B02
28578;201300018940;0;7;0;9.0;1.0;3.0;1.0;A01
28579;201300018942;0;7;0;0.0;1.0;2.0;1.0;A01
28580;201300018943;0;1;0;0.0;2.0;1.0;9.0;A01
28581;201300018943;0;7;0;0.0;2.0;2.0;1.0;B02
28582;201300018944;0;10;0;0.0;1.0;1.0;1.0;A01
28583;201300018945;0;7;0;0.0;2.0;1.0;1.0;A01
28584;201300018945;0;10;0;0.0;2.0;4.0;1.0;B02
28585;201300018947;0;7;0;1.0;0.0;2.0;14.0;A01
28586;201300018948;0;7;0;0.0;2.0;7.0;17.0;A01
28587;201300018948;0;7;0;0.0;2.0;1.0;1.0;B02
28588;201300018949;0;7;0;0.0;6.0;1.0;13.0;A01
28589;201300018949;0;7;0;0.0;2.0;1.0;1.0;B02
28590;201300018950;0;7;0;6.0;0.0;1.0;1.0;A01
28591;201300018951;0;31;0;6.0;0.0;1.0;14.0;A01
28592;201300018952;0;7;0;0.0;1.0;3.0;16.0;A01
28593;201300018953;0;7;0;0.0;0.0;1.0;13.0;A01
28594;201300018953;0;7;0;0.0;0.0;1.0;1.0;B02
28595;201300018954;0;30;0;0.0;4.0;4.0;16.0;A01
28596;201300018954;0;39;0;0.0;2.0;3.0;1.0;B02
28597;201300018956;0;7;0;0.0;2.0;3.0;13.0;A01
28598;201300018956;0;7;0;0.0;2.0;3.0;1.0;B02
28599;201300018957;0;2;0;0.0;2.0;1.0;1.0;A01
28600;201300018957;0;7;0;0.0;2.0;3.0;15.0;B02
28601;201300018958;0;14;0;0.0;2.0;1.0;1.0;A01
28602;201300018958;0;7;0;0.0;2.0;4.0;1.0;B02
28603;201300018958;0;10;0;0.0;2.0;4.0;1.0;C03
28604;201300018959;0;7;0;0.0;2.0;1.0;13.0;A01
28605;201300018959;0;7;0;0.0;2.0;3.0;1.0;B02
28606;201300018960;0;7;0;0.0;1.0;3.0;1.0;A01
28607;201300018961;0;7;0;6.0;0.0;9.0;1.0;A01
28608;201300018962;0;30;0;12.0;0.0;9.0;1.0;A01
28609;201300018963;0;7;0;0.0;2.0;1.0;1.0;A01
28610;201300018963;0;7;0;0.0;2.0;3.0;15.0;B02
28611;201300018964;0;7;0;0.0;2.0;2.0;1.0;B02
28612;201300018964;0;7;0;0.0;2.0;5.0;13.0;A01
28613;201300018965;0;7;0;0.0;2.0;3.0;13.0;A01
28614;201300018965;0;7;0;0.0;2.0;3.0;1.0;B02
28615;201300018967;0;30;0;0.0;2.0;1.0;2.0;A01
28616;201300018968;0;7;0;0.0;0.0;0.0;15.0;A01
28617;201300018969;0;7;0;0.0;1.0;0.0;21.0;A01
28618;201300018969;0;10;0;0.0;0.0;0.0;4.0;B02
28619;201300018970;0;7;0;0.0;2.0;1.0;5.0;A01
28620;201300018970;0;14;0;0.0;2.0;1.0;1.0;B02
28621;201300018972;0;33;0;0.0;9.0;1.0;2.0;A01
28622;201300018972;0;1;0;0.0;0.0;8.0;10.0;B02
28623;201300018973;0;7;0;0.0;2.0;1.0;15.0;B02
28624;201300018973;0;30;0;0.0;2.0;1.0;1.0;A01
28625;201300018974;0;36;0;0.0;0.0;2.0;1.0;A01
28626;201300018974;0;33;0;0.0;0.0;1.0;1.0;B02
28627;201300018975;0;33;0;6.0;0.0;0.0;23.0;A01
28628;201300018976;0;33;0;0.0;2.0;3.0;13.0;A01
28629;201300018976;0;7;0;0.0;2.0;6.0;2.0;C03
28630;201300018976;0;7;0;0.0;2.0;3.0;1.0;B02
28631;201300018977;0;1;0;0.0;2.0;7.0;19.0;B02
28632;201300018977;0;7;0;0.0;2.0;1.0;1.0;A01
28633;201300018980;0;7;0;0.0;2.0;2.0;13.0;A01
28634;201300018980;0;7;0;0.0;2.0;2.0;1.0;B02
28635;201300018981;0;7;0;0.0;2.0;1.0;1.0;B02
28636;201300018981;0;7;0;0.0;2.0;7.0;0.0;A01
28637;201300018982;0;10;0;0.0;0.0;6.0;10.0;A01
28638;201300018982;0;33;0;0.0;2.0;1.0;1.0;B02
28639;201300018984;0;7;0;2.0;0.0;3.0;1.0;A01
28640;201300018985;0;33;0;0.0;0.0;8.0;1.0;A01
28641;201300018986;0;7;0;0.0;9.0;2.0;1.0;A01
28642;201300018986;0;1;0;0.0;2.0;1.0;19.0;B02
28643;201300018987;0;30;0;0.0;2.0;1.0;13.0;A01
28644;201300018987;0;10;0;0.0;2.0;1.0;1.0;B02
28645;201300018988;0;7;0;0.0;0.0;2.0;15.0;A01
28646;201300018988;0;7;0;12.0;0.0;1.0;1.0;B02
28647;201300018989;0;7;0;0.0;2.0;3.0;1.0;A01
28648;201300018989;0;17;0;0.0;2.0;3.0;1.0;B02
28649;201300018990;0;7;0;0.0;1.0;3.0;19.0;A01
28650;201300018991;0;30;0;0.0;2.0;1.0;1.0;B02
28651;201300018991;0;7;0;0.0;2.0;1.0;1.0;A01
28652;201300018992;0;7;0;13.0;0.0;1.0;0.0;A01
28653;201300018993;0;1;0;0.0;2.0;9.0;1.0;B02
28654;201300018993;0;15;0;0.0;2.0;7.0;1.0;A01
28655;201300018994;0;7;0;0.0;2.0;8.0;1.0;B02
28656;201300018994;0;7;0;0.0;2.0;3.0;1.0;A01
28657;201300018995;0;7;0;0.0;2.0;3.0;1.0;B02
28658;201300018995;0;7;0;0.0;2.0;3.0;13.0;A01
28659;201300018996;0;7;0;0.0;2.0;2.0;1.0;A01
28660;201300018996;0;7;0;0.0;2.0;7.0;19.0;B02
28661;201300018997;0;14;0;0.0;9.0;2.0;2.0;A01
28662;201300018997;0;1;0;0.0;2.0;4.0;2.0;B02
28663;201300018998;0;7;0;0.0;1.0;2.0;1.0;A01
28664;201300018999;0;7;0;0.0;2.0;2.0;15.0;A01
28665;201300018999;0;7;0;0.0;2.0;3.0;1.0;B02
28666;201300019000;0;2;0;0.0;2.0;0.0;1.0;A01
28667;201300019001;0;30;0;9.0;0.0;1.0;1.0;A01
28668;201300019004;0;7;0;0.0;2.0;3.0;13.0;A01
28669;201300019004;0;7;0;0.0;2.0;3.0;1.0;B02
28670;201300019005;0;1;0;0.0;5.0;7.0;1.0;A01
28671;201300019006;0;30;0;0.0;2.0;1.0;13.0;A01
28672;201300019006;0;7;0;0.0;2.0;3.0;1.0;B02
28673;201300019007;0;15;0;0.0;2.0;2.0;15.0;A01
28674;201300019007;0;1;0;0.0;2.0;1.0;1.0;B02
28675;201300019008;0;7;0;0.0;2.0;3.0;13.0;A01
28676;201300019008;0;7;0;0.0;2.0;3.0;1.0;B02
28677;201300019009;0;15;0;0.0;2.0;3.0;1.0;B02
28678;201300019009;0;10;0;0.0;2.0;3.0;13.0;A01
28679;201300019010;0;7;0;0.0;2.0;3.0;1.0;C03
28680;201300019010;0;7;0;4.0;0.0;2.0;15.0;A01
28681;201300019010;0;7;0;0.0;2.0;1.0;1.0;B02
28682;201300019011;0;7;0;3.0;0.0;1.0;11.0;A01
28683;201300019012;0;2;0;4.0;0.0;0.0;14.0;A01
28684;201300019013;0;7;0;0.0;1.0;1.0;1.0;A01
28685;201300019014;0;7;0;0.0;2.0;1.0;1.0;B02
28686;201300019014;0;7;0;0.0;2.0;1.0;17.0;A01
28687;201300019015;0;7;0;0.0;1.0;8.0;1.0;A01
28688;201300019016;0;7;0;13.0;0.0;1.0;17.0;A01
28689;201300019017;0;10;0;0.0;1.0;2.0;1.0;A01
28690;201300019018;0;7;0;0.0;2.0;3.0;9.0;A01
28691;201300019018;0;1;0;0.0;2.0;1.0;1.0;B02
28692;201300019019;0;1;0;0.0;2.0;1.0;1.0;B02
28693;201300019019;0;7;0;0.0;2.0;3.0;9.0;A01
28694;201300019020;0;7;0;0.0;1.0;2.0;2.0;A01
28695;201300019021;0;7;0;6.0;0.0;9.0;13.0;A01
28696;201300019022;0;10;0;0.0;2.0;5.0;17.0;A01
28697;201300019022;0;33;0;0.0;2.0;8.0;1.0;B02
28698;201300019023;0;7;0;0.0;2.0;1.0;1.0;A01
28699;201300019023;0;7;0;0.0;2.0;3.0;1.0;B02
28700;201300019023;0;7;0;0.0;2.0;1.0;1.0;C03
28701;201300019023;0;7;0;0.0;2.0;3.0;1.0;D04
28702;201300019024;0;7;0;0.0;1.0;1.0;1.0;A01
28703;201300019025;0;7;0;0.0;2.0;3.0;16.0;B02
28704;201300019025;0;99;0;0.0;2.0;7.0;19.0;A01
28705;201300019026;0;7;0;6.0;0.0;2.0;1.0;A01
28706;201300019027;0;7;0;13.0;0.0;1.0;17.0;A01
28707;201300019028;0;7;0;16.0;0.0;0.0;13.0;A01
28708;201300019029;0;7;0;0.0;2.0;3.0;1.0;B02
28709;201300019029;0;7;0;3.0;2.0;2.0;1.0;A01
28710;201300019030;0;7;0;0.0;0.0;7.0;0.0;A01
28711;201300019031;0;7;0;0.0;1.0;1.0;1.0;A01
28712;201300019032;0;7;0;0.0;2.0;3.0;17.0;A01
28713;201300019032;0;7;0;0.0;2.0;3.0;1.0;B02
28714;201300019033;0;7;0;0.0;0.0;3.0;19.0;A01
28715;201300019033;0;7;0;0.0;2.0;1.0;1.0;B02
28716;201300019034;0;14;0;13.0;0.0;1.0;1.0;A01
28717;201300019035;0;7;0;8.0;0.0;2.0;0.0;A01
28718;201300019036;0;30;0;0.0;2.0;1.0;1.0;A01
28719;201300019036;0;7;0;0.0;2.0;2.0;1.0;B02
28720;201300019037;0;7;0;2.0;0.0;1.0;0.0;A01
28721;201300019038;0;10;0;2.0;0.0;1.0;1.0;A01
28722;201300019039;0;7;0;0.0;2.0;2.0;1.0;A01
28723;201300019039;0;7;0;0.0;2.0;8.0;15.0;B02
28724;201300019040;0;31;0;13.0;0.0;1.0;16.0;A01
28725;201300019041;0;7;0;0.0;2.0;1.0;1.0;A01
28726;201300019041;0;1;0;0.0;2.0;3.0;15.0;B02
28727;201300019042;0;7;0;0.0;2.0;3.0;16.0;A01
28728;201300019042;0;1;0;0.0;2.0;1.0;1.0;B02
28729;201300019043;0;7;0;2.0;0.0;1.0;1.0;A01
28730;201300019044;0;7;0;1.0;0.0;1.0;1.0;A01
28731;201300019045;0;7;0;13.0;0.0;1.0;13.0;A01
28732;201300019047;0;7;0;0.0;1.0;1.0;1.0;A01
28733;201300019048;0;7;0;6.0;2.0;8.0;15.0;A01
28734;201300019048;0;7;0;0.0;2.0;1.0;1.0;B02
28735;201300019049;0;7;0;0.0;2.0;1.0;13.0;A01
28736;201300019049;0;10;0;0.0;2.0;1.0;1.0;B02
28737;201300019050;0;33;0;0.0;2.0;3.0;1.0;B02
28738;201300019050;0;7;0;0.0;2.0;3.0;1.0;A01
28739;201300019051;0;7;0;0.0;2.0;3.0;1.0;B02
28740;201300019051;0;7;0;0.0;2.0;3.0;13.0;A01
28741;201300019051;0;7;0;0.0;2.0;1.0;1.0;C03
28742;201300019052;0;10;0;6.0;0.0;1.0;1.0;A01
28743;201300019053;0;30;0;0.0;2.0;1.0;1.0;A01
28744;201300019053;0;7;0;0.0;2.0;5.0;15.0;B02
28745;201300019054;0;7;0;0.0;2.0;3.0;19.0;A01
28746;201300019054;0;7;0;0.0;2.0;3.0;1.0;B02
28747;201300019055;0;33;0;0.0;2.0;1.0;13.0;A01
28748;201300019055;0;7;0;0.0;2.0;1.0;1.0;B02
28749;201300019056;0;7;0;0.0;2.0;4.0;1.0;C03
28750;201300019056;0;33;0;0.0;2.0;4.0;1.0;B02
28751;201300019056;0;7;0;0.0;2.0;1.0;1.0;A01
28752;201300019057;0;7;0;0.0;2.0;2.0;15.0;A01
28753;201300019057;0;31;0;0.0;2.0;1.0;1.0;B02
28754;201300019058;0;7;0;0.0;2.0;3.0;13.0;A01
28755;201300019058;0;7;0;0.0;2.0;3.0;1.0;B02
28756;201300019059;0;7;0;0.0;2.0;7.0;15.0;A01
28757;201300019059;0;7;0;0.0;2.0;1.0;1.0;B02
28758;201300019060;0;7;0;0.0;2.0;3.0;1.0;B02
28759;201300019060;0;7;0;0.0;2.0;3.0;1.0;A01
28760;201300019061;0;7;0;13.0;0.0;9.0;1.0;A01
28761;201300019062;0;10;0;0.0;2.0;1.0;1.0;A01
28762;201300019062;0;7;0;0.0;2.0;4.0;23.0;B02
28763;201300019062;0;7;0;0.0;2.0;4.0;23.0;C03
28764;201300019062;0;7;0;0.0;2.0;4.0;23.0;D04
28765;201300019063;0;7;0;6.0;0.0;2.0;1.0;A01
28766;201300019064;0;10;0;0.0;2.0;2.0;1.0;B02
28767;201300019064;0;10;0;0.0;2.0;4.0;1.0;C03
28768;201300019064;0;7;0;0.0;2.0;2.0;13.0;A01
28769;201300019064;0;7;0;0.0;2.0;1.0;1.0;D04
28770;201300019065;0;7;0;0.0;2.0;3.0;1.0;A01
28771;201300019065;0;7;0;0.0;2.0;5.0;1.0;B02
28772;201300019067;0;33;0;4.0;9.0;1.0;17.0;A01
28773;201300019068;0;7;0;1.0;1.0;3.0;17.0;A01
28774;201300019069;0;7;0;0.0;1.0;1.0;1.0;A01
28775;201300019070;0;33;0;0.0;2.0;4.0;1.0;A01
28776;201300019070;0;7;0;0.0;2.0;1.0;9.0;B02
28777;201300019071;0;7;0;3.0;0.0;2.0;14.0;A01
28778;201300019072;0;31;0;0.0;2.0;1.0;1.0;B02
28779;201300019072;0;7;0;0.0;0.0;7.0;15.0;A01
28780;201300019073;0;36;0;2.0;0.0;1.0;1.0;A01
28781;201300019074;0;7;0;0.0;2.0;1.0;1.0;B02
28782;201300019074;0;7;0;0.0;2.0;3.0;15.0;A01
28783;201300019076;0;7;0;0.0;2.0;2.0;15.0;A01
28784;201300019076;0;7;0;0.0;2.0;1.0;1.0;B02
28785;201300019076;0;7;0;0.0;2.0;1.0;23.0;C03
28786;201300019077;0;7;0;0.0;2.0;1.0;1.0;B02
28787;201300019077;0;7;0;0.0;2.0;1.0;13.0;A01
28788;201300019078;0;1;0;0.0;2.0;4.0;1.0;B02
28789;201300019078;0;10;0;0.0;2.0;2.0;1.0;A01
28790;201300019079;0;7;0;6.0;0.0;1.0;19.0;A01
28791;201300019080;0;10;0;0.0;2.0;3.0;15.0;A01
28792;201300019080;0;33;0;0.0;2.0;1.0;1.0;B02
28793;201300019081;0;7;0;0.0;2.0;3.0;21.0;B02
28794;201300019082;0;2;0;0.0;2.0;1.0;1.0;B02
28795;201300019082;0;17;0;0.0;2.0;3.0;1.0;A01
28796;201300019083;0;7;0;0.0;2.0;7.0;24.0;B02
28797;201300019083;0;7;0;3.0;2.0;1.0;2.0;A01
28798;201300019083;0;7;0;0.0;2.0;1.0;21.0;C03
28799;201300019084;0;31;0;0.0;2.0;1.0;1.0;B02
28800;201300019084;0;7;0;0.0;2.0;2.0;15.0;A01
28801;201300019085;0;7;0;0.0;2.0;6.0;2.0;B02
28802;201300019085;0;33;0;0.0;2.0;1.0;2.0;A01
28803;201300019086;0;7;0;2.0;0.0;9.0;1.0;A01
28804;201300019087;0;7;0;0.0;1.0;4.0;4.0;A01
28805;201300019088;1;7;0;0.0;1.0;2.0;1.0;A01
28806;201300019089;0;14;0;2.0;0.0;3.0;14.0;A01
28807;201300019091;0;7;0;0.0;1.0;1.0;1.0;A01
28808;201300019092;0;7;0;0.0;2.0;7.0;15.0;A01
28809;201300019092;0;30;0;0.0;2.0;1.0;1.0;B02
28810;201300019093;0;7;0;13.0;0.0;9.0;1.0;A01
28811;201300019094;0;10;0;2.0;0.0;1.0;0.0;A01
28812;201300019095;0;10;0;0.0;2.0;4.0;15.0;B02
28813;201300019095;0;33;0;0.0;2.0;1.0;1.0;A01
28814;201300019096;0;7;0;0.0;2.0;3.0;9.0;A01
28815;201300019096;0;2;0;0.0;2.0;2.0;1.0;B02
28816;201300019099;0;7;0;6.0;0.0;3.0;1.0;A01
28817;201300019100;0;7;0;0.0;1.0;2.0;1.0;A01
28818;201300019101;0;7;0;13.0;0.0;3.0;13.0;A01
28819;201300019102;0;7;0;0.0;2.0;2.0;13.0;A01
28820;201300019102;0;15;0;0.0;2.0;1.0;1.0;B02
28821;201300019104;0;7;0;0.0;2.0;1.0;1.0;B02
28822;201300019104;0;7;0;0.0;2.0;3.0;19.0;A01
28823;201300019105;0;10;0;0.0;2.0;2.0;15.0;A01