;Num_Acc;senc;catv;occutc;obs;obsm;choc;manv;num_veh
29244;201300019385;0;7;0;0.0;2.0;1.0;2.0;A01
29245;201300019387;0;7;0;0.0;1.0;1.0;1.0;A01
29246;201300019388;0;10;0;0.0;2.0;6.0;1.0;A01
29247;201300019388;0;10;0;0.0;2.0;3.0;1.0;B01
29248;201300019389;0;7;0;0.0;2.0;3.0;0.0;B01
29249;201300019389;0;7;0;0.0;2.0;3.0;1.0;C01
29250;201300019389;0;7;0;0.0;2.0;2.0;1.0;A01
29251;201300019391;0;7;0;0.0;2.0;3.0;9.0;A01
29252;201300019391;0;1;0;1.0;2.0;7.0;1.0;B01
29253;201300019393;0;33;0;0.0;2.0;1.0;2.0;A01
29254;201300019393;0;7;0;0.0;2.0;4.0;1.0;B01
29255;201300019394;0;7;0;0.0;2.0;1.0;9.0;A01
29256;201300019394;0;1;0;0.0;2.0;7.0;1.0;B01
29257;201300019395;0;7;0;0.0;2.0;1.0;1.0;B01
29258;201300019395;0;7;0;0.0;2.0;1.0;1.0;A01
29259;201300019396;0;7;0;0.0;2.0;1.0;2.0;A01
29260;201300019396;0;7;0;0.0;2.0;4.0;1.0;B01
29261;201300019397;0;33;0;0.0;2.0;1.0;2.0;A01
29262;201300019397;0;7;0;0.0;2.0;4.0;1.0;B01
29263;201300019398;0;7;0;0.0;2.0;2.0;15.0;B01
29264;201300019398;0;1;0;0.0;2.0;1.0;1.0;A01
29265;201300019399;0;7;0;0.0;2.0;6.0;15.0;A01
29266;201300019399;0;7;0;0.0;2.0;3.0;1.0;B01
29267;201300019400;0;1;0;0.0;2.0;1.0;1.0;B01
29268;201300019400;0;7;0;0.0;2.0;1.0;1.0;A01
29269;201300019401;0;7;0;0.0;1.0;1.0;1.0;A01
29270;201300019403;0;7;0;0.0;2.0;1.0;2.0;C01
29271;201300019403;0;7;0;0.0;2.0;4.0;1.0;B01
29272;201300019403;0;7;0;0.0;2.0;1.0;2.0;A01
29273;201300019403;0;7;0;0.0;2.0;4.0;2.0;E01
29274;201300019403;0;7;0;0.0;2.0;4.0;1.0;D01
29275;201300019404;0;7;0;8.0;0.0;3.0;0.0;A01
29276;201300019405;0;7;0;0.0;2.0;1.0;1.0;B01
29277;201300019405;0;7;0;0.0;2.0;2.0;1.0;A01
29278;201300019407;0;7;0;0.0;2.0;4.0;2.0;B01
29279;201300019407;0;7;0;0.0;2.0;1.0;2.0;A01
29280;201300019409;0;1;0;0.0;0.0;7.0;0.0;B01
29281;201300019409;0;7;0;0.0;0.0;0.0;0.0;A01
29282;201300019410;1;7;0;0.0;0.0;0.0;17.0;Z01
29283;201300019410;0;1;0;0.0;2.0;8.0;2.0;B01
29284;201300019411;0;7;0;0.0;2.0;4.0;23.0;B01
29285;201300019411;0;7;0;0.0;2.0;1.0;2.0;A01
29286;201300019411;0;10;0;0.0;2.0;4.0;23.0;C01
29287;201300019412;0;7;0;0.0;2.0;2.0;9.0;B01
29288;201300019412;0;2;0;0.0;2.0;8.0;1.0;A01
29289;201300019413;0;7;0;0.0;2.0;7.0;15.0;A01
29290;201300019413;0;32;0;0.0;2.0;1.0;1.0;B01
29291;201300019414;0;30;0;0.0;2.0;1.0;2.0;A01
29292;201300019414;0;7;0;0.0;2.0;4.0;1.0;B01
29293;201300019415;0;7;0;6.0;0.0;1.0;0.0;A01
29294;201300019416;0;7;0;0.0;1.0;3.0;1.0;A01
29295;201300019417;0;1;0;0.0;2.0;8.0;0.0;B01
29296;201300019417;0;7;0;0.0;2.0;2.0;16.0;A01
29297;201300019418;0;1;0;0.0;2.0;8.0;1.0;B01
29298;201300019418;0;7;0;0.0;2.0;1.0;9.0;A01
29299;201300019419;0;7;0;0.0;1.0;1.0;1.0;A01
29300;201300019420;0;2;0;0.0;2.0;8.0;1.0;A01
29301;201300019420;0;7;0;0.0;2.0;1.0;1.0;B01
29302;201300019421;0;33;0;2.0;0.0;1.0;0.0;A01
29303;201300019422;0;7;0;0.0;1.0;4.0;4.0;A01
29304;201300019424;0;1;0;0.0;0.0;0.0;0.0;B01
29305;201300019424;0;7;0;0.0;0.0;0.0;0.0;A01
29306;201300019425;0;7;0;0.0;2.0;2.0;15.0;A01
29307;201300019425;0;30;0;0.0;2.0;1.0;1.0;B01
29308;201300019426;0;7;0;3.0;0.0;1.0;13.0;A01
29309;201300019428;0;2;0;0.0;2.0;1.0;1.0;B01
29310;201300019428;0;7;0;0.0;2.0;3.0;15.0;A01
29311;201300019429;0;7;0;0.0;2.0;0.0;15.0;A01
29312;201300019429;0;7;0;0.0;2.0;0.0;2.0;B01
29313;201300019430;0;7;0;0.0;1.0;1.0;1.0;A01
29314;201300019431;0;7;0;0.0;0.0;0.0;0.0;A01
29315;201300019431;0;7;0;0.0;0.0;2.0;0.0;B01
29316;201300019434;0;30;0;0.0;2.0;1.0;9.0;A01
29317;201300019434;0;7;0;0.0;2.0;2.0;1.0;B01
29318;201300019435;0;7;0;0.0;1.0;0.0;0.0;A01
29319;201300019436;0;2;0;0.0;0.0;0.0;1.0;A01
29320;201300019437;0;7;0;0.0;2.0;1.0;0.0;B01
29321;201300019437;0;7;0;0.0;2.0;2.0;0.0;A01
29322;201300019438;0;32;0;0.0;2.0;4.0;9.0;B01
29323;201300019438;0;7;0;0.0;2.0;1.0;9.0;A01
29324;201300019439;0;30;0;0.0;0.0;0.0;0.0;A01
29325;201300019439;0;7;0;0.0;0.0;0.0;0.0;B01
29326;201300019440;0;7;0;6.0;0.0;1.0;1.0;A01
29327;201300019443;0;7;0;0.0;2.0;1.0;1.0;A01
29328;201300019443;0;30;0;0.0;2.0;4.0;1.0;B01
29329;201300019444;0;30;0;0.0;0.0;0.0;0.0;B01
29330;201300019444;0;7;0;0.0;0.0;0.0;0.0;A01
29331;201300019445;0;30;0;0.0;2.0;1.0;1.0;A01
29332;201300019445;0;7;0;0.0;2.0;4.0;9.0;B01
29333;201300019446;0;7;0;0.0;1.0;1.0;1.0;A01
29334;201300019447;0;7;0;15.0;0.0;1.0;1.0;A01
29335;201300019448;0;7;0;0.0;2.0;1.0;19.0;A01
29336;201300019448;0;7;0;0.0;2.0;3.0;1.0;B01
29337;201300019449;0;7;0;0.0;0.0;0.0;0.0;A01
29338;201300019449;0;7;0;0.0;0.0;0.0;0.0;B01
29339;201300019450;0;7;0;0.0;1.0;1.0;1.0;A01
29340;201300019451;0;7;0;0.0;2.0;4.0;1.0;B01
29341;201300019451;0;7;0;0.0;2.0;1.0;1.0;A01
29342;201300019452;0;30;0;0.0;2.0;4.0;1.0;A01
29343;201300019452;0;10;0;0.0;2.0;1.0;1.0;B01
29344;201300019453;0;37;1;0.0;0.0;0.0;0.0;A01
29345;201300019453;0;30;0;0.0;0.0;0.0;0.0;B01
29346;201300019454;0;30;0;0.0;0.0;1.0;0.0;A01
29347;201300019455;0;30;0;16.0;0.0;0.0;1.0;A01
29348;201300019456;0;7;0;0.0;1.0;2.0;16.0;A01
29349;201300019457;0;7;0;0.0;0.0;0.0;0.0;A01
29350;201300019457;0;32;0;0.0;0.0;0.0;0.0;B01
29351;201300019458;0;7;0;0.0;2.0;7.0;14.0;A01
29352;201300019458;0;7;0;0.0;2.0;8.0;1.0;B01
29353;201300019459;0;32;0;0.0;2.0;3.0;0.0;B01
29354;201300019459;0;7;0;0.0;0.0;1.0;0.0;A01
29355;201300019460;0;7;0;0.0;2.0;1.0;0.0;A01
29356;201300019460;0;33;0;0.0;2.0;0.0;0.0;B01
29357;201300019461;0;7;0;13.0;0.0;0.0;9.0;A01
29358;201300019462;0;7;0;3.0;0.0;2.0;14.0;A01
29359;201300019463;0;7;0;14.0;0.0;1.0;0.0;A01
29360;201300019465;0;2;0;0.0;1.0;1.0;13.0;A01
29361;201300019466;0;7;0;0.0;0.0;0.0;0.0;A01
29362;201300019466;0;7;0;0.0;0.0;0.0;0.0;B01
29363;201300019468;0;7;0;0.0;2.0;3.0;24.0;C01
29364;201300019468;0;7;0;0.0;2.0;1.0;1.0;B01
29365;201300019468;0;7;0;0.0;2.0;2.0;1.0;A01
29366;201300019469;0;7;0;0.0;0.0;0.0;0.0;B01
29367;201300019469;0;7;0;0.0;0.0;0.0;0.0;A01
29368;201300019470;0;1;0;0.0;2.0;1.0;1.0;B01
29369;201300019470;0;7;0;0.0;2.0;2.0;16.0;A01
29370;201300019471;0;7;0;0.0;0.0;0.0;0.0;A01
29371;201300019471;0;1;0;0.0;0.0;0.0;0.0;B01
29372;201300019472;0;33;0;1.0;0.0;1.0;13.0;A01
29373;201300019473;0;7;0;0.0;2.0;8.0;13.0;A01
29374;201300019473;0;31;0;0.0;2.0;7.0;17.0;B01
29375;201300019474;0;7;0;0.0;0.0;0.0;0.0;A01
29376;201300019475;0;13;0;0.0;2.0;0.0;0.0;B01
29377;201300019475;0;33;0;0.0;0.0;0.0;0.0;A01
29378;201300019476;0;7;0;0.0;1.0;1.0;1.0;A01
29379;201300019477;0;1;0;0.0;0.0;3.0;0.0;A01
29380;201300019477;0;7;0;0.0;0.0;0.0;0.0;B01
29381;201300019480;0;7;0;0.0;2.0;0.0;0.0;A01
29382;201300019480;0;30;0;0.0;2.0;0.0;0.0;B01
29383;201300019481;0;7;0;0.0;2.0;4.0;1.0;B01
29384;201300019481;0;7;0;0.0;2.0;1.0;1.0;A01
29385;201300019482;0;7;0;4.0;0.0;3.0;1.0;A01
29386;201300019483;0;33;0;0.0;5.0;0.0;0.0;A01
29387;201300019484;0;1;0;0.0;2.0;3.0;1.0;B01
29388;201300019484;0;7;0;0.0;2.0;2.0;12.0;A01
29389;201300019485;1;99;0;0.0;1.0;1.0;1.0;A01
29390;201300019486;1;30;0;0.0;1.0;0.0;0.0;A01
29391;201300019487;0;7;0;2.0;0.0;1.0;0.0;A01
29392;201300019489;0;7;0;0.0;2.0;1.0;0.0;A01
29393;201300019489;0;33;0;0.0;2.0;1.0;0.0;B01
29394;201300019490;0;1;0;0.0;2.0;2.0;1.0;B01
29395;201300019490;0;7;0;0.0;2.0;1.0;16.0;A01
29396;201300019491;0;7;0;0.0;1.0;1.0;1.0;A01
29397;201300019492;0;30;0;0.0;2.0;0.0;0.0;A01
29398;201300019492;0;7;0;0.0;2.0;0.0;0.0;B01
29399;201300019493;0;30;0;0.0;0.0;0.0;0.0;B01
29400;201300019493;0;7;0;0.0;0.0;0.0;0.0;A01
29401;201300019494;0;7;0;0.0;1.0;1.0;1.0;A01
29402;201300019495;0;7;0;0.0;1.0;1.0;1.0;A01
29403;201300019496;0;2;0;0.0;0.0;0.0;1.0;A01
29404;201300019497;1;99;0;0.0;2.0;0.0;0.0;B01
29405;201300019497;0;1;0;0.0;2.0;0.0;1.0;A01
29406;201300019498;0;33;0;0.0;0.0;8.0;1.0;A01
29407;201300019499;0;7;0;0.0;9.0;0.0;12.0;A01
29408;201300019499;0;1;0;0.0;2.0;0.0;0.0;B01
29409;201300019500;0;7;0;0.0;0.0;9.0;0.0;A01
29410;201300019501;0;7;0;0.0;2.0;4.0;1.0;B01
29411;201300019501;0;30;0;0.0;2.0;1.0;1.0;A01
29412;201300019502;0;2;0;0.0;2.0;2.0;0.0;B01
29413;201300019502;0;7;0;0.0;2.0;0.0;9.0;A01
29414;201300019503;1;7;0;0.0;2.0;2.0;1.0;A01
29415;201300019503;0;2;0;0.0;2.0;3.0;1.0;B01
29416;201300019504;0;1;0;0.0;0.0;0.0;1.0;B01
29417;201300019504;0;7;0;0.0;2.0;0.0;1.0;A01
29418;201300019505;0;7;0;0.0;2.0;0.0;9.0;A01
29419;201300019505;0;1;0;0.0;2.0;0.0;9.0;B01
29420;201300019506;0;7;0;0.0;1.0;0.0;0.0;A01
29421;201300019507;0;1;0;0.0;0.0;1.0;1.0;B01
29422;201300019507;0;7;0;0.0;0.0;3.0;1.0;A01
29423;201300019508;0;7;0;0.0;2.0;4.0;1.0;A01
29424;201300019508;1;99;0;0.0;0.0;0.0;0.0;B01
29425;201300019509;0;37;1;0.0;0.0;8.0;15.0;A01
29426;201300019509;0;2;0;0.0;2.0;2.0;1.0;B01
29427;201300019510;1;99;0;0.0;0.0;0.0;0.0;A01
29428;201300019510;0;1;0;0.0;2.0;0.0;21.0;B01
29429;201300019511;0;2;0;0.0;0.0;0.0;0.0;B01
29430;201300019511;0;7;0;0.0;0.0;3.0;0.0;A01
29431;201300019512;0;7;0;13.0;0.0;7.0;14.0;A01
29432;201300019513;0;7;0;0.0;2.0;4.0;1.0;A01
29433;201300019513;0;7;0;0.0;2.0;1.0;1.0;B01
29434;201300019514;0;7;0;0.0;2.0;1.0;1.0;B01
29435;201300019514;0;7;0;0.0;0.0;0.0;10.0;A01
29436;201300019515;0;7;0;0.0;1.0;0.0;0.0;A01
29437;201300019516;0;30;0;0.0;2.0;2.0;0.0;B01
29438;201300019516;0;7;0;0.0;0.0;2.0;9.0;A01
29439;201300019517;0;33;0;12.0;0.0;1.0;1.0;A01
29440;201300019518;2;7;0;1.0;0.0;0.0;2.0;A01
29441;201300019519;0;7;0;0.0;2.0;1.0;1.0;B01
29442;201300019519;0;7;0;0.0;2.0;1.0;1.0;A01
29443;201300019520;1;7;0;0.0;1.0;1.0;0.0;A01
29444;201300019521;1;7;0;0.0;2.0;0.0;15.0;Z01
29445;201300019521;0;30;0;0.0;2.0;8.0;1.0;A01
29446;201300019522;0;30;0;0.0;0.0;0.0;0.0;A01
29447;201300019522;0;7;0;0.0;0.0;0.0;0.0;B01
29448;201300019523;0;2;0;0.0;1.0;1.0;17.0;A01
29449;201300019524;0;7;0;0.0;2.0;2.0;16.0;A01
29450;201300019524;0;2;0;0.0;2.0;2.0;18.0;B01
29451;201300019525;0;7;0;1.0;0.0;1.0;1.0;A01
29452;201300019527;0;7;0;0.0;1.0;0.0;0.0;A01
29453;201300019528;0;7;0;0.0;2.0;2.0;1.0;A01
29454;201300019528;0;30;0;0.0;2.0;3.0;1.0;B01
29455;201300019530;0;7;0;0.0;1.0;2.0;0.0;A01
29456;201300019531;0;7;0;0.0;2.0;2.0;1.0;B01
29457;201300019531;0;7;0;0.0;2.0;2.0;1.0;A01
29458;201300019532;0;7;0;0.0;2.0;1.0;0.0;A01
29459;201300019532;0;7;0;0.0;2.0;3.0;0.0;B01
29460;201300019533;0;2;0;0.0;2.0;1.0;9.0;A01
29461;201300019533;0;7;0;0.0;2.0;7.0;0.0;B01
29462;201300019534;0;31;0;0.0;2.0;1.0;1.0;B01
29463;201300019534;0;7;0;0.0;2.0;6.0;15.0;A01
29464;201300019536;0;33;0;0.0;2.0;1.0;2.0;A01
29465;201300019536;0;7;0;0.0;0.0;4.0;0.0;B01
29466;201300019537;0;7;0;3.0;0.0;0.0;0.0;A01
29467;201300019538;0;7;0;0.0;2.0;4.0;0.0;B01
29468;201300019538;0;7;0;0.0;0.0;1.0;0.0;A01
29469;201300019539;0;7;0;0.0;1.0;1.0;0.0;A01
29470;201300019540;0;7;0;0.0;0.0;7.0;10.0;A01
29471;201300019540;0;33;0;0.0;2.0;1.0;0.0;B01
29472;201300019542;0;7;0;8.0;0.0;1.0;0.0;A01
29473;201300019543;0;7;0;0.0;0.0;0.0;0.0;A01
29474;201300019544;0;1;0;0.0;2.0;1.0;2.0;A01
29475;201300019544;0;7;0;0.0;0.0;4.0;0.0;B01
29476;201300019545;0;7;0;0.0;0.0;4.0;0.0;C01
29477;201300019545;0;7;0;0.0;0.0;4.0;0.0;B01
29478;201300019545;0;7;0;1.0;0.0;1.0;1.0;A01
29479;201300019546;0;7;0;0.0;2.0;1.0;0.0;A01
29480;201300019546;0;7;0;0.0;2.0;3.0;0.0;B01
29481;201300019547;0;1;0;0.0;2.0;8.0;1.0;B01
29482;201300019547;0;7;0;0.0;2.0;1.0;15.0;A01
29483;201300019548;0;7;0;0.0;1.0;3.0;1.0;A01
29484;201300019549;0;7;0;0.0;0.0;8.0;15.0;B01
29485;201300019549;0;32;0;0.0;0.0;1.0;0.0;A01
29486;201300019551;0;7;0;0.0;0.0;1.0;0.0;A01
29487;201300019552;0;20;0;0.0;0.0;4.0;0.0;B01
29488;201300019552;0;7;0;0.0;2.0;1.0;0.0;A01
29489;201300019553;0;30;0;0.0;0.0;1.0;0.0;B01
29490;201300019553;0;7;0;0.0;0.0;8.0;0.0;A01
29491;201300019554;1;7;0;0.0;1.0;1.0;0.0;Z01
29492;201300019555;0;7;0;1.0;0.0;1.0;1.0;A01
29493;201300019556;1;7;0;0.0;0.0;6.0;15.0;Z01
29494;201300019556;0;32;0;0.0;2.0;1.0;1.0;B01
29495;201300019557;0;7;0;0.0;0.0;5.0;15.0;B01
29496;201300019557;0;32;0;0.0;2.0;1.0;1.0;A01
29497;201300019558;0;7;0;0.0;0.0;1.0;0.0;A01
29498;201300019559;0;7;0;0.0;1.0;3.0;0.0;A01
29499;201300019560;0;33;0;0.0;0.0;0.0;0.0;A01
29500;201300019561;0;7;0;0.0;2.0;1.0;0.0;B01
29501;201300019561;0;7;0;0.0;2.0;2.0;0.0;A01
29502;201300019563;0;7;0;0.0;2.0;2.0;10.0;A01
29503;201300019563;0;33;0;0.0;2.0;2.0;2.0;B01
29504;201300019564;0;7;0;0.0;1.0;1.0;0.0;A01
29505;201300019565;0;7;0;0.0;2.0;0.0;0.0;B01
29506;201300019565;0;7;0;0.0;2.0;1.0;0.0;A01
29507;201300019566;0;7;0;1.0;2.0;1.0;0.0;A01
29508;201300019566;0;7;0;0.0;2.0;4.0;0.0;B01
29509;201300019567;0;30;0;0.0;2.0;7.0;0.0;B01
29510;201300019568;0;7;0;0.0;2.0;0.0;0.0;B01
29511;201300019568;0;7;0;0.0;2.0;1.0;2.0;A01
29512;201300019568;0;7;0;0.0;2.0;4.0;2.0;C01
29513;201300019569;0;7;0;16.0;0.0;1.0;0.0;A01
29514;201300019570;0;30;0;5.0;0.0;0.0;0.0;A01
29515;201300019571;0;32;0;0.0;2.0;4.0;2.0;B01
29516;201300019571;0;7;0;0.0;9.0;1.0;2.0;A01
29517;201300019572;0;7;0;2.0;0.0;9.0;0.0;A01
29518;201300019574;0;7;0;0.0;2.0;1.0;0.0;B01
29519;201300019574;1;7;0;0.0;0.0;4.0;0.0;Z01
29520;201300019575;0;7;0;0.0;0.0;4.0;0.0;A01
29521;201300019575;0;7;0;0.0;2.0;1.0;0.0;D01
29522;201300019575;0;7;0;0.0;2.0;1.0;0.0;C01
29523;201300019575;0;7;0;0.0;2.0;1.0;0.0;B01
29524;201300019576;0;7;0;1.0;2.0;1.0;2.0;A01
29525;201300019576;0;7;0;0.0;0.0;0.0;0.0;C01
29526;201300019576;0;7;0;0.0;0.0;0.0;0.0;B01
29527;201300019577;0;7;0;0.0;1.0;4.0;20.0;A01
29528;201300019578;1;7;0;0.0;0.0;0.0;0.0;Z01
29529;201300019578;0;1;0;0.0;2.0;8.0;0.0;A01
29530;201300019579;0;3;0;0.0;1.0;0.0;0.0;A01
29531;201300019581;1;10;0;0.0;1.0;0.0;0.0;Z01
29532;201300019582;0;7;0;15.0;0.0;9.0;0.0;A01
29533;201300019583;0;7;0;0.0;2.0;0.0;0.0;B01
29534;201300019583;0;33;0;0.0;2.0;0.0;0.0;A01
29535;201300019584;0;7;0;0.0;1.0;1.0;0.0;A01
29536;201300019585;0;7;0;0.0;2.0;3.0;0.0;C01
29537;201300019585;0;7;0;0.0;0.0;6.0;2.0;B01
29538;201300019585;0;33;0;0.0;2.0;8.0;17.0;A01
29539;201300019586;0;7;0;0.0;1.0;1.0;1.0;A01
29540;201300019587;0;7;0;2.0;0.0;1.0;0.0;A01
29541;201300019588;0;7;0;0.0;2.0;1.0;2.0;B01
29542;201300019588;0;7;0;0.0;1.0;3.0;0.0;A01
29543;201300019590;0;30;0;0.0;2.0;1.0;0.0;A01
29544;201300019590;0;7;0;0.0;0.0;0.0;0.0;B01
29545;201300019591;0;2;0;12.0;0.0;0.0;1.0;A01
29546;201300019592;0;30;0;0.0;2.0;7.0;17.0;A01
29547;201300019592;0;7;0;0.0;2.0;8.0;0.0;B01
29548;201300019593;0;7;0;0.0;0.0;8.0;15.0;B01
29549;201300019593;0;33;0;0.0;2.0;4.0;17.0;A01
29550;201300019594;0;7;0;0.0;0.0;0.0;0.0;A01
29551;201300019595;0;32;0;0.0;1.0;1.0;0.0;A01
29552;201300019596;0;7;0;0.0;2.0;1.0;2.0;A01
29553;201300019596;0;7;0;0.0;2.0;6.0;0.0;B01
29554;201300019597;0;30;0;0.0;2.0;0.0;5.0;A01
29555;201300019597;1;7;0;0.0;2.0;1.0;5.0;Z01
29556;201300019598;0;7;0;0.0;1.0;1.0;0.0;A01
29557;201300019600;0;7;0;0.0;1.0;1.0;1.0;A01
29558;201300019600;0;7;0;0.0;2.0;1.0;0.0;B01
29559;201300019600;0;7;0;0.0;2.0;1.0;0.0;C01
29560;201300019601;0;33;0;0.0;1.0;1.0;0.0;A01
29561;201300019602;0;7;0;0.0;1.0;1.0;0.0;A01
29562;201300019604;0;7;0;0.0;2.0;0.0;0.0;B01
29563;201300019604;0;7;0;0.0;0.0;3.0;0.0;A01
29564;201300019605;0;33;0;0.0;2.0;7.0;0.0;B01
29565;201300019605;0;7;0;0.0;0.0;1.0;15.0;A01
29566;201300019606;0;7;0;0.0;2.0;1.0;1.0;A01
29567;201300019606;0;7;0;0.0;0.0;4.0;1.0;B01
29568;201300019607;0;1;0;0.0;2.0;1.0;1.0;A01
29569;201300019607;0;7;0;0.0;0.0;4.0;1.0;B01
29570;201300019608;0;7;0;0.0;1.0;0.0;1.0;A01
29571;201300019610;0;33;0;0.0;2.0;1.0;1.0;B01
29572;201300019610;0;7;0;0.0;2.0;0.0;15.0;A01
29573;201300019611;0;2;0;0.0;2.0;0.0;0.0;B01
29574;201300019611;0;7;0;0.0;2.0;0.0;0.0;A01
29575;201300019612;0;2;0;0.0;2.0;0.0;0.0;A01
29576;201300019612;0;7;0;0.0;2.0;0.0;0.0;B01
29577;201300019613;0;7;0;0.0;1.0;1.0;1.0;A01
29578;201300019614;0;7;0;0.0;2.0;8.0;0.0;B01
29579;201300019614;0;7;0;0.0;2.0;1.0;1.0;A01
29580;201300019616;0;7;0;0.0;0.0;8.0;1.0;B01
29581;201300019616;0;30;0;0.0;2.0;1.0;0.0;A01
29582;201300019617;0;30;0;0.0;2.0;1.0;2.0;A01
29583;201300019617;0;13;0;0.0;0.0;4.0;2.0;B01
29584;201300019618;0;7;0;0.0;2.0;4.0;2.0;B01
29585;201300019618;0;7;0;0.0;2.0;1.0;2.0;A01
29586;201300019619;0;33;0;0.0;0.0;1.0;1.0;A01
29587;201300019619;0;13;0;0.0;0.0;4.0;15.0;B01
29588;201300019620;0;7;0;0.0;0.0;0.0;0.0;A01
29589;201300019620;0;7;0;0.0;0.0;0.0;0.0;B01
29590;201300019621;0;7;0;0.0;0.0;0.0;0.0;A01
29591;201300019621;0;1;0;1.0;0.0;0.0;0.0;B01
29592;201300019622;0;7;0;0.0;0.0;2.0;0.0;A01
29593;201300019622;0;7;0;0.0;0.0;6.0;0.0;B01
29594;201300019623;0;7;0;0.0;0.0;3.0;13.0;A01
29595;201300019623;0;7;0;0.0;0.0;8.0;1.0;B02
29596;201300019623;0;7;0;0.0;0.0;3.0;1.0;C03
29597;201300019624;0;7;0;0.0;2.0;3.0;1.0;A01
29598;201300019624;0;20;0;0.0;2.0;3.0;1.0;B02
29599;201300019625;0;7;0;4.0;0.0;1.0;1.0;A01
29600;201300019626;0;7;0;4.0;0.0;3.0;1.0;A01
29601;201300019627;0;7;0;4.0;0.0;3.0;2.0;A01
29602;201300019628;0;33;0;0.0;2.0;1.0;13.0;A01
29603;201300019628;0;15;0;0.0;2.0;3.0;1.0;B02
29604;201300019629;0;17;0;0.0;2.0;6.0;1.0;B02
29605;201300019629;0;7;0;0.0;2.0;3.0;1.0;A01
29606;201300019630;0;7;0;0.0;2.0;4.0;1.0;B02
29607;201300019630;0;7;0;0.0;2.0;1.0;1.0;A01
29608;201300019631;0;7;0;3.0;0.0;1.0;1.0;A01
29609;201300019632;0;10;0;0.0;2.0;1.0;12.0;A01
29610;201300019632;0;17;0;0.0;2.0;4.0;1.0;B02
29611;201300019633;0;7;0;0.0;0.0;9.0;1.0;A01
29612;201300019634;0;7;0;0.0;2.0;3.0;9.0;B01
29613;201300019634;0;30;0;0.0;2.0;8.0;2.0;A01
29614;201300019635;0;7;0;0.0;1.0;2.0;1.0;A01
29615;201300019636;0;7;0;0.0;2.0;1.0;1.0;A01
29616;201300019636;0;7;0;0.0;2.0;4.0;1.0;B01
29617;201300019637;0;7;0;0.0;2.0;4.0;1.0;B01
29618;201300019637;0;7;0;0.0;2.0;1.0;1.0;A01
29619;201300019638;0;7;0;0.0;0.0;1.0;1.0;A01
29620;201300019639;0;2;0;0.0;2.0;1.0;1.0;A01
29621;201300019639;0;7;0;0.0;0.0;8.0;15.0;B01
29622;201300019640;0;2;0;0.0;1.0;1.0;1.0;A01
29623;201300019641;0;7;0;0.0;2.0;8.0;20.0;A01
29624;201300019641;0;33;0;0.0;2.0;8.0;17.0;B01
29625;201300019642;0;30;0;0.0;2.0;2.0;1.0;B01
29626;201300019642;0;7;0;0.0;2.0;3.0;9.0;A01
29627;201300019643;0;7;0;0.0;2.0;4.0;2.0;B01
29628;201300019643;0;30;0;0.0;2.0;1.0;2.0;A01
29629;201300019644;0;7;0;9.0;0.0;1.0;1.0;A01
29630;201300019645;0;7;0;0.0;2.0;8.0;1.0;B01
29631;201300019645;0;2;0;0.0;2.0;1.0;9.0;A01
29632;201300019646;0;7;0;0.0;1.0;1.0;1.0;A01
29633;201300019647;0;7;0;0.0;1.0;1.0;1.0;A01
29634;201300019648;0;7;0;0.0;1.0;1.0;1.0;A01
29635;201300019649;0;2;0;6.0;0.0;1.0;1.0;A01
29636;201300019650;0;2;0;0.0;2.0;1.0;17.0;A01
29637;201300019650;0;7;0;1.0;2.0;3.0;15.0;B01
29638;201300019651;0;7;0;3.0;0.0;1.0;1.0;A01
29639;201300019652;0;1;0;0.0;0.0;4.0;1.0;B01
29640;201300019652;0;7;0;0.0;9.0;1.0;1.0;A01
29641;201300019653;0;7;0;0.0;1.0;1.0;1.0;A01
29642;201300019654;0;7;0;2.0;0.0;1.0;1.0;A01
29643;201300019655;0;7;0;0.0;1.0;1.0;1.0;A01
29644;201300019657;0;15;0;0.0;2.0;1.0;2.0;A01
29645;201300019657;0;7;0;0.0;0.0;4.0;2.0;B01
29646;201300019658;0;2;0;0.0;2.0;1.0;1.0;B01
29647;201300019658;0;7;0;1.0;2.0;7.0;20.0;A01
29648;201300019659;0;7;0;0.0;2.0;4.0;23.0;B01
29649;201300019659;0;7;0;0.0;2.0;4.0;23.0;C01
29650;201300019659;0;7;0;0.0;0.0;4.0;23.0;D01
29651;201300019659;0;7;0;0.0;2.0;1.0;1.0;A01
29652;201300019660;0;7;0;0.0;1.0;1.0;0.0;A01
29653;201300019661;0;7;0;3.0;0.0;1.0;0.0;A01
29654;201300019662;0;30;0;0.0;2.0;1.0;1.0;A01
29655;201300019662;0;7;0;0.0;0.0;4.0;23.0;B01
29656;201300019663;0;7;0;0.0;0.0;9.0;14.0;A01
29657;201300019664;1;7;0;0.0;2.0;3.0;15.0;A01
29658;201300019664;0;2;0;0.0;2.0;1.0;17.0;B01
29659;201300019665;0;7;0;0.0;0.0;0.0;0.0;B01
29660;201300019665;0;2;0;0.0;0.0;0.0;0.0;A01
29661;201300019666;0;7;0;0.0;0.0;0.0;0.0;A01
29662;201300019666;0;30;0;0.0;0.0;0.0;0.0;B01
29663;201300019667;0;30;0;0.0;2.0;0.0;0.0;B01
29664;201300019667;0;7;0;0.0;2.0;0.0;0.0;A01
29665;201300019668;0;7;0;0.0;0.0;0.0;0.0;A01
29666;201300019669;0;7;0;0.0;0.0;0.0;0.0;A01