;Num_Acc;senc;catv;occutc;obs;obsm;choc;manv;num_veh
30931;201300020481;0;7;0;0.0;1.0;2.0;1.0;A01
30932;201300020482;0;7;0;0.0;9.0;3.0;2.0;A01
30933;201300020482;0;1;0;0.0;2.0;4.0;1.0;B01
30934;201300020483;0;7;0;0.0;1.0;3.0;1.0;A01
30935;201300020484;0;2;0;0.0;2.0;1.0;13.0;A01
30936;201300020484;0;7;0;0.0;2.0;3.0;1.0;B01
30937;201300020485;0;7;0;13.0;0.0;1.0;1.0;A01
30938;201300020487;0;2;0;0.0;0.0;8.0;1.0;A01
30939;201300020488;0;33;0;0.0;0.0;8.0;6.0;A01
30940;201300020489;0;7;0;0.0;1.0;6.0;4.0;A01
30941;201300020492;0;7;0;0.0;2.0;3.0;2.0;A01
30942;201300020492;0;2;0;0.0;2.0;4.0;23.0;B01
30943;201300020493;0;7;0;0.0;2.0;4.0;1.0;A01
30944;201300020493;0;2;0;0.0;2.0;1.0;2.0;B01
30945;201300020493;0;7;0;0.0;2.0;1.0;2.0;C01
30946;201300020495;0;7;0;0.0;1.0;5.0;4.0;A01
30947;201300020496;0;7;0;0.0;2.0;1.0;2.0;A01
30948;201300020496;0;7;0;0.0;0.0;4.0;1.0;B01
30949;201300020497;0;30;0;0.0;2.0;8.0;13.0;A01
30950;201300020497;0;7;0;0.0;2.0;8.0;1.0;B01
30951;201300020498;0;7;0;0.0;0.0;0.0;1.0;A01
30952;201300020498;0;33;0;12.0;0.0;7.0;1.0;B01
30953;201300020499;0;7;0;0.0;1.0;2.0;9.0;A01
30954;201300020501;0;1;0;0.0;2.0;5.0;1.0;B01
30955;201300020501;0;7;0;0.0;2.0;3.0;9.0;A01
30956;201300020502;0;30;0;0.0;2.0;1.0;2.0;A01
30957;201300020502;0;7;0;0.0;2.0;6.0;23.0;B01
30958;201300020503;0;2;0;0.0;2.0;3.0;2.0;A01
30959;201300020503;0;7;0;0.0;2.0;4.0;1.0;B01
30960;201300020504;0;7;0;0.0;2.0;2.0;2.0;A01
30961;201300020504;0;1;0;0.0;2.0;4.0;1.0;B01
30962;201300020505;0;10;0;0.0;2.0;1.0;2.0;A01
30963;201300020505;0;7;0;0.0;2.0;4.0;23.0;B01
30964;201300020505;0;7;0;0.0;2.0;4.0;23.0;C01
30965;201300020506;0;2;0;0.0;2.0;1.0;9.0;A01
30966;201300020506;0;7;0;0.0;2.0;1.0;1.0;B01
30967;201300020507;0;7;0;10.0;0.0;2.0;14.0;A01
30968;201300020508;0;7;0;0.0;1.0;2.0;1.0;A01
30969;201300020509;0;7;0;0.0;2.0;1.0;1.0;B01
30970;201300020509;0;7;0;0.0;2.0;6.0;15.0;A01
30971;201300020510;0;30;0;0.0;0.0;7.0;1.0;A01
30972;201300020511;0;1;0;0.0;2.0;7.0;12.0;B01
30973;201300020511;0;7;0;0.0;2.0;3.0;1.0;A01
30974;201300020512;0;10;0;0.0;2.0;2.0;2.0;A01
30975;201300020512;0;7;0;0.0;0.0;6.0;23.0;B01
30976;201300020513;0;7;0;3.0;0.0;1.0;1.0;A01
30977;201300020513;0;7;0;0.0;2.0;1.0;1.0;B01
30978;201300020514;0;7;0;16.0;0.0;9.0;13.0;A01
30979;201300020515;0;7;0;13.0;0.0;9.0;1.0;A01
30980;201300020516;0;7;0;0.0;2.0;1.0;2.0;B01
30981;201300020516;0;7;0;0.0;2.0;5.0;19.0;A01
30982;201300020517;0;7;0;0.0;0.0;2.0;1.0;A01
30983;201300020518;0;2;0;13.0;0.0;2.0;1.0;A01
30984;201300020519;0;7;0;0.0;2.0;1.0;13.0;A01
30985;201300020519;0;7;0;0.0;2.0;8.0;1.0;B01
30986;201300020519;0;7;0;0.0;2.0;3.0;1.0;C01
30987;201300020521;0;7;0;0.0;2.0;2.0;9.0;A01
30988;201300020521;0;1;0;0.0;2.0;1.0;1.0;B01
30989;201300020522;0;7;0;0.0;1.0;4.0;4.0;A01
30990;201300020523;0;7;0;0.0;2.0;2.0;1.0;A01
30991;201300020523;0;2;0;0.0;2.0;8.0;13.0;B01
30992;201300020524;0;30;0;0.0;2.0;7.0;1.0;B01
30993;201300020524;0;7;0;0.0;2.0;3.0;15.0;A01
30994;201300020525;0;7;0;11.0;0.0;1.0;1.0;A01
30995;201300020526;0;7;0;0.0;1.0;2.0;1.0;A01
30996;201300020527;0;7;0;0.0;2.0;7.0;15.0;A01
30997;201300020527;0;30;0;0.0;2.0;1.0;1.0;B01
30998;201300020528;0;7;0;4.0;0.0;1.0;11.0;A01
30999;201300020529;0;7;0;0.0;2.0;3.0;13.0;A01
31000;201300020529;0;7;0;0.0;2.0;3.0;1.0;B01
31001;201300020530;0;7;0;0.0;2.0;1.0;15.0;A01
31002;201300020530;0;7;0;0.0;2.0;3.0;1.0;B01
31003;201300020531;0;7;0;6.0;0.0;1.0;1.0;A01
31004;201300020532;0;10;0;13.0;0.0;1.0;13.0;A01
31005;201300020533;0;30;0;16.0;0.0;3.0;9.0;A01
31006;201300020534;0;7;0;0.0;2.0;2.0;15.0;A01
31007;201300020534;0;30;0;0.0;2.0;1.0;1.0;B01
31008;201300020535;0;30;0;0.0;2.0;1.0;2.0;A01
31009;201300020535;0;10;0;0.0;2.0;4.0;23.0;B01
31010;201300020536;0;7;0;13.0;0.0;1.0;1.0;A01
31011;201300020537;0;10;0;10.0;0.0;1.0;1.0;A01
31012;201300020538;0;7;0;0.0;1.0;4.0;4.0;A01
31013;201300020539;0;7;0;0.0;2.0;5.0;15.0;A01
31014;201300020539;0;1;0;0.0;2.0;1.0;1.0;B01
31015;201300020540;0;7;0;0.0;2.0;1.0;2.0;A01
31016;201300020540;0;7;0;0.0;2.0;4.0;23.0;B01
31017;201300020540;0;7;0;0.0;2.0;4.0;15.0;C01
31018;201300020541;0;7;0;0.0;2.0;1.0;2.0;A01
31019;201300020541;0;7;0;0.0;2.0;4.0;23.0;B01
31020;201300020541;0;7;0;0.0;2.0;4.0;23.0;C01
31021;201300020542;0;1;0;0.0;2.0;7.0;1.0;B01
31022;201300020542;0;7;0;0.0;2.0;3.0;9.0;A01
31023;201300020543;0;7;0;0.0;2.0;1.0;2.0;A01
31024;201300020543;0;7;0;0.0;2.0;4.0;23.0;B01
31025;201300020544;0;30;0;0.0;2.0;1.0;1.0;B01
31026;201300020544;0;7;0;0.0;2.0;3.0;9.0;A01
31027;201300020545;0;7;0;14.0;2.0;1.0;2.0;A01
31028;201300020545;0;7;0;0.0;2.0;4.0;23.0;B01
31029;201300020546;0;7;0;0.0;2.0;3.0;9.0;A01
31030;201300020546;0;7;0;0.0;2.0;5.0;1.0;B01
31031;201300020547;0;7;0;0.0;2.0;2.0;1.0;B01
31032;201300020547;0;7;0;0.0;2.0;1.0;19.0;A01
31033;201300020548;0;7;0;0.0;2.0;2.0;13.0;A01
31034;201300020548;0;2;0;13.0;2.0;7.0;1.0;B01
31035;201300020549;0;7;0;6.0;0.0;1.0;14.0;A01
31036;201300020551;0;2;0;0.0;2.0;1.0;17.0;A01
31037;201300020551;0;7;0;0.0;2.0;8.0;15.0;B01
31038;201300020552;0;7;0;0.0;2.0;8.0;13.0;A01
31039;201300020552;0;33;0;0.0;2.0;7.0;1.0;B01
31040;201300020553;0;3;0;9.0;0.0;1.0;14.0;A01
31041;201300020554;0;7;0;0.0;2.0;1.0;2.0;A01
31042;201300020554;0;7;0;0.0;1.0;4.0;1.0;B01
31043;201300020555;0;7;0;0.0;2.0;1.0;2.0;A01
31044;201300020555;0;7;0;0.0;2.0;9.0;2.0;B01
31045;201300020555;0;7;0;0.0;2.0;4.0;23.0;C01
31046;201300020556;0;7;0;13.0;0.0;1.0;14.0;A01
31047;201300020557;0;7;0;0.0;2.0;1.0;2.0;A01
31048;201300020557;0;7;0;0.0;2.0;4.0;23.0;B01
31049;201300020558;0;30;0;0.0;0.0;0.0;1.0;A01
31050;201300020559;0;7;0;13.0;0.0;1.0;14.0;A01
31051;201300020560;0;7;0;0.0;2.0;1.0;5.0;A01
31052;201300020560;0;31;0;0.0;2.0;1.0;1.0;B01
31053;201300020561;0;30;0;16.0;0.0;7.0;1.0;A01
31054;201300020562;0;2;0;13.0;0.0;0.0;1.0;A01
31055;201300020563;0;17;0;0.0;2.0;3.0;2.0;A01
31056;201300020563;0;7;0;0.0;2.0;4.0;23.0;B01
31057;201300020563;0;7;0;0.0;2.0;8.0;1.0;C01
31058;201300020564;0;7;0;11.0;0.0;1.0;13.0;A01
31059;201300020565;0;7;0;15.0;0.0;2.0;14.0;A01
31060;201300020567;0;7;0;0.0;1.0;1.0;1.0;A01
31061;201300020569;0;2;0;0.0;2.0;7.0;1.0;B01
31062;201300020569;0;7;0;0.0;2.0;3.0;19.0;A01
31063;201300020570;0;33;0;0.0;0.0;8.0;1.0;A01
31064;201300020571;0;2;0;0.0;0.0;3.0;1.0;A01
31065;201300020572;0;7;0;0.0;2.0;7.0;1.0;B01
31066;201300020572;0;7;0;0.0;2.0;1.0;9.0;A01
31067;201300020573;0;7;0;9.0;0.0;1.0;13.0;A01
31068;201300020574;0;7;0;0.0;2.0;3.0;9.0;A01
31069;201300020574;0;30;0;0.0;2.0;1.0;9.0;B01
31070;201300020575;0;2;0;0.0;2.0;1.0;19.0;A01
31071;201300020575;0;7;0;0.0;2.0;2.0;1.0;B01
31072;201300020576;0;20;0;0.0;2.0;6.0;1.0;B01
31073;201300020576;0;10;0;0.0;2.0;2.0;1.0;A01
31074;201300020577;0;7;0;0.0;9.0;2.0;1.0;A01
31075;201300020577;0;99;0;0.0;2.0;6.0;1.0;B02
31076;201300020579;0;7;0;0.0;1.0;8.0;1.0;A01
31077;201300020581;0;2;0;0.0;2.0;1.0;9.0;A01
31078;201300020581;0;7;0;0.0;2.0;5.0;1.0;B01
31079;201300020582;0;7;0;9.0;0.0;1.0;14.0;A01
31080;201300020583;0;2;0;0.0;0.0;0.0;1.0;A01
31081;201300020584;0;7;0;0.0;2.0;8.0;9.0;A01
31082;201300020584;0;2;0;0.0;2.0;7.0;1.0;B01
31083;201300020585;0;2;0;0.0;2.0;1.0;2.0;A01
31084;201300020585;0;7;0;0.0;2.0;4.0;23.0;B01
31085;201300020586;0;7;0;0.0;2.0;5.0;15.0;A01
31086;201300020586;0;33;0;0.0;2.0;1.0;1.0;B01
31087;201300020587;0;7;0;0.0;1.0;2.0;17.0;A01
31088;201300020588;0;2;0;0.0;2.0;6.0;23.0;B01
31089;201300020588;0;15;0;0.0;2.0;1.0;19.0;A01
31090;201300020589;0;10;0;0.0;2.0;1.0;2.0;A01
31091;201300020589;0;7;0;0.0;2.0;4.0;23.0;B01
31092;201300020590;0;7;0;0.0;1.0;1.0;9.0;A01
31093;201300020591;0;33;0;0.0;2.0;8.0;17.0;A01
31094;201300020591;0;7;0;0.0;2.0;8.0;15.0;B01
31095;201300020592;0;7;0;0.0;2.0;3.0;15.0;A01
31096;201300020592;0;33;0;0.0;2.0;3.0;1.0;B01
31097;201300020593;0;35;0;0.0;0.0;9.0;15.0;A01
31098;201300020594;0;33;0;0.0;2.0;1.0;15.0;A01
31099;201300020594;0;7;0;0.0;2.0;1.0;1.0;B01
31100;201300020595;0;7;0;0.0;2.0;1.0;9.0;A01
31101;201300020595;0;1;0;0.0;2.0;2.0;1.0;B01
31102;201300020596;0;10;0;0.0;2.0;1.0;2.0;A01
31103;201300020596;0;10;0;0.0;2.0;4.0;2.0;B01
31104;201300020596;0;13;0;0.0;2.0;4.0;1.0;C01
31105;201300020597;0;7;0;0.0;2.0;8.0;20.0;A01
31106;201300020597;0;1;0;0.0;2.0;1.0;1.0;B01
31107;201300020598;0;7;0;0.0;1.0;1.0;1.0;A01
31108;201300020599;0;2;0;16.0;0.0;8.0;9.0;A01
31109;201300020600;0;7;0;0.0;2.0;3.0;13.0;A01
31110;201300020600;0;7;0;0.0;2.0;3.0;1.0;B01
31111;201300020601;0;7;0;0.0;2.0;6.0;13.0;A01
31112;201300020601;0;7;0;0.0;2.0;1.0;1.0;B01
31113;201300020602;0;7;0;14.0;2.0;3.0;21.0;A01
31114;201300020602;0;7;0;14.0;2.0;5.0;23.0;B01
31115;201300020602;0;7;0;0.0;2.0;4.0;23.0;C01
31116;201300020603;0;7;0;0.0;2.0;1.0;2.0;A01
31117;201300020603;0;34;0;0.0;2.0;4.0;23.0;B01
31118;201300020604;0;2;0;0.0;2.0;1.0;2.0;A01
31119;201300020604;0;7;0;0.0;2.0;4.0;1.0;B01
31120;201300020607;0;2;0;9.0;0.0;1.0;16.0;A01
31121;201300020608;0;7;0;0.0;2.0;1.0;1.0;A01
31122;201300020608;0;1;0;0.0;2.0;7.0;19.0;B01
31123;201300020609;0;2;0;0.0;2.0;1.0;2.0;A01
31124;201300020609;0;7;0;0.0;2.0;4.0;1.0;B01
31125;201300020610;0;7;0;0.0;2.0;3.0;15.0;A01
31126;201300020610;0;7;0;0.0;2.0;3.0;1.0;B01
31127;201300020611;0;7;0;0.0;2.0;1.0;2.0;A01
31128;201300020611;0;34;0;0.0;2.0;4.0;23.0;B01
31129;201300020611;0;7;0;0.0;2.0;4.0;23.0;C01
31130;201300020612;0;30;0;16.0;0.0;1.0;1.0;A01
31131;201300020613;0;33;0;3.0;0.0;8.0;21.0;A01
31132;201300020614;0;7;0;0.0;2.0;1.0;2.0;A01
31133;201300020614;0;7;0;0.0;2.0;4.0;23.0;B01
31134;201300020615;0;7;0;0.0;2.0;7.0;16.0;A01
31135;201300020615;0;1;0;0.0;2.0;3.0;15.0;B01
31136;201300020616;0;1;0;16.0;0.0;1.0;1.0;A01
31137;201300020617;0;7;0;0.0;1.0;2.0;1.0;A01
31138;201300020619;0;7;0;7.0;2.0;1.0;9.0;A01
31139;201300020619;0;7;0;0.0;2.0;7.0;1.0;B01
31140;201300020621;0;15;0;0.0;2.0;3.0;11.0;A01
31141;201300020621;0;7;0;10.0;2.0;7.0;17.0;B01
31142;201300020625;0;7;0;13.0;0.0;2.0;1.0;A01
31143;201300020626;0;30;0;0.0;0.0;8.0;1.0;A01
31144;201300020627;0;2;0;0.0;0.0;7.0;1.0;A01
31145;201300020628;0;2;0;0.0;0.0;0.0;1.0;A01
31146;201300020629;0;7;0;0.0;1.0;8.0;1.0;A01
31147;201300020630;0;7;0;0.0;2.0;8.0;9.0;A01
31148;201300020630;0;2;0;0.0;2.0;1.0;1.0;B01
31149;201300020631;0;7;0;0.0;2.0;0.0;15.0;A01
31150;201300020631;0;1;0;0.0;2.0;0.0;16.0;B01
31151;201300020632;0;2;0;0.0;0.0;8.0;21.0;A01
31152;201300020633;0;2;0;0.0;2.0;1.0;17.0;A01
31153;201300020633;0;7;0;0.0;2.0;3.0;15.0;B01
31154;201300020634;0;2;0;0.0;2.0;7.0;9.0;A01
31155;201300020634;0;7;0;0.0;2.0;2.0;1.0;B01
31156;201300020635;0;7;0;0.0;2.0;1.0;2.0;A01
31157;201300020635;0;7;0;0.0;2.0;4.0;23.0;B01
31158;201300020636;0;7;0;9.0;0.0;1.0;9.0;A01
31159;201300020637;0;7;0;13.0;0.0;1.0;14.0;A01
31160;201300020639;0;7;0;0.0;2.0;1.0;2.0;A01
31161;201300020639;0;7;0;0.0;2.0;4.0;23.0;B01
31162;201300020640;0;7;0;0.0;1.0;1.0;1.0;A01
31163;201300020641;0;7;0;6.0;0.0;2.0;1.0;A01
31164;201300020642;0;7;0;0.0;2.0;7.0;19.0;A01
31165;201300020642;0;33;0;0.0;2.0;1.0;1.0;B01
31166;201300020643;0;2;0;0.0;2.0;1.0;18.0;A01
31167;201300020643;0;7;0;0.0;2.0;7.0;16.0;B01
31168;201300020647;0;2;0;0.0;2.0;1.0;1.0;B01
31169;201300020647;0;7;0;0.0;2.0;6.0;15.0;A01
31170;201300020648;0;2;0;12.0;0.0;1.0;6.0;A01
31171;201300020649;0;7;0;0.0;1.0;7.0;16.0;A01
31172;201300020650;0;2;0;0.0;0.0;8.0;1.0;A01
31173;201300020652;0;7;0;0.0;2.0;1.0;15.0;A01
31174;201300020652;0;7;0;0.0;2.0;1.0;1.0;B01
31175;201300020653;0;10;0;0.0;1.0;4.0;4.0;A01
31176;201300020654;0;7;0;0.0;1.0;4.0;4.0;A01
31177;201300020656;0;7;0;6.0;0.0;1.0;14.0;A01
31178;201300020657;0;7;0;0.0;2.0;1.0;1.0;A01
31179;201300020657;0;7;0;0.0;0.0;4.0;23.0;B01
31180;201300020658;0;7;0;0.0;2.0;1.0;2.0;A01
31181;201300020658;0;30;0;0.0;2.0;4.0;10.0;B01
31182;201300020660;0;7;0;3.0;0.0;2.0;14.0;A01
31183;201300020661;0;7;0;1.0;0.0;2.0;1.0;A01
31184;201300020662;0;3;0;0.0;2.0;3.0;13.0;A01
31185;201300020662;0;7;0;0.0;2.0;8.0;1.0;B01
31186;201300020663;0;7;0;0.0;1.0;3.0;1.0;A01
31187;201300020666;0;7;0;0.0;2.0;1.0;2.0;A01
31188;201300020666;0;37;6;0.0;2.0;4.0;2.0;B01
31189;201300020667;0;2;0;0.0;0.0;4.0;1.0;A01
31190;201300020668;0;7;0;4.0;0.0;1.0;1.0;A01
31191;201300020669;0;7;0;0.0;1.0;2.0;16.0;A01
31192;201300020670;0;1;0;0.0;0.0;0.0;1.0;A01
31193;201300020671;0;7;0;0.0;2.0;1.0;19.0;A01
31194;201300020671;0;7;0;0.0;2.0;8.0;1.0;B01
31195;201300020672;0;7;0;3.0;0.0;1.0;1.0;A01
31196;201300020673;0;7;0;0.0;2.0;3.0;2.0;A01
31197;201300020673;0;7;0;0.0;2.0;6.0;2.0;B01
31198;201300020675;0;7;0;0.0;1.0;2.0;1.0;A01
31199;201300020676;0;7;0;3.0;0.0;9.0;17.0;A01
31200;201300020677;0;7;0;0.0;1.0;1.0;1.0;A01
31201;201300020678;0;7;0;0.0;2.0;7.0;1.0;B01
31202;201300020678;0;7;0;0.0;2.0;1.0;19.0;A01
31203;201300020679;0;7;0;0.0;2.0;5.0;1.0;B01
31204;201300020679;0;7;0;0.0;2.0;3.0;9.0;A01
31205;201300020680;0;7;0;0.0;1.0;2.0;9.0;A01
31206;201300020681;0;7;0;4.0;0.0;1.0;21.0;A01
31207;201300020682;0;7;0;14.0;0.0;1.0;16.0;A01
31208;201300020683;0;7;0;0.0;2.0;1.0;2.0;A01
31209;201300020683;0;31;0;0.0;2.0;4.0;2.0;B01
31210;201300020685;0;7;0;14.0;0.0;1.0;13.0;A01
31211;201300020686;0;7;0;0.0;2.0;7.0;1.0;B01
31212;201300020686;0;7;0;0.0;2.0;1.0;9.0;A01
31213;201300020687;0;33;0;0.0;2.0;2.0;9.0;B01
31214;201300020687;0;7;0;0.0;2.0;3.0;9.0;A01
31215;201300020688;0;7;0;0.0;1.0;8.0;1.0;A01
31216;201300020689;0;7;0;0.0;2.0;2.0;0.0;B01
31217;201300020689;0;7;0;0.0;2.0;1.0;16.0;A01
31218;201300020690;0;7;0;0.0;2.0;1.0;13.0;A01
31219;201300020690;0;7;0;0.0;2.0;1.0;0.0;B01
31220;201300020691;0;7;0;13.0;0.0;1.0;1.0;A01
31221;201300020692;0;7;0;0.0;1.0;1.0;15.0;A01
31222;201300020693;0;10;0;0.0;2.0;1.0;2.0;A01
31223;201300020693;0;7;0;0.0;2.0;4.0;23.0;B01
31224;201300020695;0;7;0;3.0;0.0;1.0;1.0;A01
31225;201300020696;0;7;0;0.0;1.0;1.0;1.0;A01
31226;201300020697;0;7;0;0.0;1.0;1.0;1.0;A01
31227;201300020698;0;30;0;0.0;0.0;0.0;1.0;A01
31228;201300020700;0;7;0;0.0;2.0;1.0;1.0;A01
31229;201300020700;0;30;0;0.0;2.0;4.0;1.0;B01
31230;201300020701;0;7;0;3.0;0.0;2.0;1.0;A01
31231;201300020702;0;7;0;0.0;1.0;1.0;1.0;A01
31232;201300020704;0;7;0;0.0;2.0;7.0;13.0;A01
31233;201300020704;0;7;0;0.0;2.0;1.0;1.0;B01
31234;201300020705;0;7;0;0.0;1.0;3.0;1.0;B01
31235;201300020707;0;7;0;0.0;2.0;1.0;0.0;B01
31236;201300020707;0;7;0;0.0;2.0;1.0;5.0;A01
31237;201300020708;0;7;0;0.0;2.0;7.0;1.0;B01
31238;201300020708;0;30;0;0.0;2.0;1.0;16.0;A01
31239;201300020709;0;7;0;6.0;2.0;2.0;1.0;B01
31240;201300020709;0;7;0;0.0;2.0;3.0;1.0;A01
31241;201300020710;0;10;0;0.0;2.0;3.0;1.0;B01
31242;201300020710;0;30;0;0.0;0.0;1.0;19.0;A01
31243;201300020711;0;7;0;12.0;0.0;7.0;1.0;A01
31244;201300020712;0;7;0;0.0;0.0;4.0;15.0;A01
31245;201300020712;0;2;0;0.0;2.0;1.0;17.0;B01
31246;201300020713;0;13;0;0.0;1.0;4.0;4.0;C01
31247;201300020715;0;7;0;0.0;1.0;3.0;1.0;A01
31248;201300020716;0;7;0;0.0;0.0;4.0;2.0;A01
31249;201300020716;0;7;0;0.0;2.0;1.0;2.0;B01
31250;201300020716;0;7;0;0.0;2.0;1.0;17.0;C01
31251;201300020717;0;7;0;0.0;2.0;7.0;0.0;A01
31252;201300020717;0;7;0;0.0;2.0;3.0;0.0;B01
31253;201300020718;0;7;0;0.0;1.0;2.0;1.0;A01
31254;201300020719;0;7;0;0.0;1.0;1.0;1.0;A01
31255;201300020720;0;7;0;0.0;2.0;6.0;0.0;A01
31256;201300020720;0;7;0;0.0;2.0;1.0;0.0;B01
31257;201300020721;0;1;0;0.0;2.0;0.0;0.0;A01
31258;201300020721;0;7;0;0.0;9.0;1.0;1.0;B01
31259;201300020722;0;7;0;0.0;1.0;3.0;1.0;A01
31260;201300020724;0;30;0;0.0;1.0;1.0;1.0;A01
31261;201300020725;0;7;0;0.0;1.0;3.0;1.0;A01
31262;201300020726;0;1;0;0.0;2.0;1.0;1.0;A01
31263;201300020726;0;7;0;0.0;9.0;5.0;1.0;B01
31264;201300020727;0;33;0;0.0;2.0;1.0;1.0;A01
31265;201300020727;0;7;0;0.0;0.0;4.0;15.0;B01
31266;201300020728;0;7;0;2.0;0.0;8.0;13.0;A01
31267;201300020729;0;33;0;0.0;2.0;1.0;1.0;B01
31268;201300020729;0;7;0;0.0;2.0;2.0;15.0;A01
31269;201300020730;0;7;0;0.0;1.0;2.0;1.0;A01
31270;201300020731;0;7;0;0.0;1.0;2.0;0.0;A01
31271;201300020732;0;7;0;0.0;1.0;1.0;0.0;A01
31272;201300020733;0;7;0;0.0;1.0;3.0;1.0;A01
31273;201300020734;0;33;0;0.0;1.0;2.0;17.0;A01
31274;201300020735;0;7;0;0.0;1.0;1.0;1.0;A01
31275;201300020737;0;7;0;0.0;2.0;1.0;0.0;A01
31276;201300020737;0;7;0;0.0;2.0;1.0;0.0;B01
31277;201300020738;0;7;0;0.0;2.0;6.0;1.0;B01
31278;201300020738;0;2;0;0.0;2.0;1.0;17.0;A01
31279;201300020740;0;7;0;0.0;1.0;1.0;1.0;A01
31280;201300020741;0;7;0;0.0;2.0;1.0;1.0;B01
31281;201300020741;0;7;0;0.0;2.0;1.0;13.0;A01
31282;201300020742;0;7;0;3.0;0.0;2.0;1.0;A01
31283;201300020743;0;3;0;0.0;2.0;1.0;13.0;A01
31284;201300020743;0;10;0;0.0;2.0;3.0;1.0;B01
31285;201300020744;0;7;0;0.0;2.0;2.0;17.0;A01
31286;201300020744;0;1;0;0.0;2.0;8.0;15.0;B01
31287;201300020745;0;7;0;0.0;2.0;1.0;15.0;A01
31288;201300020745;0;34;0;0.0;2.0;1.0;1.0;B01
31289;201300020746;0;7;0;0.0;1.0;1.0;1.0;A01
31290;201300020747;0;33;0;0.0;2.0;9.0;11.0;A01
31291;201300020747;0;7;0;0.0;2.0;3.0;2.0;B01
31292;201300020748;0;2;0;0.0;1.0;1.0;17.0;A01
31293;201300020749;0;7;0;0.0;1.0;1.0;1.0;A01
31294;201300020750;0;7;0;0.0;2.0;1.0;1.0;B01
31295;201300020750;0;14;0;1.0;2.0;1.0;15.0;A01
31296;201300020750;0;7;0;0.0;2.0;8.0;0.0;C01
31297;201300020751;0;7;0;0.0;2.0;3.0;1.0;C01
31298;201300020751;0;7;0;0.0;2.0;8.0;21.0;B01
31299;201300020751;0;7;0;0.0;2.0;3.0;13.0;A01
31300;201300020752;0;7;0;0.0;1.0;2.0;1.0;A01
31301;201300020753;0;7;0;0.0;2.0;8.0;15.0;A01
31302;201300020753;0;1;0;0.0;2.0;0.0;1.0;B01
31303;201300020754;0;7;0;0.0;1.0;2.0;1.0;A01
31304;201300020755;0;34;0;0.0;1.0;3.0;0.0;A01
31305;201300020756;0;10;0;0.0;1.0;1.0;17.0;A01
31306;201300020757;0;7;0;0.0;2.0;3.0;16.0;A01
31307;201300020757;0;2;0;0.0;2.0;1.0;1.0;B01
31308;201300020758;0;7;0;0.0;2.0;4.0;23.0;B01
31309;201300020758;0;7;0;0.0;2.0;1.0;1.0;A01
31310;201300020759;0;7;0;0.0;2.0;4.0;1.0;B01
31311;201300020759;0;7;0;0.0;2.0;4.0;1.0;C01
31312;201300020759;0;7;0;0.0;2.0;1.0;1.0;A01
31313;201300020760;0;7;0;0.0;1.0;1.0;1.0;A01
31314;201300020761;0;7;0;0.0;2.0;3.0;1.0;A01
31315;201300020761;0;7;0;0.0;2.0;3.0;1.0;B01
31316;201300020762;0;7;0;0.0;2.0;1.0;14.0;A01
31317;201300020762;0;7;0;0.0;2.0;2.0;15.0;B01
31318;201300020763;0;7;0;0.0;2.0;1.0;17.0;A01
31319;201300020763;0;7;0;0.0;2.0;3.0;1.0;B01
31320;201300020764;0;37;20;0.0;1.0;1.0;0.0;A01
31321;201300020765;0;7;0;0.0;1.0;1.0;1.0;A01
31322;201300020766;0;7;0;0.0;2.0;2.0;12.0;A01
31323;201300020766;0;7;0;0.0;2.0;3.0;1.0;B01
31324;201300020767;0;10;0;0.0;1.0;8.0;1.0;A01
31325;201300020768;0;7;0;0.0;2.0;1.0;1.0;A01
31326;201300020768;0;7;0;0.0;2.0;7.0;1.0;B01
31327;201300020769;0;7;0;0.0;2.0;7.0;1.0;B01
31328;201300020769;0;7;0;0.0;2.0;1.0;1.0;A01
31329;201300020770;0;7;0;8.0;0.0;1.0;1.0;A01
31330;201300020771;0;20;0;0.0;2.0;8.0;19.0;A01
31331;201300020771;0;7;0;0.0;2.0;1.0;1.0;B01
31332;201300020772;0;7;0;0.0;2.0;0.0;0.0;B01
31333;201300020772;0;7;0;0.0;2.0;0.0;0.0;C01
31334;201300020772;0;7;0;0.0;2.0;0.0;0.0;A01
31335;201300020773;0;7;0;0.0;1.0;1.0;0.0;A01
31336;201300020774;0;7;0;0.0;2.0;3.0;1.0;A01
31337;201300020774;0;7;0;0.0;2.0;8.0;1.0;B01
31338;201300020775;0;1;0;0.0;2.0;4.0;0.0;B01
31339;201300020775;0;7;0;0.0;9.0;7.0;0.0;A01
31340;201300020776;0;7;0;8.0;0.0;1.0;1.0;A01
31341;201300020777;0;7;0;1.0;0.0;1.0;0.0;A01
31342;201300020778;0;7;0;0.0;1.0;4.0;4.0;A01
31343;201300020779;0;7;0;0.0;2.0;1.0;2.0;A01
31344;201300020779;0;7;0;0.0;2.0;4.0;2.0;C01
31345;201300020779;0;32;0;0.0;2.0;4.0;2.0;B01
31346;201300020780;0;7;0;0.0;2.0;1.0;1.0;B01
31347;201300020780;0;33;0;0.0;2.0;7.0;17.0;A01
31348;201300020781;0;7;0;0.0;1.0;2.0;1.0;A01
31349;201300020782;0;7;0;0.0;2.0;1.0;1.0;B01
31350;201300020782;0;7;0;0.0;2.0;1.0;13.0;A01
31351;201300020783;0;7;0;0.0;1.0;1.0;0.0;A01