;Num_Acc;senc;catv;occutc;obs;obsm;choc;manv;num_veh
31774;201300021073;0;31;0;0.0;2.0;1.0;1.0;B01
31775;201300021074;0;7;0;0.0;2.0;1.0;1.0;B01
31776;201300021074;0;7;0;0.0;2.0;5.0;19.0;A01
31777;201300021075;0;7;0;0.0;2.0;2.0;9.0;A01
31778;201300021075;0;7;0;0.0;2.0;5.0;1.0;B01
31779;201300021076;0;7;0;0.0;2.0;5.0;15.0;A01
31780;201300021076;0;7;0;0.0;2.0;1.0;1.0;B01
31781;201300021077;0;7;0;0.0;2.0;1.0;1.0;A01
31782;201300021077;0;1;0;0.0;2.0;1.0;19.0;B01
31783;201300021078;0;7;0;0.0;9.0;7.0;9.0;A01
31784;201300021078;0;1;0;0.0;0.0;3.0;15.0;B01
31785;201300021079;0;7;0;0.0;0.0;2.0;15.0;A01
31786;201300021079;0;2;0;0.0;2.0;1.0;1.0;B01
31787;201300021080;0;7;0;0.0;2.0;1.0;1.0;A01
31788;201300021080;0;7;0;0.0;2.0;4.0;23.0;B01
31789;201300021080;0;7;0;0.0;0.0;4.0;23.0;C01
31790;201300021081;0;7;0;0.0;1.0;2.0;16.0;A01
31791;201300021082;0;7;0;0.0;2.0;1.0;19.0;A01
31792;201300021082;0;7;0;0.0;2.0;7.0;1.0;B01
31793;201300021083;0;7;0;0.0;1.0;3.0;1.0;A01
31794;201300021084;0;7;0;0.0;0.0;5.0;0.0;A01
31795;201300021084;0;1;0;0.0;2.0;0.0;0.0;B01
31796;201300021086;0;2;0;0.0;2.0;2.0;17.0;B01
31797;201300021086;0;7;0;0.0;2.0;8.0;20.0;A01
31798;201300021087;0;7;0;0.0;1.0;2.0;1.0;A01
31799;201300021088;0;7;0;0.0;1.0;3.0;1.0;A01
31800;201300021090;0;7;0;0.0;1.0;1.0;9.0;A01
31801;201300021091;0;7;0;0.0;2.0;2.0;1.0;A01
31802;201300021091;0;7;0;0.0;2.0;3.0;1.0;B01
31803;201300021092;0;7;0;0.0;2.0;3.0;1.0;B01
31804;201300021092;0;7;0;0.0;2.0;2.0;1.0;A01
31805;201300021094;0;7;0;0.0;2.0;1.0;16.0;A01
31806;201300021094;0;7;0;0.0;2.0;3.0;1.0;B01
31807;201300021095;0;7;0;0.0;9.0;1.0;1.0;A01
31808;201300021096;0;7;0;4.0;2.0;1.0;5.0;A01
31809;201300021096;0;7;0;0.0;2.0;3.0;2.0;B01
31810;201300021096;0;7;0;0.0;2.0;1.0;2.0;C01
31811;201300021097;0;10;0;0.0;1.0;4.0;4.0;A01
31812;201300021098;0;7;0;6.0;2.0;1.0;2.0;A01
31813;201300021098;0;7;0;0.0;2.0;3.0;2.0;B01
31814;201300021099;0;7;0;0.0;2.0;1.0;1.0;B01
31815;201300021099;0;7;0;0.0;2.0;2.0;1.0;A01
31816;201300021100;0;7;0;2.0;1.0;1.0;1.0;A01
31817;201300021102;0;7;0;0.0;2.0;3.0;15.0;A01
31818;201300021102;0;37;1;0.0;2.0;1.0;1.0;B01
31819;201300021102;0;7;0;0.0;2.0;0.0;1.0;C01
31820;201300021103;0;7;0;15.0;0.0;1.0;21.0;A01
31821;201300021104;0;33;0;0.0;2.0;1.0;1.0;B01
31822;201300021104;0;7;0;0.0;2.0;6.0;9.0;A01
31823;201300021105;0;37;1;0.0;1.0;2.0;7.0;A01
31824;201300021108;0;7;0;0.0;2.0;1.0;2.0;A01
31825;201300021108;0;7;0;0.0;2.0;0.0;1.0;B01
31826;201300021109;0;7;0;0.0;1.0;0.0;1.0;A01
31827;201300021110;0;7;0;0.0;2.0;1.0;2.0;A01
31828;201300021110;0;7;0;0.0;2.0;4.0;2.0;B01
31829;201300021110;0;7;0;0.0;0.0;4.0;2.0;C01
31830;201300021111;0;32;0;0.0;2.0;4.0;1.0;A01
31831;201300021111;0;7;0;0.0;2.0;3.0;15.0;B01
31832;201300021112;0;7;0;0.0;2.0;3.0;13.0;A01
31833;201300021112;0;7;0;0.0;2.0;6.0;2.0;B01
31834;201300021112;0;7;0;0.0;2.0;1.0;2.0;C01
31835;201300021114;0;7;0;8.0;2.0;3.0;2.0;A01
31836;201300021114;0;7;0;0.0;2.0;2.0;2.0;B01
31837;201300021114;0;7;0;0.0;2.0;3.0;2.0;C01
31838;201300021115;0;10;0;2.0;2.0;1.0;17.0;A01
31839;201300021115;0;7;0;0.0;2.0;8.0;1.0;B01
31840;201300021118;0;7;0;0.0;2.0;8.0;11.0;B01
31841;201300021118;0;33;0;0.0;2.0;2.0;17.0;A01
31842;201300021118;0;7;0;0.0;2.0;8.0;2.0;C01
31843;201300021119;0;1;0;0.0;2.0;8.0;0.0;A01
31844;201300021119;0;7;0;0.0;2.0;1.0;9.0;B01
31845;201300021120;0;7;0;0.0;2.0;3.0;5.0;A01
31846;201300021120;0;7;0;0.0;2.0;3.0;21.0;B01
31847;201300021120;0;7;0;0.0;2.0;7.0;21.0;C01
31848;201300021120;0;37;1;0.0;2.0;8.0;2.0;D01
31849;201300021121;0;7;0;0.0;2.0;1.0;1.0;B01
31850;201300021121;0;7;0;0.0;2.0;1.0;13.0;A01
31851;201300021122;0;7;0;0.0;2.0;1.0;2.0;A01
31852;201300021122;0;37;20;0.0;0.0;4.0;2.0;B01
31853;201300021124;0;1;0;0.0;1.0;1.0;0.0;A01
31854;201300021125;0;30;0;0.0;2.0;1.0;2.0;A01
31855;201300021125;0;7;0;0.0;0.0;4.0;2.0;B01
31856;201300021126;0;33;0;0.0;2.0;0.0;0.0;B01
31857;201300021126;0;7;0;0.0;2.0;1.0;9.0;A01
31858;201300021127;0;7;0;0.0;2.0;3.0;9.0;A01
31859;201300021127;0;30;0;0.0;2.0;2.0;2.0;B01
31860;201300021129;0;10;0;0.0;1.0;8.0;2.0;A01
31861;201300021130;0;7;0;0.0;1.0;1.0;1.0;A01
31862;201300021132;0;32;0;0.0;2.0;4.0;1.0;B01
31863;201300021132;0;7;0;0.0;2.0;1.0;9.0;A01
31864;201300021134;0;7;0;0.0;2.0;3.0;15.0;A01
31865;201300021134;0;30;0;0.0;2.0;2.0;17.0;B01
31866;201300021135;0;7;0;0.0;2.0;8.0;1.0;A01
31867;201300021135;0;37;1;0.0;2.0;2.0;1.0;B01
31868;201300021136;0;7;0;0.0;2.0;0.0;9.0;A01
31869;201300021136;0;1;0;0.0;2.0;1.0;2.0;B01
31870;201300021137;0;7;0;0.0;2.0;3.0;1.0;B01
31871;201300021137;0;7;0;0.0;2.0;1.0;15.0;A01
31872;201300021138;0;7;0;0.0;2.0;1.0;2.0;A01
31873;201300021138;0;7;0;0.0;0.0;4.0;2.0;B01
31874;201300021140;0;10;0;0.0;2.0;3.0;2.0;A01
31875;201300021140;0;1;0;0.0;2.0;1.0;1.0;Y01
31876;201300021141;0;7;0;0.0;1.0;1.0;1.0;A01
31877;201300021142;0;1;0;0.0;2.0;0.0;1.0;B01
31878;201300021142;0;7;0;0.0;2.0;1.0;9.0;A01
31879;201300021143;0;32;0;0.0;2.0;1.0;2.0;A01
31880;201300021143;0;10;0;0.0;0.0;7.0;19.0;B01
31881;201300021144;0;7;0;0.0;2.0;1.0;0.0;A01
31882;201300021144;0;7;0;0.0;2.0;6.0;0.0;B01
31883;201300021145;0;32;0;0.0;2.0;1.0;2.0;A01
31884;201300021145;0;7;0;0.0;0.0;6.0;2.0;B01
31885;201300021146;0;7;0;0.0;2.0;5.0;17.0;A01
31886;201300021146;0;7;0;8.0;2.0;3.0;1.0;B01
31887;201300021148;0;37;5;0.0;2.0;3.0;1.0;B01
31888;201300021148;0;7;0;0.0;2.0;3.0;9.0;A01
31889;201300021149;0;7;0;13.0;0.0;1.0;0.0;A01
31890;201300021150;0;7;0;0.0;2.0;2.0;1.0;B01
31891;201300021150;0;7;0;0.0;2.0;3.0;9.0;A01
31892;201300021151;0;7;0;0.0;2.0;1.0;2.0;A01
31893;201300021151;0;7;0;0.0;0.0;4.0;2.0;B01
31894;201300021152;0;30;0;0.0;2.0;3.0;0.0;A01
31895;201300021152;0;7;0;0.0;2.0;2.0;1.0;B01
31896;201300021153;0;7;0;0.0;1.0;2.0;2.0;A01
31897;201300021154;0;7;0;3.0;2.0;1.0;1.0;A01
31898;201300021154;0;7;0;0.0;2.0;1.0;1.0;B01
31899;201300021155;0;7;0;0.0;2.0;1.0;0.0;A01
31900;201300021155;0;33;0;0.0;2.0;1.0;1.0;B01
31901;201300021156;0;7;0;0.0;2.0;7.0;15.0;A01
31902;201300021156;0;10;0;7.0;2.0;1.0;1.0;B01
31903;201300021157;0;30;0;0.0;2.0;1.0;13.0;A01
31904;201300021157;0;7;0;0.0;2.0;3.0;2.0;B01
31905;201300021158;0;34;0;0.0;2.0;1.0;1.0;A01
31906;201300021158;0;7;0;0.0;2.0;3.0;1.0;B01
31907;201300021159;0;33;0;0.0;2.0;7.0;2.0;A01
31908;201300021159;1;30;0;0.0;2.0;1.0;9.0;X01
31909;201300021160;0;37;1;0.0;1.0;2.0;1.0;A01
31910;201300021161;0;7;0;0.0;2.0;3.0;2.0;A01
31911;201300021161;0;7;0;0.0;2.0;9.0;1.0;B01
31912;201300021161;0;15;0;0.0;0.0;4.0;24.0;C01
31913;201300021162;0;31;0;13.0;0.0;1.0;2.0;A01
31914;201300021163;0;7;0;0.0;2.0;0.0;15.0;A01
31915;201300021163;0;1;0;0.0;2.0;0.0;1.0;B01
31916;201300021164;0;10;0;0.0;2.0;8.0;1.0;A01
31917;201300021164;0;99;0;0.0;2.0;1.0;0.0;B01
31918;201300021165;0;7;0;0.0;1.0;1.0;1.0;A01
31919;201300021168;0;7;0;0.0;1.0;2.0;1.0;A01
31920;201300021169;0;10;0;0.0;1.0;3.0;2.0;A01
31921;201300021170;0;7;0;0.0;2.0;4.0;1.0;A01
31922;201300021170;0;7;0;0.0;2.0;1.0;1.0;B01
31923;201300021171;0;7;0;0.0;2.0;9.0;15.0;A01
31924;201300021171;0;7;0;0.0;2.0;9.0;1.0;B01
31925;201300021172;1;31;0;0.0;1.0;1.0;2.0;Z01
31926;201300021173;0;7;0;0.0;2.0;2.0;1.0;B01
31927;201300021173;0;32;0;0.0;2.0;1.0;9.0;A01
31928;201300021174;0;10;0;0.0;2.0;8.0;9.0;A01
31929;201300021174;0;33;0;0.0;2.0;7.0;2.0;B01
31930;201300021175;0;7;0;0.0;2.0;3.0;5.0;A01
31931;201300021175;0;7;0;0.0;2.0;3.0;11.0;B01
31932;201300021175;0;7;0;0.0;2.0;3.0;2.0;C01
31933;201300021176;0;7;0;0.0;2.0;0.0;1.0;B01
31934;201300021176;0;15;0;0.0;2.0;1.0;15.0;A01
31935;201300021177;0;7;0;0.0;2.0;7.0;13.0;A01
31936;201300021177;0;10;0;0.0;2.0;1.0;2.0;B01
31937;201300021178;0;7;0;0.0;2.0;8.0;5.0;A01
31938;201300021178;0;7;0;0.0;2.0;3.0;1.0;B01
31939;201300021179;0;7;0;0.0;2.0;1.0;2.0;A01
31940;201300021179;0;7;0;0.0;2.0;4.0;23.0;B01
31941;201300021179;0;7;0;0.0;2.0;4.0;23.0;C01
31942;201300021180;0;7;0;0.0;2.0;1.0;2.0;A01
31943;201300021180;0;7;0;0.0;0.0;4.0;2.0;B01
31944;201300021181;0;14;0;0.0;1.0;2.0;1.0;A01
31945;201300021183;0;7;0;0.0;1.0;8.0;2.0;A01
31946;201300021184;0;7;0;0.0;1.0;0.0;1.0;A01
31947;201300021185;0;7;0;0.0;2.0;2.0;2.0;A01
31948;201300021185;0;7;0;0.0;2.0;1.0;15.0;B01
31949;201300021187;0;7;0;0.0;2.0;1.0;6.0;A01
31950;201300021187;0;7;0;0.0;2.0;1.0;2.0;B01
31951;201300021188;0;7;0;3.0;0.0;9.0;1.0;A01
31952;201300021189;0;7;0;0.0;1.0;1.0;2.0;A01
31953;201300021191;0;7;0;0.0;1.0;1.0;2.0;A01
31954;201300021192;0;7;0;0.0;1.0;1.0;1.0;A01
31955;201300021193;0;7;0;0.0;1.0;2.0;2.0;A01
31956;201300021194;0;7;0;0.0;2.0;1.0;1.0;A01
31957;201300021194;0;7;0;0.0;2.0;1.0;1.0;B01
31958;201300021195;0;7;0;0.0;2.0;1.0;9.0;A01
31959;201300021195;0;1;0;0.0;2.0;0.0;2.0;B01
31960;201300021196;0;7;0;0.0;2.0;1.0;2.0;A01
31961;201300021196;0;7;0;0.0;2.0;4.0;1.0;B01
31962;201300021197;0;7;0;1.0;0.0;8.0;2.0;A01
31963;201300021198;0;7;0;8.0;0.0;2.0;1.0;A01
31964;201300021199;0;7;0;2.0;0.0;8.0;0.0;A01
31965;201300021200;0;7;0;2.0;0.0;1.0;14.0;A01
31966;201300021201;0;33;0;0.0;2.0;1.0;2.0;B02
31967;201300021201;0;7;0;0.0;2.0;4.0;9.0;A01
31968;201300021202;0;33;0;8.0;0.0;7.0;1.0;A01
31969;201300021203;0;7;0;0.0;2.0;3.0;1.0;B02
31970;201300021203;0;7;0;0.0;2.0;2.0;13.0;A01
31971;201300021204;0;10;0;0.0;1.0;2.0;1.0;A01
31972;201300021205;0;7;0;0.0;1.0;2.0;14.0;A01
31973;201300021206;0;10;0;0.0;2.0;3.0;1.0;C03
31974;201300021206;0;10;0;0.0;2.0;6.0;1.0;B02
31975;201300021206;0;33;0;0.0;2.0;1.0;17.0;A01
31976;201300021207;0;7;0;0.0;2.0;8.0;13.0;A01
31977;201300021207;0;7;0;0.0;2.0;3.0;1.0;B02
31978;201300021208;0;7;0;2.0;0.0;8.0;1.0;A01
31979;201300021209;0;10;0;8.0;0.0;1.0;13.0;A01
31980;201300021210;0;10;0;0.0;2.0;3.0;16.0;B02
31981;201300021210;0;7;0;0.0;2.0;5.0;1.0;A01
31982;201300021210;0;7;0;0.0;2.0;1.0;1.0;C03
31983;201300021212;0;7;0;0.0;0.0;1.0;16.0;A01
31984;201300021212;0;2;0;6.0;0.0;1.0;1.0;B02
31985;201300021213;0;7;0;6.0;0.0;1.0;1.0;A01
31986;201300021214;0;7;0;0.0;2.0;2.0;17.0;A01
31987;201300021214;0;1;0;0.0;0.0;1.0;13.0;B02
31988;201300021215;0;10;0;0.0;2.0;2.0;1.0;A01
31989;201300021215;0;1;0;0.0;2.0;4.0;1.0;B02
31990;201300021216;0;10;0;2.0;0.0;1.0;14.0;A01
31991;201300021217;0;7;0;4.0;0.0;1.0;1.0;A01
31992;201300021218;0;7;0;13.0;0.0;0.0;1.0;A01
31993;201300021219;0;7;0;15.0;0.0;1.0;1.0;A01
31994;201300021221;0;7;0;0.0;2.0;3.0;5.0;A01
31995;201300021221;0;7;0;0.0;2.0;3.0;21.0;B02
31996;201300021222;0;7;0;0.0;2.0;1.0;1.0;C03
31997;201300021222;0;10;0;0.0;2.0;1.0;23.0;A01
31998;201300021222;0;10;0;1.0;2.0;1.0;13.0;B02
31999;201300021223;0;7;0;0.0;2.0;1.0;11.0;A01
32000;201300021223;0;10;0;0.0;2.0;1.0;1.0;B02
32001;201300021224;0;7;0;0.0;0.0;1.0;0.0;C03
32002;201300021224;0;7;0;0.0;2.0;1.0;1.0;B02
32003;201300021224;0;7;0;12.0;1.0;1.0;1.0;A01
32004;201300021225;0;17;0;0.0;2.0;1.0;1.0;B02
32005;201300021225;0;7;0;0.0;2.0;1.0;5.0;A01
32006;201300021226;0;7;0;6.0;0.0;3.0;1.0;A01
32007;201300021227;0;7;0;0.0;1.0;2.0;2.0;A01
32008;201300021228;0;7;0;0.0;2.0;1.0;19.0;A01
32009;201300021228;0;7;0;0.0;2.0;7.0;1.0;B02
32010;201300021229;0;7;0;0.0;2.0;2.0;10.0;A01
32011;201300021229;0;30;0;0.0;2.0;1.0;1.0;B02
32012;201300021230;0;30;0;0.0;2.0;1.0;17.0;A01
32013;201300021230;0;7;0;0.0;0.0;3.0;15.0;B02
32014;201300021231;0;10;0;13.0;0.0;1.0;1.0;A01
32015;201300021233;0;7;0;4.0;2.0;3.0;2.0;A01
32016;201300021233;0;17;0;0.0;0.0;4.0;1.0;B02
32017;201300021234;0;7;0;14.0;0.0;1.0;2.0;B02
32018;201300021234;0;7;0;3.0;2.0;9.0;1.0;A01
32019;201300021235;0;14;0;1.0;0.0;1.0;1.0;A01
32020;201300021237;0;14;0;1.0;0.0;2.0;2.0;B02
32021;201300021237;0;7;0;0.0;9.0;7.0;2.0;D04
32022;201300021237;0;14;0;0.0;0.0;3.0;23.0;A01
32023;201300021237;0;7;0;0.0;9.0;2.0;2.0;E05
32024;201300021237;0;7;0;4.0;0.0;8.0;2.0;C03
32025;201300021239;0;7;0;0.0;2.0;1.0;14.0;A01
32026;201300021239;0;14;0;0.0;2.0;6.0;1.0;B02
32027;201300021240;0;7;0;0.0;0.0;1.0;1.0;A01
32028;201300021241;0;10;0;0.0;2.0;2.0;17.0;C03
32029;201300021241;0;10;0;4.0;2.0;2.0;17.0;A01
32030;201300021241;0;17;0;0.0;2.0;6.0;1.0;B02
32031;201300021242;0;7;0;4.0;0.0;1.0;1.0;A01
32032;201300021243;0;10;0;13.0;0.0;2.0;1.0;A01
32033;201300021244;0;7;0;3.0;0.0;1.0;1.0;A01
32034;201300021245;0;10;0;3.0;2.0;4.0;1.0;B02
32035;201300021245;0;7;0;3.0;2.0;1.0;1.0;A01
32036;201300021246;0;14;0;0.0;2.0;0.0;1.0;D04
32037;201300021246;0;7;0;0.0;9.0;3.0;1.0;E05
32038;201300021246;0;14;0;0.0;9.0;1.0;1.0;F06
32039;201300021246;0;7;0;0.0;9.0;1.0;1.0;C03
32040;201300021246;0;14;0;0.0;0.0;0.0;1.0;A01
32041;201300021247;0;14;0;0.0;2.0;5.0;1.0;B02
32042;201300021247;0;7;0;0.0;2.0;1.0;2.0;A01
32043;201300021248;0;14;0;0.0;0.0;8.0;1.0;B02
32044;201300021248;0;7;0;0.0;2.0;7.0;14.0;A01
32045;201300021249;0;10;0;3.0;0.0;7.0;1.0;A01
32046;201300021250;0;15;0;0.0;1.0;5.0;1.0;A01
32047;201300021252;0;7;0;0.0;2.0;1.0;1.0;A01
32048;201300021252;0;7;0;0.0;2.0;4.0;1.0;B01
32049;201300021255;0;7;0;0.0;2.0;1.0;2.0;A01
32050;201300021255;0;7;0;0.0;0.0;4.0;20.0;B01
32051;201300021256;0;7;0;0.0;2.0;6.0;15.0;B01
32052;201300021256;0;33;0;0.0;2.0;0.0;17.0;A01
32053;201300021257;0;7;0;0.0;2.0;2.0;1.0;B01
32054;201300021257;0;7;0;0.0;2.0;3.0;1.0;A01
32055;201300021258;0;7;0;0.0;1.0;2.0;1.0;A01
32056;201300021259;0;7;0;0.0;2.0;4.0;23.0;B01
32057;201300021259;0;15;0;0.0;2.0;2.0;1.0;A01
32058;201300021260;0;7;0;0.0;2.0;4.0;1.0;B01
32059;201300021260;0;30;0;0.0;2.0;1.0;1.0;A01
32060;201300021261;0;10;0;0.0;2.0;8.0;15.0;A01
32061;201300021261;0;7;0;0.0;2.0;1.0;1.0;B01
32062;201300021262;0;7;0;0.0;2.0;2.0;9.0;A01
32063;201300021262;0;37;5;0.0;2.0;2.0;16.0;B01
32064;201300021263;0;2;0;0.0;1.0;1.0;20.0;A01
32065;201300021264;1;30;0;0.0;0.0;0.0;0.0;A01
32066;201300021265;0;7;0;8.0;0.0;1.0;1.0;A01
32067;201300021266;0;33;0;0.0;2.0;1.0;1.0;B01
32068;201300021266;0;10;0;0.0;2.0;5.0;15.0;A01
32069;201300021267;0;2;0;0.0;2.0;7.0;17.0;A01
32070;201300021267;0;7;0;0.0;2.0;3.0;15.0;B01
32071;201300021268;0;7;0;0.0;2.0;2.0;15.0;A01
32072;201300021268;0;33;0;0.0;2.0;1.0;2.0;B01
32073;201300021269;0;1;0;0.0;0.0;8.0;8.0;A01
32074;201300021269;0;7;0;0.0;2.0;1.0;15.0;B01
32075;201300021270;0;7;0;0.0;0.0;3.0;15.0;B01
32076;201300021270;0;33;0;0.0;2.0;1.0;2.0;A01
32077;201300021273;1;7;0;0.0;2.0;2.0;15.0;A01
32078;201300021273;0;2;0;0.0;2.0;2.0;5.0;B01
32079;201300021274;0;7;0;8.0;0.0;2.0;2.0;A01
32080;201300021275;0;7;0;0.0;2.0;2.0;0.0;B01
32081;201300021275;2;7;0;0.0;2.0;1.0;9.0;A01
32082;201300021276;0;2;0;0.0;2.0;1.0;19.0;B01
32083;201300021276;0;7;0;0.0;2.0;1.0;19.0;A01
32084;201300021277;0;99;0;0.0;2.0;3.0;6.0;A01
32085;201300021277;0;7;0;0.0;2.0;1.0;2.0;B01
32086;201300021278;0;7;0;0.0;2.0;1.0;2.0;B01
32087;201300021278;0;7;0;0.0;2.0;9.0;16.0;A01
32088;201300021280;1;30;0;0.0;1.0;1.0;11.0;A01
32089;201300021281;0;7;0;0.0;1.0;1.0;1.0;A01
32090;201300021282;0;7;0;0.0;1.0;1.0;1.0;A01
32091;201300021283;0;7;0;0.0;1.0;3.0;1.0;A01
32092;201300021284;1;31;0;0.0;2.0;8.0;1.0;B01
32093;201300021284;0;7;0;0.0;2.0;2.0;15.0;A01
32094;201300021285;0;31;0;0.0;0.0;8.0;17.0;A01
32095;201300021286;0;7;0;4.0;0.0;3.0;11.0;A01
32096;201300021287;0;7;0;0.0;2.0;8.0;15.0;A01
32097;201300021287;0;10;0;0.0;2.0;3.0;1.0;B02
32098;201300021288;0;7;0;0.0;1.0;3.0;1.0;A01
32099;201300021290;0;7;0;0.0;1.0;1.0;1.0;A01
32100;201300021291;0;7;0;0.0;1.0;5.0;0.0;A01
32101;201300021293;0;33;0;0.0;2.0;1.0;1.0;B01
32102;201300021293;0;7;0;0.0;2.0;1.0;15.0;A01
32103;201300021294;0;7;0;0.0;2.0;4.0;1.0;B01
32104;201300021294;0;7;0;0.0;2.0;1.0;1.0;A01
32105;201300021295;0;7;0;0.0;1.0;3.0;1.0;A01
32106;201300021296;0;7;0;0.0;1.0;1.0;1.0;A01
32107;201300021297;0;33;0;13.0;0.0;1.0;1.0;A01
32108;201300021298;0;7;0;0.0;2.0;8.0;15.0;A01
32109;201300021298;0;30;0;0.0;2.0;7.0;17.0;B01
32110;201300021299;0;7;0;0.0;2.0;7.0;15.0;A01
32111;201300021299;0;7;0;0.0;2.0;1.0;1.0;B01
32112;201300021299;0;7;0;0.0;2.0;3.0;23.0;C01
32113;201300021300;0;15;0;13.0;0.0;2.0;5.0;A01
32114;201300021301;0;7;0;4.0;0.0;3.0;1.0;A01
32115;201300021302;0;7;0;0.0;2.0;2.0;15.0;A01
32116;201300021302;0;37;1;0.0;2.0;1.0;1.0;B01
32117;201300021303;0;7;0;13.0;0.0;4.0;5.0;A01
32118;201300021305;0;7;0;2.0;0.0;1.0;14.0;A01
32119;201300021307;0;7;0;0.0;0.0;4.0;2.0;A01
32120;201300021307;0;7;0;0.0;2.0;1.0;2.0;B02
32121;201300021308;0;7;0;0.0;2.0;1.0;1.0;A01
32122;201300021308;0;7;0;0.0;0.0;6.0;1.0;B02
32123;201300021309;0;33;0;0.0;0.0;4.0;2.0;B02
32124;201300021309;0;33;0;0.0;2.0;1.0;2.0;A01
32125;201300021310;0;7;0;0.0;2.0;7.0;6.0;A01
32126;201300021310;0;7;0;0.0;2.0;1.0;1.0;B02
32127;201300021311;0;7;0;0.0;1.0;2.0;1.0;A01
32128;201300021312;0;7;0;0.0;2.0;1.0;1.0;A01
32129;201300021312;0;10;0;0.0;9.0;1.0;1.0;B02
32130;201300021313;0;37;0;0.0;2.0;5.0;15.0;A01
32131;201300021313;0;32;0;0.0;2.0;1.0;1.0;B02
32132;201300021314;0;7;0;6.0;0.0;1.0;1.0;A01
32133;201300021315;0;7;0;0.0;1.0;3.0;1.0;A01
32134;201300021317;0;33;0;15.0;0.0;1.0;6.0;A01
32135;201300021318;0;7;0;13.0;0.0;3.0;1.0;A01
32136;201300021319;0;31;0;0.0;0.0;0.0;0.0;A01
32137;201300021320;0;30;0;0.0;2.0;1.0;17.0;B01
32138;201300021320;0;7;0;0.0;2.0;4.0;23.0;A01
32139;201300021321;0;7;0;0.0;2.0;8.0;15.0;B01
32140;201300021321;0;33;0;0.0;2.0;1.0;17.0;A01
32141;201300021322;0;33;0;0.0;2.0;1.0;1.0;B01
32142;201300021322;0;7;0;0.0;2.0;8.0;16.0;A01
32143;201300021323;0;33;0;0.0;2.0;8.0;1.0;B01
32144;201300021323;0;7;0;0.0;2.0;3.0;10.0;A01
32145;201300021324;0;2;0;0.0;0.0;7.0;1.0;A01
32146;201300021325;0;37;9;0.0;2.0;8.0;10.0;A01
32147;201300021325;0;30;0;0.0;2.0;1.0;17.0;B01
32148;201300021326;0;33;0;0.0;2.0;1.0;1.0;B01
32149;201300021326;0;7;0;0.0;2.0;5.0;15.0;A01
32150;201300021327;0;33;0;0.0;0.0;0.0;15.0;A01
32151;201300021328;0;10;0;0.0;1.0;4.0;4.0;A01
32152;201300021329;0;7;0;0.0;2.0;3.0;1.0;B02
32153;201300021329;0;7;0;0.0;2.0;3.0;13.0;A01
32154;201300021330;0;2;0;0.0;2.0;8.0;0.0;B02
32155;201300021330;0;7;0;0.0;2.0;8.0;13.0;A01
32156;201300021331;0;7;0;14.0;2.0;7.0;1.0;B02
32157;201300021331;0;7;0;3.0;0.0;1.0;1.0;A01
32158;201300021332;0;10;0;3.0;0.0;1.0;1.0;A01
32159;201300021333;0;31;0;0.0;2.0;1.0;2.0;A01
32160;201300021333;0;14;0;0.0;0.0;6.0;1.0;B02
32161;201300021334;0;7;0;0.0;2.0;2.0;17.0;A01
32162;201300021334;0;7;0;0.0;2.0;1.0;2.0;C03
32163;201300021334;0;15;0;0.0;2.0;6.0;1.0;D04
32164;201300021334;0;14;0;0.0;2.0;3.0;1.0;B02
32165;201300021335;0;7;0;0.0;2.0;3.0;1.0;B02
32166;201300021335;0;30;0;0.0;2.0;1.0;1.0;A01
32167;201300021336;0;7;0;0.0;2.0;4.0;23.0;B02
32168;201300021336;0;2;0;0.0;2.0;8.0;21.0;A01
32169;201300021337;0;7;0;4.0;0.0;3.0;1.0;A01
32170;201300021338;0;33;0;0.0;2.0;3.0;1.0;B02
32171;201300021338;0;7;0;0.0;2.0;5.0;23.0;A01
32172;201300021339;0;7;0;6.0;0.0;3.0;13.0;A01
32173;201300021340;0;10;0;0.0;2.0;1.0;1.0;C03
32174;201300021340;0;7;0;0.0;2.0;7.0;17.0;A01
32175;201300021340;0;13;0;0.0;2.0;8.0;1.0;B02
32176;201300021341;0;15;0;0.0;1.0;4.0;20.0;A01
32177;201300021342;0;7;0;0.0;0.0;7.0;24.0;A01
32178;201300021342;0;7;0;1.0;0.0;2.0;2.0;B02
32179;201300021343;0;10;0;13.0;0.0;5.0;14.0;A01
32180;201300021345;0;7;0;13.0;0.0;2.0;14.0;A01
32181;201300021346;0;10;0;13.0;0.0;5.0;14.0;A01
32182;201300021347;0;7;0;0.0;2.0;1.0;2.0;A01
32183;201300021347;0;17;0;0.0;0.0;0.0;2.0;B02
32184;201300021348;0;33;0;0.0;0.0;1.0;1.0;A01
32185;201300021349;0;7;0;13.0;0.0;2.0;1.0;A01
32186;201300021351;0;33;0;3.0;0.0;1.0;17.0;A01
32187;201300021352;0;7;0;13.0;0.0;7.0;1.0;A01
32188;201300021353;0;7;0;0.0;2.0;1.0;2.0;A01
32189;201300021353;0;7;0;0.0;2.0;4.0;2.0;B02
32190;201300021354;0;7;0;1.0;2.0;4.0;23.0;A01
32191;201300021354;0;17;0;1.0;0.0;2.0;1.0;B02
32192;201300021354;0;7;0;4.0;0.0;4.0;24.0;C03
32193;201300021355;0;7;0;0.0;2.0;2.0;17.0;A01
32194;201300021355;0;7;0;0.0;0.0;6.0;1.0;B02