;Num_Acc;senc;catv;occutc;obs;obsm;choc;manv;num_veh
32195;201300021356;0;10;0;0.0;2.0;1.0;2.0;A01
32196;201300021356;0;17;0;0.0;2.0;4.0;2.0;B02
32197;201300021357;0;17;0;1.0;1.0;2.0;1.0;A01
32198;201300021358;0;7;0;1.0;0.0;2.0;14.0;C03
32199;201300021358;0;7;0;0.0;0.0;0.0;0.0;A01
32200;201300021359;0;7;0;0.0;2.0;1.0;21.0;B02
32201;201300021359;0;7;0;14.0;0.0;1.0;21.0;D04
32202;201300021359;0;10;0;3.0;0.0;0.0;1.0;A01
32203;201300021359;0;7;0;0.0;0.0;4.0;21.0;C03
32204;201300021360;0;33;0;0.0;0.0;7.0;1.0;A01
32205;201300021361;0;7;0;0.0;2.0;3.0;16.0;A01
32206;201300021361;0;30;0;0.0;2.0;1.0;1.0;B02
32207;201300021362;0;7;0;13.0;0.0;9.0;1.0;A01
32208;201300021363;0;7;0;0.0;2.0;1.0;16.0;B02
32209;201300021363;0;7;0;0.0;2.0;1.0;17.0;A01
32210;201300021363;0;7;0;0.0;2.0;8.0;1.0;C03
32211;201300021364;0;7;0;0.0;2.0;3.0;1.0;B01
32212;201300021364;0;1;0;0.0;2.0;1.0;1.0;A01
32213;201300021365;0;7;0;0.0;2.0;1.0;2.0;A01
32214;201300021365;0;7;0;0.0;2.0;4.0;2.0;B01
32215;201300021366;0;1;0;0.0;2.0;0.0;1.0;B01
32216;201300021366;0;7;0;0.0;2.0;0.0;16.0;A01
32217;201300021367;0;7;0;0.0;0.0;0.0;21.0;A01
32218;201300021367;1;7;0;0.0;0.0;0.0;0.0;Z01
32219;201300021368;0;7;0;0.0;1.0;2.0;1.0;A01
32220;201300021369;0;7;0;0.0;2.0;1.0;1.0;B01
32221;201300021369;0;7;0;0.0;2.0;3.0;1.0;A01
32222;201300021370;0;7;0;0.0;0.0;4.0;2.0;A01
32223;201300021370;0;7;0;0.0;0.0;4.0;1.0;B01
32224;201300021371;0;7;0;0.0;1.0;1.0;0.0;A01
32225;201300021372;0;7;0;0.0;0.0;3.0;20.0;A01
32226;201300021372;0;7;0;0.0;2.0;2.0;1.0;B01
32227;201300021373;0;33;0;0.0;2.0;1.0;1.0;A01
32228;201300021373;0;7;0;0.0;2.0;5.0;15.0;B01
32229;201300021373;0;7;0;0.0;0.0;1.0;1.0;C01
32230;201300021374;0;7;0;0.0;1.0;3.0;1.0;A01
32231;201300021375;0;7;0;0.0;1.0;1.0;0.0;A01
32232;201300021376;0;7;0;0.0;2.0;1.0;2.0;A01
32233;201300021376;0;7;0;0.0;2.0;4.0;2.0;B01
32234;201300021376;0;7;0;0.0;2.0;4.0;2.0;C01
32235;201300021377;0;7;0;0.0;2.0;1.0;1.0;A01
32236;201300021377;0;7;0;0.0;2.0;1.0;1.0;B01
32237;201300021378;0;7;0;0.0;1.0;3.0;1.0;A01
32238;201300021379;0;2;0;0.0;0.0;6.0;1.0;A01
32239;201300021380;0;7;0;0.0;2.0;0.0;15.0;A01
32240;201300021380;0;33;0;0.0;2.0;1.0;17.0;B01
32241;201300021381;0;17;0;6.0;0.0;1.0;6.0;A01
32242;201300021382;0;7;0;0.0;2.0;1.0;17.0;A01
32243;201300021382;0;7;0;0.0;2.0;8.0;15.0;B01
32244;201300021383;0;7;0;0.0;2.0;8.0;10.0;A01
32245;201300021383;0;7;0;0.0;2.0;1.0;1.0;B01
32246;201300021384;0;32;0;0.0;2.0;2.0;15.0;A01
32247;201300021384;0;7;0;0.0;2.0;1.0;1.0;B01
32248;201300021385;0;7;0;0.0;2.0;8.0;1.0;A01
32249;201300021385;0;7;0;0.0;0.0;8.0;1.0;B01
32250;201300021386;0;7;0;0.0;2.0;4.0;1.0;B01
32251;201300021386;1;7;0;;0.0;0.0;;Z01
32252;201300021387;0;2;0;0.0;2.0;1.0;1.0;A01
32253;201300021387;0;7;0;0.0;2.0;0.0;15.0;B01
32254;201300021388;0;1;0;0.0;2.0;8.0;1.0;B01
32255;201300021388;1;7;0;0.0;2.0;2.0;19.0;Z01
32256;201300021389;0;7;0;0.0;2.0;1.0;2.0;A01
32257;201300021389;0;7;0;0.0;0.0;4.0;0.0;B01
32258;201300021390;0;7;0;0.0;2.0;1.0;11.0;A01
32259;201300021390;0;33;0;0.0;2.0;4.0;0.0;B01
32260;201300021391;0;7;0;0.0;2.0;7.0;12.0;A01
32261;201300021391;0;34;0;0.0;2.0;1.0;1.0;B01
32262;201300021392;0;7;0;0.0;2.0;1.0;9.0;A01
32263;201300021392;0;7;0;0.0;2.0;6.0;23.0;B01
32264;201300021393;0;30;0;15.0;0.0;1.0;5.0;A01
32265;201300021394;0;33;0;0.0;1.0;1.0;0.0;A01
32266;201300021395;0;31;0;0.0;2.0;6.0;12.0;A01
32267;201300021395;0;7;0;0.0;0.0;1.0;16.0;B01
32268;201300021396;0;33;0;0.0;2.0;8.0;1.0;B01
32269;201300021396;0;30;0;0.0;2.0;1.0;15.0;A01
32270;201300021397;0;7;0;0.0;0.0;4.0;15.0;B01
32271;201300021397;0;7;0;0.0;2.0;1.0;0.0;A01
32272;201300021398;1;30;0;0.0;2.0;2.0;17.0;Z01
32273;201300021398;0;1;0;0.0;2.0;3.0;1.0;B01
32274;201300021399;0;7;0;0.0;0.0;8.0;1.0;A01
32275;201300021400;0;7;0;0.0;2.0;1.0;1.0;A01
32276;201300021400;0;7;0;0.0;2.0;4.0;0.0;B01
32277;201300021401;0;2;0;0.0;0.0;0.0;0.0;A01
32278;201300021402;0;2;0;0.0;2.0;3.0;1.0;B01
32279;201300021402;1;99;0;0.0;0.0;0.0;0.0;Z01
32280;201300021403;0;7;0;0.0;2.0;1.0;1.0;A01
32281;201300021403;0;1;0;0.0;2.0;1.0;1.0;B01
32282;201300021404;0;2;0;0.0;2.0;2.0;1.0;A01
32283;201300021404;0;7;0;0.0;0.0;3.0;1.0;C01
32284;201300021404;0;7;0;0.0;2.0;2.0;1.0;B01
32285;201300021405;0;7;0;0.0;1.0;3.0;1.0;A01
32286;201300021406;0;7;0;0.0;2.0;8.0;15.0;B01
32287;201300021406;1;99;0;0.0;2.0;1.0;17.0;Z01
32288;201300021407;0;7;0;8.0;0.0;1.0;0.0;A01
32289;201300021408;1;32;0;0.0;1.0;0.0;1.0;A01
32290;201300021409;0;7;0;0.0;0.0;7.0;15.0;A01
32291;201300021409;0;33;0;0.0;2.0;1.0;1.0;B01
32292;201300021410;0;33;0;0.0;0.0;0.0;1.0;A01
32293;201300021411;0;7;0;0.0;2.0;1.0;1.0;B01
32294;201300021411;0;7;0;0.0;0.0;3.0;0.0;A01
32295;201300021412;0;7;0;0.0;2.0;1.0;13.0;A01
32296;201300021412;0;7;0;0.0;2.0;1.0;1.0;B01
32297;201300021413;0;7;0;0.0;2.0;0.0;13.0;A01
32298;201300021413;0;7;0;0.0;2.0;1.0;1.0;B01
32299;201300021414;0;7;0;0.0;2.0;3.0;15.0;B01
32300;201300021414;0;32;0;0.0;2.0;1.0;17.0;A01
32301;201300021415;0;37;2;0.0;2.0;0.0;19.0;A01
32302;201300021415;0;7;0;14.0;2.0;8.0;1.0;B01
32303;201300021416;0;7;0;0.0;0.0;0.0;2.0;A01
32304;201300021416;0;2;0;0.0;0.0;1.0;2.0;B01
32305;201300021417;0;7;0;0.0;1.0;1.0;1.0;A01
32306;201300021418;0;7;0;0.0;2.0;4.0;15.0;B01
32307;201300021418;0;7;0;0.0;2.0;3.0;1.0;A01
32308;201300021420;0;15;0;0.0;2.0;3.0;15.0;A01
32309;201300021420;0;7;0;0.0;2.0;5.0;16.0;B01
32310;201300021421;1;7;0;1.0;0.0;3.0;20.0;A01
32311;201300021422;0;10;0;0.0;1.0;2.0;1.0;A01
32312;201300021423;0;7;0;5.0;0.0;4.0;4.0;A01
32313;201300021424;0;7;0;0.0;2.0;3.0;13.0;A01
32314;201300021424;0;17;0;0.0;2.0;3.0;2.0;B01
32315;201300021424;0;7;0;0.0;2.0;8.0;2.0;C01
32316;201300021424;0;7;0;0.0;2.0;8.0;2.0;D01
32317;201300021425;0;7;0;1.0;0.0;8.0;9.0;A01
32318;201300021425;0;7;0;0.0;2.0;2.0;2.0;B01
32319;201300021426;0;7;0;0.0;2.0;2.0;2.0;A01
32320;201300021426;0;7;0;0.0;0.0;4.0;2.0;B01
32321;201300021427;0;33;0;15.0;0.0;0.0;1.0;A01
32322;201300021427;0;7;0;0.0;2.0;5.0;24.0;B01
32323;201300021428;0;7;0;0.0;2.0;7.0;0.0;B01
32324;201300021428;0;7;0;0.0;2.0;2.0;19.0;A01
32325;201300021429;0;7;0;0.0;1.0;0.0;0.0;A01
32326;201300021430;0;2;0;0.0;2.0;1.0;2.0;A01
32327;201300021430;0;2;0;0.0;2.0;7.0;2.0;B01
32328;201300021431;0;7;0;0.0;2.0;1.0;17.0;A01
32329;201300021431;0;7;0;0.0;2.0;2.0;17.0;B01
32330;201300021432;0;7;0;0.0;1.0;2.0;2.0;A01
32331;201300021433;0;33;0;0.0;2.0;4.0;2.0;A01
32332;201300021433;0;7;0;0.0;2.0;4.0;1.0;B01
32333;201300021434;0;7;0;0.0;2.0;1.0;2.0;A01
32334;201300021434;0;7;0;0.0;2.0;3.0;2.0;B01
32335;201300021435;0;33;0;0.0;2.0;1.0;2.0;B01
32336;201300021435;0;7;0;0.0;2.0;7.0;1.0;A01
32337;201300021436;0;1;0;1.0;0.0;1.0;21.0;A01
32338;201300021438;0;32;0;0.0;2.0;1.0;17.0;A01
32339;201300021440;0;10;0;0.0;2.0;2.0;2.0;A01
32340;201300021440;0;7;0;0.0;0.0;4.0;2.0;B01
32341;201300021441;0;7;0;0.0;1.0;1.0;1.0;A01
32342;201300021442;0;33;0;0.0;2.0;1.0;17.0;A01
32343;201300021442;0;7;0;0.0;2.0;3.0;15.0;B01
32344;201300021443;0;33;0;0.0;2.0;1.0;1.0;B01
32345;201300021443;0;7;0;0.0;2.0;3.0;15.0;A01
32346;201300021444;0;7;0;0.0;1.0;3.0;1.0;A01
32347;201300021445;0;14;0;0.0;2.0;8.0;10.0;B01
32348;201300021445;0;33;0;0.0;2.0;1.0;2.0;A01
32349;201300021446;0;7;0;0.0;2.0;8.0;2.0;A01
32350;201300021446;0;33;0;0.0;2.0;1.0;2.0;B01
32351;201300021447;0;1;0;0.0;1.0;0.0;0.0;A01
32352;201300021448;0;7;0;13.0;0.0;1.0;14.0;A01
32353;201300021450;0;1;0;0.0;0.0;8.0;1.0;A01
32354;201300021450;0;7;0;0.0;0.0;3.0;1.0;B01
32355;201300021451;0;7;0;0.0;2.0;2.0;1.0;A01
32356;201300021451;0;1;0;0.0;2.0;1.0;19.0;B01
32357;201300021452;0;7;0;0.0;2.0;7.0;1.0;B01
32358;201300021452;0;7;0;0.0;2.0;1.0;1.0;A01
32359;201300021453;0;7;0;0.0;2.0;1.0;5.0;A01
32360;201300021453;0;7;0;0.0;2.0;1.0;1.0;B01
32361;201300021454;0;7;0;0.0;2.0;3.0;13.0;A01
32362;201300021454;0;7;0;0.0;2.0;3.0;1.0;B01
32363;201300021455;0;10;0;0.0;1.0;0.0;1.0;A01
32364;201300021457;0;31;0;0.0;2.0;1.0;17.0;A01
32365;201300021457;0;7;0;0.0;0.0;6.0;15.0;B01
32366;201300021458;0;10;0;0.0;1.0;4.0;4.0;A01
32367;201300021459;0;7;0;0.0;1.0;2.0;1.0;A01
32368;201300021460;0;7;0;0.0;1.0;4.0;24.0;A01
32369;201300021461;0;7;0;0.0;2.0;1.0;9.0;A01
32370;201300021461;0;33;0;0.0;2.0;1.0;1.0;B01
32371;201300021462;0;7;0;0.0;2.0;1.0;13.0;A01
32372;201300021462;0;7;0;0.0;2.0;1.0;0.0;B01
32373;201300021463;0;7;0;0.0;2.0;5.0;15.0;A01
32374;201300021463;0;7;0;0.0;2.0;1.0;0.0;B01
32375;201300021463;0;7;0;0.0;2.0;1.0;1.0;C01
32376;201300021464;0;30;0;0.0;0.0;0.0;2.0;A01
32377;201300021465;0;7;0;3.0;0.0;0.0;0.0;A01
32378;201300021467;0;7;0;0.0;0.0;8.0;0.0;A01
32379;201300021467;0;38;0;0.0;0.0;7.0;0.0;B01
32380;201300021468;0;7;0;0.0;2.0;6.0;2.0;A01
32381;201300021468;0;33;0;0.0;2.0;2.0;0.0;B01
32382;201300021469;0;7;0;3.0;0.0;2.0;14.0;A01
32383;201300021470;0;33;0;0.0;2.0;3.0;17.0;A01
32384;201300021470;0;7;0;0.0;2.0;3.0;15.0;B01
32385;201300021471;0;7;0;0.0;9.0;3.0;15.0;A01
32386;201300021471;0;1;0;0.0;2.0;2.0;2.0;B01
32387;201300021472;0;33;0;9.0;0.0;1.0;2.0;A01
32388;201300021473;0;30;0;0.0;0.0;8.0;0.0;A01
32389;201300021474;0;30;0;0.0;0.0;8.0;0.0;A01
32390;201300021475;0;1;0;0.0;1.0;1.0;2.0;A01
32391;201300021476;0;7;0;13.0;0.0;9.0;1.0;A01
32392;201300021477;0;7;0;3.0;0.0;1.0;17.0;A01
32393;201300021478;0;1;0;0.0;2.0;4.0;2.0;B01
32394;201300021478;0;7;0;0.0;2.0;1.0;2.0;A01
32395;201300021481;0;7;0;0.0;1.0;3.0;1.0;A01
32396;201300021482;0;7;0;8.0;0.0;1.0;15.0;A01
32397;201300021483;0;30;0;0.0;0.0;0.0;0.0;A01
32398;201300021484;1;2;0;0.0;0.0;0.0;0.0;A01
32399;201300021485;0;2;0;0.0;2.0;3.0;9.0;B01
32400;201300021485;1;7;0;0.0;2.0;2.0;9.0;Z01
32401;201300021486;0;7;0;0.0;2.0;1.0;2.0;A01
32402;201300021486;0;7;0;0.0;2.0;4.0;2.0;B01
32403;201300021487;0;2;0;0.0;0.0;0.0;1.0;A01
32404;201300021488;0;33;0;0.0;2.0;1.0;9.0;A01
32405;201300021488;0;7;0;0.0;0.0;2.0;1.0;B01
32406;201300021489;0;7;0;0.0;2.0;2.0;15.0;A01
32407;201300021489;0;2;0;0.0;2.0;3.0;1.0;B01
32408;201300021490;0;7;0;0.0;2.0;4.0;2.0;B01
32409;201300021490;0;7;0;0.0;2.0;2.0;2.0;A01
32410;201300021491;0;33;0;0.0;2.0;1.0;1.0;B01
32411;201300021491;0;7;0;0.0;2.0;2.0;15.0;A01
32412;201300021492;0;10;0;0.0;0.0;4.0;23.0;C01
32413;201300021492;0;7;0;0.0;0.0;4.0;23.0;B01
32414;201300021492;0;7;0;0.0;0.0;1.0;2.0;A01
32415;201300021494;0;7;0;0.0;2.0;1.0;1.0;A01
32416;201300021494;0;30;0;0.0;2.0;7.0;1.0;B01
32417;201300021495;0;7;0;0.0;1.0;3.0;0.0;A01
32418;201300021497;0;7;0;2.0;0.0;8.0;0.0;A01
32419;201300021498;0;2;0;12.0;0.0;1.0;21.0;A01
32420;201300021499;0;7;0;0.0;1.0;5.0;4.0;A01
32421;201300021500;0;7;0;14.0;0.0;2.0;21.0;A01
32422;201300021500;0;10;0;0.0;0.0;6.0;23.0;B01
32423;201300021500;0;30;0;14.0;0.0;7.0;21.0;C01
32424;201300021501;0;7;0;0.0;2.0;3.0;0.0;A01
32425;201300021501;0;7;0;0.0;2.0;8.0;9.0;B01
32426;201300021502;0;2;0;0.0;0.0;4.0;2.0;B01
32427;201300021502;0;10;0;0.0;2.0;3.0;2.0;A01
32428;201300021503;0;7;0;0.0;1.0;3.0;2.0;A01
32429;201300021504;0;7;0;0.0;1.0;1.0;1.0;A01
32430;201300021505;0;7;0;0.0;2.0;7.0;0.0;A01
32431;201300021505;0;7;0;0.0;2.0;1.0;2.0;B01
32432;201300021506;0;30;0;0.0;0.0;7.0;16.0;A01
32433;201300021507;0;1;0;0.0;2.0;8.0;1.0;B01
32434;201300021507;0;7;0;0.0;9.0;1.0;1.0;A01
32435;201300021508;0;7;0;0.0;2.0;3.0;9.0;A01
32436;201300021508;0;7;0;0.0;2.0;2.0;1.0;B01
32437;201300021509;0;10;0;0.0;0.0;0.0;1.0;A01
32438;201300021511;2;7;0;0.0;0.0;0.0;16.0;B01
32439;201300021511;0;1;0;0.0;0.0;0.0;1.0;A01
32440;201300021512;0;7;0;0.0;2.0;1.0;19.0;A01
32441;201300021512;0;7;0;0.0;2.0;1.0;1.0;B01
32442;201300021513;0;7;0;0.0;1.0;3.0;1.0;A01
32443;201300021514;0;33;0;0.0;2.0;1.0;17.0;B01
32444;201300021514;0;7;0;0.0;2.0;8.0;10.0;A01
32445;201300021515;0;7;0;0.0;2.0;2.0;2.0;B01
32446;201300021515;0;31;0;0.0;2.0;8.0;2.0;A01
32447;201300021516;0;10;0;0.0;0.0;1.0;2.0;A01
32448;201300021516;0;10;0;0.0;0.0;4.0;0.0;B01
32449;201300021517;0;7;0;0.0;1.0;1.0;2.0;A01
32450;201300021518;0;30;0;0.0;2.0;1.0;1.0;B01
32451;201300021518;0;7;0;0.0;2.0;2.0;15.0;A01
32452;201300021519;0;1;0;0.0;0.0;0.0;2.0;A01
32453;201300021520;0;7;0;0.0;2.0;4.0;2.0;C01
32454;201300021520;0;7;0;0.0;2.0;1.0;2.0;A01
32455;201300021520;0;7;0;0.0;2.0;4.0;2.0;B01
32456;201300021521;0;33;0;0.0;0.0;0.0;1.0;A01
32457;201300021522;0;7;0;0.0;1.0;1.0;15.0;A01
32458;201300021523;0;7;0;0.0;1.0;4.0;4.0;A01
32459;201300021524;0;7;0;0.0;2.0;1.0;2.0;A01
32460;201300021524;0;7;0;0.0;2.0;4.0;2.0;B01
32461;201300021525;0;7;0;0.0;2.0;1.0;2.0;A01
32462;201300021525;0;7;0;0.0;2.0;1.0;15.0;B01
32463;201300021527;0;30;0;0.0;0.0;0.0;2.0;A01
32464;201300021528;0;7;0;0.0;0.0;4.0;0.0;C01
32465;201300021528;0;7;0;0.0;2.0;1.0;1.0;A01
32466;201300021528;0;7;0;0.0;2.0;1.0;1.0;B01
32467;201300021529;0;7;0;0.0;2.0;8.0;1.0;C01
32468;201300021529;0;7;0;0.0;2.0;7.0;17.0;A01
32469;201300021529;0;7;0;0.0;2.0;3.0;1.0;B01
32470;201300021529;0;7;0;0.0;2.0;1.0;1.0;D01
32471;201300021530;0;7;0;0.0;2.0;4.0;2.0;A01
32472;201300021530;0;1;0;0.0;2.0;4.0;2.0;B01
32473;201300021531;0;1;0;0.0;0.0;0.0;0.0;A01
32474;201300021532;0;7;0;0.0;0.0;1.0;5.0;A01
32475;201300021533;0;7;0;0.0;2.0;4.0;2.0;B02
32476;201300021533;0;7;0;0.0;2.0;1.0;2.0;A01
32477;201300021534;0;33;0;0.0;2.0;1.0;17.0;A01
32478;201300021534;0;10;0;0.0;0.0;0.0;15.0;B02
32479;201300021535;0;7;0;0.0;2.0;3.0;1.0;B02
32480;201300021535;0;2;0;0.0;2.0;1.0;5.0;A01
32481;201300021536;0;10;0;0.0;2.0;3.0;1.0;B02
32482;201300021536;0;7;0;0.0;2.0;3.0;1.0;A01
32483;201300021538;0;7;0;0.0;0.0;2.0;1.0;A01
32484;201300021539;0;7;0;0.0;2.0;0.0;2.0;C03
32485;201300021539;0;7;0;0.0;2.0;0.0;2.0;D04
32486;201300021539;0;7;0;0.0;2.0;0.0;2.0;B02
32487;201300021539;0;15;0;0.0;2.0;2.0;2.0;E05
32488;201300021539;0;10;0;0.0;2.0;4.0;1.0;A01
32489;201300021539;0;7;0;0.0;2.0;1.0;2.0;F06
32490;201300021540;0;7;0;0.0;2.0;8.0;11.0;B02
32491;201300021540;0;30;0;0.0;2.0;1.0;13.0;A01
32492;201300021541;0;7;0;2.0;0.0;2.0;1.0;A01
32493;201300021542;0;7;0;0.0;2.0;1.0;2.0;A01
32494;201300021542;0;7;0;0.0;2.0;4.0;2.0;B02
32495;201300021543;0;1;0;0.0;0.0;0.0;1.0;A01
32496;201300021544;0;2;0;0.0;2.0;1.0;17.0;B02
32497;201300021544;0;7;0;0.0;2.0;3.0;15.0;A01
32498;201300021545;0;31;0;0.0;0.0;8.0;1.0;A01
32499;201300021546;0;7;0;0.0;1.0;1.0;24.0;A01
32500;201300021547;0;36;0;8.0;0.0;1.0;13.0;A01
32501;201300021549;0;10;0;0.0;1.0;4.0;4.0;A01
32502;201300021550;0;7;0;0.0;1.0;2.0;1.0;A01
32503;201300021551;0;7;0;0.0;2.0;1.0;2.0;A01
32504;201300021551;0;7;0;0.0;2.0;4.0;2.0;B01
32505;201300021552;0;15;0;0.0;2.0;7.0;12.0;A01
32506;201300021552;0;7;0;0.0;2.0;8.0;1.0;B01
32507;201300021553;0;33;0;0.0;2.0;9.0;17.0;A01
32508;201300021553;0;7;0;0.0;2.0;3.0;15.0;B01
32509;201300021554;0;7;0;0.0;2.0;1.0;1.0;B01
32510;201300021554;0;7;0;0.0;2.0;1.0;15.0;A01
32511;201300021555;0;7;0;0.0;1.0;3.0;1.0;A01
32512;201300021556;0;7;0;0.0;2.0;4.0;1.0;B01
32513;201300021556;2;7;0;0.0;2.0;1.0;1.0;Z01
32514;201300021557;0;7;0;0.0;2.0;9.0;13.0;A01
32515;201300021557;0;17;0;0.0;2.0;9.0;1.0;B01
32516;201300021557;0;17;0;0.0;2.0;9.0;1.0;C01
32517;201300021558;0;7;0;0.0;1.0;6.0;23.0;B01
32518;201300021560;0;7;0;0.0;2.0;1.0;1.0;A01
32519;201300021560;0;31;0;0.0;2.0;4.0;1.0;B01
32520;201300021561;0;7;0;0.0;2.0;1.0;15.0;A01
32521;201300021561;0;7;0;0.0;2.0;1.0;1.0;B01
32522;201300021562;0;7;0;0.0;2.0;1.0;1.0;A01
32523;201300021562;0;7;0;0.0;2.0;1.0;1.0;B01
32524;201300021565;0;7;0;0.0;2.0;9.0;13.0;A01
32525;201300021565;0;13;0;0.0;2.0;3.0;1.0;B01
32526;201300021566;0;7;0;0.0;2.0;1.0;13.0;A01
32527;201300021566;0;7;0;0.0;2.0;1.0;1.0;B01
32528;201300021568;0;7;0;0.0;2.0;1.0;13.0;A01
32529;201300021568;0;7;0;0.0;2.0;1.0;1.0;B01
32530;201300021569;0;7;0;0.0;1.0;2.0;1.0;A01
32531;201300021570;0;33;0;0.0;2.0;8.0;2.0;A01
32532;201300021570;0;37;1;0.0;0.0;0.0;15.0;B01
32533;201300021571;0;7;0;0.0;2.0;8.0;15.0;A01
32534;201300021571;0;34;0;0.0;2.0;3.0;17.0;B01
32535;201300021572;0;7;0;0.0;2.0;3.0;9.0;A01
32536;201300021572;0;2;0;0.0;2.0;1.0;0.0;B01
32537;201300021573;0;7;0;11.0;2.0;1.0;13.0;A01
32538;201300021573;0;7;0;0.0;2.0;3.0;1.0;B01
32539;201300021574;0;7;0;0.0;2.0;1.0;1.0;B01
32540;201300021574;0;7;0;0.0;2.0;3.0;15.0;A01
32541;201300021575;0;7;0;0.0;2.0;2.0;13.0;A01
32542;201300021575;0;17;0;0.0;2.0;6.0;2.0;B02
32543;201300021576;0;15;0;4.0;0.0;2.0;14.0;A01
32544;201300021577;0;10;0;0.0;2.0;1.0;2.0;A01
32545;201300021577;0;17;0;0.0;2.0;4.0;2.0;B02
32546;201300021577;0;10;0;14.0;0.0;2.0;21.0;C03
32547;201300021578;0;7;0;4.0;0.0;3.0;13.0;A01
32548;201300021578;0;7;0;14.0;0.0;3.0;14.0;B02
32549;201300021578;0;7;0;14.0;0.0;1.0;2.0;C03
32550;201300021579;0;7;0;0.0;2.0;1.0;12.0;A01
32551;201300021579;0;17;0;0.0;2.0;4.0;1.0;B02
32552;201300021579;0;17;0;0.0;2.0;4.0;1.0;C03
32553;201300021580;0;7;0;0.0;2.0;1.0;14.0;A01
32554;201300021580;0;7;0;0.0;0.0;4.0;1.0;B02
32555;201300021581;0;7;0;4.0;0.0;3.0;13.0;A01
32556;201300021582;0;7;0;0.0;2.0;4.0;23.0;A01
32557;201300021582;0;17;0;14.0;0.0;1.0;2.0;B02
32558;201300021583;0;7;0;13.0;0.0;2.0;1.0;A01
32559;201300021584;0;33;0;0.0;2.0;1.0;1.0;A01
32560;201300021584;0;7;0;0.0;0.0;3.0;1.0;B02
32561;201300021585;0;7;0;2.0;0.0;8.0;13.0;A01
32562;201300021586;0;7;0;0.0;0.0;4.0;11.0;A01
32563;201300021586;0;7;0;0.0;2.0;1.0;1.0;B02
32564;201300021587;0;33;0;7.0;0.0;1.0;15.0;A01
32565;201300021588;0;7;0;0.0;2.0;8.0;11.0;A01
32566;201300021588;0;10;0;0.0;2.0;7.0;17.0;B02
32567;201300021589;0;7;0;0.0;2.0;3.0;13.0;A01
32568;201300021589;0;7;0;0.0;2.0;3.0;1.0;B02
32569;201300021590;0;10;0;0.0;1.0;2.0;2.0;A01
32570;201300021591;0;33;0;0.0;2.0;2.0;13.0;A01
32571;201300021591;0;33;0;0.0;2.0;2.0;1.0;B02
32572;201300021591;0;7;0;0.0;2.0;1.0;1.0;C03
32573;201300021592;0;14;0;0.0;0.0;4.0;1.0;A01
32574;201300021592;0;14;0;0.0;2.0;1.0;2.0;B02
32575;201300021593;0;7;0;7.0;1.0;1.0;20.0;A01
32576;201300021594;0;10;0;0.0;2.0;7.0;17.0;A01
32577;201300021594;0;1;0;0.0;0.0;8.0;1.0;B02
32578;201300021595;0;33;0;0.0;0.0;7.0;17.0;B02
32579;201300021595;0;7;0;0.0;0.0;7.0;19.0;A01
32580;201300021596;0;7;0;0.0;2.0;3.0;2.0;A01
32581;201300021596;0;33;0;0.0;2.0;2.0;2.0;B02
32582;201300021597;0;7;0;0.0;2.0;3.0;17.0;A01
32583;201300021597;0;7;0;0.0;2.0;3.0;1.0;B02
32584;201300021598;0;33;0;13.0;0.0;1.0;1.0;A01
32585;201300021599;0;33;0;0.0;1.0;2.0;17.0;A01
32586;201300021600;0;7;0;0.0;2.0;1.0;5.0;A01
32587;201300021600;0;7;0;3.0;2.0;1.0;1.0;B02
32588;201300021601;0;31;0;0.0;2.0;1.0;1.0;B02
32589;201300021601;0;7;0;0.0;2.0;1.0;13.0;A01
32590;201300021602;0;7;0;0.0;0.0;1.0;1.0;A01
32591;201300021603;0;16;0;0.0;2.0;1.0;1.0;A01
32592;201300021603;0;7;0;4.0;2.0;1.0;13.0;B02
32593;201300021604;0;7;0;0.0;0.0;8.0;19.0;A01
32594;201300021604;0;14;0;0.0;2.0;2.0;1.0;B02
32595;201300021605;0;7;0;0.0;2.0;3.0;9.0;A01
32596;201300021605;0;7;0;0.0;2.0;7.0;1.0;B02
32597;201300021606;0;7;0;13.0;2.0;1.0;9.0;A01
32598;201300021606;0;7;0;0.0;2.0;8.0;1.0;B02
32599;201300021607;0;7;0;0.0;2.0;1.0;1.0;B02
32600;201300021607;0;7;0;0.0;2.0;8.0;19.0;A01
32601;201300021608;0;7;0;0.0;2.0;1.0;1.0;B02
32602;201300021608;0;30;0;0.0;2.0;1.0;13.0;A01
32603;201300021609;0;10;0;5.0;0.0;1.0;14.0;A01
32604;201300021610;0;7;0;0.0;2.0;1.0;5.0;A01
32605;201300021610;0;7;0;0.0;2.0;1.0;1.0;B02
32606;201300021611;0;7;0;0.0;2.0;1.0;2.0;A01
32607;201300021611;0;7;0;0.0;2.0;4.0;1.0;B02
32608;201300021612;0;7;0;13.0;0.0;2.0;12.0;A01
32609;201300021613;0;7;0;3.0;0.0;3.0;13.0;A01
32610;201300021614;0;7;0;0.0;2.0;4.0;1.0;A01
32611;201300021614;0;7;0;0.0;2.0;3.0;21.0;B02
32612;201300021614;0;33;0;0.0;2.0;1.0;2.0;C03
32613;201300021614;0;7;0;0.0;2.0;1.0;2.0;D04
32614;201300021615;0;7;0;0.0;2.0;3.0;2.0;A01
32615;201300021615;0;7;0;0.0;2.0;4.0;1.0;B02