;Num_Acc;senc;catv;occutc;obs;obsm;choc;manv;num_veh
32616;201300021616;0;33;0;0.0;2.0;3.0;2.0;A01
32617;201300021616;0;7;0;0.0;0.0;6.0;2.0;B02
32618;201300021617;0;7;0;13.0;0.0;2.0;1.0;A01
32619;201300021618;0;10;0;3.0;2.0;6.0;1.0;A01
32620;201300021618;0;7;0;13.0;2.0;1.0;12.0;B02
32621;201300021619;0;7;0;3.0;0.0;3.0;14.0;A01
32622;201300021620;0;7;0;3.0;0.0;3.0;13.0;A01
32623;201300021620;0;7;0;1.0;0.0;3.0;1.0;B02
32624;201300021621;0;7;0;2.0;0.0;1.0;14.0;A01
32625;201300021622;0;17;0;0.0;2.0;7.0;1.0;B02
32626;201300021622;0;7;0;0.0;2.0;8.0;9.0;A01
32627;201300021623;0;7;0;0.0;2.0;8.0;21.0;A01
32628;201300021623;0;7;0;0.0;2.0;4.0;1.0;B02
32629;201300021624;0;10;0;7.0;0.0;2.0;14.0;A01
32630;201300021625;0;7;0;13.0;0.0;3.0;1.0;A01
32631;201300021626;0;10;0;13.0;0.0;1.0;12.0;A01
32632;201300021627;0;7;0;7.0;0.0;1.0;14.0;A01
32633;201300021628;0;14;0;13.0;0.0;2.0;1.0;A01
32634;201300021629;0;7;0;13.0;0.0;1.0;1.0;A01
32635;201300021630;0;7;0;0.0;2.0;2.0;17.0;A01
32636;201300021630;0;7;0;0.0;2.0;6.0;1.0;B02
32637;201300021631;0;7;0;13.0;0.0;2.0;17.0;A01
32638;201300021632;0;7;0;3.0;0.0;3.0;2.0;A01
32639;201300021633;0;10;0;0.0;2.0;1.0;2.0;A01
32640;201300021633;0;14;0;0.0;2.0;4.0;2.0;B02
32641;201300021634;0;7;0;3.0;0.0;8.0;2.0;A01
32642;201300021635;0;7;0;0.0;6.0;9.0;2.0;A01
32643;201300021636;0;7;0;13.0;0.0;1.0;1.0;A01
32644;201300021637;0;7;0;13.0;0.0;1.0;1.0;A01
32645;201300021638;0;15;0;3.0;0.0;3.0;1.0;A01
32646;201300021639;0;7;0;0.0;0.0;1.0;1.0;A01
32647;201300021640;0;7;0;13.0;0.0;2.0;1.0;A01
32648;201300021641;0;7;0;13.0;0.0;1.0;1.0;A01
32649;201300021642;0;7;0;13.0;0.0;2.0;0.0;A01
32650;201300021643;0;33;0;3.0;0.0;8.0;1.0;A01
32651;201300021644;0;7;0;13.0;0.0;1.0;2.0;A01
32652;201300021645;0;7;0;4.0;0.0;3.0;2.0;A01
32653;201300021646;0;33;0;8.0;0.0;0.0;13.0;A01
32654;201300021647;0;10;0;0.0;0.0;4.0;2.0;A01
32655;201300021647;0;7;0;0.0;2.0;1.0;2.0;B02
32656;201300021648;0;7;0;0.0;1.0;2.0;1.0;A01
32657;201300021649;0;7;0;0.0;2.0;4.0;2.0;E05
32658;201300021649;0;7;0;0.0;2.0;1.0;2.0;B02
32659;201300021649;0;7;0;0.0;2.0;1.0;2.0;C03
32660;201300021649;0;7;0;0.0;2.0;4.0;2.0;D04
32661;201300021649;0;7;0;0.0;2.0;1.0;2.0;A01
32662;201300021650;0;7;0;0.0;0.0;4.0;2.0;B02
32663;201300021650;0;10;0;0.0;2.0;1.0;2.0;A01
32664;201300021651;0;17;0;0.0;2.0;6.0;1.0;C03
32665;201300021651;0;7;0;0.0;2.0;7.0;1.0;B02
32666;201300021651;0;33;0;0.0;2.0;3.0;3.0;A01
32667;201300021652;0;7;0;13.0;0.0;1.0;1.0;A01
32668;201300021653;0;7;0;0.0;2.0;2.0;18.0;A01
32669;201300021653;0;17;0;0.0;2.0;6.0;1.0;B02
32670;201300021653;0;10;0;0.0;2.0;5.0;1.0;C03
32671;201300021653;0;7;0;0.0;2.0;3.0;1.0;D04
32672;201300021654;0;7;0;13.0;0.0;2.0;1.0;A01
32673;201300021655;0;7;0;13.0;0.0;2.0;15.0;A01
32674;201300021657;0;7;0;0.0;0.0;5.0;23.0;B02
32675;201300021657;0;7;0;1.0;0.0;1.0;1.0;C03
32676;201300021657;0;7;0;3.0;0.0;3.0;17.0;A01
32677;201300021658;0;1;0;0.0;2.0;4.0;15.0;B02
32678;201300021658;0;37;1;0.0;9.0;2.0;17.0;A01
32679;201300021659;0;7;0;0.0;2.0;1.0;1.0;B02
32680;201300021659;0;7;0;0.0;2.0;7.0;19.0;A01
32681;201300021660;0;7;0;0.0;0.0;1.0;1.0;A01
32682;201300021662;0;33;0;0.0;2.0;1.0;17.0;A01
32683;201300021662;0;7;0;0.0;0.0;8.0;15.0;B01
32684;201300021663;0;33;0;0.0;0.0;1.0;1.0;A01
32685;201300021664;0;7;0;0.0;2.0;1.0;1.0;B02
32686;201300021664;0;7;0;0.0;2.0;8.0;15.0;A01
32687;201300021665;0;7;0;2.0;0.0;9.0;14.0;A01
32688;201300021666;0;7;0;0.0;2.0;1.0;1.0;B01
32689;201300021666;0;7;0;0.0;2.0;2.0;15.0;A01
32690;201300021667;0;7;0;0.0;2.0;1.0;13.0;A01
32691;201300021667;0;7;0;0.0;2.0;1.0;1.0;B02
32692;201300021668;0;30;0;0.0;2.0;1.0;1.0;A01
32693;201300021668;0;7;0;0.0;2.0;7.0;1.0;B02
32694;201300021669;0;7;0;0.0;0.0;7.0;15.0;A01
32695;201300021669;0;2;0;0.0;0.0;1.0;1.0;B02
32696;201300021670;0;7;0;9.0;9.0;0.0;1.0;A01
32697;201300021671;0;7;0;2.0;0.0;8.0;0.0;A01
32698;201300021672;0;7;0;0.0;2.0;1.0;1.0;B02
32699;201300021672;0;7;0;0.0;2.0;7.0;19.0;A01
32700;201300021673;0;7;0;0.0;2.0;1.0;0.0;A01
32701;201300021673;0;7;0;0.0;2.0;1.0;0.0;B02
32702;201300021674;0;7;0;16.0;0.0;0.0;1.0;A01
32703;201300021675;0;17;0;0.0;1.0;1.0;1.0;A01
32704;201300021676;0;33;0;0.0;0.0;4.0;23.0;A01
32705;201300021676;0;33;0;0.0;2.0;1.0;1.0;B02
32706;201300021677;0;33;0;0.0;0.0;8.0;1.0;A01
32707;201300021678;0;3;0;6.0;0.0;2.0;1.0;A01
32708;201300021679;0;33;0;0.0;0.0;1.0;5.0;B02
32709;201300021679;0;7;0;0.0;0.0;8.0;9.0;A01
32710;201300021680;0;21;0;0.0;2.0;3.0;15.0;B02
32711;201300021680;0;33;0;0.0;2.0;3.0;2.0;A01
32712;201300021681;0;33;0;0.0;0.0;3.0;13.0;A01
32713;201300021682;0;30;0;15.0;0.0;1.0;2.0;A01
32714;201300021683;0;33;0;0.0;0.0;1.0;1.0;A01
32715;201300021684;0;7;0;2.0;0.0;1.0;0.0;A01
32716;201300021686;0;10;0;0.0;0.0;1.0;1.0;A01
32717;201300021687;0;7;0;2.0;0.0;1.0;1.0;A01
32718;201300021688;0;7;0;0.0;1.0;3.0;15.0;A01
32719;201300021690;0;7;0;0.0;2.0;5.0;1.0;B02
32720;201300021690;0;7;0;0.0;2.0;3.0;1.0;A01
32721;201300021691;0;33;0;0.0;2.0;4.0;2.0;A01
32722;201300021691;0;7;0;0.0;2.0;3.0;2.0;B02
32723;201300021692;0;38;0;13.0;0.0;7.0;14.0;A01
32724;201300021693;0;15;0;0.0;2.0;8.0;2.0;C03
32725;201300021693;0;7;0;0.0;2.0;3.0;13.0;A01
32726;201300021693;0;7;0;0.0;2.0;3.0;1.0;B02
32727;201300021695;0;2;0;0.0;2.0;1.0;1.0;A01
32728;201300021695;0;13;0;0.0;2.0;3.0;1.0;B02
32729;201300021696;0;7;0;0.0;2.0;1.0;13.0;A01
32730;201300021696;0;7;0;0.0;2.0;3.0;1.0;B02
32731;201300021697;0;7;0;0.0;2.0;1.0;1.0;B02
32732;201300021697;0;33;0;0.0;2.0;1.0;13.0;A01
32733;201300021698;0;33;0;0.0;2.0;8.0;1.0;B02
32734;201300021698;0;7;0;0.0;2.0;2.0;14.0;A01
32735;201300021699;0;10;0;0.0;9.0;2.0;1.0;A01
32736;201300021699;0;1;0;0.0;2.0;1.0;15.0;B02
32737;201300021700;0;36;0;0.0;0.0;9.0;1.0;A01
32738;201300021701;0;7;0;15.0;0.0;1.0;14.0;A01
32739;201300021702;0;33;0;0.0;1.0;1.0;1.0;A01
32740;201300021703;0;10;0;0.0;2.0;3.0;13.0;B02
32741;201300021703;0;33;0;0.0;9.0;0.0;1.0;C03
32742;201300021703;0;33;0;0.0;2.0;1.0;17.0;A01
32743;201300021704;0;7;0;0.0;1.0;1.0;1.0;A01
32744;201300021705;0;7;0;0.0;2.0;3.0;1.0;B02
32745;201300021705;0;7;0;0.0;2.0;3.0;1.0;A01
32746;201300021706;0;33;0;0.0;9.0;0.0;1.0;A01
32747;201300021707;0;7;0;2.0;0.0;2.0;1.0;A01
32748;201300021708;0;7;0;13.0;0.0;7.0;1.0;A01
32749;201300021709;0;10;0;2.0;0.0;3.0;1.0;A01
32750;201300021710;0;10;0;0.0;1.0;1.0;2.0;C03
32751;201300021712;0;33;0;0.0;0.0;4.0;2.0;B02
32752;201300021712;0;33;0;0.0;0.0;4.0;2.0;A01
32753;201300021714;0;7;0;0.0;2.0;1.0;2.0;A01
32754;201300021714;0;7;0;0.0;2.0;6.0;2.0;B02
32755;201300021715;0;10;0;4.0;0.0;3.0;1.0;A01
32756;201300021716;0;10;0;4.0;0.0;3.0;2.0;A01
32757;201300021718;0;7;0;0.0;2.0;6.0;2.0;A01
32758;201300021718;0;33;0;0.0;2.0;2.0;2.0;B02
32759;201300021719;0;10;0;0.0;0.0;9.0;1.0;A01
32760;201300021721;0;7;0;0.0;1.0;1.0;1.0;A01
32761;201300021722;0;7;0;0.0;2.0;8.0;1.0;C03
32762;201300021722;0;7;0;0.0;2.0;8.0;17.0;A01
32763;201300021722;0;7;0;0.0;2.0;6.0;1.0;B02
32764;201300021724;0;7;0;0.0;2.0;2.0;1.0;A01
32765;201300021724;0;1;0;0.0;2.0;4.0;0.0;B02
32766;201300021725;0;7;0;0.0;1.0;2.0;1.0;A01
32767;201300021726;0;7;0;0.0;2.0;1.0;1.0;A01
32768;201300021726;0;7;0;0.0;0.0;4.0;1.0;B02
32769;201300021727;0;7;0;0.0;9.0;2.0;1.0;B02
32770;201300021727;0;33;0;13.0;0.0;7.0;13.0;A01
32771;201300021728;0;7;0;13.0;0.0;3.0;19.0;A01
32772;201300021729;0;7;0;13.0;0.0;9.0;1.0;A01
32773;201300021730;0;1;0;0.0;2.0;4.0;1.0;B02
32774;201300021730;0;7;0;0.0;2.0;1.0;2.0;A01
32775;201300021731;0;17;0;0.0;1.0;1.0;1.0;A01
32776;201300021732;0;7;0;13.0;0.0;1.0;1.0;A01
32777;201300021733;0;33;0;0.0;2.0;2.0;6.0;A01
32778;201300021733;0;14;0;0.0;2.0;6.0;0.0;B02
32779;201300021734;0;15;0;0.0;2.0;1.0;1.0;B01
32780;201300021734;0;7;0;0.0;2.0;8.0;19.0;A01
32781;201300021735;0;7;0;0.0;1.0;1.0;1.0;A01
32782;201300021736;0;7;0;0.0;2.0;1.0;1.0;B01
32783;201300021736;0;10;0;0.0;2.0;6.0;19.0;A01
32784;201300021737;0;30;0;0.0;2.0;1.0;17.0;A01
32785;201300021737;0;7;0;0.0;2.0;8.0;15.0;B01
32786;201300021738;0;32;0;0.0;1.0;1.0;1.0;A01
32787;201300021739;0;33;0;0.0;2.0;1.0;1.0;B02
32788;201300021739;0;35;0;0.0;2.0;7.0;19.0;A01
32789;201300021740;0;7;0;0.0;2.0;1.0;1.0;A01
32790;201300021740;0;7;0;0.0;2.0;4.0;23.0;B01
32791;201300021741;0;7;0;0.0;2.0;7.0;14.0;A01
32792;201300021741;0;30;0;0.0;2.0;8.0;1.0;B01
32793;201300021742;0;7;0;0.0;2.0;3.0;9.0;A01
32794;201300021742;0;33;0;0.0;2.0;1.0;1.0;B01
32795;201300021743;0;30;0;0.0;1.0;1.0;2.0;A01
32796;201300021745;0;30;0;0.0;1.0;1.0;1.0;A01
32797;201300021746;0;7;0;0.0;1.0;3.0;15.0;A01
32798;201300021747;0;7;0;0.0;2.0;2.0;15.0;A01
32799;201300021747;0;31;0;0.0;2.0;1.0;21.0;B01
32800;201300021749;0;7;0;0.0;2.0;1.0;9.0;A01
32801;201300021749;0;7;0;0.0;2.0;2.0;1.0;B01
32802;201300021750;0;40;10;0.0;2.0;1.0;1.0;B01
32803;201300021750;0;7;0;0.0;4.0;7.0;1.0;A01
32804;201300021751;0;7;0;0.0;2.0;1.0;1.0;B01
32805;201300021751;0;7;0;0.0;2.0;8.0;15.0;A01
32806;201300021752;0;7;0;0.0;2.0;7.0;15.0;A01
32807;201300021752;0;1;0;0.0;2.0;1.0;1.0;B01
32808;201300021753;0;7;0;0.0;1.0;1.0;1.0;A01
32809;201300021754;0;7;0;0.0;1.0;2.0;1.0;A01
32810;201300021755;0;7;0;0.0;4.0;8.0;15.0;A01
32811;201300021755;0;40;10;0.0;2.0;1.0;1.0;B01
32812;201300021756;0;7;0;0.0;2.0;2.0;16.0;A01
32813;201300021756;0;33;0;0.0;2.0;1.0;9.0;B01
32814;201300021757;0;33;0;0.0;2.0;1.0;1.0;A01
32815;201300021757;0;7;0;0.0;2.0;8.0;9.0;B01
32816;201300021758;0;7;0;0.0;1.0;1.0;1.0;A01
32817;201300021759;0;7;0;0.0;1.0;1.0;1.0;A01
32818;201300021760;0;1;0;0.0;2.0;7.0;1.0;B01
32819;201300021760;0;7;0;0.0;2.0;5.0;15.0;A01
32820;201300021761;0;7;0;0.0;2.0;3.0;9.0;A01
32821;201300021761;0;2;0;0.0;2.0;2.0;1.0;B01
32822;201300021762;0;7;0;0.0;1.0;1.0;1.0;A01
32823;201300021764;0;7;0;1.0;0.0;8.0;1.0;A01
32824;201300021764;0;7;0;0.0;2.0;7.0;1.0;B01
32825;201300021765;0;33;0;15.0;0.0;1.0;15.0;A01
32826;201300021766;0;7;0;1.0;0.0;1.0;14.0;A01
32827;201300021766;0;7;0;0.0;2.0;5.0;24.0;B01
32828;201300021766;0;7;0;0.0;2.0;6.0;24.0;C01
32829;201300021767;0;7;0;0.0;2.0;1.0;1.0;A01
32830;201300021767;0;7;0;0.0;2.0;1.0;1.0;B01
32831;201300021768;0;7;0;0.0;2.0;1.0;1.0;A01
32832;201300021768;0;7;0;0.0;0.0;4.0;23.0;B01
32833;201300021769;0;7;0;0.0;2.0;3.0;9.0;A01
32834;201300021769;0;7;0;0.0;2.0;7.0;1.0;B01
32835;201300021770;0;7;0;0.0;2.0;1.0;1.0;A01
32836;201300021770;0;7;0;0.0;2.0;8.0;15.0;B01
32837;201300021771;0;7;0;0.0;2.0;1.0;9.0;A01
32838;201300021771;0;30;0;0.0;2.0;4.0;9.0;B01
32839;201300021773;0;7;0;0.0;2.0;7.0;1.0;A01
32840;201300021773;0;7;0;0.0;2.0;8.0;1.0;B01
32841;201300021775;0;7;0;0.0;2.0;3.0;15.0;A01
32842;201300021775;0;34;0;0.0;2.0;2.0;1.0;B01
32843;201300021777;0;7;0;0.0;1.0;3.0;1.0;A01
32844;201300021778;0;40;10;0.0;1.0;3.0;1.0;A01
32845;201300021779;0;7;0;0.0;1.0;4.0;4.0;A01
32846;201300021780;0;30;0;0.0;2.0;1.0;2.0;A01
32847;201300021780;0;7;0;0.0;0.0;4.0;23.0;B01
32848;201300021781;0;7;0;0.0;1.0;1.0;1.0;A01
32849;201300021782;0;7;0;0.0;2.0;1.0;1.0;A01
32850;201300021782;0;7;0;0.0;0.0;4.0;2.0;B01
32851;201300021783;0;7;0;0.0;1.0;4.0;4.0;A01
32852;201300021784;0;7;0;0.0;2.0;1.0;19.0;A01
32853;201300021784;0;10;0;0.0;2.0;2.0;1.0;B01
32854;201300021785;0;7;0;8.0;0.0;1.0;1.0;A01
32855;201300021787;0;1;0;0.0;2.0;1.0;1.0;A01
32856;201300021787;1;7;0;0.0;2.0;3.0;1.0;B01
32857;201300021788;0;7;0;0.0;2.0;1.0;5.0;A01
32858;201300021788;0;7;0;0.0;2.0;7.0;1.0;B01
32859;201300021789;0;7;0;0.0;2.0;7.0;15.0;A01
32860;201300021789;0;33;0;0.0;2.0;1.0;1.0;B01
32861;201300021790;0;7;0;0.0;2.0;3.0;9.0;A01
32862;201300021790;0;31;0;0.0;2.0;1.0;1.0;B01
32863;201300021791;0;3;0;0.0;2.0;3.0;2.0;A01
32864;201300021791;0;30;0;0.0;2.0;1.0;2.0;B01
32865;201300021792;0;7;0;0.0;1.0;3.0;1.0;A01
32866;201300021793;0;7;0;0.0;2.0;1.0;15.0;A01
32867;201300021793;0;7;0;0.0;2.0;3.0;1.0;B01
32868;201300021794;0;7;0;14.0;0.0;1.0;1.0;A01
32869;201300021795;0;7;0;0.0;0.0;6.0;10.0;A01
32870;201300021795;0;37;2;0.0;2.0;2.0;1.0;B01
32871;201300021796;0;7;0;0.0;2.0;3.0;15.0;A01
32872;201300021796;0;33;0;0.0;2.0;1.0;1.0;B01
32873;201300021797;0;7;0;0.0;2.0;0.0;0.0;A01
32874;201300021797;0;1;0;0.0;2.0;0.0;0.0;B01
32875;201300021798;0;7;0;0.0;2.0;8.0;10.0;A01
32876;201300021798;0;7;0;0.0;2.0;2.0;17.0;B01
32877;201300021799;0;30;0;0.0;2.0;3.0;9.0;A01
32878;201300021799;0;7;0;0.0;2.0;2.0;1.0;B01
32879;201300021800;0;7;0;0.0;2.0;3.0;9.0;A01
32880;201300021800;0;7;0;0.0;2.0;1.0;1.0;B01
32881;201300021801;0;7;0;0.0;2.0;1.0;2.0;A01
32882;201300021801;0;7;0;0.0;0.0;4.0;23.0;B01
32883;201300021802;0;7;0;0.0;2.0;3.0;15.0;A01
32884;201300021802;0;37;3;0.0;2.0;7.0;1.0;B01
32885;201300021803;0;7;0;0.0;2.0;4.0;2.0;B01
32886;201300021803;0;7;0;0.0;2.0;1.0;2.0;A01
32887;201300021805;0;14;0;0.0;2.0;2.0;2.0;A01
32888;201300021805;0;7;0;0.0;0.0;4.0;23.0;B01
32889;201300021806;0;7;0;0.0;2.0;7.0;1.0;A01
32890;201300021806;0;7;0;0.0;2.0;3.0;1.0;B01
32891;201300021807;1;10;0;0.0;1.0;1.0;0.0;Z01
32892;201300021808;0;33;0;0.0;2.0;1.0;1.0;B01
32893;201300021808;0;7;0;0.0;2.0;5.0;15.0;A01
32894;201300021809;0;7;0;0.0;2.0;8.0;1.0;A01
32895;201300021809;0;1;0;0.0;2.0;1.0;1.0;B01
32896;201300021810;0;7;0;0.0;1.0;1.0;15.0;A01
32897;201300021811;0;7;0;0.0;2.0;2.0;15.0;B01
32898;201300021811;0;7;0;0.0;2.0;5.0;15.0;A01
32899;201300021812;0;7;0;0.0;2.0;4.0;2.0;B01
32900;201300021812;0;7;0;0.0;2.0;1.0;2.0;A01
32901;201300021813;0;7;0;0.0;2.0;5.0;15.0;A01
32902;201300021813;0;30;0;0.0;2.0;1.0;1.0;B01
32903;201300021814;0;10;0;0.0;1.0;6.0;4.0;A01
32904;201300021816;0;7;0;0.0;2.0;8.0;1.0;B01
32905;201300021816;1;7;0;0.0;2.0;7.0;12.0;A01
32906;201300021816;0;7;0;0.0;2.0;5.0;15.0;C01
32907;201300021817;0;7;0;0.0;2.0;1.0;1.0;A01
32908;201300021817;0;30;0;0.0;2.0;7.0;1.0;B01
32909;201300021818;0;7;0;0.0;1.0;2.0;1.0;A01
32910;201300021819;0;7;0;0.0;2.0;6.0;1.0;B01
32911;201300021819;0;7;0;0.0;2.0;3.0;15.0;A01
32912;201300021820;0;7;0;0.0;1.0;1.0;1.0;A01
32913;201300021821;0;30;0;0.0;2.0;4.0;2.0;A01
32914;201300021821;0;7;0;0.0;2.0;1.0;2.0;B01
32915;201300021822;0;7;0;0.0;1.0;3.0;1.0;A01
32916;201300021823;0;7;0;0.0;2.0;4.0;1.0;A01
32917;201300021823;1;7;0;0.0;0.0;1.0;1.0;Z01
32918;201300021823;0;7;0;0.0;2.0;4.0;2.0;B01
32919;201300021824;0;7;0;8.0;0.0;1.0;1.0;A01
32920;201300021825;0;7;0;0.0;2.0;3.0;17.0;A01
32921;201300021825;0;30;0;0.0;2.0;1.0;1.0;B01
32922;201300021826;0;7;0;0.0;0.0;0.0;0.0;B01
32923;201300021826;0;33;0;0.0;0.0;0.0;0.0;A01
32924;201300021827;0;7;0;0.0;2.0;1.0;1.0;B01
32925;201300021827;0;7;0;0.0;2.0;1.0;13.0;A01
32926;201300021828;0;7;0;0.0;1.0;2.0;1.0;A01
32927;201300021829;0;30;0;0.0;2.0;1.0;18.0;A01
32928;201300021829;0;10;0;0.0;2.0;7.0;16.0;B01
32929;201300021830;1;32;0;14.0;0.0;1.0;1.0;A01
32930;201300021831;0;7;0;0.0;2.0;4.0;23.0;C01
32931;201300021831;0;7;0;0.0;2.0;1.0;1.0;A01
32932;201300021831;0;7;0;0.0;2.0;4.0;1.0;B01
32933;201300021832;0;7;0;0.0;2.0;1.0;9.0;A01
32934;201300021832;0;7;0;0.0;2.0;7.0;1.0;B01
32935;201300021833;0;7;0;0.0;1.0;2.0;1.0;A01
32936;201300021834;0;7;0;0.0;2.0;1.0;1.0;B01
32937;201300021834;0;10;0;0.0;2.0;1.0;13.0;A01
32938;201300021835;0;7;0;0.0;2.0;3.0;9.0;A01
32939;201300021835;0;33;0;0.0;2.0;7.0;1.0;B01
32940;201300021836;0;7;0;0.0;1.0;4.0;4.0;A01
32941;201300021837;0;7;0;0.0;2.0;1.0;1.0;A01
32942;201300021837;0;10;0;0.0;0.0;8.0;9.0;B01
32943;201300021838;0;7;0;0.0;2.0;8.0;15.0;A01
32944;201300021838;0;30;0;0.0;2.0;7.0;15.0;B01
32945;201300021839;0;7;0;0.0;1.0;2.0;1.0;A01
32946;201300021840;0;33;0;0.0;2.0;7.0;1.0;B01
32947;201300021840;0;7;0;0.0;2.0;3.0;13.0;A01
32948;201300021841;0;7;0;0.0;2.0;7.0;1.0;B01
32949;201300021841;0;30;0;0.0;2.0;1.0;9.0;A01
32950;201300021842;0;7;0;0.0;2.0;1.0;1.0;A01
32951;201300021842;2;7;0;0.0;2.0;1.0;1.0;B01
32952;201300021843;0;7;0;1.0;2.0;7.0;1.0;B01
32953;201300021843;0;7;0;0.0;2.0;1.0;5.0;A01
32954;201300021844;0;7;0;0.0;1.0;3.0;1.0;A01
32955;201300021846;0;7;0;0.0;2.0;2.0;1.0;B01
32956;201300021846;0;7;0;0.0;2.0;6.0;1.0;A01
32957;201300021847;0;32;0;0.0;2.0;2.0;1.0;A01
32958;201300021847;0;7;0;0.0;2.0;3.0;15.0;B01
32959;201300021848;0;7;0;0.0;0.0;4.0;23.0;B01
32960;201300021848;0;7;0;0.0;2.0;1.0;2.0;A01
32961;201300021848;0;7;0;0.0;0.0;0.0;19.0;C01
32962;201300021849;0;7;0;0.0;1.0;2.0;1.0;A01
32963;201300021850;0;7;0;0.0;4.0;3.0;23.0;A01
32964;201300021850;0;39;0;0.0;2.0;1.0;1.0;B01
32965;201300021851;0;7;0;0.0;2.0;4.0;0.0;A01
32966;201300021851;0;30;0;0.0;2.0;1.0;0.0;B01
32967;201300021853;0;7;0;0.0;2.0;1.0;1.0;B01
32968;201300021853;0;7;0;0.0;2.0;1.0;1.0;A01
32969;201300021854;0;7;0;0.0;2.0;3.0;1.0;B01
32970;201300021854;0;7;0;0.0;2.0;1.0;1.0;A01
32971;201300021855;0;7;0;0.0;2.0;3.0;15.0;A01
32972;201300021855;0;2;0;0.0;2.0;8.0;1.0;B01
32973;201300021856;0;7;0;0.0;2.0;4.0;23.0;B01
32974;201300021856;0;7;0;0.0;2.0;1.0;2.0;A01
32975;201300021857;0;33;0;0.0;1.0;1.0;1.0;A01
32976;201300021858;0;7;0;0.0;1.0;2.0;1.0;A01
32977;201300021859;0;7;0;0.0;2.0;3.0;13.0;A01
32978;201300021859;0;7;0;0.0;2.0;3.0;1.0;B01
32979;201300021860;0;37;4;0.0;2.0;3.0;1.0;B01
32980;201300021860;0;7;0;0.0;2.0;2.0;16.0;A01
32981;201300021861;0;7;0;0.0;2.0;2.0;15.0;A01
32982;201300021861;0;7;0;0.0;2.0;1.0;1.0;B01
32983;201300021862;0;10;0;0.0;1.0;4.0;4.0;A01
32984;201300021863;0;7;0;0.0;2.0;1.0;1.0;A01
32985;201300021863;0;7;0;0.0;0.0;4.0;23.0;B01
32986;201300021864;0;7;0;0.0;2.0;2.0;0.0;B01
32987;201300021864;0;7;0;0.0;2.0;2.0;1.0;A01
32988;201300021865;0;33;0;0.0;2.0;1.0;18.0;A01
32989;201300021865;0;7;0;0.0;2.0;7.0;16.0;B01
32990;201300021866;0;7;0;0.0;1.0;1.0;1.0;A01
32991;201300021867;0;7;0;0.0;2.0;1.0;15.0;A01
32992;201300021867;0;7;0;0.0;2.0;3.0;1.0;B01
32993;201300021868;0;7;0;0.0;1.0;7.0;1.0;A01
32994;201300021869;0;7;0;0.0;2.0;1.0;1.0;B01
32995;201300021869;0;1;0;0.0;2.0;1.0;1.0;A01
32996;201300021870;0;30;0;0.0;2.0;1.0;1.0;B01
32997;201300021870;0;7;0;0.0;2.0;3.0;15.0;A01
32998;201300021871;0;7;0;0.0;2.0;8.0;15.0;A01
32999;201300021871;0;30;0;0.0;2.0;7.0;1.0;B01
33000;201300021872;0;37;0;0.0;1.0;4.0;0.0;Z01
33001;201300021873;0;7;0;0.0;1.0;1.0;14.0;A01
33002;201300021874;0;7;0;0.0;1.0;2.0;1.0;A01
33003;201300021875;0;30;0;0.0;2.0;1.0;1.0;B01
33004;201300021875;0;7;0;0.0;2.0;2.0;15.0;A01
33005;201300021876;0;7;0;0.0;1.0;1.0;15.0;A01
33006;201300021877;0;7;0;0.0;0.0;4.0;2.0;B01
33007;201300021877;0;7;0;1.0;0.0;4.0;2.0;A01
33008;201300021878;0;7;0;0.0;2.0;4.0;1.0;B01
33009;201300021878;0;7;0;0.0;2.0;1.0;1.0;A01
33010;201300021879;0;37;1;0.0;0.0;6.0;23.0;B01
33011;201300021879;0;7;0;0.0;2.0;2.0;11.0;A01
33012;201300021880;0;40;0;0.0;2.0;8.0;1.0;B01
33013;201300021880;0;7;0;0.0;4.0;2.0;0.0;A01
33014;201300021881;0;7;0;0.0;2.0;1.0;1.0;B01
33015;201300021881;0;7;0;0.0;2.0;2.0;1.0;C01
33016;201300021881;0;7;0;0.0;2.0;6.0;9.0;A01
33017;201300021882;0;7;0;0.0;2.0;2.0;16.0;A01
33018;201300021882;0;30;0;0.0;2.0;8.0;1.0;B01
33019;201300021883;0;7;0;0.0;1.0;3.0;1.0;A01
33020;201300021884;0;7;0;0.0;2.0;2.0;15.0;A01
33021;201300021884;0;7;0;0.0;2.0;1.0;1.0;B01
33022;201300021885;0;7;0;0.0;2.0;1.0;1.0;A01
33023;201300021885;0;7;0;0.0;0.0;4.0;2.0;B01
33024;201300021886;0;7;0;0.0;1.0;1.0;15.0;A01
33025;201300021887;0;7;0;0.0;2.0;6.0;19.0;B01
33026;201300021887;0;7;0;0.0;2.0;0.0;0.0;A01
33027;201300021888;0;7;0;0.0;1.0;2.0;15.0;A01
33028;201300021889;0;7;0;0.0;2.0;4.0;2.0;B01
33029;201300021889;1;7;0;0.0;2.0;1.0;2.0;A01
33030;201300021889;0;7;0;0.0;2.0;4.0;2.0;C01
33031;201300021890;0;7;0;0.0;0.0;4.0;1.0;B01
33032;201300021890;0;32;0;0.0;2.0;1.0;1.0;A01
33033;201300021891;0;7;0;0.0;2.0;1.0;1.0;B01
33034;201300021891;0;7;0;0.0;2.0;2.0;15.0;A01
33035;201300021892;0;7;0;0.0;1.0;1.0;1.0;A01
33036;201300021893;0;7;0;0.0;1.0;8.0;1.0;A01