;Num_Acc;senc;catv;occutc;obs;obsm;choc;manv;num_veh
34724;201300022998;1;7;0;0.0;2.0;0.0;0.0;Z01
34725;201300022998;0;7;0;0.0;2.0;0.0;0.0;A01
34726;201300022999;0;7;0;0.0;2.0;1.0;0.0;A01
34727;201300022999;0;7;0;0.0;2.0;0.0;0.0;B01
34728;201300023000;0;10;0;0.0;2.0;0.0;0.0;B01
34729;201300023000;0;33;0;0.0;2.0;0.0;0.0;A01
34730;201300023001;0;34;0;0.0;2.0;1.0;1.0;B01
34731;201300023001;0;7;0;0.0;2.0;7.0;15.0;A01
34732;201300023002;0;32;0;0.0;2.0;0.0;0.0;A01
34733;201300023002;0;10;0;0.0;0.0;0.0;0.0;B01
34734;201300023004;0;7;0;0.0;2.0;0.0;0.0;A01
34735;201300023006;0;10;0;0.0;2.0;0.0;0.0;B01
34736;201300023006;0;7;0;0.0;2.0;0.0;0.0;A01
34737;201300023007;0;7;0;5.0;0.0;8.0;4.0;A01
34738;201300023008;0;33;0;0.0;2.0;1.0;1.0;B01
34739;201300023008;1;7;0;0.0;2.0;1.0;0.0;Z01
34740;201300023009;0;7;0;0.0;1.0;3.0;15.0;A01
34741;201300023010;0;34;0;0.0;2.0;1.0;5.0;A01
34742;201300023010;0;7;0;0.0;2.0;1.0;1.0;B01
34743;201300023011;0;33;0;0.0;2.0;1.0;1.0;B01
34744;201300023011;0;7;0;0.0;2.0;7.0;15.0;A01
34745;201300023012;0;3;0;0.0;2.0;1.0;13.0;A01
34746;201300023012;0;10;0;0.0;2.0;7.0;1.0;B01
34747;201300023013;0;1;0;0.0;0.0;4.0;1.0;B01
34748;201300023013;0;10;0;0.0;2.0;1.0;1.0;A01
34749;201300023014;0;1;0;0.0;2.0;1.0;19.0;A01
34750;201300023014;0;37;1;0.0;2.0;1.0;1.0;B01
34751;201300023015;0;32;0;0.0;2.0;3.0;13.0;A01
34752;201300023015;0;7;0;0.0;2.0;8.0;1.0;B01
34753;201300023016;0;7;0;0.0;1.0;7.0;1.0;A01
34754;201300023017;0;7;0;0.0;2.0;1.0;2.0;B01
34755;201300023017;0;14;0;0.0;2.0;2.0;2.0;C01
34756;201300023017;0;7;0;0.0;2.0;4.0;1.0;A01
34757;201300023018;0;33;0;0.0;2.0;0.0;0.0;A01
34758;201300023018;0;7;0;0.0;2.0;0.0;0.0;B01
34759;201300023019;0;7;0;0.0;2.0;1.0;0.0;B01
34760;201300023019;0;33;0;0.0;2.0;1.0;0.0;A01
34761;201300023020;0;7;0;0.0;2.0;1.0;0.0;A01
34762;201300023020;0;7;0;0.0;2.0;0.0;0.0;B01
34763;201300023021;0;7;0;0.0;2.0;4.0;2.0;B01
34764;201300023021;0;7;0;0.0;2.0;2.0;2.0;A01
34765;201300023021;0;7;0;0.0;2.0;4.0;2.0;C01
34766;201300023022;0;7;0;0.0;1.0;1.0;0.0;A01
34767;201300023023;0;31;0;0.0;2.0;4.0;2.0;B01
34768;201300023023;0;32;0;0.0;2.0;1.0;2.0;A01
34769;201300023024;0;7;0;0.0;2.0;8.0;13.0;A01
34770;201300023024;0;32;0;0.0;2.0;7.0;17.0;B01
34771;201300023025;0;33;0;0.0;0.0;0.0;0.0;A01
34772;201300023025;0;33;0;0.0;2.0;8.0;15.0;B01
34773;201300023026;0;30;0;0.0;2.0;8.0;1.0;B01
34774;201300023026;0;7;0;0.0;2.0;7.0;1.0;A01
34775;201300023027;0;31;0;0.0;2.0;1.0;0.0;A01
34776;201300023027;0;7;0;0.0;2.0;6.0;1.0;B01
34777;201300023028;0;10;0;0.0;2.0;0.0;0.0;A01
34778;201300023028;0;2;0;0.0;0.0;0.0;0.0;B01
34779;201300023029;0;7;0;0.0;2.0;4.0;2.0;C01
34780;201300023029;0;7;0;0.0;2.0;1.0;1.0;A01
34781;201300023029;0;7;0;0.0;2.0;4.0;2.0;B01
34782;201300023030;0;10;0;0.0;1.0;1.0;15.0;A01
34783;201300023031;0;2;0;0.0;2.0;1.0;0.0;A01
34784;201300023031;0;7;0;0.0;2.0;8.0;0.0;B01
34785;201300023032;0;1;0;0.0;2.0;1.0;1.0;B01
34786;201300023032;0;14;0;0.0;9.0;7.0;16.0;A01
34787;201300023034;0;7;0;0.0;2.0;3.0;1.0;A01
34788;201300023034;0;7;0;0.0;2.0;1.0;13.0;B01
34789;201300023035;0;30;0;0.0;2.0;1.0;2.0;A01
34790;201300023035;1;7;0;0.0;2.0;4.0;23.0;B01
34791;201300023036;0;37;1;0.0;1.0;0.0;0.0;A01
34792;201300023037;0;7;0;0.0;1.0;0.0;0.0;A01
34793;201300023038;0;7;0;6.0;0.0;1.0;13.0;A01
34794;201300023039;0;7;0;0.0;2.0;3.0;9.0;B01
34795;201300023039;0;34;0;0.0;2.0;1.0;0.0;A01
34796;201300023040;0;32;0;0.0;2.0;8.0;1.0;B01
34797;201300023040;0;14;0;0.0;9.0;2.0;12.0;A01
34798;201300023041;0;7;0;0.0;2.0;4.0;2.0;C01
34799;201300023041;0;7;0;0.0;2.0;4.0;2.0;D01
34800;201300023041;0;16;0;0.0;2.0;1.0;2.0;A01
34801;201300023041;0;7;0;0.0;2.0;4.0;12.0;B01
34802;201300023042;0;32;0;0.0;2.0;9.0;2.0;B01
34803;201300023042;1;7;0;0.0;2.0;1.0;2.0;Z01
34804;201300023042;0;7;0;0.0;2.0;4.0;2.0;C01
34805;201300023043;0;7;0;0.0;2.0;5.0;1.0;B01
34806;201300023043;0;32;0;0.0;2.0;1.0;15.0;A01
34807;201300023044;0;7;0;0.0;2.0;4.0;15.0;A01
34808;201300023044;0;33;0;0.0;2.0;1.0;17.0;B01
34809;201300023045;0;7;0;0.0;2.0;1.0;10.0;A01
34810;201300023045;0;30;0;0.0;2.0;1.0;1.0;B01
34811;201300023046;0;32;0;0.0;2.0;1.0;8.0;A01
34812;201300023046;0;7;0;0.0;2.0;8.0;15.0;B01
34813;201300023047;0;7;0;1.0;0.0;0.0;0.0;A01
34814;201300023048;0;7;0;0.0;2.0;4.0;2.0;B01
34815;201300023048;0;7;0;0.0;2.0;4.0;23.0;C01
34816;201300023048;0;7;0;1.0;0.0;2.0;2.0;A01
34817;201300023049;0;13;0;0.0;2.0;4.0;23.0;A01
34818;201300023049;0;1;0;0.0;2.0;1.0;0.0;B01
34819;201300023050;0;32;0;0.0;2.0;1.0;1.0;B01
34820;201300023050;0;7;0;0.0;2.0;7.0;15.0;A01
34821;201300023051;0;31;0;0.0;1.0;0.0;0.0;A01
34822;201300023052;0;7;0;0.0;2.0;1.0;9.0;A01
34823;201300023052;0;7;0;0.0;2.0;7.0;1.0;B01
34824;201300023053;0;7;0;0.0;2.0;7.0;15.0;A01
34825;201300023053;0;30;0;0.0;2.0;1.0;1.0;B01
34826;201300023054;0;32;0;0.0;5.0;7.0;21.0;A01
34827;201300023055;0;7;0;0.0;2.0;4.0;2.0;B01
34828;201300023055;0;7;0;0.0;2.0;1.0;1.0;A01
34829;201300023056;0;7;0;0.0;2.0;0.0;0.0;B01
34830;201300023056;0;7;0;0.0;2.0;1.0;0.0;A01
34831;201300023057;0;31;0;0.0;1.0;0.0;0.0;A01
34832;201300023058;0;7;0;0.0;2.0;4.0;2.0;D01
34833;201300023058;1;7;0;0.0;2.0;1.0;0.0;Z01
34834;201300023058;0;7;0;0.0;2.0;4.0;2.0;B01
34835;201300023058;0;7;0;0.0;2.0;4.0;2.0;A02
34836;201300023058;0;7;0;0.0;2.0;1.0;2.0;E01
34837;201300023058;0;7;0;0.0;2.0;1.0;2.0;C01
34838;201300023059;0;34;0;0.0;2.0;1.0;1.0;B01
34839;201300023059;0;7;0;0.0;2.0;0.0;0.0;A01
34840;201300023060;0;34;0;0.0;9.0;8.0;14.0;A01
34841;201300023060;0;1;0;0.0;9.0;8.0;1.0;B01
34842;201300023061;0;38;1;0.0;1.0;3.0;1.0;A01
34843;201300023062;0;7;0;0.0;2.0;2.0;15.0;A01
34844;201300023062;0;7;0;0.0;2.0;3.0;1.0;B01
34845;201300023063;0;1;0;0.0;2.0;1.0;15.0;A01
34846;201300023063;0;30;0;0.0;2.0;1.0;2.0;B01
34847;201300023064;0;7;0;0.0;2.0;0.0;1.0;C01
34848;201300023064;0;14;0;0.0;2.0;0.0;0.0;A01
34849;201300023064;0;7;0;0.0;2.0;0.0;1.0;B01
34850;201300023064;0;14;0;0.0;2.0;4.0;1.0;D01
34851;201300023065;0;32;0;0.0;1.0;1.0;7.0;A01
34852;201300023066;0;31;0;0.0;2.0;1.0;1.0;B01
34853;201300023066;0;10;0;0.0;2.0;2.0;15.0;A01
34854;201300023067;2;7;0;0.0;2.0;1.0;14.0;Z01
34855;201300023067;0;7;0;0.0;2.0;4.0;2.0;B01
34856;201300023068;0;10;0;0.0;2.0;0.0;0.0;B01
34857;201300023068;0;7;0;0.0;2.0;4.0;1.0;C01
34858;201300023068;0;7;0;0.0;0.0;0.0;0.0;A01
34859;201300023069;0;33;0;0.0;2.0;1.0;3.0;A01
34860;201300023069;0;7;0;0.0;2.0;8.0;11.0;B01
34861;201300023070;0;7;0;0.0;2.0;1.0;1.0;A01
34862;201300023070;0;31;0;0.0;2.0;1.0;1.0;C01
34863;201300023070;0;7;0;0.0;2.0;6.0;2.0;B01
34864;201300023071;0;7;0;0.0;2.0;1.0;2.0;B01
34865;201300023071;0;10;0;0.0;2.0;1.0;2.0;A01
34866;201300023071;0;10;0;0.0;2.0;4.0;23.0;D01
34867;201300023071;0;10;0;0.0;2.0;5.0;23.0;C01
34868;201300023073;0;2;0;0.0;1.0;1.0;1.0;A01
34869;201300023074;0;7;0;6.0;0.0;1.0;19.0;A01
34870;201300023075;0;7;0;0.0;2.0;1.0;2.0;A01
34871;201300023075;0;7;0;0.0;2.0;4.0;2.0;B01
34872;201300023076;0;7;0;0.0;2.0;0.0;0.0;A01
34873;201300023076;0;10;0;0.0;2.0;0.0;0.0;B01
34874;201300023077;0;7;0;0.0;2.0;2.0;16.0;B01
34875;201300023077;0;30;0;0.0;2.0;1.0;7.0;A01
34876;201300023078;0;10;0;0.0;2.0;5.0;0.0;B01
34877;201300023078;0;33;0;0.0;2.0;1.0;0.0;A01
34878;201300023079;1;7;0;0.0;2.0;1.0;2.0;Z01
34879;201300023079;0;33;0;0.0;2.0;4.0;2.0;B01
34880;201300023080;0;2;0;0.0;2.0;1.0;0.0;A01
34881;201300023080;0;7;0;0.0;0.0;0.0;0.0;B01
34882;201300023081;0;7;0;0.0;9.0;0.0;9.0;A01
34883;201300023081;0;33;0;0.0;0.0;7.0;1.0;B01
34884;201300023082;0;30;0;0.0;2.0;1.0;1.0;B01
34885;201300023082;0;7;0;0.0;2.0;6.0;19.0;A01
34886;201300023083;0;1;0;0.0;2.0;4.0;1.0;B01
34887;201300023083;0;31;0;0.0;2.0;1.0;1.0;A01
34888;201300023084;0;7;0;0.0;2.0;1.0;9.0;A01
34889;201300023084;0;1;0;0.0;2.0;7.0;1.0;B01
34890;201300023085;0;1;0;0.0;1.0;1.0;1.0;A01
34891;201300023086;0;7;0;0.0;2.0;0.0;0.0;A01
34892;201300023086;0;30;0;0.0;2.0;0.0;0.0;B01
34893;201300023087;0;7;0;0.0;2.0;4.0;2.0;B01
34894;201300023087;0;7;0;0.0;2.0;1.0;2.0;A01
34895;201300023088;0;30;0;0.0;2.0;0.0;0.0;A01
34896;201300023088;0;7;0;0.0;0.0;0.0;0.0;B01
34897;201300023089;0;33;0;0.0;2.0;1.0;1.0;A01
34898;201300023089;0;7;0;0.0;2.0;3.0;1.0;B01
34899;201300023090;0;7;0;0.0;2.0;8.0;1.0;B01
34900;201300023090;0;7;0;0.0;2.0;2.0;9.0;A01
34901;201300023091;0;7;0;0.0;1.0;0.0;0.0;A01
34902;201300023092;0;7;0;0.0;2.0;4.0;1.0;B01
34903;201300023092;0;7;0;0.0;2.0;1.0;2.0;A01
34904;201300023093;0;32;0;3.0;0.0;1.0;0.0;A01
34905;201300023094;0;32;0;0.0;2.0;8.0;18.0;A01
34906;201300023094;0;7;0;0.0;2.0;1.0;23.0;B01
34907;201300023095;0;1;0;0.0;2.0;1.0;0.0;A01
34908;201300023095;0;7;0;0.0;2.0;3.0;1.0;B01
34909;201300023097;0;32;0;0.0;1.0;1.0;1.0;A01
34910;201300023098;1;15;0;0.0;2.0;4.0;1.0;Z01
34911;201300023098;0;33;0;0.0;2.0;8.0;13.0;A01
34912;201300023099;0;1;0;0.0;1.0;1.0;1.0;A01
34913;201300023100;0;7;0;0.0;2.0;4.0;4.0;C01
34914;201300023100;0;7;0;0.0;2.0;1.0;15.0;B01
34915;201300023100;0;7;0;0.0;2.0;1.0;1.0;A01
34916;201300023101;0;7;0;0.0;2.0;2.0;1.0;B01
34917;201300023101;0;33;0;0.0;2.0;7.0;13.0;A01
34918;201300023102;0;1;0;0.0;2.0;1.0;9.0;A01
34919;201300023102;0;7;0;0.0;2.0;8.0;1.0;B01
34920;201300023103;0;7;0;0.0;1.0;1.0;14.0;A01
34921;201300023104;0;7;0;0.0;1.0;1.0;15.0;A01
34922;201300023105;0;33;0;0.0;2.0;1.0;1.0;B01
34923;201300023105;0;7;0;0.0;2.0;1.0;13.0;A01
34924;201300023106;0;7;0;0.0;2.0;4.0;20.0;B01
34925;201300023106;0;30;0;0.0;2.0;1.0;0.0;A01
34926;201300023107;1;7;0;0.0;1.0;1.0;1.0;Z01
34927;201300023108;1;7;0;0.0;0.0;0.0;0.0;Z01
34928;201300023108;0;7;0;0.0;0.0;0.0;0.0;B01
34929;201300023108;0;33;0;0.0;2.0;0.0;0.0;A01
34930;201300023110;0;7;0;0.0;2.0;2.0;15.0;B01
34931;201300023110;0;2;0;0.0;2.0;1.0;5.0;A01
34932;201300023111;0;7;0;0.0;1.0;0.0;0.0;A01
34933;201300023112;0;33;0;14.0;0.0;0.0;0.0;A01
34934;201300023113;0;33;0;0.0;2.0;1.0;18.0;B01
34935;201300023113;0;7;0;0.0;2.0;5.0;16.0;A01
34936;201300023114;0;1;0;1.0;0.0;1.0;0.0;B01
34937;201300023114;0;7;0;0.0;2.0;8.0;0.0;A01
34938;201300023115;0;32;0;0.0;2.0;0.0;0.0;B01
34939;201300023115;0;7;0;0.0;2.0;5.0;0.0;A01
34940;201300023116;0;7;0;0.0;2.0;0.0;0.0;A01
34941;201300023116;0;1;0;0.0;2.0;0.0;0.0;B01
34942;201300023117;0;2;0;0.0;1.0;0.0;0.0;A01
34943;201300023118;0;13;0;0.0;2.0;0.0;0.0;A01
34944;201300023118;0;7;0;0.0;2.0;0.0;0.0;B01
34945;201300023119;0;7;0;0.0;2.0;4.0;0.0;B01
34946;201300023119;1;14;0;0.0;2.0;1.0;1.0;Z01
34947;201300023120;0;7;0;0.0;2.0;4.0;2.0;B01
34948;201300023120;0;33;0;0.0;2.0;1.0;2.0;A01
34949;201300023121;0;7;0;0.0;1.0;1.0;2.0;A01
34950;201300023122;0;7;0;0.0;2.0;1.0;15.0;A01
34951;201300023122;0;32;0;0.0;2.0;9.0;0.0;B01
34952;201300023123;0;30;0;12.0;0.0;2.0;1.0;A01
34953;201300023124;0;7;0;0.0;0.0;0.0;0.0;A01
34954;201300023125;0;7;0;0.0;2.0;0.0;0.0;A01
34955;201300023125;0;7;0;0.0;0.0;0.0;0.0;B01
34956;201300023126;1;7;0;0.0;1.0;2.0;0.0;Z01
34957;201300023127;0;33;0;0.0;2.0;1.0;2.0;A01
34958;201300023127;0;7;0;0.0;2.0;4.0;23.0;B01
34959;201300023129;0;7;0;4.0;0.0;1.0;14.0;A01
34960;201300023130;0;7;0;0.0;0.0;0.0;0.0;A01
34961;201300023130;0;31;0;0.0;2.0;0.0;0.0;B01
34962;201300023131;0;7;0;0.0;2.0;5.0;0.0;B01
34963;201300023131;0;7;0;0.0;2.0;4.0;0.0;C01
34964;201300023131;0;7;0;0.0;2.0;3.0;0.0;A01
34965;201300023132;0;7;0;0.0;2.0;0.0;0.0;B01
34966;201300023132;0;7;0;0.0;2.0;0.0;0.0;A01
34967;201300023134;0;7;0;0.0;2.0;0.0;0.0;A01
34968;201300023134;0;32;0;0.0;2.0;0.0;0.0;B01
34969;201300023134;0;7;0;0.0;2.0;0.0;0.0;C01
34970;201300023135;0;1;0;0.0;2.0;0.0;0.0;B01
34971;201300023135;0;7;0;0.0;0.0;2.0;0.0;A01
34972;201300023136;0;10;0;0.0;2.0;1.0;13.0;A01
34973;201300023136;0;7;0;0.0;2.0;1.0;1.0;B01
34974;201300023137;0;7;0;0.0;2.0;0.0;0.0;B01
34975;201300023137;0;33;0;0.0;2.0;1.0;0.0;A01
34976;201300023138;0;7;0;0.0;1.0;1.0;2.0;A01
34977;201300023139;0;13;0;0.0;1.0;0.0;0.0;A01
34978;201300023140;0;7;0;0.0;2.0;1.0;2.0;C01
34979;201300023140;0;7;0;0.0;2.0;4.0;2.0;B01
34980;201300023140;0;7;0;0.0;2.0;1.0;2.0;A01
34981;201300023140;0;7;0;0.0;2.0;1.0;2.0;D01
34982;201300023142;0;7;0;0.0;1.0;1.0;2.0;A01
34983;201300023143;0;34;0;0.0;2.0;8.0;17.0;A01
34984;201300023143;0;7;0;0.0;2.0;0.0;15.0;B01
34985;201300023144;0;7;0;0.0;2.0;8.0;1.0;A01
34986;201300023144;0;33;0;0.0;2.0;1.0;0.0;B01
34987;201300023145;2;7;0;0.0;2.0;2.0;1.0;A01
34988;201300023145;0;7;0;0.0;2.0;2.0;1.0;B01
34989;201300023146;0;7;0;0.0;0.0;0.0;0.0;A01
34990;201300023146;0;7;0;0.0;2.0;0.0;0.0;B01
34991;201300023148;0;7;0;0.0;2.0;4.0;15.0;B01
34992;201300023148;0;30;0;0.0;2.0;1.0;2.0;A01
34993;201300023149;2;7;0;0.0;1.0;0.0;0.0;A01
34994;201300023150;0;7;0;15.0;0.0;1.0;1.0;A01
34995;201300023151;0;7;0;0.0;0.0;0.0;0.0;B01
34996;201300023151;0;1;0;0.0;2.0;0.0;0.0;A01
34997;201300023152;0;7;0;0.0;2.0;0.0;0.0;B01
34998;201300023152;0;7;0;0.0;2.0;0.0;0.0;A01
34999;201300023153;0;33;0;0.0;1.0;0.0;0.0;A01
35000;201300023154;0;7;0;0.0;2.0;1.0;0.0;A01
35001;201300023154;0;7;0;0.0;1.0;0.0;0.0;B01
35002;201300023155;0;7;0;0.0;2.0;0.0;0.0;A01
35003;201300023155;0;33;0;0.0;2.0;0.0;0.0;B01
35004;201300023156;0;7;0;0.0;0.0;0.0;0.0;B01
35005;201300023156;0;7;0;0.0;0.0;0.0;0.0;C01
35006;201300023156;0;7;0;0.0;0.0;0.0;0.0;A01
35007;201300023157;0;7;0;0.0;1.0;1.0;1.0;A01
35008;201300023158;0;7;0;9.0;0.0;1.0;16.0;A01
35009;201300023159;0;7;0;0.0;2.0;8.0;1.0;B01
35010;201300023159;0;7;0;0.0;2.0;1.0;14.0;A01
35011;201300023160;0;10;0;0.0;2.0;0.0;0.0;B01
35012;201300023160;0;30;0;0.0;2.0;0.0;0.0;A01
35013;201300023161;0;7;0;0.0;1.0;1.0;1.0;A01
35014;201300023162;0;7;0;0.0;1.0;1.0;0.0;A01
35015;201300023163;0;30;0;0.0;0.0;0.0;17.0;B01
35016;201300023163;0;7;0;0.0;2.0;3.0;15.0;A01
35017;201300023165;0;7;0;0.0;0.0;0.0;15.0;B01
35018;201300023165;1;7;0;0.0;0.0;0.0;0.0;A01
35019;201300023166;0;33;0;0.0;2.0;0.0;0.0;A01
35020;201300023166;0;7;0;0.0;2.0;0.0;0.0;B01
35021;201300023167;0;31;0;0.0;1.0;1.0;17.0;A01
35022;201300023167;0;7;0;0.0;2.0;1.0;15.0;B01
35023;201300023168;0;7;0;0.0;2.0;8.0;11.0;A01
35024;201300023168;0;30;0;0.0;2.0;0.0;3.0;B01
35025;201300023170;0;7;0;0.0;1.0;1.0;1.0;A01
35026;201300023171;0;7;0;0.0;2.0;1.0;0.0;A01
35027;201300023171;0;30;0;0.0;2.0;4.0;0.0;B01
35028;201300023172;0;7;0;0.0;0.0;0.0;0.0;B01
35029;201300023172;0;33;0;0.0;2.0;0.0;0.0;A01
35030;201300023174;0;7;0;0.0;1.0;0.0;20.0;A01
35031;201300023175;0;1;0;0.0;2.0;1.0;0.0;A01
35032;201300023175;0;7;0;0.0;0.0;1.0;0.0;B01
35033;201300023176;0;7;0;8.0;0.0;3.0;0.0;A01
35034;201300023177;0;7;0;0.0;2.0;4.0;2.0;B01
35035;201300023177;0;7;0;0.0;0.0;4.0;2.0;C01
35036;201300023177;0;7;0;0.0;2.0;1.0;2.0;A01
35037;201300023178;0;7;0;0.0;1.0;0.0;0.0;A01
35038;201300023179;1;7;0;0.0;0.0;1.0;0.0;Z01
35039;201300023179;0;7;0;0.0;2.0;0.0;0.0;B01
35040;201300023180;0;7;0;0.0;2.0;6.0;0.0;B01
35041;201300023180;0;7;0;0.0;2.0;2.0;2.0;A01
35042;201300023181;0;7;0;0.0;1.0;1.0;15.0;A01
35043;201300023183;0;7;0;0.0;0.0;1.0;0.0;A01
35044;201300023183;0;7;0;0.0;2.0;0.0;0.0;B01
35045;201300023184;0;7;0;0.0;2.0;1.0;0.0;A01
35046;201300023185;0;7;0;0.0;2.0;3.0;15.0;A01
35047;201300023185;0;31;0;0.0;2.0;8.0;1.0;B01
35048;201300023186;0;7;0;0.0;2.0;4.0;2.0;C01
35049;201300023186;0;7;0;0.0;2.0;1.0;2.0;A01
35050;201300023186;0;7;0;0.0;2.0;4.0;2.0;B01
35051;201300023187;0;7;0;0.0;2.0;0.0;0.0;A01
35052;201300023187;0;7;0;0.0;2.0;0.0;0.0;B01
35053;201300023188;0;7;0;3.0;0.0;3.0;1.0;A01
35054;201300023189;0;7;0;0.0;1.0;0.0;0.0;A01
35055;201300023190;0;34;0;0.0;2.0;0.0;0.0;B01
35056;201300023190;0;7;0;0.0;0.0;0.0;0.0;A01
35057;201300023191;0;7;0;0.0;1.0;0.0;0.0;A01
35058;201300023192;0;7;0;0.0;2.0;0.0;0.0;A01
35059;201300023192;0;7;0;0.0;0.0;0.0;0.0;B01
35060;201300023194;0;7;0;0.0;2.0;1.0;2.0;A01
35061;201300023194;0;7;0;0.0;2.0;4.0;2.0;B01
35062;201300023194;0;7;0;0.0;0.0;4.0;2.0;C01
35063;201300023195;0;7;0;0.0;2.0;2.0;2.0;A01
35064;201300023195;0;7;0;0.0;1.0;1.0;1.0;B01
35065;201300023196;0;7;0;0.0;0.0;0.0;0.0;B01
35066;201300023196;0;7;0;0.0;0.0;0.0;0.0;D01
35067;201300023196;0;7;0;0.0;0.0;0.0;0.0;A01
35068;201300023196;0;7;0;0.0;0.0;0.0;0.0;C01
35069;201300023197;0;7;0;0.0;2.0;0.0;0.0;A01
35070;201300023197;0;7;0;0.0;2.0;1.0;1.0;Z01
35071;201300023198;0;7;0;0.0;0.0;0.0;0.0;A01
35072;201300023198;0;7;0;0.0;0.0;0.0;0.0;B01
35073;201300023199;0;7;0;0.0;1.0;0.0;0.0;A01
35074;201300023200;0;1;0;0.0;2.0;0.0;0.0;B01
35075;201300023200;0;7;0;0.0;2.0;0.0;0.0;A01
35076;201300023201;0;7;0;0.0;0.0;0.0;1.0;B01
35077;201300023201;0;1;0;0.0;2.0;1.0;0.0;A01
35078;201300023202;1;7;0;0.0;1.0;0.0;0.0;Z01
35079;201300023203;0;7;0;0.0;1.0;1.0;0.0;A01
35080;201300023204;0;10;0;0.0;2.0;4.0;23.0;C01
35081;201300023204;0;7;0;0.0;2.0;4.0;23.0;D01
35082;201300023204;0;7;0;0.0;2.0;4.0;2.0;B01
35083;201300023204;0;10;0;0.0;2.0;1.0;1.0;A01
35084;201300023205;0;13;0;0.0;1.0;0.0;0.0;A01
35085;201300023206;0;7;0;0.0;1.0;0.0;0.0;A01
35086;201300023207;0;7;0;0.0;2.0;1.0;15.0;B01
35087;201300023207;0;31;0;0.0;2.0;8.0;1.0;A01
35088;201300023208;0;31;0;0.0;2.0;0.0;0.0;B01
35089;201300023208;0;7;0;0.0;2.0;0.0;0.0;A01
35090;201300023209;0;7;0;0.0;0.0;0.0;0.0;A01
35091;201300023209;0;7;0;0.0;0.0;0.0;0.0;B01
35092;201300023210;0;7;0;0.0;2.0;0.0;0.0;A01
35093;201300023210;0;30;0;0.0;2.0;0.0;0.0;B01
35094;201300023212;0;7;0;0.0;1.0;0.0;0.0;A01
35095;201300023213;0;7;0;0.0;1.0;4.0;4.0;A01
35096;201300023214;0;1;0;0.0;1.0;0.0;0.0;A01
35097;201300023215;0;32;0;0.0;2.0;1.0;1.0;A01
35098;201300023215;0;7;0;0.0;2.0;5.0;2.0;B01
35099;201300023217;0;7;0;0.0;1.0;2.0;1.0;A01
35100;201300023218;0;7;0;0.0;1.0;2.0;1.0;A01
35101;201300023219;0;7;0;0.0;1.0;3.0;16.0;A01
35102;201300023220;0;38;1;0.0;0.0;6.0;23.0;B01
35103;201300023220;0;7;0;1.0;0.0;1.0;2.0;A01
35104;201300023221;0;1;0;0.0;9.0;2.0;1.0;B01
35105;201300023221;0;30;0;0.0;9.0;1.0;1.0;A01
35106;201300023222;0;2;0;0.0;2.0;8.0;1.0;B01
35107;201300023222;0;7;0;0.0;0.0;0.0;0.0;A01
35108;201300023223;0;17;0;0.0;0.0;0.0;0.0;A01
35109;201300023224;0;7;0;0.0;2.0;3.0;10.0;B01
35110;201300023224;0;33;0;0.0;2.0;1.0;1.0;A01
35111;201300023225;0;7;0;0.0;0.0;0.0;0.0;B01
35112;201300023225;0;7;0;0.0;0.0;0.0;0.0;A01
35113;201300023226;0;7;0;0.0;0.0;0.0;0.0;B01
35114;201300023226;0;33;0;0.0;0.0;0.0;0.0;A01
35115;201300023227;2;7;0;1.0;0.0;1.0;14.0;B01
35116;201300023227;0;7;0;6.0;0.0;4.0;24.0;A01
35117;201300023229;1;7;0;0.0;2.0;0.0;0.0;Z01
35118;201300023229;0;31;0;0.0;2.0;1.0;0.0;B01
35119;201300023230;0;33;0;0.0;0.0;1.0;0.0;A01
35120;201300023230;0;7;0;0.0;2.0;1.0;0.0;B01
35121;201300023231;0;7;0;0.0;1.0;1.0;1.0;A01
35122;201300023232;0;33;0;0.0;2.0;0.0;0.0;B01
35123;201300023232;0;7;0;0.0;2.0;1.0;0.0;A01
35124;201300023233;0;32;0;0.0;2.0;1.0;0.0;B01
35125;201300023233;0;10;0;0.0;0.0;0.0;0.0;A01
35126;201300023234;0;7;0;0.0;2.0;0.0;0.0;B01
35127;201300023234;0;7;0;0.0;2.0;0.0;0.0;A01
35128;201300023235;0;7;0;0.0;2.0;1.0;9.0;A01
35129;201300023235;0;7;0;0.0;0.0;5.0;23.0;B02
35130;201300023236;0;7;0;13.0;0.0;3.0;0.0;A01
35131;201300023237;0;1;0;0.0;2.0;1.0;1.0;B02
35132;201300023237;0;7;0;0.0;2.0;8.0;15.0;A01
35133;201300023238;0;7;0;16.0;0.0;9.0;1.0;A01
35134;201300023239;0;7;0;2.0;0.0;1.0;1.0;A01
35135;201300023240;0;17;0;1.0;0.0;1.0;2.0;A01
35136;201300023240;0;17;0;0.0;0.0;4.0;24.0;B02
35137;201300023240;0;17;0;0.0;0.0;4.0;24.0;C03
35138;201300023240;0;17;0;0.0;0.0;4.0;24.0;D04
35139;201300023241;0;7;0;1.0;0.0;2.0;14.0;A01
35140;201300023242;0;7;0;0.0;2.0;3.0;17.0;A01
35141;201300023242;0;14;0;0.0;0.0;5.0;1.0;B02
35142;201300023243;0;7;0;0.0;0.0;5.0;9.0;A01
35143;201300023243;0;7;0;0.0;2.0;1.0;21.0;B02
35144;201300023244;0;33;0;0.0;0.0;9.0;1.0;A01
35145;201300023245;0;16;0;0.0;0.0;0.0;0.0;A01