;Num_Acc;senc;catv;occutc;obs;obsm;choc;manv;num_veh
35989;201300023780;0;32;0;12.0;2.0;1.0;1.0;B01
35990;201300023781;0;7;0;0.0;2.0;3.0;15.0;A01
35991;201300023781;0;33;0;0.0;2.0;7.0;1.0;B01
35992;201300023782;0;2;0;0.0;0.0;7.0;1.0;A01
35993;201300023783;0;7;0;0.0;2.0;1.0;5.0;A01
35994;201300023783;0;33;0;0.0;2.0;1.0;1.0;B01
35995;201300023784;0;7;0;0.0;2.0;1.0;15.0;A01
35996;201300023784;0;7;0;0.0;2.0;3.0;1.0;B01
35997;201300023786;0;7;0;0.0;1.0;1.0;1.0;A01
35998;201300023788;0;33;0;0.0;0.0;0.0;1.0;A01
35999;201300023789;0;7;0;0.0;2.0;2.0;1.0;B01
36000;201300023789;0;7;0;0.0;2.0;3.0;1.0;A01
36001;201300023790;0;10;0;0.0;2.0;4.0;1.0;B01
36002;201300023790;0;32;0;0.0;2.0;1.0;1.0;A01
36003;201300023791;0;7;0;0.0;2.0;1.0;2.0;A01
36004;201300023791;0;7;0;0.0;0.0;4.0;23.0;C01
36005;201300023791;0;7;0;0.0;2.0;1.0;23.0;B01
36006;201300023792;0;1;0;0.0;2.0;7.0;1.0;A01
36007;201300023792;0;7;0;0.0;2.0;6.0;1.0;B01
36008;201300023793;0;7;0;0.0;2.0;3.0;15.0;A01
36009;201300023793;0;33;0;0.0;2.0;1.0;1.0;B01
36010;201300023794;0;1;0;0.0;2.0;1.0;9.0;B01
36011;201300023794;0;7;0;0.0;2.0;3.0;1.0;A01
36012;201300023796;0;7;0;0.0;2.0;1.0;11.0;A01
36013;201300023796;0;7;0;0.0;2.0;4.0;1.0;B01
36014;201300023797;1;30;0;0.0;1.0;0.0;18.0;Z01
36015;201300023798;0;7;0;0.0;1.0;0.0;0.0;A01
36016;201300023799;0;7;0;0.0;2.0;1.0;13.0;A01
36017;201300023799;0;10;0;0.0;0.0;1.0;1.0;B01
36018;201300023800;0;30;0;0.0;2.0;9.0;1.0;A01
36019;201300023800;0;7;0;0.0;2.0;1.0;15.0;B01
36020;201300023801;0;7;0;0.0;2.0;1.0;1.0;A01
36021;201300023801;0;7;0;0.0;2.0;8.0;1.0;B01
36022;201300023802;0;7;0;0.0;1.0;1.0;15.0;A01
36023;201300023803;0;38;1;0.0;2.0;5.0;1.0;B01
36024;201300023803;0;20;0;0.0;2.0;3.0;15.0;A01
36025;201300023804;0;7;0;0.0;2.0;0.0;1.0;A01
36026;201300023804;0;1;0;0.0;2.0;1.0;1.0;B01
36027;201300023805;0;34;0;0.0;2.0;1.0;15.0;A01
36028;201300023805;0;7;0;0.0;0.0;7.0;1.0;B01
36029;201300023806;0;1;0;0.0;1.0;1.0;1.0;A01
36030;201300023807;0;1;0;0.0;0.0;6.0;1.0;B01
36031;201300023807;0;7;0;0.0;2.0;3.0;16.0;A01
36032;201300023808;0;30;0;0.0;2.0;0.0;0.0;B01
36033;201300023808;1;7;0;0.0;2.0;0.0;0.0;Z01
36034;201300023809;0;7;0;0.0;2.0;2.0;15.0;A01
36035;201300023809;0;32;0;0.0;2.0;1.0;1.0;B01
36036;201300023810;1;33;0;0.0;2.0;1.0;14.0;A01
36037;201300023810;0;7;0;0.0;2.0;8.0;1.0;B01
36038;201300023811;0;7;0;0.0;2.0;8.0;24.0;A01
36039;201300023811;0;1;0;1.0;0.0;1.0;1.0;B01
36040;201300023812;0;31;0;0.0;1.0;8.0;1.0;A01
36041;201300023813;0;7;0;13.0;0.0;1.0;14.0;A01
36042;201300023814;0;7;0;0.0;1.0;0.0;1.0;A01
36043;201300023815;0;30;0;0.0;2.0;2.0;1.0;B01
36044;201300023815;0;7;0;0.0;2.0;3.0;15.0;A01
36045;201300023816;0;33;0;0.0;2.0;8.0;1.0;B01
36046;201300023816;0;10;0;0.0;0.0;2.0;15.0;A01
36047;201300023817;0;7;0;0.0;2.0;1.0;1.0;A01
36048;201300023817;0;7;0;0.0;0.0;4.0;2.0;B01
36049;201300023818;0;7;0;0.0;2.0;7.0;15.0;B01
36050;201300023818;0;7;0;0.0;2.0;1.0;1.0;A01
36051;201300023819;0;7;0;0.0;2.0;4.0;1.0;B01
36052;201300023819;0;7;0;0.0;2.0;1.0;1.0;A01
36053;201300023820;0;7;0;0.0;1.0;8.0;1.0;A01
36054;201300023821;0;13;0;0.0;2.0;3.0;1.0;B01
36055;201300023821;0;7;0;0.0;2.0;3.0;13.0;A01
36056;201300023822;0;7;0;0.0;2.0;2.0;10.0;A01
36057;201300023822;0;33;0;0.0;2.0;3.0;1.0;B01
36058;201300023823;0;2;0;0.0;9.0;8.0;2.0;A01
36059;201300023824;0;2;0;6.0;0.0;1.0;14.0;A01
36060;201300023825;0;7;0;1.0;2.0;6.0;20.0;B01
36061;201300023825;0;7;0;0.0;2.0;1.0;1.0;A01
36062;201300023826;0;33;0;0.0;2.0;3.0;15.0;B01
36063;201300023826;0;7;0;0.0;2.0;5.0;15.0;A01
36064;201300023827;0;1;0;0.0;1.0;1.0;1.0;A01
36065;201300023828;0;1;0;0.0;1.0;3.0;1.0;A01
36066;201300023829;0;10;0;0.0;2.0;1.0;1.0;B01
36067;201300023829;0;7;0;0.0;2.0;1.0;1.0;C01
36068;201300023829;0;10;0;0.0;2.0;3.0;1.0;A01
36069;201300023831;0;14;0;0.0;2.0;1.0;1.0;A01
36070;201300023831;0;7;0;0.0;0.0;8.0;1.0;B01
36071;201300023832;0;33;0;0.0;2.0;9.0;1.0;B01
36072;201300023832;0;10;0;0.0;2.0;8.0;1.0;A01
36073;201300023833;0;7;0;0.0;2.0;2.0;13.0;A01
36074;201300023834;0;7;0;0.0;1.0;1.0;1.0;A01
36075;201300023835;0;7;0;0.0;2.0;2.0;9.0;A01
36076;201300023835;0;1;0;0.0;0.0;0.0;0.0;B01
36077;201300023836;0;7;0;0.0;2.0;3.0;22.0;A01
36078;201300023836;0;1;0;1.0;0.0;1.0;1.0;B01
36079;201300023837;0;1;0;0.0;2.0;2.0;19.0;A01
36080;201300023837;0;1;0;0.0;2.0;3.0;1.0;B01
36081;201300023838;0;7;0;0.0;0.0;7.0;1.0;B01
36082;201300023838;0;1;0;0.0;2.0;3.0;16.0;A01
36083;201300023839;0;33;0;0.0;0.0;8.0;1.0;B01
36084;201300023839;0;7;0;0.0;0.0;7.0;1.0;A01
36085;201300023840;0;7;0;0.0;2.0;2.0;15.0;A01
36086;201300023840;0;3;0;0.0;2.0;3.0;1.0;B01
36087;201300023841;0;7;0;0.0;2.0;3.0;1.0;A01
36088;201300023841;0;7;0;0.0;2.0;0.0;1.0;B01
36089;201300023842;0;1;0;0.0;2.0;2.0;1.0;A01
36090;201300023842;0;7;0;0.0;2.0;7.0;1.0;C01
36091;201300023842;0;1;0;0.0;2.0;0.0;1.0;B01
36092;201300023842;2;2;0;0.0;2.0;0.0;1.0;Z01
36093;201300023843;1;7;0;0.0;0.0;0.0;1.0;Z01
36094;201300023843;0;1;0;0.0;2.0;1.0;1.0;B01
36095;201300023844;0;1;0;14.0;0.0;0.0;0.0;A01
36096;201300023845;0;1;0;0.0;2.0;0.0;15.0;A01
36097;201300023845;0;31;0;0.0;2.0;0.0;1.0;B01
36098;201300023846;0;7;0;0.0;2.0;2.0;15.0;A01
36099;201300023846;0;31;0;0.0;2.0;8.0;1.0;B01
36100;201300023847;0;7;0;0.0;2.0;1.0;13.0;B01
36101;201300023847;0;33;0;0.0;2.0;3.0;13.0;A01
36102;201300023848;0;7;0;0.0;2.0;0.0;1.0;A01
36103;201300023849;0;7;0;0.0;2.0;1.0;2.0;A01
36104;201300023849;0;7;0;0.0;0.0;4.0;2.0;B01
36105;201300023850;0;7;0;0.0;2.0;7.0;1.0;A01
36106;201300023850;0;2;0;0.0;2.0;1.0;1.0;B01
36107;201300023851;0;2;0;8.0;1.0;0.0;1.0;A01
36108;201300023852;0;31;0;0.0;2.0;1.0;1.0;A01
36109;201300023852;0;7;0;0.0;2.0;4.0;1.0;B01
36110;201300023853;0;10;0;0.0;0.0;7.0;2.0;B01
36111;201300023853;0;2;0;0.0;2.0;1.0;2.0;A01
36112;201300023854;0;31;0;0.0;1.0;2.0;1.0;A01
36113;201300023854;0;7;0;0.0;2.0;9.0;23.0;B01
36114;201300023855;0;7;0;0.0;2.0;3.0;1.0;B01
36115;201300023855;0;2;0;0.0;2.0;1.0;17.0;A01
36116;201300023856;0;7;0;0.0;1.0;1.0;1.0;A01
36117;201300023857;0;1;0;0.0;2.0;1.0;1.0;B01
36118;201300023857;0;7;0;0.0;2.0;1.0;15.0;A01
36119;201300023859;0;7;0;0.0;2.0;3.0;1.0;B01
36120;201300023859;0;7;0;0.0;2.0;3.0;15.0;A01
36121;201300023860;0;7;0;0.0;1.0;1.0;1.0;A01
36122;201300023861;0;7;0;0.0;2.0;1.0;2.0;A01
36123;201300023861;0;7;0;0.0;0.0;4.0;2.0;B01
36124;201300023862;0;7;0;0.0;2.0;4.0;1.0;A01
36125;201300023862;0;7;0;0.0;2.0;1.0;2.0;B01
36126;201300023863;0;39;0;0.0;2.0;3.0;1.0;B01
36127;201300023863;0;7;0;0.0;2.0;2.0;15.0;A01
36128;201300023864;0;30;0;0.0;2.0;1.0;1.0;A01
36129;201300023864;0;7;0;0.0;2.0;2.0;15.0;B01
36130;201300023865;0;7;0;0.0;2.0;8.0;1.0;A01
36131;201300023865;0;1;0;0.0;2.0;0.0;15.0;B01
36132;201300023866;0;7;0;0.0;2.0;1.0;1.0;A01
36133;201300023866;0;7;0;0.0;2.0;4.0;2.0;C01
36134;201300023866;0;7;0;0.0;2.0;4.0;2.0;B01
36135;201300023867;0;33;0;0.0;2.0;1.0;1.0;B01
36136;201300023867;0;7;0;0.0;2.0;2.0;15.0;A01
36137;201300023868;1;7;0;0.0;2.0;3.0;24.0;Z01
36138;201300023868;0;1;0;1.0;0.0;2.0;1.0;B01
36139;201300023869;0;2;0;0.0;2.0;1.0;1.0;B01
36140;201300023869;0;7;0;0.0;2.0;3.0;1.0;A01
36141;201300023870;0;7;0;0.0;1.0;2.0;16.0;A01
36142;201300023871;0;7;0;0.0;2.0;6.0;1.0;B01
36143;201300023871;0;33;0;0.0;2.0;8.0;1.0;A01
36144;201300023872;0;1;0;0.0;2.0;1.0;9.0;A01
36145;201300023872;0;7;0;0.0;2.0;3.0;1.0;B01
36146;201300023873;0;30;0;0.0;2.0;5.0;1.0;A01
36147;201300023873;0;7;0;0.0;2.0;3.0;1.0;B01
36148;201300023874;0;14;0;0.0;2.0;8.0;15.0;B01
36149;201300023874;0;33;0;0.0;2.0;6.0;1.0;A01
36150;201300023875;0;31;0;0.0;2.0;1.0;1.0;B01
36151;201300023875;0;7;0;0.0;0.0;7.0;15.0;A01
36152;201300023876;0;7;0;0.0;2.0;3.0;15.0;A01
36153;201300023876;0;31;0;0.0;2.0;1.0;1.0;B01
36154;201300023877;0;20;0;0.0;2.0;1.0;1.0;B01
36155;201300023877;0;7;0;0.0;2.0;3.0;16.0;A01
36156;201300023878;0;7;0;0.0;2.0;9.0;13.0;A01
36157;201300023878;0;7;0;0.0;2.0;9.0;1.0;B01
36158;201300023879;0;7;0;1.0;0.0;1.0;1.0;A01
36159;201300023880;0;40;0;0.0;1.0;3.0;1.0;B01
36160;201300023881;0;7;0;0.0;0.0;5.0;1.0;B01
36161;201300023881;1;7;0;0.0;0.0;1.0;2.0;Z01
36162;201300023882;0;7;0;0.0;0.0;7.0;16.0;A01
36163;201300023882;0;33;0;0.0;2.0;1.0;1.0;B01
36164;201300023885;0;33;0;0.0;0.0;9.0;1.0;A01
36165;201300023886;0;1;0;0.0;2.0;0.0;1.0;B01
36166;201300023886;0;7;0;0.0;0.0;0.0;16.0;A01
36167;201300023887;0;7;0;0.0;2.0;1.0;1.0;B01
36168;201300023887;0;7;0;0.0;2.0;1.0;0.0;A01
36169;201300023888;0;1;0;0.0;2.0;1.0;15.0;B01
36170;201300023888;0;7;0;0.0;2.0;2.0;1.0;A01
36171;201300023889;0;7;0;0.0;2.0;2.0;1.0;A01
36172;201300023890;0;7;0;1.0;2.0;7.0;2.0;A01
36173;201300023890;0;7;0;0.0;2.0;9.0;1.0;B01
36174;201300023891;0;33;0;0.0;0.0;7.0;16.0;A01
36175;201300023891;0;7;0;0.0;2.0;3.0;15.0;B01
36176;201300023892;0;40;0;0.0;1.0;5.0;1.0;A01
36177;201300023893;0;7;0;0.0;2.0;2.0;1.0;B01
36178;201300023893;0;1;0;0.0;2.0;1.0;19.0;A01
36179;201300023894;0;7;0;0.0;0.0;3.0;2.0;C01
36180;201300023894;0;15;0;0.0;0.0;3.0;1.0;B01
36181;201300023894;0;33;0;0.0;2.0;9.0;1.0;A01
36182;201300023895;0;7;0;0.0;0.0;7.0;1.0;B01
36183;201300023895;0;7;0;0.0;2.0;3.0;1.0;C01
36184;201300023895;0;7;0;0.0;2.0;1.0;1.0;A01
36185;201300023896;0;32;0;0.0;2.0;3.0;1.0;B01
36186;201300023896;0;7;0;0.0;0.0;2.0;16.0;A01
36187;201300023898;0;1;0;0.0;2.0;1.0;1.0;A01
36188;201300023898;0;7;0;0.0;2.0;1.0;1.0;B01
36189;201300023899;0;31;0;6.0;0.0;0.0;1.0;A01
36190;201300023900;0;7;0;0.0;2.0;5.0;1.0;B01
36191;201300023900;0;1;0;0.0;0.0;8.0;1.0;A01
36192;201300023901;0;7;0;0.0;0.0;0.0;1.0;B01
36193;201300023901;0;32;0;0.0;2.0;2.0;2.0;A01
36194;201300023902;0;7;0;0.0;0.0;4.0;2.0;C01
36195;201300023902;0;7;0;0.0;2.0;4.0;2.0;B01
36196;201300023902;0;7;0;0.0;2.0;1.0;2.0;A01
36197;201300023903;0;2;0;0.0;2.0;3.0;1.0;A01
36198;201300023903;0;7;0;0.0;2.0;2.0;1.0;B01
36199;201300023904;0;30;0;0.0;2.0;3.0;1.0;B01
36200;201300023904;0;7;0;0.0;2.0;2.0;12.0;A01
36201;201300023905;0;10;0;0.0;0.0;1.0;1.0;B01
36202;201300023905;0;7;0;0.0;2.0;1.0;13.0;A01
36203;201300023906;0;7;0;1.0;2.0;1.0;10.0;A01
36204;201300023906;0;7;0;0.0;2.0;7.0;1.0;B01
36205;201300023907;0;7;0;0.0;2.0;4.0;1.0;B01
36206;201300023907;0;7;0;0.0;2.0;1.0;1.0;A01
36207;201300023908;0;7;0;0.0;0.0;5.0;1.0;B01
36208;201300023908;0;7;0;1.0;2.0;1.0;1.0;A01
36209;201300023909;0;7;0;0.0;2.0;4.0;2.0;B01
36210;201300023909;0;7;0;0.0;0.0;4.0;2.0;C01
36211;201300023909;0;7;0;0.0;2.0;1.0;2.0;A01
36212;201300023910;0;7;0;13.0;0.0;8.0;1.0;A01
36213;201300023911;0;7;0;0.0;2.0;1.0;15.0;A01
36214;201300023911;0;33;0;0.0;2.0;1.0;1.0;B01
36215;201300023913;0;2;0;0.0;2.0;1.0;1.0;B01
36216;201300023913;0;7;0;0.0;0.0;2.0;15.0;A01
36217;201300023914;0;10;0;0.0;1.0;7.0;1.0;B01
36218;201300023915;0;1;0;0.0;0.0;4.0;1.0;A01
36219;201300023915;0;31;0;0.0;2.0;1.0;15.0;B01
36220;201300023916;0;7;0;0.0;2.0;0.0;1.0;A01
36221;201300023916;0;1;0;0.0;0.0;3.0;16.0;B01
36222;201300023918;0;7;0;6.0;2.0;1.0;1.0;B01
36223;201300023918;0;7;0;0.0;0.0;2.0;1.0;A01
36224;201300023919;0;7;0;0.0;2.0;1.0;2.0;A01
36225;201300023919;0;7;0;0.0;0.0;4.0;2.0;B01
36226;201300023920;0;7;0;0.0;0.0;6.0;13.0;A01
36227;201300023920;0;33;0;0.0;2.0;7.0;21.0;B01
36228;201300023921;0;7;0;0.0;2.0;2.0;15.0;A01
36229;201300023921;0;2;0;0.0;2.0;1.0;1.0;B01
36230;201300023923;0;7;0;0.0;2.0;3.0;1.0;C01
36231;201300023923;0;7;0;0.0;2.0;2.0;1.0;A01
36232;201300023923;0;7;0;0.0;2.0;4.0;1.0;B01
36233;201300023924;0;33;0;0.0;2.0;1.0;2.0;A01
36234;201300023924;0;7;0;0.0;0.0;6.0;1.0;B01
36235;201300023925;0;10;0;0.0;0.0;7.0;15.0;A01
36236;201300023925;0;10;0;0.0;2.0;1.0;1.0;B01
36237;201300023926;0;40;0;0.0;2.0;1.0;1.0;B01
36238;201300023926;0;10;0;0.0;4.0;8.0;1.0;A01
36239;201300023928;0;7;0;0.0;2.0;1.0;2.0;A01
36240;201300023928;0;7;0;0.0;0.0;4.0;1.0;B01
36241;201300023929;0;7;0;0.0;1.0;2.0;17.0;B01
36242;201300023930;0;33;0;0.0;2.0;1.0;1.0;B01
36243;201300023930;0;7;0;0.0;2.0;2.0;15.0;A01
36244;201300023931;0;1;0;0.0;0.0;1.0;0.0;B01
36245;201300023931;0;7;0;0.0;2.0;1.0;16.0;A01
36246;201300023932;0;7;0;0.0;2.0;3.0;24.0;A01
36247;201300023932;0;1;0;0.0;2.0;1.0;1.0;B01
36248;201300023933;0;7;0;13.0;0.0;2.0;1.0;A01
36249;201300023934;0;33;0;0.0;2.0;1.0;1.0;A01
36250;201300023934;0;7;0;0.0;2.0;6.0;15.0;B01
36251;201300023935;0;7;0;0.0;0.0;3.0;15.0;A01
36252;201300023935;0;7;0;0.0;2.0;2.0;1.0;B01
36253;201300023936;0;7;0;0.0;2.0;1.0;1.0;A01
36254;201300023936;0;7;0;0.0;2.0;4.0;1.0;B01
36255;201300023937;0;1;0;0.0;0.0;0.0;16.0;B01
36256;201300023937;0;7;0;0.0;2.0;3.0;16.0;A01
36257;201300023938;0;7;0;0.0;2.0;1.0;1.0;B01
36258;201300023938;0;32;0;0.0;2.0;1.0;1.0;A01
36259;201300023939;0;7;0;0.0;2.0;1.0;2.0;A01
36260;201300023939;0;7;0;0.0;2.0;3.0;2.0;B01
36261;201300023941;0;2;0;0.0;2.0;1.0;1.0;B01
36262;201300023941;0;7;0;0.0;2.0;3.0;15.0;A01
36263;201300023942;0;7;0;0.0;0.0;1.0;1.0;B01
36264;201300023942;0;7;0;0.0;2.0;1.0;1.0;A01
36265;201300023943;0;2;0;0.0;9.0;1.0;1.0;A01
36266;201300023944;0;2;0;15.0;0.0;2.0;1.0;A01
36267;201300023945;0;7;0;0.0;2.0;3.0;16.0;A01
36268;201300023945;0;1;0;0.0;0.0;4.0;1.0;B01
36269;201300023946;0;1;0;0.0;2.0;0.0;1.0;B01
36270;201300023946;0;10;0;0.0;2.0;5.0;1.0;A01
36271;201300023947;0;34;0;0.0;2.0;1.0;1.0;B01
36272;201300023947;0;10;0;0.0;2.0;3.0;16.0;A01
36273;201300023948;0;7;0;0.0;0.0;5.0;1.0;B01
36274;201300023948;0;7;0;0.0;2.0;1.0;1.0;A01
36275;201300023949;0;7;0;0.0;1.0;3.0;1.0;A01
36276;201300023950;0;33;0;0.0;1.0;7.0;1.0;A01
36277;201300023951;0;2;0;0.0;2.0;1.0;15.0;A01
36278;201300023951;0;7;0;0.0;2.0;3.0;1.0;B01
36279;201300023952;0;7;0;5.0;0.0;1.0;1.0;A01
36280;201300023954;0;7;0;0.0;2.0;2.0;1.0;B01
36281;201300023954;0;7;0;15.0;2.0;7.0;1.0;A01
36282;201300023955;0;7;0;0.0;0.0;4.0;1.0;B01
36283;201300023955;0;7;0;0.0;2.0;1.0;2.0;A01
36284;201300023956;0;7;0;0.0;2.0;3.0;1.0;B01
36285;201300023956;0;31;0;0.0;0.0;6.0;9.0;A01
36286;201300023957;0;7;0;0.0;1.0;3.0;1.0;A01
36287;201300023958;0;7;0;0.0;2.0;4.0;2.0;B01
36288;201300023958;0;2;0;0.0;2.0;1.0;2.0;A01
36289;201300023959;0;10;0;0.0;2.0;1.0;2.0;A01
36290;201300023959;0;7;0;0.0;0.0;4.0;1.0;B01
36291;201300023960;0;7;0;0.0;2.0;1.0;1.0;A01
36292;201300023960;0;7;0;0.0;2.0;2.0;1.0;B01
36293;201300023961;0;7;0;0.0;2.0;3.0;1.0;B01
36294;201300023961;0;7;0;0.0;2.0;1.0;23.0;C01
36295;201300023961;0;7;0;0.0;2.0;3.0;1.0;A01
36296;201300023961;0;10;0;0.0;0.0;3.0;23.0;D01
36297;201300023962;0;31;0;0.0;2.0;8.0;12.0;A01
36298;201300023962;0;7;0;0.0;0.0;4.0;2.0;B01
36299;201300023963;0;7;0;0.0;2.0;1.0;1.0;A01
36300;201300023963;0;31;0;0.0;2.0;4.0;1.0;B01
36301;201300023964;1;7;0;0.0;1.0;8.0;1.0;A01
36302;201300023965;0;1;0;0.0;0.0;4.0;1.0;B01
36303;201300023965;0;7;0;0.0;2.0;3.0;2.0;A01
36304;201300023966;0;1;0;0.0;0.0;3.0;1.0;B01
36305;201300023966;0;7;0;0.0;0.0;0.0;15.0;A01
36306;201300023967;0;7;0;12.0;0.0;7.0;9.0;A01
36307;201300023968;0;2;0;0.0;2.0;1.0;1.0;A01
36308;201300023968;0;7;0;0.0;0.0;7.0;1.0;B01
36309;201300023969;0;7;0;0.0;1.0;3.0;1.0;A01
36310;201300023972;0;7;0;0.0;2.0;4.0;2.0;B01
36311;201300023972;0;7;0;0.0;0.0;4.0;23.0;C01
36312;201300023972;1;7;0;0.0;2.0;1.0;2.0;Z01
36313;201300023973;0;31;0;0.0;2.0;9.0;1.0;B01
36314;201300023973;0;7;0;0.0;2.0;3.0;9.0;A01
36315;201300023974;0;7;0;0.0;2.0;4.0;2.0;B01
36316;201300023974;0;7;0;0.0;2.0;1.0;2.0;A01
36317;201300023975;0;7;0;0.0;0.0;3.0;15.0;B01
36318;201300023975;0;33;0;0.0;2.0;1.0;17.0;A01
36319;201300023976;0;7;0;0.0;1.0;1.0;1.0;A01
36320;201300023977;0;7;0;0.0;1.0;3.0;1.0;A01
36321;201300023978;0;31;0;0.0;1.0;1.0;1.0;A01
36322;201300023979;0;7;0;0.0;2.0;1.0;15.0;A01
36323;201300023979;0;33;0;0.0;2.0;1.0;1.0;B01
36324;201300023980;0;2;0;0.0;2.0;7.0;1.0;A01
36325;201300023980;0;3;0;0.0;2.0;6.0;1.0;C01
36326;201300023980;0;2;0;0.0;2.0;0.0;1.0;B01
36327;201300023981;0;30;0;0.0;2.0;7.0;1.0;A01
36328;201300023981;0;7;0;0.0;2.0;1.0;10.0;B01
36329;201300023982;0;7;0;6.0;0.0;7.0;15.0;A01
36330;201300023983;0;7;0;0.0;2.0;1.0;10.0;A01
36331;201300023983;0;2;0;0.0;2.0;1.0;1.0;B01
36332;201300023985;0;33;0;0.0;1.0;8.0;1.0;A01
36333;201300023986;0;7;0;0.0;2.0;2.0;1.0;B01
36334;201300023986;0;7;0;0.0;0.0;2.0;16.0;A01
36335;201300023987;0;7;0;0.0;0.0;3.0;15.0;B01
36336;201300023987;0;1;0;0.0;2.0;1.0;2.0;A01
36337;201300023988;0;7;0;0.0;0.0;0.0;1.0;A01
36338;201300023988;0;7;0;0.0;0.0;0.0;15.0;B01
36339;201300023989;1;30;0;0.0;2.0;1.0;2.0;Z01
36340;201300023989;0;7;0;0.0;0.0;0.0;1.0;A01
36341;201300023990;0;7;0;0.0;1.0;1.0;1.0;A01
36342;201300023993;0;7;0;0.0;0.0;8.0;15.0;A01
36343;201300023993;0;33;0;0.0;2.0;1.0;1.0;B01
36344;201300023994;0;7;0;0.0;2.0;4.0;2.0;B01
36345;201300023994;0;7;0;0.0;2.0;1.0;2.0;A01
36346;201300023995;0;2;0;0.0;2.0;1.0;15.0;B01
36347;201300023995;0;7;0;0.0;2.0;2.0;1.0;A01
36348;201300023996;0;7;0;0.0;2.0;2.0;15.0;A01
36349;201300023996;0;32;0;0.0;2.0;1.0;1.0;B01
36350;201300023997;0;7;0;0.0;2.0;3.0;15.0;A01
36351;201300023997;0;10;0;0.0;2.0;3.0;1.0;B01
36352;201300023998;0;7;0;0.0;1.0;3.0;15.0;A01
36353;201300023999;0;10;0;0.0;0.0;4.0;23.0;B01
36354;201300023999;0;33;0;1.0;0.0;9.0;18.0;A01
36355;201300024000;0;7;0;0.0;2.0;1.0;1.0;A01
36356;201300024000;0;7;0;0.0;0.0;4.0;15.0;B01
36357;201300024001;0;7;0;1.0;1.0;1.0;15.0;A01
36358;201300024002;0;7;0;0.0;0.0;4.0;1.0;B01
36359;201300024002;0;7;0;0.0;2.0;1.0;2.0;A01
36360;201300024003;0;7;0;0.0;0.0;2.0;1.0;A01
36361;201300024003;0;2;0;0.0;2.0;1.0;15.0;B01
36362;201300024004;0;7;0;0.0;0.0;4.0;1.0;C01
36363;201300024004;0;7;0;0.0;2.0;1.0;2.0;A01
36364;201300024004;0;7;0;1.0;0.0;1.0;1.0;B01
36365;201300024005;0;7;0;0.0;2.0;1.0;1.0;A01
36366;201300024005;0;7;0;0.0;0.0;3.0;1.0;B01
36367;201300024006;0;10;0;0.0;0.0;4.0;1.0;B01
36368;201300024006;0;2;0;0.0;2.0;1.0;2.0;A01
36369;201300024007;0;2;0;0.0;2.0;1.0;1.0;A01
36370;201300024007;0;7;0;0.0;2.0;7.0;1.0;B01
36371;201300024008;0;7;0;0.0;0.0;6.0;15.0;B01
36372;201300024008;0;33;0;0.0;2.0;1.0;17.0;A01
36373;201300024009;0;7;0;0.0;1.0;0.0;16.0;A01
36374;201300024010;0;10;0;0.0;2.0;9.0;1.0;B01
36375;201300024010;0;10;0;0.0;2.0;1.0;1.0;A01
36376;201300024010;0;7;0;0.0;0.0;4.0;1.0;C01
36377;201300024011;0;7;0;0.0;2.0;4.0;1.0;A01
36378;201300024011;0;7;0;0.0;2.0;1.0;2.0;B01
36379;201300024012;0;35;0;0.0;1.0;2.0;1.0;A01
36380;201300024013;0;7;0;0.0;2.0;2.0;1.0;A01
36381;201300024013;0;7;0;0.0;2.0;4.0;1.0;B01
36382;201300024014;0;2;0;0.0;2.0;1.0;1.0;B01
36383;201300024014;0;7;0;0.0;2.0;5.0;9.0;A01
36384;201300024015;0;7;0;0.0;2.0;7.0;15.0;B01
36385;201300024015;0;2;0;0.0;2.0;1.0;1.0;A01
36386;201300024016;0;7;0;14.0;0.0;1.0;1.0;C01
36387;201300024016;0;7;0;14.0;2.0;4.0;1.0;B01
36388;201300024016;0;7;0;0.0;2.0;1.0;1.0;A01
36389;201300024017;0;7;0;0.0;1.0;2.0;1.0;A01
36390;201300024018;0;40;0;0.0;1.0;0.0;1.0;A01
36391;201300024020;0;7;0;0.0;1.0;2.0;16.0;A01
36392;201300024021;0;7;0;8.0;2.0;1.0;2.0;A01
36393;201300024021;0;7;0;0.0;0.0;4.0;1.0;B01
36394;201300024022;0;7;0;0.0;1.0;3.0;15.0;A01
36395;201300024023;0;7;0;0.0;2.0;1.0;15.0;A01
36396;201300024023;0;33;0;0.0;2.0;1.0;1.0;B01
36397;201300024024;0;1;0;0.0;0.0;0.0;15.0;B01
36398;201300024024;0;7;0;0.0;0.0;3.0;20.0;A01
36399;201300024026;0;7;0;0.0;2.0;1.0;9.0;A01
36400;201300024026;0;7;0;0.0;0.0;7.0;1.0;B01
36401;201300024028;0;7;0;0.0;2.0;1.0;2.0;A01
36402;201300024028;0;7;0;0.0;2.0;4.0;2.0;B01
36403;201300024029;0;7;0;0.0;2.0;1.0;15.0;B01
36404;201300024029;0;7;0;0.0;0.0;7.0;1.0;A01
36405;201300024031;0;7;0;0.0;0.0;4.0;2.0;B01
36406;201300024031;0;14;0;0.0;2.0;1.0;2.0;A01
36407;201300024032;0;7;0;0.0;1.0;2.0;1.0;A01
36408;201300024033;0;7;0;0.0;2.0;1.0;1.0;B01
36409;201300024033;0;7;0;0.0;2.0;2.0;15.0;A01
36410;201300024034;0;33;0;0.0;2.0;7.0;1.0;B01