;Num_Acc;senc;catv;occutc;obs;obsm;choc;manv;num_veh
36832;201300024304;0;7;0;0.0;2.0;3.0;1.0;B01
36833;201300024305;0;1;0;0.0;0.0;1.0;1.0;B01
36834;201300024305;0;7;0;0.0;2.0;1.0;1.0;A01
36835;201300024306;0;7;0;0.0;2.0;1.0;2.0;A01
36836;201300024306;0;7;0;0.0;0.0;4.0;1.0;B01
36837;201300024307;0;7;0;0.0;1.0;2.0;16.0;A01
36838;201300024308;0;10;0;0.0;1.0;2.0;15.0;A01
36839;201300024310;0;10;0;13.0;0.0;1.0;1.0;A01
36840;201300024311;0;30;0;12.0;0.0;7.0;0.0;A01
36841;201300024312;0;1;0;0.0;2.0;1.0;1.0;B01
36842;201300024312;0;7;0;0.0;2.0;7.0;15.0;A01
36843;201300024313;0;31;0;0.0;2.0;2.0;1.0;B01
36844;201300024313;0;7;0;0.0;0.0;7.0;1.0;A01
36845;201300024314;0;7;0;0.0;1.0;3.0;15.0;A01
36846;201300024315;0;7;0;0.0;2.0;1.0;1.0;B01
36847;201300024315;0;7;0;0.0;2.0;1.0;1.0;A01
36848;201300024316;0;34;0;1.0;2.0;4.0;1.0;A01
36849;201300024316;0;7;0;0.0;0.0;0.0;15.0;B01
36850;201300024317;0;7;0;0.0;1.0;1.0;1.0;A01
36851;201300024318;0;7;0;0.0;2.0;3.0;10.0;B01
36852;201300024318;0;7;0;0.0;2.0;4.0;1.0;A01
36853;201300024319;0;7;0;0.0;1.0;0.0;1.0;A01
36854;201300024320;0;33;0;0.0;0.0;7.0;1.0;A01
36855;201300024321;0;10;0;0.0;0.0;8.0;0.0;A01
36856;201300024322;0;33;0;0.0;1.0;2.0;1.0;A01
36857;201300024323;0;7;0;0.0;2.0;1.0;2.0;A01
36858;201300024323;0;7;0;0.0;0.0;5.0;1.0;B01
36859;201300024324;0;1;0;0.0;2.0;1.0;1.0;A01
36860;201300024324;0;7;0;0.0;0.0;3.0;1.0;B01
36861;201300024325;0;7;0;0.0;0.0;0.0;13.0;A01
36862;201300024325;0;1;0;0.0;2.0;0.0;1.0;B01
36863;201300024326;0;7;0;0.0;0.0;7.0;22.0;A01
36864;201300024326;0;2;0;0.0;2.0;1.0;1.0;B01
36865;201300024327;0;7;0;1.0;0.0;2.0;14.0;A01
36866;201300024328;0;7;0;8.0;0.0;8.0;10.0;A01
36867;201300024328;0;40;0;0.0;2.0;1.0;1.0;B01
36868;201300024329;1;7;0;0.0;1.0;2.0;15.0;Z01
36869;201300024330;0;7;0;0.0;2.0;3.0;13.0;A01
36870;201300024330;0;7;0;3.0;2.0;8.0;1.0;B01
36871;201300024331;0;33;0;0.0;0.0;0.0;15.0;A01
36872;201300024331;0;7;0;0.0;2.0;0.0;2.0;C01
36873;201300024331;0;7;0;0.0;2.0;0.0;1.0;B01
36874;201300024332;0;7;0;0.0;2.0;1.0;1.0;A01
36875;201300024332;0;7;0;0.0;2.0;1.0;1.0;B01
36876;201300024333;0;33;0;0.0;0.0;0.0;1.0;A01
36877;201300024334;0;7;0;0.0;0.0;4.0;1.0;B01
36878;201300024334;0;7;0;0.0;2.0;1.0;2.0;A01
36879;201300024335;0;7;0;0.0;1.0;1.0;15.0;A01
36880;201300024337;0;7;0;0.0;1.0;1.0;15.0;A01
36881;201300024338;0;7;0;0.0;1.0;1.0;1.0;A01
36882;201300024339;0;7;0;0.0;1.0;2.0;1.0;A01
36883;201300024340;0;7;0;0.0;0.0;1.0;23.0;C01
36884;201300024340;0;7;0;1.0;2.0;1.0;1.0;A01
36885;201300024340;0;10;0;0.0;0.0;1.0;1.0;B01
36886;201300024341;0;10;0;0.0;0.0;4.0;1.0;B01
36887;201300024341;0;7;0;0.0;2.0;1.0;2.0;A01
36888;201300024342;0;7;0;0.0;2.0;1.0;2.0;A01
36889;201300024342;0;7;0;0.0;0.0;4.0;1.0;C01
36890;201300024342;0;7;0;0.0;2.0;4.0;2.0;B01
36891;201300024343;0;7;0;0.0;1.0;3.0;15.0;A01
36892;201300024344;0;7;0;0.0;2.0;1.0;1.0;B01
36893;201300024344;0;7;0;0.0;2.0;1.0;11.0;A01
36894;201300024345;0;7;0;0.0;1.0;3.0;1.0;A01
36895;201300024347;0;7;0;0.0;1.0;3.0;15.0;A01
36896;201300024348;0;7;0;0.0;2.0;1.0;0.0;A01
36897;201300024348;0;7;0;0.0;2.0;2.0;1.0;B01
36898;201300024350;0;7;0;0.0;2.0;1.0;15.0;A01
36899;201300024350;0;7;0;0.0;0.0;1.0;1.0;B01
36900;201300024351;0;2;0;0.0;2.0;1.0;1.0;A01
36901;201300024351;0;7;0;0.0;0.0;3.0;11.0;B01
36902;201300024352;0;31;0;0.0;2.0;1.0;1.0;A01
36903;201300024352;0;10;0;0.0;0.0;6.0;1.0;B01
36904;201300024353;0;7;0;0.0;0.0;2.0;10.0;A01
36905;201300024353;0;34;0;0.0;2.0;1.0;1.0;B01
36906;201300024354;0;7;0;0.0;2.0;3.0;13.0;A01
36907;201300024354;0;10;0;0.0;2.0;1.0;1.0;B01
36908;201300024355;0;7;0;0.0;0.0;3.0;9.0;B01
36909;201300024355;0;2;0;0.0;2.0;2.0;1.0;A01
36910;201300024356;0;7;0;0.0;2.0;1.0;2.0;A01
36911;201300024356;0;33;0;0.0;0.0;4.0;1.0;B01
36912;201300024357;0;7;0;0.0;0.0;8.0;1.0;A01
36913;201300024357;0;1;0;0.0;2.0;1.0;1.0;B01
36914;201300024358;0;2;0;0.0;2.0;1.0;1.0;B01
36915;201300024358;0;7;0;0.0;0.0;7.0;15.0;A01
36916;201300024360;0;7;0;0.0;1.0;1.0;1.0;A01
36917;201300024361;0;33;0;0.0;0.0;7.0;1.0;B01
36918;201300024361;0;7;0;0.0;2.0;1.0;15.0;A01
36919;201300024362;0;7;0;1.0;0.0;2.0;14.0;A01
36920;201300024363;0;7;0;0.0;0.0;7.0;1.0;B01
36921;201300024363;0;2;0;0.0;2.0;8.0;1.0;A01
36922;201300024364;0;7;0;0.0;1.0;1.0;16.0;A01
36923;201300024365;0;7;0;0.0;2.0;1.0;1.0;B01
36924;201300024365;0;1;0;0.0;0.0;8.0;1.0;A01
36925;201300024366;0;37;1;0.0;2.0;1.0;1.0;C01
36926;201300024366;0;7;0;0.0;2.0;1.0;1.0;A01
36927;201300024366;0;7;0;0.0;2.0;1.0;1.0;B01
36928;201300024367;0;7;0;0.0;1.0;1.0;1.0;A01
36929;201300024368;0;7;0;0.0;2.0;1.0;13.0;A01
36930;201300024368;0;7;0;0.0;2.0;1.0;1.0;B01
36931;201300024370;0;30;0;14.0;0.0;1.0;1.0;A01
36932;201300024371;0;2;0;0.0;2.0;1.0;1.0;A01
36933;201300024371;0;7;0;0.0;2.0;3.0;1.0;B02
36934;201300024372;0;33;0;0.0;2.0;1.0;13.0;A01
36935;201300024372;0;7;0;0.0;2.0;2.0;1.0;B02
36936;201300024373;0;7;0;0.0;2.0;1.0;1.0;A01
36937;201300024373;0;7;0;0.0;0.0;4.0;0.0;B02
36938;201300024374;0;7;0;9.0;0.0;8.0;1.0;A01
36939;201300024375;0;7;0;0.0;0.0;7.0;15.0;A01
36940;201300024375;0;33;0;0.0;2.0;1.0;1.0;B02
36941;201300024376;0;14;0;0.0;2.0;2.0;1.0;B02
36942;201300024376;0;2;0;0.0;2.0;1.0;19.0;A01
36943;201300024377;0;7;0;0.0;2.0;1.0;13.0;A01
36944;201300024377;0;10;0;0.0;2.0;1.0;1.0;B02
36945;201300024378;0;33;0;0.0;0.0;0.0;16.0;A01
36946;201300024379;0;14;0;13.0;0.0;9.0;14.0;A01
36947;201300024380;0;7;0;13.0;0.0;9.0;15.0;A01
36948;201300024381;0;7;0;0.0;2.0;3.0;1.0;A01
36949;201300024381;0;7;0;0.0;2.0;3.0;1.0;B02
36950;201300024382;0;7;0;0.0;1.0;3.0;1.0;A01
36951;201300024383;0;30;0;0.0;2.0;8.0;1.0;B02
36952;201300024383;0;21;0;0.0;2.0;1.0;15.0;A01
36953;201300024384;0;7;0;8.0;0.0;3.0;1.0;A01
36954;201300024385;0;7;0;0.0;2.0;5.0;15.0;A01
36955;201300024385;0;2;0;0.0;2.0;1.0;1.0;B02
36956;201300024386;0;33;0;16.0;;2.0;21.0;A01
36957;201300024387;0;7;0;2.0;0.0;1.0;1.0;A01
36958;201300024388;0;10;0;0.0;2.0;1.0;1.0;A01
36959;201300024388;0;33;0;0.0;2.0;1.0;1.0;B02
36960;201300024388;0;7;0;0.0;2.0;6.0;1.0;C03
36961;201300024389;0;33;0;0.0;2.0;1.0;1.0;B02
36962;201300024389;0;7;0;0.0;2.0;8.0;15.0;A01
36963;201300024390;0;31;0;0.0;2.0;7.0;0.0;B02
36964;201300024390;0;10;0;0.0;2.0;0.0;1.0;A01
36965;201300024391;0;7;0;0.0;2.0;3.0;13.0;B02
36966;201300024391;0;7;0;0.0;2.0;3.0;1.0;A01
36967;201300024392;0;1;0;0.0;2.0;2.0;19.0;A01
36968;201300024392;0;7;0;0.0;2.0;1.0;1.0;B02
36969;201300024393;0;7;0;0.0;2.0;8.0;15.0;A01
36970;201300024393;0;33;0;0.0;2.0;2.0;2.0;B02
36971;201300024394;0;7;0;0.0;2.0;1.0;1.0;C03
36972;201300024394;0;7;0;1.0;2.0;2.0;1.0;A01
36973;201300024394;0;7;0;0.0;0.0;8.0;24.0;B02
36974;201300024395;0;7;0;6.0;2.0;3.0;9.0;A01
36975;201300024395;0;31;0;0.0;2.0;5.0;12.0;B02
36976;201300024396;0;30;0;0.0;2.0;1.0;17.0;B02
36977;201300024396;0;7;0;0.0;2.0;6.0;19.0;A01
36978;201300024398;0;7;0;0.0;1.0;2.0;1.0;A01
36979;201300024399;0;10;0;6.0;0.0;1.0;19.0;A01
36980;201300024400;0;7;0;0.0;2.0;3.0;15.0;A01
36981;201300024401;0;10;0;0.0;1.0;2.0;1.0;A01
36982;201300024402;1;7;0;0.0;1.0;0.0;0.0;A01
36983;201300024403;0;7;0;0.0;1.0;1.0;1.0;A01
36984;201300024404;0;2;0;0.0;2.0;1.0;1.0;C01
36985;201300024404;0;7;0;0.0;2.0;1.0;21.0;A01
36986;201300024404;0;7;0;0.0;2.0;1.0;1.0;B01
36987;201300024405;0;7;0;0.0;2.0;3.0;13.0;A01
36988;201300024405;0;10;0;0.0;2.0;3.0;1.0;B01
36989;201300024406;0;7;0;0.0;2.0;3.0;15.0;A01
36990;201300024406;0;33;0;0.0;2.0;1.0;1.0;B01
36991;201300024407;0;34;0;2.0;0.0;3.0;5.0;A01
36992;201300024408;0;7;0;0.0;2.0;1.0;1.0;A01
36993;201300024408;0;7;0;0.0;0.0;4.0;1.0;B01
36994;201300024409;0;30;0;0.0;1.0;2.0;1.0;A01
36995;201300024410;0;7;0;0.0;2.0;3.0;15.0;A01
36996;201300024410;0;34;0;0.0;2.0;3.0;1.0;B01
36997;201300024411;0;7;0;0.0;2.0;8.0;10.0;A01
36998;201300024411;0;33;0;0.0;2.0;2.0;1.0;B01
36999;201300024413;0;7;0;0.0;2.0;1.0;1.0;B01
37000;201300024413;0;2;0;0.0;2.0;7.0;15.0;A01
37001;201300024415;0;7;0;0.0;2.0;1.0;1.0;B01
37002;201300024415;0;7;0;0.0;2.0;7.0;10.0;A01
37003;201300024416;0;7;0;0.0;2.0;7.0;15.0;A01
37004;201300024416;0;2;0;0.0;2.0;3.0;1.0;B01
37005;201300024417;0;7;0;8.0;0.0;0.0;15.0;A01
37006;201300024418;0;7;0;0.0;2.0;6.0;9.0;A01
37007;201300024418;0;1;0;0.0;2.0;0.0;0.0;B01
37008;201300024420;0;2;0;0.0;2.0;1.0;1.0;A01
37009;201300024420;0;7;0;0.0;2.0;4.0;1.0;B01
37010;201300024421;0;30;0;0.0;2.0;6.0;0.0;A01
37011;201300024421;0;7;0;0.0;2.0;3.0;0.0;B01
37012;201300024422;0;7;0;0.0;2.0;3.0;1.0;C01
37013;201300024422;0;7;0;0.0;2.0;1.0;1.0;B01
37014;201300024422;0;7;0;0.0;2.0;1.0;13.0;A01
37015;201300024424;1;7;0;0.0;2.0;2.0;0.0;Z01
37016;201300024424;0;2;0;0.0;2.0;1.0;1.0;A01
37017;201300024425;0;7;0;5.0;0.0;1.0;17.0;A01
37018;201300024426;0;7;0;0.0;1.0;1.0;1.0;A01
37019;201300024427;0;7;0;0.0;2.0;1.0;1.0;A01
37020;201300024427;0;7;0;0.0;2.0;4.0;1.0;B01
37021;201300024428;1;7;0;0.0;2.0;1.0;1.0;A01
37022;201300024428;0;7;0;0.0;2.0;4.0;1.0;B01
37023;201300024428;0;7;0;0.0;2.0;4.0;1.0;C01
37024;201300024429;1;7;0;0.0;1.0;2.0;1.0;Z01
37025;201300024430;0;2;0;0.0;2.0;7.0;1.0;B01
37026;201300024430;1;7;0;0.0;2.0;1.0;1.0;Z01
37027;201300024431;0;7;0;9.0;0.0;1.0;1.0;A01
37028;201300024433;0;7;0;0.0;1.0;1.0;1.0;A01
37029;201300024434;0;34;0;0.0;2.0;1.0;1.0;B01
37030;201300024434;0;7;0;0.0;2.0;7.0;19.0;A01
37031;201300024435;0;7;0;0.0;2.0;4.0;1.0;B01
37032;201300024435;0;30;0;0.0;2.0;1.0;1.0;A01
37033;201300024436;0;7;0;0.0;2.0;8.0;0.0;B01
37034;201300024436;2;7;0;0.0;2.0;1.0;0.0;A01
37035;201300024437;0;7;0;0.0;2.0;7.0;1.0;B01
37036;201300024437;0;7;0;0.0;2.0;1.0;9.0;A01
37037;201300024438;0;7;0;0.0;2.0;2.0;11.0;A01
37038;201300024438;0;7;0;0.0;2.0;8.0;1.0;B01
37039;201300024439;0;7;0;2.0;0.0;1.0;1.0;A01
37040;201300024440;0;7;0;0.0;1.0;2.0;15.0;A01
37041;201300024441;0;30;0;0.0;2.0;8.0;16.0;B01
37042;201300024441;1;7;0;0.0;2.0;1.0;15.0;Z01
37043;201300024442;0;7;0;0.0;2.0;7.0;1.0;B01
37044;201300024442;0;30;0;0.0;2.0;1.0;16.0;A01
37045;201300024443;0;7;0;0.0;1.0;1.0;1.0;A01
37046;201300024444;1;7;0;0.0;0.0;1.0;1.0;A01
37047;201300024444;0;7;0;0.0;2.0;8.0;15.0;B01
37048;201300024445;0;7;0;0.0;1.0;2.0;1.0;A01
37049;201300024446;0;7;0;0.0;1.0;1.0;1.0;A01
37050;201300024447;0;7;0;13.0;0.0;1.0;1.0;A01
37051;201300024448;0;7;0;0.0;2.0;1.0;1.0;B01
37052;201300024448;0;7;0;0.0;2.0;7.0;19.0;A01
37053;201300024450;0;1;0;0.0;2.0;4.0;1.0;B01
37054;201300024450;1;7;0;0.0;2.0;1.0;2.0;Z01
37055;201300024451;0;7;0;0.0;2.0;3.0;1.0;B01
37056;201300024451;0;7;0;2.0;2.0;1.0;1.0;A01
37057;201300024452;0;7;0;0.0;1.0;2.0;1.0;A01
37058;201300024454;2;7;0;2.0;2.0;3.0;1.0;A01
37059;201300024454;0;7;0;0.0;2.0;4.0;16.0;B01
37060;201300024454;0;7;0;0.0;2.0;1.0;1.0;C01
37061;201300024455;1;99;0;0.0;1.0;1.0;1.0;Z01
37062;201300024456;0;7;0;0.0;1.0;3.0;15.0;A01
37063;201300024457;0;37;1;0.0;1.0;7.0;16.0;A01
37064;201300024458;0;3;0;0.0;0.0;1.0;1.0;A01
37065;201300024459;0;7;0;0.0;1.0;0.0;20.0;Z01
37066;201300024460;0;2;0;0.0;0.0;2.0;1.0;A01
37067;201300024461;0;7;0;0.0;1.0;5.0;4.0;A01
37068;201300024462;0;7;0;2.0;0.0;1.0;13.0;A01
37069;201300024463;0;7;0;0.0;2.0;2.0;1.0;A01
37070;201300024463;0;7;0;0.0;2.0;3.0;19.0;B01
37071;201300024464;0;7;0;0.0;2.0;5.0;1.0;B01
37072;201300024464;0;2;0;0.0;2.0;1.0;2.0;A01
37073;201300024465;0;7;0;0.0;1.0;1.0;1.0;A01
37074;201300024466;0;7;0;0.0;2.0;8.0;15.0;A01
37075;201300024466;0;33;0;0.0;2.0;1.0;1.0;B01
37076;201300024468;0;7;0;0.0;2.0;3.0;13.0;A01
37077;201300024468;0;7;0;12.0;2.0;3.0;1.0;B01
37078;201300024469;0;7;0;6.0;1.0;1.0;1.0;A01
37079;201300024470;1;7;0;0.0;1.0;2.0;1.0;Z01
37080;201300024471;0;7;0;0.0;2.0;2.0;10.0;A01
37081;201300024471;0;7;0;0.0;2.0;3.0;1.0;B01
37082;201300024472;0;7;0;0.0;2.0;1.0;1.0;B01
37083;201300024472;0;7;0;0.0;2.0;1.0;13.0;A01
37084;201300024473;0;33;0;0.0;2.0;2.0;1.0;B01
37085;201300024473;0;7;0;0.0;2.0;3.0;10.0;A01
37086;201300024474;0;30;0;0.0;1.0;1.0;1.0;A01
37087;201300024475;0;99;0;2.0;0.0;1.0;1.0;A01
37088;201300024476;0;33;0;0.0;0.0;7.0;0.0;A01
37089;201300024478;1;7;0;0.0;0.0;0.0;1.0;Z01
37090;201300024478;0;33;0;0.0;0.0;0.0;1.0;B01
37091;201300024479;0;7;0;0.0;1.0;8.0;1.0;A01
37092;201300024480;0;7;0;0.0;0.0;0.0;1.0;A01
37093;201300024481;0;10;0;0.0;2.0;5.0;1.0;B01
37094;201300024481;0;34;0;0.0;2.0;1.0;1.0;A01
37095;201300024482;0;7;0;0.0;2.0;1.0;1.0;B01
37096;201300024482;0;33;0;5.0;2.0;1.0;1.0;A01
37097;201300024483;0;34;0;12.0;0.0;1.0;1.0;A01
37098;201300024484;0;7;0;0.0;2.0;1.0;2.0;A01
37099;201300024484;0;2;0;0.0;2.0;4.0;1.0;B01
37100;201300024485;0;7;0;0.0;2.0;4.0;1.0;B01
37101;201300024485;0;31;0;0.0;2.0;1.0;2.0;A01
37102;201300024486;0;7;0;0.0;1.0;3.0;15.0;A01
37103;201300024487;0;30;0;0.0;1.0;1.0;1.0;A01
37104;201300024488;0;7;0;3.0;0.0;0.0;0.0;A01
37105;201300024489;1;34;0;0.0;2.0;1.0;17.0;A01
37106;201300024489;0;1;0;0.0;2.0;4.0;1.0;B01
37107;201300024490;0;33;0;0.0;2.0;1.0;1.0;B01
37108;201300024490;0;7;0;0.0;2.0;8.0;6.0;A01
37109;201300024491;0;7;0;0.0;2.0;7.0;1.0;B01
37110;201300024491;0;2;0;0.0;2.0;1.0;19.0;A01
37111;201300024492;0;7;0;5.0;1.0;1.0;0.0;A01
37112;201300024495;0;7;0;0.0;2.0;4.0;1.0;B01
37113;201300024495;0;7;0;0.0;2.0;1.0;1.0;A01
37114;201300024496;0;7;0;0.0;2.0;7.0;10.0;A01
37115;201300024496;0;33;0;0.0;2.0;1.0;1.0;B01
37116;201300024497;0;7;0;0.0;1.0;2.0;1.0;A01
37117;201300024498;0;33;0;1.0;0.0;1.0;1.0;A01
37118;201300024500;0;7;0;0.0;1.0;2.0;1.0;A01
37119;201300024501;0;32;0;7.0;2.0;1.0;13.0;A01
37120;201300024501;0;17;0;0.0;2.0;8.0;1.0;B01
37121;201300024502;0;1;0;1.0;2.0;8.0;13.0;B01
37122;201300024502;0;7;0;0.0;2.0;1.0;1.0;A01
37123;201300024503;0;7;0;0.0;1.0;1.0;1.0;A01
37124;201300024504;0;7;0;0.0;1.0;1.0;1.0;A01
37125;201300024505;0;7;0;0.0;2.0;2.0;1.0;B01
37126;201300024505;0;33;0;0.0;2.0;1.0;1.0;A01
37127;201300024506;0;38;1;0.0;1.0;7.0;1.0;A01
37128;201300024507;0;7;0;13.0;0.0;0.0;0.0;A01
37129;201300024508;0;7;0;0.0;1.0;1.0;1.0;A01
37130;201300024510;0;7;0;0.0;1.0;1.0;1.0;A01
37131;201300024511;0;7;0;0.0;2.0;6.0;10.0;A01
37132;201300024511;0;10;0;0.0;2.0;1.0;1.0;B01
37133;201300024512;0;7;0;9.0;0.0;1.0;19.0;A01
37134;201300024513;0;30;0;0.0;2.0;1.0;1.0;A01
37135;201300024513;0;7;0;0.0;0.0;4.0;1.0;B01
37136;201300024515;0;7;0;0.0;2.0;8.0;1.0;B01
37137;201300024515;0;10;0;0.0;2.0;2.0;15.0;A01
37138;201300024516;0;1;0;0.0;2.0;1.0;1.0;A01
37139;201300024516;0;7;0;0.0;9.0;4.0;1.0;B01
37140;201300024517;0;7;0;0.0;2.0;4.0;2.0;B01
37141;201300024517;0;7;0;0.0;2.0;1.0;2.0;A01
37142;201300024517;0;7;0;0.0;0.0;4.0;1.0;C01
37143;201300024519;1;7;0;0.0;2.0;0.0;0.0;Z01
37144;201300024519;0;2;0;0.0;0.0;8.0;1.0;B01
37145;201300024520;0;1;0;0.0;2.0;7.0;19.0;A01
37146;201300024520;0;7;0;0.0;2.0;1.0;1.0;B01
37147;201300024521;0;7;0;15.0;0.0;5.0;1.0;A01
37148;201300024522;0;10;0;0.0;2.0;1.0;2.0;A01
37149;201300024522;0;7;0;0.0;2.0;4.0;1.0;B01
37150;201300024523;0;7;0;0.0;2.0;1.0;15.0;A01
37151;201300024523;0;7;0;0.0;2.0;3.0;1.0;B01
37152;201300024524;0;7;0;0.0;1.0;1.0;1.0;A01
37153;201300024527;0;7;0;0.0;2.0;3.0;15.0;A01
37154;201300024527;0;32;0;0.0;2.0;3.0;1.0;B01
37155;201300024528;0;7;0;0.0;0.0;4.0;1.0;B01
37156;201300024528;0;7;0;0.0;2.0;1.0;1.0;A01
37157;201300024529;0;10;0;0.0;2.0;2.0;14.0;A01
37158;201300024529;0;33;0;0.0;2.0;8.0;0.0;B01
37159;201300024530;0;32;0;0.0;2.0;1.0;1.0;B01
37160;201300024530;0;7;0;0.0;2.0;7.0;15.0;A01
37161;201300024531;0;7;0;0.0;1.0;8.0;1.0;A01
37162;201300024532;0;7;0;0.0;4.0;6.0;9.0;A01
37163;201300024532;0;40;0;0.0;2.0;1.0;1.0;B01
37164;201300024533;0;7;0;0.0;2.0;8.0;15.0;A01
37165;201300024533;0;7;0;0.0;2.0;1.0;1.0;B01
37166;201300024534;0;2;0;0.0;2.0;1.0;1.0;B01
37167;201300024534;0;7;0;0.0;2.0;2.0;15.0;A01
37168;201300024535;0;7;0;0.0;2.0;2.0;10.0;A01
37169;201300024535;0;34;0;0.0;2.0;1.0;1.0;B01
37170;201300024536;0;40;1;0.0;2.0;2.0;1.0;B01
37171;201300024536;0;1;0;0.0;4.0;3.0;19.0;A01
37172;201300024537;0;7;0;15.0;0.0;1.0;17.0;A01
37173;201300024538;0;32;0;0.0;0.0;7.0;17.0;A01
37174;201300024538;0;7;0;0.0;0.0;0.0;15.0;B01
37175;201300024539;0;30;0;0.0;2.0;1.0;1.0;B01
37176;201300024539;0;7;0;0.0;2.0;3.0;11.0;A01
37177;201300024540;0;2;0;0.0;2.0;7.0;9.0;A01
37178;201300024540;0;7;0;0.0;2.0;6.0;1.0;B01
37179;201300024541;0;30;0;0.0;2.0;7.0;15.0;A01
37180;201300024541;0;7;0;0.0;9.0;2.0;0.0;B01
37181;201300024543;0;7;0;0.0;2.0;2.0;19.0;A01
37182;201300024543;0;32;0;0.0;2.0;8.0;1.0;B01
37183;201300024543;0;7;0;0.0;2.0;4.0;1.0;C01
37184;201300024544;0;7;0;0.0;2.0;4.0;1.0;B01
37185;201300024544;0;1;0;0.0;2.0;1.0;1.0;A01
37186;201300024545;0;32;0;0.0;2.0;1.0;1.0;B01
37187;201300024545;0;7;0;0.0;2.0;2.0;15.0;A01
37188;201300024546;0;7;0;0.0;1.0;3.0;1.0;A01
37189;201300024547;0;7;0;0.0;2.0;3.0;15.0;A01
37190;201300024547;0;7;0;0.0;2.0;8.0;1.0;B01
37191;201300024548;0;7;0;0.0;2.0;4.0;2.0;B01
37192;201300024548;0;7;0;0.0;2.0;1.0;2.0;A01
37193;201300024549;0;7;0;0.0;1.0;1.0;1.0;A01
37194;201300024550;0;7;0;2.0;0.0;1.0;1.0;A01
37195;201300024552;0;32;0;10.0;0.0;7.0;1.0;A01
37196;201300024553;0;33;0;0.0;2.0;2.0;5.0;B01
37197;201300024553;0;7;0;0.0;2.0;3.0;10.0;A01
37198;201300024554;1;7;0;0.0;2.0;2.0;15.0;Z01
37199;201300024554;0;33;0;0.0;2.0;2.0;1.0;A01
37200;201300024555;0;7;0;2.0;0.0;9.0;1.0;A01
37201;201300024556;0;37;1;0.0;1.0;2.0;1.0;A01
37202;201300024557;0;7;0;6.0;0.0;1.0;0.0;A01
37203;201300024559;0;30;0;0.0;2.0;1.0;1.0;B01
37204;201300024559;0;10;0;0.0;2.0;2.0;15.0;A01
37205;201300024560;0;7;0;0.0;1.0;1.0;1.0;A01
37206;201300024561;0;32;0;0.0;2.0;1.0;1.0;A01
37207;201300024561;0;7;0;0.0;0.0;6.0;1.0;B01
37208;201300024562;0;33;0;0.0;0.0;0.0;1.0;A01
37209;201300024563;0;1;0;0.0;2.0;3.0;19.0;A01
37210;201300024563;0;13;0;0.0;9.0;1.0;1.0;B01
37211;201300024564;0;7;0;0.0;1.0;4.0;4.0;A01
37212;201300024565;0;7;0;0.0;1.0;5.0;2.0;A01
37213;201300024566;0;7;0;0.0;2.0;4.0;1.0;C01
37214;201300024566;0;7;0;0.0;2.0;4.0;1.0;B01
37215;201300024566;0;7;0;0.0;2.0;1.0;1.0;A01
37216;201300024566;0;7;0;0.0;2.0;1.0;1.0;D01
37217;201300024567;0;7;0;15.0;0.0;2.0;14.0;A01
37218;201300024568;0;7;0;15.0;0.0;8.0;14.0;A01
37219;201300024569;0;7;0;0.0;1.0;2.0;15.0;A01
37220;201300024570;0;7;0;0.0;1.0;4.0;4.0;A01
37221;201300024571;0;40;0;0.0;2.0;2.0;2.0;B01
37222;201300024571;0;7;0;0.0;4.0;8.0;15.0;A01
37223;201300024572;0;7;0;0.0;2.0;1.0;5.0;A01
37224;201300024572;0;7;0;0.0;2.0;1.0;1.0;B01
37225;201300024573;0;7;0;0.0;2.0;8.0;9.0;A01
37226;201300024573;0;7;0;0.0;2.0;1.0;19.0;B01
37227;201300024574;0;7;0;3.0;0.0;1.0;19.0;A01
37228;201300024575;0;2;0;0.0;2.0;1.0;2.0;A01
37229;201300024575;0;7;0;0.0;0.0;6.0;2.0;B01
37230;201300024576;0;7;0;15.0;0.0;2.0;1.0;A01
37231;201300024577;0;10;0;0.0;0.0;0.0;14.0;B01
37232;201300024577;2;7;0;0.0;1.0;7.0;4.0;A01
37233;201300024580;1;7;0;0.0;1.0;2.0;0.0;A01
37234;201300024582;0;33;0;10.0;0.0;7.0;14.0;A01
37235;201300024583;0;7;0;0.0;2.0;8.0;15.0;A01
37236;201300024583;0;7;0;7.0;2.0;4.0;1.0;B01
37237;201300024584;0;7;0;0.0;2.0;7.0;12.0;A01
37238;201300024584;0;33;0;0.0;2.0;8.0;1.0;B01
37239;201300024585;0;7;0;0.0;2.0;8.0;15.0;A01
37240;201300024585;0;7;0;0.0;2.0;2.0;17.0;B01
37241;201300024586;0;1;0;0.0;2.0;8.0;1.0;B01
37242;201300024586;0;7;0;0.0;2.0;7.0;16.0;A01
37243;201300024588;0;7;0;0.0;0.0;4.0;23.0;B01
37244;201300024588;0;7;0;0.0;2.0;1.0;2.0;A01
37245;201300024589;0;34;0;0.0;2.0;1.0;17.0;B01
37246;201300024589;0;7;0;0.0;0.0;7.0;10.0;A01
37247;201300024590;0;7;0;0.0;1.0;2.0;1.0;A01
37248;201300024591;0;7;0;2.0;0.0;4.0;0.0;A01
37249;201300024592;1;7;0;1.0;1.0;5.0;0.0;Z01
37250;201300024592;0;7;0;0.0;0.0;7.0;24.0;B01
37251;201300024593;0;10;0;16.0;0.0;0.0;21.0;A01
37252;201300024594;0;7;0;0.0;2.0;1.0;1.0;A01
37253;201300024594;0;7;0;0.0;2.0;3.0;1.0;B01