;Num_Acc;senc;catv;occutc;obs;obsm;choc;manv;num_veh
37254;201300024595;0;7;0;0.0;2.0;2.0;1.0;A01
37255;201300024595;0;33;0;0.0;2.0;4.0;23.0;B01
37256;201300024596;0;34;0;0.0;2.0;3.0;1.0;B01
37257;201300024596;0;7;0;0.0;2.0;2.0;15.0;A01
37258;201300024597;0;7;0;0.0;0.0;5.0;15.0;B01
37259;201300024597;0;31;0;0.0;2.0;1.0;1.0;A01
37260;201300024598;0;7;0;0.0;0.0;0.0;5.0;A01
37261;201300024598;0;7;0;0.0;0.0;4.0;1.0;B01
37262;201300024598;0;7;0;0.0;2.0;1.0;1.0;D01
37263;201300024598;0;7;0;0.0;2.0;1.0;1.0;C01
37264;201300024599;0;32;0;0.0;2.0;1.0;17.0;A01
37265;201300024599;0;7;0;0.0;2.0;6.0;24.0;C01
37266;201300024599;0;7;0;0.0;2.0;3.0;15.0;B01
37267;201300024600;0;7;0;0.0;2.0;3.0;1.0;B01
37268;201300024600;0;7;0;0.0;2.0;1.0;1.0;A01
37269;201300024601;0;7;0;0.0;2.0;5.0;15.0;A01
37270;201300024601;0;10;0;0.0;2.0;2.0;1.0;B01
37271;201300024602;0;7;0;10.0;0.0;1.0;13.0;A01
37272;201300024603;0;7;0;0.0;2.0;1.0;13.0;A01
37273;201300024603;0;7;0;0.0;2.0;1.0;1.0;B01
37274;201300024604;0;7;0;0.0;2.0;2.0;16.0;A01
37275;201300024604;0;7;0;0.0;2.0;3.0;1.0;B01
37276;201300024605;0;32;0;0.0;2.0;1.0;1.0;B01
37277;201300024605;0;7;0;0.0;2.0;3.0;13.0;A01
37278;201300024606;1;99;0;0.0;2.0;1.0;19.0;A01
37279;201300024606;0;7;0;0.0;2.0;8.0;15.0;B01
37280;201300024608;0;7;0;0.0;2.0;3.0;1.0;B01
37281;201300024608;0;7;0;0.0;2.0;2.0;1.0;A01
37282;201300024609;0;30;0;0.0;2.0;7.0;12.0;A01
37283;201300024609;0;7;0;0.0;2.0;2.0;1.0;B01
37284;201300024610;0;7;0;0.0;2.0;1.0;9.0;A01
37285;201300024610;0;31;0;0.0;2.0;7.0;1.0;B01
37286;201300024611;0;7;0;0.0;2.0;2.0;16.0;A01
37287;201300024611;0;1;0;0.0;2.0;8.0;1.0;B01
37288;201300024613;0;7;0;0.0;2.0;1.0;15.0;A01
37289;201300024613;0;7;0;0.0;2.0;1.0;1.0;B01
37290;201300024614;0;7;0;0.0;2.0;4.0;23.0;B01
37291;201300024614;0;10;0;0.0;2.0;1.0;1.0;A01
37292;201300024615;0;7;0;0.0;2.0;1.0;0.0;A01
37293;201300024616;0;7;0;0.0;2.0;3.0;0.0;B01
37294;201300024616;0;33;0;0.0;2.0;1.0;1.0;A01
37295;201300024617;0;7;0;0.0;2.0;1.0;1.0;B01
37296;201300024617;0;30;0;0.0;2.0;3.0;1.0;A01
37297;201300024618;0;7;0;0.0;2.0;3.0;16.0;A01
37298;201300024618;0;7;0;0.0;2.0;2.0;1.0;B01
37299;201300024619;0;32;0;0.0;2.0;1.0;2.0;B01
37300;201300024619;0;7;0;0.0;2.0;8.0;10.0;A01
37301;201300024620;0;31;0;0.0;2.0;1.0;1.0;B01
37302;201300024620;0;7;0;0.0;2.0;1.0;19.0;A01
37303;201300024621;0;2;0;0.0;4.0;1.0;1.0;A01
37304;201300024621;0;40;0;0.0;2.0;3.0;1.0;B01
37305;201300024622;1;7;0;0.0;2.0;1.0;0.0;Z01
37306;201300024622;0;7;0;8.0;0.0;2.0;1.0;A01
37307;201300024623;0;32;0;0.0;2.0;7.0;12.0;A01
37308;201300024623;0;7;0;0.0;2.0;8.0;1.0;B01
37309;201300024624;0;2;0;0.0;2.0;1.0;1.0;B01
37310;201300024624;0;10;0;0.0;2.0;4.0;4.0;A01
37311;201300024625;0;31;0;0.0;0.0;7.0;1.0;A01
37312;201300024627;0;37;1;0.0;2.0;3.0;1.0;C01
37313;201300024627;0;7;0;0.0;2.0;7.0;1.0;B01
37314;201300024627;0;7;0;0.0;2.0;1.0;15.0;A01
37315;201300024628;0;7;0;0.0;1.0;2.0;1.0;A01
37316;201300024629;0;7;0;0.0;0.0;4.0;20.0;B01
37317;201300024629;0;7;0;0.0;2.0;1.0;1.0;A01
37318;201300024630;0;13;0;0.0;2.0;3.0;13.0;A01
37319;201300024630;0;33;0;0.0;2.0;2.0;17.0;B01
37320;201300024631;0;14;0;0.0;2.0;1.0;2.0;A01
37321;201300024631;0;7;0;0.0;0.0;4.0;23.0;B01
37322;201300024632;0;7;0;0.0;2.0;1.0;1.0;B01
37323;201300024632;0;7;0;0.0;2.0;8.0;5.0;A01
37324;201300024634;1;10;0;0.0;2.0;1.0;0.0;Z01
37325;201300024634;0;7;0;6.0;2.0;3.0;1.0;B01
37326;201300024635;0;1;0;0.0;2.0;1.0;19.0;A01
37327;201300024635;0;7;0;0.0;2.0;5.0;1.0;B01
37328;201300024636;0;30;0;0.0;2.0;1.0;1.0;B01
37329;201300024636;0;7;0;0.0;2.0;7.0;15.0;A01
37330;201300024637;1;7;0;0.0;2.0;3.0;10.0;Z01
37331;201300024637;0;30;0;0.0;2.0;7.0;1.0;A01
37332;201300024638;0;7;0;0.0;2.0;4.0;1.0;B01
37333;201300024638;0;10;0;0.0;2.0;1.0;1.0;A01
37334;201300024639;0;34;0;0.0;0.0;8.0;17.0;A01
37335;201300024640;0;1;0;6.0;0.0;1.0;0.0;A01
37336;201300024641;0;7;0;0.0;2.0;3.0;1.0;B01
37337;201300024641;0;30;0;0.0;2.0;2.0;17.0;A01
37338;201300024642;0;32;0;0.0;2.0;8.0;1.0;B01
37339;201300024642;0;7;0;0.0;2.0;2.0;12.0;A01
37340;201300024643;0;34;0;0.0;2.0;4.0;23.0;B01
37341;201300024643;0;30;0;0.0;2.0;1.0;5.0;C01
37342;201300024643;0;7;0;0.0;2.0;1.0;2.0;A01
37343;201300024644;0;7;0;0.0;2.0;4.0;2.0;B01
37344;201300024644;0;10;0;0.0;2.0;1.0;2.0;A01
37345;201300024645;0;10;0;0.0;1.0;1.0;1.0;A01
37346;201300024646;0;32;0;0.0;2.0;1.0;1.0;B01
37347;201300024646;0;7;0;0.0;2.0;0.0;15.0;A01
37348;201300024647;0;7;0;0.0;2.0;1.0;1.0;B01
37349;201300024647;0;2;0;0.0;2.0;7.0;9.0;A01
37350;201300024648;0;33;0;0.0;2.0;7.0;1.0;B01
37351;201300024648;0;7;0;0.0;2.0;1.0;15.0;A01
37352;201300024649;0;7;0;0.0;2.0;7.0;1.0;A01
37353;201300024649;0;1;0;0.0;2.0;1.0;19.0;B01
37354;201300024650;0;7;0;2.0;0.0;1.0;1.0;A01
37355;201300024651;0;2;0;0.0;2.0;1.0;1.0;A01
37356;201300024651;0;7;0;0.0;2.0;3.0;1.0;B01
37357;201300024652;0;7;0;0.0;1.0;3.0;1.0;A01
37358;201300024653;0;7;0;0.0;0.0;7.0;1.0;A01
37359;201300024654;0;10;0;0.0;1.0;2.0;1.0;A01
37360;201300024655;0;32;0;0.0;1.0;8.0;1.0;A01
37361;201300024656;0;2;0;0.0;2.0;1.0;2.0;B01
37362;201300024656;0;7;0;0.0;2.0;3.0;15.0;A01
37363;201300024657;0;33;0;6.0;0.0;1.0;12.0;A01
37364;201300024658;0;7;0;0.0;2.0;3.0;15.0;B01
37365;201300024658;0;30;0;0.0;2.0;1.0;1.0;A01
37366;201300024659;0;7;0;0.0;2.0;3.0;1.0;A01
37367;201300024659;0;34;0;0.0;2.0;1.0;1.0;B01
37368;201300024661;0;7;0;0.0;2.0;1.0;2.0;B01
37369;201300024661;0;7;0;0.0;0.0;4.0;23.0;A01
37370;201300024662;0;7;0;0.0;2.0;3.0;15.0;A01
37371;201300024662;0;7;0;0.0;2.0;3.0;1.0;B01
37372;201300024663;0;7;0;0.0;0.0;6.0;2.0;I01
37373;201300024663;0;7;0;0.0;2.0;6.0;24.0;G01
37374;201300024663;0;7;0;0.0;2.0;8.0;24.0;F01
37375;201300024663;0;31;0;0.0;0.0;1.0;5.0;H01
37376;201300024663;0;7;0;0.0;2.0;8.0;24.0;C01
37377;201300024663;0;7;0;0.0;2.0;6.0;24.0;E01
37378;201300024663;0;7;0;0.0;0.0;1.0;2.0;A01
37379;201300024663;0;7;0;0.0;2.0;8.0;24.0;B01
37380;201300024663;0;7;0;0.0;0.0;2.0;2.0;D01
37381;201300024664;0;1;0;0.0;2.0;1.0;19.0;B01
37382;201300024664;0;10;0;0.0;2.0;3.0;1.0;A01
37383;201300024665;0;32;0;0.0;2.0;1.0;1.0;B01
37384;201300024665;0;7;0;0.0;0.0;4.0;4.0;A01
37385;201300024667;0;7;0;0.0;2.0;3.0;15.0;B01
37386;201300024667;2;32;0;0.0;2.0;1.0;1.0;A01
37387;201300024668;0;10;0;0.0;2.0;1.0;1.0;A01
37388;201300024668;0;7;0;0.0;2.0;4.0;1.0;D01
37389;201300024668;0;7;0;0.0;2.0;4.0;1.0;B01
37390;201300024668;0;7;0;0.0;2.0;4.0;1.0;C01
37391;201300024668;0;7;0;0.0;0.0;4.0;1.0;E01
37392;201300024669;0;10;0;2.0;0.0;1.0;14.0;A01
37393;201300024670;0;7;0;0.0;2.0;1.0;1.0;B01
37394;201300024670;0;10;0;0.0;2.0;7.0;1.0;A01
37395;201300024671;0;7;0;0.0;2.0;6.0;16.0;B01
37396;201300024671;0;30;0;0.0;2.0;8.0;18.0;A01
37397;201300024672;0;30;0;0.0;2.0;3.0;1.0;B01
37398;201300024672;0;7;0;0.0;2.0;2.0;15.0;A01
37399;201300024673;0;7;0;0.0;1.0;5.0;23.0;A01
37400;201300024674;0;7;0;0.0;1.0;2.0;1.0;A01
37401;201300024675;0;7;0;4.0;0.0;1.0;1.0;A01
37402;201300024676;0;7;0;0.0;2.0;2.0;1.0;A01
37403;201300024676;0;7;0;0.0;2.0;1.0;1.0;B01
37404;201300024677;0;7;0;0.0;2.0;6.0;1.0;B01
37405;201300024677;0;7;0;0.0;2.0;3.0;1.0;C01
37406;201300024677;0;7;0;0.0;2.0;2.0;17.0;A01
37407;201300024678;0;7;0;0.0;2.0;6.0;16.0;A01
37408;201300024678;0;33;0;0.0;2.0;1.0;1.0;B01
37409;201300024680;0;33;0;0.0;0.0;0.0;1.0;A01
37410;201300024681;0;7;0;0.0;2.0;1.0;1.0;B01
37411;201300024681;0;7;0;0.0;2.0;1.0;13.0;A01
37412;201300024682;0;1;0;0.0;2.0;7.0;1.0;B01
37413;201300024682;0;7;0;0.0;2.0;2.0;9.0;A01
37414;201300024683;0;7;0;0.0;2.0;8.0;1.0;B01
37415;201300024683;0;30;0;0.0;2.0;1.0;1.0;A01
37416;201300024684;0;32;0;0.0;2.0;1.0;1.0;A01
37417;201300024684;0;7;0;0.0;2.0;6.0;1.0;B01
37418;201300024685;0;7;0;0.0;9.0;3.0;15.0;A01
37419;201300024685;0;99;0;0.0;2.0;1.0;1.0;B01
37420;201300024686;0;2;0;0.0;2.0;1.0;1.0;A01
37421;201300024688;0;7;0;0.0;2.0;7.0;1.0;B01
37422;201300024688;0;7;0;0.0;2.0;3.0;9.0;A01
37423;201300024689;0;7;0;0.0;2.0;8.0;1.0;B01
37424;201300024689;0;7;0;0.0;2.0;1.0;15.0;A01
37425;201300024691;0;32;0;0.0;2.0;1.0;1.0;B01
37426;201300024691;0;7;0;0.0;2.0;3.0;15.0;A01
37427;201300024693;0;7;0;0.0;2.0;1.0;1.0;A01
37428;201300024693;0;7;0;0.0;0.0;7.0;1.0;B01
37429;201300024694;0;7;0;0.0;2.0;1.0;1.0;B01
37430;201300024694;0;31;0;0.0;2.0;1.0;1.0;A01
37431;201300024695;0;7;0;0.0;1.0;4.0;4.0;A01
37432;201300024696;0;7;0;0.0;2.0;3.0;1.0;B01
37433;201300024696;0;33;0;0.0;2.0;5.0;16.0;A01
37434;201300024697;0;7;0;13.0;0.0;1.0;1.0;A01
37435;201300024698;0;7;0;0.0;2.0;2.0;15.0;A01
37436;201300024698;0;33;0;0.0;2.0;7.0;2.0;B01
37437;201300024699;0;7;0;0.0;2.0;8.0;1.0;B01
37438;201300024699;0;33;0;0.0;2.0;7.0;17.0;A01
37439;201300024700;0;7;0;6.0;0.0;1.0;1.0;A01
37440;201300024702;0;7;0;0.0;0.0;8.0;15.0;B01
37441;201300024702;0;33;0;0.0;2.0;7.0;1.0;A01
37442;201300024703;0;7;0;0.0;2.0;8.0;1.0;A01
37443;201300024703;0;7;0;0.0;2.0;1.0;1.0;B01
37444;201300024705;0;7;0;0.0;2.0;1.0;1.0;B01
37445;201300024705;2;7;0;0.0;2.0;1.0;5.0;A01
37446;201300024706;0;7;0;0.0;2.0;3.0;13.0;A01
37447;201300024706;0;7;0;0.0;0.0;8.0;1.0;B01
37448;201300024707;0;1;0;0.0;2.0;2.0;1.0;A01
37449;201300024707;0;7;0;0.0;2.0;3.0;1.0;B01
37450;201300024708;0;7;0;12.0;2.0;3.0;16.0;A01
37451;201300024708;0;7;0;0.0;2.0;3.0;1.0;B01
37452;201300024709;0;7;0;0.0;2.0;6.0;10.0;A01
37453;201300024709;0;33;0;0.0;2.0;1.0;1.0;B01
37454;201300024710;0;1;0;0.0;2.0;7.0;1.0;A01
37455;201300024710;0;7;0;0.0;2.0;1.0;1.0;B01
37456;201300024711;0;30;0;0.0;2.0;1.0;0.0;A01
37457;201300024711;0;7;0;0.0;2.0;3.0;0.0;B01
37458;201300024712;0;1;0;0.0;2.0;0.0;1.0;B01
37459;201300024712;0;7;0;0.0;2.0;8.0;16.0;A01
37460;201300024713;0;1;0;0.0;0.0;0.0;1.0;A01
37461;201300024714;0;7;0;0.0;2.0;1.0;1.0;A01
37462;201300024714;0;7;0;0.0;2.0;4.0;2.0;B01
37463;201300024714;0;7;0;0.0;2.0;4.0;1.0;C01
37464;201300024715;0;7;0;0.0;2.0;5.0;0.0;B01
37465;201300024715;0;7;0;0.0;2.0;3.0;12.0;A01
37466;201300024716;0;7;0;0.0;0.0;4.0;2.0;A01
37467;201300024716;0;7;0;0.0;2.0;1.0;2.0;C01
37468;201300024716;0;7;0;0.0;2.0;1.0;2.0;D01
37469;201300024716;1;7;0;0.0;2.0;1.0;2.0;B01
37470;201300024717;0;32;0;0.0;2.0;1.0;1.0;B01
37471;201300024717;0;7;0;0.0;2.0;1.0;9.0;A01
37472;201300024718;0;34;0;0.0;1.0;1.0;1.0;A01
37473;201300024719;0;7;0;0.0;2.0;1.0;1.0;B01
37474;201300024719;0;30;0;0.0;2.0;1.0;5.0;A01
37475;201300024720;0;7;0;0.0;2.0;1.0;16.0;A01
37476;201300024720;0;1;0;0.0;2.0;3.0;1.0;B01
37477;201300024721;0;7;0;0.0;2.0;1.0;15.0;A01
37478;201300024721;0;7;0;0.0;2.0;1.0;1.0;B01
37479;201300024723;0;7;0;1.0;0.0;2.0;1.0;A01
37480;201300024724;0;31;0;0.0;2.0;1.0;1.0;A01
37481;201300024724;0;1;0;0.0;2.0;1.0;2.0;B01
37482;201300024725;0;7;0;0.0;1.0;3.0;1.0;A01
37483;201300024726;0;7;0;0.0;0.0;4.0;2.0;B01
37484;201300024726;0;7;0;0.0;0.0;4.0;2.0;C01
37485;201300024726;0;7;0;0.0;2.0;1.0;1.0;A01
37486;201300024727;0;7;0;2.0;0.0;1.0;13.0;A01
37487;201300024728;0;7;0;0.0;2.0;1.0;1.0;B01
37488;201300024728;0;7;0;0.0;2.0;1.0;5.0;A01
37489;201300024729;1;2;0;0.0;9.0;1.0;1.0;Z01
37490;201300024729;0;1;0;0.0;9.0;3.0;1.0;B01
37491;201300024730;0;33;0;0.0;2.0;1.0;1.0;B01
37492;201300024730;0;10;0;0.0;2.0;8.0;15.0;A01
37493;201300024731;0;32;0;0.0;2.0;8.0;9.0;A01
37494;201300024731;0;7;0;0.0;2.0;7.0;16.0;B01
37495;201300024732;0;7;0;0.0;0.0;5.0;1.0;B01
37496;201300024732;0;33;0;0.0;2.0;1.0;1.0;A01
37497;201300024733;0;7;0;0.0;1.0;2.0;1.0;A01
37498;201300024735;0;7;0;0.0;1.0;3.0;2.0;A01
37499;201300024736;0;7;0;0.0;2.0;7.0;16.0;B01
37500;201300024736;0;32;0;0.0;2.0;1.0;18.0;A01
37501;201300024737;0;7;0;0.0;2.0;5.0;14.0;A01
37502;201300024737;0;7;0;0.0;2.0;3.0;13.0;B01
37503;201300024738;0;7;0;0.0;1.0;3.0;15.0;A01
37504;201300024739;1;1;0;0.0;1.0;1.0;1.0;Z01
37505;201300024741;0;7;0;0.0;2.0;1.0;6.0;A01
37506;201300024741;0;7;0;0.0;2.0;1.0;1.0;B01
37507;201300024742;0;7;0;0.0;2.0;2.0;1.0;B01
37508;201300024742;0;7;0;0.0;2.0;3.0;10.0;A01
37509;201300024743;0;7;0;0.0;2.0;3.0;19.0;A01
37510;201300024743;0;34;0;0.0;2.0;1.0;1.0;B01
37511;201300024744;0;33;0;0.0;2.0;1.0;1.0;A01
37512;201300024744;0;7;0;0.0;2.0;2.0;15.0;B01
37513;201300024746;0;34;0;0.0;0.0;6.0;15.0;B01
37514;201300024746;0;7;0;0.0;2.0;2.0;1.0;A01
37515;201300024747;0;10;0;0.0;2.0;1.0;2.0;A01
37516;201300024747;0;7;0;0.0;0.0;4.0;2.0;B01
37517;201300024748;0;7;0;0.0;0.0;4.0;3.0;A01
37518;201300024748;0;32;0;0.0;2.0;1.0;1.0;B01
37519;201300024749;0;7;0;0.0;2.0;3.0;15.0;B01
37520;201300024749;0;2;0;0.0;2.0;1.0;1.0;A01
37521;201300024750;0;7;0;0.0;2.0;2.0;1.0;B01
37522;201300024750;0;7;0;0.0;2.0;3.0;15.0;A01
37523;201300024752;0;7;0;0.0;2.0;2.0;15.0;B01
37524;201300024752;0;1;0;0.0;2.0;5.0;5.0;A01
37525;201300024753;0;32;0;0.0;1.0;7.0;1.0;A01
37526;201300024754;0;7;0;10.0;0.0;1.0;1.0;A01
37527;201300024755;0;30;0;0.0;0.0;8.0;1.0;B01
37528;201300024755;0;7;0;0.0;2.0;1.0;15.0;A01
37529;201300024756;0;33;0;2.0;0.0;7.0;0.0;A01
37530;201300024757;0;7;0;0.0;1.0;1.0;0.0;A01
37531;201300024758;0;7;0;0.0;2.0;1.0;2.0;A01
37532;201300024758;0;7;0;0.0;0.0;4.0;2.0;B01
37533;201300024759;0;7;0;0.0;1.0;7.0;1.0;A01
37534;201300024760;0;7;0;0.0;2.0;1.0;2.0;A01
37535;201300024760;0;7;0;0.0;2.0;4.0;2.0;C01
37536;201300024760;0;7;0;0.0;2.0;4.0;2.0;B01
37537;201300024761;0;7;0;13.0;0.0;2.0;1.0;A01
37538;201300024762;0;7;0;0.0;1.0;1.0;1.0;A01
37539;201300024763;0;7;0;0.0;2.0;1.0;1.0;A01
37540;201300024763;0;7;0;0.0;1.0;4.0;1.0;B01
37541;201300024764;0;33;0;8.0;0.0;1.0;0.0;A01
37542;201300024765;0;33;0;0.0;2.0;1.0;1.0;B01
37543;201300024765;0;7;0;0.0;0.0;4.0;13.0;A01
37544;201300024768;0;7;0;0.0;0.0;4.0;23.0;B01
37545;201300024768;0;7;0;0.0;2.0;1.0;2.0;A01
37546;201300024769;0;31;0;0.0;1.0;1.0;1.0;A01
37547;201300024770;0;7;0;0.0;1.0;1.0;2.0;A01
37548;201300024771;0;33;0;0.0;0.0;9.0;1.0;A01
37549;201300024772;0;32;0;0.0;2.0;2.0;1.0;A01
37550;201300024772;0;30;0;0.0;2.0;3.0;1.0;B01
37551;201300024774;0;33;0;0.0;0.0;6.0;1.0;B01
37552;201300024774;0;7;0;0.0;2.0;2.0;12.0;A01
37553;201300024775;0;30;0;0.0;2.0;8.0;15.0;B01
37554;201300024775;0;7;0;0.0;2.0;7.0;17.0;A01
37555;201300024776;0;7;0;0.0;2.0;1.0;2.0;A01
37556;201300024776;0;7;0;0.0;0.0;4.0;2.0;B01
37557;201300024777;0;31;0;0.0;2.0;2.0;17.0;B01
37558;201300024777;0;7;0;0.0;2.0;3.0;15.0;A01
37559;201300024778;0;7;0;0.0;2.0;6.0;10.0;A01
37560;201300024778;0;32;0;0.0;2.0;1.0;1.0;B01
37561;201300024779;0;7;0;8.0;9.0;7.0;1.0;A01
37562;201300024780;0;7;0;0.0;2.0;8.0;15.0;B01
37563;201300024780;0;32;0;0.0;2.0;1.0;1.0;A01
37564;201300024781;0;7;0;2.0;0.0;0.0;14.0;A01
37565;201300024782;0;7;0;0.0;2.0;1.0;15.0;A01
37566;201300024782;0;33;0;0.0;2.0;1.0;1.0;B01
37567;201300024783;0;7;0;0.0;2.0;1.0;5.0;B01
37568;201300024783;0;7;0;0.0;2.0;1.0;5.0;A01
37569;201300024784;0;32;0;0.0;2.0;1.0;1.0;A01
37570;201300024784;0;7;0;0.0;2.0;6.0;15.0;B01
37571;201300024785;0;7;0;0.0;0.0;0.0;5.0;A01
37572;201300024785;0;7;0;0.0;2.0;5.0;2.0;B01
37573;201300024785;0;33;0;0.0;2.0;1.0;2.0;C01
37574;201300024786;0;33;0;0.0;2.0;7.0;17.0;B01
37575;201300024786;0;7;0;0.0;2.0;3.0;10.0;A01
37576;201300024788;1;99;0;0.0;1.0;0.0;0.0;A01
37577;201300024789;0;7;0;0.0;2.0;1.0;1.0;B01
37578;201300024789;0;7;0;0.0;2.0;3.0;0.0;A01
37579;201300024790;1;99;0;0.0;1.0;0.0;0.0;Z01
37580;201300024791;0;7;0;0.0;1.0;3.0;15.0;A01
37581;201300024792;0;7;0;6.0;0.0;1.0;1.0;A01
37582;201300024793;0;7;0;0.0;2.0;1.0;15.0;A01
37583;201300024793;0;33;0;0.0;2.0;3.0;1.0;B01
37584;201300024794;0;1;0;0.0;2.0;5.0;2.0;B01
37585;201300024794;0;7;0;0.0;2.0;2.0;9.0;A01
37586;201300024795;0;10;0;0.0;0.0;4.0;23.0;B01
37587;201300024795;0;30;0;0.0;2.0;1.0;1.0;A01
37588;201300024796;0;7;0;1.0;0.0;1.0;0.0;A01
37589;201300024797;0;7;0;4.0;0.0;3.0;13.0;A01
37590;201300024798;0;7;0;0.0;0.0;8.0;1.0;B01
37591;201300024798;0;7;0;0.0;0.0;1.0;1.0;C01
37592;201300024798;0;7;0;0.0;2.0;3.0;5.0;A01
37593;201300024799;0;7;0;0.0;0.0;1.0;1.0;A01
37594;201300024799;0;7;0;0.0;2.0;2.0;1.0;B01
37595;201300024800;0;7;0;0.0;2.0;2.0;9.0;A01
37596;201300024800;0;33;0;0.0;2.0;1.0;1.0;B01
37597;201300024801;0;33;0;0.0;2.0;3.0;15.0;A01
37598;201300024801;0;7;0;0.0;2.0;2.0;1.0;B01
37599;201300024802;0;7;0;0.0;2.0;3.0;15.0;A01
37600;201300024802;0;7;0;0.0;2.0;8.0;1.0;B01
37601;201300024803;0;10;0;0.0;2.0;6.0;23.0;B01
37602;201300024803;0;30;0;0.0;2.0;1.0;2.0;A01
37603;201300024804;0;32;0;0.0;2.0;3.0;18.0;A01
37604;201300024804;0;7;0;0.0;2.0;2.0;14.0;B01
37605;201300024805;0;33;0;0.0;2.0;1.0;1.0;B01
37606;201300024805;0;7;0;0.0;2.0;2.0;15.0;A01
37607;201300024806;0;7;0;0.0;0.0;8.0;1.0;A01
37608;201300024806;0;7;0;0.0;2.0;1.0;1.0;B01
37609;201300024807;0;7;0;11.0;0.0;1.0;1.0;A01
37610;201300024808;0;7;0;2.0;0.0;1.0;21.0;A01
37611;201300024809;0;33;0;0.0;0.0;0.0;1.0;A01
37612;201300024810;0;31;0;0.0;2.0;1.0;1.0;B01
37613;201300024810;0;7;0;0.0;0.0;3.0;20.0;A01
37614;201300024811;0;7;0;0.0;2.0;3.0;1.0;B01
37615;201300024811;0;1;0;0.0;2.0;1.0;16.0;A01
37616;201300024812;0;32;0;0.0;2.0;1.0;1.0;B01
37617;201300024812;0;7;0;0.0;0.0;6.0;15.0;A01
37618;201300024813;0;7;0;0.0;2.0;2.0;1.0;A01
37619;201300024813;0;32;0;0.0;2.0;1.0;1.0;B01
37620;201300024814;0;7;0;0.0;2.0;4.0;23.0;C01
37621;201300024814;0;7;0;0.0;2.0;1.0;1.0;A01
37622;201300024814;0;7;0;0.0;2.0;4.0;23.0;B01
37623;201300024815;0;7;0;2.0;0.0;2.0;14.0;A01
37624;201300024816;1;7;0;0.0;1.0;6.0;13.0;A01
37625;201300024818;0;7;0;0.0;0.0;4.0;2.0;B01
37626;201300024818;0;7;0;0.0;0.0;1.0;2.0;A01
37627;201300024819;0;34;0;0.0;0.0;7.0;16.0;A01
37628;201300024820;0;32;0;12.0;0.0;3.0;9.0;A01
37629;201300024821;0;30;0;12.0;0.0;1.0;1.0;A01
37630;201300024822;0;7;0;0.0;0.0;6.0;15.0;B01
37631;201300024822;0;30;0;0.0;2.0;1.0;1.0;A01
37632;201300024823;0;33;0;0.0;2.0;7.0;5.0;B01
37633;201300024823;0;7;0;0.0;2.0;1.0;15.0;A01
37634;201300024824;0;7;0;0.0;2.0;6.0;23.0;A01
37635;201300024824;0;7;0;0.0;2.0;2.0;1.0;B01
37636;201300024826;0;7;0;0.0;0.0;5.0;23.0;B01
37637;201300024826;0;30;0;0.0;2.0;1.0;1.0;A01
37638;201300024827;0;7;0;1.0;0.0;2.0;14.0;A01
37639;201300024828;0;7;0;0.0;2.0;1.0;19.0;A01
37640;201300024828;0;33;0;0.0;0.0;7.0;1.0;B01
37641;201300024829;0;7;0;0.0;2.0;1.0;1.0;B01
37642;201300024829;0;7;0;0.0;2.0;3.0;0.0;A01
37643;201300024830;0;7;0;0.0;2.0;4.0;1.0;B01
37644;201300024830;0;1;0;0.0;2.0;1.0;1.0;A01
37645;201300024831;0;7;0;0.0;0.0;0.0;1.0;A01
37646;201300024833;0;7;0;2.0;0.0;1.0;1.0;A01
37647;201300024834;0;32;0;0.0;2.0;8.0;1.0;B01
37648;201300024834;0;1;0;0.0;2.0;1.0;5.0;A01
37649;201300024836;0;31;0;0.0;2.0;8.0;1.0;A01
37650;201300024836;0;7;0;0.0;2.0;3.0;15.0;B01
37651;201300024837;0;7;0;0.0;1.0;1.0;1.0;A01
37652;201300024838;0;10;0;0.0;0.0;4.0;1.0;B01
37653;201300024838;0;7;0;0.0;2.0;1.0;2.0;A01
37654;201300024839;0;7;0;0.0;2.0;2.0;19.0;A01
37655;201300024839;0;99;0;0.0;2.0;2.0;6.0;B01
37656;201300024840;0;7;0;0.0;1.0;8.0;15.0;A01
37657;201300024841;0;1;0;1.0;0.0;1.0;1.0;A01
37658;201300024841;0;1;0;1.0;0.0;1.0;1.0;B01
37659;201300024842;0;7;0;0.0;2.0;6.0;15.0;A01
37660;201300024842;0;33;0;0.0;2.0;1.0;1.0;B01
37661;201300024843;0;32;0;0.0;2.0;1.0;1.0;B01
37662;201300024843;0;30;0;0.0;2.0;8.0;0.0;A01
37663;201300024844;0;31;0;0.0;2.0;1.0;1.0;B01
37664;201300024844;0;7;0;0.0;2.0;2.0;15.0;A01
37665;201300024845;0;30;0;0.0;2.0;7.0;5.0;A01
37666;201300024845;0;7;0;0.0;2.0;1.0;15.0;B01
37667;201300024846;0;7;0;0.0;2.0;8.0;15.0;A01
37668;201300024846;0;34;0;0.0;2.0;7.0;17.0;B01
37669;201300024847;0;33;0;0.0;2.0;1.0;1.0;A01
37670;201300024847;0;7;0;0.0;2.0;4.0;1.0;B01
37671;201300024848;0;10;0;0.0;2.0;3.0;1.0;B01
37672;201300024848;0;7;0;0.0;2.0;1.0;15.0;A01
37673;201300024850;0;7;0;1.0;0.0;2.0;14.0;A01