;Num_Acc;senc;catv;occutc;obs;obsm;choc;manv;num_veh
38940;201300025681;0;7;0;0.0;2.0;4.0;1.0;B01
38941;201300025682;0;7;0;11.0;0.0;1.0;13.0;A01
38942;201300025683;0;7;0;0.0;2.0;1.0;1.0;A01
38943;201300025683;0;7;0;0.0;2.0;4.0;1.0;B01
38944;201300025684;0;2;0;0.0;0.0;0.0;1.0;A01
38945;201300025685;0;7;0;0.0;1.0;3.0;15.0;A01
38946;201300025686;0;7;0;0.0;2.0;1.0;1.0;A01
38947;201300025686;0;7;0;0.0;2.0;4.0;1.0;B01
38948;201300025687;0;7;0;0.0;0.0;8.0;1.0;B01
38949;201300025687;0;7;0;0.0;0.0;1.0;1.0;C01
38950;201300025687;0;7;0;0.0;0.0;1.0;13.0;A01
38951;201300025688;0;15;0;0.0;0.0;0.0;1.0;A01
38952;201300025689;0;7;0;8.0;0.0;1.0;14.0;A01
38953;201300025690;0;10;0;0.0;0.0;8.0;4.0;A01
38954;201300025690;0;30;0;0.0;2.0;1.0;1.0;B01
38955;201300025691;0;7;0;0.0;2.0;7.0;1.0;A01
38956;201300025691;0;7;0;0.0;2.0;1.0;1.0;B01
38957;201300025692;0;7;0;0.0;2.0;2.0;1.0;A01
38958;201300025692;0;32;0;0.0;2.0;1.0;1.0;B01
38959;201300025693;0;7;0;0.0;1.0;1.0;1.0;A01
38960;201300025694;0;32;0;0.0;0.0;7.0;1.0;A01
38961;201300025696;0;33;0;0.0;2.0;1.0;17.0;B01
38962;201300025696;0;7;0;0.0;2.0;2.0;15.0;A01
38963;201300025697;0;7;0;0.0;1.0;1.0;1.0;A01
38964;201300025698;0;7;0;8.0;0.0;8.0;1.0;A01
38965;201300025699;0;7;0;0.0;2.0;1.0;2.0;B01
38966;201300025699;0;10;0;0.0;2.0;3.0;1.0;A01
38967;201300025700;0;7;0;0.0;2.0;5.0;23.0;B01
38968;201300025700;0;7;0;0.0;2.0;1.0;2.0;A01
38969;201300025700;0;7;0;0.0;2.0;4.0;23.0;C01
38970;201300025700;0;7;0;0.0;2.0;6.0;23.0;D01
38971;201300025701;0;33;0;0.0;0.0;4.0;23.0;B01
38972;201300025701;0;7;0;0.0;2.0;3.0;2.0;A01
38973;201300025702;0;7;0;0.0;2.0;6.0;1.0;B01
38974;201300025702;0;7;0;0.0;2.0;1.0;1.0;C01
38975;201300025702;0;7;0;0.0;2.0;8.0;1.0;D01
38976;201300025702;0;7;0;0.0;2.0;3.0;13.0;A01
38977;201300025703;0;7;0;0.0;2.0;6.0;9.0;A01
38978;201300025703;0;33;0;0.0;2.0;1.0;9.0;B01
38979;201300025706;0;7;0;0.0;1.0;2.0;1.0;A01
38980;201300025707;0;7;0;0.0;2.0;1.0;2.0;A01
38981;201300025707;0;7;0;0.0;2.0;4.0;2.0;B01
38982;201300025708;0;7;0;0.0;1.0;1.0;1.0;A01
38983;201300025709;0;10;0;0.0;2.0;8.0;15.0;B01
38984;201300025709;0;7;0;0.0;2.0;2.0;15.0;A01
38985;201300025711;0;7;0;0.0;2.0;1.0;1.0;A01
38986;201300025711;0;30;0;0.0;2.0;7.0;1.0;B01
38987;201300025712;0;7;0;0.0;2.0;8.0;15.0;A01
38988;201300025712;0;30;0;0.0;2.0;1.0;17.0;B01
38989;201300025713;0;32;0;0.0;2.0;1.0;1.0;B01
38990;201300025713;0;7;0;0.0;2.0;8.0;15.0;A01
38991;201300025714;0;7;0;0.0;2.0;8.0;2.0;B01
38992;201300025714;0;31;0;0.0;2.0;1.0;1.0;A01
38993;201300025715;0;7;0;0.0;1.0;4.0;4.0;A01
38994;201300025716;0;10;0;0.0;2.0;1.0;1.0;B01
38995;201300025716;0;7;0;0.0;2.0;6.0;24.0;C01
38996;201300025716;0;7;0;0.0;2.0;2.0;1.0;A01
38997;201300025717;0;2;0;1.0;0.0;1.0;14.0;A01
38998;201300025718;0;7;0;1.0;0.0;2.0;1.0;A01
38999;201300025719;0;33;0;0.0;0.0;1.0;2.0;A01
39000;201300025720;0;1;0;0.0;2.0;1.0;1.0;A01
39001;201300025720;0;7;0;0.0;0.0;4.0;1.0;B01
39002;201300025722;0;10;0;0.0;2.0;3.0;1.0;B01
39003;201300025722;0;7;0;0.0;2.0;2.0;1.0;A01
39004;201300025724;0;7;0;0.0;2.0;4.0;1.0;B01
39005;201300025724;0;7;0;0.0;2.0;1.0;1.0;A01
39006;201300025725;0;7;0;0.0;2.0;4.0;1.0;B01
39007;201300025725;0;10;0;0.0;2.0;4.0;1.0;C01
39008;201300025725;0;10;0;0.0;2.0;1.0;1.0;A01
39009;201300025726;0;7;0;0.0;2.0;3.0;13.0;A01
39010;201300025726;0;7;0;0.0;2.0;3.0;1.0;B01
39011;201300025727;0;7;0;0.0;2.0;1.0;1.0;A01
39012;201300025727;0;7;0;0.0;2.0;4.0;1.0;C01
39013;201300025727;0;32;0;0.0;2.0;4.0;1.0;B01
39014;201300025728;0;2;0;0.0;2.0;5.0;1.0;A01
39015;201300025728;0;7;0;0.0;2.0;3.0;1.0;B01
39016;201300025729;0;1;0;0.0;2.0;7.0;1.0;B01
39017;201300025729;0;7;0;0.0;2.0;8.0;14.0;A01
39018;201300025730;0;32;0;0.0;0.0;2.0;1.0;A01
39019;201300025731;0;33;0;0.0;0.0;0.0;1.0;A01
39020;201300025732;0;7;0;0.0;1.0;3.0;1.0;A01
39021;201300025735;0;10;0;0.0;1.0;4.0;4.0;A01
39022;201300025736;0;1;0;0.0;2.0;0.0;2.0;B01
39023;201300025736;0;14;0;0.0;2.0;7.0;16.0;A01
39024;201300025737;0;7;0;0.0;2.0;1.0;1.0;A01
39025;201300025737;0;7;0;0.0;2.0;3.0;1.0;B01
39026;201300025738;0;1;0;0.0;2.0;2.0;1.0;A01
39027;201300025738;0;7;0;0.0;2.0;3.0;15.0;B01
39028;201300025739;0;17;0;0.0;2.0;4.0;23.0;B01
39029;201300025739;0;1;0;0.0;2.0;1.0;1.0;A01
39030;201300025740;0;7;0;0.0;1.0;3.0;1.0;A01
39031;201300025741;0;7;0;0.0;1.0;3.0;4.0;A01
39032;201300025742;0;3;0;8.0;0.0;1.0;0.0;A01
39033;201300025743;0;1;0;0.0;1.0;1.0;16.0;A01
39034;201300025744;0;7;0;0.0;2.0;4.0;23.0;C01
39035;201300025744;0;7;0;0.0;2.0;1.0;23.0;B01
39036;201300025744;0;7;0;0.0;2.0;1.0;1.0;A01
39037;201300025746;0;7;0;0.0;1.0;8.0;1.0;A01
39038;201300025748;0;2;0;0.0;0.0;7.0;1.0;A01
39039;201300025749;0;7;0;0.0;2.0;8.0;2.0;B01
39040;201300025749;0;7;0;0.0;2.0;3.0;15.0;A01
39041;201300025751;0;7;0;0.0;2.0;7.0;23.0;C01
39042;201300025751;0;7;0;0.0;2.0;4.0;23.0;B01
39043;201300025751;0;7;0;1.0;0.0;1.0;21.0;A01
39044;201300025752;0;1;0;0.0;2.0;6.0;13.0;A01
39045;201300025752;0;33;0;0.0;2.0;2.0;2.0;B01
39046;201300025753;0;7;0;0.0;1.0;5.0;4.0;A01
39047;201300025754;0;1;0;0.0;2.0;1.0;1.0;B01
39048;201300025754;0;7;0;0.0;2.0;2.0;15.0;A01
39049;201300025755;0;32;0;0.0;2.0;2.0;2.0;B01
39050;201300025755;1;30;0;0.0;2.0;3.0;9.0;A01
39051;201300025756;0;1;0;0.0;0.0;0.0;2.0;A01
39052;201300025757;0;7;0;0.0;1.0;3.0;2.0;A01
39053;201300025758;0;7;0;3.0;0.0;3.0;21.0;A01
39054;201300025759;0;7;0;0.0;2.0;3.0;2.0;B01
39055;201300025759;0;30;0;0.0;2.0;2.0;16.0;A01
39056;201300025760;0;7;0;0.0;2.0;1.0;2.0;B01
39057;201300025760;0;7;0;0.0;2.0;7.0;15.0;A01
39058;201300025761;0;7;0;0.0;2.0;6.0;23.0;B01
39059;201300025761;0;7;0;0.0;2.0;2.0;14.0;A01
39060;201300025762;0;7;0;0.0;1.0;4.0;4.0;A01
39061;201300025763;0;7;0;0.0;2.0;2.0;15.0;A01
39062;201300025763;0;7;0;0.0;2.0;3.0;2.0;B01
39063;201300025766;0;7;0;0.0;1.0;7.0;1.0;A01
39064;201300025767;0;7;0;0.0;2.0;1.0;23.0;B01
39065;201300025767;0;7;0;0.0;2.0;4.0;23.0;C01
39066;201300025767;0;7;0;0.0;2.0;1.0;2.0;A01
39067;201300025769;0;30;0;0.0;0.0;8.0;1.0;A01
39068;201300025770;0;7;0;0.0;2.0;2.0;15.0;A01
39069;201300025770;0;7;0;0.0;2.0;3.0;1.0;B01
39070;201300025771;0;7;0;0.0;2.0;4.0;23.0;B01
39071;201300025771;0;7;0;0.0;2.0;1.0;1.0;A01
39072;201300025771;0;7;0;0.0;2.0;4.0;23.0;C01
39073;201300025772;0;7;0;0.0;2.0;1.0;1.0;A01
39074;201300025772;0;7;0;0.0;2.0;4.0;23.0;D01
39075;201300025772;0;7;0;0.0;2.0;4.0;23.0;C01
39076;201300025772;0;7;0;0.0;2.0;1.0;1.0;B01
39077;201300025773;0;7;0;0.0;2.0;3.0;9.0;A01
39078;201300025773;0;1;0;0.0;2.0;1.0;15.0;B01
39079;201300025774;0;1;0;0.0;1.0;1.0;15.0;A01
39080;201300025775;1;7;0;0.0;1.0;0.0;0.0;A01
39081;201300025776;0;7;0;3.0;0.0;2.0;14.0;A01
39082;201300025777;0;33;0;15.0;0.0;8.0;21.0;A01
39083;201300025778;0;30;0;0.0;0.0;8.0;1.0;A01
39084;201300025780;0;7;0;1.0;0.0;3.0;13.0;A01
39085;201300025781;0;31;0;12.0;0.0;7.0;1.0;A01
39086;201300025783;0;7;0;0.0;2.0;5.0;17.0;A01
39087;201300025783;0;7;0;0.0;2.0;8.0;1.0;B01
39088;201300025784;0;10;0;14.0;0.0;1.0;1.0;A01
39089;201300025785;0;7;0;0.0;2.0;1.0;1.0;B01
39090;201300025785;0;7;0;0.0;2.0;2.0;15.0;A01
39091;201300025786;0;30;0;0.0;0.0;0.0;1.0;A01
39092;201300025787;0;7;0;8.0;0.0;1.0;15.0;A01
39093;201300025788;0;7;0;1.0;0.0;2.0;1.0;A01
39094;201300025789;0;31;0;1.0;0.0;1.0;1.0;A01
39095;201300025790;0;30;0;0.0;0.0;8.0;1.0;A01
39096;201300025791;0;33;0;0.0;2.0;1.0;0.0;B01
39097;201300025791;0;7;0;0.0;2.0;3.0;9.0;A01
39098;201300025792;0;7;0;0.0;2.0;1.0;1.0;B01
39099;201300025792;0;10;0;0.0;2.0;8.0;1.0;A01
39100;201300025793;0;2;0;12.0;0.0;7.0;1.0;A01
39101;201300025796;0;7;0;0.0;2.0;1.0;1.0;B01
39102;201300025796;0;1;0;0.0;2.0;7.0;1.0;A01
39103;201300025797;0;1;0;0.0;2.0;8.0;19.0;A01
39104;201300025797;0;33;0;0.0;2.0;5.0;1.0;C01
39105;201300025797;1;7;0;0.0;2.0;1.0;1.0;B01
39106;201300025798;2;7;0;0.0;1.0;4.0;4.0;A01
39107;201300025799;0;33;0;6.0;0.0;1.0;13.0;A01
39108;201300025800;0;7;0;1.0;0.0;1.0;13.0;A01
39109;201300025801;0;1;0;0.0;1.0;0.0;1.0;A01
39110;201300025802;0;2;0;0.0;0.0;7.0;1.0;A01
39111;201300025803;0;7;0;0.0;2.0;1.0;1.0;B01
39112;201300025803;0;7;0;0.0;2.0;7.0;15.0;A01
39113;201300025804;0;30;0;0.0;2.0;4.0;1.0;A01
39114;201300025804;0;10;0;0.0;0.0;4.0;1.0;B01
39115;201300025805;0;7;0;0.0;2.0;4.0;1.0;A01
39116;201300025805;0;30;0;0.0;0.0;0.0;10.0;B01
39117;201300025806;0;7;0;0.0;0.0;0.0;0.0;A01
39118;201300025808;0;7;0;0.0;1.0;0.0;0.0;A01
39119;201300025811;0;10;0;0.0;2.0;3.0;0.0;B01
39120;201300025811;1;7;0;0.0;0.0;0.0;0.0;A01
39121;201300025812;0;7;0;0.0;2.0;1.0;1.0;A01
39122;201300025812;0;7;0;0.0;2.0;7.0;19.0;B01
39123;201300025813;0;7;0;0.0;2.0;1.0;2.0;B01
39124;201300025813;0;1;0;0.0;2.0;7.0;19.0;A01
39125;201300025814;0;7;0;0.0;1.0;7.0;1.0;A01
39126;201300025815;0;7;0;0.0;2.0;4.0;23.0;B01
39127;201300025815;0;7;0;0.0;2.0;4.0;23.0;C01
39128;201300025815;0;37;1;0.0;2.0;3.0;2.0;A01
39129;201300025816;0;7;0;0.0;2.0;1.0;9.0;A01
39130;201300025816;0;1;0;0.0;2.0;7.0;1.0;B01
39131;201300025817;0;1;0;0.0;2.0;1.0;13.0;B01
39132;201300025817;0;10;0;0.0;2.0;6.0;4.0;A01
39133;201300025818;0;7;0;0.0;2.0;2.0;1.0;B01
39134;201300025818;0;7;0;0.0;2.0;8.0;1.0;A01
39135;201300025819;0;1;0;0.0;2.0;1.0;15.0;A01
39136;201300025819;0;7;0;0.0;2.0;8.0;1.0;B01
39137;201300025820;0;7;0;0.0;0.0;1.0;2.0;B01
39138;201300025820;0;7;0;0.0;2.0;3.0;9.0;A01
39139;201300025821;0;7;0;0.0;2.0;3.0;1.0;A01
39140;201300025821;0;1;0;0.0;0.0;3.0;1.0;B01
39141;201300025822;0;7;0;0.0;2.0;0.0;9.0;A01
39142;201300025822;0;32;0;0.0;2.0;8.0;21.0;B01
39143;201300025823;0;7;0;0.0;1.0;1.0;9.0;A01
39144;201300025824;0;33;0;0.0;0.0;8.0;16.0;A01
39145;201300025825;0;7;0;0.0;2.0;3.0;9.0;A01
39146;201300025825;0;1;0;0.0;2.0;7.0;15.0;B01
39147;201300025827;0;10;0;0.0;2.0;3.0;2.0;A01
39148;201300025827;0;7;0;0.0;2.0;5.0;1.0;B01
39149;201300025828;0;7;0;0.0;2.0;4.0;23.0;C01
39150;201300025828;0;7;0;0.0;2.0;4.0;23.0;B01
39151;201300025828;0;7;0;0.0;2.0;4.0;23.0;D01
39152;201300025828;0;7;0;0.0;2.0;1.0;15.0;A01
39153;201300025829;0;7;0;0.0;2.0;3.0;23.0;B01
39154;201300025829;0;30;0;0.0;2.0;1.0;21.0;A01
39155;201300025830;0;30;0;0.0;0.0;8.0;16.0;A01
39156;201300025831;0;7;0;0.0;2.0;3.0;1.0;A01
39157;201300025831;0;1;0;0.0;2.0;8.0;1.0;B01
39158;201300025832;0;1;0;0.0;2.0;7.0;19.0;A01
39159;201300025832;0;7;0;0.0;2.0;1.0;1.0;B01
39160;201300025833;0;7;0;0.0;1.0;8.0;1.0;A01
39161;201300025834;0;7;0;0.0;1.0;7.0;1.0;A01
39162;201300025835;0;2;0;0.0;0.0;8.0;13.0;A01
39163;201300025835;0;7;0;0.0;9.0;3.0;21.0;B01
39164;201300025836;0;7;0;0.0;2.0;4.0;1.0;A01
39165;201300025836;0;7;0;0.0;0.0;0.0;1.0;B01
39166;201300025837;0;2;0;0.0;2.0;1.0;1.0;B01
39167;201300025837;0;7;0;0.0;2.0;3.0;15.0;A01
39168;201300025838;0;7;0;0.0;2.0;4.0;2.0;D01
39169;201300025838;0;7;0;0.0;2.0;4.0;2.0;B01
39170;201300025838;0;7;0;0.0;2.0;1.0;2.0;A01
39171;201300025838;0;7;0;0.0;2.0;4.0;2.0;C01
39172;201300025839;0;7;0;0.0;2.0;1.0;15.0;B01
39173;201300025839;0;7;0;0.0;2.0;3.0;17.0;A01
39174;201300025840;0;7;0;0.0;0.0;5.0;1.0;B01
39175;201300025840;0;7;0;0.0;2.0;3.0;9.0;A01
39176;201300025841;0;7;0;0.0;2.0;2.0;1.0;A01
39177;201300025841;0;7;0;0.0;2.0;3.0;15.0;B01
39178;201300025842;0;1;0;0.0;1.0;1.0;1.0;A01
39179;201300025843;0;17;0;0.0;2.0;2.0;1.0;B01
39180;201300025843;0;7;0;0.0;2.0;4.0;3.0;A01
39181;201300025844;0;7;0;1.0;0.0;1.0;1.0;A01
39182;201300025844;0;7;0;0.0;2.0;6.0;24.0;B01
39183;201300025845;0;7;0;0.0;2.0;1.0;16.0;A01
39184;201300025845;0;7;0;0.0;2.0;3.0;1.0;B01
39185;201300025846;0;7;0;0.0;2.0;1.0;1.0;C01
39186;201300025846;0;7;0;0.0;2.0;4.0;1.0;B01
39187;201300025846;0;7;0;0.0;2.0;6.0;15.0;A01
39188;201300025847;0;30;0;0.0;0.0;7.0;1.0;A01
39189;201300025848;0;32;0;0.0;2.0;1.0;1.0;A01
39190;201300025848;0;7;0;0.0;2.0;4.0;1.0;B01
39191;201300025849;0;7;0;0.0;2.0;7.0;16.0;A01
39192;201300025849;0;15;0;0.0;2.0;3.0;1.0;B01
39193;201300025850;0;7;0;0.0;2.0;2.0;1.0;A01
39194;201300025850;0;7;0;0.0;2.0;3.0;1.0;B01
39195;201300025851;0;7;0;12.0;0.0;8.0;1.0;A01
39196;201300025852;0;7;0;0.0;2.0;4.0;1.0;B01
39197;201300025852;0;10;0;0.0;2.0;2.0;1.0;A01
39198;201300025853;0;7;0;0.0;2.0;7.0;1.0;B01
39199;201300025853;0;7;0;0.0;2.0;1.0;1.0;A01
39200;201300025854;0;2;0;0.0;2.0;1.0;1.0;A01
39201;201300025854;0;7;0;0.0;2.0;3.0;1.0;B01
39202;201300025855;0;7;0;0.0;2.0;1.0;1.0;B01
39203;201300025855;0;7;0;0.0;2.0;8.0;9.0;A01
39204;201300025856;0;7;0;0.0;2.0;1.0;2.0;A01
39205;201300025856;0;2;0;0.0;2.0;4.0;2.0;B01
39206;201300025856;0;7;0;0.0;2.0;4.0;2.0;C01
39207;201300025857;0;7;0;0.0;2.0;8.0;22.0;A01
39208;201300025857;0;30;0;1.0;0.0;1.0;1.0;B01
39209;201300025858;0;1;0;0.0;1.0;1.0;1.0;A01
39210;201300025859;0;2;0;0.0;2.0;1.0;1.0;A01
39211;201300025859;0;7;0;0.0;2.0;1.0;1.0;B01
39212;201300025860;0;7;0;0.0;2.0;1.0;1.0;A01
39213;201300025860;0;7;0;0.0;2.0;4.0;1.0;B01
39214;201300025861;0;37;1;0.0;2.0;6.0;1.0;B01
39215;201300025861;0;2;0;0.0;2.0;1.0;1.0;A01
39216;201300025862;0;7;0;0.0;2.0;0.0;23.0;A01
39217;201300025862;0;33;0;0.0;2.0;1.0;1.0;B01
39218;201300025863;0;30;0;0.0;1.0;1.0;1.0;A01
39219;201300025864;0;7;0;0.0;1.0;3.0;1.0;A01
39220;201300025866;0;33;0;0.0;2.0;1.0;1.0;B01
39221;201300025866;0;7;0;0.0;2.0;3.0;9.0;A01
39222;201300025867;0;33;0;11.0;0.0;6.0;17.0;A01
39223;201300025868;0;2;0;0.0;2.0;1.0;1.0;B01
39224;201300025868;0;7;0;0.0;2.0;1.0;15.0;A01
39225;201300025870;0;7;0;0.0;2.0;1.0;1.0;B01
39226;201300025870;0;7;0;0.0;2.0;4.0;23.0;C01
39227;201300025870;0;7;0;1.0;2.0;4.0;0.0;D01
39228;201300025870;0;7;0;0.0;2.0;2.0;1.0;A01
39229;201300025871;0;7;0;0.0;1.0;2.0;1.0;A01
39230;201300025872;0;33;0;0.0;0.0;8.0;10.0;A01
39231;201300025873;0;7;0;0.0;2.0;5.0;1.0;B01
39232;201300025873;0;34;0;0.0;2.0;1.0;2.0;A01
39233;201300025874;0;7;0;0.0;2.0;1.0;1.0;A01
39234;201300025874;0;7;0;0.0;2.0;4.0;1.0;B01
39235;201300025874;0;7;0;0.0;2.0;4.0;1.0;C01
39236;201300025875;0;15;0;4.0;2.0;1.0;21.0;B01
39237;201300025875;0;7;0;0.0;2.0;7.0;17.0;A01
39238;201300025876;0;10;0;0.0;2.0;0.0;4.0;A01
39239;201300025876;0;2;0;0.0;0.0;0.0;1.0;B01
39240;201300025877;0;30;0;0.0;2.0;0.0;0.0;B01
39241;201300025877;0;7;0;0.0;2.0;0.0;0.0;A01
39242;201300025878;0;7;0;0.0;2.0;1.0;1.0;A01
39243;201300025878;0;7;0;0.0;2.0;4.0;1.0;B01
39244;201300025878;0;7;0;0.0;2.0;4.0;1.0;C01
39245;201300025881;0;7;0;13.0;0.0;1.0;9.0;A01
39246;201300025882;0;7;0;0.0;2.0;6.0;1.0;A01
39247;201300025882;0;33;0;0.0;2.0;1.0;1.0;B01
39248;201300025883;0;7;0;15.0;0.0;1.0;1.0;A01
39249;201300025884;0;1;0;1.0;0.0;1.0;1.0;B01
39250;201300025884;0;7;0;0.0;9.0;3.0;24.0;A01
39251;201300025885;0;7;0;6.0;0.0;3.0;21.0;A01
39252;201300025886;0;1;0;0.0;0.0;1.0;1.0;A01
39253;201300025887;0;7;0;0.0;2.0;8.0;1.0;A01
39254;201300025887;0;7;0;0.0;2.0;1.0;1.0;B01
39255;201300025888;0;7;0;0.0;1.0;4.0;0.0;A01
39256;201300025889;0;2;0;0.0;2.0;1.0;1.0;B01
39257;201300025889;0;10;0;0.0;2.0;3.0;1.0;A01
39258;201300025890;0;30;0;0.0;1.0;1.0;1.0;A01
39259;201300025891;0;7;0;0.0;1.0;8.0;1.0;A01
39260;201300025892;0;2;0;0.0;0.0;1.0;0.0;A01
39261;201300025893;0;7;0;0.0;1.0;3.0;1.0;A01
39262;201300025894;0;7;0;2.0;0.0;1.0;1.0;A01
39263;201300025895;0;7;0;0.0;2.0;1.0;1.0;A01
39264;201300025895;0;7;0;0.0;2.0;4.0;1.0;B01
39265;201300025895;0;7;0;0.0;2.0;4.0;1.0;D01
39266;201300025895;0;7;0;0.0;2.0;4.0;1.0;C01
39267;201300025896;0;1;0;0.0;2.0;1.0;1.0;A01
39268;201300025896;0;7;0;0.0;0.0;4.0;1.0;B01
39269;201300025897;0;7;0;0.0;2.0;1.0;14.0;A01
39270;201300025897;0;7;0;0.0;2.0;3.0;1.0;B01
39271;201300025898;0;7;0;0.0;2.0;2.0;15.0;A01
39272;201300025898;0;2;0;0.0;2.0;1.0;1.0;B01
39273;201300025899;0;7;0;0.0;2.0;4.0;1.0;C01
39274;201300025899;0;10;0;0.0;2.0;4.0;1.0;B01
39275;201300025899;0;14;0;0.0;2.0;1.0;1.0;A01
39276;201300025900;0;1;0;0.0;2.0;8.0;1.0;A01
39277;201300025900;0;7;0;0.0;2.0;3.0;1.0;B01
39278;201300025901;0;7;0;0.0;2.0;1.0;1.0;A01
39279;201300025901;0;7;0;0.0;2.0;5.0;1.0;B01
39280;201300025902;0;1;0;0.0;2.0;1.0;1.0;B01
39281;201300025902;0;2;0;0.0;2.0;1.0;13.0;A01
39282;201300025903;0;7;0;0.0;2.0;1.0;1.0;B01
39283;201300025903;0;7;0;0.0;2.0;7.0;15.0;A01
39284;201300025904;0;7;0;0.0;2.0;4.0;1.0;B01
39285;201300025904;0;7;0;0.0;2.0;1.0;1.0;A01
39286;201300025905;0;1;0;0.0;2.0;1.0;1.0;B01
39287;201300025905;0;7;0;0.0;2.0;8.0;22.0;A01
39288;201300025906;0;30;0;0.0;0.0;0.0;1.0;A01
39289;201300025907;0;7;0;0.0;2.0;7.0;1.0;A01
39290;201300025907;0;32;0;0.0;2.0;1.0;1.0;B01
39291;201300025908;0;30;0;0.0;2.0;1.0;17.0;A01
39292;201300025908;0;7;0;0.0;2.0;8.0;15.0;B01
39293;201300025909;0;14;0;0.0;2.0;1.0;1.0;C01
39294;201300025909;0;7;0;0.0;2.0;1.0;1.0;A01
39295;201300025909;0;7;0;0.0;2.0;4.0;1.0;B01
39296;201300025910;0;30;0;0.0;0.0;1.0;1.0;A01
39297;201300025911;0;7;0;0.0;2.0;1.0;1.0;A01
39298;201300025911;0;7;0;0.0;2.0;4.0;1.0;B01
39299;201300025912;0;1;0;0.0;2.0;7.0;1.0;B01
39300;201300025912;0;2;0;0.0;2.0;1.0;1.0;A01
39301;201300025913;0;7;0;0.0;2.0;1.0;1.0;A01
39302;201300025913;0;7;0;0.0;2.0;7.0;1.0;B01
39303;201300025914;0;7;0;2.0;0.0;1.0;0.0;A01
39304;201300025915;0;1;0;0.0;2.0;1.0;1.0;B01
39305;201300025915;0;7;0;0.0;2.0;3.0;15.0;A01
39306;201300025916;0;7;0;1.0;0.0;2.0;14.0;A01
39307;201300025917;0;7;0;0.0;2.0;5.0;16.0;A01
39308;201300025917;0;1;0;0.0;2.0;1.0;1.0;B01
39309;201300025918;2;7;0;0.0;1.0;0.0;1.0;A01
39310;201300025919;0;2;0;0.0;2.0;0.0;1.0;B01
39311;201300025919;0;10;0;0.0;2.0;0.0;15.0;A01
39312;201300025920;0;7;0;0.0;0.0;0.0;1.0;A01
39313;201300025921;0;2;0;0.0;0.0;0.0;1.0;A01
39314;201300025922;0;31;0;0.0;2.0;0.0;0.0;A01
39315;201300025922;0;7;0;0.0;2.0;0.0;0.0;B01
39316;201300025923;0;7;0;0.0;2.0;0.0;0.0;A01
39317;201300025923;0;7;0;0.0;2.0;0.0;0.0;B01
39318;201300025924;0;10;0;0.0;2.0;8.0;24.0;A01
39319;201300025924;0;1;0;0.0;2.0;1.0;2.0;B01
39320;201300025925;0;7;0;0.0;1.0;5.0;20.0;A01
39321;201300025926;0;32;0;0.0;2.0;7.0;14.0;A01
39322;201300025926;0;7;0;0.0;2.0;8.0;1.0;B01
39323;201300025927;0;33;0;0.0;0.0;3.0;15.0;A01
39324;201300025928;0;7;0;0.0;2.0;4.0;23.0;B01
39325;201300025928;0;7;0;0.0;2.0;1.0;1.0;A01
39326;201300025928;0;7;0;0.0;2.0;4.0;23.0;C01
39327;201300025929;0;37;3;0.0;1.0;2.0;7.0;A01
39328;201300025930;0;7;0;0.0;2.0;1.0;19.0;A01
39329;201300025930;0;7;0;0.0;2.0;3.0;15.0;B01
39330;201300025931;0;30;0;0.0;0.0;0.0;1.0;A01
39331;201300025932;0;7;0;0.0;2.0;0.0;9.0;A01
39332;201300025932;0;33;0;0.0;2.0;3.0;21.0;B01
39333;201300025933;0;1;0;0.0;2.0;3.0;1.0;B01
39334;201300025933;0;7;0;0.0;2.0;2.0;16.0;A01
39335;201300025934;0;7;0;0.0;2.0;3.0;15.0;A01
39336;201300025934;0;30;0;0.0;2.0;1.0;1.0;B01
39337;201300025935;0;33;0;0.0;2.0;1.0;17.0;A01
39338;201300025935;0;7;0;0.0;2.0;3.0;15.0;B01
39339;201300025936;0;33;0;0.0;0.0;0.0;15.0;A01
39340;201300025937;0;33;0;0.0;2.0;7.0;19.0;A01
39341;201300025937;0;7;0;0.0;2.0;3.0;15.0;B01
39342;201300025938;0;7;0;0.0;2.0;1.0;15.0;A01
39343;201300025938;0;1;0;0.0;2.0;8.0;1.0;B01
39344;201300025939;0;7;0;0.0;2.0;3.0;10.0;A01
39345;201300025939;0;32;0;0.0;2.0;1.0;2.0;B01
39346;201300025940;0;33;0;0.0;2.0;8.0;21.0;A01
39347;201300025941;0;1;0;0.0;2.0;1.0;19.0;A01
39348;201300025941;0;10;0;0.0;2.0;7.0;16.0;B01
39349;201300025942;0;1;0;0.0;2.0;5.0;15.0;B01
39350;201300025942;0;7;0;0.0;2.0;2.0;15.0;A01
39351;201300025943;0;7;0;0.0;2.0;3.0;1.0;A01
39352;201300025943;0;30;0;0.0;2.0;6.0;1.0;B01
39353;201300025944;0;33;0;0.0;0.0;0.0;0.0;A01
39354;201300025945;0;7;0;0.0;0.0;0.0;0.0;B01
39355;201300025945;0;7;0;0.0;0.0;0.0;0.0;A01
39356;201300025946;1;10;0;0.0;0.0;1.0;2.0;A01
39357;201300025946;0;7;0;0.0;0.0;4.0;2.0;B01
39358;201300025947;0;7;0;0.0;0.0;0.0;0.0;B01
39359;201300025947;0;7;0;0.0;0.0;0.0;0.0;A01
39360;201300025947;0;7;0;0.0;0.0;0.0;0.0;C01