;Num_Acc;senc;catv;occutc;obs;obsm;choc;manv;num_veh
39361;201300025948;0;33;0;0.0;0.0;0.0;0.0;A01
39362;201300025949;0;30;0;0.0;0.0;0.0;0.0;A01
39363;201300025950;0;32;0;0.0;0.0;0.0;0.0;A01
39364;201300025951;0;7;0;0.0;0.0;0.0;0.0;B01
39365;201300025951;0;7;0;0.0;0.0;0.0;0.0;A01
39366;201300025953;0;31;0;0.0;0.0;0.0;1.0;A01
39367;201300025954;0;1;0;0.0;2.0;1.0;5.0;A01
39368;201300025954;0;7;0;0.0;2.0;1.0;1.0;B01
39369;201300025956;0;30;0;0.0;1.0;1.0;1.0;A01
39370;201300025957;0;30;0;0.0;1.0;1.0;1.0;A01
39371;201300025958;0;7;0;0.0;2.0;1.0;15.0;B01
39372;201300025958;0;1;0;0.0;2.0;1.0;1.0;A01
39373;201300025960;0;7;0;0.0;0.0;3.0;1.0;A01
39374;201300025961;0;33;0;0.0;2.0;8.0;1.0;B01
39375;201300025961;0;10;0;0.0;2.0;1.0;1.0;A01
39376;201300025964;0;7;0;0.0;0.0;1.0;1.0;A01
39377;201300025965;0;7;0;0.0;2.0;1.0;1.0;A01
39378;201300025965;0;2;0;0.0;2.0;1.0;1.0;B01
39379;201300025966;1;7;0;0.0;2.0;4.0;4.0;A01
39380;201300025966;0;1;0;0.0;2.0;1.0;1.0;B01
39381;201300025967;0;1;0;0.0;0.0;0.0;0.0;A01
39382;201300025968;0;7;0;1.0;2.0;3.0;9.0;A01
39383;201300025968;0;7;0;0.0;2.0;3.0;1.0;B01
39384;201300025968;0;7;0;0.0;2.0;1.0;1.0;C01
39385;201300025969;0;7;0;0.0;2.0;2.0;0.0;A01
39386;201300025969;0;7;0;0.0;2.0;3.0;0.0;B01
39387;201300025970;0;7;0;0.0;2.0;3.0;15.0;A01
39388;201300025970;0;33;0;0.0;2.0;8.0;1.0;B01
39389;201300025971;0;30;0;0.0;2.0;2.0;1.0;B01
39390;201300025971;0;7;0;0.0;2.0;3.0;1.0;A01
39391;201300025972;0;2;0;0.0;0.0;1.0;16.0;A01
39392;201300025973;0;7;0;0.0;1.0;3.0;21.0;A01
39393;201300025974;0;7;0;0.0;2.0;3.0;1.0;B01
39394;201300025974;0;7;0;0.0;2.0;6.0;4.0;A01
39395;201300025975;0;2;0;0.0;2.0;1.0;1.0;B01
39396;201300025975;0;7;0;0.0;2.0;8.0;9.0;A01
39397;201300025976;0;7;0;0.0;2.0;1.0;1.0;B01
39398;201300025976;0;7;0;0.0;2.0;1.0;1.0;A01
39399;201300025977;0;31;0;0.0;0.0;8.0;15.0;A01
39400;201300025978;0;7;0;0.0;2.0;4.0;1.0;B01
39401;201300025978;0;32;0;0.0;2.0;1.0;1.0;A01
39402;201300025979;0;7;0;0.0;2.0;2.0;16.0;A01
39403;201300025979;0;1;0;0.0;2.0;1.0;1.0;B01
39404;201300025981;0;7;0;9.0;0.0;1.0;1.0;A01
39405;201300025982;0;7;0;0.0;2.0;1.0;1.0;A01
39406;201300025982;0;7;0;8.0;2.0;9.0;1.0;B01
39407;201300025983;2;7;0;6.0;0.0;1.0;16.0;A01
39408;201300025984;0;7;0;0.0;2.0;1.0;1.0;B01
39409;201300025984;0;7;0;0.0;2.0;7.0;1.0;A01
39410;201300025985;0;7;0;0.0;2.0;3.0;1.0;B01
39411;201300025985;0;10;0;0.0;2.0;3.0;1.0;A01
39412;201300025986;0;33;0;0.0;2.0;7.0;1.0;B01
39413;201300025986;0;7;0;0.0;2.0;1.0;9.0;A01
39414;201300025988;0;33;0;0.0;2.0;1.0;1.0;A01
39415;201300025988;0;7;0;0.0;2.0;2.0;1.0;B01
39416;201300025989;0;7;0;0.0;2.0;3.0;15.0;A01
39417;201300025989;0;33;0;0.0;2.0;1.0;1.0;B01
39418;201300025990;0;33;0;0.0;2.0;1.0;1.0;B01
39419;201300025990;0;7;0;0.0;2.0;1.0;15.0;A01
39420;201300025991;0;7;0;0.0;2.0;3.0;1.0;B01
39421;201300025991;0;1;0;0.0;2.0;7.0;19.0;A01
39422;201300025992;0;7;0;0.0;2.0;3.0;0.0;A01
39423;201300025992;0;7;0;0.0;2.0;3.0;1.0;B01
39424;201300025993;0;30;0;0.0;0.0;3.0;1.0;B01
39425;201300025993;0;7;0;0.0;2.0;1.0;15.0;A01
39426;201300025994;0;7;0;0.0;2.0;0.0;16.0;B01
39427;201300025994;0;33;0;0.0;0.0;8.0;1.0;A01
39428;201300025995;0;34;0;1.0;0.0;7.0;1.0;B01
39429;201300025995;0;7;0;0.0;2.0;8.0;24.0;A01
39430;201300025995;0;7;0;0.0;2.0;7.0;1.0;C01
39431;201300025996;0;7;0;0.0;2.0;3.0;9.0;B01
39432;201300025996;0;1;0;0.0;2.0;1.0;5.0;A01
39433;201300025997;0;7;0;0.0;2.0;8.0;9.0;A01
39434;201300025997;0;33;0;0.0;2.0;1.0;1.0;B01
39435;201300025998;1;99;0;0.0;0.0;0.0;0.0;Z01
39436;201300025998;0;1;0;0.0;2.0;8.0;1.0;A01
39437;201300026000;0;1;0;0.0;2.0;1.0;15.0;A01
39438;201300026000;0;7;0;0.0;2.0;1.0;1.0;B01
39439;201300026002;0;33;0;0.0;2.0;6.0;15.0;B01
39440;201300026002;0;7;0;0.0;2.0;3.0;1.0;A01
39441;201300026003;0;7;0;0.0;2.0;8.0;11.0;A01
39442;201300026003;0;32;0;0.0;2.0;7.0;1.0;B01
39443;201300026004;0;10;0;0.0;2.0;1.0;1.0;A01
39444;201300026004;0;30;0;0.0;2.0;8.0;1.0;B01
39445;201300026005;0;7;0;0.0;1.0;1.0;1.0;A01
39446;201300026006;0;10;0;0.0;2.0;1.0;9.0;A01
39447;201300026006;0;31;0;0.0;2.0;2.0;1.0;B01
39448;201300026007;0;7;0;8.0;0.0;1.0;1.0;A01
39449;201300026008;0;7;0;0.0;2.0;1.0;1.0;B01
39450;201300026008;0;33;0;0.0;2.0;7.0;1.0;A01
39451;201300026009;0;99;0;0.0;2.0;8.0;1.0;B01
39452;201300026009;0;7;0;0.0;2.0;5.0;16.0;A01
39453;201300026010;0;30;0;0.0;0.0;0.0;1.0;A01
39454;201300026011;0;10;0;0.0;2.0;7.0;1.0;B01
39455;201300026011;0;7;0;0.0;2.0;3.0;1.0;C01
39456;201300026011;0;10;0;0.0;2.0;1.0;16.0;A01
39457;201300026012;0;7;0;15.0;0.0;1.0;1.0;A01
39458;201300026013;0;7;0;3.0;0.0;8.0;1.0;A01
39459;201300026014;0;7;0;0.0;1.0;4.0;4.0;A01
39460;201300026015;0;2;0;0.0;2.0;7.0;1.0;B01
39461;201300026015;0;7;0;0.0;2.0;3.0;9.0;A01
39462;201300026016;0;1;0;0.0;9.0;7.0;1.0;A01
39463;201300026017;0;15;0;0.0;2.0;1.0;9.0;A01
39464;201300026017;0;1;0;0.0;2.0;7.0;1.0;B01
39465;201300026018;0;7;0;1.0;0.0;1.0;1.0;A01
39466;201300026019;0;7;0;4.0;0.0;1.0;1.0;A01
39467;201300026020;0;1;0;0.0;2.0;7.0;16.0;B01
39468;201300026020;0;2;0;0.0;2.0;1.0;18.0;A01
39469;201300026021;0;2;0;0.0;0.0;8.0;1.0;A01
39470;201300026022;0;7;0;13.0;0.0;1.0;1.0;A01
39471;201300026023;0;7;0;4.0;0.0;1.0;1.0;A01
39472;201300026025;0;7;0;3.0;0.0;1.0;1.0;A01
39473;201300026026;0;2;0;0.0;2.0;1.0;0.0;A01
39474;201300026026;0;7;0;0.0;2.0;3.0;1.0;B01
39475;201300026028;0;1;0;0.0;0.0;8.0;0.0;A01
39476;201300026029;0;7;0;0.0;2.0;8.0;15.0;B01
39477;201300026029;0;7;0;6.0;1.0;2.0;17.0;A01
39478;201300026030;0;7;0;1.0;0.0;1.0;5.0;A01
39479;201300026031;0;7;0;2.0;0.0;1.0;1.0;A01
39480;201300026032;0;30;0;0.0;2.0;1.0;15.0;B01
39481;201300026032;0;7;0;0.0;2.0;3.0;1.0;A01
39482;201300026033;0;2;0;12.0;0.0;1.0;1.0;A01
39483;201300026034;0;17;0;0.0;2.0;1.0;1.0;B01
39484;201300026034;0;7;0;15.0;2.0;7.0;1.0;A01
39485;201300026035;0;2;0;14.0;0.0;1.0;2.0;A01
39486;201300026035;0;7;0;0.0;0.0;0.0;0.0;C01
39487;201300026035;0;7;0;0.0;2.0;4.0;2.0;B01
39488;201300026036;0;7;0;9.0;0.0;1.0;1.0;A01
39489;201300026037;0;30;0;0.0;2.0;8.0;18.0;B01
39490;201300026037;0;7;0;0.0;2.0;7.0;16.0;A01
39491;201300026041;0;10;0;0.0;2.0;1.0;1.0;B01
39492;201300026041;0;7;0;0.0;2.0;9.0;1.0;A01
39493;201300026042;0;1;0;0.0;0.0;1.0;0.0;B01
39494;201300026042;0;2;0;0.0;2.0;0.0;0.0;A01
39495;201300026044;0;7;0;0.0;2.0;1.0;2.0;A01
39496;201300026044;0;7;0;0.0;2.0;4.0;23.0;B01
39497;201300026045;0;7;0;0.0;2.0;2.0;2.0;B01
39498;201300026045;0;1;0;0.0;2.0;6.0;13.0;A01
39499;201300026046;0;7;0;0.0;2.0;1.0;0.0;A01
39500;201300026046;0;7;0;0.0;9.0;4.0;2.0;B01
39501;201300026047;0;7;0;0.0;2.0;3.0;13.0;A01
39502;201300026047;0;33;0;0.0;2.0;1.0;1.0;B01
39503;201300026048;0;37;1;0.0;1.0;3.0;19.0;A01
39504;201300026049;0;7;0;0.0;2.0;1.0;2.0;A01
39505;201300026049;0;7;0;0.0;0.0;4.0;2.0;B01
39506;201300026050;0;30;0;0.0;0.0;0.0;1.0;A01
39507;201300026051;0;7;0;0.0;2.0;6.0;15.0;A01
39508;201300026051;0;2;0;0.0;2.0;3.0;15.0;B01
39509;201300026052;0;33;0;13.0;0.0;8.0;1.0;A01
39510;201300026053;0;7;0;0.0;2.0;2.0;1.0;A01
39511;201300026053;0;1;0;0.0;2.0;3.0;1.0;B01
39512;201300026054;1;99;0;0.0;2.0;0.0;0.0;A01
39513;201300026054;0;2;0;0.0;2.0;0.0;0.0;B01
39514;201300026055;0;7;0;0.0;2.0;3.0;11.0;A01
39515;201300026055;0;7;0;0.0;2.0;2.0;2.0;B01
39516;201300026056;0;7;0;0.0;2.0;3.0;6.0;A01
39517;201300026056;0;32;0;0.0;2.0;7.0;2.0;B01
39518;201300026057;0;1;0;0.0;2.0;8.0;13.0;A01
39519;201300026057;0;7;0;0.0;2.0;7.0;1.0;B01
39520;201300026058;0;7;0;0.0;2.0;1.0;6.0;A01
39521;201300026058;0;30;0;0.0;2.0;8.0;1.0;B01
39522;201300026059;0;7;0;0.0;2.0;4.0;2.0;B01
39523;201300026059;0;7;0;0.0;2.0;4.0;2.0;D01
39524;201300026059;0;30;0;0.0;2.0;4.0;2.0;C01
39525;201300026059;0;7;0;0.0;2.0;2.0;2.0;A01
39526;201300026061;0;7;0;0.0;2.0;2.0;12.0;A01
39527;201300026061;0;7;0;0.0;2.0;3.0;15.0;B01
39528;201300026062;0;7;0;0.0;1.0;2.0;1.0;A01
39529;201300026063;0;7;0;0.0;2.0;8.0;23.0;C01
39530;201300026063;0;7;0;0.0;2.0;3.0;15.0;A01
39531;201300026063;0;30;0;0.0;2.0;8.0;1.0;B01
39532;201300026064;0;1;0;0.0;0.0;0.0;1.0;A01
39533;201300026065;0;7;0;0.0;2.0;1.0;1.0;B01
39534;201300026065;0;7;0;0.0;2.0;7.0;1.0;A01
39535;201300026067;0;7;0;0.0;2.0;1.0;13.0;A01
39536;201300026067;0;10;0;0.0;2.0;3.0;2.0;B01
39537;201300026068;0;7;0;8.0;4.0;1.0;19.0;A01
39538;201300026068;0;40;20;0.0;2.0;1.0;1.0;B01
39539;201300026069;0;1;0;0.0;2.0;8.0;19.0;B01
39540;201300026069;0;7;0;0.0;2.0;1.0;19.0;A01
39541;201300026071;0;2;0;0.0;0.0;8.0;1.0;A01
39542;201300026072;0;7;0;0.0;2.0;4.0;1.0;B01
39543;201300026072;0;2;0;0.0;2.0;1.0;14.0;A01
39544;201300026073;0;32;0;0.0;2.0;1.0;1.0;A01
39545;201300026073;0;7;0;0.0;2.0;5.0;16.0;B01
39546;201300026074;0;7;0;0.0;2.0;2.0;1.0;B01
39547;201300026074;0;7;0;0.0;2.0;7.0;1.0;C01
39548;201300026074;0;7;0;0.0;0.0;6.0;13.0;A01
39549;201300026075;0;7;0;0.0;2.0;1.0;1.0;A01
39550;201300026075;0;7;0;0.0;0.0;4.0;1.0;B01
39551;201300026076;0;1;0;0.0;2.0;8.0;1.0;A01
39552;201300026076;0;17;0;0.0;2.0;7.0;1.0;B01
39553;201300026077;0;7;0;0.0;2.0;4.0;1.0;A01
39554;201300026077;0;7;0;0.0;2.0;4.0;1.0;B01
39555;201300026078;0;7;0;0.0;2.0;0.0;0.0;A01
39556;201300026078;0;7;0;0.0;2.0;0.0;0.0;B01
39557;201300026079;0;7;0;0.0;2.0;4.0;1.0;B01
39558;201300026079;0;7;0;0.0;0.0;4.0;1.0;A01
39559;201300026080;0;33;0;0.0;0.0;0.0;0.0;A01
39560;201300026081;0;7;0;0.0;0.0;0.0;0.0;C01
39561;201300026081;0;7;0;0.0;0.0;0.0;0.0;A01
39562;201300026081;0;7;0;0.0;0.0;0.0;0.0;D01
39563;201300026081;0;7;0;0.0;0.0;0.0;0.0;B01
39564;201300026082;0;7;0;0.0;0.0;4.0;1.0;B01
39565;201300026082;0;7;0;0.0;2.0;4.0;1.0;A01
39566;201300026083;0;32;0;0.0;0.0;0.0;0.0;A01
39567;201300026083;0;7;0;0.0;0.0;0.0;0.0;B01
39568;201300026084;0;7;0;0.0;0.0;0.0;0.0;A01
39569;201300026084;0;1;0;0.0;0.0;0.0;0.0;B01
39570;201300026086;0;7;0;0.0;2.0;3.0;1.0;B01
39571;201300026086;0;2;0;0.0;2.0;7.0;1.0;A01
39572;201300026087;0;13;0;0.0;0.0;0.0;0.0;A01
39573;201300026088;0;33;0;0.0;2.0;3.0;0.0;B01
39574;201300026088;0;7;0;0.0;2.0;3.0;15.0;A01
39575;201300026089;0;1;0;0.0;2.0;0.0;0.0;B01
39576;201300026089;0;7;0;0.0;2.0;0.0;0.0;A01
39577;201300026090;0;7;0;0.0;1.0;0.0;0.0;A01
39578;201300026092;0;7;0;0.0;1.0;1.0;1.0;A01
39579;201300026093;0;7;0;0.0;1.0;1.0;1.0;A01
39580;201300026094;0;7;0;0.0;2.0;4.0;1.0;C01
39581;201300026094;0;7;0;0.0;2.0;1.0;1.0;A01
39582;201300026094;0;7;0;0.0;2.0;4.0;1.0;B01
39583;201300026095;0;2;0;0.0;0.0;1.0;1.0;A01
39584;201300026096;0;37;12;1.0;0.0;8.0;1.0;A01
39585;201300026097;0;7;0;0.0;2.0;2.0;1.0;A01
39586;201300026097;0;1;0;0.0;2.0;1.0;1.0;B01
39587;201300026098;0;7;0;0.0;2.0;4.0;1.0;B01
39588;201300026098;0;2;0;0.0;2.0;1.0;1.0;A01
39589;201300026099;0;7;0;0.0;2.0;1.0;1.0;A01
39590;201300026099;0;7;0;0.0;2.0;4.0;1.0;B01
39591;201300026100;0;7;0;0.0;1.0;1.0;1.0;A01
39592;201300026101;0;7;0;0.0;2.0;4.0;1.0;B01
39593;201300026101;0;7;0;0.0;2.0;1.0;1.0;A01
39594;201300026101;0;7;0;0.0;2.0;4.0;1.0;C01
39595;201300026102;0;7;0;0.0;2.0;3.0;1.0;A01
39596;201300026102;0;7;0;0.0;2.0;1.0;1.0;B01
39597;201300026103;0;2;0;0.0;0.0;7.0;1.0;A01
39598;201300026104;0;7;0;0.0;1.0;1.0;1.0;A01
39599;201300026105;0;7;0;0.0;2.0;3.0;1.0;B01
39600;201300026105;0;7;0;0.0;2.0;3.0;13.0;A01
39601;201300026106;0;7;0;4.0;0.0;3.0;1.0;A01
39602;201300026107;0;7;0;4.0;0.0;3.0;1.0;A01
39603;201300026108;0;10;0;0.0;2.0;3.0;12.0;A01
39604;201300026108;0;7;0;0.0;2.0;1.0;1.0;B01
39605;201300026111;0;1;0;0.0;2.0;1.0;1.0;A01
39606;201300026111;0;7;0;0.0;2.0;1.0;1.0;B01
39607;201300026112;0;7;0;0.0;2.0;1.0;1.0;B01
39608;201300026112;0;7;0;0.0;2.0;5.0;1.0;A01
39609;201300026113;0;7;0;0.0;2.0;3.0;16.0;B01
39610;201300026113;0;7;0;0.0;2.0;1.0;1.0;A01
39611;201300026114;0;7;0;0.0;0.0;0.0;0.0;A01
39612;201300026114;0;33;0;0.0;0.0;0.0;0.0;B01
39613;201300026115;0;7;0;13.0;0.0;2.0;1.0;A01
39614;201300026116;0;1;0;0.0;2.0;1.0;5.0;A01
39615;201300026116;0;7;0;0.0;2.0;3.0;1.0;B01
39616;201300026117;0;7;0;0.0;0.0;4.0;1.0;B01
39617;201300026117;0;30;0;0.0;2.0;1.0;2.0;A01
39618;201300026118;0;7;0;0.0;2.0;1.0;15.0;A01
39619;201300026118;0;2;0;0.0;2.0;1.0;1.0;B01
39620;201300026119;0;7;0;0.0;2.0;1.0;1.0;A01
39621;201300026119;0;7;0;0.0;2.0;8.0;1.0;B01
39622;201300026121;0;7;0;0.0;1.0;3.0;2.0;A01
39623;201300026122;0;2;0;0.0;0.0;8.0;1.0;A01
39624;201300026123;0;7;0;0.0;2.0;1.0;2.0;A01
39625;201300026123;0;7;0;0.0;2.0;4.0;2.0;B01
39626;201300026124;0;7;0;0.0;1.0;1.0;16.0;A01
39627;201300026125;0;30;0;0.0;2.0;1.0;1.0;A01
39628;201300026125;0;7;0;0.0;2.0;4.0;1.0;B01
39629;201300026126;0;10;0;0.0;2.0;1.0;13.0;A01
39630;201300026126;0;10;0;0.0;2.0;1.0;1.0;B01
39631;201300026128;0;7;0;0.0;2.0;0.0;0.0;A01
39632;201300026128;0;7;0;0.0;2.0;0.0;0.0;B01
39633;201300026129;0;7;0;0.0;2.0;7.0;1.0;B01
39634;201300026129;0;7;0;0.0;2.0;1.0;9.0;A01
39635;201300026130;0;7;0;0.0;2.0;4.0;1.0;B01
39636;201300026130;0;7;0;0.0;2.0;1.0;1.0;A01
39637;201300026132;0;2;0;0.0;0.0;0.0;0.0;A01
39638;201300026133;0;7;0;0.0;2.0;4.0;1.0;A01
39639;201300026133;0;7;0;0.0;0.0;4.0;1.0;B01
39640;201300026134;0;7;0;0.0;1.0;0.0;0.0;A01
39641;201300026135;0;30;0;0.0;0.0;0.0;0.0;A01
39642;201300026136;0;7;0;0.0;0.0;0.0;0.0;A01
39643;201300026136;0;30;0;0.0;0.0;0.0;0.0;B01
39644;201300026137;0;7;0;0.0;2.0;3.0;9.0;A01
39645;201300026137;0;10;0;0.0;2.0;7.0;19.0;B01
39646;201300026138;0;7;0;0.0;2.0;4.0;2.0;C01
39647;201300026138;0;10;0;0.0;2.0;2.0;2.0;A01
39648;201300026138;0;7;0;0.0;2.0;6.0;2.0;B01
39649;201300026139;0;7;0;0.0;2.0;3.0;9.0;A01
39650;201300026139;0;30;0;0.0;2.0;7.0;1.0;B01
39651;201300026140;0;7;0;0.0;2.0;8.0;19.0;A01
39652;201300026140;0;33;0;0.0;2.0;1.0;1.0;B01
39653;201300026141;0;7;0;0.0;2.0;3.0;15.0;B01
39654;201300026141;0;7;0;0.0;2.0;2.0;14.0;A01
39655;201300026142;0;1;0;0.0;2.0;3.0;2.0;B01
39656;201300026142;0;7;0;0.0;2.0;7.0;16.0;A01
39657;201300026143;0;1;0;0.0;0.0;0.0;1.0;A01
39658;201300026145;0;7;0;0.0;2.0;2.0;15.0;B01
39659;201300026145;0;7;0;0.0;2.0;5.0;16.0;A01
39660;201300026146;0;7;0;0.0;1.0;3.0;15.0;A01
39661;201300026147;0;7;0;0.0;2.0;2.0;15.0;B01
39662;201300026147;0;30;0;0.0;2.0;1.0;17.0;A01
39663;201300026148;0;7;0;0.0;2.0;4.0;2.0;D01
39664;201300026148;0;7;0;0.0;2.0;1.0;2.0;A01
39665;201300026148;0;7;0;0.0;2.0;4.0;2.0;B01
39666;201300026148;0;7;0;0.0;2.0;4.0;2.0;C01
39667;201300026149;0;7;0;0.0;2.0;3.0;1.0;A01
39668;201300026149;0;30;0;0.0;2.0;1.0;1.0;B01
39669;201300026150;0;7;0;0.0;2.0;5.0;0.0;A01
39670;201300026150;0;33;0;0.0;2.0;0.0;0.0;B01
39671;201300026151;0;7;0;0.0;2.0;0.0;0.0;A01
39672;201300026151;0;2;0;0.0;2.0;0.0;0.0;B01
39673;201300026152;0;10;0;0.0;1.0;0.0;0.0;A01
39674;201300026153;0;37;1;0.0;1.0;0.0;7.0;A01
39675;201300026154;0;7;0;0.0;6.0;0.0;1.0;A01
39676;201300026155;0;1;0;0.0;0.0;0.0;0.0;A01
39677;201300026156;0;7;0;0.0;0.0;0.0;1.0;A01
39678;201300026157;0;7;0;0.0;2.0;6.0;1.0;B01
39679;201300026157;0;30;0;0.0;2.0;1.0;1.0;A01
39680;201300026158;0;30;0;3.0;0.0;0.0;1.0;A01
39681;201300026159;0;20;0;0.0;2.0;1.0;2.0;A01
39682;201300026159;0;7;0;0.0;2.0;4.0;2.0;C01
39683;201300026159;0;1;0;0.0;2.0;4.0;1.0;B01
39684;201300026160;0;7;0;0.0;2.0;7.0;1.0;B01
39685;201300026160;0;1;0;0.0;2.0;1.0;19.0;A01
39686;201300026161;0;2;0;8.0;0.0;0.0;0.0;A01
39687;201300026162;0;7;0;0.0;1.0;1.0;16.0;A01
39688;201300026163;0;2;0;8.0;0.0;7.0;14.0;A01
39689;201300026164;0;2;0;0.0;0.0;8.0;1.0;A01
39690;201300026165;0;7;0;0.0;1.0;1.0;17.0;A01
39691;201300026166;0;31;0;0.0;0.0;1.0;0.0;A01
39692;201300026167;0;37;10;0.0;1.0;2.0;2.0;A01
39693;201300026168;0;1;0;0.0;2.0;1.0;2.0;B01
39694;201300026168;0;7;0;0.0;0.0;3.0;9.0;A01
39695;201300026169;0;33;0;0.0;2.0;3.0;21.0;A01
39696;201300026169;0;15;0;0.0;2.0;5.0;23.0;B01
39697;201300026170;0;30;0;11.0;0.0;8.0;1.0;A01
39698;201300026171;0;32;0;11.0;0.0;3.0;1.0;A01
39699;201300026172;0;1;0;0.0;0.0;0.0;21.0;A01
39700;201300026172;0;1;0;0.0;0.0;0.0;5.0;B01
39701;201300026173;0;7;0;3.0;2.0;4.0;1.0;B01
39702;201300026173;0;10;0;3.0;2.0;1.0;1.0;A01
39703;201300026174;0;7;0;0.0;1.0;3.0;2.0;A01
39704;201300026175;0;7;0;0.0;1.0;7.0;21.0;A01
39705;201300026176;0;30;0;0.0;1.0;1.0;1.0;A01
39706;201300026177;0;7;0;0.0;2.0;5.0;19.0;A01
39707;201300026177;0;30;0;0.0;2.0;1.0;1.0;B01
39708;201300026178;0;7;0;0.0;0.0;9.0;1.0;A01
39709;201300026179;0;36;0;0.0;2.0;1.0;1.0;A01
39710;201300026179;0;7;0;0.0;2.0;8.0;1.0;B01
39711;201300026180;0;7;0;0.0;2.0;1.0;15.0;A01
39712;201300026180;0;30;0;0.0;2.0;1.0;1.0;B01
39713;201300026181;0;1;0;0.0;2.0;4.0;1.0;B01
39714;201300026181;1;7;0;0.0;2.0;2.0;1.0;Z01
39715;201300026182;0;17;0;0.0;2.0;7.0;16.0;A01
39716;201300026182;0;33;0;0.0;2.0;8.0;23.0;B01
39717;201300026183;0;1;0;0.0;2.0;3.0;3.0;B01
39718;201300026183;0;10;0;0.0;2.0;2.0;22.0;A01
39719;201300026183;0;7;0;0.0;2.0;3.0;1.0;C01
39720;201300026184;0;7;0;0.0;2.0;1.0;19.0;A01
39721;201300026184;0;7;0;0.0;2.0;8.0;23.0;B01
39722;201300026184;0;7;0;0.0;2.0;3.0;23.0;C01
39723;201300026185;1;33;0;1.0;0.0;1.0;6.0;A01
39724;201300026187;0;7;0;0.0;1.0;1.0;1.0;A01
39725;201300026188;0;7;0;0.0;1.0;1.0;1.0;A01
39726;201300026189;0;7;0;0.0;2.0;3.0;9.0;A01
39727;201300026189;0;30;0;0.0;2.0;1.0;7.0;B01
39728;201300026190;0;30;0;0.0;0.0;7.0;14.0;A01
39729;201300026191;0;7;0;0.0;2.0;3.0;1.0;B01
39730;201300026191;0;7;0;0.0;2.0;2.0;15.0;A01
39731;201300026192;1;7;0;0.0;2.0;7.0;1.0;A01
39732;201300026192;0;1;0;0.0;2.0;8.0;1.0;B01
39733;201300026193;0;1;0;0.0;2.0;1.0;1.0;B01
39734;201300026193;0;7;0;0.0;2.0;7.0;1.0;A01
39735;201300026194;0;1;0;0.0;0.0;1.0;1.0;A01
39736;201300026195;0;7;0;0.0;2.0;8.0;15.0;A01
39737;201300026195;0;33;0;0.0;2.0;1.0;17.0;B01
39738;201300026196;0;33;0;0.0;2.0;1.0;1.0;B01
39739;201300026196;0;7;0;0.0;2.0;7.0;15.0;A01
39740;201300026198;0;7;0;0.0;2.0;8.0;15.0;A01
39741;201300026198;0;33;0;0.0;2.0;0.0;1.0;B01
39742;201300026200;0;7;0;0.0;2.0;2.0;22.0;A01
39743;201300026200;0;1;0;0.0;2.0;1.0;1.0;B01
39744;201300026201;0;30;0;0.0;0.0;1.0;1.0;A01
39745;201300026202;0;7;0;0.0;1.0;5.0;14.0;A01
39746;201300026203;0;7;0;0.0;0.0;0.0;13.0;A01
39747;201300026203;0;7;0;4.0;0.0;3.0;21.0;B01
39748;201300026204;0;7;0;8.0;0.0;1.0;0.0;A01
39749;201300026206;0;7;0;0.0;2.0;8.0;16.0;B01
39750;201300026206;0;7;0;0.0;2.0;2.0;21.0;A01
39751;201300026207;0;7;0;0.0;1.0;2.0;2.0;A01
39752;201300026208;0;7;0;0.0;1.0;1.0;0.0;A01
39753;201300026209;0;1;0;0.0;0.0;0.0;0.0;A01
39754;201300026209;0;7;0;0.0;9.0;1.0;0.0;B01
39755;201300026210;0;7;0;0.0;2.0;3.0;15.0;A01
39756;201300026210;0;33;0;0.0;2.0;7.0;17.0;B01
39757;201300026211;0;7;0;7.0;0.0;5.0;1.0;B01
39758;201300026211;1;10;0;0.0;2.0;5.0;9.0;A01
39759;201300026212;0;7;0;0.0;1.0;0.0;0.0;A01
39760;201300026213;0;7;0;0.0;1.0;1.0;0.0;A01
39761;201300026214;0;1;0;0.0;2.0;1.0;1.0;B01
39762;201300026214;0;13;0;0.0;9.0;5.0;1.0;A01
39763;201300026215;0;7;0;0.0;0.0;3.0;5.0;A01
39764;201300026215;0;7;0;12.0;2.0;3.0;5.0;B01
39765;201300026216;0;7;0;0.0;2.0;2.0;9.0;A01
39766;201300026216;0;33;0;0.0;2.0;7.0;1.0;B01
39767;201300026217;0;7;0;13.0;0.0;1.0;1.0;A01
39768;201300026218;0;7;0;0.0;2.0;3.0;15.0;A01
39769;201300026218;0;2;0;0.0;0.0;8.0;1.0;B01
39770;201300026219;0;7;0;0.0;2.0;2.0;19.0;A01
39771;201300026219;0;33;0;0.0;2.0;5.0;1.0;B01
39772;201300026220;0;7;0;0.0;1.0;1.0;1.0;A01
39773;201300026221;0;7;0;0.0;2.0;1.0;2.0;A01
39774;201300026221;0;7;0;0.0;0.0;0.0;1.0;B01
39775;201300026222;0;7;0;0.0;2.0;1.0;1.0;A01
39776;201300026222;0;7;0;0.0;0.0;4.0;1.0;B01
39777;201300026223;0;33;0;0.0;1.0;1.0;1.0;A01
39778;201300026224;1;7;0;0.0;1.0;3.0;1.0;Z01
39779;201300026225;0;7;0;0.0;1.0;2.0;1.0;A01
39780;201300026226;0;7;0;0.0;1.0;1.0;15.0;A01
39781;201300026227;0;7;0;0.0;1.0;1.0;1.0;A01
39782;201300026228;0;7;0;0.0;1.0;1.0;1.0;A01