;Num_Acc;senc;catv;occutc;obs;obsm;choc;manv;num_veh
40205;201300026500;0;7;0;0.0;1.0;1.0;17.0;A01
40206;201300026501;0;7;0;0.0;5.0;1.0;2.0;A01
40207;201300026502;0;7;0;0.0;1.0;1.0;2.0;A01
40208;201300026504;0;10;0;0.0;2.0;1.0;13.0;B01
40209;201300026504;0;7;0;0.0;2.0;1.0;13.0;A01
40210;201300026504;0;2;0;14.0;2.0;1.0;1.0;C01
40211;201300026505;0;7;0;0.0;1.0;1.0;1.0;A01
40212;201300026506;0;7;0;0.0;2.0;7.0;23.0;D01
40213;201300026506;0;33;0;0.0;2.0;1.0;1.0;B01
40214;201300026506;0;7;0;0.0;2.0;7.0;23.0;C01
40215;201300026506;0;15;0;0.0;2.0;6.0;11.0;A01
40216;201300026507;0;33;0;0.0;2.0;2.0;1.0;B01
40217;201300026507;0;10;0;0.0;2.0;8.0;11.0;A01
40218;201300026508;0;33;0;0.0;2.0;1.0;2.0;A01
40219;201300026508;0;7;0;0.0;2.0;4.0;1.0;B01
40220;201300026509;0;1;0;0.0;2.0;4.0;21.0;B01
40221;201300026509;0;33;0;0.0;2.0;1.0;2.0;A01
40222;201300026510;1;7;0;0.0;2.0;4.0;15.0;Z01
40223;201300026510;0;33;0;0.0;2.0;2.0;1.0;A01
40224;201300026511;0;7;0;0.0;1.0;7.0;1.0;A01
40225;201300026512;0;31;0;0.0;2.0;8.0;1.0;B01
40226;201300026512;0;7;0;0.0;2.0;3.0;15.0;A01
40227;201300026513;0;7;0;0.0;2.0;2.0;1.0;B01
40228;201300026513;0;7;0;0.0;2.0;3.0;15.0;A01
40229;201300026515;0;7;0;2.0;0.0;7.0;1.0;A01
40230;201300026516;0;7;0;15.0;0.0;1.0;1.0;A01
40231;201300026517;0;10;0;0.0;2.0;2.0;17.0;A01
40232;201300026517;0;7;0;0.0;2.0;3.0;16.0;B01
40233;201300026518;0;7;0;0.0;1.0;1.0;1.0;A01
40234;201300026519;0;7;0;0.0;1.0;2.0;1.0;A01
40235;201300026520;0;30;0;0.0;2.0;1.0;17.0;A01
40236;201300026520;0;7;0;0.0;2.0;8.0;1.0;B01
40237;201300026521;0;7;0;0.0;2.0;1.0;13.0;A01
40238;201300026521;0;7;0;0.0;2.0;1.0;1.0;B01
40239;201300026522;0;7;0;0.0;2.0;1.0;13.0;A01
40240;201300026522;0;7;0;0.0;2.0;1.0;1.0;B01
40241;201300026523;0;7;0;0.0;1.0;2.0;1.0;A01
40242;201300026524;0;7;0;0.0;1.0;3.0;2.0;A01
40243;201300026525;0;7;0;15.0;0.0;1.0;1.0;A01
40244;201300026526;0;7;0;0.0;1.0;2.0;1.0;A01
40245;201300026527;0;7;0;0.0;2.0;1.0;1.0;B01
40246;201300026527;0;15;0;0.0;2.0;5.0;15.0;A01
40247;201300026528;0;15;0;0.0;2.0;1.0;1.0;A01
40248;201300026528;0;15;0;0.0;0.0;6.0;23.0;B01
40249;201300026529;0;7;0;0.0;2.0;4.0;1.0;C01
40250;201300026529;0;7;0;0.0;2.0;1.0;1.0;A01
40251;201300026529;0;7;0;0.0;2.0;4.0;1.0;B01
40252;201300026530;0;7;0;0.0;0.0;1.0;1.0;A01
40253;201300026531;0;7;0;0.0;1.0;1.0;1.0;A01
40254;201300026532;0;7;0;0.0;2.0;8.0;15.0;B01
40255;201300026532;0;7;0;8.0;2.0;1.0;17.0;A01
40256;201300026533;0;7;0;1.0;0.0;1.0;14.0;A01
40257;201300026533;0;15;0;0.0;2.0;6.0;24.0;B01
40258;201300026534;0;7;0;16.0;0.0;7.0;13.0;A01
40259;201300026535;0;20;0;0.0;1.0;1.0;1.0;A01
40260;201300026536;0;7;0;8.0;0.0;1.0;13.0;A01
40261;201300026537;0;7;0;0.0;2.0;1.0;15.0;A01
40262;201300026537;0;7;0;0.0;2.0;3.0;1.0;B01
40263;201300026538;0;7;0;0.0;2.0;3.0;15.0;B01
40264;201300026538;0;2;0;6.0;2.0;1.0;1.0;A01
40265;201300026539;0;7;0;0.0;2.0;7.0;16.0;A01
40266;201300026539;0;1;0;0.0;2.0;4.0;16.0;B01
40267;201300026540;0;10;0;0.0;1.0;3.0;16.0;A01
40268;201300026540;0;7;0;0.0;1.0;3.0;15.0;B01
40269;201300026541;0;7;0;10.0;0.0;2.0;16.0;A01
40270;201300026543;0;2;0;0.0;2.0;4.0;23.0;B01
40271;201300026543;0;7;0;0.0;2.0;2.0;1.0;A01
40272;201300026544;0;10;0;6.0;2.0;2.0;1.0;A01
40273;201300026544;0;7;0;0.0;2.0;8.0;1.0;B01
40274;201300026545;0;7;0;6.0;0.0;1.0;13.0;A01
40275;201300026546;0;7;0;0.0;2.0;1.0;1.0;A01
40276;201300026546;0;7;0;0.0;2.0;4.0;23.0;B01
40277;201300026547;0;15;0;0.0;2.0;2.0;1.0;B01
40278;201300026547;0;7;0;0.0;2.0;8.0;1.0;A01
40279;201300026548;0;7;0;0.0;2.0;5.0;1.0;A01
40280;201300026548;0;30;0;0.0;2.0;7.0;1.0;B01
40281;201300026549;0;30;0;0.0;2.0;1.0;1.0;B01
40282;201300026549;0;7;0;0.0;2.0;2.0;16.0;A01
40283;201300026550;0;30;0;7.0;0.0;1.0;16.0;A01
40284;201300026551;0;7;0;0.0;1.0;3.0;16.0;A01
40285;201300026552;0;7;0;0.0;2.0;2.0;15.0;A01
40286;201300026552;0;33;0;0.0;2.0;5.0;1.0;B01
40287;201300026552;0;38;1;0.0;0.0;0.0;24.0;C01
40288;201300026553;0;7;0;13.0;2.0;1.0;1.0;A01
40289;201300026553;0;7;0;0.0;2.0;9.0;1.0;B01
40290;201300026554;0;7;0;12.0;2.0;8.0;13.0;A01
40291;201300026554;0;7;0;0.0;2.0;8.0;1.0;B01
40292;201300026555;0;14;0;0.0;2.0;3.0;1.0;A01
40293;201300026555;0;7;0;0.0;2.0;8.0;15.0;B01
40294;201300026556;0;30;0;12.0;0.0;1.0;14.0;A01
40295;201300026558;0;2;0;0.0;2.0;1.0;1.0;B01
40296;201300026558;0;7;0;0.0;2.0;2.0;15.0;A01
40297;201300026559;1;7;0;0.0;1.0;2.0;5.0;A01
40298;201300026560;1;1;0;0.0;1.0;1.0;1.0;A01
40299;201300026561;0;7;0;13.0;0.0;1.0;0.0;A01
40300;201300026562;0;7;0;6.0;0.0;1.0;1.0;A01
40301;201300026563;0;10;0;0.0;1.0;3.0;1.0;A01
40302;201300026564;0;1;0;0.0;2.0;1.0;0.0;B01
40303;201300026564;0;7;0;0.0;2.0;7.0;16.0;A01
40304;201300026565;0;7;0;0.0;1.0;5.0;16.0;A01
40305;201300026566;0;30;0;0.0;1.0;1.0;0.0;A01
40306;201300026567;0;7;0;0.0;1.0;2.0;0.0;A01
40307;201300026568;0;7;0;0.0;1.0;0.0;0.0;A01
40308;201300026569;0;7;0;0.0;2.0;3.0;23.0;B01
40309;201300026569;0;7;0;0.0;2.0;3.0;1.0;C01
40310;201300026569;0;7;0;0.0;2.0;2.0;21.0;A01
40311;201300026570;0;7;0;0.0;1.0;1.0;1.0;A01
40312;201300026571;0;2;0;0.0;2.0;1.0;0.0;A01
40313;201300026571;0;7;0;0.0;2.0;3.0;15.0;B01
40314;201300026572;0;7;0;0.0;2.0;3.0;0.0;A01
40315;201300026572;0;7;0;0.0;2.0;2.0;0.0;B01
40316;201300026573;0;7;0;1.0;2.0;6.0;0.0;B01
40317;201300026573;1;99;0;0.0;0.0;0.0;0.0;A01
40318;201300026574;0;7;0;0.0;2.0;2.0;17.0;A01
40319;201300026574;0;7;0;0.0;2.0;3.0;15.0;B01
40320;201300026575;0;7;0;0.0;2.0;8.0;15.0;A01
40321;201300026575;0;31;0;0.0;2.0;7.0;0.0;B01
40322;201300026576;0;1;0;0.0;2.0;1.0;1.0;B01
40323;201300026576;0;7;0;0.0;2.0;1.0;15.0;A01
40324;201300026578;0;33;0;15.0;0.0;1.0;0.0;A01
40325;201300026579;0;7;0;0.0;2.0;2.0;15.0;A01
40326;201300026579;0;2;0;0.0;2.0;8.0;1.0;B01
40327;201300026580;0;7;0;0.0;1.0;1.0;0.0;A01
40328;201300026581;0;7;0;0.0;2.0;1.0;1.0;A01
40329;201300026581;0;7;0;0.0;2.0;3.0;15.0;B01
40330;201300026582;0;33;0;0.0;2.0;1.0;17.0;B01
40331;201300026582;0;7;0;0.0;2.0;8.0;15.0;C01
40332;201300026582;0;33;0;0.0;2.0;1.0;17.0;A01
40333;201300026583;0;7;0;0.0;2.0;1.0;0.0;B01
40334;201300026583;0;7;0;0.0;2.0;1.0;13.0;A01
40335;201300026584;0;33;0;0.0;2.0;1.0;0.0;B01
40336;201300026584;0;7;0;0.0;2.0;7.0;9.0;A01
40337;201300026585;0;7;0;0.0;2.0;1.0;17.0;A01
40338;201300026585;0;7;0;0.0;2.0;1.0;0.0;B01
40339;201300026586;0;30;0;0.0;2.0;8.0;0.0;B01
40340;201300026586;1;99;0;0.0;2.0;7.0;17.0;A01
40341;201300026587;0;7;0;0.0;1.0;7.0;0.0;A01
40342;201300026588;0;7;0;0.0;2.0;8.0;9.0;A01
40343;201300026588;0;33;0;0.0;2.0;1.0;1.0;B01
40344;201300026589;0;7;0;0.0;1.0;3.0;1.0;A01
40345;201300026590;0;7;0;0.0;1.0;2.0;1.0;A01
40346;201300026591;0;7;0;0.0;2.0;1.0;15.0;A01
40347;201300026591;0;7;0;0.0;2.0;1.0;0.0;B01
40348;201300026592;0;1;0;0.0;2.0;1.0;1.0;B01
40349;201300026592;0;7;0;0.0;2.0;6.0;15.0;A01
40350;201300026593;0;7;0;0.0;1.0;6.0;1.0;A01
40351;201300026594;0;30;0;0.0;2.0;1.0;1.0;B01
40352;201300026594;0;7;0;0.0;2.0;3.0;17.0;A01
40353;201300026595;0;7;0;2.0;0.0;1.0;0.0;A01
40354;201300026596;0;2;0;0.0;0.0;8.0;15.0;B01
40355;201300026596;0;30;0;0.0;2.0;1.0;2.0;A01
40356;201300026597;1;99;0;0.0;2.0;2.0;17.0;Z01
40357;201300026597;0;2;0;0.0;2.0;8.0;1.0;A01
40358;201300026598;0;7;0;0.0;1.0;1.0;1.0;A01
40359;201300026598;0;7;0;0.0;2.0;2.0;1.0;B01
40360;201300026599;0;7;0;0.0;1.0;1.0;1.0;A01
40361;201300026600;1;99;0;0.0;1.0;1.0;1.0;Z01
40362;201300026602;0;7;0;0.0;1.0;0.0;15.0;A01
40363;201300026603;1;99;0;0.0;2.0;3.0;9.0;Z01
40364;201300026603;0;2;0;0.0;2.0;7.0;1.0;A01
40365;201300026604;0;7;0;0.0;1.0;2.0;1.0;A01
40366;201300026605;0;7;0;0.0;2.0;8.0;1.0;B01
40367;201300026605;0;7;0;0.0;2.0;2.0;9.0;A01
40368;201300026607;0;7;0;0.0;2.0;1.0;1.0;A01
40369;201300026607;0;7;0;0.0;0.0;4.0;23.0;B01
40370;201300026608;0;7;0;0.0;2.0;1.0;15.0;A01
40371;201300026608;0;7;0;0.0;2.0;8.0;1.0;B01
40372;201300026609;0;2;0;0.0;2.0;2.0;1.0;B01
40373;201300026609;0;7;0;0.0;2.0;0.0;9.0;A01
40374;201300026611;0;7;0;1.0;1.0;3.0;1.0;A01
40375;201300026612;0;7;0;0.0;2.0;1.0;2.0;A01
40376;201300026612;0;7;0;0.0;2.0;4.0;23.0;B01
40377;201300026613;0;10;0;0.0;1.0;4.0;4.0;A01
40378;201300026614;0;34;0;0.0;2.0;1.0;13.0;A01
40379;201300026614;0;7;0;0.0;2.0;1.0;1.0;B01
40380;201300026615;0;7;0;0.0;2.0;0.0;15.0;A01
40381;201300026615;0;1;0;0.0;2.0;7.0;1.0;B01
40382;201300026616;0;14;0;0.0;2.0;3.0;23.0;B01
40383;201300026616;0;7;0;6.0;2.0;3.0;16.0;A01
40384;201300026617;0;2;0;0.0;2.0;3.0;9.0;A01
40385;201300026617;0;7;0;0.0;2.0;5.0;1.0;B01
40386;201300026618;0;30;0;0.0;2.0;7.0;1.0;B01
40387;201300026618;0;7;0;0.0;2.0;2.0;6.0;A01
40388;201300026619;0;7;0;0.0;2.0;2.0;2.0;A01
40389;201300026619;0;7;0;0.0;2.0;6.0;23.0;B01
40390;201300026620;0;7;0;0.0;2.0;1.0;15.0;A01
40391;201300026620;0;7;0;0.0;2.0;3.0;1.0;B01
40392;201300026621;0;7;0;0.0;2.0;8.0;17.0;A01
40393;201300026621;0;2;0;0.0;2.0;8.0;1.0;B01
40394;201300026622;0;1;0;0.0;2.0;0.0;1.0;B01
40395;201300026622;0;7;0;0.0;2.0;0.0;22.0;A01
40396;201300026623;0;7;0;2.0;0.0;1.0;1.0;A01
40397;201300026625;0;7;0;0.0;1.0;2.0;1.0;A01
40398;201300026627;0;7;0;0.0;2.0;4.0;23.0;B01
40399;201300026627;0;2;0;0.0;2.0;1.0;2.0;A01
40400;201300026628;0;7;0;0.0;2.0;1.0;2.0;A01
40401;201300026628;0;7;0;0.0;2.0;4.0;23.0;B01
40402;201300026629;0;1;0;0.0;2.0;7.0;1.0;B01
40403;201300026629;0;7;0;0.0;2.0;0.0;16.0;A01
40404;201300026631;0;7;0;0.0;1.0;1.0;9.0;A01
40405;201300026632;0;2;0;0.0;2.0;1.0;1.0;B01
40406;201300026632;0;7;0;0.0;2.0;1.0;19.0;A01
40407;201300026633;0;7;0;0.0;2.0;5.0;13.0;A01
40408;201300026633;0;2;0;0.0;2.0;0.0;1.0;B01
40409;201300026634;0;7;0;0.0;2.0;2.0;20.0;A01
40410;201300026634;0;2;0;0.0;2.0;1.0;1.0;B01
40411;201300026635;0;7;0;0.0;2.0;2.0;15.0;A01
40412;201300026635;0;7;0;0.0;2.0;5.0;1.0;B01
40413;201300026636;0;7;0;0.0;2.0;8.0;1.0;A01
40414;201300026636;0;7;0;0.0;2.0;8.0;1.0;B01
40415;201300026637;0;7;0;1.0;0.0;9.0;1.0;A01
40416;201300026638;0;7;0;6.0;0.0;1.0;1.0;A01
40417;201300026639;0;2;0;6.0;0.0;0.0;1.0;A01
40418;201300026640;0;2;0;0.0;2.0;7.0;1.0;B01
40419;201300026640;0;7;0;0.0;2.0;3.0;9.0;A01
40420;201300026641;0;7;0;0.0;2.0;8.0;1.0;B01
40421;201300026641;0;2;0;0.0;2.0;8.0;15.0;A01
40422;201300026642;0;7;0;0.0;2.0;1.0;2.0;A01
40423;201300026642;0;7;0;0.0;2.0;4.0;23.0;B01
40424;201300026643;0;7;0;0.0;2.0;1.0;16.0;A01
40425;201300026643;0;7;0;0.0;2.0;2.0;1.0;B01
40426;201300026644;0;7;0;0.0;2.0;4.0;23.0;B01
40427;201300026644;0;7;0;0.0;2.0;1.0;2.0;A01
40428;201300026645;0;7;0;0.0;2.0;1.0;15.0;B01
40429;201300026645;0;7;0;0.0;2.0;3.0;1.0;A01
40430;201300026646;0;7;0;0.0;2.0;1.0;1.0;B01
40431;201300026646;0;7;0;0.0;2.0;3.0;19.0;A01
40432;201300026647;0;7;0;0.0;2.0;8.0;19.0;A01
40433;201300026647;0;7;0;0.0;2.0;1.0;1.0;B01
40434;201300026648;0;2;0;11.0;0.0;1.0;1.0;A01
40435;201300026649;0;7;0;0.0;2.0;1.0;5.0;B01
40436;201300026649;0;7;0;0.0;2.0;2.0;1.0;A01
40437;201300026650;0;7;0;0.0;2.0;4.0;23.0;B01
40438;201300026650;0;7;0;0.0;2.0;1.0;2.0;A01
40439;201300026651;0;31;0;11.0;0.0;1.0;1.0;A01
40440;201300026652;0;7;0;0.0;2.0;3.0;1.0;B01
40441;201300026652;0;7;0;0.0;2.0;2.0;6.0;A01
40442;201300026653;0;10;0;0.0;2.0;2.0;17.0;A01
40443;201300026653;0;2;0;0.0;2.0;1.0;13.0;B01
40444;201300026654;0;7;0;0.0;2.0;1.0;1.0;B01
40445;201300026654;0;7;0;0.0;2.0;2.0;1.0;A01
40446;201300026655;0;33;0;0.0;1.0;8.0;1.0;A01
40447;201300026656;0;14;0;0.0;2.0;3.0;1.0;B01
40448;201300026656;0;7;0;0.0;2.0;1.0;15.0;A01
40449;201300026657;0;7;0;0.0;2.0;3.0;13.0;A01
40450;201300026657;0;7;0;0.0;2.0;3.0;1.0;B01
40451;201300026658;0;7;0;0.0;2.0;4.0;16.0;B01
40452;201300026658;0;2;0;0.0;2.0;1.0;2.0;A01
40453;201300026659;0;7;0;0.0;2.0;8.0;16.0;A01
40454;201300026659;0;1;0;0.0;2.0;8.0;1.0;B01
40455;201300026660;0;7;0;0.0;1.0;4.0;20.0;A01
40456;201300026661;0;31;0;0.0;2.0;1.0;1.0;B01
40457;201300026661;0;7;0;0.0;2.0;7.0;15.0;A01
40458;201300026662;0;7;0;7.0;0.0;1.0;16.0;A01
40459;201300026663;0;33;0;0.0;0.0;8.0;1.0;A01
40460;201300026664;0;7;0;0.0;2.0;3.0;1.0;B01
40461;201300026664;0;7;0;0.0;2.0;1.0;1.0;A01
40462;201300026665;0;7;0;0.0;2.0;3.0;1.0;B01
40463;201300026665;0;7;0;0.0;2.0;3.0;4.0;A01
40464;201300026666;0;33;0;0.0;1.0;8.0;1.0;A01
40465;201300026667;0;2;0;0.0;2.0;1.0;1.0;A01
40466;201300026667;0;7;0;0.0;2.0;6.0;1.0;B01
40467;201300026668;0;7;0;0.0;2.0;4.0;15.0;B01
40468;201300026668;0;31;0;0.0;2.0;1.0;1.0;A01
40469;201300026670;0;7;0;0.0;2.0;1.0;1.0;A01
40470;201300026670;0;7;0;0.0;2.0;4.0;23.0;B01
40471;201300026672;0;1;0;0.0;1.0;1.0;1.0;A01
40472;201300026674;0;7;0;0.0;2.0;1.0;1.0;A01
40473;201300026674;0;7;0;0.0;2.0;4.0;23.0;B01
40474;201300026675;0;31;0;0.0;2.0;1.0;1.0;A01
40475;201300026675;0;7;0;0.0;2.0;6.0;23.0;B01
40476;201300026676;0;2;0;0.0;2.0;1.0;1.0;A01
40477;201300026676;0;7;0;0.0;2.0;4.0;15.0;B01
40478;201300026677;0;7;0;0.0;2.0;1.0;1.0;B01
40479;201300026677;0;7;0;0.0;2.0;8.0;1.0;A01
40480;201300026678;0;7;0;0.0;1.0;1.0;1.0;A01
40481;201300026679;0;33;0;0.0;2.0;1.0;1.0;B01
40482;201300026679;0;7;0;0.0;2.0;1.0;15.0;A01
40483;201300026680;0;1;0;0.0;2.0;4.0;15.0;A01
40484;201300026680;0;7;0;0.0;2.0;1.0;1.0;B01
40485;201300026681;0;7;0;0.0;2.0;3.0;15.0;A01
40486;201300026681;0;2;0;0.0;2.0;1.0;1.0;B01
40487;201300026682;0;7;0;0.0;2.0;3.0;1.0;B01
40488;201300026682;0;7;0;0.0;2.0;2.0;15.0;A01
40489;201300026683;0;2;0;0.0;2.0;1.0;1.0;B01
40490;201300026683;0;7;0;0.0;2.0;8.0;9.0;A01
40491;201300026684;0;2;0;0.0;0.0;0.0;1.0;A01
40492;201300026685;0;7;0;0.0;2.0;4.0;1.0;B01
40493;201300026685;0;7;0;0.0;2.0;8.0;1.0;C01
40494;201300026685;0;2;0;0.0;2.0;1.0;1.0;A01
40495;201300026687;0;7;0;0.0;2.0;4.0;23.0;B01
40496;201300026687;0;7;0;0.0;2.0;1.0;1.0;A01
40497;201300026688;0;7;0;1.0;0.0;3.0;1.0;A01
40498;201300026689;0;1;0;0.0;2.0;0.0;15.0;B01
40499;201300026689;0;7;0;0.0;2.0;5.0;1.0;A01
40500;201300026690;0;7;0;0.0;2.0;2.0;15.0;A01
40501;201300026690;0;2;0;0.0;2.0;1.0;1.0;B01
40502;201300026691;0;7;0;0.0;2.0;2.0;1.0;A01
40503;201300026691;0;7;0;0.0;2.0;1.0;15.0;B01
40504;201300026692;0;1;0;0.0;2.0;8.0;19.0;A01
40505;201300026692;1;99;0;0.0;2.0;1.0;0.0;Z01
40506;201300026693;0;2;0;0.0;0.0;8.0;0.0;A01
40507;201300026695;0;7;0;1.0;0.0;3.0;1.0;A01
40508;201300026695;0;2;0;0.0;2.0;1.0;1.0;B01
40509;201300026696;0;10;0;0.0;2.0;1.0;1.0;B01
40510;201300026696;0;7;0;0.0;2.0;1.0;13.0;A01
40511;201300026697;0;7;0;0.0;2.0;4.0;23.0;B01
40512;201300026697;0;7;0;0.0;2.0;1.0;2.0;A01
40513;201300026697;0;7;0;0.0;2.0;4.0;23.0;C01
40514;201300026698;0;7;0;0.0;2.0;1.0;9.0;A01
40515;201300026698;0;1;0;0.0;2.0;7.0;1.0;B01
40516;201300026699;0;10;0;0.0;2.0;4.0;9.0;B01
40517;201300026699;0;33;0;0.0;2.0;8.0;9.0;A01
40518;201300026700;0;7;0;0.0;2.0;4.0;2.0;C01
40519;201300026700;0;7;0;0.0;2.0;4.0;2.0;B01
40520;201300026700;0;7;0;0.0;2.0;1.0;2.0;A01
40521;201300026701;0;33;0;0.0;2.0;1.0;1.0;A01
40522;201300026701;0;7;0;0.0;2.0;3.0;15.0;B01
40523;201300026702;0;7;0;0.0;2.0;1.0;10.0;A01
40524;201300026702;0;33;0;0.0;2.0;1.0;1.0;B01
40525;201300026703;0;7;0;0.0;2.0;8.0;19.0;B01
40526;201300026703;0;10;0;0.0;2.0;2.0;1.0;A01
40527;201300026704;0;7;0;0.0;4.0;9.0;19.0;A01
40528;201300026704;0;39;0;0.0;2.0;1.0;1.0;B01
40529;201300026706;0;2;0;0.0;2.0;7.0;1.0;B01
40530;201300026706;0;7;0;0.0;2.0;7.0;15.0;A01
40531;201300026708;0;2;0;0.0;2.0;1.0;1.0;A01
40532;201300026708;0;7;0;0.0;2.0;8.0;15.0;B01
40533;201300026710;0;7;0;2.0;0.0;1.0;1.0;A01
40534;201300026711;0;2;0;0.0;0.0;1.0;16.0;A01
40535;201300026712;0;1;0;0.0;2.0;1.0;15.0;B01
40536;201300026712;0;7;0;0.0;2.0;7.0;15.0;A01
40537;201300026713;0;33;0;0.0;2.0;1.0;1.0;B01
40538;201300026713;0;7;0;0.0;2.0;3.0;15.0;A01
40539;201300026714;0;7;0;0.0;1.0;8.0;15.0;A01
40540;201300026715;0;7;0;0.0;2.0;4.0;1.0;B01
40541;201300026715;0;33;0;0.0;2.0;1.0;2.0;A01
40542;201300026716;0;7;0;0.0;2.0;1.0;1.0;B01
40543;201300026716;0;7;0;0.0;2.0;3.0;1.0;A01
40544;201300026717;0;2;0;0.0;2.0;1.0;1.0;B01
40545;201300026717;0;7;0;0.0;2.0;3.0;9.0;A01
40546;201300026719;0;2;0;0.0;2.0;8.0;1.0;A01
40547;201300026719;0;10;0;0.0;2.0;6.0;15.0;B01
40548;201300026720;0;7;0;1.0;0.0;1.0;1.0;A01
40549;201300026721;0;7;0;0.0;2.0;2.0;15.0;A01
40550;201300026721;0;33;0;0.0;2.0;1.0;1.0;B01
40551;201300026722;0;7;0;13.0;0.0;1.0;1.0;A01
40552;201300026724;0;7;0;0.0;2.0;4.0;2.0;C01
40553;201300026724;0;7;0;0.0;2.0;4.0;2.0;B01
40554;201300026724;0;7;0;0.0;2.0;1.0;1.0;A01
40555;201300026725;0;7;0;0.0;2.0;1.0;1.0;A01
40556;201300026725;0;7;0;0.0;2.0;4.0;2.0;B01
40557;201300026726;0;7;0;0.0;2.0;1.0;1.0;A01
40558;201300026726;0;15;0;0.0;2.0;4.0;1.0;B01
40559;201300026727;0;7;0;0.0;2.0;3.0;22.0;A01
40560;201300026727;0;1;0;1.0;0.0;1.0;1.0;B01
40561;201300026729;0;7;0;0.0;2.0;1.0;1.0;A01
40562;201300026729;0;7;0;0.0;2.0;3.0;5.0;B01
40563;201300026730;0;7;0;0.0;1.0;2.0;1.0;A01
40564;201300026731;0;7;0;16.0;0.0;9.0;16.0;A01
40565;201300026732;0;7;0;0.0;2.0;7.0;1.0;B01
40566;201300026732;0;7;0;0.0;2.0;2.0;16.0;A01
40567;201300026733;0;7;0;0.0;2.0;7.0;1.0;B01
40568;201300026733;0;21;0;0.0;2.0;3.0;16.0;A01
40569;201300026734;0;7;0;0.0;1.0;8.0;0.0;A01
40570;201300026735;0;33;0;0.0;2.0;1.0;1.0;A01
40571;201300026735;0;10;0;0.0;2.0;3.0;1.0;B01
40572;201300026736;0;7;0;3.0;0.0;1.0;1.0;A01
40573;201300026737;0;7;0;0.0;2.0;1.0;2.0;C01
40574;201300026737;0;7;0;0.0;0.0;4.0;2.0;B01
40575;201300026737;0;7;0;0.0;0.0;4.0;1.0;A01
40576;201300026738;0;2;0;0.0;2.0;1.0;2.0;B01
40577;201300026738;0;7;0;0.0;2.0;8.0;15.0;A01
40578;201300026739;0;7;0;0.0;1.0;3.0;9.0;A01
40579;201300026740;0;3;0;0.0;2.0;8.0;15.0;B01
40580;201300026740;0;7;0;0.0;2.0;3.0;1.0;A01
40581;201300026741;0;32;0;0.0;2.0;1.0;1.0;B01
40582;201300026741;0;7;0;0.0;2.0;2.0;15.0;A01
40583;201300026742;0;7;0;0.0;1.0;8.0;1.0;A01
40584;201300026743;0;7;0;0.0;2.0;2.0;11.0;B01
40585;201300026743;0;7;0;0.0;2.0;6.0;16.0;C01
40586;201300026743;0;7;0;9.0;2.0;2.0;11.0;A01
40587;201300026744;0;7;0;0.0;2.0;1.0;2.0;C01
40588;201300026744;0;7;0;0.0;2.0;4.0;1.0;B01
40589;201300026744;0;7;0;0.0;2.0;4.0;1.0;A01
40590;201300026745;0;7;0;0.0;2.0;1.0;1.0;B01
40591;201300026745;0;7;0;0.0;2.0;1.0;15.0;A01
40592;201300026746;0;7;0;0.0;2.0;1.0;2.0;B01
40593;201300026746;0;7;0;0.0;2.0;4.0;2.0;A01
40594;201300026747;0;7;0;0.0;1.0;1.0;1.0;A01
40595;201300026748;0;7;0;0.0;2.0;2.0;9.0;B01
40596;201300026748;0;33;0;0.0;2.0;1.0;17.0;A01
40597;201300026749;0;7;0;0.0;2.0;6.0;1.0;B01
40598;201300026749;0;7;0;0.0;2.0;2.0;1.0;A01
40599;201300026750;0;30;0;0.0;2.0;4.0;2.0;B01
40600;201300026750;0;7;0;1.0;2.0;1.0;2.0;A01
40601;201300026751;0;7;0;13.0;0.0;1.0;1.0;A01
40602;201300026752;0;7;0;0.0;2.0;1.0;1.0;B01
40603;201300026752;0;37;43;0.0;2.0;3.0;9.0;A01
40604;201300026753;0;7;0;0.0;2.0;3.0;9.0;B01
40605;201300026753;0;1;0;0.0;0.0;7.0;1.0;A01
40606;201300026754;0;7;0;0.0;2.0;8.0;15.0;B01
40607;201300026754;0;10;0;7.0;2.0;1.0;1.0;A01
40608;201300026755;0;7;0;0.0;1.0;2.0;17.0;A01
40609;201300026756;0;7;0;0.0;2.0;3.0;1.0;B01
40610;201300026756;0;7;0;6.0;2.0;4.0;1.0;A01
40611;201300026757;0;7;0;15.0;0.0;1.0;19.0;A01
40612;201300026760;0;7;0;0.0;1.0;3.0;1.0;A01
40613;201300026761;0;7;0;0.0;2.0;3.0;9.0;A01
40614;201300026761;0;1;0;0.0;2.0;1.0;0.0;B01
40615;201300026762;0;10;0;1.0;1.0;7.0;1.0;A01
40616;201300026763;0;7;0;0.0;2.0;3.0;13.0;A01
40617;201300026763;0;7;0;0.0;2.0;3.0;1.0;B01
40618;201300026764;0;10;0;0.0;2.0;2.0;1.0;A01
40619;201300026764;0;7;0;0.0;2.0;3.0;15.0;B01
40620;201300026766;0;7;0;0.0;2.0;1.0;2.0;A01
40621;201300026766;0;7;0;0.0;0.0;4.0;2.0;B01
40622;201300026767;0;7;0;0.0;2.0;2.0;1.0;B01
40623;201300026767;0;7;0;0.0;0.0;3.0;9.0;A01
40624;201300026768;0;7;0;0.0;1.0;3.0;1.0;A01
40625;201300026769;0;7;0;0.0;1.0;2.0;17.0;A01