;Num_Acc;senc;catv;occutc;obs;obsm;choc;manv;num_veh
41470;201300027357;0;7;0;0.0;2.0;1.0;1.0;A01
41471;201300027357;0;33;0;0.0;2.0;4.0;1.0;B01
41472;201300027358;0;7;0;0.0;1.0;2.0;1.0;A01
41473;201300027359;0;2;0;1.0;0.0;1.0;14.0;A01
41474;201300027360;0;38;21;0.0;1.0;1.0;1.0;A01
41475;201300027361;0;7;0;8.0;0.0;1.0;1.0;A01
41476;201300027362;0;16;0;0.0;2.0;3.0;1.0;A01
41477;201300027362;0;31;0;0.0;2.0;1.0;17.0;B01
41478;201300027363;0;2;0;0.0;2.0;1.0;12.0;B01
41479;201300027363;0;7;0;0.0;2.0;6.0;1.0;A01
41480;201300027364;0;7;0;0.0;2.0;6.0;1.0;B01
41481;201300027364;0;7;0;0.0;2.0;1.0;1.0;A01
41482;201300027365;0;7;0;0.0;2.0;6.0;1.0;B01
41483;201300027365;0;7;0;0.0;2.0;1.0;1.0;A01
41484;201300027366;0;7;0;0.0;2.0;1.0;1.0;A01
41485;201300027366;0;7;0;0.0;2.0;1.0;15.0;B01
41486;201300027367;0;7;0;0.0;2.0;3.0;15.0;B01
41487;201300027367;0;7;0;0.0;2.0;1.0;1.0;A01
41488;201300027368;0;2;0;1.0;0.0;1.0;14.0;A01
41489;201300027369;0;7;0;0.0;2.0;3.0;1.0;B01
41490;201300027369;0;7;0;0.0;2.0;2.0;9.0;A01
41491;201300027371;0;37;1;0.0;2.0;1.0;1.0;A01
41492;201300027371;0;7;0;0.0;2.0;4.0;1.0;B01
41493;201300027372;0;7;0;0.0;2.0;4.0;23.0;B01
41494;201300027372;0;7;0;1.0;0.0;1.0;1.0;A01
41495;201300027373;0;7;0;6.0;0.0;1.0;13.0;A01
41496;201300027374;0;7;0;0.0;1.0;1.0;1.0;A01
41497;201300027375;0;7;0;0.0;2.0;1.0;1.0;A01
41498;201300027375;0;2;0;0.0;2.0;1.0;1.0;B01
41499;201300027376;0;7;0;0.0;2.0;4.0;1.0;B01
41500;201300027376;0;7;0;0.0;2.0;1.0;1.0;A01
41501;201300027376;0;7;0;0.0;2.0;4.0;1.0;C01
41502;201300027377;0;7;0;0.0;2.0;4.0;1.0;B01
41503;201300027377;0;7;0;0.0;2.0;1.0;1.0;A01
41504;201300027377;0;7;0;0.0;2.0;1.0;1.0;C01
41505;201300027378;0;10;0;0.0;2.0;5.0;15.0;A01
41506;201300027378;0;33;0;0.0;2.0;1.0;18.0;B01
41507;201300027379;0;10;0;0.0;2.0;4.0;1.0;C01
41508;201300027379;0;7;0;0.0;2.0;4.0;1.0;B01
41509;201300027379;0;7;0;0.0;2.0;1.0;1.0;A01
41510;201300027380;0;30;0;0.0;2.0;1.0;1.0;B01
41511;201300027380;0;7;0;0.0;2.0;1.0;9.0;A01
41512;201300027381;0;7;0;0.0;2.0;3.0;9.0;A01
41513;201300027381;0;2;0;0.0;2.0;7.0;1.0;B01
41514;201300027382;0;2;0;0.0;2.0;1.0;1.0;A01
41515;201300027382;0;7;0;0.0;2.0;4.0;15.0;B01
41516;201300027383;0;1;0;0.0;2.0;1.0;9.0;B01
41517;201300027383;0;7;0;0.0;2.0;2.0;16.0;A01
41518;201300027384;0;7;0;0.0;2.0;1.0;1.0;A01
41519;201300027384;0;7;0;0.0;2.0;8.0;1.0;B01
41520;201300027385;0;7;0;0.0;1.0;1.0;1.0;A01
41521;201300027386;0;7;0;0.0;2.0;1.0;1.0;A01
41522;201300027386;0;7;0;0.0;2.0;4.0;1.0;B01
41523;201300027387;0;10;0;0.0;2.0;4.0;1.0;C01
41524;201300027387;0;7;0;0.0;2.0;3.0;0.0;A01
41525;201300027387;0;10;0;0.0;2.0;4.0;1.0;B01
41526;201300027388;0;7;0;0.0;2.0;4.0;1.0;B01
41527;201300027388;0;7;0;0.0;2.0;1.0;1.0;A01
41528;201300027389;0;7;0;0.0;1.0;1.0;1.0;A01
41529;201300027390;0;7;0;0.0;2.0;1.0;1.0;B01
41530;201300027390;0;7;0;0.0;2.0;2.0;1.0;A01
41531;201300027391;0;7;0;13.0;0.0;3.0;1.0;A01
41532;201300027392;0;7;0;0.0;2.0;8.0;1.0;A01
41533;201300027392;0;31;0;0.0;2.0;1.0;1.0;B01
41534;201300027393;0;31;0;0.0;2.0;1.0;1.0;A01
41535;201300027393;0;7;0;0.0;2.0;7.0;15.0;B01
41536;201300027395;0;7;0;6.0;0.0;9.0;1.0;A01
41537;201300027396;0;15;0;0.0;2.0;5.0;17.0;A01
41538;201300027396;0;30;0;0.0;2.0;3.0;1.0;B01
41539;201300027397;0;7;0;0.0;2.0;1.0;1.0;A01
41540;201300027397;0;10;0;0.0;2.0;3.0;15.0;B01
41541;201300027398;0;30;0;15.0;0.0;1.0;1.0;A01
41542;201300027399;0;30;0;0.0;2.0;1.0;2.0;B01
41543;201300027399;0;7;0;0.0;0.0;5.0;15.0;A01
41544;201300027401;0;7;0;0.0;2.0;1.0;1.0;B01
41545;201300027401;0;7;0;0.0;0.0;4.0;1.0;A01
41546;201300027402;0;7;0;0.0;1.0;8.0;1.0;A01
41547;201300027403;0;7;0;0.0;2.0;6.0;1.0;C01
41548;201300027403;0;7;0;0.0;2.0;4.0;23.0;B01
41549;201300027403;1;7;0;0.0;2.0;1.0;1.0;A01
41550;201300027404;0;7;0;0.0;1.0;3.0;9.0;A01
41551;201300027405;0;7;0;0.0;2.0;1.0;1.0;A01
41552;201300027405;0;7;0;0.0;0.0;4.0;15.0;B01
41553;201300027406;0;13;0;6.0;0.0;1.0;1.0;A01
41554;201300027407;0;7;0;0.0;2.0;3.0;9.0;A01
41555;201300027407;0;2;0;0.0;2.0;7.0;1.0;B01
41556;201300027408;0;30;0;0.0;2.0;2.0;2.0;A01
41557;201300027408;0;7;0;0.0;0.0;6.0;1.0;B01
41558;201300027409;1;7;0;0.0;1.0;1.0;1.0;Z01
41559;201300027410;0;1;0;0.0;2.0;1.0;1.0;B01
41560;201300027410;0;7;0;0.0;2.0;2.0;1.0;A01
41561;201300027411;0;7;0;0.0;1.0;2.0;1.0;A01
41562;201300027412;0;33;0;0.0;2.0;3.0;17.0;A01
41563;201300027412;0;7;0;0.0;2.0;3.0;1.0;B01
41564;201300027413;0;1;0;0.0;2.0;3.0;15.0;B01
41565;201300027413;0;7;0;0.0;2.0;2.0;17.0;A01
41566;201300027414;0;7;0;0.0;1.0;1.0;16.0;A01
41567;201300027415;0;7;0;0.0;2.0;6.0;15.0;A01
41568;201300027415;0;2;0;0.0;2.0;1.0;15.0;B01
41569;201300027416;0;7;0;12.0;0.0;8.0;2.0;A01
41570;201300027416;0;33;0;12.0;2.0;8.0;2.0;B01
41571;201300027417;0;33;0;0.0;2.0;1.0;1.0;B01
41572;201300027417;0;7;0;0.0;2.0;7.0;15.0;A01
41573;201300027418;0;32;0;12.0;0.0;1.0;1.0;A01
41574;201300027419;0;7;0;0.0;0.0;8.0;15.0;B01
41575;201300027419;0;7;0;0.0;2.0;3.0;1.0;A01
41576;201300027420;0;7;0;13.0;2.0;7.0;21.0;A01
41577;201300027420;0;3;0;0.0;0.0;8.0;1.0;B01
41578;201300027421;0;30;0;12.0;0.0;2.0;14.0;A01
41579;201300027422;0;7;0;0.0;0.0;4.0;23.0;B01
41580;201300027422;0;7;0;0.0;2.0;1.0;1.0;A01
41581;201300027423;0;17;0;3.0;2.0;3.0;1.0;B01
41582;201300027423;0;7;0;0.0;2.0;5.0;12.0;A01
41583;201300027424;0;7;0;4.0;0.0;3.0;1.0;A01
41584;201300027425;0;7;0;0.0;1.0;3.0;15.0;A01
41585;201300027426;0;7;0;0.0;2.0;2.0;9.0;A01
41586;201300027426;0;33;0;0.0;2.0;1.0;1.0;B01
41587;201300027427;0;7;0;0.0;2.0;1.0;21.0;A01
41588;201300027427;0;7;0;0.0;2.0;2.0;1.0;B01
41589;201300027428;0;2;0;8.0;0.0;1.0;1.0;A01
41590;201300027429;0;30;0;0.0;1.0;1.0;1.0;A01
41591;201300027430;0;7;0;0.0;2.0;2.0;15.0;B01
41592;201300027430;0;7;0;0.0;2.0;3.0;1.0;A01
41593;201300027431;0;14;0;0.0;2.0;8.0;1.0;B01
41594;201300027431;0;7;0;0.0;2.0;1.0;9.0;A01
41595;201300027432;0;7;0;0.0;2.0;2.0;1.0;B01
41596;201300027432;0;7;0;0.0;2.0;3.0;1.0;A01
41597;201300027433;0;7;0;0.0;2.0;2.0;1.0;B01
41598;201300027433;0;7;0;0.0;2.0;3.0;15.0;A01
41599;201300027434;0;7;0;0.0;1.0;2.0;1.0;A01
41600;201300027435;0;7;0;8.0;0.0;3.0;1.0;A01
41601;201300027436;0;7;0;12.0;0.0;2.0;1.0;A01
41602;201300027437;0;7;0;0.0;2.0;2.0;1.0;A01
41603;201300027437;0;7;0;0.0;2.0;1.0;1.0;B01
41604;201300027438;0;1;0;0.0;2.0;1.0;2.0;B01
41605;201300027438;0;7;0;0.0;0.0;4.0;1.0;A01
41606;201300027439;0;30;0;0.0;2.0;1.0;1.0;B01
41607;201300027439;0;7;0;0.0;2.0;1.0;5.0;A01
41608;201300027440;0;7;0;0.0;0.0;6.0;23.0;B01
41609;201300027440;0;30;0;0.0;2.0;3.0;2.0;A01
41610;201300027441;0;7;0;0.0;0.0;4.0;1.0;B01
41611;201300027441;0;7;0;0.0;2.0;1.0;2.0;A01
41612;201300027442;0;7;0;0.0;2.0;3.0;13.0;A01
41613;201300027442;0;7;0;0.0;2.0;3.0;13.0;B01
41614;201300027443;0;7;0;0.0;1.0;2.0;1.0;A01
41615;201300027444;0;7;0;0.0;0.0;3.0;15.0;B01
41616;201300027444;0;2;0;0.0;2.0;1.0;17.0;A01
41617;201300027445;0;7;0;0.0;0.0;4.0;0.0;C01
41618;201300027445;0;7;0;0.0;2.0;0.0;0.0;B01
41619;201300027445;0;7;0;0.0;2.0;1.0;2.0;A01
41620;201300027446;0;7;0;0.0;1.0;2.0;1.0;A01
41621;201300027447;0;7;0;0.0;2.0;3.0;13.0;B01
41622;201300027447;0;7;0;0.0;2.0;3.0;13.0;A01
41623;201300027448;0;30;0;0.0;2.0;1.0;2.0;A01
41624;201300027448;0;7;0;0.0;0.0;4.0;23.0;B01
41625;201300027449;0;7;0;0.0;0.0;6.0;23.0;B01
41626;201300027449;0;7;0;0.0;2.0;2.0;1.0;A01
41627;201300027449;0;7;0;0.0;0.0;3.0;23.0;C01
41628;201300027450;0;7;0;0.0;9.0;0.0;0.0;A01
41629;201300027450;0;1;0;0.0;2.0;1.0;0.0;B01
41630;201300027451;0;3;0;0.0;1.0;7.0;16.0;A01
41631;201300027452;0;7;0;0.0;2.0;5.0;15.0;B01
41632;201300027452;0;7;0;0.0;2.0;1.0;1.0;A01
41633;201300027452;0;7;0;0.0;2.0;9.0;1.0;C01
41634;201300027453;0;7;0;6.0;0.0;1.0;15.0;A01
41635;201300027454;0;30;0;0.0;2.0;1.0;1.0;B01
41636;201300027454;0;7;0;0.0;2.0;6.0;15.0;A01
41637;201300027455;0;7;0;0.0;0.0;8.0;23.0;C01
41638;201300027455;0;30;0;0.0;2.0;3.0;1.0;A01
41639;201300027455;0;7;0;0.0;2.0;2.0;15.0;B01
41640;201300027456;0;34;0;0.0;2.0;1.0;2.0;A01
41641;201300027456;0;7;0;0.0;0.0;4.0;0.0;B01
41642;201300027457;0;7;0;0.0;2.0;1.0;21.0;A01
41643;201300027457;0;7;0;0.0;0.0;6.0;23.0;C01
41644;201300027457;0;7;0;0.0;2.0;1.0;1.0;B01
41645;201300027458;0;7;0;8.0;0.0;1.0;1.0;A01
41646;201300027459;0;7;0;6.0;0.0;5.0;1.0;A01
41647;201300027460;0;2;0;0.0;2.0;1.0;1.0;A01
41648;201300027460;0;7;0;0.0;2.0;2.0;15.0;B01
41649;201300027461;0;7;0;0.0;1.0;1.0;1.0;A01
41650;201300027462;0;7;0;0.0;1.0;7.0;1.0;A01
41651;201300027463;0;7;0;0.0;2.0;7.0;15.0;A01
41652;201300027463;0;1;0;0.0;2.0;1.0;1.0;B01
41653;201300027465;0;7;0;6.0;0.0;1.0;1.0;A01
41654;201300027467;0;10;0;0.0;2.0;8.0;1.0;A01
41655;201300027467;0;7;0;0.0;2.0;1.0;1.0;B01
41656;201300027468;0;7;0;0.0;1.0;1.0;1.0;A01
41657;201300027469;0;7;0;0.0;2.0;3.0;16.0;A01
41658;201300027469;0;2;0;0.0;2.0;8.0;15.0;B01
41659;201300027470;0;7;0;0.0;2.0;2.0;1.0;A01
41660;201300027470;0;10;0;0.0;2.0;1.0;1.0;B01
41661;201300027471;0;7;0;0.0;2.0;3.0;1.0;A01
41662;201300027471;0;7;0;0.0;0.0;6.0;1.0;B01
41663;201300027471;0;14;0;3.0;2.0;3.0;1.0;C01
41664;201300027473;0;7;0;0.0;2.0;1.0;1.0;B01
41665;201300027473;0;7;0;0.0;2.0;2.0;15.0;A01
41666;201300027475;0;7;0;1.0;1.0;1.0;1.0;A01
41667;201300027476;0;7;0;6.0;2.0;2.0;15.0;A01
41668;201300027476;0;7;0;6.0;2.0;1.0;1.0;B01
41669;201300027477;0;10;0;0.0;2.0;2.0;15.0;A01
41670;201300027477;0;33;0;0.0;2.0;1.0;1.0;B01
41671;201300027478;0;7;0;0.0;1.0;1.0;16.0;A01
41672;201300027479;0;7;0;0.0;1.0;2.0;9.0;A01
41673;201300027480;0;7;0;0.0;1.0;1.0;1.0;A01
41674;201300027481;0;7;0;2.0;0.0;3.0;14.0;A01
41675;201300027482;0;7;0;0.0;2.0;1.0;15.0;A01
41676;201300027482;0;33;0;0.0;2.0;3.0;1.0;B01
41677;201300027483;0;7;0;0.0;2.0;1.0;1.0;B01
41678;201300027483;0;7;0;0.0;2.0;3.0;9.0;A01
41679;201300027484;0;7;0;0.0;1.0;1.0;1.0;A01
41680;201300027485;0;7;0;0.0;2.0;2.0;15.0;A01
41681;201300027485;0;2;0;0.0;2.0;1.0;1.0;B01
41682;201300027486;0;10;0;0.0;2.0;1.0;1.0;A01
41683;201300027486;0;7;0;0.0;2.0;3.0;9.0;B01
41684;201300027487;0;7;0;0.0;1.0;1.0;1.0;A01
41685;201300027488;0;1;0;0.0;0.0;6.0;15.0;A01
41686;201300027488;0;7;0;0.0;2.0;1.0;1.0;B01
41687;201300027489;0;7;0;0.0;2.0;2.0;1.0;A01
41688;201300027489;0;1;0;0.0;2.0;1.0;1.0;B01
41689;201300027490;0;7;0;0.0;2.0;3.0;15.0;B01
41690;201300027490;1;33;0;0.0;2.0;1.0;1.0;A01
41691;201300027491;0;7;0;6.0;0.0;1.0;1.0;A01
41692;201300027492;0;1;0;0.0;2.0;8.0;13.0;A01
41693;201300027492;0;7;0;0.0;2.0;7.0;1.0;B01
41694;201300027493;0;37;15;0.0;1.0;1.0;1.0;B01
41695;201300027494;0;7;0;8.0;0.0;1.0;14.0;A01
41696;201300027496;0;33;0;1.0;0.0;1.0;14.0;A01
41697;201300027498;0;33;0;0.0;2.0;1.0;5.0;A01
41698;201300027498;0;37;6;0.0;2.0;1.0;1.0;B01
41699;201300027499;0;7;0;0.0;2.0;8.0;1.0;B01
41700;201300027499;0;7;0;0.0;2.0;3.0;13.0;A01
41701;201300027500;0;30;0;0.0;2.0;1.0;2.0;A01
41702;201300027500;0;14;0;0.0;0.0;4.0;1.0;B01
41703;201300027501;1;7;0;0.0;0.0;0.0;0.0;Z01
41704;201300027501;0;32;0;0.0;2.0;1.0;1.0;A01
41705;201300027502;0;7;0;0.0;2.0;9.0;17.0;A01
41706;201300027502;0;37;5;0.0;2.0;1.0;1.0;C01
41707;201300027502;0;7;0;0.0;0.0;4.0;23.0;B01
41708;201300027503;0;1;0;0.0;5.0;1.0;21.0;A01
41709;201300027505;0;33;0;0.0;2.0;1.0;21.0;A01
41710;201300027505;0;7;0;0.0;2.0;8.0;15.0;B01
41711;201300027506;0;7;0;0.0;1.0;7.0;1.0;A01
41712;201300027507;0;7;0;0.0;0.0;7.0;1.0;B01
41713;201300027507;0;32;0;0.0;2.0;1.0;1.0;A01
41714;201300027508;0;7;0;0.0;1.0;1.0;1.0;A01
41715;201300027509;0;1;0;0.0;2.0;8.0;19.0;D01
41716;201300027509;0;7;0;0.0;2.0;1.0;2.0;A01
41717;201300027509;0;7;0;0.0;2.0;4.0;23.0;B01
41718;201300027509;0;7;0;0.0;2.0;4.0;23.0;C01
41719;201300027510;0;7;0;0.0;0.0;6.0;1.0;B01
41720;201300027510;0;7;0;0.0;2.0;3.0;16.0;A01
41721;201300027511;0;7;0;8.0;0.0;1.0;17.0;A01
41722;201300027512;0;7;0;0.0;2.0;3.0;16.0;A01
41723;201300027512;0;7;0;0.0;0.0;8.0;23.0;B01
41724;201300027513;0;3;0;0.0;0.0;9.0;1.0;A01
41725;201300027514;0;7;0;15.0;0.0;1.0;16.0;A01
41726;201300027515;0;7;0;0.0;1.0;1.0;1.0;A01
41727;201300027516;0;10;0;0.0;2.0;1.0;1.0;B01
41728;201300027516;0;7;0;0.0;2.0;3.0;10.0;A01
41729;201300027517;0;7;0;8.0;0.0;3.0;1.0;A01
41730;201300027518;0;7;0;0.0;1.0;1.0;1.0;A01
41731;201300027520;0;7;0;0.0;1.0;1.0;1.0;A01
41732;201300027521;0;7;0;0.0;0.0;4.0;23.0;A01
41733;201300027521;0;7;0;0.0;2.0;1.0;2.0;B01
41734;201300027522;0;7;0;0.0;1.0;4.0;4.0;A01
41735;201300027523;0;7;0;8.0;2.0;1.0;17.0;A01
41736;201300027523;0;10;0;0.0;0.0;8.0;15.0;B01
41737;201300027525;0;10;0;0.0;2.0;7.0;1.0;A01
41738;201300027525;0;1;0;0.0;2.0;8.0;19.0;B01
41739;201300027526;0;7;0;0.0;2.0;9.0;1.0;B01
41740;201300027526;0;7;0;0.0;2.0;1.0;9.0;A01
41741;201300027527;0;33;0;0.0;0.0;4.0;23.0;B01
41742;201300027527;0;7;0;0.0;2.0;3.0;1.0;A01
41743;201300027528;0;7;0;0.0;1.0;1.0;1.0;A01
41744;201300027529;0;7;0;0.0;0.0;4.0;1.0;B01
41745;201300027529;0;33;0;9.0;2.0;1.0;21.0;A01
41746;201300027530;0;7;0;0.0;2.0;2.0;15.0;B01
41747;201300027530;0;33;0;0.0;2.0;1.0;1.0;A01
41748;201300027531;0;1;0;0.0;1.0;1.0;1.0;A01
41749;201300027532;0;33;0;0.0;2.0;1.0;1.0;B01
41750;201300027532;0;7;0;0.0;2.0;3.0;10.0;A01
41751;201300027533;0;7;0;0.0;2.0;2.0;15.0;A01
41752;201300027533;0;33;0;0.0;2.0;1.0;1.0;B01
41753;201300027534;0;7;0;0.0;1.0;1.0;1.0;A01
41754;201300027535;0;7;0;0.0;2.0;3.0;13.0;A01
41755;201300027535;0;33;0;0.0;2.0;7.0;1.0;B01
41756;201300027536;0;7;0;0.0;2.0;3.0;15.0;B01
41757;201300027536;0;13;0;6.0;2.0;2.0;1.0;A01
41758;201300027537;0;7;0;0.0;2.0;2.0;1.0;B01
41759;201300027537;0;2;0;0.0;2.0;1.0;1.0;A01
41760;201300027538;0;7;0;0.0;0.0;4.0;23.0;C01
41761;201300027538;0;7;0;0.0;2.0;1.0;2.0;A01
41762;201300027538;0;20;0;0.0;2.0;2.0;21.0;B01
41763;201300027539;0;7;0;0.0;2.0;1.0;1.0;B01
41764;201300027539;0;2;0;0.0;2.0;1.0;15.0;A01
41765;201300027540;0;7;0;0.0;0.0;4.0;23.0;B01
41766;201300027540;0;33;0;0.0;2.0;1.0;2.0;A01
41767;201300027541;0;33;0;0.0;2.0;1.0;1.0;A01
41768;201300027541;0;7;0;0.0;0.0;4.0;12.0;B01
41769;201300027542;0;7;0;0.0;1.0;1.0;1.0;A01
41770;201300027543;0;1;0;0.0;2.0;8.0;9.0;A01
41771;201300027543;0;37;15;0.0;2.0;2.0;1.0;B01
41772;201300027544;0;38;15;0.0;1.0;3.0;15.0;A01
41773;201300027545;0;7;0;0.0;1.0;2.0;1.0;A01
41774;201300027546;0;7;0;0.0;0.0;1.0;1.0;D01
41775;201300027546;0;7;0;0.0;2.0;1.0;2.0;A01
41776;201300027546;0;7;0;0.0;2.0;4.0;2.0;C01
41777;201300027546;0;7;0;0.0;2.0;4.0;2.0;B01
41778;201300027547;0;1;0;0.0;2.0;1.0;1.0;B01
41779;201300027547;0;7;0;0.0;2.0;2.0;16.0;A01
41780;201300027548;0;31;0;0.0;2.0;1.0;1.0;A01
41781;201300027548;0;7;0;0.0;2.0;3.0;15.0;B01
41782;201300027549;0;10;0;0.0;1.0;4.0;4.0;A01
41783;201300027550;0;10;0;0.0;2.0;3.0;1.0;A01
41784;201300027550;0;33;0;0.0;2.0;1.0;1.0;B01
41785;201300027552;0;7;0;0.0;0.0;4.0;23.0;B01
41786;201300027552;0;33;0;0.0;2.0;1.0;2.0;A01
41787;201300027552;0;7;0;0.0;2.0;1.0;1.0;C01
41788;201300027553;0;13;0;0.0;1.0;4.0;4.0;A01
41789;201300027555;0;2;0;0.0;2.0;1.0;1.0;A01
41790;201300027555;0;10;0;0.0;0.0;4.0;1.0;B01
41791;201300027556;0;10;0;0.0;0.0;4.0;1.0;B01
41792;201300027556;0;2;0;0.0;2.0;1.0;2.0;A01
41793;201300027557;0;7;0;0.0;2.0;4.0;2.0;B01
41794;201300027557;0;7;0;0.0;2.0;1.0;2.0;A01
41795;201300027559;0;7;0;0.0;1.0;1.0;1.0;A01
41796;201300027560;1;7;0;0.0;2.0;6.0;0.0;A01
41797;201300027560;0;1;0;0.0;2.0;7.0;0.0;B01
41798;201300027561;0;32;0;1.0;0.0;7.0;17.0;A01
41799;201300027562;0;33;0;0.0;2.0;1.0;1.0;B01
41800;201300027562;0;7;0;0.0;2.0;3.0;9.0;A01
41801;201300027563;0;33;0;0.0;2.0;1.0;2.0;A01
41802;201300027563;0;7;0;0.0;0.0;6.0;2.0;B01
41803;201300027564;0;7;0;0.0;1.0;7.0;1.0;A01
41804;201300027566;0;7;0;0.0;1.0;2.0;1.0;A01
41805;201300027567;0;7;0;0.0;1.0;3.0;1.0;A01
41806;201300027568;0;7;0;0.0;1.0;0.0;0.0;A01
41807;201300027569;0;2;0;0.0;0.0;1.0;1.0;A01
41808;201300027570;0;7;0;0.0;1.0;0.0;1.0;A01
41809;201300027571;0;2;0;16.0;0.0;0.0;1.0;A01
41810;201300027572;0;7;0;6.0;0.0;3.0;13.0;A01
41811;201300027573;0;7;0;0.0;1.0;2.0;1.0;A01
41812;201300027574;0;7;0;0.0;1.0;1.0;1.0;A01
41813;201300027575;0;33;0;0.0;2.0;1.0;17.0;A01
41814;201300027575;0;7;0;0.0;2.0;6.0;10.0;B01
41815;201300027576;0;1;0;0.0;2.0;1.0;1.0;A01
41816;201300027576;0;7;0;0.0;2.0;1.0;1.0;B01
41817;201300027577;0;7;0;0.0;1.0;1.0;1.0;A01
41818;201300027578;0;7;0;0.0;1.0;2.0;1.0;A01
41819;201300027579;0;7;0;0.0;1.0;1.0;1.0;A01
41820;201300027580;0;7;0;0.0;2.0;3.0;1.0;B02
41821;201300027580;0;7;0;0.0;2.0;1.0;13.0;A01
41822;201300027581;0;17;0;0.0;0.0;0.0;23.0;C03
41823;201300027581;0;1;0;0.0;2.0;1.0;14.0;B02
41824;201300027581;0;10;0;0.0;2.0;7.0;1.0;A01
41825;201300027582;0;7;0;0.0;2.0;2.0;1.0;B01
41826;201300027582;0;1;0;0.0;2.0;1.0;15.0;A01
41827;201300027583;0;2;0;0.0;2.0;1.0;3.0;B01
41828;201300027583;0;7;0;0.0;2.0;2.0;15.0;A01
41829;201300027584;0;1;0;0.0;2.0;1.0;1.0;A01
41830;201300027584;0;7;0;0.0;2.0;7.0;1.0;B01
41831;201300027585;0;7;0;0.0;2.0;1.0;23.0;B01
41832;201300027585;0;7;0;0.0;2.0;1.0;5.0;A01
41833;201300027586;0;7;0;0.0;1.0;2.0;1.0;A01
41834;201300027587;0;33;0;0.0;2.0;1.0;1.0;B01
41835;201300027587;0;7;0;0.0;2.0;2.0;10.0;A01
41836;201300027588;0;7;0;0.0;2.0;2.0;1.0;B01
41837;201300027588;0;1;0;0.0;2.0;8.0;1.0;A01
41838;201300027589;0;7;0;0.0;9.0;2.0;1.0;B01
41839;201300027589;0;1;0;0.0;2.0;1.0;1.0;A01
41840;201300027590;0;7;0;0.0;2.0;1.0;1.0;B01
41841;201300027590;0;7;0;0.0;2.0;8.0;15.0;A01
41842;201300027591;0;1;0;0.0;2.0;8.0;1.0;B01
41843;201300027591;0;7;0;0.0;2.0;7.0;1.0;A01
41844;201300027593;0;7;0;0.0;2.0;3.0;10.0;A01
41845;201300027593;0;30;0;0.0;2.0;1.0;1.0;B01
41846;201300027594;0;7;0;13.0;0.0;2.0;1.0;A01
41847;201300027595;0;1;0;0.0;2.0;1.0;1.0;A01
41848;201300027595;0;10;0;0.0;2.0;5.0;23.0;B01
41849;201300027596;0;7;0;0.0;0.0;0.0;1.0;B01
41850;201300027596;0;33;0;0.0;0.0;7.0;1.0;A01
41851;201300027597;0;33;0;0.0;2.0;1.0;1.0;B01
41852;201300027597;0;7;0;0.0;2.0;7.0;15.0;A01
41853;201300027598;0;7;0;0.0;2.0;1.0;1.0;B01
41854;201300027598;0;30;0;0.0;2.0;1.0;15.0;A01
41855;201300027599;0;7;0;0.0;1.0;1.0;1.0;A01
41856;201300027600;0;7;0;0.0;1.0;1.0;1.0;A01
41857;201300027601;0;7;0;0.0;2.0;3.0;15.0;B01
41858;201300027601;0;2;0;0.0;2.0;1.0;1.0;A01
41859;201300027602;0;7;0;0.0;2.0;1.0;15.0;A01
41860;201300027602;0;1;0;0.0;2.0;1.0;1.0;B01
41861;201300027603;0;7;0;0.0;2.0;3.0;13.0;A01
41862;201300027603;0;38;1;0.0;2.0;3.0;21.0;B01
41863;201300027604;0;7;0;0.0;0.0;1.0;2.0;A01
41864;201300027604;0;17;0;0.0;0.0;3.0;4.0;B01
41865;201300027606;0;7;0;0.0;1.0;2.0;16.0;A01
41866;201300027607;0;17;0;0.0;2.0;1.0;0.0;B01
41867;201300027607;0;7;0;13.0;2.0;5.0;13.0;A01
41868;201300027608;0;30;0;0.0;2.0;1.0;1.0;B01
41869;201300027608;0;7;0;0.0;2.0;7.0;15.0;A01
41870;201300027609;0;7;0;8.0;0.0;1.0;1.0;A01
41871;201300027610;0;10;0;0.0;1.0;1.0;1.0;A01
41872;201300027611;0;7;0;1.0;1.0;5.0;4.0;A01
41873;201300027612;0;7;0;0.0;2.0;1.0;21.0;B01
41874;201300027612;0;7;0;0.0;2.0;2.0;13.0;A01
41875;201300027613;0;7;0;13.0;0.0;1.0;1.0;A01
41876;201300027614;0;17;0;0.0;2.0;3.0;1.0;A01
41877;201300027614;0;7;0;0.0;2.0;1.0;13.0;B01
41878;201300027615;0;7;0;0.0;1.0;1.0;1.0;A01
41879;201300027616;0;2;0;11.0;0.0;1.0;17.0;A01
41880;201300027617;0;38;7;0.0;9.0;7.0;16.0;A01
41881;201300027617;0;1;0;0.0;2.0;0.0;18.0;B01
41882;201300027618;0;33;0;0.0;2.0;1.0;1.0;B01
41883;201300027618;0;7;0;0.0;2.0;2.0;15.0;A01
41884;201300027619;0;2;0;0.0;2.0;1.0;1.0;B01
41885;201300027619;0;10;0;0.0;2.0;7.0;15.0;A01
41886;201300027620;1;7;0;0.0;1.0;3.0;1.0;A01
41887;201300027621;0;7;0;0.0;1.0;3.0;1.0;A01
41888;201300027622;0;7;0;13.0;5.0;8.0;1.0;A01
41889;201300027623;0;7;0;11.0;2.0;3.0;6.0;A01
41890;201300027623;0;7;0;0.0;2.0;3.0;1.0;B01