;Num_Acc;senc;catv;occutc;obs;obsm;choc;manv;num_veh
42315;201300027900;0;1;0;0.0;2.0;0.0;1.0;B01
42316;201300027902;0;7;0;0.0;2.0;1.0;2.0;A01
42317;201300027902;0;7;0;0.0;2.0;4.0;2.0;B01
42318;201300027903;0;7;0;0.0;1.0;1.0;1.0;A01
42319;201300027904;0;7;0;4.0;0.0;7.0;0.0;A01
42320;201300027905;0;7;0;0.0;1.0;0.0;1.0;A01
42321;201300027906;0;7;0;0.0;1.0;1.0;1.0;A01
42322;201300027907;0;2;0;0.0;2.0;1.0;1.0;B01
42323;201300027907;0;7;0;0.0;2.0;2.0;15.0;A01
42324;201300027908;0;7;0;0.0;2.0;1.0;15.0;A01
42325;201300027908;0;10;0;0.0;2.0;3.0;1.0;B01
42326;201300027909;0;30;0;0.0;2.0;1.0;1.0;B01
42327;201300027909;0;7;0;0.0;2.0;5.0;15.0;A01
42328;201300027910;0;7;0;0.0;1.0;1.0;1.0;A01
42329;201300027912;0;30;0;0.0;2.0;7.0;21.0;B01
42330;201300027912;0;7;0;0.0;2.0;3.0;20.0;A01
42331;201300027913;0;7;0;0.0;2.0;1.0;2.0;A01
42332;201300027913;0;7;0;0.0;2.0;4.0;3.0;B01
42333;201300027914;0;10;0;0.0;2.0;1.0;2.0;A01
42334;201300027914;0;10;0;0.0;2.0;4.0;2.0;B01
42335;201300027915;0;7;0;0.0;2.0;4.0;1.0;D01
42336;201300027915;0;7;0;0.0;2.0;4.0;1.0;C01
42337;201300027915;0;7;0;0.0;2.0;4.0;1.0;B01
42338;201300027915;0;7;0;0.0;2.0;1.0;1.0;A01
42339;201300027916;0;7;0;0.0;2.0;1.0;1.0;B01
42340;201300027916;0;7;0;0.0;2.0;3.0;10.0;A01
42341;201300027917;0;1;0;0.0;1.0;1.0;5.0;A01
42342;201300027918;0;7;0;0.0;2.0;4.0;2.0;B01
42343;201300027918;0;7;0;0.0;2.0;1.0;2.0;A01
42344;201300027918;0;7;0;0.0;2.0;6.0;1.0;C01
42345;201300027919;0;7;0;0.0;1.0;1.0;1.0;A01
42346;201300027920;0;30;0;0.0;2.0;1.0;9.0;A01
42347;201300027920;0;7;0;0.0;2.0;5.0;15.0;B01
42348;201300027921;0;7;0;8.0;0.0;1.0;1.0;A01
42349;201300027922;0;7;0;0.0;1.0;1.0;15.0;A01
42350;201300027923;0;7;0;0.0;2.0;3.0;0.0;A01
42351;201300027923;0;1;0;0.0;2.0;1.0;0.0;B01
42352;201300027924;0;7;0;0.0;2.0;5.0;15.0;A01
42353;201300027924;0;33;0;0.0;2.0;1.0;1.0;B01
42354;201300027925;0;7;0;0.0;2.0;2.0;15.0;A01
42355;201300027925;0;7;0;0.0;2.0;1.0;1.0;B01
42356;201300027926;0;2;0;0.0;2.0;1.0;1.0;B01
42357;201300027926;0;7;0;0.0;2.0;8.0;9.0;A01
42358;201300027927;0;7;0;4.0;0.0;1.0;1.0;A01
42359;201300027928;0;7;0;0.0;2.0;4.0;0.0;B01
42360;201300027928;0;7;0;0.0;2.0;1.0;0.0;A01
42361;201300027929;0;7;0;0.0;1.0;1.0;1.0;A01
42362;201300027930;0;7;0;0.0;1.0;1.0;0.0;A01
42363;201300027931;0;30;0;0.0;0.0;0.0;1.0;A01
42364;201300027932;0;7;0;0.0;1.0;1.0;0.0;A01
42365;201300027933;0;7;0;0.0;2.0;1.0;1.0;A01
42366;201300027933;0;7;0;0.0;2.0;3.0;0.0;B01
42367;201300027934;0;7;0;0.0;2.0;3.0;1.0;B01
42368;201300027934;0;7;0;0.0;2.0;3.0;1.0;A01
42369;201300027935;0;7;0;0.0;0.0;1.0;2.0;A01
42370;201300027936;0;1;0;0.0;2.0;1.0;21.0;B01
42371;201300027936;0;7;0;0.0;2.0;3.0;22.0;A01
42372;201300027937;0;7;0;0.0;1.0;1.0;1.0;A01
42373;201300027938;0;7;0;0.0;4.0;7.0;1.0;A01
42374;201300027938;0;40;0;0.0;2.0;1.0;1.0;B01
42375;201300027939;0;7;0;0.0;2.0;1.0;1.0;A01
42376;201300027939;0;7;0;8.0;2.0;4.0;11.0;B01
42377;201300027940;0;7;0;0.0;2.0;1.0;1.0;A01
42378;201300027940;0;33;0;0.0;2.0;7.0;1.0;B01
42379;201300027941;0;7;0;0.0;1.0;1.0;1.0;A01
42380;201300027942;0;7;0;0.0;1.0;3.0;15.0;A01
42381;201300027943;0;7;0;0.0;2.0;3.0;19.0;A01
42382;201300027943;0;2;0;0.0;2.0;1.0;1.0;B01
42383;201300027945;0;7;0;0.0;1.0;0.0;1.0;A01
42384;201300027946;0;2;0;0.0;2.0;0.0;1.0;A01
42385;201300027946;0;7;0;0.0;2.0;0.0;2.0;B01
42386;201300027947;0;7;0;0.0;2.0;1.0;2.0;A01
42387;201300027947;0;7;0;0.0;2.0;4.0;2.0;B01
42388;201300027947;0;7;0;0.0;2.0;4.0;2.0;C01
42389;201300027948;0;7;0;0.0;2.0;3.0;15.0;A01
42390;201300027948;0;2;0;0.0;2.0;8.0;1.0;B01
42391;201300027949;0;33;0;0.0;2.0;1.0;2.0;A01
42392;201300027949;0;7;0;0.0;2.0;4.0;17.0;B01
42393;201300027950;0;7;0;0.0;2.0;1.0;1.0;A01
42394;201300027950;0;1;0;0.0;2.0;7.0;1.0;B01
42395;201300027951;0;7;0;0.0;2.0;2.0;21.0;A01
42396;201300027951;0;7;0;0.0;2.0;6.0;21.0;B01
42397;201300027951;0;7;0;0.0;0.0;0.0;16.0;C01
42398;201300027952;0;7;0;0.0;2.0;1.0;15.0;A01
42399;201300027952;0;7;0;0.0;2.0;1.0;1.0;B01
42400;201300027953;0;7;0;0.0;2.0;1.0;15.0;A01
42401;201300027953;0;2;0;0.0;2.0;3.0;1.0;B01
42402;201300027954;0;7;0;0.0;1.0;5.0;1.0;A01
42403;201300027955;0;7;0;0.0;1.0;3.0;1.0;A01
42404;201300027956;0;7;0;0.0;2.0;2.0;19.0;A01
42405;201300027956;0;7;0;0.0;2.0;3.0;1.0;B01
42406;201300027957;0;33;0;9.0;0.0;1.0;14.0;A01
42407;201300027958;0;7;0;0.0;2.0;7.0;16.0;A01
42408;201300027958;0;1;0;0.0;2.0;8.0;15.0;B01
42409;201300027959;0;7;0;14.0;2.0;1.0;2.0;A01
42410;201300027959;0;7;0;0.0;2.0;8.0;2.0;B01
42411;201300027960;0;7;0;0.0;2.0;1.0;1.0;A01
42412;201300027960;0;7;0;0.0;2.0;4.0;2.0;B01
42413;201300027961;0;7;0;0.0;1.0;2.0;1.0;A01
42414;201300027963;1;99;0;0.0;1.0;2.0;1.0;A01
42415;201300027964;0;7;0;8.0;0.0;1.0;6.0;A01
42416;201300027965;0;2;0;0.0;2.0;1.0;1.0;A01
42417;201300027965;0;7;0;0.0;2.0;3.0;1.0;B01
42418;201300027966;0;7;0;15.0;0.0;1.0;14.0;A01
42419;201300027967;0;7;0;0.0;1.0;1.0;15.0;A01
42420;201300027968;0;10;0;14.0;2.0;7.0;13.0;A01
42421;201300027968;0;15;0;0.0;2.0;3.0;1.0;B01
42422;201300027969;0;7;0;0.0;2.0;2.0;1.0;A01
42423;201300027969;0;31;0;4.0;2.0;8.0;1.0;B01
42424;201300027970;0;31;0;2.0;2.0;1.0;17.0;A01
42425;201300027970;0;7;0;2.0;0.0;3.0;15.0;B01
42426;201300027971;0;30;0;0.0;2.0;1.0;1.0;A01
42427;201300027971;0;10;0;0.0;2.0;6.0;20.0;B01
42428;201300027972;0;7;0;0.0;2.0;1.0;13.0;A01
42429;201300027972;0;7;0;0.0;2.0;1.0;1.0;B01
42430;201300027973;0;33;0;12.0;0.0;1.0;17.0;A01
42431;201300027974;0;7;0;0.0;2.0;4.0;4.0;A01
42432;201300027974;0;31;0;0.0;2.0;1.0;1.0;B01
42433;201300027975;0;37;0;0.0;1.0;1.0;1.0;A01
42434;201300027976;0;7;0;0.0;1.0;2.0;16.0;A01
42435;201300027977;0;7;0;13.0;0.0;1.0;21.0;A01
42436;201300027978;0;7;0;8.0;0.0;2.0;14.0;A01
42437;201300027979;0;2;0;1.0;0.0;1.0;2.0;A01
42438;201300027980;0;7;0;0.0;2.0;3.0;1.0;B01
42439;201300027980;0;2;0;8.0;2.0;1.0;1.0;A01
42440;201300027981;0;7;0;0.0;2.0;1.0;1.0;A01
42441;201300027981;0;1;0;0.0;2.0;8.0;19.0;B01
42442;201300027982;0;7;0;0.0;1.0;1.0;1.0;A01
42443;201300027983;0;7;0;0.0;2.0;1.0;1.0;B01
42444;201300027983;0;7;0;0.0;2.0;3.0;15.0;A01
42445;201300027984;0;35;0;8.0;0.0;0.0;1.0;A01
42446;201300027985;0;10;0;0.0;1.0;2.0;1.0;A01
42447;201300027986;0;7;0;14.0;1.0;7.0;1.0;A01
42448;201300027987;0;7;0;0.0;1.0;1.0;1.0;A01
42449;201300027988;0;10;0;0.0;2.0;7.0;15.0;A01
42450;201300027988;0;7;0;0.0;2.0;1.0;1.0;B01
42451;201300027988;0;7;0;0.0;2.0;3.0;1.0;C01
42452;201300027988;0;7;0;0.0;2.0;2.0;1.0;D01
42453;201300027989;0;31;0;0.0;1.0;1.0;17.0;A01
42454;201300027990;0;7;0;0.0;2.0;3.0;17.0;A01
42455;201300027990;0;30;0;0.0;2.0;1.0;1.0;B01
42456;201300027991;0;7;0;0.0;1.0;3.0;15.0;A01
42457;201300027992;0;7;0;0.0;2.0;3.0;15.0;B01
42458;201300027992;0;7;0;8.0;2.0;1.0;1.0;A01
42459;201300027994;0;7;0;0.0;2.0;7.0;15.0;A01
42460;201300027994;0;30;0;0.0;2.0;1.0;1.0;B01
42461;201300027995;0;7;0;6.0;0.0;1.0;14.0;A01
42462;201300027997;0;1;0;0.0;2.0;1.0;1.0;B01
42463;201300027997;0;7;0;0.0;2.0;3.0;15.0;A01
42464;201300027998;0;7;0;0.0;2.0;1.0;1.0;A01
42465;201300027998;0;7;0;0.0;2.0;5.0;23.0;C01
42466;201300027998;0;7;0;0.0;2.0;4.0;23.0;B01
42467;201300027999;0;15;0;0.0;2.0;1.0;0.0;B01
42468;201300027999;0;7;0;10.0;2.0;1.0;0.0;A01
42469;201300028000;0;7;0;0.0;2.0;1.0;15.0;A01
42470;201300028000;0;1;0;0.0;2.0;1.0;1.0;B01
42471;201300028001;0;7;0;3.0;2.0;3.0;1.0;B01
42472;201300028001;0;15;0;0.0;2.0;2.0;14.0;A01
42473;201300028002;0;7;0;0.0;2.0;4.0;1.0;B01
42474;201300028002;0;10;0;0.0;2.0;1.0;2.0;A01
42475;201300028003;0;7;0;1.0;0.0;7.0;1.0;A01
42476;201300028003;0;15;0;0.0;2.0;3.0;24.0;B01
42477;201300028004;0;7;0;0.0;2.0;7.0;1.0;B01
42478;201300028004;0;7;0;0.0;2.0;1.0;16.0;A01
42479;201300028005;0;7;0;0.0;2.0;1.0;13.0;A01
42480;201300028005;0;7;0;0.0;2.0;1.0;15.0;B01
42481;201300028006;0;7;0;0.0;2.0;4.0;2.0;C01
42482;201300028006;0;7;0;0.0;2.0;4.0;2.0;B01
42483;201300028006;0;7;0;0.0;2.0;1.0;1.0;A01
42484;201300028007;0;1;0;0.0;2.0;5.0;1.0;B01
42485;201300028007;0;7;0;0.0;2.0;3.0;9.0;A01
42486;201300028008;0;7;0;0.0;1.0;2.0;1.0;A01
42487;201300028009;0;33;0;0.0;1.0;1.0;1.0;A01
42488;201300028010;0;7;0;0.0;2.0;3.0;2.0;B01
42489;201300028010;0;7;0;0.0;2.0;8.0;19.0;A01
42490;201300028011;0;7;0;0.0;2.0;1.0;15.0;A01
42491;201300028011;0;1;0;0.0;2.0;1.0;1.0;B01
42492;201300028012;0;7;0;0.0;1.0;1.0;1.0;A01
42493;201300028013;0;7;0;0.0;2.0;3.0;1.0;A01
42494;201300028013;0;10;0;0.0;2.0;8.0;1.0;B01
42495;201300028014;0;10;0;0.0;2.0;1.0;1.0;A01
42496;201300028014;0;7;0;0.0;2.0;4.0;1.0;B01
42497;201300028014;0;7;0;0.0;2.0;4.0;1.0;C01
42498;201300028015;0;7;0;0.0;2.0;4.0;1.0;A01
42499;201300028015;0;7;0;0.0;2.0;1.0;2.0;Z01
42500;201300028016;0;7;0;0.0;2.0;3.0;1.0;A01
42501;201300028016;0;2;0;0.0;2.0;1.0;1.0;B01
42502;201300028017;0;7;0;0.0;2.0;1.0;1.0;A01
42503;201300028017;0;2;0;0.0;2.0;5.0;1.0;B01
42504;201300028018;0;2;0;0.0;0.0;1.0;1.0;A01
42505;201300028019;0;7;0;0.0;2.0;3.0;1.0;B01
42506;201300028019;0;3;0;0.0;2.0;2.0;1.0;A01
42507;201300028020;0;1;0;0.0;2.0;7.0;9.0;A01
42508;201300028020;0;7;0;0.0;2.0;1.0;1.0;B01
42509;201300028021;0;7;0;0.0;6.0;1.0;1.0;A01
42510;201300028022;0;7;0;0.0;2.0;1.0;1.0;A01
42511;201300028022;0;10;0;0.0;2.0;9.0;1.0;B01
42512;201300028022;0;7;0;0.0;2.0;4.0;1.0;C01
42513;201300028023;0;7;0;0.0;2.0;1.0;1.0;A01
42514;201300028023;0;7;0;0.0;2.0;4.0;1.0;B01
42515;201300028023;0;7;0;0.0;2.0;4.0;1.0;C01
42516;201300028023;0;7;0;0.0;2.0;4.0;1.0;D01
42517;201300028024;0;2;0;1.0;0.0;1.0;1.0;A01
42518;201300028025;0;7;0;0.0;2.0;7.0;1.0;A01
42519;201300028025;0;7;0;0.0;2.0;3.0;1.0;B01
42520;201300028026;0;7;0;1.0;0.0;1.0;1.0;A01
42521;201300028027;0;7;0;1.0;0.0;3.0;13.0;A01
42522;201300028027;0;7;0;0.0;2.0;5.0;24.0;B01
42523;201300028028;0;7;0;0.0;0.0;9.0;1.0;A01
42524;201300028029;0;7;0;0.0;2.0;1.0;1.0;A01
42525;201300028029;0;7;0;0.0;2.0;4.0;1.0;B01
42526;201300028031;0;7;0;0.0;1.0;3.0;1.0;A01
42527;201300028032;0;7;0;0.0;2.0;7.0;9.0;A01
42528;201300028032;0;33;0;0.0;2.0;1.0;1.0;B01
42529;201300028033;0;10;0;0.0;2.0;0.0;15.0;A01
42530;201300028033;0;33;0;0.0;2.0;0.0;1.0;B01
42531;201300028034;1;7;0;0.0;2.0;2.0;9.0;A01
42532;201300028034;0;2;0;0.0;2.0;4.0;1.0;B01
42533;201300028036;0;30;0;0.0;2.0;1.0;1.0;A01
42534;201300028036;0;7;0;0.0;2.0;7.0;1.0;B01
42535;201300028037;0;10;0;2.0;0.0;3.0;1.0;A01
42536;201300028038;0;7;0;0.0;0.0;0.0;9.0;A01
42537;201300028038;0;33;0;0.0;0.0;1.0;1.0;B01
42538;201300028039;0;33;0;0.0;2.0;1.0;1.0;B01
42539;201300028039;0;7;0;0.0;2.0;6.0;15.0;A01
42540;201300028040;0;7;0;0.0;1.0;2.0;16.0;A01
42541;201300028041;0;2;0;0.0;0.0;7.0;1.0;A01
42542;201300028042;0;2;0;0.0;0.0;0.0;0.0;A01
42543;201300028044;0;10;0;0.0;2.0;6.0;13.0;A01
42544;201300028044;0;7;0;0.0;9.0;3.0;1.0;B01
42545;201300028045;0;10;0;0.0;1.0;2.0;1.0;A01
42546;201300028046;0;1;0;0.0;2.0;1.0;1.0;A01
42547;201300028046;0;1;0;0.0;2.0;4.0;1.0;B01
42548;201300028047;0;7;0;6.0;2.0;9.0;1.0;A01
42549;201300028047;0;7;0;0.0;2.0;2.0;1.0;B01
42550;201300028048;0;1;0;0.0;0.0;0.0;1.0;A01
42551;201300028049;0;7;0;0.0;2.0;2.0;1.0;A01
42552;201300028049;0;1;0;0.0;2.0;1.0;1.0;B01
42553;201300028050;0;30;0;0.0;2.0;1.0;1.0;A01
42554;201300028050;1;10;0;0.0;2.0;3.0;20.0;Z01
42555;201300028051;0;2;0;0.0;5.0;1.0;1.0;A01
42556;201300028052;0;7;0;0.0;2.0;8.0;1.0;B01
42557;201300028052;0;2;0;0.0;2.0;1.0;1.0;A01
42558;201300028054;0;7;0;13.0;0.0;2.0;1.0;A01
42559;201300028055;0;7;0;13.0;0.0;8.0;1.0;A01
42560;201300028056;0;7;0;0.0;0.0;1.0;1.0;A01
42561;201300028057;0;7;0;0.0;2.0;3.0;15.0;A01
42562;201300028057;0;1;0;0.0;2.0;1.0;1.0;B01
42563;201300028058;0;7;0;0.0;2.0;4.0;1.0;A01
42564;201300028058;1;7;0;0.0;2.0;1.0;1.0;Z01
42565;201300028061;0;7;0;0.0;1.0;4.0;4.0;A01
42566;201300028062;0;1;0;0.0;2.0;5.0;1.0;B01
42567;201300028062;0;10;0;0.0;2.0;3.0;0.0;A01
42568;201300028063;0;10;0;0.0;1.0;4.0;4.0;A01
42569;201300028065;0;7;0;0.0;2.0;3.0;1.0;A01
42570;201300028065;0;7;0;0.0;2.0;5.0;1.0;B01
42571;201300028066;0;2;0;0.0;0.0;8.0;1.0;A01
42572;201300028067;0;7;0;0.0;2.0;6.0;10.0;A01
42573;201300028067;0;15;0;0.0;2.0;3.0;1.0;B01
42574;201300028068;0;10;0;9.0;0.0;2.0;1.0;A01
42575;201300028069;0;7;0;0.0;2.0;3.0;13.0;A01
42576;201300028069;0;10;0;0.0;2.0;3.0;1.0;B01
42577;201300028070;0;2;0;0.0;0.0;5.0;1.0;A01
42578;201300028071;0;10;0;6.0;0.0;3.0;1.0;A01
42579;201300028072;0;7;0;0.0;2.0;1.0;11.0;A01
42580;201300028072;0;7;0;0.0;2.0;3.0;1.0;B01
42581;201300028072;0;14;0;0.0;2.0;3.0;1.0;C01
42582;201300028072;0;7;0;0.0;2.0;8.0;1.0;D01
42583;201300028072;0;10;0;0.0;2.0;3.0;2.0;E01
42584;201300028073;0;10;0;0.0;2.0;1.0;1.0;A01
42585;201300028073;0;7;0;0.0;2.0;4.0;1.0;B01
42586;201300028073;0;1;0;0.0;2.0;8.0;1.0;C01
42587;201300028074;0;7;0;6.0;0.0;1.0;1.0;A01
42588;201300028075;0;7;0;0.0;2.0;3.0;1.0;B01
42589;201300028075;0;7;0;0.0;2.0;2.0;9.0;A01
42590;201300028076;0;7;0;2.0;0.0;3.0;1.0;A01
42591;201300028077;0;30;0;0.0;1.0;1.0;1.0;A01
42592;201300028078;0;7;0;4.0;0.0;2.0;1.0;A01
42593;201300028079;0;1;0;0.0;2.0;2.0;1.0;B01
42594;201300028079;0;7;0;0.0;2.0;1.0;15.0;A01
42595;201300028080;0;7;0;0.0;2.0;3.0;15.0;A01
42596;201300028080;0;1;0;0.0;2.0;1.0;1.0;B01
42597;201300028081;0;2;0;0.0;2.0;1.0;1.0;A01
42598;201300028081;0;7;0;0.0;2.0;7.0;16.0;B01
42599;201300028082;0;1;0;5.0;0.0;1.0;1.0;A01
42600;201300028084;0;2;0;0.0;0.0;7.0;1.0;A01
42601;201300028085;0;2;0;0.0;2.0;1.0;8.0;B01
42602;201300028085;0;7;0;0.0;2.0;2.0;15.0;A01
42603;201300028086;0;7;0;0.0;2.0;1.0;1.0;A01
42604;201300028086;0;7;0;0.0;2.0;4.0;23.0;B01
42605;201300028087;1;7;0;0.0;2.0;0.0;1.0;A01
42606;201300028087;0;1;0;0.0;2.0;0.0;1.0;B01
42607;201300028088;0;7;0;0.0;1.0;3.0;1.0;A01
42608;201300028090;0;7;0;0.0;2.0;2.0;14.0;A01
42609;201300028090;0;7;0;0.0;2.0;7.0;14.0;B01
42610;201300028091;0;7;0;0.0;1.0;7.0;1.0;A01
42611;201300028092;0;7;0;0.0;2.0;7.0;1.0;A01
42612;201300028092;0;30;0;0.0;2.0;1.0;1.0;B01
42613;201300028093;0;33;0;0.0;0.0;8.0;1.0;A01
42614;201300028094;0;33;0;0.0;2.0;1.0;1.0;B01
42615;201300028094;0;7;0;0.0;2.0;2.0;15.0;A01
42616;201300028095;0;1;0;0.0;0.0;1.0;1.0;A01
42617;201300028096;0;7;0;0.0;1.0;3.0;9.0;A01
42618;201300028097;0;7;0;0.0;2.0;1.0;1.0;A01
42619;201300028097;0;7;0;0.0;2.0;4.0;1.0;C01
42620;201300028097;0;7;0;0.0;2.0;4.0;1.0;B01
42621;201300028098;0;33;0;0.0;2.0;8.0;1.0;B01
42622;201300028098;0;14;0;0.0;2.0;7.0;12.0;A01
42623;201300028100;0;7;0;0.0;2.0;3.0;1.0;B01
42624;201300028100;0;7;0;0.0;2.0;3.0;13.0;A01
42625;201300028101;0;7;0;0.0;1.0;2.0;1.0;A01
42626;201300028102;0;10;0;0.0;2.0;1.0;1.0;E01
42627;201300028102;0;10;0;0.0;2.0;4.0;1.0;B01
42628;201300028102;0;10;0;0.0;2.0;1.0;1.0;A01
42629;201300028102;0;7;0;0.0;2.0;4.0;1.0;D01
42630;201300028102;0;7;0;0.0;2.0;4.0;1.0;C01
42631;201300028103;0;10;0;0.0;2.0;1.0;1.0;B01
42632;201300028103;0;7;0;0.0;2.0;4.0;0.0;A01
42633;201300028104;0;7;0;0.0;2.0;3.0;1.0;B01
42634;201300028104;0;2;0;0.0;2.0;2.0;1.0;A01
42635;201300028105;0;1;0;0.0;2.0;1.0;1.0;B01
42636;201300028105;0;7;0;0.0;2.0;3.0;15.0;A01
42637;201300028106;0;1;0;0.0;1.0;1.0;1.0;A01
42638;201300028107;0;31;0;14.0;0.0;1.0;1.0;A01
42639;201300028108;0;7;0;0.0;2.0;1.0;12.0;A01
42640;201300028108;0;7;0;0.0;2.0;4.0;1.0;B01
42641;201300028109;0;7;0;0.0;1.0;1.0;1.0;A01
42642;201300028111;0;7;0;13.0;0.0;3.0;13.0;A01
42643;201300028112;0;7;0;0.0;2.0;2.0;15.0;A01
42644;201300028112;0;30;0;0.0;2.0;1.0;1.0;B01
42645;201300028113;0;30;0;0.0;2.0;1.0;15.0;B01
42646;201300028113;0;7;0;0.0;2.0;1.0;1.0;A01
42647;201300028114;0;7;0;0.0;2.0;1.0;2.0;B01
42648;201300028114;0;7;0;0.0;2.0;1.0;2.0;A01
42649;201300028114;0;7;0;0.0;2.0;4.0;2.0;C01
42650;201300028114;0;7;0;0.0;2.0;0.0;15.0;D01
42651;201300028115;0;7;0;0.0;2.0;1.0;1.0;B01
42652;201300028115;0;7;0;0.0;2.0;7.0;15.0;A01
42653;201300028116;0;30;0;16.0;0.0;8.0;1.0;A01
42654;201300028117;0;7;0;0.0;1.0;1.0;1.0;A01
42655;201300028118;0;30;0;0.0;0.0;0.0;1.0;A01
42656;201300028119;0;7;0;0.0;1.0;2.0;1.0;A01
42657;201300028121;0;30;0;0.0;2.0;7.0;15.0;A01
42658;201300028121;0;33;0;0.0;2.0;1.0;1.0;B01
42659;201300028122;0;7;0;0.0;2.0;1.0;2.0;A01
42660;201300028122;0;1;0;0.0;2.0;4.0;15.0;B01
42661;201300028123;0;30;0;15.0;0.0;1.0;14.0;A01
42662;201300028124;0;7;0;0.0;2.0;1.0;1.0;A01
42663;201300028124;0;7;0;0.0;2.0;3.0;1.0;B01
42664;201300028125;0;1;0;16.0;0.0;8.0;1.0;B01
42665;201300028125;0;10;0;0.0;0.0;0.0;1.0;A01
42666;201300028126;0;7;0;0.0;1.0;3.0;1.0;A01
42667;201300028127;0;7;0;0.0;1.0;2.0;1.0;B01
42668;201300028128;0;10;0;0.0;1.0;7.0;1.0;A01
42669;201300028129;0;30;0;0.0;2.0;8.0;1.0;B01
42670;201300028129;0;7;0;0.0;2.0;2.0;17.0;A01
42671;201300028130;0;7;0;8.0;0.0;1.0;14.0;A01
42672;201300028131;0;30;0;16.0;0.0;7.0;1.0;A01
42673;201300028132;0;7;0;6.0;0.0;3.0;13.0;A01
42674;201300028133;0;7;0;0.0;2.0;8.0;15.0;B01
42675;201300028133;0;30;0;0.0;2.0;2.0;17.0;A01
42676;201300028134;0;30;0;12.0;0.0;2.0;14.0;A01
42677;201300028135;0;7;0;0.0;2.0;1.0;13.0;A01
42678;201300028135;0;7;0;0.0;2.0;1.0;1.0;B01
42679;201300028136;0;7;0;0.0;2.0;1.0;2.0;A01
42680;201300028136;0;7;0;0.0;2.0;4.0;2.0;B01
42681;201300028137;0;7;0;0.0;2.0;1.0;13.0;A01
42682;201300028137;0;7;0;0.0;2.0;3.0;1.0;B01
42683;201300028138;0;30;0;0.0;2.0;1.0;1.0;B01
42684;201300028138;0;7;0;0.0;2.0;8.0;9.0;A01
42685;201300028139;0;33;0;16.0;0.0;7.0;1.0;A01
42686;201300028141;1;7;0;0.0;2.0;4.0;2.0;A01
42687;201300028141;0;32;0;0.0;2.0;1.0;2.0;B01
42688;201300028142;0;30;0;11.0;0.0;1.0;17.0;A01
42689;201300028143;0;7;0;0.0;2.0;1.0;2.0;A01
42690;201300028143;0;7;0;0.0;2.0;4.0;2.0;B01
42691;201300028144;0;7;0;0.0;2.0;1.0;1.0;B01
42692;201300028144;0;7;0;8.0;2.0;1.0;9.0;A01
42693;201300028145;0;7;0;0.0;2.0;7.0;1.0;B01
42694;201300028145;0;7;0;0.0;2.0;1.0;19.0;A01
42695;201300028146;0;33;0;0.0;2.0;1.0;1.0;B01
42696;201300028146;0;7;0;0.0;2.0;1.0;15.0;A01
42697;201300028147;0;7;0;0.0;2.0;0.0;1.0;B01
42698;201300028147;0;10;0;0.0;2.0;0.0;1.0;A01
42699;201300028148;0;1;0;0.0;2.0;4.0;19.0;B01
42700;201300028148;1;7;0;0.0;0.0;2.0;21.0;A01
42701;201300028149;0;2;0;0.0;2.0;7.0;12.0;A01
42702;201300028149;0;7;0;0.0;2.0;3.0;1.0;B01
42703;201300028150;0;30;0;1.0;0.0;3.0;13.0;A01
42704;201300028151;0;7;0;0.0;2.0;2.0;10.0;A01
42705;201300028151;0;1;0;0.0;2.0;1.0;1.0;B01
42706;201300028152;0;7;0;0.0;1.0;3.0;1.0;A01
42707;201300028153;1;13;0;0.0;0.0;0.0;1.0;B01
42708;201300028153;0;7;0;0.0;2.0;8.0;1.0;A01
42709;201300028155;0;7;0;0.0;1.0;1.0;15.0;A01
42710;201300028156;0;30;0;0.0;0.0;0.0;1.0;A01
42711;201300028158;0;7;0;0.0;2.0;4.0;23.0;B01
42712;201300028158;0;7;0;3.0;2.0;1.0;17.0;A01
42713;201300028159;0;7;0;13.0;0.0;2.0;14.0;A01
42714;201300028160;0;7;0;0.0;1.0;4.0;4.0;A01
42715;201300028161;0;1;0;0.0;0.0;0.0;1.0;A01
42716;201300028162;0;30;0;0.0;1.0;1.0;1.0;A01
42717;201300028163;0;1;0;8.0;0.0;1.0;13.0;A01
42718;201300028164;0;30;0;16.0;0.0;0.0;1.0;A01
42719;201300028165;0;7;0;0.0;2.0;5.0;23.0;C01
42720;201300028165;0;7;0;0.0;2.0;8.0;22.0;A01
42721;201300028165;0;1;0;1.0;0.0;1.0;18.0;B01
42722;201300028166;0;7;0;0.0;2.0;2.0;9.0;A01
42723;201300028166;0;1;0;0.0;2.0;5.0;1.0;B01
42724;201300028168;0;7;0;0.0;2.0;3.0;11.0;A01
42725;201300028168;0;33;0;0.0;2.0;7.0;1.0;B01
42726;201300028170;1;7;0;0.0;1.0;4.0;4.0;Z01
42727;201300028171;0;30;0;12.0;0.0;2.0;14.0;A01
42728;201300028172;0;7;0;15.0;2.0;7.0;15.0;A01
42729;201300028172;0;7;0;0.0;2.0;1.0;1.0;B01
42730;201300028174;0;7;0;0.0;2.0;1.0;2.0;A01
42731;201300028174;0;7;0;0.0;2.0;4.0;23.0;D01
42732;201300028174;0;7;0;0.0;2.0;4.0;23.0;C01
42733;201300028174;0;7;0;0.0;2.0;4.0;23.0;B01
42734;201300028175;0;7;0;6.0;0.0;1.0;13.0;A01
42735;201300028177;0;7;0;0.0;2.0;4.0;23.0;B01
42736;201300028177;0;30;0;0.0;2.0;1.0;2.0;A01