;Num_Acc;senc;catv;occutc;obs;obsm;choc;manv;num_veh
43157;201300028472;0;10;0;0.0;2.0;4.0;23.0;B01
43158;201300028473;0;7;0;0.0;1.0;1.0;21.0;A01
43159;201300028474;0;31;0;0.0;1.0;1.0;21.0;A01
43160;201300028475;0;7;0;0.0;2.0;3.0;1.0;B01
43161;201300028475;0;7;0;0.0;2.0;2.0;1.0;A01
43162;201300028476;0;7;0;0.0;2.0;1.0;1.0;A01
43163;201300028476;0;7;0;12.0;0.0;0.0;21.0;C01
43164;201300028476;0;7;0;0.0;2.0;4.0;23.0;B01
43165;201300028477;0;7;0;0.0;2.0;1.0;1.0;A01
43166;201300028477;0;7;0;0.0;2.0;4.0;23.0;B01
43167;201300028478;0;7;0;0.0;2.0;2.0;1.0;B01
43168;201300028478;0;33;0;0.0;0.0;7.0;0.0;A01
43169;201300028479;0;7;0;0.0;2.0;4.0;23.0;B01
43170;201300028479;0;7;0;0.0;2.0;1.0;21.0;A01
43171;201300028480;0;7;0;0.0;1.0;4.0;4.0;A01
43172;201300028481;0;7;0;0.0;2.0;3.0;1.0;A01
43173;201300028481;0;7;0;0.0;2.0;2.0;1.0;B01
43174;201300028482;0;30;0;0.0;2.0;7.0;1.0;A01
43175;201300028482;0;7;0;0.0;2.0;2.0;16.0;B01
43176;201300028483;0;7;0;6.0;0.0;1.0;13.0;A01
43177;201300028484;0;7;0;0.0;2.0;8.0;15.0;A01
43178;201300028484;0;33;0;6.0;2.0;2.0;21.0;B01
43179;201300028486;0;10;0;0.0;2.0;1.0;13.0;A01
43180;201300028486;0;1;0;0.0;2.0;4.0;1.0;B01
43181;201300028487;0;7;0;8.0;0.0;1.0;13.0;A01
43182;201300028488;0;2;0;0.0;2.0;1.0;1.0;B01
43183;201300028488;0;7;0;0.0;2.0;7.0;15.0;A01
43184;201300028490;0;33;0;12.0;0.0;1.0;1.0;A01
43185;201300028492;0;7;0;0.0;1.0;1.0;1.0;A01
43186;201300028493;0;7;0;0.0;2.0;6.0;1.0;B01
43187;201300028493;0;7;0;0.0;2.0;3.0;13.0;A01
43188;201300028494;0;7;0;0.0;2.0;6.0;15.0;B01
43189;201300028494;0;33;0;0.0;2.0;2.0;17.0;A01
43190;201300028495;0;2;0;0.0;2.0;0.0;0.0;A01
43191;201300028495;1;7;0;0.0;2.0;0.0;0.0;Z01
43192;201300028496;0;7;0;0.0;2.0;0.0;0.0;B01
43193;201300028496;0;7;0;0.0;2.0;0.0;0.0;A01
43194;201300028497;0;7;0;15.0;0.0;1.0;0.0;A01
43195;201300028498;0;7;0;0.0;0.0;0.0;0.0;A01
43196;201300028499;0;7;0;0.0;1.0;3.0;1.0;A01
43197;201300028500;0;7;0;1.0;0.0;3.0;13.0;A01
43198;201300028501;0;7;0;0.0;2.0;2.0;1.0;B01
43199;201300028501;0;30;0;0.0;2.0;3.0;1.0;A01
43200;201300028502;0;30;0;0.0;2.0;1.0;17.0;B01
43201;201300028502;0;7;0;0.0;2.0;3.0;15.0;A01
43202;201300028503;0;7;0;0.0;2.0;2.0;9.0;A01
43203;201300028503;0;1;0;0.0;2.0;5.0;0.0;B01
43204;201300028504;0;10;0;11.0;2.0;1.0;1.0;B01
43205;201300028504;0;7;0;0.0;2.0;8.0;15.0;A01
43206;201300028505;0;7;0;0.0;1.0;7.0;1.0;A01
43207;201300028506;0;7;0;0.0;1.0;1.0;1.0;A01
43208;201300028508;0;7;0;0.0;1.0;2.0;1.0;A01
43209;201300028510;0;7;0;0.0;2.0;3.0;13.0;A01
43210;201300028510;0;7;0;0.0;2.0;3.0;1.0;B01
43211;201300028511;0;7;0;13.0;0.0;1.0;1.0;A01
43212;201300028512;0;14;0;0.0;1.0;7.0;4.0;A01
43213;201300028513;0;33;0;9.0;0.0;9.0;11.0;A01
43214;201300028514;0;33;0;3.0;0.0;8.0;1.0;A01
43215;201300028516;0;7;0;8.0;0.0;1.0;1.0;A01
43216;201300028517;0;34;0;0.0;2.0;1.0;1.0;A01
43217;201300028517;0;7;0;0.0;2.0;8.0;15.0;B01
43218;201300028518;0;7;0;0.0;1.0;1.0;1.0;A01
43219;201300028519;0;33;0;0.0;2.0;1.0;2.0;A01
43220;201300028519;0;7;0;0.0;2.0;6.0;15.0;B01
43221;201300028520;0;17;0;0.0;2.0;6.0;18.0;A01
43222;201300028520;0;3;0;0.0;2.0;7.0;14.0;B01
43223;201300028522;0;2;0;1.0;1.0;1.0;1.0;A01
43224;201300028523;0;3;0;0.0;1.0;1.0;1.0;A01
43225;201300028524;0;7;0;0.0;2.0;2.0;15.0;A01
43226;201300028524;0;33;0;0.0;2.0;8.0;1.0;B01
43227;201300028525;0;7;0;0.0;1.0;2.0;1.0;A01
43228;201300028526;0;7;0;0.0;2.0;2.0;15.0;A01
43229;201300028526;0;2;0;0.0;2.0;1.0;17.0;B01
43230;201300028527;0;7;0;0.0;1.0;2.0;2.0;A01
43231;201300028528;0;7;0;0.0;1.0;2.0;1.0;A01
43232;201300028529;0;10;0;0.0;2.0;1.0;1.0;A01
43233;201300028529;0;7;0;0.0;2.0;1.0;1.0;B01
43234;201300028530;0;10;0;0.0;2.0;2.0;15.0;A01
43235;201300028530;0;33;0;0.0;2.0;1.0;1.0;B01
43236;201300028531;0;7;0;0.0;2.0;2.0;13.0;A01
43237;201300028531;0;7;0;0.0;2.0;1.0;1.0;B01
43238;201300028532;0;7;0;7.0;0.0;0.0;0.0;A01
43239;201300028533;0;7;0;0.0;2.0;1.0;13.0;A01
43240;201300028533;0;7;0;0.0;2.0;1.0;1.0;B01
43241;201300028534;0;7;0;0.0;1.0;2.0;1.0;A01
43242;201300028535;0;2;0;0.0;2.0;1.0;0.0;B01
43243;201300028535;0;7;0;0.0;2.0;3.0;10.0;A01
43244;201300028536;0;7;0;0.0;2.0;2.0;2.0;A01
43245;201300028536;0;1;0;0.0;2.0;4.0;2.0;B01
43246;201300028537;0;2;0;3.0;0.0;2.0;15.0;A01
43247;201300028538;0;7;0;0.0;2.0;1.0;13.0;A01
43248;201300028538;0;7;0;13.0;0.0;7.0;21.0;C01
43249;201300028538;0;7;0;0.0;2.0;3.0;1.0;B01
43250;201300028539;0;7;0;9.0;1.0;1.0;1.0;A01
43251;201300028540;0;7;0;0.0;1.0;1.0;1.0;A01
43252;201300028542;0;7;0;1.0;0.0;3.0;13.0;A01
43253;201300028543;0;7;0;0.0;1.0;1.0;1.0;A01
43254;201300028544;0;7;0;0.0;1.0;2.0;2.0;A01
43255;201300028545;0;7;0;0.0;2.0;7.0;15.0;B01
43256;201300028545;0;33;0;0.0;2.0;7.0;1.0;A01
43257;201300028546;0;2;0;0.0;2.0;2.0;1.0;A01
43258;201300028546;0;7;0;0.0;0.0;3.0;15.0;B01
43259;201300028547;0;7;0;0.0;1.0;1.0;1.0;A01
43260;201300028548;0;7;0;0.0;2.0;3.0;15.0;B01
43261;201300028548;0;7;0;0.0;2.0;1.0;2.0;A01
43262;201300028549;0;7;0;11.0;0.0;0.0;6.0;A01
43263;201300028550;0;7;0;0.0;2.0;1.0;1.0;B01
43264;201300028550;0;7;0;0.0;2.0;3.0;9.0;A01
43265;201300028551;0;7;0;3.0;0.0;9.0;2.0;A01
43266;201300028552;0;7;0;0.0;2.0;1.0;5.0;A01
43267;201300028552;0;7;0;0.0;2.0;1.0;23.0;B01
43268;201300028553;0;7;0;0.0;2.0;1.0;1.0;B01
43269;201300028553;0;7;0;0.0;2.0;6.0;9.0;A01
43270;201300028554;0;7;0;0.0;1.0;1.0;1.0;A01
43271;201300028555;0;7;0;2.0;9.0;9.0;1.0;A01
43272;201300028556;0;7;0;13.0;0.0;9.0;1.0;A01
43273;201300028557;0;7;0;0.0;2.0;4.0;0.0;B01
43274;201300028557;0;7;0;0.0;2.0;1.0;2.0;A01
43275;201300028558;0;7;0;0.0;2.0;3.0;1.0;B01
43276;201300028558;1;7;0;0.0;2.0;1.0;9.0;A01
43277;201300028560;0;7;0;0.0;2.0;1.0;5.0;A01
43278;201300028560;0;7;0;0.0;2.0;1.0;5.0;B01
43279;201300028561;1;99;0;0.0;1.0;0.0;0.0;A01
43280;201300028562;0;3;0;0.0;1.0;1.0;1.0;A01
43281;201300028563;0;3;0;0.0;2.0;2.0;1.0;A01
43282;201300028563;0;3;0;0.0;2.0;1.0;1.0;B01
43283;201300028564;0;33;0;0.0;2.0;8.0;1.0;B01
43284;201300028564;0;30;0;0.0;2.0;7.0;2.0;A01
43285;201300028565;0;33;0;0.0;2.0;1.0;1.0;B01
43286;201300028565;0;7;0;0.0;2.0;1.0;19.0;A01
43287;201300028566;0;7;0;0.0;2.0;1.0;9.0;A01
43288;201300028566;0;7;0;0.0;2.0;1.0;1.0;B01
43289;201300028570;0;7;0;0.0;2.0;8.0;19.0;A01
43290;201300028570;0;33;0;0.0;2.0;1.0;1.0;B01
43291;201300028571;0;31;0;0.0;2.0;8.0;15.0;A01
43292;201300028571;0;7;0;0.0;2.0;7.0;17.0;B01
43293;201300028572;0;7;0;0.0;2.0;3.0;23.0;C01
43294;201300028572;0;33;0;8.0;2.0;9.0;21.0;B01
43295;201300028572;0;7;0;0.0;0.0;0.0;15.0;A01
43296;201300028573;0;7;0;0.0;2.0;4.0;1.0;B01
43297;201300028573;0;7;0;0.0;2.0;1.0;1.0;A01
43298;201300028574;0;7;0;8.0;2.0;6.0;1.0;A01
43299;201300028574;0;7;0;0.0;2.0;3.0;15.0;B01
43300;201300028575;0;7;0;0.0;1.0;2.0;1.0;A01
43301;201300028576;0;15;0;3.0;0.0;7.0;9.0;A01
43302;201300028577;0;7;0;15.0;0.0;9.0;14.0;A01
43303;201300028578;0;7;0;8.0;0.0;1.0;0.0;A01
43304;201300028579;0;7;0;0.0;1.0;4.0;20.0;A01
43305;201300028581;0;7;0;0.0;2.0;4.0;1.0;B01
43306;201300028581;0;7;0;0.0;2.0;1.0;1.0;A01
43307;201300028582;0;7;0;0.0;1.0;2.0;1.0;A01
43308;201300028583;0;7;0;0.0;1.0;2.0;17.0;A01
43309;201300028584;0;7;0;0.0;2.0;1.0;13.0;A01
43310;201300028584;0;7;0;0.0;2.0;1.0;1.0;B01
43311;201300028585;0;7;0;0.0;2.0;1.0;1.0;A01
43312;201300028585;0;33;0;0.0;2.0;4.0;1.0;B01
43313;201300028586;0;7;0;0.0;1.0;1.0;1.0;A01
43314;201300028587;0;7;0;6.0;0.0;1.0;0.0;A01
43315;201300028588;0;7;0;0.0;2.0;2.0;2.0;A01
43316;201300028588;0;7;0;13.0;2.0;6.0;1.0;B01
43317;201300028589;0;7;0;0.0;1.0;2.0;1.0;A01
43318;201300028590;0;7;0;13.0;0.0;0.0;1.0;A01
43319;201300028591;0;7;0;0.0;2.0;1.0;1.0;A01
43320;201300028591;0;7;0;0.0;2.0;4.0;1.0;B01
43321;201300028592;0;10;0;0.0;2.0;6.0;9.0;B01
43322;201300028592;0;3;0;0.0;2.0;1.0;14.0;A01
43323;201300028593;0;7;0;6.0;2.0;9.0;1.0;A01
43324;201300028594;0;7;0;0.0;2.0;4.0;2.0;B01
43325;201300028594;0;7;0;0.0;2.0;1.0;2.0;A01
43326;201300028595;0;31;0;0.0;2.0;3.0;1.0;B01
43327;201300028595;0;7;0;0.0;2.0;1.0;1.0;A01
43328;201300028596;0;7;0;0.0;0.0;8.0;15.0;B01
43329;201300028596;0;33;0;0.0;2.0;1.0;2.0;A01
43330;201300028597;0;30;0;0.0;2.0;7.0;1.0;A01
43331;201300028597;0;7;0;0.0;2.0;3.0;1.0;B01
43332;201300028598;0;7;0;0.0;1.0;2.0;16.0;A01
43333;201300028599;1;7;0;0.0;1.0;0.0;0.0;Z01
43334;201300028600;0;37;4;0.0;1.0;5.0;9.0;A01
43335;201300028601;0;7;0;0.0;2.0;1.0;2.0;A01
43336;201300028601;0;7;0;0.0;0.0;4.0;2.0;B01
43337;201300028601;0;10;0;0.0;2.0;4.0;23.0;C01
43338;201300028602;0;7;0;0.0;2.0;1.0;2.0;A01
43339;201300028602;0;7;0;0.0;2.0;4.0;2.0;B01
43340;201300028603;0;2;0;0.0;0.0;0.0;1.0;B01
43341;201300028603;0;7;0;0.0;2.0;0.0;15.0;A01
43342;201300028604;0;7;0;0.0;1.0;0.0;0.0;A01
43343;201300028605;1;7;0;0.0;1.0;0.0;0.0;Z01
43344;201300028607;0;2;0;0.0;2.0;2.0;1.0;B01
43345;201300028607;0;7;0;0.0;2.0;1.0;9.0;A01
43346;201300028608;0;7;0;0.0;2.0;1.0;2.0;A01
43347;201300028608;0;7;0;0.0;2.0;4.0;2.0;C01
43348;201300028608;0;7;0;0.0;2.0;4.0;2.0;B01
43349;201300028609;0;2;0;0.0;0.0;1.0;1.0;A01
43350;201300028610;1;7;0;0.0;1.0;0.0;0.0;Z01
43351;201300028611;0;10;0;0.0;2.0;1.0;15.0;A01
43352;201300028611;0;7;0;0.0;2.0;1.0;1.0;B01
43353;201300028612;0;30;0;0.0;1.0;7.0;0.0;B01
43354;201300028612;0;7;0;0.0;2.0;3.0;11.0;A01
43355;201300028613;0;10;0;0.0;2.0;1.0;2.0;A01
43356;201300028613;0;7;0;0.0;2.0;4.0;23.0;B01
43357;201300028614;2;14;0;0.0;1.0;1.0;1.0;A01
43358;201300028615;0;7;0;0.0;2.0;1.0;0.0;B01
43359;201300028615;0;7;0;0.0;2.0;1.0;0.0;A01
43360;201300028616;0;7;0;0.0;1.0;1.0;1.0;A01
43361;201300028617;0;7;0;0.0;2.0;1.0;0.0;B01
43362;201300028617;0;7;0;0.0;2.0;1.0;15.0;A01
43363;201300028618;0;7;0;0.0;2.0;4.0;23.0;B01
43364;201300028618;0;7;0;0.0;2.0;4.0;23.0;C01
43365;201300028618;0;7;0;0.0;2.0;1.0;2.0;A01
43366;201300028619;0;30;0;0.0;1.0;1.0;0.0;A01
43367;201300028620;0;7;0;0.0;2.0;2.0;1.0;B01
43368;201300028620;0;7;0;0.0;2.0;8.0;11.0;A01
43369;201300028621;0;7;0;0.0;2.0;1.0;15.0;A01
43370;201300028621;0;2;0;0.0;2.0;3.0;0.0;B01
43371;201300028622;0;7;0;0.0;1.0;7.0;2.0;A01
43372;201300028624;0;7;0;0.0;2.0;5.0;15.0;A01
43373;201300028624;0;7;0;0.0;2.0;3.0;0.0;D01
43374;201300028624;0;33;0;0.0;2.0;1.0;0.0;B01
43375;201300028624;0;7;0;0.0;2.0;3.0;0.0;C01
43376;201300028625;0;7;0;0.0;2.0;2.0;15.0;A01
43377;201300028625;0;7;0;0.0;2.0;1.0;0.0;B01
43378;201300028626;0;7;0;0.0;1.0;3.0;2.0;A01
43379;201300028627;0;7;0;0.0;1.0;0.0;1.0;A01
43380;201300028628;0;7;0;0.0;1.0;1.0;1.0;A01
43381;201300028630;0;7;0;0.0;1.0;0.0;15.0;A01
43382;201300028631;0;7;0;1.0;0.0;1.0;1.0;A01
43383;201300028632;1;99;0;0.0;1.0;2.0;0.0;Z01
43384;201300028634;0;7;0;0.0;2.0;1.0;2.0;A01
43385;201300028634;0;7;0;0.0;2.0;4.0;2.0;B01
43386;201300028635;1;7;0;0.0;2.0;1.0;2.0;A01
43387;201300028635;0;7;0;0.0;2.0;4.0;2.0;B01
43388;201300028636;0;7;0;0.0;2.0;4.0;2.0;B01
43389;201300028636;1;7;0;0.0;2.0;1.0;2.0;A01
43390;201300028637;0;10;0;0.0;1.0;0.0;0.0;A01
43391;201300028639;0;7;0;0.0;2.0;3.0;9.0;A01
43392;201300028639;0;10;0;1.0;2.0;2.0;1.0;B01
43393;201300028640;0;7;0;0.0;1.0;1.0;16.0;A01
43394;201300028641;0;37;1;0.0;1.0;0.0;0.0;A01
43395;201300028642;1;7;0;0.0;1.0;1.0;1.0;Z01
43396;201300028643;0;2;0;0.0;2.0;8.0;2.0;B01
43397;201300028643;0;7;0;0.0;2.0;2.0;9.0;A01
43398;201300028644;0;1;0;0.0;2.0;8.0;1.0;B01
43399;201300028644;1;33;0;0.0;2.0;1.0;1.0;A01
43400;201300028645;0;7;0;0.0;1.0;3.0;1.0;A01
43401;201300028646;0;7;0;0.0;9.0;3.0;15.0;A01
43402;201300028646;0;1;0;0.0;2.0;2.0;1.0;B01
43403;201300028647;0;7;0;0.0;2.0;1.0;1.0;B01
43404;201300028647;0;7;0;0.0;2.0;2.0;1.0;A01
43405;201300028648;0;7;0;0.0;2.0;3.0;0.0;A01
43406;201300028648;0;30;0;0.0;2.0;1.0;0.0;B01
43407;201300028649;0;2;0;0.0;1.0;1.0;1.0;A01
43408;201300028650;0;7;0;8.0;2.0;1.0;1.0;A01
43409;201300028650;0;37;1;0.0;2.0;8.0;1.0;B01
43410;201300028652;0;7;0;0.0;2.0;1.0;0.0;B01
43411;201300028652;0;7;0;0.0;2.0;6.0;0.0;A01
43412;201300028653;0;7;0;0.0;1.0;1.0;1.0;B01
43413;201300028654;0;7;0;0.0;2.0;6.0;0.0;B01
43414;201300028654;0;7;0;0.0;2.0;1.0;0.0;A01
43415;201300028655;0;7;0;0.0;1.0;8.0;1.0;A01
43416;201300028656;0;7;0;0.0;2.0;3.0;1.0;A01
43417;201300028656;0;7;0;0.0;2.0;3.0;1.0;B01
43418;201300028657;0;31;0;0.0;2.0;0.0;0.0;A01
43419;201300028657;0;7;0;0.0;2.0;5.0;0.0;B01
43420;201300028658;1;99;0;0.0;2.0;1.0;1.0;Z01
43421;201300028658;0;2;0;0.0;2.0;4.0;1.0;A01
43422;201300028659;0;7;0;0.0;1.0;1.0;1.0;A01
43423;201300028660;0;7;0;0.0;1.0;3.0;1.0;A01
43424;201300028661;0;37;25;0.0;2.0;1.0;1.0;B01
43425;201300028661;0;7;0;15.0;2.0;2.0;15.0;A01
43426;201300028661;0;7;0;0.0;2.0;1.0;1.0;C01
43427;201300028662;0;7;0;0.0;2.0;6.0;2.0;B01
43428;201300028662;0;7;0;0.0;2.0;0.0;2.0;A01
43429;201300028663;0;30;0;0.0;1.0;0.0;0.0;A01
43430;201300028665;0;1;0;0.0;2.0;1.0;1.0;B01
43431;201300028665;0;7;0;0.0;2.0;3.0;15.0;A01
43432;201300028666;0;7;0;0.0;2.0;7.0;15.0;A01
43433;201300028666;0;7;0;0.0;2.0;1.0;0.0;B01
43434;201300028667;0;7;0;6.0;0.0;9.0;1.0;A01
43435;201300028668;0;7;0;1.0;0.0;2.0;1.0;A01
43436;201300028670;0;1;0;0.0;1.0;1.0;5.0;A01
43437;201300028671;0;7;0;0.0;2.0;4.0;23.0;C01
43438;201300028671;0;7;0;0.0;2.0;4.0;23.0;B01
43439;201300028671;1;7;0;0.0;2.0;1.0;2.0;Z01
43440;201300028673;0;33;0;0.0;1.0;6.0;1.0;A01
43441;201300028675;0;7;0;0.0;2.0;6.0;2.0;B01
43442;201300028675;0;7;0;0.0;2.0;2.0;2.0;A01
43443;201300028676;0;7;0;0.0;2.0;7.0;0.0;A01
43444;201300028676;0;7;0;0.0;2.0;1.0;0.0;B01
43445;201300028677;0;7;0;0.0;2.0;8.0;1.0;A01
43446;201300028677;0;7;0;0.0;2.0;1.0;1.0;B01
43447;201300028678;0;7;0;0.0;2.0;4.0;23.0;C01
43448;201300028678;0;7;0;0.0;2.0;4.0;23.0;B01
43449;201300028678;0;7;0;0.0;2.0;1.0;1.0;A01
43450;201300028678;0;7;0;0.0;2.0;4.0;23.0;D01
43451;201300028679;0;30;0;0.0;2.0;1.0;0.0;B01
43452;201300028679;0;7;0;0.0;2.0;6.0;0.0;A01
43453;201300028680;0;40;0;0.0;1.0;0.0;0.0;A01
43454;201300028681;0;7;0;0.0;2.0;1.0;0.0;B01
43455;201300028681;0;7;0;0.0;2.0;1.0;13.0;A01
43456;201300028682;0;7;0;0.0;1.0;2.0;1.0;A01
43457;201300028683;0;3;0;0.0;1.0;1.0;1.0;A01
43458;201300028685;0;7;0;0.0;2.0;1.0;2.0;A01
43459;201300028685;0;7;0;0.0;2.0;4.0;2.0;C01
43460;201300028685;0;7;0;0.0;2.0;1.0;2.0;B01
43461;201300028686;0;10;0;0.0;2.0;1.0;2.0;A01
43462;201300028686;0;7;0;0.0;2.0;4.0;2.0;B01
43463;201300028687;0;7;0;0.0;2.0;2.0;2.0;A01
43464;201300028687;0;7;0;0.0;2.0;4.0;2.0;B01
43465;201300028688;0;7;0;0.0;1.0;1.0;1.0;A01
43466;201300028689;0;7;0;0.0;2.0;4.0;2.0;B01
43467;201300028689;0;7;0;0.0;2.0;1.0;2.0;A01
43468;201300028690;0;1;0;0.0;2.0;1.0;0.0;B01
43469;201300028690;0;7;0;0.0;2.0;6.0;0.0;A01
43470;201300028691;0;7;0;0.0;1.0;0.0;15.0;A01
43471;201300028692;0;7;0;0.0;1.0;1.0;0.0;A01
43472;201300028693;0;40;0;0.0;1.0;7.0;23.0;A01
43473;201300028694;0;7;0;0.0;2.0;3.0;0.0;A01
43474;201300028694;0;33;0;0.0;2.0;1.0;0.0;B01
43475;201300028696;0;7;0;0.0;1.0;1.0;1.0;A01
43476;201300028697;0;33;0;0.0;2.0;1.0;18.0;A01
43477;201300028697;0;7;0;0.0;2.0;7.0;20.0;B01
43478;201300028698;0;7;0;0.0;2.0;1.0;0.0;A01
43479;201300028698;0;7;0;0.0;2.0;8.0;0.0;B01
43480;201300028700;0;7;0;0.0;1.0;1.0;1.0;A01
43481;201300028701;0;7;0;0.0;1.0;7.0;22.0;A01
43482;201300028702;0;7;0;0.0;2.0;3.0;0.0;A01
43483;201300028702;0;7;0;0.0;2.0;1.0;0.0;B01
43484;201300028703;2;7;0;0.0;2.0;1.0;0.0;A01
43485;201300028703;0;7;0;0.0;2.0;1.0;0.0;B01
43486;201300028704;1;7;0;0.0;1.0;0.0;1.0;Z01
43487;201300028705;0;7;0;0.0;9.0;3.0;15.0;B01
43488;201300028705;0;1;0;0.0;2.0;1.0;1.0;A01
43489;201300028706;0;7;0;0.0;2.0;4.0;2.0;B01
43490;201300028706;1;99;0;0.0;0.0;0.0;0.0;Z01
43491;201300028707;0;2;0;0.0;2.0;1.0;0.0;B01
43492;201300028707;0;7;0;0.0;2.0;1.0;13.0;A01
43493;201300028708;0;1;0;0.0;2.0;4.0;2.0;B01
43494;201300028708;1;99;0;0.0;0.0;0.0;0.0;Z01
43495;201300028709;0;33;0;0.0;2.0;0.0;15.0;A01
43496;201300028709;0;7;0;0.0;2.0;1.0;1.0;B01
43497;201300028710;0;7;0;0.0;1.0;1.0;0.0;A01
43498;201300028711;0;7;0;0.0;2.0;8.0;1.0;B01
43499;201300028711;0;7;0;0.0;2.0;1.0;1.0;A01
43500;201300028712;0;7;0;0.0;2.0;7.0;0.0;A01
43501;201300028712;0;7;0;0.0;2.0;1.0;0.0;B01
43502;201300028713;0;10;0;0.0;2.0;8.0;1.0;B01
43503;201300028713;0;7;0;0.0;2.0;2.0;16.0;A01
43504;201300028714;0;7;0;0.0;1.0;0.0;15.0;A01
43505;201300028715;0;7;0;0.0;1.0;1.0;1.0;A01
43506;201300028716;0;7;0;6.0;0.0;1.0;1.0;A01
43507;201300028717;0;7;0;0.0;2.0;4.0;2.0;B01
43508;201300028717;0;7;0;0.0;2.0;1.0;2.0;A01
43509;201300028717;0;7;0;0.0;2.0;4.0;2.0;C01
43510;201300028719;0;7;0;0.0;1.0;3.0;0.0;A01
43511;201300028720;0;2;0;0.0;2.0;1.0;0.0;A01
43512;201300028720;0;7;0;0.0;2.0;6.0;0.0;B01
43513;201300028721;0;40;0;0.0;2.0;6.0;2.0;B01
43514;201300028721;0;1;0;0.0;2.0;3.0;2.0;A01
43515;201300028722;0;7;0;0.0;2.0;8.0;13.0;A01
43516;201300028722;0;33;0;0.0;2.0;0.0;11.0;B01
43517;201300028723;0;7;0;0.0;1.0;2.0;1.0;A01
43518;201300028724;0;3;0;0.0;2.0;1.0;0.0;B01
43519;201300028724;0;3;0;0.0;2.0;7.0;0.0;A01
43520;201300028725;0;7;0;0.0;2.0;4.0;23.0;C01
43521;201300028725;0;7;0;0.0;2.0;1.0;2.0;A01
43522;201300028725;0;7;0;0.0;2.0;4.0;23.0;B01
43523;201300028725;0;7;0;0.0;2.0;4.0;23.0;D01
43524;201300028726;0;32;0;0.0;2.0;0.0;0.0;B01
43525;201300028726;0;7;0;0.0;2.0;1.0;0.0;A01
43526;201300028727;1;7;0;0.0;1.0;0.0;0.0;Z01
43527;201300028728;0;32;0;0.0;2.0;1.0;0.0;B01
43528;201300028728;0;7;0;0.0;2.0;2.0;0.0;A01
43529;201300028729;0;1;0;0.0;2.0;0.0;0.0;B01
43530;201300028729;0;7;0;0.0;2.0;2.0;15.0;A01
43531;201300028730;0;33;0;0.0;2.0;1.0;0.0;A01
43532;201300028730;0;33;0;0.0;2.0;4.0;0.0;B01
43533;201300028731;0;7;0;0.0;1.0;2.0;1.0;A01
43534;201300028732;0;14;0;0.0;2.0;2.0;1.0;A01
43535;201300028732;0;7;0;0.0;2.0;3.0;1.0;B01
43536;201300028733;0;7;0;0.0;1.0;1.0;0.0;A01
43537;201300028734;1;7;0;0.0;2.0;1.0;2.0;Z01
43538;201300028734;0;7;0;0.0;2.0;4.0;2.0;B01
43539;201300028735;0;31;0;0.0;2.0;1.0;21.0;A01
43540;201300028735;0;7;0;0.0;2.0;7.0;0.0;B01
43541;201300028735;0;7;0;0.0;0.0;0.0;0.0;C01
43542;201300028736;0;7;0;0.0;1.0;2.0;1.0;A01
43543;201300028737;0;30;0;0.0;2.0;1.0;0.0;B01
43544;201300028737;0;7;0;0.0;2.0;1.0;15.0;A01
43545;201300028738;0;7;0;0.0;1.0;0.0;0.0;A01
43546;201300028739;0;31;0;0.0;2.0;1.0;1.0;A01
43547;201300028739;0;2;0;0.0;2.0;4.0;23.0;B01
43548;201300028740;0;7;0;0.0;2.0;4.0;1.0;B01
43549;201300028740;0;7;0;0.0;2.0;1.0;9.0;A01
43550;201300028741;0;7;0;0.0;2.0;3.0;13.0;A01
43551;201300028741;0;7;0;0.0;2.0;3.0;0.0;B01
43552;201300028741;0;7;0;0.0;2.0;8.0;0.0;C01
43553;201300028742;0;7;0;0.0;2.0;2.0;0.0;B01
43554;201300028742;0;1;0;0.0;2.0;0.0;0.0;A01
43555;201300028743;0;1;0;0.0;1.0;0.0;0.0;A01
43556;201300028744;0;7;0;0.0;1.0;1.0;1.0;A01
43557;201300028745;0;7;0;0.0;2.0;3.0;0.0;A01
43558;201300028745;0;34;0;0.0;2.0;8.0;0.0;B01
43559;201300028746;0;7;0;0.0;1.0;0.0;0.0;A01
43560;201300028747;0;7;0;0.0;1.0;3.0;15.0;A01
43561;201300028748;1;7;0;0.0;0.0;0.0;0.0;Z01
43562;201300028748;0;2;0;0.0;2.0;0.0;21.0;A01
43563;201300028749;0;40;0;0.0;1.0;2.0;0.0;A01
43564;201300028750;0;7;0;0.0;2.0;1.0;0.0;A01
43565;201300028750;0;7;0;0.0;2.0;8.0;0.0;B01
43566;201300028751;0;31;0;0.0;2.0;1.0;0.0;A01
43567;201300028751;0;7;0;0.0;2.0;1.0;0.0;B01
43568;201300028752;0;7;0;0.0;2.0;4.0;2.0;B01
43569;201300028752;0;14;0;0.0;2.0;2.0;2.0;A01
43570;201300028753;0;7;0;0.0;2.0;4.0;23.0;B01
43571;201300028753;0;7;0;0.0;2.0;1.0;2.0;A01
43572;201300028754;0;7;0;0.0;1.0;4.0;4.0;A01
43573;201300028755;1;99;0;0.0;1.0;0.0;0.0;Z01
43574;201300028756;0;10;0;0.0;2.0;1.0;2.0;A01
43575;201300028756;0;7;0;0.0;2.0;4.0;23.0;C01
43576;201300028756;0;7;0;0.0;2.0;4.0;23.0;B01
43577;201300028757;0;7;0;0.0;2.0;4.0;2.0;B01
43578;201300028757;0;7;0;1.0;2.0;6.0;2.0;C01
43579;201300028757;0;7;0;0.0;2.0;1.0;2.0;A01