;Num_Acc;senc;catv;occutc;obs;obsm;choc;manv;num_veh
43580;201300028757;0;7;0;0.0;2.0;2.0;1.0;D01
43581;201300028758;1;7;0;0.0;2.0;1.0;9.0;Z01
43582;201300028758;0;2;0;0.0;2.0;3.0;1.0;B01
43583;201300028759;0;10;0;0.0;2.0;4.0;2.0;B01
43584;201300028759;0;7;0;0.0;2.0;1.0;2.0;A01
43585;201300028760;0;7;0;0.0;2.0;2.0;1.0;B01
43586;201300028760;0;7;0;0.0;2.0;3.0;15.0;A01
43587;201300028761;0;37;1;0.0;2.0;6.0;0.0;B01
43588;201300028761;0;7;0;0.0;2.0;2.0;0.0;A01
43589;201300028762;0;34;0;0.0;2.0;0.0;0.0;B01
43590;201300028762;0;7;0;0.0;2.0;3.0;20.0;A01
43591;201300028763;0;7;0;0.0;2.0;1.0;0.0;A01
43592;201300028763;0;7;0;0.0;2.0;4.0;2.0;B01
43593;201300028764;0;32;0;0.0;2.0;2.0;2.0;A01
43594;201300028764;0;7;0;0.0;2.0;6.0;23.0;B01
43595;201300028765;0;7;0;0.0;1.0;3.0;15.0;A01
43596;201300028767;0;7;0;0.0;2.0;8.0;24.0;C01
43597;201300028767;0;7;0;0.0;1.0;6.0;24.0;B01
43598;201300028767;0;7;0;0.0;2.0;1.0;24.0;A01
43599;201300028768;0;7;0;0.0;2.0;1.0;0.0;B01
43600;201300028768;0;1;0;0.0;2.0;1.0;0.0;A01
43601;201300028769;0;2;0;0.0;2.0;2.0;1.0;B01
43602;201300028769;0;7;0;0.0;2.0;8.0;24.0;A01
43603;201300028770;0;7;0;0.0;0.0;0.0;16.0;A01
43604;201300028770;0;1;0;0.0;0.0;0.0;2.0;B01
43605;201300028771;0;7;0;0.0;2.0;7.0;1.0;B01
43606;201300028771;0;1;0;0.0;2.0;1.0;1.0;A01
43607;201300028772;0;7;0;0.0;2.0;4.0;1.0;B01
43608;201300028772;0;7;0;0.0;2.0;1.0;0.0;A01
43609;201300028773;0;7;0;0.0;2.0;1.0;2.0;A01
43610;201300028773;0;33;0;0.0;2.0;4.0;2.0;B01
43611;201300028774;0;33;0;0.0;2.0;1.0;1.0;B01
43612;201300028774;0;33;0;0.0;2.0;1.0;1.0;A01
43613;201300028775;0;7;0;0.0;1.0;2.0;0.0;A01
43614;201300028776;0;1;0;0.0;2.0;8.0;9.0;A01
43615;201300028776;0;37;7;0.0;2.0;7.0;1.0;B01
43616;201300028777;0;7;0;1.0;0.0;2.0;4.0;A01
43617;201300028778;0;7;0;0.0;2.0;3.0;0.0;B01
43618;201300028778;0;2;0;0.0;2.0;2.0;0.0;A01
43619;201300028779;0;10;0;0.0;2.0;3.0;1.0;B01
43620;201300028779;0;7;0;0.0;2.0;1.0;1.0;A01
43621;201300028780;0;7;0;0.0;2.0;2.0;1.0;A01
43622;201300028780;0;10;0;0.0;2.0;3.0;4.0;B01
43623;201300028781;1;7;0;0.0;0.0;0.0;0.0;Z01
43624;201300028781;0;7;0;12.0;0.0;2.0;0.0;A01
43625;201300028782;0;7;0;0.0;2.0;0.0;0.0;A01
43626;201300028782;0;1;0;0.0;2.0;0.0;0.0;B01
43627;201300028783;0;1;0;0.0;2.0;1.0;1.0;B01
43628;201300028783;0;10;0;0.0;2.0;2.0;15.0;A01
43629;201300028784;0;3;0;0.0;2.0;1.0;2.0;A01
43630;201300028784;0;7;0;0.0;2.0;4.0;23.0;B01
43631;201300028785;0;2;0;0.0;2.0;1.0;0.0;B01
43632;201300028785;1;7;0;0.0;2.0;3.0;15.0;Z01
43633;201300028786;1;7;0;0.0;1.0;0.0;0.0;Z01
43634;201300028787;0;34;0;0.0;1.0;1.0;1.0;A01
43635;201300028788;0;7;0;6.0;0.0;1.0;21.0;A01
43636;201300028788;1;7;0;0.0;0.0;0.0;15.0;Z01
43637;201300028789;0;1;0;0.0;2.0;0.0;0.0;B01
43638;201300028789;0;7;0;0.0;2.0;2.0;15.0;A01
43639;201300028790;0;7;0;1.0;0.0;2.0;1.0;A01
43640;201300028791;0;33;0;0.0;2.0;1.0;18.0;A01
43641;201300028791;0;7;0;0.0;2.0;2.0;10.0;B01
43642;201300028792;0;7;0;0.0;2.0;1.0;2.0;A01
43643;201300028792;0;37;4;0.0;2.0;4.0;23.0;B01
43644;201300028793;0;33;0;0.0;2.0;7.0;5.0;A01
43645;201300028793;0;7;0;0.0;2.0;1.0;15.0;B01
43646;201300028794;1;99;0;0.0;0.0;0.0;0.0;A01
43647;201300028794;0;7;0;0.0;2.0;8.0;15.0;B01
43648;201300028795;0;7;0;11.0;0.0;9.0;5.0;A01
43649;201300028796;1;7;0;0.0;2.0;1.0;2.0;A01
43650;201300028796;0;7;0;0.0;2.0;4.0;2.0;B01
43651;201300028798;0;2;0;0.0;1.0;1.0;1.0;A01
43652;201300028799;0;7;0;0.0;2.0;2.0;1.0;B01
43653;201300028799;0;7;0;0.0;2.0;3.0;10.0;A01
43654;201300028800;0;7;0;0.0;2.0;4.0;2.0;B01
43655;201300028800;0;7;0;0.0;2.0;1.0;2.0;A01
43656;201300028801;0;7;0;0.0;2.0;1.0;1.0;B01
43657;201300028801;0;7;0;0.0;2.0;7.0;0.0;A01
43658;201300028802;0;7;0;0.0;2.0;4.0;2.0;C01
43659;201300028802;0;7;0;0.0;2.0;1.0;2.0;A01
43660;201300028802;0;7;0;0.0;2.0;4.0;2.0;B01
43661;201300028803;0;13;0;0.0;1.0;8.0;4.0;A01
43662;201300028804;0;30;0;0.0;2.0;1.0;0.0;A01
43663;201300028804;0;1;0;0.0;2.0;0.0;0.0;B01
43664;201300028805;0;33;0;0.0;2.0;8.0;1.0;B01
43665;201300028805;0;7;0;0.0;9.0;3.0;15.0;A01
43666;201300028806;0;7;0;0.0;2.0;1.0;15.0;A01
43667;201300028806;0;7;0;0.0;2.0;1.0;16.0;B01
43668;201300028807;0;2;0;0.0;2.0;1.0;1.0;A01
43669;201300028807;0;10;0;0.0;2.0;7.0;10.0;B01
43670;201300028809;0;7;0;0.0;2.0;3.0;2.0;A01
43671;201300028809;0;7;0;0.0;2.0;5.0;2.0;B01
43672;201300028810;0;7;0;0.0;2.0;1.0;2.0;A01
43673;201300028810;0;7;0;0.0;2.0;4.0;2.0;B01
43674;201300028810;0;7;0;0.0;2.0;4.0;2.0;C01
43675;201300028811;0;7;0;0.0;1.0;3.0;15.0;A01
43676;201300028812;0;7;0;0.0;2.0;1.0;5.0;A01
43677;201300028812;0;7;0;0.0;2.0;2.0;0.0;B01
43678;201300028813;0;1;0;0.0;2.0;1.0;19.0;B01
43679;201300028813;1;7;0;0.0;2.0;2.0;1.0;Z01
43680;201300028814;0;7;0;0.0;9.0;2.0;0.0;B01
43681;201300028814;0;1;0;0.0;2.0;1.0;0.0;A01
43682;201300028815;0;1;0;0.0;2.0;1.0;0.0;B01
43683;201300028815;0;7;0;0.0;0.0;2.0;0.0;A01
43684;201300028817;0;7;0;1.0;2.0;7.0;5.0;A01
43685;201300028817;0;7;0;0.0;2.0;1.0;0.0;B01
43686;201300028818;0;30;0;0.0;2.0;0.0;2.0;B01
43687;201300028818;0;10;0;0.0;2.0;7.0;2.0;A01
43688;201300028819;0;7;0;0.0;1.0;1.0;1.0;A01
43689;201300028820;0;31;0;0.0;2.0;1.0;2.0;A01
43690;201300028820;0;7;0;0.0;2.0;4.0;23.0;B01
43691;201300028822;1;7;0;0.0;1.0;4.0;4.0;A01
43692;201300028823;0;7;0;7.0;0.0;8.0;1.0;A01
43693;201300028824;0;7;0;0.0;2.0;1.0;1.0;A01
43694;201300028824;0;10;0;0.0;2.0;4.0;2.0;B01
43695;201300028824;0;7;0;0.0;2.0;4.0;23.0;C01
43696;201300028825;0;7;0;0.0;1.0;4.0;4.0;A01
43697;201300028826;0;7;0;0.0;1.0;1.0;15.0;A01
43698;201300028827;0;7;0;0.0;1.0;2.0;1.0;A01
43699;201300028828;0;7;0;0.0;1.0;0.0;20.0;A01
43700;201300028829;1;7;0;0.0;2.0;1.0;1.0;Z01
43701;201300028829;0;7;0;0.0;2.0;4.0;23.0;B01
43702;201300028831;0;7;0;0.0;2.0;3.0;1.0;A01
43703;201300028831;0;7;0;0.0;2.0;1.0;1.0;B01
43704;201300028832;0;33;0;0.0;2.0;0.0;21.0;B01
43705;201300028833;0;33;0;0.0;2.0;7.0;17.0;A01
43706;201300028833;0;7;0;0.0;2.0;1.0;0.0;B01
43707;201300028834;0;7;0;0.0;1.0;2.0;0.0;A01
43708;201300028835;0;7;0;0.0;2.0;1.0;2.0;A01
43709;201300028835;0;7;0;0.0;2.0;4.0;23.0;B01
43710;201300028835;0;7;0;0.0;2.0;4.0;23.0;C01
43711;201300028836;0;1;0;0.0;2.0;2.0;0.0;B01
43712;201300028836;0;7;0;0.0;2.0;3.0;16.0;A01
43713;201300028838;0;7;0;0.0;2.0;1.0;2.0;A01
43714;201300028838;0;7;0;0.0;2.0;4.0;2.0;B01
43715;201300028839;0;7;0;0.0;1.0;2.0;0.0;A01
43716;201300028840;0;7;0;0.0;1.0;1.0;0.0;A01
43717;201300028841;0;7;0;0.0;2.0;1.0;0.0;A01
43718;201300028841;0;1;0;0.0;2.0;0.0;0.0;B01
43719;201300028842;0;33;0;0.0;2.0;1.0;1.0;B01
43720;201300028842;1;7;0;0.0;2.0;2.0;15.0;A01
43721;201300028844;0;1;0;14.0;0.0;0.0;0.0;A01
43722;201300028844;0;7;0;0.0;2.0;3.0;0.0;B01
43723;201300028845;0;7;0;0.0;1.0;4.0;0.0;A01
43724;201300028846;0;7;0;0.0;2.0;3.0;0.0;A01
43725;201300028846;0;7;0;0.0;2.0;3.0;0.0;B01
43726;201300028847;0;7;0;0.0;1.0;2.0;9.0;A01
43727;201300028848;0;7;0;0.0;2.0;4.0;1.0;B01
43728;201300028848;0;7;0;0.0;2.0;1.0;2.0;A01
43729;201300028849;0;7;0;6.0;2.0;8.0;1.0;A01
43730;201300028850;0;7;0;0.0;2.0;1.0;2.0;A01
43731;201300028850;0;7;0;0.0;2.0;4.0;23.0;B01
43732;201300028851;1;99;0;0.0;0.0;0.0;0.0;Z01
43733;201300028851;0;1;0;0.0;2.0;7.0;0.0;B01
43734;201300028852;0;7;0;0.0;2.0;4.0;2.0;B01
43735;201300028852;0;30;0;14.0;0.0;1.0;2.0;A01
43736;201300028853;0;7;0;0.0;2.0;1.0;0.0;B01
43737;201300028853;0;7;0;0.0;2.0;1.0;13.0;A01
43738;201300028854;0;7;0;0.0;2.0;2.0;1.0;B01
43739;201300028854;0;7;0;0.0;2.0;3.0;9.0;A01
43740;201300028855;0;7;0;0.0;2.0;1.0;0.0;A01
43741;201300028855;0;7;0;0.0;2.0;1.0;0.0;B01
43742;201300028856;0;37;5;0.0;2.0;1.0;0.0;B01
43743;201300028856;0;7;0;0.0;2.0;7.0;0.0;A01
43744;201300028858;0;7;0;0.0;1.0;1.0;0.0;A01
43745;201300028859;0;1;0;0.0;2.0;8.0;1.0;B01
43746;201300028859;1;7;0;0.0;2.0;1.0;1.0;Z01
43747;201300028860;0;7;0;0.0;1.0;3.0;15.0;A01
43748;201300028861;0;7;0;0.0;2.0;3.0;0.0;A01
43749;201300028861;0;7;0;0.0;2.0;1.0;0.0;B01
43750;201300028862;0;7;0;0.0;2.0;1.0;0.0;B01
43751;201300028862;0;7;0;0.0;2.0;5.0;0.0;A01
43752;201300028863;0;7;0;0.0;1.0;2.0;1.0;A01
43753;201300028864;0;2;0;0.0;2.0;1.0;6.0;A01
43754;201300028864;0;7;0;0.0;2.0;2.0;1.0;B01
43755;201300028865;1;7;0;0.0;1.0;0.0;0.0;Z01
43756;201300028866;0;7;0;0.0;2.0;1.0;0.0;B01
43757;201300028866;0;7;0;0.0;2.0;4.0;0.0;A01
43758;201300028867;0;7;0;0.0;2.0;1.0;0.0;B01
43759;201300028867;0;7;0;0.0;2.0;7.0;0.0;A01
43760;201300028869;0;7;0;0.0;2.0;2.0;0.0;B01
43761;201300028869;0;1;0;0.0;2.0;1.0;0.0;A01
43762;201300028870;0;7;0;0.0;2.0;3.0;0.0;A01
43763;201300028870;0;7;0;1.0;2.0;5.0;0.0;B01
43764;201300028871;0;7;0;14.0;0.0;2.0;21.0;A01
43765;201300028871;0;7;0;0.0;1.0;6.0;23.0;B01
43766;201300028872;0;7;0;0.0;2.0;4.0;2.0;A01
43767;201300028872;1;7;0;0.0;2.0;1.0;2.0;Z01
43768;201300028873;1;7;0;0.0;2.0;1.0;1.0;Z01
43769;201300028873;0;7;0;0.0;2.0;3.0;1.0;A01
43770;201300028874;0;37;1;0.0;2.0;4.0;23.0;B01
43771;201300028874;0;7;0;1.0;0.0;1.0;0.0;A01
43772;201300028875;0;7;0;0.0;1.0;2.0;0.0;A01
43773;201300028876;0;7;0;0.0;2.0;2.0;0.0;B01
43774;201300028876;0;1;0;0.0;2.0;3.0;0.0;A01
43775;201300028877;0;7;0;0.0;1.0;7.0;0.0;A01
43776;201300028879;0;7;0;0.0;2.0;1.0;1.0;B01
43777;201300028879;1;7;0;0.0;2.0;2.0;15.0;Z01
43778;201300028880;0;7;0;9.0;0.0;1.0;0.0;A01
43779;201300028881;1;7;0;0.0;1.0;1.0;1.0;Z01
43780;201300028883;1;7;0;0.0;1.0;4.0;4.0;Z01
43781;201300028884;0;7;0;0.0;2.0;7.0;1.0;B01
43782;201300028884;0;7;0;0.0;2.0;2.0;9.0;A01
43783;201300028885;0;7;0;0.0;2.0;7.0;20.0;B01
43784;201300028885;0;33;0;0.0;2.0;8.0;0.0;A01
43785;201300028886;0;7;0;0.0;2.0;2.0;1.0;B01
43786;201300028886;0;7;0;0.0;2.0;7.0;1.0;A01
43787;201300028887;0;7;0;0.0;1.0;1.0;0.0;A01
43788;201300028888;0;7;0;0.0;2.0;1.0;1.0;B01
43789;201300028888;0;2;0;0.0;2.0;1.0;15.0;A01
43790;201300028889;0;7;0;0.0;2.0;7.0;0.0;A01
43791;201300028889;0;7;0;0.0;2.0;1.0;1.0;B01
43792;201300028890;0;7;0;0.0;2.0;3.0;1.0;B01
43793;201300028890;0;7;0;0.0;2.0;3.0;15.0;A01
43794;201300028891;0;7;0;0.0;2.0;4.0;2.0;B01
43795;201300028891;0;7;0;0.0;2.0;0.0;2.0;A01
43796;201300028892;0;10;0;0.0;0.0;0.0;9.0;A01
43797;201300028892;0;30;0;0.0;0.0;0.0;1.0;B01
43798;201300028893;0;7;0;0.0;2.0;1.0;0.0;A01
43799;201300028893;0;7;0;0.0;2.0;6.0;0.0;B01
43800;201300028894;0;7;0;0.0;1.0;2.0;1.0;A01
43801;201300028895;0;7;0;14.0;0.0;1.0;1.0;A01
43802;201300028896;0;7;0;0.0;2.0;4.0;2.0;B01
43803;201300028896;0;7;0;0.0;2.0;1.0;2.0;A01
43804;201300028897;1;99;0;0.0;1.0;2.0;0.0;Z01
43805;201300028898;0;7;0;0.0;2.0;7.0;15.0;A01
43806;201300028898;0;7;0;0.0;2.0;1.0;1.0;B01
43807;201300028899;0;7;0;0.0;2.0;3.0;0.0;A01
43808;201300028899;0;2;0;0.0;2.0;7.0;0.0;B01
43809;201300028900;0;7;0;0.0;2.0;7.0;15.0;A01
43810;201300028900;0;2;0;0.0;2.0;1.0;0.0;B01
43811;201300028901;0;7;0;0.0;1.0;2.0;0.0;A01
43812;201300028902;0;7;0;0.0;2.0;4.0;2.0;B01
43813;201300028902;0;7;0;0.0;2.0;1.0;2.0;A01
43814;201300028903;0;7;0;0.0;1.0;1.0;15.0;A01
43815;201300028904;0;7;0;0.0;1.0;2.0;0.0;A01
43816;201300028905;0;7;0;0.0;0.0;4.0;2.0;B01
43817;201300028905;0;7;0;0.0;0.0;1.0;2.0;A01
43818;201300028906;0;7;0;0.0;2.0;4.0;2.0;B01
43819;201300028906;0;7;0;0.0;2.0;1.0;2.0;A01
43820;201300028907;0;7;0;0.0;1.0;7.0;0.0;A01
43821;201300028908;0;40;0;0.0;1.0;2.0;1.0;A01
43822;201300028909;0;7;0;0.0;2.0;8.0;0.0;A01
43823;201300028909;0;7;0;0.0;2.0;1.0;0.0;B01
43824;201300028910;0;10;0;0.0;1.0;2.0;1.0;A01
43825;201300028911;0;7;0;0.0;2.0;1.0;2.0;A01
43826;201300028911;0;10;0;0.0;2.0;4.0;23.0;B01
43827;201300028913;0;1;0;0.0;2.0;1.0;1.0;A01
43828;201300028913;1;7;0;0.0;2.0;8.0;22.0;Z01
43829;201300028914;0;32;0;0.0;2.0;1.0;0.0;A01
43830;201300028914;0;7;0;0.0;2.0;6.0;1.0;B01
43831;201300028916;0;33;0;0.0;2.0;8.0;0.0;B01
43832;201300028916;0;7;0;0.0;2.0;3.0;0.0;A01
43833;201300028917;0;7;0;0.0;1.0;1.0;2.0;A01
43834;201300028918;0;7;0;0.0;1.0;3.0;0.0;A01
43835;201300028919;0;7;0;0.0;1.0;3.0;15.0;A01
43836;201300028920;0;7;0;0.0;1.0;3.0;15.0;A01
43837;201300028921;0;7;0;0.0;2.0;4.0;1.0;B01
43838;201300028921;0;7;0;0.0;2.0;1.0;1.0;A01
43839;201300028922;0;7;0;0.0;2.0;3.0;1.0;A01
43840;201300028922;0;7;0;0.0;2.0;3.0;23.0;B01
43841;201300028923;0;37;0;0.0;1.0;2.0;0.0;A01
43842;201300028924;0;7;0;0.0;2.0;4.0;2.0;B01
43843;201300028924;0;7;0;0.0;2.0;1.0;2.0;A01
43844;201300028929;0;33;0;8.0;0.0;2.0;0.0;A01
43845;201300028930;0;33;0;0.0;2.0;1.0;1.0;B01
43846;201300028930;0;7;0;0.0;2.0;2.0;15.0;A01
43847;201300028931;0;10;0;0.0;1.0;1.0;1.0;A01
43848;201300028932;0;33;0;0.0;0.0;7.0;1.0;A01
43849;201300028934;0;7;0;0.0;1.0;1.0;1.0;A01
43850;201300028935;0;33;0;0.0;2.0;4.0;2.0;B01
43851;201300028935;0;13;0;0.0;2.0;1.0;2.0;A01
43852;201300028936;0;7;0;0.0;2.0;8.0;10.0;A01
43853;201300028936;0;7;0;0.0;2.0;1.0;2.0;B01
43854;201300028937;0;33;0;0.0;2.0;1.0;2.0;B01
43855;201300028937;0;7;0;0.0;2.0;7.0;1.0;A01
43856;201300028939;0;7;0;0.0;2.0;1.0;11.0;A01
43857;201300028939;0;2;0;0.0;2.0;1.0;1.0;B01
43858;201300028940;0;7;0;0.0;2.0;3.0;13.0;A01
43859;201300028940;0;7;0;0.0;2.0;3.0;23.0;B01
43860;201300028941;0;7;0;0.0;1.0;1.0;15.0;A01
43861;201300028942;0;7;0;0.0;2.0;1.0;1.0;A01
43862;201300028942;0;2;0;0.0;0.0;4.0;1.0;B01
43863;201300028943;0;7;0;0.0;2.0;8.0;1.0;A01
43864;201300028943;0;7;0;0.0;2.0;8.0;1.0;B01
43865;201300028944;0;33;0;0.0;0.0;9.0;1.0;A01
43866;201300028945;0;7;0;0.0;2.0;7.0;15.0;A01
43867;201300028945;0;30;0;0.0;2.0;1.0;1.0;B01
43868;201300028946;0;7;0;0.0;2.0;2.0;15.0;A01
43869;201300028946;0;7;0;0.0;2.0;1.0;1.0;B01
43870;201300028947;0;2;0;0.0;1.0;0.0;1.0;A01
43871;201300028948;0;33;0;0.0;2.0;4.0;1.0;B01
43872;201300028948;0;33;0;0.0;2.0;1.0;1.0;A01
43873;201300028949;0;33;0;0.0;2.0;1.0;1.0;A01
43874;201300028949;0;7;0;0.0;2.0;6.0;15.0;B01
43875;201300028950;2;7;0;2.0;0.0;1.0;1.0;A01
43876;201300028951;0;7;0;0.0;2.0;3.0;15.0;A01
43877;201300028951;0;33;0;0.0;2.0;1.0;1.0;B01
43878;201300028952;1;7;0;0.0;1.0;2.0;1.0;Z01
43879;201300028953;0;7;0;0.0;2.0;7.0;17.0;B01
43880;201300028953;0;7;0;0.0;2.0;3.0;11.0;A01
43881;201300028954;0;7;0;0.0;2.0;7.0;0.0;B01
43882;201300028954;0;7;0;0.0;2.0;1.0;9.0;A01
43883;201300028956;1;30;0;0.0;2.0;1.0;19.0;Z01
43884;201300028956;0;30;0;0.0;2.0;8.0;15.0;B01
43885;201300028957;0;7;0;0.0;0.0;4.0;1.0;B01
43886;201300028957;0;33;0;0.0;2.0;1.0;1.0;A01
43887;201300028958;0;32;0;0.0;0.0;0.0;1.0;A01
43888;201300028959;0;33;0;0.0;2.0;1.0;1.0;B01
43889;201300028959;0;7;0;0.0;2.0;7.0;15.0;A01
43890;201300028961;0;7;0;0.0;1.0;1.0;1.0;A01
43891;201300028962;0;7;0;0.0;2.0;1.0;1.0;A01
43892;201300028962;0;7;0;0.0;2.0;4.0;11.0;B01
43893;201300028963;0;7;0;0.0;1.0;5.0;1.0;A01
43894;201300028964;0;7;0;0.0;2.0;2.0;15.0;A01
43895;201300028964;0;2;0;0.0;2.0;1.0;1.0;B01
43896;201300028965;0;7;0;0.0;0.0;0.0;1.0;C01
43897;201300028965;0;33;0;0.0;2.0;1.0;1.0;B01
43898;201300028965;0;7;0;0.0;2.0;7.0;15.0;A01
43899;201300028967;0;7;0;0.0;2.0;3.0;9.0;B01
43900;201300028967;0;31;0;0.0;2.0;1.0;11.0;A01
43901;201300028969;0;7;0;8.0;0.0;1.0;0.0;A01
43902;201300028970;0;7;0;0.0;1.0;1.0;1.0;A01
43903;201300028971;0;34;0;0.0;2.0;1.0;0.0;B01
43904;201300028971;0;7;0;0.0;2.0;2.0;0.0;A01
43905;201300028972;1;99;0;0.0;1.0;0.0;0.0;A01
43906;201300028974;0;3;0;6.0;0.0;1.0;1.0;A01
43907;201300028975;0;1;0;0.0;0.0;0.0;1.0;B01
43908;201300028975;0;2;0;0.0;9.0;8.0;17.0;A01
43909;201300028976;0;2;0;0.0;0.0;8.0;2.0;A01
43910;201300028977;0;7;0;0.0;1.0;1.0;1.0;A01
43911;201300028978;0;30;0;0.0;2.0;1.0;2.0;B01
43912;201300028978;0;7;0;0.0;0.0;4.0;2.0;A01
43913;201300028979;0;7;0;0.0;2.0;1.0;1.0;A01
43914;201300028979;0;7;0;0.0;2.0;3.0;15.0;B01
43915;201300028980;0;1;0;0.0;2.0;1.0;1.0;B01
43916;201300028980;0;7;0;0.0;2.0;1.0;20.0;A01
43917;201300028981;0;7;0;0.0;2.0;1.0;1.0;A01
43918;201300028981;0;7;0;0.0;2.0;1.0;1.0;B01
43919;201300028982;0;7;0;0.0;2.0;2.0;5.0;A01
43920;201300028982;0;33;0;0.0;2.0;2.0;1.0;B01
43921;201300028983;0;7;0;6.0;0.0;1.0;17.0;A01
43922;201300028984;0;7;0;0.0;1.0;2.0;1.0;A01
43923;201300028985;0;14;0;0.0;2.0;1.0;9.0;A01
43924;201300028985;0;7;0;0.0;2.0;7.0;9.0;B01
43925;201300028987;0;30;0;0.0;2.0;1.0;9.0;A01
43926;201300028987;0;7;0;0.0;2.0;5.0;1.0;B01
43927;201300028988;0;7;0;0.0;0.0;4.0;2.0;B01
43928;201300028988;0;2;0;0.0;2.0;1.0;2.0;A01
43929;201300028989;0;30;0;0.0;2.0;1.0;17.0;A01
43930;201300028989;0;7;0;0.0;2.0;8.0;15.0;B01
43931;201300028990;0;30;0;0.0;2.0;1.0;9.0;A01
43932;201300028990;0;7;0;0.0;2.0;3.0;1.0;B01
43933;201300028991;0;7;0;0.0;1.0;2.0;1.0;B01
43934;201300028992;0;10;0;0.0;1.0;4.0;4.0;A01
43935;201300028994;0;7;0;0.0;0.0;9.0;1.0;A01
43936;201300028995;0;7;0;6.0;0.0;1.0;1.0;A01
43937;201300028996;0;7;0;7.0;0.0;0.0;1.0;A01
43938;201300028997;0;7;0;0.0;1.0;2.0;0.0;A01
43939;201300028998;0;7;0;0.0;2.0;5.0;1.0;B01
43940;201300028998;0;15;0;0.0;2.0;1.0;9.0;A01
43941;201300028999;0;7;0;0.0;1.0;1.0;1.0;A01
43942;201300029000;0;7;0;0.0;2.0;1.0;1.0;A01
43943;201300029000;0;1;0;0.0;2.0;4.0;15.0;B01
43944;201300029001;0;3;0;0.0;2.0;1.0;2.0;B01
43945;201300029001;0;10;0;0.0;2.0;1.0;2.0;D01
43946;201300029001;0;3;0;0.0;0.0;5.0;23.0;A01
43947;201300029003;0;7;0;0.0;0.0;4.0;1.0;B01
43948;201300029003;0;3;0;0.0;2.0;1.0;1.0;A01
43949;201300029004;0;7;0;0.0;1.0;2.0;1.0;A01
43950;201300029005;0;7;0;13.0;0.0;0.0;0.0;A01
43951;201300029006;0;7;0;0.0;2.0;2.0;1.0;D01
43952;201300029006;0;7;0;0.0;2.0;9.0;13.0;A01
43953;201300029006;0;7;0;0.0;2.0;6.0;1.0;B01
43954;201300029007;0;2;0;12.0;0.0;0.0;0.0;A01
43955;201300029008;0;7;0;0.0;2.0;1.0;0.0;A01
43956;201300029008;0;2;0;0.0;2.0;8.0;0.0;B01
43957;201300029009;0;2;0;0.0;2.0;1.0;1.0;A01
43958;201300029009;0;7;0;0.0;2.0;3.0;1.0;B01
43959;201300029010;0;7;0;0.0;2.0;4.0;1.0;B01
43960;201300029010;0;7;0;0.0;2.0;4.0;1.0;C01
43961;201300029010;0;7;0;0.0;2.0;0.0;1.0;A01
43962;201300029012;0;7;0;0.0;1.0;1.0;0.0;A01
43963;201300029013;0;7;0;0.0;2.0;1.0;0.0;D01
43964;201300029013;0;7;0;0.0;2.0;1.0;0.0;B01
43965;201300029013;0;7;0;0.0;2.0;0.0;0.0;C01
43966;201300029013;0;7;0;0.0;2.0;0.0;0.0;A01
43967;201300029014;0;1;0;0.0;2.0;0.0;0.0;B01
43968;201300029014;0;7;0;0.0;2.0;0.0;9.0;A01
43969;201300029015;0;2;0;0.0;0.0;0.0;0.0;A01
43970;201300029016;0;7;0;0.0;2.0;2.0;1.0;A01
43971;201300029016;0;7;0;0.0;2.0;1.0;1.0;B01
43972;201300029017;0;7;0;0.0;1.0;0.0;0.0;A01
43973;201300029018;0;2;0;0.0;2.0;1.0;1.0;B01
43974;201300029018;1;7;0;0.0;2.0;0.0;15.0;Z01
43975;201300029019;0;1;0;0.0;2.0;0.0;19.0;B01
43976;201300029019;0;7;0;0.0;2.0;3.0;1.0;A01
43977;201300029020;0;7;0;0.0;2.0;4.0;23.0;B01
43978;201300029020;0;7;0;0.0;2.0;0.0;2.0;A01
43979;201300029021;0;7;0;0.0;2.0;3.0;0.0;A01
43980;201300029021;0;7;0;0.0;2.0;6.0;0.0;B01
43981;201300029023;0;7;0;13.0;0.0;0.0;1.0;A01
43982;201300029024;0;7;0;0.0;0.0;0.0;0.0;A01
43983;201300029025;0;7;0;9.0;0.0;1.0;0.0;A01
43984;201300029026;0;7;0;0.0;2.0;3.0;9.0;A01
43985;201300029026;0;2;0;0.0;2.0;0.0;9.0;B01
43986;201300029027;0;7;0;0.0;2.0;0.0;0.0;A01
43987;201300029027;0;7;0;0.0;2.0;1.0;1.0;B01
43988;201300029029;0;7;0;0.0;2.0;1.0;2.0;A01
43989;201300029029;0;7;0;0.0;2.0;4.0;2.0;B01
43990;201300029030;0;7;0;0.0;1.0;0.0;0.0;A01
43991;201300029031;0;7;0;0.0;1.0;0.0;0.0;A01
43992;201300029032;0;1;0;0.0;0.0;0.0;0.0;A01
43993;201300029033;0;1;0;0.0;0.0;0.0;0.0;A01
43994;201300029034;0;7;0;0.0;1.0;0.0;0.0;A01
43995;201300029035;0;7;0;0.0;0.0;4.0;0.0;A01
43996;201300029037;0;7;0;0.0;0.0;0.0;0.0;A01
43997;201300029038;0;7;0;0.0;1.0;0.0;0.0;A01
43998;201300029039;0;7;0;0.0;1.0;0.0;0.0;A01
43999;201300029040;0;1;0;0.0;2.0;2.0;0.0;A01
44000;201300029040;0;7;0;0.0;2.0;2.0;0.0;B01
44001;201300029041;0;7;0;0.0;0.0;2.0;0.0;A01
44002;201300029042;0;2;0;14.0;0.0;0.0;1.0;A01