;Num_Acc;senc;catv;occutc;obs;obsm;choc;manv;num_veh
44003;201300029043;0;7;0;9.0;0.0;0.0;0.0;A01
44004;201300029044;0;7;0;15.0;2.0;1.0;9.0;A01
44005;201300029044;1;7;0;0.0;2.0;1.0;9.0;Z01
44006;201300029046;0;1;0;0.0;1.0;0.0;1.0;A01
44007;201300029047;0;2;0;0.0;0.0;1.0;1.0;A01
44008;201300029049;0;2;0;0.0;2.0;0.0;0.0;A01
44009;201300029049;0;7;0;0.0;2.0;0.0;0.0;B01
44010;201300029050;0;2;0;0.0;2.0;0.0;0.0;A01
44011;201300029050;0;7;0;0.0;2.0;0.0;0.0;B01
44012;201300029052;0;7;0;0.0;2.0;2.0;0.0;A01
44013;201300029052;0;2;0;0.0;2.0;1.0;0.0;B01
44014;201300029053;0;7;0;0.0;1.0;0.0;0.0;A01
44015;201300029054;0;7;0;0.0;2.0;4.0;1.0;B01
44016;201300029054;0;7;0;0.0;2.0;1.0;2.0;A01
44017;201300029055;0;2;0;0.0;2.0;1.0;1.0;B01
44018;201300029055;0;7;0;0.0;2.0;6.0;10.0;A01
44019;201300029056;0;7;0;0.0;2.0;8.0;0.0;B01
44020;201300029056;0;7;0;0.0;2.0;1.0;0.0;A01
44021;201300029057;0;2;0;0.0;2.0;4.0;2.0;B01
44022;201300029057;0;7;0;0.0;2.0;1.0;0.0;A01
44023;201300029058;0;7;0;0.0;2.0;6.0;0.0;B01
44024;201300029058;0;7;0;0.0;2.0;3.0;0.0;A01
44025;201300029059;0;7;0;0.0;2.0;1.0;1.0;B01
44026;201300029059;0;7;0;0.0;2.0;1.0;10.0;A01
44027;201300029060;0;2;0;0.0;0.0;0.0;10.0;A01
44028;201300029061;0;33;0;0.0;2.0;0.0;0.0;A01
44029;201300029061;0;7;0;0.0;2.0;0.0;0.0;B01
44030;201300029062;0;7;0;0.0;0.0;0.0;0.0;A01
44031;201300029063;0;2;0;0.0;0.0;0.0;0.0;A01
44032;201300029064;0;7;0;0.0;0.0;0.0;0.0;A01
44033;201300029065;0;33;0;0.0;2.0;0.0;0.0;B01
44034;201300029065;0;7;0;0.0;0.0;1.0;1.0;A01
44035;201300029066;0;1;0;0.0;2.0;0.0;1.0;B01
44036;201300029066;0;7;0;0.0;2.0;3.0;0.0;A01
44037;201300029067;0;1;0;0.0;0.0;0.0;0.0;A01
44038;201300029068;0;33;0;0.0;0.0;0.0;1.0;A01
44039;201300029069;0;7;0;0.0;0.0;4.0;2.0;B01
44040;201300029069;0;7;0;0.0;2.0;1.0;2.0;A01
44041;201300029070;0;33;0;0.0;2.0;0.0;1.0;B01
44042;201300029070;0;7;0;0.0;2.0;0.0;1.0;A01
44043;201300029071;0;7;0;0.0;2.0;0.0;15.0;A01
44044;201300029071;0;33;0;0.0;2.0;1.0;1.0;B01
44045;201300029072;0;7;0;0.0;2.0;1.0;2.0;A01
44046;201300029072;0;7;0;0.0;2.0;4.0;2.0;B01
44047;201300029073;0;33;0;0.0;2.0;1.0;1.0;B01
44048;201300029073;1;7;0;0.0;2.0;8.0;20.0;Z01
44049;201300029074;0;2;0;0.0;2.0;0.0;13.0;A01
44050;201300029075;0;7;0;2.0;0.0;1.0;1.0;A01
44051;201300029077;0;7;0;0.0;1.0;1.0;1.0;A01
44052;201300029079;0;7;0;13.0;0.0;9.0;14.0;A01
44053;201300029080;0;7;0;0.0;2.0;3.0;1.0;B01
44054;201300029080;0;7;0;0.0;2.0;1.0;15.0;A01
44055;201300029081;0;7;0;0.0;1.0;1.0;1.0;A01
44056;201300029082;0;30;0;0.0;1.0;1.0;1.0;A01
44057;201300029083;0;1;0;0.0;2.0;4.0;1.0;B01
44058;201300029083;0;7;0;0.0;2.0;1.0;1.0;A01
44059;201300029084;0;2;0;0.0;0.0;0.0;1.0;A01
44060;201300029085;0;7;0;0.0;1.0;2.0;1.0;A01
44061;201300029086;0;38;1;0.0;1.0;0.0;0.0;A01
44062;201300029087;0;2;0;0.0;0.0;0.0;0.0;A01
44063;201300029088;0;33;0;0.0;2.0;1.0;1.0;B01
44064;201300029088;0;7;0;0.0;2.0;5.0;15.0;A01
44065;201300029089;0;33;0;0.0;0.0;0.0;0.0;A01
44066;201300029090;0;32;0;0.0;0.0;7.0;0.0;A01
44067;201300029091;0;33;0;0.0;0.0;8.0;1.0;A01
44068;201300029092;1;7;0;0.0;1.0;0.0;1.0;Z01
44069;201300029093;0;7;0;0.0;2.0;3.0;10.0;A01
44070;201300029093;0;33;0;0.0;2.0;0.0;1.0;B01
44071;201300029094;1;7;0;0.0;2.0;7.0;14.0;A01
44072;201300029094;0;7;0;0.0;2.0;3.0;1.0;B01
44073;201300029095;0;1;0;0.0;1.0;0.0;0.0;A01
44074;201300029097;0;7;0;0.0;2.0;2.0;16.0;B01
44075;201300029097;0;2;0;0.0;2.0;1.0;1.0;A01
44076;201300029099;0;7;0;0.0;2.0;1.0;1.0;A01
44077;201300029099;0;7;0;0.0;2.0;4.0;1.0;B01
44078;201300029100;0;7;0;0.0;0.0;9.0;14.0;A01
44079;201300029101;0;7;0;0.0;1.0;2.0;9.0;A01
44080;201300029102;0;7;0;0.0;2.0;1.0;19.0;A01
44081;201300029102;0;33;0;0.0;2.0;7.0;1.0;B01
44082;201300029103;0;7;0;0.0;2.0;1.0;1.0;B01
44083;201300029103;0;7;0;6.0;2.0;9.0;1.0;A01
44084;201300029104;1;7;0;0.0;1.0;0.0;1.0;Z01
44085;201300029105;0;7;0;6.0;0.0;9.0;14.0;A01
44086;201300029106;1;14;0;0.0;2.0;0.0;15.0;Z01
44087;201300029106;0;1;0;0.0;2.0;1.0;1.0;A01
44088;201300029107;0;33;0;0.0;2.0;0.0;2.0;C01
44089;201300029107;0;7;0;0.0;2.0;1.0;2.0;A01
44090;201300029107;0;7;0;0.0;2.0;4.0;2.0;B01
44091;201300029108;0;7;0;8.0;0.0;9.0;14.0;A01
44092;201300029109;0;2;0;0.0;0.0;0.0;0.0;A01
44093;201300029110;0;7;0;0.0;1.0;1.0;1.0;A01
44094;201300029111;0;7;0;10.0;0.0;1.0;0.0;A01
44095;201300029112;0;7;0;0.0;2.0;3.0;0.0;B01
44096;201300029112;0;2;0;0.0;2.0;3.0;0.0;A01
44097;201300029113;0;7;0;0.0;2.0;3.0;0.0;A01
44098;201300029113;0;33;0;0.0;2.0;7.0;1.0;B01
44099;201300029114;0;7;0;0.0;2.0;1.0;2.0;A01
44100;201300029114;0;7;0;0.0;2.0;4.0;1.0;B01
44101;201300029115;0;7;0;0.0;2.0;4.0;0.0;B01
44102;201300029115;0;7;0;0.0;2.0;1.0;2.0;A01
44103;201300029116;0;7;0;0.0;2.0;2.0;0.0;A01
44104;201300029116;0;7;0;0.0;2.0;2.0;0.0;B01
44105;201300029117;0;2;0;0.0;1.0;0.0;0.0;A01
44106;201300029118;0;7;0;0.0;0.0;0.0;1.0;A01
44107;201300029119;0;7;0;0.0;2.0;0.0;1.0;B01
44108;201300029119;0;7;0;4.0;2.0;0.0;18.0;A01
44109;201300029120;0;7;0;0.0;0.0;0.0;0.0;A01
44110;201300029122;0;7;0;0.0;2.0;6.0;0.0;B01
44111;201300029122;0;7;0;0.0;2.0;1.0;0.0;A01
44112;201300029123;0;2;0;0.0;2.0;1.0;0.0;A01
44113;201300029123;0;7;0;0.0;2.0;3.0;0.0;B01
44114;201300029124;0;2;0;0.0;2.0;1.0;0.0;A01
44115;201300029124;0;7;0;0.0;2.0;8.0;0.0;B01
44116;201300029125;0;7;0;0.0;2.0;2.0;0.0;B01
44117;201300029125;0;7;0;0.0;2.0;0.0;0.0;A01
44118;201300029126;0;7;0;0.0;2.0;4.0;1.0;B01
44119;201300029126;0;2;0;0.0;2.0;1.0;0.0;A01
44120;201300029127;0;7;0;0.0;2.0;0.0;0.0;A01
44121;201300029127;0;2;0;0.0;2.0;0.0;0.0;B01
44122;201300029129;0;7;0;13.0;0.0;0.0;0.0;A01
44123;201300029130;0;7;0;0.0;2.0;1.0;9.0;A01
44124;201300029130;0;2;0;0.0;2.0;1.0;1.0;B01
44125;201300029132;0;7;0;0.0;1.0;4.0;4.0;A01
44126;201300029133;0;2;0;0.0;2.0;0.0;0.0;A01
44127;201300029134;0;33;0;0.0;0.0;0.0;0.0;A01
44128;201300029135;0;7;0;0.0;2.0;6.0;0.0;B01
44129;201300029135;1;2;0;0.0;2.0;1.0;0.0;A01
44130;201300029136;0;7;0;0.0;2.0;1.0;0.0;A01
44131;201300029136;0;33;0;0.0;2.0;8.0;0.0;B01
44132;201300029137;0;7;0;0.0;2.0;0.0;0.0;B01
44133;201300029137;0;2;0;0.0;2.0;1.0;0.0;A01
44134;201300029138;0;33;0;0.0;0.0;0.0;0.0;A01
44135;201300029139;0;7;0;0.0;2.0;2.0;0.0;A01
44136;201300029139;0;7;0;0.0;2.0;0.0;0.0;B01
44137;201300029140;0;7;0;0.0;9.0;1.0;1.0;C01
44138;201300029140;0;33;0;0.0;2.0;1.0;17.0;A01
44139;201300029140;0;7;0;0.0;2.0;3.0;1.0;B01
44140;201300029141;0;2;0;0.0;0.0;0.0;1.0;A01
44141;201300029142;0;1;0;0.0;0.0;0.0;0.0;A01
44142;201300029143;0;7;0;0.0;2.0;0.0;15.0;A01
44143;201300029143;0;1;0;0.0;2.0;0.0;1.0;B01
44144;201300029144;0;7;0;0.0;2.0;1.0;0.0;A01
44145;201300029144;0;2;0;0.0;2.0;4.0;0.0;C01
44146;201300029144;0;7;0;0.0;0.0;4.0;0.0;B01
44147;201300029145;0;7;0;0.0;2.0;4.0;0.0;B01
44148;201300029145;0;2;0;0.0;2.0;0.0;0.0;A01
44149;201300029146;0;1;0;1.0;0.0;1.0;1.0;B01
44150;201300029146;0;7;0;0.0;2.0;3.0;24.0;A01
44151;201300029147;0;7;0;0.0;2.0;2.0;15.0;A01
44152;201300029147;0;2;0;0.0;2.0;1.0;1.0;B01
44153;201300029148;0;2;0;0.0;2.0;1.0;0.0;A01
44154;201300029148;0;7;0;0.0;0.0;4.0;0.0;B01
44155;201300029149;0;7;0;0.0;2.0;0.0;0.0;A01
44156;201300029149;0;2;0;0.0;2.0;0.0;0.0;B01
44157;201300029150;0;7;0;0.0;2.0;3.0;1.0;B01
44158;201300029150;0;7;0;6.0;2.0;1.0;13.0;A01
44159;201300029152;0;7;0;0.0;1.0;0.0;0.0;A01
44160;201300029153;0;7;0;0.0;2.0;0.0;0.0;B01
44161;201300029153;1;2;0;0.0;2.0;1.0;0.0;A01
44162;201300029154;0;2;0;0.0;2.0;3.0;0.0;A01
44163;201300029154;0;2;0;0.0;2.0;1.0;0.0;B01
44164;201300029155;0;7;0;0.0;2.0;0.0;0.0;A01
44165;201300029155;0;7;0;0.0;2.0;0.0;0.0;B01
44166;201300029156;0;1;0;0.0;0.0;0.0;1.0;B01
44167;201300029156;0;33;0;0.0;2.0;0.0;15.0;A01
44168;201300029157;0;1;0;0.0;2.0;0.0;1.0;B01
44169;201300029157;0;7;0;0.0;2.0;0.0;16.0;A01
44170;201300029158;0;33;0;0.0;0.0;0.0;0.0;A01
44171;201300029159;0;2;0;0.0;2.0;4.0;17.0;B01
44172;201300029159;0;7;0;0.0;2.0;3.0;15.0;A01
44173;201300029160;0;7;0;0.0;2.0;2.0;0.0;A01
44174;201300029160;0;7;0;0.0;2.0;4.0;0.0;B01
44175;201300029161;0;33;0;0.0;0.0;0.0;0.0;A01
44176;201300029162;0;7;0;0.0;0.0;4.0;0.0;C01
44177;201300029162;0;7;0;0.0;2.0;1.0;0.0;A01
44178;201300029162;0;2;0;0.0;0.0;4.0;0.0;B01
44179;201300029163;0;7;0;0.0;0.0;0.0;0.0;A01
44180;201300029164;0;7;0;0.0;0.0;0.0;0.0;A01
44181;201300029165;1;99;0;0.0;1.0;1.0;0.0;A01
44182;201300029166;0;7;0;0.0;2.0;3.0;0.0;B01
44183;201300029166;0;7;0;0.0;2.0;2.0;0.0;A01
44184;201300029167;0;7;0;0.0;1.0;1.0;1.0;A01
44185;201300029168;0;1;0;12.0;0.0;0.0;0.0;A01
44186;201300029169;0;2;0;12.0;2.0;0.0;17.0;A01
44187;201300029169;0;7;0;0.0;0.0;6.0;1.0;A02
44188;201300029170;0;7;0;8.0;0.0;1.0;14.0;A01
44189;201300029171;0;7;0;0.0;2.0;6.0;1.0;B01
44190;201300029171;0;7;0;0.0;2.0;1.0;1.0;A01
44191;201300029172;0;10;0;0.0;1.0;2.0;1.0;A01
44192;201300029173;0;7;0;0.0;2.0;3.0;1.0;B01
44193;201300029173;0;7;0;0.0;2.0;1.0;17.0;A01
44194;201300029174;0;33;0;14.0;0.0;1.0;1.0;A01
44195;201300029175;0;7;0;0.0;2.0;1.0;1.0;A01
44196;201300029175;0;1;0;0.0;2.0;4.0;1.0;B01
44197;201300029176;0;7;0;0.0;2.0;1.0;1.0;A01
44198;201300029176;0;7;0;0.0;2.0;4.0;23.0;C01
44199;201300029176;0;10;0;0.0;2.0;4.0;23.0;D01
44200;201300029176;0;7;0;0.0;2.0;4.0;23.0;B01
44201;201300029177;0;7;0;0.0;2.0;0.0;9.0;A01
44202;201300029177;0;31;0;0.0;2.0;0.0;9.0;B01
44203;201300029178;0;1;0;0.0;2.0;8.0;1.0;B01
44204;201300029178;0;7;0;0.0;2.0;2.0;14.0;A01
44205;201300029179;0;2;0;11.0;0.0;1.0;0.0;A01
44206;201300029180;0;10;0;0.0;2.0;8.0;1.0;C01
44207;201300029180;0;2;0;0.0;2.0;8.0;17.0;A01
44208;201300029180;0;7;0;0.0;2.0;3.0;1.0;B01
44209;201300029183;0;1;0;0.0;2.0;0.0;0.0;B01
44210;201300029183;0;7;0;0.0;2.0;2.0;15.0;A01
44211;201300029184;0;2;0;0.0;1.0;0.0;0.0;A01
44212;201300029185;0;7;0;0.0;2.0;1.0;1.0;B01
44213;201300029185;0;7;0;0.0;2.0;2.0;15.0;A01
44214;201300029186;0;7;0;0.0;2.0;7.0;0.0;B01
44215;201300029186;0;37;3;0.0;2.0;2.0;0.0;A01
44216;201300029187;0;7;0;0.0;0.0;0.0;0.0;A01
44217;201300029188;0;33;0;0.0;2.0;4.0;23.0;B01
44218;201300029188;1;7;0;0.0;2.0;1.0;2.0;A01
44219;201300029189;0;30;0;0.0;2.0;3.0;2.0;A01
44220;201300029189;0;7;0;0.0;2.0;4.0;1.0;B01
44221;201300029190;0;7;0;13.0;0.0;0.0;0.0;A01
44222;201300029191;0;7;0;13.0;0.0;2.0;0.0;A01
44223;201300029192;0;7;0;0.0;2.0;0.0;0.0;A01
44224;201300029192;0;1;0;0.0;2.0;0.0;0.0;B01
44225;201300029193;0;7;0;0.0;2.0;0.0;1.0;C01
44226;201300029193;0;7;0;15.0;2.0;1.0;17.0;A01
44227;201300029193;0;7;0;0.0;2.0;0.0;1.0;B01
44228;201300029194;0;2;0;0.0;0.0;0.0;21.0;A01
44229;201300029195;0;7;0;0.0;2.0;3.0;1.0;B01
44230;201300029195;0;33;0;0.0;2.0;2.0;0.0;A01
44231;201300029196;0;7;0;13.0;0.0;0.0;0.0;A01
44232;201300029197;0;1;0;0.0;0.0;0.0;0.0;A01
44233;201300029198;0;7;0;0.0;2.0;2.0;15.0;A01
44234;201300029198;0;33;0;0.0;2.0;1.0;18.0;B01
44235;201300029199;0;7;0;13.0;0.0;0.0;0.0;A01
44236;201300029200;0;7;0;0.0;2.0;2.0;1.0;A01
44237;201300029200;0;2;0;0.0;2.0;1.0;0.0;B01
44238;201300029201;0;7;0;0.0;2.0;2.0;1.0;B01
44239;201300029201;0;1;0;0.0;2.0;1.0;0.0;A01
44240;201300029203;0;7;0;0.0;1.0;3.0;1.0;A01
44241;201300029204;0;7;0;0.0;1.0;3.0;1.0;A01
44242;201300029205;0;7;0;0.0;2.0;0.0;0.0;A01
44243;201300029205;0;33;0;0.0;2.0;0.0;0.0;B01
44244;201300029206;0;7;0;0.0;0.0;0.0;21.0;A01
44245;201300029207;0;33;0;0.0;2.0;4.0;1.0;C01
44246;201300029207;0;7;0;0.0;2.0;4.0;1.0;B01
44247;201300029207;0;7;0;0.0;2.0;1.0;1.0;A01
44248;201300029209;0;7;0;0.0;1.0;0.0;0.0;A01
44249;201300029210;0;2;0;0.0;0.0;0.0;0.0;A01
44250;201300029211;0;7;0;0.0;2.0;1.0;2.0;A01
44251;201300029211;0;7;0;0.0;2.0;4.0;2.0;B01
44252;201300029212;0;1;0;0.0;2.0;0.0;1.0;B01
44253;201300029212;0;7;0;0.0;2.0;0.0;1.0;A01
44254;201300029214;0;7;0;0.0;1.0;0.0;1.0;A01
44255;201300029215;0;7;0;0.0;0.0;0.0;0.0;A01
44256;201300029216;0;2;0;0.0;2.0;7.0;1.0;B01
44257;201300029216;0;7;0;0.0;2.0;3.0;9.0;A01
44258;201300029217;0;2;0;0.0;2.0;1.0;1.0;A01
44259;201300029217;0;2;0;0.0;2.0;4.0;1.0;B01
44260;201300029218;0;7;0;6.0;0.0;7.0;14.0;A01
44261;201300029219;0;2;0;0.0;2.0;1.0;1.0;A01
44262;201300029219;0;7;0;0.0;2.0;4.0;23.0;B01
44263;201300029220;0;2;0;0.0;2.0;1.0;1.0;B01
44264;201300029220;0;7;0;0.0;2.0;2.0;1.0;A01
44265;201300029221;0;7;0;0.0;2.0;4.0;23.0;B01
44266;201300029221;0;7;0;0.0;2.0;1.0;1.0;A01
44267;201300029222;0;7;0;0.0;2.0;6.0;15.0;B01
44268;201300029222;0;7;0;0.0;2.0;3.0;16.0;A01
44269;201300029223;0;10;0;0.0;2.0;3.0;9.0;A01
44270;201300029223;0;30;0;0.0;2.0;7.0;1.0;B01
44271;201300029224;0;7;0;0.0;2.0;0.0;0.0;A01
44272;201300029224;0;7;0;0.0;2.0;0.0;0.0;B01
44273;201300029224;0;7;0;0.0;2.0;0.0;0.0;C01
44274;201300029225;0;7;0;0.0;2.0;4.0;0.0;B01
44275;201300029225;0;7;0;0.0;2.0;1.0;0.0;A01
44276;201300029226;0;7;0;0.0;2.0;4.0;1.0;B01
44277;201300029226;0;2;0;0.0;2.0;1.0;2.0;A01
44278;201300029227;0;7;0;0.0;2.0;6.0;1.0;B01
44279;201300029227;0;2;0;0.0;2.0;1.0;2.0;A01
44280;201300029228;0;7;0;0.0;1.0;0.0;0.0;A01
44281;201300029229;0;7;0;0.0;2.0;3.0;2.0;A01
44282;201300029229;0;7;0;0.0;2.0;5.0;2.0;B01
44283;201300029229;0;7;0;0.0;2.0;4.0;2.0;C01
44284;201300029230;0;7;0;0.0;0.0;0.0;0.0;A01
44285;201300029231;0;2;0;0.0;0.0;0.0;21.0;A01
44286;201300029232;0;7;0;9.0;2.0;1.0;0.0;A01
44287;201300029232;0;7;0;0.0;2.0;1.0;1.0;B01
44288;201300029233;0;7;0;0.0;1.0;0.0;1.0;A01
44289;201300029234;0;7;0;0.0;2.0;3.0;0.0;B01
44290;201300029234;0;7;0;0.0;2.0;2.0;0.0;A01
44291;201300029235;0;7;0;0.0;1.0;3.0;1.0;A01
44292;201300029236;0;7;0;0.0;2.0;2.0;0.0;B01
44293;201300029236;0;2;0;0.0;2.0;1.0;0.0;A01
44294;201300029237;0;7;0;0.0;1.0;0.0;0.0;A01
44295;201300029238;0;1;0;0.0;2.0;1.0;1.0;B01
44296;201300029238;0;7;0;0.0;2.0;2.0;1.0;A01
44297;201300029241;0;7;0;0.0;2.0;3.0;0.0;A01
44298;201300029241;0;1;0;0.0;2.0;1.0;0.0;B01
44299;201300029243;0;1;0;0.0;1.0;0.0;0.0;A01
44300;201300029245;0;7;0;0.0;2.0;4.0;0.0;B01
44301;201300029245;0;2;0;0.0;2.0;1.0;0.0;A01
44302;201300029248;0;2;0;0.0;2.0;1.0;0.0;A01
44303;201300029248;0;7;0;0.0;2.0;3.0;0.0;B01
44304;201300029249;0;7;0;0.0;2.0;8.0;15.0;A01
44305;201300029249;0;7;0;0.0;2.0;1.0;6.0;B01
44306;201300029250;0;7;0;0.0;2.0;0.0;0.0;A01
44307;201300029250;0;7;0;0.0;2.0;0.0;0.0;B01
44308;201300029251;0;7;0;0.0;0.0;0.0;0.0;A01
44309;201300029252;0;7;0;0.0;2.0;1.0;13.0;A01
44310;201300029252;0;7;0;0.0;2.0;1.0;0.0;B01
44311;201300029253;0;33;0;11.0;0.0;0.0;0.0;A01
44312;201300029254;0;7;0;0.0;2.0;1.0;0.0;A01
44313;201300029254;0;7;0;0.0;2.0;1.0;0.0;B01
44314;201300029255;0;7;0;0.0;1.0;8.0;1.0;A01
44315;201300029256;0;33;0;0.0;2.0;1.0;1.0;A01
44316;201300029256;0;7;0;0.0;2.0;4.0;1.0;B01
44317;201300029257;0;7;0;0.0;2.0;1.0;1.0;A01
44318;201300029257;0;37;3;0.0;2.0;3.0;1.0;B01
44319;201300029258;0;10;0;0.0;1.0;0.0;16.0;A01
44320;201300029259;0;7;0;0.0;1.0;1.0;1.0;A01
44321;201300029260;0;7;0;0.0;2.0;0.0;0.0;B01
44322;201300029260;0;10;0;0.0;2.0;0.0;0.0;A01
44323;201300029261;0;7;0;0.0;2.0;3.0;24.0;A01
44324;201300029261;0;1;0;1.0;0.0;1.0;1.0;B01
44325;201300029263;0;2;0;0.0;0.0;7.0;1.0;A01
44326;201300029264;0;7;0;0.0;2.0;1.0;1.0;A01
44327;201300029264;0;7;0;0.0;2.0;4.0;1.0;B01
44328;201300029264;0;7;0;0.0;2.0;4.0;1.0;C01
44329;201300029265;0;7;0;0.0;2.0;1.0;13.0;A01
44330;201300029265;0;7;0;0.0;2.0;1.0;1.0;B01
44331;201300029266;0;1;0;0.0;2.0;0.0;1.0;B01
44332;201300029266;0;7;0;0.0;2.0;1.0;20.0;A01
44333;201300029267;0;7;0;0.0;1.0;1.0;1.0;A01
44334;201300029270;0;7;0;0.0;2.0;1.0;1.0;B01
44335;201300029270;0;7;0;0.0;2.0;7.0;1.0;A01
44336;201300029271;0;1;0;0.0;2.0;4.0;1.0;B01
44337;201300029271;1;7;0;0.0;2.0;2.0;17.0;Z01
44338;201300029272;0;7;0;0.0;0.0;0.0;0.0;A01
44339;201300029273;0;7;0;0.0;2.0;1.0;0.0;A01
44340;201300029273;0;7;0;0.0;2.0;4.0;1.0;B01
44341;201300029274;0;7;0;0.0;2.0;6.0;0.0;A01
44342;201300029274;0;2;0;0.0;4.0;7.0;0.0;B01
44343;201300029275;0;7;0;11.0;0.0;1.0;0.0;A01
44344;201300029276;0;7;0;0.0;2.0;7.0;15.0;A01
44345;201300029276;0;2;0;0.0;2.0;1.0;1.0;B01
44346;201300029277;0;7;0;0.0;2.0;0.0;0.0;A01
44347;201300029277;0;1;0;0.0;2.0;0.0;1.0;B01
44348;201300029278;0;7;0;8.0;0.0;0.0;0.0;A01
44349;201300029279;0;7;0;0.0;2.0;3.0;1.0;B02
44350;201300029279;0;7;0;0.0;2.0;6.0;13.0;A01
44351;201300029280;0;33;0;0.0;2.0;1.0;13.0;A01
44352;201300029280;0;7;0;0.0;2.0;2.0;1.0;B02
44353;201300029281;0;7;0;0.0;2.0;3.0;19.0;A01
44354;201300029281;0;7;0;0.0;2.0;1.0;1.0;B02
44355;201300029282;0;7;0;3.0;0.0;2.0;1.0;A01
44356;201300029283;0;33;0;6.0;0.0;1.0;21.0;A01
44357;201300029284;0;30;0;0.0;2.0;1.0;13.0;A01
44358;201300029284;0;7;0;0.0;2.0;1.0;1.0;B02
44359;201300029285;0;7;0;0.0;1.0;1.0;1.0;A01
44360;201300029287;0;7;0;0.0;1.0;0.0;16.0;A01
44361;201300029288;0;7;0;0.0;1.0;3.0;1.0;A01
44362;201300029289;0;7;0;0.0;2.0;0.0;20.0;A01
44363;201300029289;0;2;0;0.0;2.0;0.0;1.0;B01
44364;201300029290;0;7;0;6.0;0.0;3.0;14.0;A01
44365;201300029291;0;7;0;0.0;1.0;3.0;4.0;A01
44366;201300029292;0;7;0;0.0;1.0;8.0;1.0;A01
44367;201300029293;0;7;0;0.0;0.0;0.0;15.0;A01
44368;201300029293;0;7;0;0.0;2.0;1.0;21.0;C01
44369;201300029293;0;7;0;0.0;2.0;1.0;1.0;B01
44370;201300029294;0;2;0;0.0;2.0;0.0;17.0;A01
44371;201300029294;0;7;0;0.0;2.0;3.0;15.0;B01
44372;201300029295;0;7;0;0.0;2.0;8.0;9.0;A01
44373;201300029295;0;7;0;0.0;2.0;1.0;1.0;B01
44374;201300029296;0;30;0;0.0;2.0;8.0;10.0;A01
44375;201300029296;0;7;0;0.0;2.0;2.0;1.0;B01
44376;201300029297;0;7;0;0.0;1.0;3.0;1.0;A01
44377;201300029298;0;7;0;0.0;2.0;6.0;9.0;A01
44378;201300029298;0;33;0;0.0;2.0;1.0;1.0;B01
44379;201300029300;0;7;0;0.0;2.0;1.0;2.0;A01
44380;201300029300;0;7;0;0.0;2.0;4.0;2.0;B01
44381;201300029301;0;30;0;0.0;2.0;6.0;1.0;B01
44382;201300029301;0;7;0;0.0;2.0;2.0;9.0;A01
44383;201300029302;0;7;0;0.0;1.0;0.0;9.0;A01
44384;201300029303;0;3;0;0.0;1.0;1.0;1.0;A01
44385;201300029304;0;7;0;0.0;0.0;4.0;2.0;A01
44386;201300029304;0;2;0;0.0;2.0;1.0;2.0;B01
44387;201300029305;0;33;0;0.0;9.0;0.0;16.0;A01
44388;201300029306;0;7;0;0.0;2.0;1.0;16.0;A01
44389;201300029306;0;1;0;0.0;2.0;4.0;19.0;B01
44390;201300029307;0;30;0;0.0;0.0;1.0;1.0;A01
44391;201300029308;0;7;0;0.0;2.0;1.0;5.0;A01
44392;201300029308;0;7;0;0.0;2.0;1.0;1.0;B01
44393;201300029309;0;14;0;0.0;1.0;0.0;0.0;A01
44394;201300029310;0;7;0;0.0;2.0;8.0;9.0;A01
44395;201300029310;0;1;0;0.0;2.0;4.0;1.0;B01
44396;201300029311;0;7;0;0.0;2.0;1.0;15.0;A01
44397;201300029311;0;31;0;0.0;2.0;1.0;1.0;B01
44398;201300029312;0;7;0;0.0;0.0;5.0;15.0;A01
44399;201300029312;0;1;0;0.0;2.0;1.0;1.0;B01
44400;201300029313;0;7;0;0.0;1.0;1.0;1.0;A01
44401;201300029314;0;7;0;0.0;2.0;7.0;1.0;B01
44402;201300029314;0;7;0;0.0;2.0;9.0;13.0;A01
44403;201300029315;0;2;0;0.0;1.0;1.0;1.0;A01
44404;201300029316;0;7;0;14.0;0.0;1.0;1.0;A01
44405;201300029316;0;7;0;0.0;2.0;4.0;23.0;B01
44406;201300029317;0;7;0;0.0;1.0;0.0;1.0;A01
44407;201300029318;0;2;0;0.0;2.0;3.0;1.0;A01
44408;201300029318;0;7;0;0.0;2.0;5.0;1.0;B01
44409;201300029319;0;7;0;0.0;2.0;7.0;17.0;A01
44410;201300029319;0;2;0;0.0;2.0;8.0;1.0;B01
44411;201300029320;0;7;0;0.0;2.0;1.0;1.0;A01
44412;201300029320;0;7;0;0.0;2.0;7.0;1.0;B01
44413;201300029321;0;7;0;0.0;2.0;1.0;1.0;B01
44414;201300029321;0;13;0;0.0;2.0;1.0;1.0;C01
44415;201300029321;0;7;0;0.0;2.0;1.0;1.0;A01
44416;201300029322;0;7;0;0.0;2.0;7.0;9.0;A01
44417;201300029322;0;1;0;0.0;2.0;4.0;1.0;B01
44418;201300029323;0;7;0;0.0;1.0;1.0;1.0;A01
44419;201300029324;0;7;0;0.0;2.0;1.0;1.0;B01
44420;201300029324;0;7;0;0.0;2.0;1.0;5.0;A01
44421;201300029326;0;7;0;0.0;1.0;4.0;4.0;A01
44422;201300029327;0;7;0;0.0;2.0;4.0;23.0;B01
44423;201300029327;0;7;0;14.0;0.0;1.0;2.0;A01
44424;201300029328;0;7;0;0.0;1.0;1.0;1.0;A01
44425;201300029329;0;7;0;6.0;0.0;2.0;1.0;A01