;Num_Acc;senc;catv;occutc;obs;obsm;choc;manv;num_veh
44426;201300029330;0;2;0;0.0;1.0;1.0;1.0;A01
44427;201300029331;0;7;0;0.0;1.0;2.0;1.0;A01
44428;201300029332;0;30;0;8.0;0.0;8.0;0.0;A01
44429;201300029333;0;7;0;0.0;2.0;1.0;13.0;A01
44430;201300029333;0;7;0;0.0;0.0;3.0;1.0;B01
44431;201300029334;0;7;0;0.0;1.0;1.0;1.0;A01
44432;201300029337;0;7;0;0.0;2.0;1.0;1.0;A01
44433;201300029337;0;1;0;0.0;2.0;1.0;0.0;B01
44434;201300029339;0;15;0;0.0;2.0;2.0;12.0;A01
44435;201300029339;0;7;0;0.0;2.0;8.0;1.0;B01
44436;201300029339;0;7;0;0.0;2.0;3.0;1.0;C01
44437;201300029339;0;7;0;0.0;2.0;6.0;1.0;D01
44438;201300029340;0;7;0;0.0;1.0;1.0;16.0;A01
44439;201300029341;0;7;0;0.0;1.0;0.0;1.0;A01
44440;201300029342;0;7;0;0.0;2.0;8.0;1.0;B01
44441;201300029342;0;2;0;0.0;2.0;7.0;1.0;A01
44442;201300029343;0;7;0;0.0;2.0;6.0;2.0;B01
44443;201300029343;0;7;0;0.0;2.0;2.0;2.0;A01
44444;201300029344;0;7;0;0.0;2.0;4.0;23.0;B01
44445;201300029344;0;30;0;14.0;0.0;1.0;2.0;A01
44446;201300029345;0;30;0;0.0;2.0;1.0;1.0;A01
44447;201300029345;0;7;0;0.0;2.0;8.0;15.0;B01
44448;201300029346;0;7;0;14.0;0.0;1.0;2.0;A01
44449;201300029346;0;7;0;0.0;2.0;4.0;23.0;B01
44450;201300029347;0;2;0;0.0;2.0;1.0;23.0;B01
44451;201300029347;0;7;0;14.0;0.0;4.0;4.0;A01
44452;201300029348;0;31;0;0.0;2.0;1.0;1.0;B01
44453;201300029348;0;7;0;0.0;2.0;1.0;15.0;A01
44454;201300029349;1;7;0;0.0;2.0;0.0;17.0;Z01
44455;201300029349;0;33;0;0.0;2.0;0.0;21.0;A01
44456;201300029350;0;7;0;0.0;1.0;1.0;1.0;A01
44457;201300029351;0;7;0;0.0;2.0;1.0;1.0;B01
44458;201300029351;0;7;0;0.0;2.0;7.0;15.0;A01
44459;201300029352;0;7;0;0.0;1.0;1.0;15.0;A01
44460;201300029354;0;7;0;0.0;1.0;1.0;1.0;A01
44461;201300029355;0;7;0;0.0;1.0;1.0;0.0;A01
44462;201300029356;0;33;0;0.0;2.0;5.0;0.0;B02
44463;201300029356;0;7;0;0.0;2.0;3.0;9.0;A01
44464;201300029357;0;7;0;2.0;0.0;1.0;1.0;A01
44465;201300029358;0;7;0;0.0;1.0;5.0;2.0;A01
44466;201300029359;0;2;0;0.0;2.0;8.0;1.0;B01
44467;201300029359;0;7;0;0.0;2.0;6.0;15.0;A01
44468;201300029360;0;7;0;0.0;1.0;1.0;15.0;A01
44469;201300029361;0;2;0;1.0;0.0;3.0;13.0;A01
44470;201300029362;0;2;0;0.0;2.0;1.0;1.0;B01
44471;201300029362;0;7;0;0.0;2.0;6.0;1.0;A01
44472;201300029363;0;2;0;0.0;2.0;3.0;1.0;B01
44473;201300029363;0;10;0;0.0;2.0;7.0;17.0;A01
44474;201300029364;2;7;0;0.0;2.0;1.0;1.0;A01
44475;201300029364;0;7;0;0.0;2.0;6.0;1.0;B01
44476;201300029365;0;7;0;15.0;1.0;5.0;4.0;A01
44477;201300029367;0;7;0;14.0;0.0;1.0;1.0;A01
44478;201300029367;0;31;0;14.0;2.0;6.0;1.0;B01
44479;201300029369;0;7;0;0.0;2.0;5.0;15.0;A01
44480;201300029369;0;2;0;0.0;2.0;1.0;1.0;B01
44481;201300029370;0;7;0;0.0;1.0;2.0;1.0;A01
44482;201300029371;0;7;0;0.0;1.0;3.0;1.0;A01
44483;201300029372;0;7;0;0.0;1.0;4.0;4.0;A01
44484;201300029373;0;7;0;0.0;1.0;1.0;1.0;A01
44485;201300029374;0;7;0;0.0;2.0;1.0;17.0;A01
44486;201300029374;0;7;0;0.0;2.0;1.0;1.0;B01
44487;201300029375;0;7;0;0.0;2.0;2.0;15.0;A01
44488;201300029375;0;99;0;0.0;2.0;1.0;1.0;B01
44489;201300029376;0;7;0;0.0;2.0;1.0;2.0;A01
44490;201300029376;0;7;0;0.0;0.0;5.0;16.0;B01
44491;201300029378;0;7;0;0.0;1.0;0.0;4.0;A01
44492;201300029379;0;3;0;0.0;1.0;5.0;0.0;A01
44493;201300029380;0;7;0;0.0;2.0;1.0;1.0;B01
44494;201300029380;0;7;0;0.0;2.0;1.0;13.0;A01
44495;201300029381;0;7;0;0.0;2.0;1.0;1.0;B01
44496;201300029381;0;7;0;0.0;2.0;1.0;13.0;A01
44497;201300029382;0;7;0;0.0;2.0;3.0;13.0;A01
44498;201300029382;0;15;0;0.0;2.0;1.0;1.0;B01
44499;201300029383;0;7;0;0.0;1.0;1.0;15.0;A01
44500;201300029384;0;7;0;0.0;2.0;3.0;1.0;B01
44501;201300029384;0;2;0;0.0;2.0;1.0;16.0;A01
44502;201300029385;0;37;27;0.0;2.0;1.0;1.0;B01
44503;201300029385;0;7;0;0.0;2.0;3.0;15.0;A01
44504;201300029386;0;33;0;0.0;2.0;1.0;1.0;B01
44505;201300029386;0;7;0;0.0;2.0;6.0;15.0;A01
44506;201300029386;0;7;0;0.0;0.0;1.0;24.0;C01
44507;201300029387;0;7;0;0.0;9.0;1.0;15.0;B01
44508;201300029387;0;1;0;0.0;2.0;1.0;1.0;A01
44509;201300029390;0;30;0;0.0;0.0;5.0;1.0;A01
44510;201300029391;0;7;0;7.0;0.0;1.0;14.0;A01
44511;201300029394;0;7;0;0.0;2.0;1.0;1.0;B01
44512;201300029394;0;7;0;0.0;2.0;1.0;13.0;A01
44513;201300029395;0;7;0;0.0;1.0;3.0;0.0;A01
44514;201300029396;0;33;0;8.0;0.0;1.0;1.0;A01
44515;201300029397;0;7;0;0.0;2.0;1.0;13.0;A01
44516;201300029397;0;7;0;0.0;2.0;1.0;1.0;B01
44517;201300029398;0;1;0;0.0;9.0;2.0;17.0;B01
44518;201300029398;0;1;0;0.0;9.0;6.0;0.0;A01
44519;201300029399;0;7;0;0.0;1.0;6.0;1.0;A01
44520;201300029400;0;32;0;0.0;2.0;1.0;1.0;B01
44521;201300029400;0;10;0;0.0;2.0;2.0;9.0;A01
44522;201300029401;0;7;0;2.0;0.0;1.0;13.0;A01
44523;201300029402;0;30;0;12.0;0.0;2.0;9.0;A01
44524;201300029403;0;7;0;0.0;2.0;4.0;2.0;B01
44525;201300029403;0;7;0;0.0;2.0;1.0;1.0;A01
44526;201300029404;0;7;0;0.0;1.0;2.0;1.0;A01
44527;201300029405;0;7;0;0.0;2.0;3.0;1.0;B01
44528;201300029405;0;10;0;0.0;2.0;3.0;15.0;A01
44529;201300029406;0;7;0;0.0;1.0;2.0;1.0;A01
44530;201300029407;0;7;0;0.0;1.0;2.0;1.0;A01
44531;201300029408;0;7;0;0.0;1.0;1.0;1.0;A01
44532;201300029409;0;7;0;0.0;2.0;2.0;3.0;A01
44533;201300029409;0;30;0;0.0;2.0;8.0;1.0;B01
44534;201300029410;0;7;0;0.0;2.0;8.0;1.0;B01
44535;201300029410;0;7;0;2.0;2.0;1.0;9.0;A01
44536;201300029411;0;7;0;0.0;2.0;3.0;11.0;A01
44537;201300029411;0;7;0;0.0;2.0;5.0;1.0;B01
44538;201300029412;0;7;0;0.0;9.0;7.0;16.0;B01
44539;201300029412;0;1;0;0.0;2.0;1.0;2.0;A01
44540;201300029414;0;1;0;0.0;2.0;1.0;1.0;B01
44541;201300029414;0;7;0;0.0;9.0;3.0;15.0;A01
44542;201300029415;1;7;0;0.0;1.0;0.0;0.0;Z01
44543;201300029416;0;7;0;0.0;1.0;1.0;1.0;A01
44544;201300029417;0;10;0;0.0;1.0;1.0;16.0;A01
44545;201300029418;0;7;0;0.0;1.0;3.0;1.0;A01
44546;201300029419;0;33;0;0.0;2.0;0.0;1.0;B01
44547;201300029419;0;7;0;0.0;2.0;2.0;15.0;A01
44548;201300029421;0;7;0;3.0;0.0;1.0;0.0;A01
44549;201300029422;0;7;0;0.0;2.0;7.0;21.0;B01
44550;201300029422;0;33;0;0.0;2.0;1.0;17.0;A01
44551;201300029422;0;7;0;0.0;2.0;1.0;23.0;C01
44552;201300029423;0;7;0;0.0;1.0;1.0;1.0;A01
44553;201300029424;0;7;0;0.0;2.0;2.0;1.0;B01
44554;201300029424;0;7;0;0.0;2.0;3.0;9.0;A01
44555;201300029425;0;31;0;0.0;2.0;2.0;1.0;B01
44556;201300029425;0;7;0;0.0;2.0;3.0;9.0;A01
44557;201300029426;0;7;0;0.0;1.0;2.0;1.0;A01
44558;201300029427;0;7;0;6.0;0.0;1.0;1.0;A01
44559;201300029428;0;10;0;0.0;2.0;1.0;1.0;B01
44560;201300029428;0;7;0;0.0;2.0;2.0;1.0;A01
44561;201300029429;0;7;0;0.0;1.0;1.0;1.0;A01
44562;201300029430;0;7;0;4.0;1.0;2.0;1.0;A01
44563;201300029431;0;7;0;0.0;1.0;1.0;0.0;A01
44564;201300029432;1;7;0;0.0;1.0;1.0;1.0;A01
44565;201300029433;0;7;0;15.0;2.0;3.0;15.0;B01
44566;201300029433;2;7;0;0.0;2.0;1.0;1.0;A01
44567;201300029434;0;7;0;0.0;1.0;4.0;4.0;A01
44568;201300029435;0;7;0;0.0;1.0;1.0;1.0;A01
44569;201300029436;0;2;0;0.0;2.0;7.0;17.0;A01
44570;201300029436;0;7;0;0.0;2.0;8.0;20.0;B01
44571;201300029438;0;7;0;1.0;1.0;1.0;16.0;A01
44572;201300029439;0;7;0;0.0;2.0;2.0;1.0;B01
44573;201300029439;0;1;0;0.0;2.0;1.0;1.0;A01
44574;201300029440;0;14;0;0.0;1.0;2.0;15.0;A01
44575;201300029441;0;10;0;0.0;2.0;2.0;9.0;A01
44576;201300029441;0;2;0;0.0;2.0;1.0;1.0;B01
44577;201300029443;0;2;0;0.0;1.0;1.0;17.0;A01
44578;201300029444;0;2;0;0.0;2.0;1.0;0.0;B01
44579;201300029444;0;7;0;0.0;2.0;2.0;15.0;A01
44580;201300029445;0;7;0;0.0;2.0;1.0;1.0;C01
44581;201300029445;0;7;0;0.0;0.0;0.0;15.0;A01
44582;201300029445;0;7;0;0.0;2.0;1.0;1.0;D01
44583;201300029445;0;7;0;0.0;2.0;6.0;1.0;B01
44584;201300029447;0;7;0;0.0;2.0;2.0;15.0;B01
44585;201300029447;0;7;0;0.0;2.0;3.0;1.0;A01
44586;201300029448;0;2;0;0.0;2.0;1.0;1.0;A01
44587;201300029448;0;7;0;0.0;2.0;2.0;16.0;B01
44588;201300029449;0;7;0;0.0;9.0;2.0;1.0;A01
44589;201300029449;0;1;0;0.0;2.0;0.0;0.0;B01
44590;201300029450;0;1;0;0.0;2.0;1.0;9.0;B01
44591;201300029450;0;7;0;0.0;2.0;1.0;1.0;A01
44592;201300029451;0;7;0;0.0;2.0;2.0;1.0;B01
44593;201300029451;0;2;0;0.0;2.0;1.0;1.0;A01
44594;201300029452;0;7;0;0.0;1.0;3.0;4.0;A01
44595;201300029453;0;10;0;0.0;2.0;3.0;10.0;B01
44596;201300029453;0;2;0;0.0;2.0;1.0;17.0;A01
44597;201300029454;0;10;0;0.0;2.0;2.0;9.0;A01
44598;201300029454;0;33;0;0.0;2.0;3.0;1.0;B01
44599;201300029455;0;37;4;0.0;1.0;1.0;15.0;A01
44600;201300029456;0;21;0;0.0;1.0;0.0;1.0;A01
44601;201300029457;0;7;0;0.0;1.0;2.0;1.0;A01
44602;201300029458;0;7;0;0.0;9.0;2.0;1.0;A01
44603;201300029458;0;1;0;0.0;2.0;0.0;19.0;B01
44604;201300029459;0;7;0;0.0;1.0;2.0;0.0;A01
44605;201300029460;0;7;0;0.0;1.0;3.0;1.0;A01
44606;201300029461;0;7;0;0.0;1.0;1.0;1.0;A01
44607;201300029462;0;7;0;0.0;1.0;1.0;1.0;A01
44608;201300029463;0;7;0;0.0;2.0;1.0;15.0;A01
44609;201300029463;0;7;0;8.0;0.0;1.0;1.0;C01
44610;201300029463;0;7;0;0.0;2.0;1.0;1.0;B01
44611;201300029464;0;7;0;0.0;2.0;2.0;15.0;A01
44612;201300029464;0;2;0;0.0;2.0;1.0;1.0;B01
44613;201300029466;0;37;1;0.0;1.0;1.0;1.0;A01
44614;201300029468;0;2;0;0.0;2.0;1.0;1.0;B01
44615;201300029468;0;7;0;0.0;2.0;7.0;13.0;A01
44616;201300029469;0;7;0;0.0;1.0;2.0;1.0;A01
44617;201300029470;0;33;0;0.0;2.0;1.0;1.0;B01
44618;201300029470;0;7;0;0.0;2.0;2.0;15.0;A01
44619;201300029471;0;7;0;0.0;1.0;1.0;1.0;A01
44620;201300029472;0;7;0;0.0;1.0;1.0;14.0;A01
44621;201300029473;0;7;0;0.0;1.0;1.0;15.0;A01
44622;201300029474;0;7;0;0.0;1.0;2.0;1.0;A01
44623;201300029475;0;2;0;0.0;2.0;1.0;1.0;B01
44624;201300029475;0;7;0;0.0;2.0;3.0;15.0;A01
44625;201300029476;0;7;0;0.0;1.0;1.0;1.0;A01
44626;201300029477;0;7;0;0.0;1.0;3.0;1.0;A01
44627;201300029478;0;7;0;9.0;0.0;3.0;2.0;A01
44628;201300029479;0;15;0;0.0;1.0;3.0;2.0;A01
44629;201300029480;0;7;0;0.0;1.0;2.0;2.0;A01
44630;201300029481;0;7;0;0.0;2.0;8.0;15.0;A01
44631;201300029481;0;33;0;0.0;2.0;1.0;2.0;B01
44632;201300029482;1;7;0;0.0;1.0;1.0;2.0;A01
44633;201300029483;0;7;0;1.0;0.0;4.0;23.0;A01
44634;201300029483;1;7;0;1.0;0.0;1.0;0.0;Z01
44635;201300029484;0;7;0;0.0;1.0;1.0;1.0;A01
44636;201300029485;0;1;0;0.0;2.0;4.0;2.0;B01
44637;201300029485;0;7;0;0.0;2.0;2.0;1.0;A01
44638;201300029486;0;7;0;0.0;1.0;1.0;1.0;A01
44639;201300029488;0;7;0;0.0;0.0;4.0;23.0;B01
44640;201300029488;0;1;0;0.0;2.0;1.0;2.0;A01
44641;201300029489;0;30;0;0.0;2.0;7.0;0.0;A01
44642;201300029489;0;7;0;0.0;2.0;3.0;0.0;B01
44643;201300029491;0;7;0;1.0;0.0;2.0;2.0;A01
44644;201300029491;0;7;0;1.0;2.0;6.0;23.0;B01
44645;201300029493;0;31;0;0.0;0.0;0.0;1.0;A01
44646;201300029494;0;7;0;0.0;2.0;8.0;19.0;A01
44647;201300029494;0;7;0;0.0;2.0;1.0;1.0;B01
44648;201300029495;0;7;0;6.0;0.0;1.0;16.0;A01
44649;201300029496;0;7;0;0.0;1.0;1.0;0.0;A01
44650;201300029498;0;7;0;0.0;1.0;1.0;0.0;A01
44651;201300029499;0;7;0;0.0;2.0;1.0;15.0;A01
44652;201300029499;0;2;0;0.0;2.0;1.0;1.0;B01
44653;201300029500;0;7;0;0.0;1.0;1.0;1.0;A01
44654;201300029501;0;1;0;0.0;2.0;1.0;1.0;B01
44655;201300029501;0;7;0;0.0;2.0;3.0;9.0;A01
44656;201300029502;0;7;0;1.0;0.0;2.0;1.0;A01
44657;201300029502;0;7;0;0.0;2.0;6.0;24.0;B01
44658;201300029503;0;7;0;0.0;1.0;3.0;0.0;A01
44659;201300029505;0;2;0;0.0;2.0;1.0;1.0;B01
44660;201300029505;0;7;0;0.0;9.0;3.0;11.0;A01
44661;201300029506;0;7;0;0.0;1.0;1.0;13.0;A01
44662;201300029506;0;7;0;0.0;2.0;3.0;1.0;B01
44663;201300029507;0;7;0;0.0;2.0;6.0;2.0;B01
44664;201300029507;0;2;0;0.0;2.0;1.0;2.0;A01
44665;201300029509;0;1;0;0.0;0.0;9.0;2.0;B01
44666;201300029509;0;7;0;0.0;0.0;2.0;2.0;A01
44667;201300029511;0;7;0;0.0;1.0;3.0;0.0;A01
44668;201300029512;0;7;0;0.0;1.0;1.0;1.0;A01
44669;201300029513;0;30;0;0.0;2.0;2.0;1.0;B01
44670;201300029513;0;7;0;0.0;2.0;3.0;9.0;A01
44671;201300029514;0;7;0;0.0;2.0;4.0;1.0;C01
44672;201300029514;0;7;0;0.0;2.0;4.0;1.0;B01
44673;201300029514;0;10;0;0.0;2.0;1.0;1.0;A01
44674;201300029515;0;7;0;0.0;1.0;2.0;1.0;A01
44675;201300029516;0;7;0;0.0;2.0;1.0;1.0;A01
44676;201300029516;0;1;0;0.0;2.0;1.0;0.0;B01
44677;201300029517;0;7;0;0.0;1.0;1.0;1.0;A01
44678;201300029518;0;7;0;0.0;2.0;9.0;2.0;B01
44679;201300029518;0;7;0;0.0;2.0;1.0;2.0;A01
44680;201300029518;0;7;0;0.0;2.0;4.0;2.0;C01
44681;201300029519;0;7;0;0.0;0.0;4.0;2.0;B01
44682;201300029519;0;2;0;0.0;2.0;1.0;2.0;A01
44683;201300029520;0;2;0;0.0;0.0;4.0;2.0;B01
44684;201300029520;0;7;0;0.0;9.0;1.0;2.0;A01
44685;201300029521;0;7;0;0.0;1.0;1.0;0.0;A01
44686;201300029522;0;7;0;0.0;2.0;1.0;1.0;A01
44687;201300029522;0;7;0;0.0;2.0;4.0;2.0;B01
44688;201300029525;0;7;0;0.0;2.0;4.0;1.0;B01
44689;201300029525;0;7;0;0.0;2.0;1.0;2.0;A01
44690;201300029526;0;7;0;0.0;2.0;0.0;24.0;B01
44691;201300029526;0;7;0;0.0;1.0;1.0;15.0;A01
44692;201300029528;0;2;0;0.0;2.0;2.0;1.0;B01
44693;201300029528;0;7;0;0.0;2.0;1.0;9.0;A01
44694;201300029529;0;7;0;0.0;1.0;1.0;1.0;A01
44695;201300029530;0;7;0;0.0;2.0;1.0;13.0;A01
44696;201300029530;0;7;0;0.0;2.0;1.0;2.0;B01
44697;201300029531;0;7;0;0.0;9.0;2.0;1.0;B01
44698;201300029531;0;1;0;0.0;2.0;1.0;9.0;A01
44699;201300029532;0;7;0;0.0;1.0;1.0;1.0;A01
44700;201300029533;0;7;0;0.0;1.0;1.0;0.0;A01
44701;201300029534;0;7;0;0.0;2.0;2.0;1.0;B01
44702;201300029534;0;7;0;0.0;2.0;3.0;9.0;A01
44703;201300029535;0;37;11;6.0;0.0;1.0;13.0;A01
44704;201300029536;0;7;0;0.0;1.0;1.0;1.0;A01
44705;201300029537;0;2;0;0.0;2.0;1.0;1.0;A01
44706;201300029537;0;7;0;0.0;2.0;4.0;1.0;B01
44707;201300029538;0;7;0;0.0;9.0;2.0;1.0;A01
44708;201300029538;0;1;0;0.0;2.0;1.0;19.0;B01
44709;201300029540;0;7;0;0.0;2.0;3.0;15.0;B01
44710;201300029540;0;33;0;0.0;2.0;1.0;17.0;A01
44711;201300029541;0;7;0;0.0;1.0;4.0;4.0;A01
44712;201300029542;0;7;0;1.0;2.0;6.0;24.0;B01
44713;201300029542;0;30;0;1.0;0.0;1.0;14.0;A01
44714;201300029543;0;37;1;0.0;9.0;3.0;9.0;B01
44715;201300029543;0;30;0;0.0;2.0;2.0;0.0;A01
44716;201300029544;0;30;0;0.0;2.0;1.0;17.0;A01
44717;201300029544;0;7;0;0.0;2.0;3.0;15.0;B01
44718;201300029545;0;7;0;0.0;1.0;3.0;15.0;A01
44719;201300029546;0;2;0;0.0;2.0;1.0;1.0;B01
44720;201300029546;0;7;0;0.0;2.0;1.0;9.0;A01
44721;201300029547;0;7;0;0.0;9.0;2.0;16.0;A01
44722;201300029547;0;1;0;0.0;2.0;8.0;1.0;B01
44723;201300029548;0;7;0;0.0;9.0;1.0;1.0;A01
44724;201300029548;0;1;0;0.0;2.0;1.0;1.0;B01
44725;201300029549;0;7;0;0.0;9.0;2.0;1.0;A01
44726;201300029549;0;1;0;0.0;2.0;1.0;9.0;B01
44727;201300029550;0;2;0;0.0;2.0;1.0;1.0;B01
44728;201300029550;0;7;0;0.0;9.0;1.0;0.0;A01
44729;201300029551;0;7;0;0.0;2.0;3.0;9.0;B01
44730;201300029551;0;33;0;0.0;2.0;2.0;17.0;A01
44731;201300029553;0;7;0;0.0;2.0;7.0;18.0;A01
44732;201300029553;0;2;0;0.0;2.0;7.0;1.0;B01
44733;201300029554;0;7;0;0.0;9.0;3.0;9.0;A01
44734;201300029554;0;1;0;0.0;2.0;2.0;0.0;B01
44735;201300029555;0;1;0;0.0;2.0;8.0;9.0;B01
44736;201300029555;0;7;0;0.0;2.0;2.0;16.0;A01
44737;201300029556;0;7;0;0.0;2.0;4.0;0.0;A01
44738;201300029556;0;2;0;0.0;2.0;1.0;1.0;B01
44739;201300029557;0;2;0;0.0;1.0;1.0;1.0;A01
44740;201300029558;0;30;0;0.0;2.0;1.0;1.0;B01
44741;201300029558;0;7;0;0.0;2.0;1.0;15.0;A01
44742;201300029559;0;33;0;0.0;2.0;0.0;1.0;A01
44743;201300029560;0;7;0;0.0;2.0;3.0;15.0;A01
44744;201300029560;0;33;0;0.0;2.0;1.0;1.0;B01
44745;201300029561;0;7;0;0.0;1.0;4.0;4.0;A01
44746;201300029562;0;7;0;0.0;2.0;1.0;1.0;B01
44747;201300029562;0;7;0;0.0;2.0;3.0;9.0;A01
44748;201300029563;0;33;0;0.0;2.0;1.0;1.0;B01
44749;201300029563;0;7;0;0.0;2.0;3.0;15.0;A01
44750;201300029564;0;7;0;0.0;1.0;1.0;1.0;A01
44751;201300029565;0;7;0;0.0;0.0;4.0;1.0;B01
44752;201300029565;0;33;0;0.0;2.0;1.0;0.0;A01
44753;201300029566;0;7;0;0.0;2.0;1.0;9.0;A01
44754;201300029566;0;33;0;0.0;2.0;2.0;1.0;B01
44755;201300029567;0;7;0;0.0;2.0;3.0;15.0;A01
44756;201300029567;0;33;0;0.0;2.0;2.0;17.0;B01
44757;201300029568;0;7;0;0.0;1.0;4.0;4.0;A01
44758;201300029569;0;1;0;0.0;2.0;6.0;1.0;B01
44759;201300029570;0;7;0;0.0;1.0;1.0;1.0;A01
44760;201300029571;0;7;0;0.0;1.0;1.0;1.0;A01
44761;201300029573;0;7;0;0.0;2.0;7.0;17.0;A01
44762;201300029573;0;7;0;0.0;2.0;1.0;1.0;B01
44763;201300029573;0;7;0;0.0;2.0;1.0;1.0;C01
44764;201300029574;0;2;0;1.0;0.0;1.0;13.0;A01
44765;201300029574;0;7;0;1.0;0.0;3.0;0.0;B01
44766;201300029575;0;7;0;0.0;1.0;2.0;1.0;A01
44767;201300029576;0;7;0;0.0;2.0;1.0;1.0;A01
44768;201300029576;0;7;0;0.0;2.0;3.0;1.0;B01
44769;201300029578;0;7;0;0.0;2.0;3.0;15.0;A01
44770;201300029578;0;30;0;0.0;2.0;1.0;1.0;B01
44771;201300029579;0;7;0;0.0;1.0;1.0;1.0;A01
44772;201300029580;0;7;0;0.0;1.0;1.0;1.0;A01
44773;201300029581;0;31;0;0.0;1.0;1.0;16.0;A01
44774;201300029582;0;7;0;0.0;1.0;1.0;1.0;A01
44775;201300029583;0;7;0;0.0;1.0;1.0;1.0;A01
44776;201300029584;0;7;0;0.0;1.0;2.0;0.0;A01
44777;201300029585;0;7;0;0.0;1.0;4.0;4.0;A01
44778;201300029585;0;7;0;1.0;2.0;7.0;0.0;B01
44779;201300029586;0;7;0;0.0;1.0;1.0;1.0;A01
44780;201300029587;0;7;0;0.0;1.0;1.0;1.0;A01
44781;201300029588;0;7;0;0.0;1.0;1.0;1.0;A01
44782;201300029589;0;7;0;0.0;2.0;2.0;15.0;A01
44783;201300029589;0;30;0;0.0;2.0;1.0;1.0;B01
44784;201300029590;0;7;0;0.0;1.0;1.0;15.0;A01
44785;201300029591;0;7;0;0.0;1.0;1.0;1.0;A01
44786;201300029593;0;33;0;0.0;0.0;3.0;1.0;A01
44787;201300029593;0;7;0;0.0;0.0;2.0;19.0;B02
44788;201300029594;0;7;0;0.0;2.0;2.0;5.0;A01
44789;201300029594;0;7;0;0.0;2.0;2.0;21.0;B02
44790;201300029595;0;33;0;0.0;2.0;1.0;17.0;A01
44791;201300029595;0;1;0;0.0;0.0;8.0;15.0;B02
44792;201300029596;0;7;0;0.0;2.0;1.0;15.0;B02
44793;201300029596;0;33;0;0.0;2.0;7.0;1.0;A01
44794;201300029597;0;7;0;0.0;1.0;2.0;1.0;A01
44795;201300029598;0;7;0;0.0;2.0;8.0;13.0;A01
44796;201300029598;0;7;0;0.0;2.0;8.0;1.0;B02
44797;201300029599;0;30;0;0.0;0.0;0.0;0.0;A01
44798;201300029601;0;31;0;0.0;0.0;0.0;0.0;A01
44799;201300029602;0;2;0;0.0;0.0;0.0;0.0;A01
44800;201300029603;0;30;0;1.0;2.0;1.0;2.0;A01
44801;201300029603;0;7;0;0.0;2.0;3.0;15.0;B01
44802;201300029604;0;2;0;0.0;0.0;0.0;0.0;A01
44803;201300029605;0;1;0;0.0;0.0;0.0;0.0;A01
44804;201300029606;0;33;0;0.0;0.0;0.0;0.0;A01
44805;201300029607;0;14;0;0.0;1.0;4.0;4.0;A01
44806;201300029608;0;1;0;0.0;0.0;0.0;0.0;A01
44807;201300029609;0;1;0;0.0;0.0;8.0;0.0;A01
44808;201300029610;0;7;0;0.0;2.0;7.0;11.0;A01
44809;201300029610;0;2;0;0.0;2.0;1.0;0.0;B01
44810;201300029611;0;7;0;0.0;1.0;1.0;0.0;A01
44811;201300029613;0;7;0;0.0;1.0;3.0;1.0;A01
44812;201300029614;0;2;0;0.0;2.0;1.0;0.0;B01
44813;201300029614;0;7;0;0.0;2.0;1.0;11.0;A01
44814;201300029615;0;7;0;0.0;1.0;4.0;0.0;A01
44815;201300029616;0;7;0;0.0;1.0;3.0;0.0;A01
44816;201300029616;0;7;0;0.0;2.0;1.0;2.0;B01
44817;201300029617;0;7;0;0.0;1.0;1.0;1.0;A01
44818;201300029618;0;7;0;8.0;0.0;1.0;0.0;A01
44819;201300029619;1;7;0;0.0;1.0;1.0;15.0;Z01
44820;201300029620;0;7;0;0.0;1.0;1.0;0.0;A01
44821;201300029621;0;7;0;0.0;2.0;1.0;5.0;A01
44822;201300029621;0;37;0;0.0;2.0;1.0;5.0;B01
44823;201300029622;0;7;0;9.0;0.0;1.0;0.0;A01
44824;201300029623;0;7;0;0.0;1.0;2.0;17.0;A01
44825;201300029624;0;7;0;0.0;2.0;1.0;2.0;A01
44826;201300029624;0;7;0;0.0;2.0;4.0;2.0;C01
44827;201300029624;0;7;0;0.0;2.0;4.0;2.0;B01
44828;201300029625;0;7;0;0.0;2.0;1.0;1.0;B01
44829;201300029625;0;7;0;0.0;2.0;2.0;15.0;A01
44830;201300029626;0;7;0;0.0;1.0;0.0;0.0;A01
44831;201300029629;0;2;0;0.0;0.0;0.0;0.0;A01
44832;201300029630;0;7;0;0.0;2.0;3.0;0.0;B01
44833;201300029630;0;2;0;0.0;2.0;1.0;0.0;A01
44834;201300029631;0;7;0;0.0;2.0;4.0;2.0;B01
44835;201300029631;0;30;0;0.0;2.0;1.0;2.0;A01
44836;201300029632;0;33;0;0.0;0.0;7.0;21.0;A01
44837;201300029633;0;7;0;15.0;0.0;1.0;20.0;A01
44838;201300029634;0;7;0;0.0;2.0;2.0;1.0;A01
44839;201300029634;1;7;0;0.0;2.0;8.0;16.0;Z01
44840;201300029635;0;7;0;0.0;2.0;6.0;1.0;A01
44841;201300029635;0;1;0;0.0;2.0;1.0;1.0;B01
44842;201300029636;0;7;0;0.0;1.0;8.0;0.0;A01
44843;201300029637;0;7;0;0.0;2.0;6.0;11.0;B01
44844;201300029637;0;2;0;0.0;2.0;1.0;11.0;A01
44845;201300029638;0;7;0;0.0;2.0;1.0;9.0;A01
44846;201300029638;0;2;0;0.0;2.0;1.0;0.0;B01
44847;201300029639;0;10;0;0.0;2.0;3.0;0.0;B01