;Num_Acc;senc;catv;occutc;obs;obsm;choc;manv;num_veh
44848;201300029639;0;7;0;0.0;2.0;1.0;13.0;A01
44849;201300029640;0;7;0;15.0;0.0;1.0;13.0;A01
44850;201300029641;0;7;0;0.0;2.0;7.0;0.0;A01
44851;201300029641;0;1;0;0.0;2.0;1.0;0.0;B01
44852;201300029642;0;7;0;0.0;1.0;3.0;1.0;A01
44853;201300029643;0;33;0;0.0;0.0;0.0;1.0;A01
44854;201300029644;0;2;0;0.0;0.0;0.0;0.0;A01
44855;201300029645;0;7;0;0.0;2.0;6.0;9.0;A01
44856;201300029645;0;2;0;0.0;2.0;2.0;1.0;B01
44857;201300029646;0;7;0;0.0;2.0;4.0;2.0;B01
44858;201300029646;0;7;0;0.0;2.0;4.0;2.0;C01
44859;201300029646;0;7;0;0.0;2.0;1.0;2.0;A01
44860;201300029647;0;7;0;9.0;0.0;9.0;1.0;A01
44861;201300029648;0;31;0;0.0;2.0;1.0;0.0;A01
44862;201300029648;0;7;0;0.0;2.0;8.0;11.0;B01
44863;201300029649;0;7;0;0.0;1.0;3.0;0.0;A01
44864;201300029650;0;2;0;0.0;2.0;7.0;9.0;A01
44865;201300029650;0;7;0;0.0;2.0;1.0;1.0;B01
44866;201300029651;0;7;0;0.0;2.0;1.0;0.0;A01
44867;201300029651;0;7;0;0.0;2.0;1.0;0.0;B01
44868;201300029652;0;2;0;0.0;2.0;0.0;2.0;A01
44869;201300029652;0;7;0;0.0;0.0;4.0;2.0;B01
44870;201300029653;0;7;0;0.0;2.0;1.0;0.0;B01
44871;201300029653;0;7;0;0.0;2.0;1.0;0.0;A01
44872;201300029654;0;2;0;0.0;0.0;1.0;0.0;B01
44873;201300029654;0;7;0;0.0;2.0;1.0;0.0;A01
44874;201300029655;0;7;0;0.0;2.0;3.0;1.0;B01
44875;201300029655;0;7;0;0.0;2.0;1.0;0.0;A01
44876;201300029656;0;7;0;0.0;1.0;1.0;0.0;A01
44877;201300029657;0;30;0;0.0;2.0;8.0;9.0;A01
44878;201300029657;0;2;0;0.0;2.0;3.0;1.0;B01
44879;201300029658;0;33;0;0.0;2.0;9.0;0.0;B01
44880;201300029658;0;7;0;0.0;2.0;6.0;11.0;A01
44881;201300029659;0;7;0;0.0;1.0;1.0;0.0;A01
44882;201300029660;0;32;0;0.0;2.0;1.0;1.0;A01
44883;201300029660;0;7;0;0.0;2.0;3.0;16.0;B01
44884;201300029661;0;1;0;0.0;2.0;1.0;0.0;A01
44885;201300029661;0;7;0;0.0;2.0;3.0;0.0;B01
44886;201300029662;0;30;0;0.0;2.0;0.0;18.0;A01
44887;201300029662;0;7;0;0.0;2.0;7.0;16.0;B01
44888;201300029663;0;30;0;0.0;2.0;1.0;2.0;A01
44889;201300029663;0;7;0;0.0;2.0;1.0;0.0;B01
44890;201300029664;0;7;0;0.0;2.0;1.0;0.0;B01
44891;201300029664;0;7;0;0.0;2.0;1.0;0.0;A01
44892;201300029665;0;10;0;0.0;1.0;0.0;15.0;A01
44893;201300029666;0;7;0;0.0;2.0;7.0;17.0;B01
44894;201300029666;0;1;0;0.0;2.0;8.0;13.0;A01
44895;201300029667;0;7;0;1.0;0.0;0.0;1.0;A01
44896;201300029668;0;7;0;0.0;2.0;1.0;1.0;A01
44897;201300029668;0;7;0;0.0;2.0;1.0;0.0;B01
44898;201300029669;0;7;0;6.0;0.0;1.0;1.0;A01
44899;201300029670;0;7;0;0.0;1.0;1.0;0.0;A01
44900;201300029671;0;10;0;14.0;0.0;1.0;2.0;A01
44901;201300029671;0;7;0;0.0;0.0;4.0;23.0;B01
44902;201300029672;0;7;0;0.0;2.0;1.0;16.0;A01
44903;201300029672;0;10;0;0.0;2.0;3.0;17.0;B01
44904;201300029673;0;7;0;0.0;2.0;7.0;1.0;A01
44905;201300029673;0;7;0;0.0;2.0;1.0;1.0;C01
44906;201300029673;0;7;0;0.0;2.0;1.0;16.0;B01
44907;201300029674;0;7;0;0.0;2.0;3.0;0.0;B01
44908;201300029674;0;2;0;0.0;2.0;0.0;1.0;A01
44909;201300029675;0;2;0;0.0;2.0;2.0;0.0;B01
44910;201300029675;0;7;0;0.0;2.0;2.0;0.0;A01
44911;201300029676;0;7;0;6.0;0.0;1.0;0.0;A01
44912;201300029677;0;7;0;0.0;2.0;3.0;0.0;B01
44913;201300029677;0;2;0;0.0;2.0;7.0;0.0;A01
44914;201300029678;0;7;0;0.0;2.0;8.0;15.0;A01
44915;201300029678;0;7;0;0.0;2.0;1.0;1.0;B01
44916;201300029680;0;7;0;0.0;2.0;4.0;13.0;A01
44917;201300029680;0;7;0;0.0;2.0;1.0;1.0;B01
44918;201300029680;1;10;0;0.0;2.0;1.0;2.0;Z01
44919;201300029681;0;7;0;0.0;2.0;2.0;0.0;A01
44920;201300029681;0;7;0;0.0;2.0;1.0;0.0;B01
44921;201300029682;0;7;0;0.0;2.0;3.0;15.0;A01
44922;201300029682;0;2;0;0.0;2.0;2.0;1.0;B01
44923;201300029683;0;2;0;6.0;0.0;0.0;15.0;A01
44924;201300029684;0;99;0;0.0;2.0;1.0;0.0;A01
44925;201300029684;0;7;0;0.0;2.0;8.0;0.0;B01
44926;201300029685;0;7;0;0.0;1.0;1.0;0.0;A01
44927;201300029686;0;7;0;0.0;0.0;4.0;2.0;B01
44928;201300029686;0;7;0;0.0;2.0;1.0;2.0;A01
44929;201300029687;0;7;0;0.0;2.0;0.0;0.0;A01
44930;201300029687;0;1;0;0.0;2.0;2.0;0.0;B01
44931;201300029688;0;7;0;0.0;1.0;0.0;9.0;A01
44932;201300029690;0;2;0;0.0;2.0;0.0;17.0;A01
44933;201300029690;0;7;0;0.0;2.0;8.0;15.0;B01
44934;201300029691;0;38;1;0.0;1.0;4.0;0.0;A01
44935;201300029692;0;33;0;0.0;2.0;1.0;2.0;A01
44936;201300029692;0;7;0;0.0;2.0;4.0;2.0;B01
44937;201300029694;0;7;0;0.0;1.0;2.0;1.0;A01
44938;201300029695;0;7;0;0.0;1.0;3.0;1.0;A01
44939;201300029696;0;7;0;0.0;2.0;8.0;15.0;A01
44940;201300029696;0;33;0;0.0;2.0;1.0;1.0;B02
44941;201300029697;0;7;0;0.0;1.0;3.0;16.0;A01
44942;201300029698;0;33;0;3.0;0.0;7.0;1.0;A01
44943;201300029699;0;7;0;0.0;0.0;2.0;1.0;A01
44944;201300029699;1;30;0;0.0;0.0;1.0;23.0;B01
44945;201300029700;0;7;0;0.0;2.0;1.0;13.0;B01
44946;201300029700;0;7;0;0.0;2.0;1.0;1.0;C01
44947;201300029700;1;7;0;0.0;0.0;2.0;0.0;Z01
44948;201300029701;0;7;0;0.0;9.0;3.0;0.0;A01
44949;201300029701;0;1;0;0.0;2.0;0.0;0.0;B01
44950;201300029702;0;7;0;0.0;1.0;2.0;15.0;A01
44951;201300029703;0;2;0;0.0;0.0;7.0;21.0;A01
44952;201300029704;0;33;0;0.0;2.0;1.0;17.0;B01
44953;201300029704;0;7;0;0.0;2.0;3.0;9.0;A01
44954;201300029705;0;7;0;8.0;0.0;2.0;0.0;A01
44955;201300029706;0;7;0;0.0;0.0;1.0;9.0;A01
44956;201300029706;0;2;0;0.0;0.0;7.0;2.0;B01
44957;201300029707;0;7;0;6.0;0.0;2.0;14.0;A01
44958;201300029708;0;7;0;0.0;2.0;8.0;15.0;A01
44959;201300029708;0;30;0;0.0;2.0;1.0;17.0;B01
44960;201300029709;0;7;0;1.0;0.0;2.0;14.0;A01
44961;201300029710;0;7;0;0.0;2.0;1.0;1.0;B01
44962;201300029710;0;7;0;0.0;2.0;2.0;9.0;A01
44963;201300029711;0;30;0;6.0;0.0;7.0;0.0;B01
44964;201300029711;1;7;0;0.0;2.0;0.0;9.0;Z01
44965;201300029712;0;2;0;0.0;2.0;4.0;2.0;B01
44966;201300029712;0;7;0;0.0;0.0;4.0;2.0;C01
44967;201300029712;0;7;0;0.0;2.0;1.0;2.0;A01
44968;201300029713;0;1;0;0.0;2.0;1.0;1.0;B01
44969;201300029713;0;2;0;0.0;2.0;7.0;16.0;A01
44970;201300029714;0;7;0;0.0;1.0;2.0;0.0;A01
44971;201300029715;0;33;0;0.0;0.0;7.0;1.0;A01
44972;201300029716;0;30;0;0.0;2.0;1.0;1.0;B01
44973;201300029716;0;7;0;0.0;9.0;3.0;15.0;A01
44974;201300029717;0;30;0;0.0;2.0;1.0;2.0;B01
44975;201300029717;0;7;0;0.0;0.0;8.0;15.0;A01
44976;201300029718;0;33;0;0.0;2.0;1.0;1.0;A01
44977;201300029718;0;7;0;0.0;2.0;5.0;15.0;B01
44978;201300029719;0;7;0;0.0;0.0;6.0;15.0;B01
44979;201300029719;0;33;0;0.0;2.0;6.0;0.0;A01
44980;201300029720;0;7;0;0.0;2.0;2.0;1.0;A01
44981;201300029720;0;1;0;0.0;2.0;8.0;13.0;B01
44982;201300029721;0;7;0;0.0;1.0;5.0;15.0;A01
44983;201300029722;0;7;0;0.0;2.0;1.0;2.0;A01
44984;201300029722;0;7;0;0.0;0.0;4.0;23.0;B01
44985;201300029723;0;7;0;1.0;0.0;1.0;1.0;A01
44986;201300029724;0;33;0;0.0;0.0;7.0;21.0;A01
44987;201300029724;0;7;0;0.0;0.0;0.0;9.0;B01
44988;201300029725;0;7;0;14.0;0.0;9.0;1.0;A01
44989;201300029725;1;99;0;0.0;0.0;0.0;0.0;B01
44990;201300029726;1;99;0;0.0;1.0;8.0;0.0;Z01
44991;201300029727;0;7;0;1.0;0.0;8.0;13.0;A01
44992;201300029728;0;7;0;0.0;1.0;1.0;16.0;A01
44993;201300029729;0;7;0;0.0;0.0;4.0;0.0;A01
44994;201300029729;0;7;0;0.0;2.0;1.0;2.0;B01
44995;201300029730;0;7;0;0.0;0.0;3.0;1.0;A01
44996;201300029730;0;33;0;0.0;0.0;6.0;1.0;B01
44997;201300029732;0;7;0;0.0;2.0;1.0;15.0;A01
44998;201300029732;0;7;0;0.0;2.0;8.0;1.0;B01
44999;201300029733;0;7;0;0.0;0.0;8.0;2.0;B01
45000;201300029733;0;2;0;0.0;2.0;1.0;1.0;A01
45001;201300029734;0;7;0;0.0;2.0;8.0;0.0;B01
45002;201300029734;0;7;0;0.0;2.0;1.0;16.0;A01
45003;201300029735;0;7;0;13.0;0.0;3.0;2.0;A01
45004;201300029736;0;1;0;0.0;2.0;1.0;0.0;B01
45005;201300029736;0;7;0;0.0;9.0;6.0;0.0;A01
45006;201300029737;0;7;0;0.0;9.0;1.0;9.0;A01
45007;201300029737;0;1;0;0.0;2.0;7.0;1.0;B01
45008;201300029738;0;1;0;0.0;2.0;1.0;1.0;A01
45009;201300029738;0;7;0;0.0;9.0;2.0;15.0;B01
45010;201300029739;0;7;0;0.0;1.0;2.0;0.0;A01
45011;201300029740;0;3;0;8.0;0.0;3.0;14.0;A01
45012;201300029741;0;1;0;0.0;0.0;4.0;2.0;A01
45013;201300029741;1;99;0;0.0;9.0;2.0;2.0;Z01
45014;201300029743;0;7;0;0.0;2.0;1.0;1.0;A01
45015;201300029743;0;7;0;0.0;2.0;9.0;1.0;B01
45016;201300029743;0;7;0;0.0;2.0;4.0;2.0;C01
45017;201300029744;0;7;0;0.0;1.0;4.0;0.0;A01
45018;201300029746;0;10;0;0.0;1.0;2.0;16.0;A01
45019;201300029747;0;7;0;15.0;0.0;1.0;1.0;A01
45020;201300029748;0;33;0;0.0;2.0;1.0;21.0;B01
45021;201300029748;0;7;0;0.0;2.0;1.0;15.0;A01
45022;201300029749;0;7;0;0.0;2.0;7.0;20.0;A01
45023;201300029749;0;1;0;0.0;2.0;1.0;2.0;B01
45024;201300029750;0;7;0;15.0;0.0;1.0;17.0;A01
45025;201300029750;0;7;0;0.0;0.0;8.0;10.0;B01
45026;201300029752;0;2;0;0.0;2.0;6.0;1.0;A01
45027;201300029752;0;10;0;0.0;0.0;6.0;9.0;B01
45028;201300029753;0;7;0;0.0;1.0;8.0;1.0;A01
45029;201300029754;0;7;0;11.0;0.0;1.0;2.0;A01
45030;201300029755;0;7;0;0.0;2.0;5.0;15.0;B01
45031;201300029755;0;2;0;0.0;2.0;1.0;1.0;A01
45032;201300029756;0;7;0;0.0;1.0;3.0;15.0;A01
45033;201300029757;0;2;0;0.0;2.0;1.0;2.0;A01
45034;201300029757;0;10;0;0.0;0.0;5.0;1.0;B01
45035;201300029758;0;7;0;0.0;2.0;1.0;2.0;A01
45036;201300029758;0;7;0;0.0;2.0;4.0;2.0;B01
45037;201300029759;0;7;0;0.0;2.0;3.0;0.0;B01
45038;201300029759;0;7;0;0.0;2.0;3.0;0.0;A01
45039;201300029760;0;7;0;0.0;1.0;0.0;2.0;A01
45040;201300029761;0;7;0;0.0;1.0;1.0;1.0;A01
45041;201300029762;0;1;0;1.0;0.0;0.0;1.0;B01
45042;201300029763;0;33;0;0.0;2.0;8.0;1.0;B01
45043;201300029763;0;7;0;0.0;2.0;1.0;1.0;A01
45044;201300029764;0;30;0;12.0;0.0;0.0;0.0;A01
45045;201300029765;0;7;0;6.0;0.0;3.0;21.0;A01
45046;201300029766;0;7;0;0.0;1.0;2.0;0.0;A01
45047;201300029767;0;3;0;0.0;2.0;1.0;0.0;A01
45048;201300029767;0;10;0;0.0;0.0;4.0;1.0;B01
45049;201300029769;0;7;0;0.0;1.0;2.0;1.0;A01
45050;201300029770;0;7;0;1.0;0.0;7.0;1.0;B01
45051;201300029771;1;7;0;0.0;2.0;3.0;16.0;Z01
45052;201300029771;0;7;0;0.0;2.0;3.0;1.0;B01
45053;201300029772;0;7;0;0.0;2.0;1.0;0.0;B01
45054;201300029772;0;7;0;0.0;2.0;3.0;15.0;A01
45055;201300029774;0;7;0;0.0;2.0;1.0;17.0;A01
45056;201300029774;0;13;0;0.0;0.0;0.0;0.0;C01
45057;201300029774;0;7;0;0.0;2.0;1.0;1.0;B01
45058;201300029775;0;7;0;14.0;0.0;1.0;2.0;A01
45059;201300029776;0;1;0;0.0;2.0;7.0;2.0;B01
45060;201300029776;0;7;0;0.0;9.0;1.0;6.0;A01
45061;201300029777;0;7;0;0.0;2.0;3.0;1.0;B01
45062;201300029777;0;7;0;15.0;2.0;8.0;1.0;A01
45063;201300029778;0;7;0;0.0;0.0;1.0;2.0;A01
45064;201300029778;0;7;0;0.0;0.0;4.0;2.0;B01
45065;201300029779;0;7;0;0.0;1.0;3.0;0.0;A01
45066;201300029780;0;7;0;0.0;0.0;6.0;15.0;A01
45067;201300029780;0;7;0;1.0;2.0;1.0;2.0;B01
45068;201300029781;0;7;0;0.0;1.0;2.0;0.0;A01
45069;201300029782;0;33;0;13.0;0.0;1.0;1.0;A01
45070;201300029783;0;33;0;0.0;2.0;1.0;21.0;B01
45071;201300029783;0;7;0;0.0;2.0;3.0;15.0;A01
45072;201300029784;0;7;0;0.0;1.0;1.0;2.0;A01
45073;201300029785;0;7;0;0.0;0.0;3.0;11.0;A01
45074;201300029785;0;33;0;0.0;0.0;1.0;17.0;B01
45075;201300029786;0;7;0;13.0;0.0;0.0;1.0;A01
45076;201300029787;0;33;0;10.0;9.0;7.0;1.0;A01
45077;201300029788;0;7;0;0.0;1.0;2.0;1.0;A01
45078;201300029790;0;7;0;0.0;2.0;1.0;21.0;A01
45079;201300029790;0;7;0;0.0;0.0;1.0;1.0;C01
45080;201300029790;0;7;0;0.0;0.0;6.0;15.0;B01
45081;201300029792;0;7;0;0.0;9.0;3.0;1.0;B01
45082;201300029792;0;7;0;0.0;2.0;3.0;13.0;A01
45083;201300029793;0;7;0;0.0;1.0;1.0;1.0;A01
45084;201300029795;0;7;0;0.0;1.0;2.0;2.0;A01
45085;201300029796;0;7;0;0.0;1.0;0.0;2.0;A01
45086;201300029797;0;7;0;6.0;0.0;1.0;13.0;A01
45087;201300029799;0;7;0;0.0;2.0;1.0;1.0;B01
45088;201300029799;0;7;0;0.0;2.0;3.0;1.0;C01
45089;201300029799;0;7;0;0.0;2.0;1.0;17.0;A01
45090;201300029800;0;30;0;6.0;0.0;1.0;1.0;A01
45091;201300029801;0;7;0;0.0;0.0;8.0;9.0;B01
45092;201300029801;0;33;0;0.0;0.0;1.0;1.0;A01
45093;201300029802;0;7;0;0.0;0.0;1.0;2.0;A01
45094;201300029802;0;1;0;0.0;0.0;0.0;0.0;B01
45095;201300029803;0;7;0;0.0;2.0;2.0;15.0;A01
45096;201300029803;0;30;0;0.0;2.0;1.0;1.0;B01
45097;201300029804;0;7;0;0.0;2.0;7.0;19.0;A01
45098;201300029804;0;7;0;0.0;0.0;0.0;0.0;B01
45099;201300029805;0;34;0;0.0;2.0;3.0;1.0;A01
45100;201300029805;0;7;0;0.0;2.0;8.0;1.0;B01
45101;201300029806;0;7;0;0.0;2.0;7.0;0.0;B01
45102;201300029806;0;3;0;0.0;2.0;1.0;0.0;A01
45103;201300029807;0;2;0;11.0;2.0;1.0;5.0;A01
45104;201300029807;0;7;0;11.0;2.0;2.0;2.0;B01
45105;201300029808;0;7;0;0.0;2.0;3.0;1.0;B01
45106;201300029808;0;7;0;0.0;2.0;7.0;19.0;A01
45107;201300029809;0;1;0;0.0;2.0;5.0;19.0;A01
45108;201300029809;0;30;0;0.0;2.0;1.0;1.0;B01
45109;201300029810;0;7;0;0.0;1.0;2.0;1.0;A01
45110;201300029811;0;30;0;0.0;2.0;6.0;2.0;A01
45111;201300029811;0;7;0;0.0;0.0;6.0;2.0;B01
45112;201300029812;0;7;0;6.0;0.0;4.0;24.0;A01
45113;201300029812;1;7;0;1.0;0.0;1.0;13.0;Z01
45114;201300029813;0;1;0;0.0;2.0;1.0;2.0;B01
45115;201300029813;0;1;0;0.0;2.0;1.0;5.0;A01
45116;201300029814;0;7;0;0.0;2.0;1.0;1.0;A01
45117;201300029814;0;7;0;6.0;2.0;1.0;1.0;B01
45118;201300029815;0;7;0;9.0;0.0;1.0;1.0;A01
45119;201300029816;0;7;0;0.0;2.0;1.0;17.0;B01
45120;201300029816;0;7;0;0.0;2.0;1.0;1.0;A01
45121;201300029817;0;37;1;0.0;1.0;0.0;17.0;A01
45122;201300029818;0;7;0;0.0;2.0;1.0;1.0;A01
45123;201300029818;0;7;0;0.0;2.0;1.0;1.0;B01
45124;201300029819;0;7;0;0.0;0.0;9.0;1.0;A01
45125;201300029820;0;7;0;0.0;2.0;1.0;1.0;C01
45126;201300029820;0;7;0;0.0;2.0;1.0;1.0;B01
45127;201300029820;0;33;0;3.0;2.0;1.0;1.0;A01
45128;201300029821;0;7;0;0.0;2.0;1.0;1.0;B01
45129;201300029821;0;7;0;0.0;2.0;3.0;15.0;A01
45130;201300029822;0;7;0;0.0;2.0;1.0;1.0;A01
45131;201300029822;0;7;0;0.0;0.0;4.0;1.0;B01
45132;201300029823;0;7;0;0.0;1.0;1.0;1.0;A01
45133;201300029824;0;7;0;0.0;2.0;1.0;15.0;B01
45134;201300029824;0;31;0;0.0;2.0;1.0;1.0;A01
45135;201300029825;0;7;0;0.0;2.0;1.0;1.0;A01
45136;201300029825;0;33;0;0.0;2.0;1.0;1.0;B01
45137;201300029826;0;7;0;0.0;1.0;2.0;1.0;A01
45138;201300029827;0;7;0;0.0;2.0;3.0;15.0;A01
45139;201300029827;0;2;0;0.0;2.0;9.0;1.0;B01
45140;201300029829;0;7;0;0.0;2.0;1.0;17.0;A01
45141;201300029829;0;7;0;0.0;2.0;1.0;1.0;B01
45142;201300029830;0;1;0;0.0;0.0;4.0;1.0;Y01
45143;201300029830;1;7;0;0.0;9.0;1.0;14.0;Z01
45144;201300029831;0;3;0;8.0;0.0;2.0;1.0;A01
45145;201300029832;0;7;0;8.0;0.0;1.0;1.0;A01
45146;201300029833;0;7;0;0.0;1.0;2.0;20.0;A01
45147;201300029834;0;2;0;0.0;2.0;1.0;1.0;A01
45148;201300029834;0;7;0;0.0;2.0;7.0;1.0;B01
45149;201300029835;0;2;0;0.0;2.0;0.0;1.0;B01
45150;201300029835;1;7;0;0.0;2.0;0.0;9.0;Z01
45151;201300029836;0;30;0;0.0;2.0;1.0;2.0;A01
45152;201300029836;0;7;0;0.0;2.0;4.0;2.0;B01
45153;201300029837;0;7;0;8.0;0.0;1.0;0.0;A01
45154;201300029838;0;7;0;0.0;2.0;2.0;15.0;A01
45155;201300029838;0;33;0;0.0;2.0;1.0;1.0;B01
45156;201300029839;0;7;0;0.0;1.0;1.0;1.0;A01
45157;201300029840;0;7;0;0.0;2.0;1.0;0.0;A01
45158;201300029840;0;7;0;0.0;0.0;8.0;0.0;B01
45159;201300029841;1;99;0;0.0;1.0;1.0;0.0;Z01
45160;201300029842;0;33;0;8.0;2.0;3.0;17.0;A01
45161;201300029842;0;7;0;0.0;0.0;8.0;15.0;B01
45162;201300029843;0;7;0;0.0;0.0;4.0;1.0;B01
45163;201300029843;0;15;0;0.0;2.0;1.0;1.0;A01
45164;201300029844;0;33;0;0.0;2.0;1.0;1.0;A01
45165;201300029844;0;10;0;0.0;0.0;3.0;16.0;B01
45166;201300029845;0;33;0;0.0;2.0;8.0;17.0;B01
45167;201300029845;0;7;0;0.0;2.0;3.0;15.0;A01
45168;201300029846;0;7;0;2.0;0.0;1.0;1.0;A01
45169;201300029847;0;7;0;0.0;2.0;1.0;23.0;C01
45170;201300029847;0;7;0;0.0;2.0;1.0;1.0;B01
45171;201300029847;0;31;0;0.0;2.0;1.0;17.0;A01
45172;201300029849;0;7;0;0.0;2.0;1.0;1.0;B01
45173;201300029849;0;7;0;0.0;2.0;1.0;1.0;A01
45174;201300029850;0;31;0;0.0;2.0;1.0;17.0;A01
45175;201300029850;0;10;0;0.0;2.0;3.0;15.0;B01
45176;201300029851;0;7;0;0.0;1.0;1.0;1.0;A01
45177;201300029852;0;7;0;15.0;2.0;8.0;1.0;B01
45178;201300029852;0;14;0;15.0;2.0;1.0;1.0;A01
45179;201300029853;0;31;0;1.0;0.0;1.0;14.0;A01
45180;201300029854;0;7;0;1.0;0.0;1.0;1.0;A01
45181;201300029855;0;7;0;2.0;0.0;1.0;14.0;A01
45182;201300029856;0;7;0;0.0;1.0;1.0;1.0;A01
45183;201300029859;0;7;0;0.0;2.0;3.0;0.0;A01
45184;201300029859;0;2;0;0.0;2.0;1.0;1.0;B01
45185;201300029860;0;34;0;0.0;2.0;7.0;1.0;B01
45186;201300029860;0;10;0;0.0;2.0;2.0;15.0;A01
45187;201300029861;0;7;0;0.0;0.0;2.0;0.0;A01
45188;201300029862;0;7;0;0.0;2.0;3.0;5.0;A01
45189;201300029862;0;7;0;0.0;2.0;3.0;5.0;B01
45190;201300029863;0;7;0;0.0;2.0;1.0;1.0;A01
45191;201300029863;0;7;0;0.0;2.0;3.0;1.0;B01
45192;201300029864;0;7;0;1.0;0.0;1.0;13.0;A01
45193;201300029865;0;7;0;6.0;0.0;7.0;1.0;A01
45194;201300029866;0;2;0;6.0;0.0;1.0;14.0;A01
45195;201300029867;0;7;0;0.0;1.0;4.0;4.0;A01
45196;201300029868;0;30;0;8.0;0.0;1.0;14.0;A01
45197;201300029869;0;7;0;0.0;1.0;0.0;1.0;A01
45198;201300029870;0;30;0;6.0;0.0;1.0;21.0;A01
45199;201300029871;0;33;0;0.0;2.0;1.0;1.0;B01
45200;201300029871;0;7;0;0.0;2.0;5.0;4.0;A01
45201;201300029872;0;33;0;0.0;2.0;1.0;1.0;B01
45202;201300029872;0;7;0;0.0;2.0;4.0;4.0;A01
45203;201300029873;0;7;0;0.0;9.0;1.0;0.0;A01
45204;201300029874;0;7;0;0.0;2.0;3.0;5.0;A01
45205;201300029874;0;7;0;0.0;2.0;3.0;1.0;B01
45206;201300029875;0;7;0;8.0;0.0;1.0;14.0;A01
45207;201300029876;0;7;0;8.0;0.0;1.0;1.0;A01
45208;201300029877;0;7;0;0.0;1.0;2.0;1.0;A01
45209;201300029878;0;10;0;0.0;2.0;2.0;15.0;A01
45210;201300029878;0;1;0;0.0;2.0;0.0;21.0;B01
45211;201300029879;0;10;0;0.0;2.0;1.0;1.0;B01
45212;201300029879;0;7;0;0.0;2.0;8.0;15.0;A01
45213;201300029880;0;7;0;0.0;1.0;6.0;15.0;A01
45214;201300029881;0;10;0;0.0;1.0;4.0;20.0;A01
45215;201300029882;0;2;0;0.0;2.0;7.0;15.0;B01
45216;201300029882;0;10;0;0.0;2.0;3.0;9.0;A01
45217;201300029883;0;2;0;0.0;2.0;1.0;13.0;A01
45218;201300029883;0;7;0;0.0;2.0;8.0;1.0;B01
45219;201300029884;0;7;0;0.0;1.0;1.0;15.0;A01
45220;201300029885;1;7;0;0.0;1.0;2.0;1.0;Z01
45221;201300029886;0;33;0;4.0;0.0;1.0;1.0;A01
45222;201300029888;0;7;0;1.0;2.0;1.0;2.0;A01
45223;201300029888;0;7;0;0.0;2.0;4.0;2.0;B01
45224;201300029889;0;7;0;0.0;1.0;1.0;1.0;A01
45225;201300029890;0;30;0;0.0;2.0;2.0;1.0;B01
45226;201300029890;0;7;0;0.0;2.0;3.0;10.0;A01
45227;201300029891;0;2;0;0.0;2.0;4.0;1.0;A01
45228;201300029891;0;7;0;0.0;0.0;4.0;15.0;B01
45229;201300029892;0;7;0;14.0;0.0;1.0;1.0;A01
45230;201300029892;0;7;0;0.0;0.0;4.0;1.0;B01
45231;201300029893;0;3;0;0.0;0.0;4.0;23.0;B01
45232;201300029893;0;2;0;14.0;0.0;1.0;1.0;A01
45233;201300029894;0;30;0;0.0;2.0;1.0;6.0;A01
45234;201300029894;0;7;0;0.0;0.0;6.0;15.0;B01
45235;201300029896;0;7;0;0.0;2.0;1.0;1.0;A01
45236;201300029896;0;1;0;0.0;0.0;4.0;9.0;B01
45237;201300029897;0;7;0;0.0;1.0;1.0;1.0;A01
45238;201300029898;0;39;0;14.0;0.0;2.0;1.0;B01
45239;201300029898;0;21;0;0.0;4.0;6.0;0.0;A01
45240;201300029899;0;7;0;0.0;1.0;4.0;4.0;A01
45241;201300029900;0;1;0;0.0;2.0;0.0;5.0;A01
45242;201300029900;0;7;0;0.0;9.0;0.0;16.0;B01
45243;201300029901;0;1;0;0.0;2.0;1.0;5.0;A01
45244;201300029901;0;10;0;0.0;9.0;1.0;1.0;B01
45245;201300029902;0;7;0;0.0;2.0;3.0;15.0;A01
45246;201300029902;0;7;0;0.0;2.0;1.0;1.0;B01
45247;201300029903;0;7;0;0.0;2.0;3.0;9.0;A01
45248;201300029903;0;31;0;0.0;2.0;2.0;1.0;B01
45249;201300029904;0;7;0;2.0;0.0;1.0;13.0;A01
45250;201300029905;0;3;0;2.0;2.0;3.0;1.0;B01
45251;201300029905;0;7;0;0.0;2.0;1.0;1.0;C01
45252;201300029905;0;7;0;15.0;2.0;2.0;13.0;A01
45253;201300029906;0;1;0;0.0;2.0;1.0;19.0;A01
45254;201300029906;0;7;0;0.0;2.0;2.0;1.0;B01
45255;201300029908;0;7;0;0.0;2.0;1.0;1.0;A01
45256;201300029908;0;7;0;0.0;2.0;7.0;1.0;B01
45257;201300029909;0;7;0;0.0;2.0;1.0;1.0;B01
45258;201300029909;0;1;0;0.0;2.0;7.0;9.0;A01
45259;201300029910;0;40;0;0.0;2.0;1.0;1.0;B01
45260;201300029910;0;7;0;0.0;2.0;1.0;9.0;A01
45261;201300029911;0;7;0;0.0;1.0;2.0;1.0;A01
45262;201300029912;0;7;0;6.0;0.0;1.0;6.0;A01
45263;201300029913;0;1;0;0.0;2.0;8.0;1.0;B01
45264;201300029913;0;7;0;0.0;2.0;2.0;17.0;A01
45265;201300029914;0;7;0;0.0;1.0;3.0;1.0;A01
45266;201300029915;0;7;0;0.0;1.0;0.0;0.0;A01
45267;201300029916;0;7;0;0.0;1.0;5.0;0.0;A01
45268;201300029917;0;7;0;0.0;2.0;7.0;1.0;B01
45269;201300029917;2;7;0;7.0;2.0;1.0;1.0;A01