;Num_Acc;senc;catv;occutc;obs;obsm;choc;manv;num_veh
45270;201300029918;0;7;0;0.0;1.0;1.0;1.0;A01
45271;201300029919;0;7;0;0.0;1.0;0.0;0.0;A01
45272;201300029920;1;7;0;0.0;1.0;0.0;0.0;Z01
45273;201300029921;1;7;0;0.0;2.0;0.0;0.0;Z01
45274;201300029921;0;7;0;0.0;2.0;4.0;0.0;B01
45275;201300029922;0;37;4;0.0;1.0;5.0;1.0;A01
45276;201300029923;0;30;0;0.0;1.0;0.0;0.0;A01
45277;201300029924;0;10;0;0.0;1.0;0.0;0.0;A01
45278;201300029925;0;7;0;0.0;1.0;0.0;0.0;A01
45279;201300029926;0;7;0;0.0;0.0;1.0;0.0;A01
45280;201300029927;0;7;0;0.0;1.0;0.0;0.0;A01
45281;201300029928;0;7;0;0.0;1.0;0.0;0.0;A01
45282;201300029929;0;7;0;0.0;2.0;1.0;1.0;A01
45283;201300029929;0;37;3;0.0;2.0;8.0;15.0;B01
45284;201300029930;0;7;0;0.0;0.0;0.0;0.0;C01
45285;201300029930;1;7;0;0.0;0.0;0.0;0.0;Z01
45286;201300029930;0;7;0;0.0;2.0;0.0;0.0;B01
45287;201300029931;0;37;1;0.0;1.0;2.0;1.0;A01
45288;201300029932;0;37;2;0.0;1.0;2.0;0.0;A01
45289;201300029933;0;7;0;2.0;0.0;1.0;1.0;A01
45290;201300029934;0;7;0;0.0;2.0;0.0;0.0;A01
45291;201300029934;0;30;0;0.0;2.0;1.0;0.0;B01
45292;201300029935;0;2;0;0.0;0.0;0.0;0.0;A01
45293;201300029936;0;7;0;0.0;0.0;0.0;0.0;A01
45294;201300029937;0;7;0;0.0;0.0;1.0;1.0;A01
45295;201300029937;0;7;0;0.0;0.0;4.0;23.0;B01
45296;201300029938;0;7;0;0.0;1.0;0.0;0.0;A01
45297;201300029939;0;7;0;0.0;2.0;3.0;0.0;A01
45298;201300029939;0;30;0;0.0;2.0;1.0;0.0;B01
45299;201300029940;1;7;0;0.0;1.0;4.0;4.0;Z01
45300;201300029941;0;7;0;0.0;2.0;7.0;15.0;A01
45301;201300029941;0;33;0;0.0;2.0;1.0;1.0;B01
45302;201300029942;0;7;0;0.0;2.0;1.0;0.0;B01
45303;201300029942;0;7;0;0.0;2.0;1.0;0.0;A01
45304;201300029943;0;7;0;0.0;2.0;0.0;0.0;B01
45305;201300029943;0;32;0;0.0;2.0;0.0;0.0;A01
45306;201300029944;0;37;10;0.0;1.0;5.0;7.0;A01
45307;201300029945;0;7;0;0.0;2.0;0.0;0.0;A01
45308;201300029945;0;33;0;0.0;2.0;1.0;0.0;B01
45309;201300029947;1;7;0;0.0;0.0;0.0;17.0;Z01
45310;201300029947;0;33;0;0.0;0.0;0.0;21.0;B01
45311;201300029949;0;32;0;0.0;1.0;0.0;0.0;A01
45312;201300029950;0;34;0;0.0;0.0;0.0;0.0;B01
45313;201300029950;0;7;0;0.0;2.0;0.0;0.0;A01
45314;201300029951;0;7;0;1.0;0.0;0.0;0.0;E01
45315;201300029951;0;7;0;1.0;0.0;0.0;0.0;D01
45316;201300029951;0;7;0;0.0;0.0;0.0;1.0;B01
45317;201300029951;0;7;0;1.0;0.0;0.0;0.0;C01
45318;201300029951;0;7;0;0.0;0.0;0.0;0.0;A01
45319;201300029952;0;2;0;2.0;0.0;0.0;0.0;A01
45320;201300029953;0;32;0;0.0;2.0;0.0;0.0;A01
45321;201300029953;0;7;0;1.0;2.0;0.0;0.0;B01
45322;201300029954;0;30;0;6.0;0.0;0.0;0.0;A01
45323;201300029955;0;7;0;0.0;0.0;0.0;0.0;B01
45324;201300029955;0;33;0;0.0;0.0;0.0;0.0;A01
45325;201300029956;0;7;0;0.0;2.0;1.0;15.0;Z01
45326;201300029956;0;7;0;0.0;2.0;1.0;1.0;B01
45327;201300029957;0;7;0;0.0;2.0;1.0;1.0;B01
45328;201300029957;0;7;0;0.0;2.0;2.0;1.0;A01
45329;201300029958;1;13;0;0.0;0.0;0.0;0.0;Z01
45330;201300029958;0;1;0;0.0;2.0;0.0;0.0;B01
45331;201300029959;0;7;0;0.0;1.0;1.0;1.0;A01
45332;201300029960;0;7;0;0.0;1.0;1.0;1.0;A01
45333;201300029961;0;7;0;0.0;1.0;0.0;0.0;A01
45334;201300029962;0;7;0;0.0;0.0;0.0;0.0;A01
45335;201300029962;0;30;0;0.0;0.0;0.0;0.0;B01
45336;201300029963;0;33;0;0.0;2.0;1.0;1.0;A01
45337;201300029963;0;15;0;0.0;2.0;0.0;0.0;B01
45338;201300029964;0;7;0;0.0;0.0;0.0;0.0;B01
45339;201300029964;0;33;0;0.0;2.0;0.0;0.0;A01
45340;201300029965;0;1;0;0.0;2.0;8.0;15.0;B01
45341;201300029965;0;7;0;0.0;2.0;1.0;1.0;A01
45342;201300029966;1;7;0;0.0;1.0;3.0;1.0;Z01
45343;201300029967;0;7;0;0.0;1.0;1.0;1.0;A01
45344;201300029968;0;7;0;1.0;1.0;1.0;1.0;A01
45345;201300029969;2;7;0;6.0;0.0;1.0;16.0;Z01
45346;201300029970;0;7;0;0.0;2.0;3.0;1.0;B01
45347;201300029970;0;7;0;0.0;2.0;1.0;1.0;A01
45348;201300029971;0;7;0;0.0;2.0;3.0;1.0;B01
45349;201300029971;0;30;0;0.0;2.0;1.0;17.0;A01
45350;201300029972;0;30;0;0.0;2.0;2.0;19.0;A01
45351;201300029972;0;7;0;0.0;2.0;3.0;1.0;B01
45352;201300029973;0;7;0;0.0;1.0;0.0;0.0;A01
45353;201300029974;1;7;0;0.0;0.0;0.0;0.0;Z01
45354;201300029974;0;1;0;0.0;0.0;0.0;0.0;B01
45355;201300029975;0;10;0;3.0;0.0;4.0;1.0;B01
45356;201300029975;0;15;0;0.0;2.0;1.0;1.0;A01
45357;201300029975;0;15;0;0.0;2.0;4.0;1.0;C01
45358;201300029975;0;10;0;0.0;2.0;4.0;1.0;D01
45359;201300029975;0;15;0;0.0;0.0;4.0;1.0;E01
45360;201300029977;0;33;0;8.0;0.0;1.0;1.0;A01
45361;201300029978;1;7;0;0.0;0.0;0.0;0.0;Z01
45362;201300029978;0;32;0;0.0;0.0;0.0;0.0;B01
45363;201300029979;0;7;0;0.0;1.0;0.0;0.0;A01
45364;201300029980;0;2;0;0.0;2.0;1.0;1.0;A01
45365;201300029980;0;31;0;0.0;0.0;4.0;1.0;B01
45366;201300029981;0;7;0;0.0;0.0;0.0;0.0;B01
45367;201300029981;1;15;0;0.0;0.0;0.0;0.0;Z01
45368;201300029982;0;7;0;6.0;0.0;1.0;0.0;A01
45369;201300029983;0;99;0;0.0;0.0;0.0;0.0;A01
45370;201300029984;0;15;0;0.0;2.0;1.0;23.0;C01
45371;201300029984;0;15;0;0.0;2.0;4.0;23.0;D01
45372;201300029984;0;15;0;0.0;2.0;1.0;1.0;A01
45373;201300029984;0;7;0;0.0;2.0;4.0;23.0;B01
45374;201300029985;0;7;0;0.0;1.0;0.0;0.0;A01
45375;201300029986;0;1;0;0.0;0.0;0.0;0.0;B01
45376;201300029986;1;7;0;0.0;0.0;0.0;0.0;Z01
45377;201300029987;0;7;0;0.0;1.0;1.0;1.0;A01
45378;201300029988;0;7;0;0.0;1.0;4.0;0.0;A01
45379;201300029989;1;7;0;0.0;1.0;0.0;1.0;Z01
45380;201300029990;0;7;0;0.0;1.0;0.0;0.0;A01
45381;201300029991;0;7;0;0.0;0.0;1.0;2.0;A01
45382;201300029991;0;17;0;0.0;0.0;6.0;2.0;B01
45383;201300029992;1;7;0;0.0;0.0;2.0;1.0;A01
45384;201300029992;0;1;0;0.0;0.0;1.0;19.0;B01
45385;201300029993;0;2;0;0.0;2.0;1.0;0.0;A01
45386;201300029993;0;1;0;0.0;2.0;8.0;9.0;B01
45387;201300029994;0;1;0;0.0;2.0;4.0;2.0;A01
45388;201300029994;0;33;0;0.0;2.0;1.0;2.0;B01
45389;201300029996;0;7;0;0.0;2.0;2.0;1.0;A01
45390;201300029996;0;7;0;0.0;1.0;3.0;1.0;B01
45391;201300029997;0;1;0;0.0;2.0;3.0;2.0;B01
45392;201300029997;0;7;0;0.0;9.0;2.0;1.0;A01
45393;201300029998;0;7;0;0.0;1.0;1.0;1.0;A01
45394;201300029999;0;7;0;0.0;2.0;3.0;13.0;B01
45395;201300029999;0;33;0;0.0;2.0;7.0;1.0;A01
45396;201300030001;0;7;0;7.0;0.0;1.0;12.0;A01
45397;201300030002;0;7;0;0.0;1.0;1.0;1.0;A01
45398;201300030003;0;7;0;0.0;1.0;1.0;0.0;A01
45399;201300030004;1;7;0;0.0;2.0;1.0;13.0;Z01
45400;201300030004;0;7;0;0.0;2.0;3.0;2.0;A01
45401;201300030005;1;7;0;0.0;1.0;3.0;9.0;A01
45402;201300030006;0;7;0;0.0;2.0;1.0;1.0;A01
45403;201300030006;0;7;0;0.0;2.0;4.0;1.0;B01
45404;201300030007;0;7;0;0.0;1.0;3.0;15.0;A01
45405;201300030008;0;7;0;0.0;1.0;1.0;1.0;A01
45406;201300030010;0;7;0;0.0;1.0;1.0;1.0;A01
45407;201300030011;0;7;0;0.0;2.0;1.0;1.0;B01
45408;201300030011;0;7;0;0.0;2.0;5.0;15.0;A01
45409;201300030012;0;7;0;0.0;1.0;1.0;1.0;A01
45410;201300030013;0;1;0;0.0;2.0;1.0;1.0;A01
45411;201300030013;1;99;0;0.0;0.0;0.0;0.0;Z01
45412;201300030015;0;31;0;0.0;2.0;3.0;1.0;B01
45413;201300030015;0;7;0;0.0;2.0;2.0;9.0;A01
45414;201300030016;0;2;0;0.0;2.0;1.0;1.0;A01
45415;201300030016;0;7;0;0.0;2.0;4.0;1.0;B01
45416;201300030017;0;7;0;0.0;2.0;2.0;18.0;A01
45417;201300030017;0;7;0;0.0;2.0;3.0;15.0;B01
45418;201300030018;0;7;0;0.0;1.0;1.0;1.0;A01
45419;201300030019;0;1;0;0.0;2.0;8.0;1.0;B01
45420;201300030019;0;7;0;0.0;2.0;1.0;15.0;A01
45421;201300030020;0;7;0;0.0;1.0;3.0;1.0;A01
45422;201300030021;0;1;0;0.0;2.0;1.0;19.0;A01
45423;201300030021;0;37;1;0.0;2.0;1.0;1.0;B01
45424;201300030022;0;2;0;0.0;2.0;1.0;1.0;A01
45425;201300030022;1;7;0;0.0;2.0;1.0;15.0;Z01
45426;201300030023;0;7;0;0.0;2.0;3.0;13.0;A01
45427;201300030023;0;7;0;0.0;2.0;1.0;1.0;B01
45428;201300030024;0;7;0;0.0;1.0;1.0;1.0;A01
45429;201300030025;0;7;0;0.0;1.0;8.0;1.0;A01
45430;201300030027;0;7;0;0.0;1.0;1.0;15.0;A01
45431;201300030028;0;7;0;0.0;1.0;1.0;1.0;A01
45432;201300030029;1;32;0;0.0;1.0;1.0;1.0;Z01
45433;201300030030;0;7;0;2.0;0.0;1.0;1.0;A01
45434;201300030031;0;7;0;0.0;2.0;2.0;1.0;A01
45435;201300030031;0;1;0;0.0;2.0;4.0;1.0;B01
45436;201300030032;0;7;0;6.0;0.0;0.0;1.0;A01
45437;201300030033;0;33;0;0.0;2.0;1.0;15.0;A01
45438;201300030033;0;7;0;0.0;2.0;8.0;1.0;B01
45439;201300030034;0;30;0;0.0;2.0;1.0;1.0;B01
45440;201300030034;0;7;0;0.0;2.0;3.0;15.0;A01
45441;201300030036;0;7;0;0.0;1.0;0.0;1.0;A01
45442;201300030037;0;7;0;0.0;1.0;1.0;1.0;A01
45443;201300030038;0;7;0;0.0;1.0;1.0;1.0;A01
45444;201300030039;0;7;0;0.0;1.0;2.0;1.0;A01
45445;201300030040;0;7;0;0.0;2.0;1.0;9.0;A01
45446;201300030040;0;2;0;0.0;2.0;1.0;1.0;B01
45447;201300030041;0;7;0;0.0;2.0;1.0;1.0;B01
45448;201300030041;0;7;0;0.0;2.0;7.0;1.0;A01
45449;201300030042;0;2;0;0.0;2.0;1.0;1.0;A01
45450;201300030042;0;7;0;0.0;2.0;1.0;1.0;B01
45451;201300030043;0;15;0;0.0;2.0;5.0;15.0;A01
45452;201300030043;0;31;0;0.0;2.0;1.0;1.0;B01
45453;201300030044;0;15;0;0.0;2.0;2.0;1.0;A01
45454;201300030044;0;7;0;0.0;2.0;1.0;9.0;B01
45455;201300030045;0;7;0;0.0;1.0;1.0;1.0;A01
45456;201300030046;0;14;0;0.0;2.0;0.0;1.0;A01
45457;201300030046;0;33;0;0.0;2.0;4.0;1.0;B01
45458;201300030047;0;7;0;1.0;1.0;1.0;0.0;A01
45459;201300030047;0;7;0;0.0;2.0;1.0;1.0;B01
45460;201300030048;0;7;0;0.0;1.0;1.0;1.0;A01
45461;201300030049;0;7;0;0.0;1.0;1.0;1.0;A01
45462;201300030050;0;7;0;0.0;2.0;1.0;1.0;B01
45463;201300030050;0;7;0;0.0;0.0;3.0;15.0;A01
45464;201300030051;0;7;0;9.0;0.0;1.0;1.0;A01
45465;201300030052;0;7;0;0.0;2.0;7.0;1.0;A01
45466;201300030052;0;30;0;0.0;2.0;1.0;1.0;B01
45467;201300030053;0;7;0;0.0;1.0;1.0;1.0;A01
45468;201300030054;0;7;0;0.0;2.0;2.0;1.0;A01
45469;201300030054;0;7;0;0.0;2.0;0.0;1.0;D01
45470;201300030054;0;7;0;0.0;2.0;6.0;1.0;C01
45471;201300030054;0;7;0;0.0;2.0;6.0;1.0;B01
45472;201300030055;0;7;0;0.0;1.0;1.0;1.0;A01
45473;201300030056;0;7;0;0.0;1.0;2.0;1.0;A01
45474;201300030057;0;7;0;0.0;2.0;1.0;9.0;B01
45475;201300030057;0;10;0;3.0;2.0;1.0;9.0;A01
45476;201300030058;0;7;0;0.0;1.0;1.0;1.0;A01
45477;201300030059;0;30;0;0.0;2.0;1.0;5.0;A01
45478;201300030059;0;7;0;0.0;0.0;3.0;15.0;B01
45479;201300030060;0;7;0;0.0;1.0;1.0;1.0;A01
45480;201300030061;0;30;0;0.0;2.0;1.0;2.0;A01
45481;201300030062;0;7;0;0.0;2.0;4.0;24.0;B01
45482;201300030062;0;7;0;1.0;0.0;9.0;1.0;A01
45483;201300030063;0;33;0;0.0;2.0;1.0;17.0;A01
45484;201300030063;0;7;0;0.0;2.0;3.0;1.0;B01
45485;201300030064;0;10;0;0.0;1.0;4.0;4.0;A01
45486;201300030067;0;7;0;0.0;2.0;1.0;15.0;A01
45487;201300030067;0;2;0;0.0;2.0;1.0;1.0;B01
45488;201300030068;0;7;0;0.0;1.0;1.0;1.0;A01
45489;201300030069;0;10;0;0.0;2.0;4.0;23.0;B01
45490;201300030069;0;7;0;0.0;2.0;4.0;1.0;A01
45491;201300030070;0;7;0;0.0;2.0;6.0;1.0;A01
45492;201300030070;0;1;0;0.0;2.0;1.0;9.0;B01
45493;201300030071;2;7;0;0.0;0.0;9.0;1.0;A01
45494;201300030072;0;7;0;6.0;0.0;1.0;0.0;A01
45495;201300030073;0;7;0;0.0;2.0;2.0;2.0;B01
45496;201300030073;0;2;0;0.0;2.0;1.0;18.0;A01
45497;201300030074;0;7;0;2.0;1.0;1.0;15.0;A01
45498;201300030075;0;7;0;0.0;1.0;3.0;15.0;A01
45499;201300030076;0;33;0;0.0;2.0;1.0;1.0;A01
45500;201300030076;0;7;0;0.0;2.0;3.0;15.0;B01
45501;201300030077;0;7;0;0.0;1.0;4.0;4.0;A01
45502;201300030078;0;7;0;0.0;1.0;1.0;1.0;A01
45503;201300030079;0;10;0;0.0;1.0;1.0;1.0;A01
45504;201300030080;2;7;0;9.0;0.0;1.0;1.0;A01
45505;201300030081;0;7;0;0.0;2.0;1.0;1.0;A01
45506;201300030081;0;7;0;0.0;2.0;1.0;1.0;B01
45507;201300030082;0;7;0;0.0;2.0;1.0;1.0;A01
45508;201300030082;0;33;0;0.0;2.0;1.0;1.0;B01
45509;201300030083;0;7;0;0.0;2.0;1.0;10.0;A01
45510;201300030083;0;1;0;0.0;2.0;1.0;1.0;B01
45511;201300030084;0;7;0;0.0;2.0;6.0;20.0;A01
45512;201300030084;0;2;0;0.0;2.0;1.0;1.0;B01
45513;201300030086;0;7;0;0.0;2.0;8.0;22.0;A01
45514;201300030086;0;1;0;0.0;2.0;1.0;1.0;B01
45515;201300030087;0;7;0;0.0;2.0;4.0;4.0;A01
45516;201300030087;0;2;0;0.0;2.0;1.0;23.0;B01
45517;201300030088;0;32;0;0.0;2.0;1.0;1.0;B01
45518;201300030088;0;7;0;0.0;2.0;1.0;1.0;A01
45519;201300030089;0;7;0;0.0;1.0;2.0;1.0;A01
45520;201300030090;0;7;0;0.0;2.0;1.0;1.0;B01
45521;201300030090;0;7;0;0.0;2.0;1.0;13.0;A01
45522;201300030091;0;7;0;0.0;1.0;2.0;1.0;A01
45523;201300030092;0;2;0;0.0;2.0;1.0;15.0;A01
45524;201300030092;0;7;0;0.0;2.0;8.0;1.0;B01
45525;201300030093;0;7;0;0.0;2.0;3.0;15.0;A01
45526;201300030093;0;2;0;0.0;2.0;1.0;17.0;B01
45527;201300030094;0;7;0;0.0;1.0;1.0;1.0;A01
45528;201300030095;0;7;0;0.0;1.0;0.0;1.0;A01
45529;201300030097;0;30;0;1.0;0.0;1.0;1.0;A01
45530;201300030098;0;7;0;0.0;2.0;1.0;15.0;B01
45531;201300030098;0;7;0;0.0;2.0;1.0;1.0;A01
45532;201300030099;0;7;0;0.0;2.0;1.0;1.0;A01
45533;201300030099;0;7;0;0.0;2.0;1.0;1.0;B01
45534;201300030100;0;7;0;1.0;0.0;0.0;1.0;A01
45535;201300030101;0;34;0;0.0;2.0;1.0;17.0;A01
45536;201300030101;0;1;0;0.0;2.0;8.0;15.0;B01
45537;201300030102;1;7;0;0.0;2.0;1.0;1.0;Z01
45538;201300030102;0;7;0;0.0;2.0;2.0;1.0;A01
45539;201300030103;1;7;0;0.0;1.0;1.0;5.0;A01
45540;201300030104;0;7;0;0.0;2.0;2.0;15.0;A01
45541;201300030104;0;32;0;0.0;2.0;1.0;1.0;B01
45542;201300030105;0;7;0;0.0;2.0;1.0;1.0;B01
45543;201300030105;0;7;0;0.0;2.0;1.0;1.0;A01
45544;201300030106;0;2;0;0.0;2.0;1.0;1.0;B01
45545;201300030106;0;3;0;0.0;2.0;1.0;15.0;A01
45546;201300030108;0;7;0;0.0;1.0;1.0;15.0;A01
45547;201300030109;0;7;0;0.0;1.0;1.0;1.0;A01
45548;201300030110;0;7;0;0.0;2.0;1.0;1.0;A01
45549;201300030110;0;7;0;0.0;2.0;4.0;1.0;B01
45550;201300030111;0;7;0;0.0;2.0;5.0;9.0;B01
45551;201300030111;0;33;0;0.0;2.0;1.0;9.0;A01
45552;201300030113;0;7;0;0.0;1.0;1.0;1.0;A01
45553;201300030114;0;7;0;0.0;2.0;1.0;10.0;A01
45554;201300030114;0;7;0;9.0;2.0;0.0;1.0;B01
45555;201300030115;0;1;0;0.0;2.0;0.0;1.0;A01
45556;201300030115;0;7;0;0.0;9.0;1.0;1.0;B01
45557;201300030116;0;7;0;0.0;2.0;1.0;1.0;A01
45558;201300030116;0;7;0;0.0;2.0;4.0;1.0;B01
45559;201300030117;0;7;0;0.0;2.0;3.0;0.0;A01
45560;201300030117;0;10;0;0.0;2.0;3.0;1.0;B01
45561;201300030118;0;31;0;0.0;2.0;1.0;1.0;B01
45562;201300030118;0;7;0;0.0;2.0;3.0;10.0;A01
45563;201300030119;0;7;0;0.0;1.0;4.0;4.0;A01
45564;201300030120;0;7;0;0.0;2.0;2.0;15.0;A01
45565;201300030120;0;7;0;0.0;2.0;1.0;1.0;B01
45566;201300030121;0;14;0;0.0;1.0;1.0;1.0;A01
45567;201300030123;0;7;0;0.0;1.0;1.0;1.0;A01
45568;201300030124;0;7;0;15.0;0.0;0.0;0.0;A01
45569;201300030125;0;7;0;0.0;1.0;1.0;1.0;A01
45570;201300030126;0;10;0;1.0;0.0;1.0;0.0;A01
45571;201300030126;0;7;0;0.0;1.0;4.0;24.0;B01
45572;201300030127;0;7;0;0.0;2.0;2.0;15.0;A01
45573;201300030127;0;33;0;0.0;2.0;1.0;1.0;B01
45574;201300030128;0;7;0;0.0;1.0;0.0;1.0;A01
45575;201300030129;0;7;0;0.0;2.0;1.0;1.0;A01
45576;201300030129;0;7;0;0.0;2.0;1.0;1.0;B01
45577;201300030130;0;32;0;0.0;2.0;1.0;1.0;A01
45578;201300030130;0;7;0;0.0;2.0;8.0;1.0;B01
45579;201300030131;0;7;0;0.0;1.0;3.0;1.0;A01
45580;201300030132;0;7;0;1.0;2.0;1.0;13.0;A01
45581;201300030132;0;7;0;0.0;2.0;1.0;1.0;B01
45582;201300030134;0;7;0;4.0;2.0;2.0;1.0;A01
45583;201300030134;0;7;0;0.0;2.0;6.0;13.0;B01
45584;201300030135;0;7;0;0.0;2.0;1.0;17.0;A01
45585;201300030135;0;7;0;0.0;2.0;1.0;1.0;B01
45586;201300030136;0;7;0;0.0;1.0;3.0;9.0;A01
45587;201300030137;0;33;0;0.0;2.0;1.0;17.0;A01
45588;201300030137;0;7;0;0.0;2.0;2.0;1.0;B01
45589;201300030138;0;7;0;0.0;2.0;1.0;1.0;A01
45590;201300030138;0;1;0;0.0;2.0;4.0;1.0;B01
45591;201300030139;0;7;0;0.0;2.0;2.0;20.0;A01
45592;201300030139;0;33;0;0.0;2.0;1.0;1.0;B01
45593;201300030140;0;7;0;0.0;1.0;1.0;1.0;A01
45594;201300030141;0;7;0;0.0;1.0;7.0;17.0;A01
45595;201300030142;0;7;0;0.0;1.0;1.0;1.0;A01
45596;201300030143;0;2;0;0.0;2.0;1.0;17.0;B01
45597;201300030143;0;7;0;0.0;2.0;3.0;20.0;A01
45598;201300030144;0;7;0;0.0;2.0;4.0;2.0;B01
45599;201300030144;0;30;0;0.0;2.0;1.0;2.0;A01
45600;201300030145;1;7;0;0.0;1.0;0.0;0.0;Z01
45601;201300030146;0;7;0;0.0;2.0;4.0;1.0;B01
45602;201300030146;0;7;0;0.0;2.0;1.0;1.0;A01
45603;201300030147;0;30;0;0.0;2.0;8.0;0.0;B01
45604;201300030148;0;7;0;0.0;2.0;1.0;1.0;A01
45605;201300030148;0;7;0;0.0;2.0;4.0;1.0;B01
45606;201300030149;0;1;0;0.0;2.0;1.0;1.0;B01
45607;201300030149;0;7;0;0.0;2.0;3.0;15.0;A01
45608;201300030150;0;7;0;0.0;2.0;1.0;1.0;A01
45609;201300030150;0;7;0;0.0;2.0;4.0;23.0;B01
45610;201300030151;1;7;0;0.0;2.0;1.0;9.0;Z01
45611;201300030151;0;1;0;0.0;2.0;1.0;9.0;A01
45612;201300030152;0;32;0;0.0;2.0;1.0;1.0;A01
45613;201300030152;0;7;0;0.0;2.0;6.0;15.0;B01
45614;201300030153;0;37;1;0.0;2.0;7.0;1.0;B01
45615;201300030153;0;7;0;0.0;2.0;1.0;9.0;A01
45616;201300030154;1;7;0;0.0;0.0;0.0;0.0;Z01
45617;201300030154;0;30;0;0.0;0.0;0.0;1.0;A01
45618;201300030156;0;10;0;0.0;2.0;3.0;10.0;A01
45619;201300030156;0;33;0;0.0;2.0;1.0;1.0;B01
45620;201300030157;0;7;0;8.0;0.0;7.0;1.0;A01
45621;201300030158;0;32;0;0.0;2.0;1.0;1.0;B01
45622;201300030158;0;7;0;0.0;2.0;8.0;15.0;A01
45623;201300030159;0;7;0;0.0;2.0;5.0;16.0;A01
45624;201300030159;0;1;0;0.0;0.0;0.0;1.0;B01
45625;201300030160;0;33;0;12.0;0.0;1.0;13.0;A01
45626;201300030161;0;7;0;0.0;1.0;2.0;15.0;A01
45627;201300030162;1;7;0;0.0;1.0;1.0;0.0;Z01
45628;201300030163;0;7;0;0.0;2.0;1.0;1.0;A01
45629;201300030163;0;7;0;2.0;2.0;2.0;1.0;B01
45630;201300030164;0;33;0;0.0;0.0;0.0;21.0;A01
45631;201300030166;0;7;0;0.0;1.0;7.0;1.0;A01
45632;201300030167;0;2;0;0.0;2.0;1.0;1.0;B01
45633;201300030167;0;7;0;0.0;2.0;1.0;9.0;A01
45634;201300030168;0;7;0;0.0;2.0;3.0;19.0;A01
45635;201300030168;0;7;0;0.0;2.0;1.0;2.0;B01
45636;201300030169;0;7;0;6.0;0.0;1.0;13.0;A01
45637;201300030170;0;7;0;0.0;1.0;3.0;1.0;A01
45638;201300030171;1;7;0;0.0;2.0;1.0;9.0;Z01
45639;201300030171;2;7;0;1.0;2.0;3.0;1.0;A01
45640;201300030173;0;7;0;0.0;2.0;1.0;1.0;A01
45641;201300030173;0;1;0;0.0;2.0;0.0;1.0;B01
45642;201300030174;0;7;0;0.0;1.0;2.0;1.0;A01
45643;201300030175;0;33;0;0.0;0.0;0.0;1.0;A01
45644;201300030175;0;7;0;0.0;0.0;0.0;15.0;B01
45645;201300030176;0;30;0;0.0;2.0;1.0;1.0;B01
45646;201300030176;0;7;0;0.0;2.0;3.0;15.0;A01
45647;201300030177;0;7;0;0.0;2.0;5.0;1.0;A01
45648;201300030177;0;7;0;0.0;2.0;2.0;1.0;B01
45649;201300030178;0;7;0;0.0;1.0;1.0;1.0;A01
45650;201300030179;0;2;0;0.0;2.0;1.0;1.0;B01
45651;201300030179;0;7;0;0.0;2.0;8.0;10.0;A01
45652;201300030180;0;7;0;0.0;2.0;1.0;1.0;A01
45653;201300030180;0;33;0;0.0;2.0;1.0;15.0;B01
45654;201300030182;0;7;0;0.0;2.0;1.0;1.0;B01
45655;201300030182;0;7;0;0.0;2.0;1.0;1.0;A01
45656;201300030183;0;7;0;0.0;2.0;1.0;1.0;A01
45657;201300030183;0;7;0;0.0;2.0;4.0;23.0;B01
45658;201300030183;0;7;0;0.0;2.0;4.0;23.0;C01
45659;201300030184;0;31;0;0.0;2.0;1.0;15.0;A01
45660;201300030184;0;7;0;0.0;2.0;3.0;15.0;B01
45661;201300030185;1;2;0;0.0;1.0;1.0;9.0;Z01
45662;201300030186;0;7;0;0.0;1.0;3.0;1.0;A01
45663;201300030187;0;15;0;0.0;9.0;5.0;1.0;A01
45664;201300030187;0;1;0;0.0;2.0;1.0;16.0;B01
45665;201300030188;0;10;0;0.0;2.0;6.0;10.0;A01
45666;201300030188;0;31;0;0.0;2.0;1.0;17.0;B01
45667;201300030189;0;37;1;0.0;1.0;1.0;2.0;A01
45668;201300030190;0;7;0;0.0;2.0;1.0;1.0;A01
45669;201300030190;0;7;0;0.0;2.0;2.0;15.0;B01
45670;201300030191;0;7;0;0.0;2.0;3.0;5.0;C01
45671;201300030191;0;7;0;0.0;2.0;3.0;2.0;A01
45672;201300030191;0;10;0;0.0;2.0;6.0;0.0;B01
45673;201300030192;0;7;0;0.0;2.0;1.0;16.0;A01
45674;201300030192;0;1;0;0.0;2.0;1.0;1.0;B01
45675;201300030193;0;7;0;0.0;2.0;1.0;20.0;A01
45676;201300030193;0;33;0;0.0;2.0;7.0;1.0;B01
45677;201300030194;0;7;0;0.0;2.0;1.0;1.0;B01
45678;201300030194;0;10;0;1.0;2.0;1.0;1.0;A01
45679;201300030195;0;7;0;0.0;1.0;1.0;15.0;A01
45680;201300030196;0;33;0;0.0;2.0;8.0;1.0;B01
45681;201300030196;0;7;0;0.0;2.0;1.0;15.0;A01
45682;201300030197;0;7;0;0.0;1.0;3.0;15.0;A01
45683;201300030198;0;7;0;0.0;2.0;4.0;23.0;C01
45684;201300030198;0;7;0;0.0;2.0;4.0;23.0;B01
45685;201300030198;2;7;0;0.0;2.0;1.0;1.0;A01
45686;201300030199;0;33;0;0.0;2.0;1.0;1.0;A01
45687;201300030199;0;7;0;0.0;2.0;4.0;1.0;B01
45688;201300030200;0;1;0;0.0;2.0;7.0;1.0;B01
45689;201300030200;0;7;0;1.0;2.0;3.0;20.0;A01
45690;201300030201;0;7;0;0.0;2.0;1.0;5.0;A01
45691;201300030201;0;7;0;0.0;2.0;1.0;1.0;C01
45692;201300030201;0;7;0;0.0;2.0;1.0;1.0;B01