;Num_Acc;senc;catv;occutc;obs;obsm;choc;manv;num_veh
45693;201300030202;0;30;0;0.0;2.0;1.0;1.0;B01
45694;201300030202;0;30;0;0.0;2.0;1.0;1.0;A01
45695;201300030203;0;7;0;0.0;1.0;1.0;1.0;A01
45696;201300030205;0;30;0;0.0;2.0;0.0;0.0;A01
45697;201300030205;1;7;0;0.0;2.0;0.0;0.0;Z01
45698;201300030206;0;10;0;6.0;0.0;0.0;1.0;A01
45699;201300030208;0;30;0;0.0;0.0;1.0;1.0;B01
45700;201300030208;0;7;0;0.0;2.0;1.0;1.0;C01
45701;201300030208;0;7;0;0.0;2.0;8.0;1.0;A01
45702;201300030209;0;7;0;0.0;2.0;3.0;1.0;B01
45703;201300030209;0;30;0;0.0;2.0;2.0;1.0;A01
45704;201300030210;0;7;0;0.0;1.0;1.0;1.0;A01
45705;201300030211;0;7;0;0.0;2.0;3.0;16.0;B01
45706;201300030211;0;7;0;0.0;2.0;2.0;1.0;A01
45707;201300030212;0;7;0;0.0;2.0;2.0;15.0;A01
45708;201300030212;0;30;0;0.0;2.0;3.0;16.0;B01
45709;201300030213;0;34;0;0.0;2.0;1.0;1.0;B01
45710;201300030213;0;7;0;0.0;2.0;6.0;10.0;A01
45711;201300030215;0;7;0;0.0;1.0;2.0;1.0;A01
45712;201300030216;0;7;0;0.0;2.0;2.0;15.0;A01
45713;201300030216;0;7;0;0.0;2.0;6.0;1.0;B01
45714;201300030217;0;7;0;0.0;2.0;3.0;15.0;A01
45715;201300030217;1;7;0;0.0;2.0;2.0;16.0;Z01
45716;201300030218;0;1;0;0.0;0.0;0.0;1.0;B01
45717;201300030218;0;37;1;0.0;0.0;0.0;9.0;A01
45718;201300030219;0;7;0;0.0;1.0;1.0;1.0;A01
45719;201300030220;0;7;0;0.0;1.0;1.0;1.0;A01
45720;201300030221;0;7;0;0.0;1.0;0.0;1.0;A01
45721;201300030222;0;7;0;7.0;0.0;3.0;5.0;A01
45722;201300030223;2;7;0;8.0;0.0;1.0;1.0;A01
45723;201300030224;0;30;0;0.0;1.0;1.0;1.0;A01
45724;201300030225;0;7;0;0.0;1.0;2.0;1.0;A01
45725;201300030226;0;32;0;0.0;2.0;2.0;1.0;B01
45726;201300030226;0;7;0;0.0;2.0;3.0;15.0;A01
45727;201300030227;0;7;0;0.0;2.0;2.0;16.0;A01
45728;201300030227;0;1;0;0.0;2.0;1.0;1.0;B01
45729;201300030228;1;99;0;0.0;2.0;1.0;1.0;Z01
45730;201300030228;0;1;0;0.0;2.0;4.0;1.0;A01
45731;201300030229;0;7;0;0.0;2.0;1.0;1.0;A01
45732;201300030229;0;7;0;0.0;2.0;8.0;1.0;B01
45733;201300030230;0;33;0;0.0;2.0;1.0;1.0;A01
45734;201300030230;0;7;0;0.0;2.0;4.0;1.0;B01
45735;201300030231;0;33;0;0.0;2.0;1.0;1.0;A01
45736;201300030231;0;37;1;0.0;2.0;7.0;15.0;B01
45737;201300030232;0;7;0;0.0;2.0;2.0;1.0;A01
45738;201300030232;0;7;0;0.0;2.0;5.0;1.0;B01
45739;201300030233;1;7;0;0.0;1.0;1.0;15.0;Z01
45740;201300030234;0;10;0;0.0;2.0;8.0;1.0;B01
45741;201300030234;0;7;0;0.0;2.0;1.0;11.0;A01
45742;201300030235;0;7;0;0.0;2.0;7.0;15.0;B01
45743;201300030235;0;34;0;0.0;2.0;1.0;1.0;A01
45744;201300030237;0;7;0;0.0;1.0;8.0;1.0;A01
45745;201300030238;0;7;0;0.0;2.0;1.0;1.0;B01
45746;201300030238;0;33;0;0.0;2.0;2.0;15.0;A01
45747;201300030239;1;33;0;12.0;0.0;0.0;1.0;A01
45748;201300030240;0;1;0;0.0;2.0;1.0;18.0;B01
45749;201300030240;0;7;0;0.0;2.0;7.0;22.0;A01
45750;201300030241;0;7;0;0.0;1.0;1.0;1.0;A01
45751;201300030242;0;7;0;0.0;1.0;2.0;1.0;A01
45752;201300030243;0;7;0;0.0;2.0;8.0;9.0;C01
45753;201300030243;0;7;0;0.0;2.0;8.0;9.0;B01
45754;201300030243;2;7;0;0.0;2.0;0.0;9.0;A01
45755;201300030244;0;7;0;0.0;2.0;6.0;1.0;A01
45756;201300030244;1;7;0;0.0;2.0;2.0;9.0;Z01
45757;201300030245;0;7;0;0.0;2.0;1.0;1.0;B01
45758;201300030245;0;7;0;0.0;2.0;1.0;1.0;A01
45759;201300030246;0;7;0;0.0;2.0;1.0;15.0;A01
45760;201300030246;0;37;4;0.0;2.0;8.0;1.0;B01
45761;201300030248;1;15;0;0.0;2.0;7.0;14.0;Z01
45762;201300030248;0;7;0;0.0;2.0;8.0;1.0;A01
45763;201300030249;0;7;0;0.0;1.0;7.0;1.0;A01
45764;201300030250;0;7;0;0.0;2.0;4.0;1.0;B01
45765;201300030250;0;7;0;0.0;2.0;1.0;1.0;A01
45766;201300030251;0;7;0;0.0;2.0;5.0;9.0;A01
45767;201300030251;0;10;0;0.0;2.0;1.0;9.0;B01
45768;201300030252;0;37;1;0.0;1.0;1.0;1.0;A01
45769;201300030253;0;7;0;0.0;2.0;1.0;5.0;A01
45770;201300030253;0;33;0;0.0;2.0;1.0;1.0;B01
45771;201300030254;0;1;0;0.0;2.0;4.0;1.0;A01
45772;201300030254;1;7;0;0.0;2.0;1.0;1.0;Z01
45773;201300030255;0;7;0;0.0;1.0;1.0;1.0;A01
45774;201300030256;0;7;0;0.0;1.0;1.0;13.0;A01
45775;201300030257;0;34;0;0.0;2.0;7.0;1.0;B01
45776;201300030257;0;7;0;0.0;2.0;6.0;9.0;A01
45777;201300030258;0;2;0;1.0;0.0;1.0;1.0;A01
45778;201300030259;0;7;0;0.0;1.0;3.0;1.0;A01
45779;201300030260;0;31;0;0.0;2.0;0.0;1.0;A01
45780;201300030260;0;7;0;0.0;2.0;0.0;1.0;B01
45781;201300030261;0;7;0;1.0;0.0;1.0;0.0;A01
45782;201300030262;0;7;0;0.0;0.0;9.0;1.0;A01
45783;201300030264;0;31;0;0.0;0.0;0.0;9.0;A01
45784;201300030265;0;7;0;0.0;2.0;0.0;15.0;B01
45785;201300030265;0;7;0;0.0;2.0;1.0;1.0;A01
45786;201300030266;0;7;0;0.0;1.0;1.0;1.0;A01
45787;201300030268;0;33;0;0.0;2.0;1.0;17.0;B01
45788;201300030268;0;7;0;6.0;2.0;3.0;11.0;A01
45789;201300030269;0;33;0;0.0;2.0;3.0;2.0;A01
45790;201300030269;0;7;0;0.0;2.0;6.0;0.0;B01
45791;201300030270;1;7;0;0.0;1.0;0.0;0.0;Z01
45792;201300030271;0;7;0;0.0;2.0;2.0;17.0;A01
45793;201300030271;0;34;0;0.0;2.0;3.0;2.0;B01
45794;201300030272;0;30;0;0.0;0.0;0.0;0.0;A01
45795;201300030272;1;7;0;0.0;0.0;0.0;0.0;Z01
45796;201300030273;0;7;0;0.0;1.0;3.0;15.0;A01
45797;201300030274;0;7;0;0.0;1.0;1.0;1.0;A01
45798;201300030275;0;7;0;0.0;1.0;1.0;1.0;A01
45799;201300030276;0;10;0;0.0;1.0;7.0;17.0;A01
45800;201300030277;0;33;0;0.0;2.0;1.0;1.0;A01
45801;201300030277;0;7;0;0.0;2.0;4.0;1.0;B01
45802;201300030278;0;7;0;0.0;2.0;1.0;15.0;A01
45803;201300030278;0;1;0;0.0;2.0;1.0;15.0;B01
45804;201300030279;0;7;0;0.0;1.0;1.0;1.0;A01
45805;201300030280;0;38;1;0.0;1.0;1.0;15.0;A01
45806;201300030281;0;31;0;0.0;2.0;4.0;15.0;B01
45807;201300030281;0;7;0;0.0;2.0;1.0;1.0;A01
45808;201300030282;1;33;0;0.0;1.0;1.0;1.0;Z01
45809;201300030283;0;7;0;0.0;2.0;5.0;9.0;A01
45810;201300030283;0;1;0;0.0;2.0;1.0;19.0;B01
45811;201300030283;0;1;0;0.0;2.0;7.0;0.0;C01
45812;201300030284;0;1;0;0.0;2.0;1.0;1.0;B01
45813;201300030284;0;7;0;0.0;2.0;1.0;1.0;A01
45814;201300030285;0;7;0;0.0;1.0;1.0;1.0;A01
45815;201300030287;2;32;0;1.0;0.0;1.0;0.0;A01
45816;201300030288;0;7;0;0.0;1.0;1.0;1.0;A01
45817;201300030289;0;7;0;0.0;1.0;1.0;1.0;A01
45818;201300030290;0;30;0;0.0;2.0;0.0;0.0;B01
45819;201300030290;1;31;0;0.0;2.0;0.0;0.0;A01
45820;201300030291;0;33;0;0.0;2.0;1.0;1.0;B01
45821;201300030291;0;7;0;0.0;2.0;4.0;10.0;A01
45822;201300030292;0;7;0;0.0;1.0;1.0;1.0;A01
45823;201300030293;0;7;0;0.0;1.0;1.0;16.0;A01
45824;201300030294;0;33;0;0.0;2.0;1.0;17.0;A01
45825;201300030294;0;7;0;0.0;2.0;3.0;15.0;B01
45826;201300030295;0;1;0;0.0;2.0;2.0;9.0;A01
45827;201300030295;0;10;0;0.0;2.0;1.0;1.0;B01
45828;201300030296;0;10;0;6.0;0.0;1.0;1.0;A01
45829;201300030297;0;7;0;0.0;2.0;2.0;1.0;C01
45830;201300030297;0;1;0;1.0;0.0;1.0;1.0;B01
45831;201300030297;0;7;0;0.0;2.0;3.0;24.0;A01
45832;201300030298;0;7;0;0.0;2.0;3.0;15.0;A01
45833;201300030298;0;7;0;0.0;2.0;1.0;1.0;B01
45834;201300030299;0;30;0;0.0;2.0;0.0;0.0;A01
45835;201300030299;0;7;0;0.0;2.0;0.0;0.0;B01
45836;201300030300;0;7;0;0.0;1.0;1.0;1.0;A01
45837;201300030301;0;7;0;0.0;1.0;2.0;1.0;A01
45838;201300030302;0;7;0;0.0;0.0;9.0;1.0;A01
45839;201300030303;0;31;0;0.0;2.0;6.0;9.0;B01
45840;201300030303;0;7;0;0.0;2.0;1.0;9.0;A01
45841;201300030304;0;30;0;0.0;2.0;1.0;1.0;B01
45842;201300030304;0;7;0;0.0;2.0;7.0;16.0;A01
45843;201300030305;0;7;0;0.0;1.0;1.0;1.0;A01
45844;201300030306;0;7;0;0.0;2.0;0.0;0.0;B01
45845;201300030306;0;7;0;0.0;2.0;0.0;0.0;A01
45846;201300030307;0;7;0;0.0;1.0;1.0;15.0;A01
45847;201300030308;1;7;0;0.0;0.0;0.0;0.0;Z01
45848;201300030308;0;30;0;0.0;2.0;4.0;0.0;A01
45849;201300030309;0;1;0;0.0;2.0;1.0;1.0;B01
45850;201300030309;0;10;0;0.0;2.0;6.0;9.0;A01
45851;201300030310;0;7;0;0.0;1.0;3.0;9.0;A01
45852;201300030311;0;30;0;0.0;2.0;0.0;1.0;B01
45853;201300030311;0;7;0;0.0;2.0;0.0;15.0;A01
45854;201300030312;0;7;0;0.0;2.0;4.0;1.0;B01
45855;201300030312;0;7;0;0.0;2.0;1.0;1.0;A01
45856;201300030313;0;7;0;0.0;2.0;4.0;2.0;B01
45857;201300030313;0;7;0;0.0;2.0;1.0;2.0;A01
45858;201300030314;0;14;0;0.0;1.0;1.0;16.0;A01
45859;201300030315;0;7;0;0.0;2.0;1.0;1.0;C01
45860;201300030315;0;7;0;0.0;2.0;0.0;1.0;B01
45861;201300030315;0;7;0;0.0;2.0;9.0;1.0;A01
45862;201300030316;0;7;0;1.0;1.0;2.0;1.0;A01
45863;201300030317;0;7;0;0.0;2.0;1.0;1.0;B01
45864;201300030317;0;7;0;0.0;2.0;3.0;13.0;A01
45865;201300030318;0;2;0;0.0;2.0;1.0;1.0;B01
45866;201300030318;0;7;0;0.0;2.0;2.0;16.0;A01
45867;201300030319;0;7;0;0.0;1.0;7.0;1.0;A01
45868;201300030320;0;7;0;0.0;2.0;9.0;1.0;A01
45869;201300030320;0;7;0;0.0;2.0;0.0;0.0;D01
45870;201300030320;0;7;0;0.0;2.0;0.0;0.0;C01
45871;201300030320;0;7;0;0.0;2.0;0.0;1.0;B01
45872;201300030321;0;7;0;1.0;2.0;0.0;0.0;A01
45873;201300030321;0;7;0;0.0;2.0;0.0;0.0;B01
45874;201300030322;0;7;0;0.0;2.0;1.0;15.0;A01
45875;201300030322;0;30;0;0.0;2.0;1.0;1.0;B01
45876;201300030323;0;30;0;0.0;2.0;1.0;1.0;B01
45877;201300030323;0;10;0;0.0;2.0;7.0;1.0;A01
45878;201300030324;0;10;0;0.0;1.0;3.0;1.0;A01
45879;201300030325;0;33;0;0.0;2.0;1.0;2.0;B01
45880;201300030325;0;7;0;0.0;2.0;3.0;2.0;A01
45881;201300030326;0;1;0;0.0;2.0;1.0;19.0;B01
45882;201300030326;0;7;0;0.0;2.0;1.0;1.0;A01
45883;201300030327;0;7;0;0.0;1.0;0.0;15.0;A01
45884;201300030328;0;15;0;0.0;2.0;7.0;1.0;A01
45885;201300030328;0;7;0;0.0;2.0;1.0;1.0;B01
45886;201300030330;0;7;0;0.0;1.0;5.0;1.0;A01
45887;201300030331;0;7;0;0.0;2.0;1.0;1.0;A01
45888;201300030331;0;7;0;0.0;2.0;0.0;1.0;B01
45889;201300030332;0;1;0;0.0;2.0;0.0;1.0;B01
45890;201300030332;0;3;0;0.0;2.0;3.0;1.0;A01
45891;201300030333;0;7;0;0.0;1.0;1.0;1.0;A01
45892;201300030334;0;7;0;0.0;2.0;3.0;22.0;A01
45893;201300030334;0;1;0;1.0;0.0;1.0;1.0;B01
45894;201300030335;0;7;0;0.0;2.0;4.0;1.0;B01
45895;201300030335;0;7;0;0.0;2.0;1.0;1.0;A01
45896;201300030336;0;1;0;0.0;2.0;7.0;1.0;A01
45897;201300030336;0;10;0;0.0;2.0;7.0;1.0;B01
45898;201300030337;0;7;0;0.0;1.0;1.0;1.0;A01
45899;201300030338;0;7;0;0.0;1.0;1.0;1.0;A01
45900;201300030339;0;30;0;0.0;2.0;1.0;1.0;B01
45901;201300030339;0;7;0;0.0;2.0;0.0;10.0;A01
45902;201300030340;0;7;0;0.0;2.0;1.0;1.0;B01
45903;201300030340;0;1;0;0.0;2.0;7.0;1.0;A01
45904;201300030341;0;7;0;0.0;2.0;3.0;11.0;B01
45905;201300030341;0;7;0;0.0;2.0;5.0;17.0;A01
45906;201300030342;0;31;0;0.0;2.0;1.0;9.0;A01
45907;201300030342;0;7;0;0.0;2.0;3.0;1.0;B01
45908;201300030343;0;7;0;1.0;2.0;1.0;1.0;B01
45909;201300030343;0;7;0;0.0;2.0;2.0;15.0;A01
45910;201300030344;0;7;0;0.0;2.0;6.0;20.0;A01
45911;201300030344;0;30;0;0.0;2.0;1.0;1.0;B01
45912;201300030345;0;7;0;1.0;0.0;2.0;1.0;A01
45913;201300030346;0;7;0;15.0;2.0;3.0;1.0;A01
45914;201300030346;0;7;0;0.0;2.0;1.0;1.0;B01
45915;201300030347;0;7;0;0.0;2.0;7.0;1.0;B01
45916;201300030347;0;7;0;0.0;2.0;8.0;11.0;A01
45917;201300030348;0;7;0;0.0;1.0;1.0;10.0;A01
45918;201300030349;0;33;0;0.0;2.0;1.0;0.0;B01
45919;201300030349;0;7;0;0.0;2.0;6.0;10.0;A01
45920;201300030350;0;7;0;0.0;0.0;4.0;23.0;A01
45921;201300030350;0;30;0;0.0;2.0;1.0;2.0;B01
45922;201300030351;0;7;0;0.0;2.0;0.0;1.0;A01
45923;201300030351;0;33;0;0.0;2.0;1.0;1.0;B01
45924;201300030352;0;7;0;0.0;2.0;2.0;1.0;B01
45925;201300030352;0;7;0;0.0;2.0;4.0;1.0;A01
45926;201300030353;0;7;0;0.0;9.0;4.0;23.0;B01
45927;201300030353;0;1;0;0.0;2.0;1.0;11.0;A01
45928;201300030354;0;7;0;0.0;1.0;3.0;1.0;A01
45929;201300030356;0;1;0;0.0;2.0;7.0;0.0;B01
45930;201300030356;0;7;0;0.0;9.0;5.0;0.0;A01
45931;201300030357;1;7;0;0.0;2.0;0.0;1.0;Z01
45932;201300030357;0;1;0;0.0;2.0;0.0;1.0;B01
45933;201300030358;0;7;0;0.0;1.0;1.0;1.0;A01
45934;201300030359;0;1;0;0.0;2.0;0.0;1.0;A01
45935;201300030359;0;7;0;0.0;2.0;3.0;1.0;B01
45936;201300030360;0;37;0;0.0;2.0;1.0;1.0;B01
45937;201300030360;0;33;0;0.0;2.0;8.0;1.0;A01
45938;201300030361;0;7;0;0.0;2.0;1.0;0.0;A01
45939;201300030361;0;7;0;6.0;2.0;1.0;0.0;B01
45940;201300030362;0;7;0;0.0;2.0;1.0;15.0;B01
45941;201300030362;0;33;0;0.0;2.0;1.0;1.0;A01
45942;201300030363;0;7;0;0.0;1.0;1.0;15.0;A01
45943;201300030364;0;7;0;0.0;1.0;1.0;1.0;A01
45944;201300030365;0;7;0;0.0;1.0;1.0;0.0;A01
45945;201300030367;0;7;0;0.0;2.0;8.0;0.0;B01
45946;201300030367;0;7;0;0.0;2.0;1.0;1.0;A01
45947;201300030368;1;7;0;0.0;9.0;3.0;0.0;Z01
45948;201300030368;0;34;0;0.0;2.0;7.0;0.0;A01
45949;201300030369;0;7;0;2.0;0.0;9.0;1.0;A01
45950;201300030370;0;7;0;0.0;2.0;2.0;0.0;B01
45951;201300030370;0;7;0;0.0;2.0;5.0;0.0;A01
45952;201300030371;0;30;0;0.0;2.0;1.0;1.0;A01
45953;201300030371;0;7;0;0.0;2.0;3.0;16.0;B01
45954;201300030372;0;99;0;0.0;2.0;7.0;1.0;B01
45955;201300030372;0;7;0;0.0;2.0;3.0;1.0;A01
45956;201300030373;0;7;0;0.0;2.0;8.0;1.0;B01
45957;201300030373;0;7;0;0.0;2.0;1.0;1.0;A01
45958;201300030374;0;10;0;0.0;1.0;2.0;9.0;A01
45959;201300030375;0;7;0;0.0;2.0;3.0;3.0;A01
45960;201300030375;0;7;0;0.0;2.0;1.0;3.0;B01
45961;201300030376;0;7;0;0.0;2.0;2.0;1.0;B01
45962;201300030376;0;7;0;0.0;2.0;3.0;13.0;A01
45963;201300030377;0;7;0;0.0;2.0;1.0;15.0;A01
45964;201300030377;0;30;0;0.0;2.0;1.0;1.0;B01
45965;201300030378;0;7;0;0.0;2.0;3.0;1.0;B01
45966;201300030378;0;7;0;0.0;2.0;1.0;1.0;A01
45967;201300030379;0;7;0;0.0;2.0;1.0;0.0;A01
45968;201300030379;0;20;0;0.0;2.0;5.0;1.0;B01
45969;201300030380;0;7;0;0.0;2.0;4.0;1.0;B01
45970;201300030380;0;32;0;0.0;2.0;1.0;1.0;A01
45971;201300030381;0;7;0;0.0;1.0;1.0;0.0;A01
45972;201300030382;0;7;0;0.0;1.0;8.0;15.0;A01
45973;201300030383;0;7;0;0.0;1.0;4.0;4.0;A01
45974;201300030384;0;7;0;0.0;1.0;1.0;0.0;A01
45975;201300030385;0;7;0;0.0;2.0;1.0;1.0;A01
45976;201300030385;0;33;0;0.0;2.0;1.0;1.0;B01
45977;201300030386;0;7;0;0.0;1.0;8.0;1.0;A01
45978;201300030387;0;2;0;0.0;2.0;8.0;0.0;A01
45979;201300030387;0;7;0;0.0;9.0;5.0;0.0;C01
45980;201300030387;0;7;0;0.0;9.0;5.0;0.0;B01
45981;201300030388;0;7;0;0.0;1.0;0.0;0.0;A01
45982;201300030390;0;7;0;0.0;1.0;1.0;0.0;A01
45983;201300030391;0;33;0;0.0;2.0;6.0;1.0;A01
45984;201300030391;0;7;0;0.0;2.0;3.0;9.0;B01
45985;201300030392;0;7;0;0.0;2.0;2.0;1.0;B01
45986;201300030392;0;7;0;0.0;2.0;3.0;1.0;A01
45987;201300030393;0;20;0;1.0;0.0;1.0;1.0;A01
45988;201300030394;0;7;0;0.0;2.0;0.0;0.0;A01
45989;201300030394;0;7;0;0.0;2.0;4.0;0.0;B01
45990;201300030395;0;7;0;0.0;1.0;1.0;0.0;A01
45991;201300030396;0;7;0;0.0;1.0;3.0;0.0;A01
45992;201300030397;0;99;0;0.0;2.0;3.0;0.0;Z01
45993;201300030397;0;7;0;0.0;2.0;8.0;0.0;A01
45994;201300030398;0;40;0;0.0;1.0;2.0;1.0;A01
45995;201300030399;0;7;0;0.0;2.0;3.0;15.0;A01
45996;201300030399;0;1;0;0.0;2.0;3.0;1.0;B01
45997;201300030400;0;7;0;0.0;2.0;1.0;1.0;B01
45998;201300030400;0;2;0;0.0;2.0;1.0;15.0;A01
45999;201300030401;0;7;0;9.0;2.0;3.0;1.0;A01
46000;201300030401;0;7;0;0.0;2.0;1.0;1.0;B01
46001;201300030402;0;7;0;0.0;2.0;1.0;0.0;A01
46002;201300030402;0;7;0;0.0;2.0;1.0;1.0;B01
46003;201300030403;0;7;0;0.0;9.0;3.0;0.0;A01
46004;201300030403;0;1;0;0.0;2.0;8.0;1.0;B01
46005;201300030404;0;7;0;0.0;1.0;0.0;0.0;A01
46006;201300030405;0;7;0;0.0;1.0;1.0;0.0;A01
46007;201300030406;0;7;0;0.0;2.0;4.0;0.0;C01
46008;201300030406;0;7;0;0.0;2.0;1.0;0.0;A01
46009;201300030406;0;7;0;0.0;2.0;2.0;0.0;B01
46010;201300030407;0;7;0;0.0;1.0;1.0;0.0;A01
46011;201300030408;0;7;0;0.0;1.0;0.0;0.0;A01
46012;201300030411;0;7;0;0.0;1.0;2.0;1.0;A01
46013;201300030412;0;7;0;0.0;1.0;1.0;1.0;A01
46014;201300030412;0;7;0;0.0;2.0;5.0;0.0;B01
46015;201300030413;0;7;0;0.0;1.0;1.0;0.0;A01
46016;201300030414;0;7;0;0.0;1.0;1.0;1.0;A01
46017;201300030415;0;7;0;0.0;1.0;7.0;9.0;A01
46018;201300030417;0;2;0;0.0;2.0;1.0;0.0;A01
46019;201300030417;0;7;0;0.0;9.0;8.0;0.0;B01
46020;201300030417;0;7;0;0.0;9.0;5.0;0.0;C01
46021;201300030418;0;7;0;0.0;9.0;8.0;0.0;B01
46022;201300030418;0;2;0;0.0;2.0;1.0;0.0;A01
46023;201300030418;0;7;0;0.0;9.0;5.0;0.0;C01
46024;201300030419;0;7;0;0.0;1.0;1.0;0.0;A01
46025;201300030420;0;10;0;0.0;2.0;8.0;9.0;A01
46026;201300030420;0;30;0;0.0;2.0;1.0;1.0;B01
46027;201300030421;0;7;0;0.0;1.0;1.0;0.0;A01
46028;201300030422;0;7;0;0.0;2.0;1.0;0.0;A01
46029;201300030422;0;7;0;0.0;2.0;1.0;0.0;B01
46030;201300030423;0;7;0;0.0;1.0;0.0;0.0;A01
46031;201300030425;1;7;0;0.0;1.0;0.0;0.0;Z01
46032;201300030426;0;7;0;0.0;1.0;1.0;0.0;A01
46033;201300030427;0;7;0;14.0;0.0;1.0;1.0;A01
46034;201300030427;0;7;0;0.0;2.0;4.0;23.0;B01
46035;201300030428;0;7;0;0.0;2.0;4.0;1.0;B01
46036;201300030428;0;7;0;0.0;2.0;1.0;0.0;A01
46037;201300030429;0;33;0;0.0;1.0;1.0;1.0;A01
46038;201300030430;0;7;0;0.0;1.0;0.0;0.0;A01
46039;201300030431;1;7;0;0.0;1.0;3.0;13.0;A01
46040;201300030432;0;33;0;0.0;2.0;1.0;10.0;B01
46041;201300030432;0;7;0;0.0;2.0;8.0;0.0;A01
46042;201300030433;0;7;0;0.0;1.0;1.0;0.0;A01
46043;201300030434;0;7;0;0.0;2.0;5.0;9.0;A01
46044;201300030434;1;7;0;0.0;2.0;1.0;0.0;Z01
46045;201300030435;0;7;0;0.0;2.0;1.0;1.0;B01
46046;201300030435;0;10;0;0.0;2.0;4.0;4.0;A01
46047;201300030436;0;13;0;0.0;2.0;1.0;0.0;A01
46048;201300030436;0;7;0;0.0;9.0;4.0;0.0;B01
46049;201300030437;0;7;0;0.0;1.0;0.0;0.0;A01
46050;201300030438;0;7;0;0.0;2.0;0.0;0.0;A01
46051;201300030438;0;99;0;0.0;2.0;1.0;0.0;B01
46052;201300030439;0;10;0;0.0;9.0;0.0;16.0;A01
46053;201300030439;0;30;0;0.0;2.0;0.0;0.0;B01
46054;201300030440;0;1;0;0.0;2.0;7.0;0.0;B01
46055;201300030440;0;7;0;0.0;2.0;7.0;0.0;A01
46056;201300030441;0;7;0;0.0;2.0;4.0;1.0;B01
46057;201300030441;0;7;0;0.0;2.0;1.0;1.0;A01
46058;201300030442;0;7;0;0.0;1.0;2.0;14.0;A01
46059;201300030443;0;7;0;0.0;1.0;1.0;13.0;A01
46060;201300030444;0;7;0;0.0;1.0;2.0;1.0;A01
46061;201300030445;0;7;0;0.0;1.0;2.0;1.0;A01
46062;201300030446;0;10;0;0.0;1.0;2.0;1.0;A01
46063;201300030447;0;7;0;2.0;0.0;2.0;1.0;A01
46064;201300030448;0;31;0;0.0;2.0;0.0;1.0;A01
46065;201300030448;0;10;0;0.0;2.0;2.0;15.0;B01
46066;201300030449;0;10;0;0.0;0.0;9.0;1.0;A01
46067;201300030450;0;10;0;0.0;0.0;3.0;9.0;A01
46068;201300030450;0;7;0;0.0;0.0;1.0;1.0;B01
46069;201300030451;0;7;0;0.0;0.0;6.0;6.0;A01
46070;201300030451;0;7;0;0.0;0.0;1.0;2.0;B01
46071;201300030453;0;7;0;0.0;1.0;0.0;1.0;A01
46072;201300030454;0;7;0;0.0;2.0;1.0;2.0;A01
46073;201300030454;0;7;0;2.0;0.0;4.0;15.0;B01
46074;201300030455;0;7;0;0.0;1.0;7.0;0.0;A01
46075;201300030456;0;7;0;0.0;2.0;8.0;15.0;A01
46076;201300030456;0;30;0;0.0;2.0;1.0;17.0;B01
46077;201300030457;0;10;0;0.0;1.0;2.0;1.0;A01
46078;201300030458;0;7;0;9.0;0.0;1.0;15.0;A01
46079;201300030459;0;7;0;0.0;1.0;2.0;1.0;A01
46080;201300030460;0;7;0;0.0;0.0;1.0;1.0;A01
46081;201300030461;0;2;0;0.0;0.0;0.0;1.0;A01
46082;201300030462;0;32;0;0.0;2.0;8.0;0.0;B01
46083;201300030462;1;7;0;0.0;2.0;1.0;10.0;Z01
46084;201300030463;1;7;0;0.0;1.0;1.0;2.0;Z01
46085;201300030464;0;7;0;0.0;0.0;6.0;23.0;B01
46086;201300030464;0;30;0;14.0;0.0;1.0;2.0;A01
46087;201300030465;0;32;0;0.0;2.0;7.0;2.0;B01
46088;201300030465;0;7;0;0.0;2.0;8.0;2.0;A01
46089;201300030466;0;7;0;0.0;0.0;4.0;23.0;B01
46090;201300030466;0;7;0;14.0;1.0;1.0;2.0;A01
46091;201300030466;0;7;0;0.0;0.0;4.0;0.0;C01
46092;201300030467;0;7;0;0.0;2.0;3.0;11.0;A01
46093;201300030467;0;7;0;0.0;2.0;3.0;2.0;B01
46094;201300030468;0;7;0;0.0;2.0;1.0;15.0;A01
46095;201300030468;0;30;0;0.0;2.0;3.0;1.0;B01
46096;201300030469;0;7;0;0.0;2.0;1.0;15.0;B01
46097;201300030469;0;30;0;0.0;2.0;7.0;7.0;A01
46098;201300030470;0;30;0;0.0;0.0;0.0;0.0;B01
46099;201300030471;0;7;0;1.0;1.0;9.0;4.0;A01
46100;201300030472;0;7;0;0.0;2.0;0.0;0.0;B01
46101;201300030472;0;7;0;0.0;2.0;0.0;9.0;A01
46102;201300030473;0;1;0;0.0;2.0;8.0;11.0;A01
46103;201300030473;0;7;0;0.0;2.0;2.0;1.0;B01
46104;201300030474;0;7;0;0.0;0.0;1.0;1.0;A01
46105;201300030474;0;7;0;0.0;0.0;3.0;0.0;B01
46106;201300030475;1;99;0;0.0;1.0;0.0;0.0;Z01
46107;201300030476;0;2;0;0.0;2.0;7.0;17.0;A01
46108;201300030476;0;7;0;0.0;2.0;2.0;15.0;B01
46109;201300030477;0;7;0;0.0;1.0;2.0;2.0;A01
46110;201300030478;0;7;0;0.0;0.0;2.0;1.0;B01
46111;201300030478;0;37;1;0.0;0.0;1.0;15.0;A01
46112;201300030479;0;7;0;0.0;1.0;3.0;0.0;A01
46113;201300030480;0;7;0;0.0;1.0;1.0;15.0;A01
46114;201300030481;0;7;0;0.0;0.0;8.0;15.0;B01