;Num_Acc;senc;catv;occutc;obs;obsm;choc;manv;num_veh
46537;201300030772;0;7;0;0.0;2.0;3.0;1.0;A01
46538;201300030772;0;7;0;0.0;2.0;2.0;1.0;B01
46539;201300030773;0;7;0;0.0;2.0;7.0;15.0;A01
46540;201300030773;0;30;0;0.0;2.0;1.0;1.0;B01
46541;201300030775;0;7;0;0.0;1.0;1.0;1.0;A01
46542;201300030777;0;7;0;0.0;2.0;3.0;15.0;A01
46543;201300030777;0;7;0;0.0;2.0;3.0;1.0;B01
46544;201300030779;0;7;0;0.0;2.0;2.0;17.0;A01
46545;201300030779;0;30;0;0.0;2.0;4.0;15.0;B01
46546;201300030780;0;7;0;0.0;2.0;2.0;2.0;A01
46547;201300030780;0;1;0;0.0;2.0;3.0;2.0;B01
46548;201300030781;0;7;0;0.0;1.0;1.0;1.0;A01
46549;201300030782;0;2;0;0.0;2.0;6.0;2.0;B01
46550;201300030782;1;10;0;0.0;9.0;7.0;16.0;Z01
46551;201300030783;0;30;0;0.0;2.0;8.0;1.0;A01
46552;201300030783;0;7;0;0.0;2.0;5.0;15.0;B01
46553;201300030784;0;31;0;0.0;2.0;0.0;1.0;A01
46554;201300030784;0;7;0;0.0;2.0;0.0;1.0;B01
46555;201300030785;0;7;0;6.0;0.0;3.0;0.0;A01
46556;201300030786;0;7;0;8.0;0.0;1.0;0.0;A01
46557;201300030787;0;7;0;13.0;0.0;1.0;1.0;A01
46558;201300030788;0;7;0;0.0;2.0;9.0;1.0;B01
46559;201300030788;0;7;0;0.0;2.0;1.0;1.0;A01
46560;201300030789;0;2;0;0.0;2.0;1.0;9.0;A01
46561;201300030789;0;7;0;0.0;2.0;7.0;1.0;B01
46562;201300030790;0;7;0;0.0;1.0;8.0;1.0;A01
46563;201300030791;0;7;0;0.0;1.0;2.0;1.0;A01
46564;201300030792;0;7;0;15.0;1.0;3.0;1.0;A01
46565;201300030792;0;7;0;0.0;2.0;7.0;1.0;B01
46566;201300030793;0;30;0;0.0;2.0;1.0;1.0;A01
46567;201300030793;0;7;0;0.0;0.0;4.0;23.0;B01
46568;201300030794;0;7;0;0.0;0.0;1.0;1.0;C01
46569;201300030794;0;7;0;0.0;0.0;1.0;1.0;D01
46570;201300030794;0;7;0;0.0;0.0;1.0;1.0;B01
46571;201300030794;0;7;0;0.0;2.0;4.0;1.0;A01
46572;201300030795;0;7;0;0.0;2.0;6.0;15.0;B01
46573;201300030795;0;34;0;0.0;0.0;1.0;0.0;A01
46574;201300030796;0;7;0;0.0;1.0;1.0;1.0;A01
46575;201300030797;0;32;0;0.0;2.0;1.0;1.0;A01
46576;201300030797;1;7;0;0.0;2.0;6.0;16.0;Z01
46577;201300030798;0;1;0;0.0;2.0;2.0;1.0;B01
46578;201300030798;0;7;0;0.0;2.0;3.0;1.0;A01
46579;201300030799;0;1;0;0.0;2.0;8.0;1.0;B01
46580;201300030799;1;7;0;0.0;9.0;7.0;12.0;Z01
46581;201300030800;0;7;0;0.0;1.0;2.0;7.0;A01
46582;201300030801;0;30;0;0.0;2.0;1.0;1.0;A01
46583;201300030801;0;7;0;0.0;2.0;3.0;15.0;B01
46584;201300030802;0;7;0;0.0;2.0;2.0;1.0;B01
46585;201300030802;0;7;0;0.0;2.0;2.0;9.0;A01
46586;201300030803;0;30;0;0.0;0.0;7.0;15.0;A01
46587;201300030804;1;7;0;0.0;2.0;1.0;1.0;Z01
46588;201300030804;0;31;0;0.0;2.0;7.0;1.0;B01
46589;201300030805;0;7;0;0.0;2.0;2.0;19.0;B01
46590;201300030805;0;2;0;0.0;2.0;3.0;17.0;A01
46591;201300030806;0;7;0;0.0;2.0;3.0;19.0;A01
46592;201300030806;0;7;0;0.0;2.0;1.0;1.0;B01
46593;201300030807;0;7;0;0.0;1.0;3.0;0.0;A01
46594;201300030808;1;7;0;0.0;1.0;0.0;17.0;Z01
46595;201300030809;0;2;0;0.0;2.0;1.0;1.0;A01
46596;201300030809;0;37;10;0.0;9.0;7.0;1.0;B01
46597;201300030810;0;7;0;0.0;1.0;3.0;0.0;A01
46598;201300030811;0;7;0;0.0;1.0;1.0;1.0;A01
46599;201300030812;0;30;0;0.0;2.0;1.0;14.0;A01
46600;201300030812;0;7;0;0.0;2.0;5.0;1.0;B01
46601;201300030813;0;10;0;1.0;1.0;7.0;17.0;A01
46602;201300030814;0;7;0;0.0;2.0;7.0;11.0;A01
46603;201300030814;0;7;0;0.0;2.0;1.0;1.0;B01
46604;201300030815;0;7;0;0.0;2.0;1.0;15.0;A01
46605;201300030815;0;7;0;0.0;2.0;3.0;1.0;B01
46606;201300030816;1;99;0;0.0;0.0;0.0;0.0;A01
46607;201300030816;0;7;0;0.0;0.0;3.0;20.0;B01
46608;201300030818;0;7;0;0.0;1.0;1.0;1.0;A01
46609;201300030819;0;7;0;0.0;2.0;0.0;0.0;A01
46610;201300030819;0;1;0;0.0;2.0;1.0;0.0;B01
46611;201300030820;0;7;0;1.0;1.0;2.0;14.0;A01
46612;201300030821;0;7;0;0.0;2.0;1.0;1.0;A01
46613;201300030821;0;7;0;0.0;2.0;8.0;1.0;B01
46614;201300030822;0;10;0;0.0;1.0;2.0;6.0;A01
46615;201300030823;0;10;0;0.0;1.0;1.0;15.0;A01
46616;201300030824;0;2;0;0.0;2.0;2.0;17.0;A01
46617;201300030824;0;7;0;0.0;2.0;6.0;15.0;B01
46618;201300030825;0;7;0;0.0;2.0;2.0;1.0;B01
46619;201300030825;0;7;0;1.0;2.0;3.0;20.0;A01
46620;201300030826;1;7;0;0.0;1.0;1.0;0.0;Z01
46621;201300030827;0;7;0;0.0;1.0;1.0;16.0;A01
46622;201300030828;0;30;0;0.0;1.0;1.0;0.0;A01
46623;201300030829;0;37;1;0.0;1.0;2.0;1.0;A01
46624;201300030830;0;7;0;0.0;1.0;1.0;15.0;A01
46625;201300030832;0;7;0;1.0;0.0;1.0;13.0;A01
46626;201300030833;0;7;0;1.0;0.0;5.0;14.0;A01
46627;201300030834;0;7;0;1.0;0.0;4.0;1.0;A01
46628;201300030835;0;7;0;0.0;2.0;3.0;18.0;A01
46629;201300030835;0;10;0;0.0;2.0;5.0;1.0;B01
46630;201300030835;0;7;0;0.0;2.0;6.0;1.0;C01
46631;201300030836;0;7;0;0.0;2.0;4.0;0.0;B01
46632;201300030836;0;10;0;0.0;2.0;1.0;1.0;A01
46633;201300030837;0;7;0;0.0;1.0;3.0;1.0;A01
46634;201300030838;0;7;0;0.0;1.0;2.0;9.0;A01
46635;201300030839;1;7;0;0.0;0.0;0.0;0.0;Z01
46636;201300030839;0;30;0;0.0;2.0;8.0;16.0;B01
46637;201300030840;0;7;0;0.0;0.0;1.0;0.0;A01
46638;201300030840;0;7;0;0.0;0.0;4.0;0.0;B01
46639;201300030841;0;7;0;0.0;1.0;1.0;1.0;A01
46640;201300030842;0;7;0;0.0;1.0;4.0;20.0;A01
46641;201300030843;0;7;0;0.0;2.0;8.0;15.0;B01
46642;201300030843;0;7;0;6.0;2.0;2.0;17.0;A01
46643;201300030844;0;7;0;0.0;2.0;7.0;2.0;B01
46644;201300030844;0;7;0;0.0;2.0;1.0;0.0;A01
46645;201300030845;0;7;0;0.0;0.0;2.0;1.0;B01
46646;201300030845;0;7;0;0.0;0.0;6.0;1.0;A01
46647;201300030846;0;7;0;0.0;0.0;3.0;2.0;B01
46648;201300030846;0;7;0;0.0;0.0;1.0;15.0;A01
46649;201300030847;0;7;0;0.0;1.0;3.0;16.0;A01
46650;201300030848;0;7;0;0.0;2.0;2.0;1.0;A01
46651;201300030848;0;31;0;0.0;2.0;4.0;0.0;B01
46652;201300030849;0;7;0;0.0;2.0;1.0;1.0;A01
46653;201300030849;0;7;0;9.0;2.0;5.0;1.0;B01
46654;201300030850;0;7;0;0.0;2.0;0.0;0.0;A01
46655;201300030850;0;1;0;0.0;2.0;0.0;0.0;B01
46656;201300030851;0;7;0;9.0;0.0;1.0;1.0;A01
46657;201300030852;0;33;0;0.0;2.0;7.0;1.0;B01
46658;201300030852;0;7;0;0.0;2.0;3.0;16.0;A01
46659;201300030854;0;7;0;0.0;1.0;1.0;1.0;A01
46660;201300030855;0;7;0;0.0;2.0;1.0;19.0;A01
46661;201300030855;0;30;0;0.0;2.0;1.0;1.0;B01
46662;201300030856;0;7;0;0.0;1.0;1.0;1.0;A01
46663;201300030857;0;7;0;0.0;2.0;1.0;1.0;B01
46664;201300030857;0;7;0;0.0;2.0;1.0;15.0;A01
46665;201300030858;0;7;0;1.0;0.0;1.0;0.0;A01
46666;201300030859;0;7;0;0.0;2.0;1.0;5.0;A01
46667;201300030859;0;7;0;0.0;2.0;1.0;1.0;B01
46668;201300030860;2;33;0;14.0;;;1.0;A01
46669;201300030861;0;30;0;6.0;0.0;1.0;0.0;A01
46670;201300030862;0;7;0;0.0;1.0;0.0;0.0;A01
46671;201300030863;0;7;0;2.0;0.0;2.0;1.0;A01
46672;201300030864;0;7;0;0.0;1.0;3.0;1.0;A01
46673;201300030865;0;7;0;0.0;2.0;8.0;15.0;A01
46674;201300030865;0;33;0;0.0;2.0;1.0;1.0;B01
46675;201300030866;0;7;0;0.0;2.0;3.0;1.0;A01
46676;201300030866;0;7;0;0.0;2.0;1.0;1.0;B01
46677;201300030867;0;30;0;0.0;2.0;4.0;1.0;B01
46678;201300030867;0;7;0;0.0;2.0;2.0;15.0;A01
46679;201300030868;0;7;0;0.0;1.0;1.0;1.0;A01
46680;201300030869;0;10;0;0.0;2.0;4.0;1.0;C01
46681;201300030869;0;7;0;0.0;2.0;1.0;1.0;B01
46682;201300030869;0;10;0;0.0;2.0;1.0;1.0;A01
46683;201300030870;0;7;0;0.0;1.0;2.0;1.0;A01
46684;201300030871;0;2;0;0.0;2.0;0.0;1.0;A01
46685;201300030871;1;7;0;0.0;2.0;0.0;16.0;Z01
46686;201300030872;0;7;0;0.0;2.0;8.0;15.0;B01
46687;201300030872;0;33;0;0.0;2.0;7.0;17.0;A01
46688;201300030873;0;7;0;0.0;1.0;0.0;15.0;A01
46689;201300030874;0;30;0;0.0;2.0;0.0;1.0;B01
46690;201300030874;0;7;0;0.0;2.0;1.0;15.0;A01
46691;201300030877;0;7;0;0.0;1.0;1.0;1.0;A01
46692;201300030878;0;7;0;1.0;0.0;1.0;0.0;A01
46693;201300030879;0;1;0;0.0;4.0;1.0;13.0;A01
46694;201300030879;0;40;0;0.0;2.0;1.0;1.0;B01
46695;201300030880;1;1;0;0.0;1.0;1.0;1.0;Z01
46696;201300030883;0;7;0;0.0;1.0;1.0;1.0;A01
46697;201300030885;0;7;0;0.0;1.0;0.0;0.0;A01
46698;201300030886;0;7;0;0.0;1.0;1.0;1.0;A01
46699;201300030887;0;7;0;0.0;1.0;1.0;1.0;A01
46700;201300030888;0;7;0;0.0;2.0;3.0;0.0;B01
46701;201300030888;0;7;0;0.0;2.0;1.0;1.0;A01
46702;201300030889;0;7;0;1.0;0.0;1.0;0.0;A01
46703;201300030891;0;7;0;0.0;2.0;3.0;13.0;A01
46704;201300030891;0;7;0;0.0;2.0;0.0;0.0;B01
46705;201300030892;0;7;0;0.0;2.0;7.0;17.0;A01
46706;201300030892;0;30;0;0.0;2.0;8.0;1.0;B01
46707;201300030893;0;33;0;0.0;2.0;1.0;17.0;A01
46708;201300030893;0;7;0;0.0;2.0;1.0;16.0;B01
46709;201300030894;0;7;0;0.0;2.0;3.0;16.0;A01
46710;201300030894;0;2;0;0.0;2.0;7.0;16.0;B01
46711;201300030895;0;33;0;0.0;2.0;8.0;1.0;A01
46712;201300030895;0;7;0;0.0;2.0;1.0;16.0;B01
46713;201300030896;0;7;0;0.0;2.0;0.0;15.0;A01
46714;201300030896;0;2;0;0.0;2.0;0.0;1.0;B01
46715;201300030898;0;7;0;1.0;0.0;2.0;14.0;A01
46716;201300030899;0;1;0;0.0;2.0;0.0;15.0;B01
46717;201300030899;0;7;0;0.0;2.0;3.0;1.0;A01
46718;201300030900;0;7;0;0.0;2.0;1.0;1.0;A01
46719;201300030900;0;7;0;0.0;2.0;7.0;1.0;B01
46720;201300030901;0;7;0;0.0;2.0;1.0;15.0;A01
46721;201300030901;0;7;0;0.0;2.0;1.0;1.0;B01
46722;201300030902;0;7;0;0.0;0.0;0.0;1.0;A01
46723;201300030903;0;7;0;9.0;2.0;2.0;17.0;A01
46724;201300030903;0;7;0;1.0;2.0;3.0;13.0;B01
46725;201300030904;0;1;0;0.0;2.0;0.0;0.0;A01
46726;201300030904;0;7;0;0.0;2.0;3.0;1.0;B01
46727;201300030905;1;7;0;0.0;1.0;1.0;0.0;Z01
46728;201300030906;0;7;0;0.0;1.0;2.0;1.0;A01
46729;201300030907;0;7;0;0.0;1.0;2.0;1.0;A01
46730;201300030908;0;30;0;0.0;2.0;1.0;1.0;B01
46731;201300030908;0;7;0;0.0;2.0;7.0;15.0;A01
46732;201300030909;0;7;0;0.0;2.0;8.0;9.0;A01
46733;201300030909;0;7;0;0.0;2.0;1.0;1.0;B01
46734;201300030910;0;7;0;0.0;2.0;2.0;1.0;A01
46735;201300030910;0;1;0;0.0;2.0;1.0;11.0;B01
46736;201300030911;0;7;0;0.0;2.0;1.0;15.0;A01
46737;201300030911;0;7;0;0.0;2.0;2.0;1.0;B01
46738;201300030912;0;7;0;0.0;1.0;1.0;1.0;A01
46739;201300030913;0;7;0;0.0;2.0;3.0;16.0;B01
46740;201300030913;0;7;0;0.0;2.0;3.0;16.0;A01
46741;201300030914;0;7;0;1.0;1.0;2.0;0.0;A01
46742;201300030915;0;10;0;0.0;1.0;2.0;1.0;A01
46743;201300030916;0;7;0;6.0;0.0;1.0;1.0;A01
46744;201300030918;0;7;0;0.0;1.0;2.0;1.0;A01
46745;201300030919;0;3;0;0.0;1.0;1.0;1.0;A01
46746;201300030920;0;7;0;0.0;1.0;2.0;1.0;A01
46747;201300030921;0;40;0;0.0;1.0;1.0;1.0;A01
46748;201300030922;0;7;0;0.0;2.0;8.0;9.0;A01
46749;201300030922;0;7;0;0.0;2.0;1.0;1.0;B01
46750;201300030923;0;2;0;0.0;2.0;7.0;1.0;A01
46751;201300030923;0;7;0;0.0;2.0;3.0;1.0;B01
46752;201300030924;0;7;0;0.0;2.0;3.0;15.0;B01
46753;201300030924;0;7;0;6.0;2.0;1.0;1.0;A01
46754;201300030925;0;7;0;0.0;1.0;2.0;0.0;A01
46755;201300030926;0;7;0;9.0;0.0;3.0;1.0;A01
46756;201300030927;0;7;0;0.0;2.0;1.0;0.0;B01
46757;201300030927;0;30;0;0.0;2.0;1.0;0.0;A01
46758;201300030928;0;7;0;0.0;2.0;1.0;1.0;A01
46759;201300030928;0;7;0;0.0;2.0;4.0;1.0;B01
46760;201300030928;0;7;0;0.0;2.0;4.0;1.0;C01
46761;201300030929;0;7;0;0.0;1.0;2.0;1.0;A01
46762;201300030930;0;7;0;0.0;1.0;1.0;1.0;A01
46763;201300030931;0;30;0;0.0;2.0;1.0;9.0;A01
46764;201300030931;0;7;0;0.0;2.0;2.0;15.0;B01
46765;201300030932;0;7;0;0.0;1.0;3.0;1.0;A01
46766;201300030933;0;7;0;0.0;1.0;1.0;0.0;A01
46767;201300030934;0;7;0;0.0;1.0;3.0;1.0;A01
46768;201300030935;0;30;0;0.0;0.0;0.0;1.0;A01
46769;201300030936;0;7;0;0.0;2.0;1.0;1.0;B01
46770;201300030936;0;7;0;0.0;2.0;8.0;10.0;A01
46771;201300030937;0;7;0;0.0;2.0;2.0;1.0;A01
46772;201300030937;0;31;0;0.0;2.0;8.0;1.0;B02
46773;201300030938;0;2;0;7.0;0.0;1.0;1.0;A01
46774;201300030940;0;10;0;0.0;2.0;3.0;15.0;A01
46775;201300030940;0;33;0;0.0;2.0;1.0;1.0;B02
46776;201300030940;0;10;0;1.0;2.0;8.0;24.0;C03
46777;201300030941;0;7;0;0.0;1.0;2.0;1.0;A01
46778;201300030942;0;2;0;0.0;2.0;0.0;15.0;A01
46779;201300030942;0;7;0;0.0;2.0;3.0;16.0;B02
46780;201300030943;0;7;0;0.0;0.0;7.0;1.0;A01
46781;201300030943;0;14;0;0.0;2.0;1.0;1.0;B02
46782;201300030944;0;7;0;6.0;0.0;2.0;1.0;A01
46783;201300030945;0;30;0;0.0;2.0;1.0;13.0;A01
46784;201300030945;0;7;0;0.0;2.0;3.0;1.0;B02
46785;201300030946;0;7;0;0.0;2.0;3.0;1.0;B02
46786;201300030946;0;10;0;0.0;2.0;3.0;13.0;A01
46787;201300030948;0;7;0;0.0;2.0;7.0;1.0;B01
46788;201300030948;0;2;0;0.0;2.0;1.0;1.0;A01
46789;201300030949;0;7;0;0.0;2.0;1.0;1.0;A01
46790;201300030949;0;7;0;0.0;2.0;8.0;1.0;B01
46791;201300030950;2;1;0;0.0;1.0;1.0;1.0;A01
46792;201300030951;0;2;0;0.0;1.0;9.0;1.0;A01
46793;201300030952;0;30;0;0.0;2.0;1.0;1.0;B01
46794;201300030952;0;7;0;0.0;2.0;5.0;1.0;C01
46795;201300030952;0;7;0;0.0;2.0;1.0;5.0;A01
46796;201300030953;0;7;0;1.0;1.0;1.0;23.0;B01
46797;201300030953;0;7;0;1.0;0.0;1.0;2.0;A01
46798;201300030953;0;7;0;0.0;2.0;4.0;23.0;C01
46799;201300030954;0;7;0;0.0;2.0;1.0;15.0;A01
46800;201300030954;0;7;0;0.0;2.0;3.0;1.0;B01
46801;201300030955;0;7;0;0.0;1.0;1.0;1.0;A01
46802;201300030956;0;7;0;0.0;2.0;2.0;1.0;A01
46803;201300030956;0;7;0;0.0;2.0;8.0;1.0;B01
46804;201300030957;1;7;0;0.0;1.0;3.0;1.0;A01
46805;201300030958;0;7;0;0.0;1.0;2.0;1.0;A01
46806;201300030959;0;7;0;0.0;2.0;1.0;15.0;A01
46807;201300030959;0;2;0;0.0;2.0;8.0;1.0;B01
46808;201300030960;0;33;0;0.0;0.0;1.0;1.0;A01
46809;201300030961;0;34;0;0.0;2.0;1.0;18.0;A01
46810;201300030961;0;33;0;0.0;0.0;5.0;1.0;B01
46811;201300030962;0;33;0;0.0;2.0;2.0;1.0;B01
46812;201300030962;0;7;0;0.0;2.0;2.0;9.0;A01
46813;201300030964;0;7;0;1.0;0.0;3.0;24.0;C01
46814;201300030964;0;7;0;6.0;2.0;1.0;1.0;A01
46815;201300030964;0;7;0;0.0;2.0;2.0;1.0;B01
46816;201300030965;0;33;0;12.0;0.0;1.0;1.0;A01
46817;201300030966;0;7;0;0.0;2.0;2.0;1.0;B01
46818;201300030966;0;7;0;0.0;2.0;7.0;13.0;A01
46819;201300030967;0;7;0;0.0;1.0;3.0;1.0;A01
46820;201300030968;0;7;0;0.0;1.0;2.0;1.0;A01
46821;201300030969;0;30;0;0.0;2.0;7.0;9.0;A01
46822;201300030969;0;7;0;0.0;2.0;3.0;1.0;B01
46823;201300030970;0;33;0;1.0;2.0;7.0;1.0;B01
46824;201300030970;0;7;0;0.0;2.0;1.0;9.0;A01
46825;201300030971;0;7;0;0.0;2.0;3.0;1.0;A01
46826;201300030971;0;7;0;0.0;2.0;3.0;1.0;B01
46827;201300030972;0;7;0;0.0;2.0;3.0;1.0;A01
46828;201300030972;0;7;0;9.0;2.0;8.0;15.0;B01
46829;201300030973;0;7;0;13.0;2.0;3.0;1.0;B01
46830;201300030973;0;7;0;0.0;2.0;3.0;15.0;A01
46831;201300030974;0;7;0;9.0;2.0;7.0;14.0;A01
46832;201300030974;0;37;1;0.0;2.0;1.0;1.0;B01
46833;201300030975;0;2;0;0.0;2.0;1.0;0.0;A01
46834;201300030975;0;7;0;0.0;2.0;8.0;15.0;B01
46835;201300030976;0;7;0;2.0;0.0;1.0;1.0;A01
46836;201300030977;0;7;0;0.0;2.0;8.0;9.0;A01
46837;201300030977;0;33;0;0.0;2.0;1.0;1.0;B01
46838;201300030978;0;7;0;0.0;1.0;1.0;1.0;A01
46839;201300030979;0;30;0;0.0;1.0;1.0;17.0;A01
46840;201300030980;0;1;0;0.0;0.0;0.0;0.0;A01
46841;201300030981;0;30;0;0.0;0.0;8.0;1.0;B01
46842;201300030981;0;7;0;0.0;0.0;0.0;10.0;A01
46843;201300030982;0;7;0;0.0;1.0;2.0;16.0;A01
46844;201300030983;0;7;0;0.0;2.0;1.0;9.0;A01
46845;201300030983;0;1;0;0.0;2.0;1.0;0.0;B01
46846;201300030984;0;7;0;0.0;2.0;1.0;1.0;B01
46847;201300030984;0;1;0;0.0;2.0;1.0;9.0;A01
46848;201300030985;0;7;0;0.0;1.0;7.0;1.0;A01
46849;201300030986;1;2;0;2.0;0.0;1.0;0.0;A01
46850;201300030987;0;3;0;0.0;1.0;5.0;16.0;A01
46851;201300030988;0;2;0;0.0;1.0;1.0;1.0;A01
46852;201300030989;0;7;0;0.0;1.0;1.0;1.0;A01
46853;201300030991;0;7;0;4.0;0.0;1.0;13.0;A01
46854;201300030992;0;2;0;0.0;2.0;8.0;1.0;B01
46855;201300030992;0;10;0;0.0;2.0;1.0;1.0;A01
46856;201300030993;0;7;0;0.0;2.0;1.0;21.0;C01
46857;201300030993;0;7;0;0.0;2.0;1.0;1.0;B01
46858;201300030993;0;7;0;0.0;2.0;1.0;5.0;A01
46859;201300030995;0;7;0;0.0;1.0;7.0;1.0;A01
46860;201300030996;0;7;0;0.0;2.0;8.0;13.0;A01
46861;201300030996;0;7;0;0.0;2.0;1.0;1.0;B01
46862;201300030996;0;7;0;0.0;2.0;1.0;2.0;C01
46863;201300030997;0;31;0;0.0;2.0;2.0;17.0;A01
46864;201300030997;0;7;0;0.0;2.0;3.0;15.0;B01
46865;201300030998;0;30;0;1.0;0.0;1.0;1.0;A01
46866;201300030999;0;30;0;1.0;2.0;7.0;14.0;A01
46867;201300031000;0;7;0;0.0;2.0;2.0;2.0;A01
46868;201300031000;0;34;0;0.0;2.0;1.0;2.0;B01
46869;201300031001;0;10;0;0.0;1.0;1.0;1.0;A01
46870;201300031002;0;7;0;0.0;2.0;1.0;5.0;A01
46871;201300031002;0;7;0;0.0;2.0;3.0;1.0;B01
46872;201300031002;0;7;0;0.0;2.0;3.0;1.0;C01
46873;201300031003;0;2;0;1.0;0.0;1.0;1.0;A01
46874;201300031003;0;7;0;0.0;2.0;3.0;0.0;B01
46875;201300031005;0;7;0;0.0;2.0;2.0;0.0;B01
46876;201300031005;0;7;0;3.0;2.0;7.0;0.0;A01
46877;201300031006;0;7;0;0.0;2.0;4.0;2.0;E01
46878;201300031006;0;99;0;0.0;2.0;4.0;0.0;B01
46879;201300031006;0;7;0;0.0;2.0;4.0;2.0;D01
46880;201300031006;0;7;0;0.0;2.0;1.0;2.0;A01
46881;201300031006;0;7;0;0.0;2.0;1.0;2.0;C01
46882;201300031007;0;7;0;0.0;2.0;1.0;0.0;A01
46883;201300031007;0;7;0;0.0;2.0;3.0;0.0;B01
46884;201300031008;0;31;0;0.0;2.0;1.0;0.0;B01
46885;201300031008;0;7;0;0.0;2.0;8.0;15.0;A01
46886;201300031010;0;7;0;0.0;1.0;1.0;2.0;A01
46887;201300031011;0;2;0;0.0;2.0;1.0;1.0;B01
46888;201300031011;0;7;0;0.0;2.0;0.0;15.0;A01
46889;201300031012;0;3;0;9.0;0.0;1.0;1.0;A01
46890;201300031013;0;7;0;0.0;2.0;3.0;15.0;A01
46891;201300031013;0;33;0;0.0;2.0;8.0;1.0;B02
46892;201300031014;0;10;0;13.0;0.0;1.0;1.0;A01
46893;201300031015;0;2;0;0.0;2.0;2.0;1.0;B01
46894;201300031015;0;7;0;0.0;2.0;3.0;14.0;A01
46895;201300031016;0;10;0;2.0;2.0;5.0;1.0;B01
46896;201300031016;0;7;0;0.0;2.0;3.0;13.0;A01
46897;201300031017;0;7;0;0.0;2.0;3.0;15.0;B01
46898;201300031017;0;2;0;0.0;2.0;1.0;1.0;A01
46899;201300031018;0;2;0;0.0;2.0;1.0;1.0;B01
46900;201300031018;0;7;0;0.0;2.0;3.0;15.0;A01
46901;201300031019;0;7;0;0.0;2.0;4.0;1.0;C01
46902;201300031019;0;7;0;0.0;2.0;1.0;2.0;A01
46903;201300031019;0;7;0;0.0;2.0;4.0;1.0;B01
46904;201300031021;0;33;0;9.0;0.0;1.0;21.0;A01
46905;201300031023;0;32;0;0.0;0.0;1.0;0.0;A01
46906;201300031024;0;7;0;0.0;1.0;3.0;0.0;A01
46907;201300031025;0;7;0;0.0;2.0;2.0;11.0;B01
46908;201300031025;0;30;0;0.0;2.0;1.0;13.0;A01
46909;201300031026;1;7;0;0.0;1.0;1.0;1.0;X01
46910;201300031027;0;7;0;0.0;2.0;2.0;1.0;A01
46911;201300031027;0;2;0;0.0;2.0;1.0;6.0;B01
46912;201300031028;0;7;0;0.0;2.0;3.0;19.0;A01
46913;201300031028;0;33;0;0.0;2.0;1.0;1.0;B01
46914;201300031029;0;7;0;0.0;2.0;8.0;13.0;A01
46915;201300031029;0;7;0;0.0;2.0;3.0;1.0;B01
46916;201300031030;0;7;0;0.0;2.0;3.0;0.0;B01
46917;201300031030;0;30;0;0.0;2.0;2.0;17.0;A01
46918;201300031031;0;7;0;0.0;1.0;2.0;1.0;A01
46919;201300031032;1;7;0;0.0;1.0;1.0;1.0;A01
46920;201300031034;0;7;0;0.0;2.0;6.0;1.0;B01
46921;201300031034;0;34;0;0.0;2.0;1.0;1.0;A01
46922;201300031035;0;7;0;0.0;2.0;2.0;0.0;A01
46923;201300031035;0;7;0;1.0;0.0;3.0;24.0;C01
46924;201300031035;0;7;0;1.0;2.0;8.0;24.0;B01
46925;201300031036;0;7;0;0.0;2.0;3.0;15.0;B01
46926;201300031036;0;31;0;1.0;2.0;1.0;17.0;A01
46927;201300031037;0;2;0;0.0;2.0;6.0;1.0;A01
46928;201300031037;0;7;0;0.0;2.0;6.0;16.0;B01
46929;201300031038;0;7;0;0.0;2.0;1.0;2.0;A01
46930;201300031038;0;7;0;0.0;0.0;4.0;2.0;B01
46931;201300031039;0;7;0;0.0;2.0;4.0;2.0;B01
46932;201300031039;0;7;0;0.0;2.0;1.0;2.0;A01
46933;201300031040;0;7;0;0.0;1.0;8.0;1.0;A01
46934;201300031041;0;10;0;0.0;1.0;3.0;1.0;A01
46935;201300031043;0;7;0;0.0;1.0;2.0;16.0;A01
46936;201300031045;0;33;0;0.0;2.0;7.0;1.0;B01
46937;201300031045;0;7;0;0.0;2.0;1.0;9.0;A01
46938;201300031047;0;7;0;0.0;2.0;1.0;1.0;A01
46939;201300031047;0;7;0;6.0;2.0;7.0;1.0;B01
46940;201300031048;0;7;0;0.0;2.0;3.0;1.0;A01
46941;201300031048;0;33;0;0.0;2.0;7.0;1.0;B01
46942;201300031049;0;33;0;0.0;2.0;1.0;17.0;B01
46943;201300031049;0;7;0;0.0;2.0;8.0;15.0;A01
46944;201300031050;0;2;0;0.0;2.0;1.0;11.0;A01
46945;201300031050;0;7;0;0.0;2.0;8.0;9.0;B01
46946;201300031051;0;7;0;0.0;2.0;2.0;1.0;A01
46947;201300031051;0;7;0;0.0;2.0;3.0;15.0;B01
46948;201300031052;0;7;0;0.0;2.0;3.0;15.0;A01
46949;201300031052;0;2;0;0.0;2.0;3.0;1.0;B01
46950;201300031053;0;33;0;0.0;1.0;1.0;1.0;A01
46951;201300031054;0;2;0;1.0;0.0;1.0;13.0;A01
46952;201300031055;0;7;0;16.0;0.0;3.0;0.0;A01
46953;201300031056;0;7;0;0.0;0.0;1.0;0.0;A01
46954;201300031056;0;2;0;0.0;0.0;4.0;1.0;B01
46955;201300031057;0;30;0;0.0;0.0;0.0;2.0;A01
46956;201300031059;0;7;0;4.0;0.0;1.0;1.0;A01
46957;201300031060;0;7;0;3.0;0.0;1.0;1.0;A01
46958;201300031061;0;7;0;0.0;1.0;0.0;0.0;A01