;Num_Acc;senc;catv;occutc;obs;obsm;choc;manv;num_veh
48645;201300032199;0;2;0;1.0;2.0;1.0;17.0;A01
48646;201300032200;1;7;0;0.0;2.0;3.0;6.0;Z01
48647;201300032200;0;7;0;0.0;2.0;8.0;1.0;B01
48648;201300032201;0;7;0;0.0;2.0;1.0;2.0;A01
48649;201300032201;0;7;0;0.0;2.0;4.0;1.0;B01
48650;201300032202;0;32;0;0.0;2.0;1.0;1.0;B01
48651;201300032202;0;7;0;0.0;2.0;1.0;15.0;A01
48652;201300032203;0;7;0;0.0;2.0;5.0;23.0;B01
48653;201300032203;0;30;0;0.0;2.0;3.0;1.0;A01
48654;201300032204;0;7;0;0.0;2.0;2.0;5.0;A01
48655;201300032204;0;7;0;0.0;2.0;1.0;1.0;C01
48656;201300032204;0;14;0;0.0;2.0;3.0;1.0;B01
48657;201300032205;0;7;0;0.0;2.0;1.0;1.0;A01
48658;201300032205;0;7;0;0.0;2.0;4.0;23.0;C01
48659;201300032205;0;7;0;0.0;2.0;4.0;23.0;B01
48660;201300032206;0;7;0;0.0;2.0;1.0;1.0;B01
48661;201300032206;0;7;0;0.0;2.0;7.0;15.0;A01
48662;201300032207;0;7;0;0.0;2.0;3.0;15.0;A01
48663;201300032207;0;33;0;0.0;2.0;1.0;1.0;B01
48664;201300032208;0;7;0;0.0;1.0;1.0;16.0;A01
48665;201300032209;0;7;0;0.0;1.0;1.0;1.0;A01
48666;201300032211;0;37;0;0.0;2.0;0.0;1.0;B01
48667;201300032211;0;7;0;0.0;2.0;0.0;16.0;A01
48668;201300032212;0;7;0;8.0;0.0;1.0;1.0;A01
48669;201300032213;0;7;0;0.0;1.0;1.0;1.0;A01
48670;201300032214;0;7;0;0.0;2.0;4.0;23.0;B01
48671;201300032214;0;7;0;0.0;2.0;1.0;2.0;A01
48672;201300032215;0;7;0;0.0;2.0;4.0;23.0;C01
48673;201300032215;0;7;0;0.0;2.0;1.0;1.0;A01
48674;201300032215;0;7;0;0.0;2.0;4.0;23.0;B01
48675;201300032215;0;7;0;0.0;2.0;4.0;23.0;D01
48676;201300032216;0;7;0;0.0;2.0;7.0;15.0;A01
48677;201300032216;0;33;0;0.0;2.0;1.0;1.0;B01
48678;201300032217;0;7;0;0.0;2.0;2.0;15.0;A01
48679;201300032217;0;33;0;0.0;2.0;7.0;1.0;B01
48680;201300032218;0;7;0;0.0;2.0;3.0;1.0;B01
48681;201300032218;0;7;0;0.0;2.0;1.0;16.0;A01
48682;201300032219;0;7;0;0.0;2.0;1.0;1.0;A01
48683;201300032219;0;7;0;0.0;2.0;2.0;1.0;B01
48684;201300032220;0;7;0;0.0;2.0;2.0;16.0;A01
48685;201300032220;0;1;0;0.0;2.0;6.0;1.0;B01
48686;201300032221;0;7;0;0.0;2.0;1.0;1.0;A01
48687;201300032221;0;7;0;0.0;1.0;4.0;1.0;B01
48688;201300032222;0;7;0;0.0;2.0;1.0;1.0;A01
48689;201300032222;0;37;1;0.0;2.0;4.0;23.0;B01
48690;201300032223;0;7;0;9.0;0.0;1.0;14.0;A01
48691;201300032224;0;7;0;0.0;2.0;8.0;1.0;B01
48692;201300032224;0;2;0;0.0;2.0;1.0;0.0;A01
48693;201300032225;0;7;0;0.0;2.0;1.0;1.0;A01
48694;201300032225;0;7;0;0.0;2.0;4.0;23.0;B01
48695;201300032226;0;30;0;0.0;2.0;1.0;1.0;A01
48696;201300032226;0;7;0;0.0;2.0;5.0;1.0;B01
48697;201300032227;0;7;0;0.0;2.0;4.0;13.0;B01
48698;201300032227;0;32;0;0.0;2.0;1.0;1.0;A01
48699;201300032228;0;7;0;0.0;2.0;1.0;1.0;B01
48700;201300032228;0;10;0;0.0;2.0;1.0;13.0;A01
48701;201300032229;0;3;0;0.0;2.0;3.0;9.0;A01
48702;201300032229;0;7;0;0.0;2.0;1.0;1.0;B01
48703;201300032230;0;7;0;0.0;2.0;1.0;1.0;A01
48704;201300032230;0;7;0;0.0;2.0;4.0;23.0;B01
48705;201300032231;0;7;0;0.0;2.0;4.0;1.0;B01
48706;201300032231;0;3;0;0.0;2.0;4.0;1.0;D01
48707;201300032231;0;7;0;0.0;2.0;1.0;1.0;A01
48708;201300032231;0;7;0;0.0;2.0;4.0;1.0;C01
48709;201300032232;0;7;0;0.0;2.0;1.0;1.0;A01
48710;201300032232;0;7;0;6.0;2.0;7.0;1.0;B01
48711;201300032233;0;7;0;6.0;0.0;1.0;1.0;A01
48712;201300032234;0;30;0;0.0;2.0;3.0;1.0;A01
48713;201300032234;0;7;0;0.0;2.0;6.0;23.0;B01
48714;201300032235;0;31;0;0.0;2.0;7.0;1.0;B01
48715;201300032235;0;7;0;0.0;2.0;8.0;10.0;A01
48716;201300032236;0;7;0;0.0;2.0;3.0;15.0;A01
48717;201300032236;0;32;0;0.0;2.0;1.0;17.0;B01
48718;201300032237;0;7;0;0.0;2.0;1.0;1.0;A01
48719;201300032237;0;7;0;0.0;2.0;4.0;23.0;B01
48720;201300032239;0;7;0;0.0;2.0;5.0;23.0;B01
48721;201300032239;0;7;0;0.0;2.0;1.0;1.0;A01
48722;201300032239;0;7;0;0.0;2.0;4.0;23.0;C01
48723;201300032240;0;7;0;0.0;2.0;8.0;15.0;B01
48724;201300032240;0;32;0;0.0;2.0;1.0;17.0;A01
48725;201300032241;0;3;0;0.0;2.0;1.0;15.0;A01
48726;201300032241;0;10;0;0.0;2.0;3.0;1.0;B01
48727;201300032242;0;3;0;4.0;0.0;1.0;1.0;A01
48728;201300032243;0;7;0;6.0;0.0;1.0;6.0;A01
48729;201300032244;0;7;0;0.0;2.0;1.0;15.0;A01
48730;201300032244;0;30;0;0.0;2.0;1.0;1.0;B01
48731;201300032245;0;7;0;0.0;2.0;4.0;23.0;B01
48732;201300032245;0;7;0;0.0;2.0;4.0;23.0;C01
48733;201300032245;0;7;0;0.0;2.0;4.0;23.0;D01
48734;201300032245;0;7;0;0.0;2.0;1.0;1.0;A01
48735;201300032246;0;7;0;11.0;0.0;1.0;1.0;A01
48736;201300032247;0;7;0;0.0;2.0;7.0;16.0;A01
48737;201300032247;0;30;0;0.0;2.0;1.0;1.0;B01
48738;201300032248;0;7;0;0.0;2.0;4.0;23.0;C01
48739;201300032248;0;7;0;0.0;2.0;1.0;2.0;A01
48740;201300032248;0;7;0;0.0;2.0;4.0;23.0;B01
48741;201300032250;0;30;0;0.0;2.0;1.0;1.0;A01
48742;201300032250;0;7;0;0.0;2.0;7.0;1.0;B01
48743;201300032251;0;7;0;0.0;2.0;7.0;16.0;B01
48744;201300032251;0;30;0;0.0;2.0;2.0;1.0;A01
48745;201300032252;0;2;0;0.0;2.0;1.0;1.0;A01
48746;201300032252;0;7;0;0.0;2.0;6.0;1.0;B01
48747;201300032255;0;7;0;0.0;2.0;6.0;1.0;B01
48748;201300032255;0;30;0;0.0;2.0;1.0;1.0;A01
48749;201300032256;0;7;0;0.0;2.0;4.0;23.0;C01
48750;201300032256;0;7;0;0.0;2.0;4.0;1.0;B01
48751;201300032256;0;7;0;0.0;2.0;1.0;1.0;A01
48752;201300032257;0;14;0;0.0;2.0;5.0;1.0;B01
48753;201300032257;0;2;0;0.0;2.0;1.0;2.0;A01
48754;201300032258;0;7;0;0.0;1.0;3.0;15.0;A01
48755;201300032259;0;7;0;0.0;2.0;5.0;23.0;A01
48756;201300032259;0;7;0;0.0;2.0;3.0;1.0;B01
48757;201300032260;0;7;0;0.0;1.0;2.0;1.0;A01
48758;201300032261;0;7;0;0.0;2.0;3.0;20.0;A01
48759;201300032261;0;31;0;0.0;2.0;7.0;1.0;B01
48760;201300032262;0;7;0;0.0;2.0;4.0;1.0;B01
48761;201300032262;0;7;0;0.0;2.0;4.0;1.0;C01
48762;201300032262;0;7;0;0.0;2.0;1.0;1.0;A01
48763;201300032263;0;7;0;0.0;2.0;4.0;1.0;B01
48764;201300032263;0;7;0;0.0;2.0;1.0;1.0;A01
48765;201300032264;0;1;0;1.0;0.0;1.0;1.0;B01
48766;201300032264;0;7;0;0.0;2.0;2.0;22.0;A01
48767;201300032265;0;2;0;0.0;2.0;1.0;1.0;A01
48768;201300032265;0;7;0;0.0;2.0;6.0;1.0;B01
48769;201300032267;0;7;0;0.0;2.0;3.0;1.0;B01
48770;201300032267;0;7;0;0.0;2.0;1.0;1.0;A01
48771;201300032268;0;33;0;0.0;2.0;3.0;1.0;B01
48772;201300032268;0;7;0;0.0;2.0;1.0;15.0;A01
48773;201300032269;0;7;0;0.0;1.0;4.0;4.0;A01
48774;201300032270;0;7;0;0.0;2.0;4.0;2.0;B01
48775;201300032270;0;30;0;0.0;2.0;1.0;9.0;A01
48776;201300032271;0;7;0;0.0;2.0;8.0;9.0;A01
48777;201300032271;0;33;0;0.0;2.0;1.0;1.0;B01
48778;201300032272;0;7;0;0.0;2.0;1.0;1.0;A01
48779;201300032272;0;7;0;0.0;2.0;8.0;1.0;B01
48780;201300032273;0;7;0;0.0;2.0;1.0;1.0;A01
48781;201300032273;0;10;0;0.0;2.0;4.0;1.0;B01
48782;201300032274;0;7;0;0.0;2.0;4.0;1.0;C01
48783;201300032274;0;7;0;0.0;2.0;4.0;1.0;D01
48784;201300032274;0;10;0;0.0;2.0;4.0;1.0;B01
48785;201300032274;0;7;0;0.0;2.0;1.0;1.0;A01
48786;201300032275;0;7;0;0.0;2.0;3.0;20.0;A01
48787;201300032275;0;2;0;0.0;2.0;1.0;1.0;B01
48788;201300032276;0;7;0;0.0;2.0;1.0;2.0;A01
48789;201300032276;0;7;0;0.0;2.0;4.0;23.0;C01
48790;201300032276;0;7;0;0.0;2.0;4.0;23.0;B01
48791;201300032277;0;7;0;0.0;2.0;7.0;9.0;A01
48792;201300032277;0;7;0;0.0;2.0;8.0;1.0;B01
48793;201300032278;0;7;0;0.0;2.0;6.0;1.0;B01
48794;201300032278;0;7;0;0.0;2.0;1.0;1.0;A01
48795;201300032278;0;7;0;0.0;2.0;3.0;1.0;C01
48796;201300032279;0;7;0;0.0;2.0;1.0;9.0;A01
48797;201300032279;0;7;0;0.0;2.0;3.0;1.0;B01
48798;201300032280;1;1;0;0.0;1.0;1.0;1.0;Z01
48799;201300032281;0;30;0;0.0;1.0;1.0;1.0;A01
48800;201300032282;0;1;0;0.0;2.0;1.0;1.0;B01
48801;201300032282;0;7;0;0.0;2.0;3.0;9.0;A01
48802;201300032283;0;7;0;0.0;2.0;4.0;23.0;B01
48803;201300032283;0;7;0;0.0;2.0;4.0;23.0;C01
48804;201300032283;0;7;0;0.0;2.0;1.0;2.0;A01
48805;201300032284;0;7;0;0.0;1.0;1.0;1.0;A01
48806;201300032285;0;7;0;0.0;2.0;3.0;1.0;B01
48807;201300032285;0;7;0;0.0;2.0;2.0;15.0;A01
48808;201300032286;0;7;0;0.0;2.0;6.0;15.0;A01
48809;201300032286;0;7;0;0.0;2.0;1.0;1.0;B01
48810;201300032288;0;32;0;0.0;2.0;1.0;1.0;B01
48811;201300032288;0;7;0;0.0;2.0;3.0;23.0;A01
48812;201300032289;0;7;0;0.0;2.0;4.0;23.0;C01
48813;201300032289;0;7;0;0.0;2.0;4.0;23.0;B01
48814;201300032289;0;7;0;0.0;2.0;1.0;2.0;A01
48815;201300032290;0;7;0;0.0;1.0;1.0;1.0;A01
48816;201300032291;0;34;0;0.0;1.0;1.0;1.0;A01
48817;201300032292;0;7;0;0.0;2.0;1.0;9.0;A01
48818;201300032292;0;7;0;0.0;2.0;4.0;1.0;B01
48819;201300032293;0;1;0;0.0;2.0;7.0;9.0;A01
48820;201300032293;0;7;0;0.0;2.0;8.0;1.0;B01
48821;201300032294;0;7;0;0.0;2.0;8.0;15.0;A01
48822;201300032294;0;32;0;0.0;2.0;1.0;17.0;B01
48823;201300032295;0;7;0;0.0;2.0;4.0;23.0;C01
48824;201300032295;0;7;0;0.0;2.0;1.0;2.0;A01
48825;201300032295;0;7;0;0.0;2.0;4.0;23.0;B01
48826;201300032296;0;1;0;0.0;2.0;3.0;19.0;B01
48827;201300032296;0;7;0;0.0;2.0;1.0;1.0;A01
48828;201300032297;0;7;0;0.0;2.0;1.0;1.0;A01
48829;201300032297;0;7;0;0.0;2.0;4.0;1.0;B01
48830;201300032298;0;1;0;0.0;2.0;8.0;9.0;A01
48831;201300032298;0;7;0;0.0;2.0;1.0;1.0;B01
48832;201300032299;0;7;0;0.0;2.0;7.0;15.0;A01
48833;201300032299;0;31;0;0.0;2.0;1.0;1.0;B01
48834;201300032300;0;10;0;0.0;2.0;2.0;15.0;A01
48835;201300032300;0;30;0;0.0;2.0;1.0;1.0;B01
48836;201300032301;0;7;0;0.0;2.0;4.0;1.0;B01
48837;201300032301;0;1;0;0.0;2.0;1.0;2.0;A01
48838;201300032302;0;7;0;0.0;2.0;2.0;15.0;A01
48839;201300032302;0;1;0;0.0;2.0;1.0;1.0;B01
48840;201300032304;0;7;0;1.0;0.0;1.0;14.0;A01
48841;201300032305;0;7;0;0.0;2.0;8.0;13.0;A01
48842;201300032305;0;7;0;0.0;2.0;8.0;1.0;B01
48843;201300032306;0;7;0;0.0;2.0;1.0;2.0;A01
48844;201300032306;0;7;0;0.0;2.0;4.0;23.0;B01
48845;201300032307;0;1;0;0.0;2.0;1.0;5.0;A01
48846;201300032307;0;7;0;0.0;2.0;1.0;1.0;B01
48847;201300032308;0;2;0;0.0;2.0;1.0;1.0;B01
48848;201300032308;0;7;0;0.0;2.0;7.0;15.0;A01
48849;201300032310;0;7;0;0.0;2.0;4.0;23.0;B01
48850;201300032310;0;7;0;0.0;2.0;4.0;23.0;D01
48851;201300032310;0;7;0;0.0;2.0;4.0;23.0;E01
48852;201300032310;0;7;0;0.0;2.0;4.0;23.0;C01
48853;201300032310;0;7;0;0.0;2.0;1.0;2.0;A01
48854;201300032311;0;13;0;0.0;2.0;1.0;1.0;B01
48855;201300032311;0;7;0;0.0;2.0;3.0;5.0;A01
48856;201300032312;0;1;0;0.0;1.0;1.0;1.0;A01
48857;201300032313;0;7;0;0.0;2.0;1.0;1.0;C01
48858;201300032313;0;7;0;0.0;2.0;3.0;16.0;A01
48859;201300032313;0;10;0;0.0;2.0;6.0;1.0;B01
48860;201300032314;0;7;0;0.0;2.0;1.0;1.0;A01
48861;201300032314;0;7;0;0.0;2.0;4.0;23.0;B01
48862;201300032316;0;30;0;0.0;2.0;1.0;1.0;A01
48863;201300032316;0;7;0;0.0;2.0;4.0;23.0;B01
48864;201300032317;0;13;0;0.0;2.0;1.0;2.0;A01
48865;201300032317;0;7;0;0.0;2.0;4.0;23.0;B01
48866;201300032318;0;30;0;0.0;2.0;1.0;18.0;A01
48867;201300032318;0;7;0;0.0;2.0;5.0;15.0;B01
48868;201300032319;0;7;0;0.0;2.0;1.0;2.0;A01
48869;201300032319;0;7;0;0.0;2.0;4.0;23.0;B01
48870;201300032319;0;7;0;0.0;2.0;4.0;23.0;C01
48871;201300032320;0;7;0;0.0;2.0;4.0;23.0;B01
48872;201300032320;0;7;0;0.0;2.0;1.0;2.0;A01
48873;201300032321;0;7;0;0.0;2.0;4.0;23.0;B01
48874;201300032321;0;7;0;0.0;2.0;4.0;23.0;C01
48875;201300032321;0;7;0;0.0;2.0;1.0;1.0;A01
48876;201300032322;0;7;0;0.0;2.0;1.0;16.0;A01
48877;201300032322;0;7;0;0.0;2.0;2.0;1.0;B01
48878;201300032323;0;7;0;0.0;2.0;7.0;15.0;A01
48879;201300032323;0;30;0;0.0;2.0;1.0;1.0;B01
48880;201300032324;0;7;0;0.0;2.0;1.0;2.0;A01
48881;201300032324;0;7;0;0.0;2.0;4.0;23.0;B01
48882;201300032324;0;7;0;0.0;2.0;4.0;23.0;C01
48883;201300032325;0;7;0;0.0;2.0;4.0;23.0;B01
48884;201300032325;0;7;0;0.0;2.0;1.0;1.0;A01
48885;201300032325;0;7;0;0.0;2.0;4.0;23.0;C01
48886;201300032326;0;7;0;0.0;2.0;8.0;1.0;B01
48887;201300032326;0;7;0;0.0;2.0;1.0;1.0;A01
48888;201300032327;0;1;0;0.0;2.0;2.0;13.0;B01
48889;201300032327;0;7;0;0.0;2.0;1.0;9.0;A01
48890;201300032328;0;7;0;0.0;2.0;1.0;1.0;A01
48891;201300032328;0;7;0;0.0;2.0;4.0;23.0;B01
48892;201300032329;0;1;0;1.0;0.0;7.0;1.0;B01
48893;201300032329;0;7;0;0.0;2.0;8.0;22.0;A01
48894;201300032330;0;7;0;0.0;1.0;2.0;1.0;A01
48895;201300032331;0;7;0;1.0;0.0;2.0;14.0;A01
48896;201300032332;0;7;0;0.0;2.0;3.0;15.0;A01
48897;201300032332;0;33;0;0.0;2.0;2.0;1.0;B01
48898;201300032334;0;1;0;0.0;2.0;2.0;1.0;B01
48899;201300032334;0;7;0;0.0;2.0;2.0;11.0;A01
48900;201300032336;0;7;0;1.0;0.0;7.0;14.0;A01
48901;201300032337;0;3;0;0.0;2.0;7.0;1.0;B01
48902;201300032337;1;7;0;0.0;2.0;1.0;1.0;Z01
48903;201300032339;0;32;0;0.0;2.0;7.0;1.0;B01
48904;201300032339;0;7;0;0.0;2.0;3.0;9.0;A01
48905;201300032341;0;7;0;1.0;0.0;1.0;14.0;A01
48906;201300032342;0;7;0;0.0;1.0;1.0;1.0;A01
48907;201300032343;0;2;0;0.0;2.0;8.0;1.0;A01
48908;201300032343;0;7;0;0.0;2.0;2.0;12.0;B01
48909;201300032344;0;7;0;0.0;2.0;7.0;16.0;A01
48910;201300032344;0;2;0;0.0;2.0;1.0;1.0;B01
48911;201300032345;0;7;0;0.0;2.0;4.0;23.0;B01
48912;201300032346;0;33;0;0.0;2.0;1.0;1.0;A01
48913;201300032346;0;7;0;0.0;2.0;8.0;15.0;B01
48914;201300032347;0;7;0;0.0;2.0;8.0;15.0;A01
48915;201300032347;0;2;0;0.0;2.0;1.0;17.0;B01
48916;201300032348;0;7;0;3.0;2.0;2.0;1.0;B01
48917;201300032348;0;7;0;0.0;2.0;3.0;1.0;A01
48918;201300032349;0;7;0;0.0;2.0;1.0;1.0;A01
48919;201300032349;0;7;0;0.0;2.0;4.0;23.0;B01
48920;201300032349;0;7;0;0.0;2.0;4.0;23.0;C01
48921;201300032350;0;1;0;0.0;2.0;7.0;1.0;B01
48922;201300032350;0;7;0;0.0;2.0;3.0;9.0;A01
48923;201300032351;0;34;0;0.0;1.0;8.0;1.0;A01
48924;201300032352;0;7;0;0.0;2.0;4.0;1.0;C01
48925;201300032352;0;7;0;0.0;2.0;1.0;1.0;A01
48926;201300032352;0;7;0;0.0;2.0;4.0;1.0;B01
48927;201300032353;0;1;0;0.0;2.0;2.0;1.0;B01
48928;201300032353;0;7;0;0.0;2.0;1.0;15.0;A01
48929;201300032354;0;7;0;0.0;1.0;4.0;4.0;A01
48930;201300032355;0;32;0;0.0;2.0;1.0;1.0;A01
48931;201300032355;0;7;0;0.0;2.0;4.0;23.0;B01
48932;201300032356;0;1;0;0.0;2.0;4.0;15.0;B01
48933;201300032356;0;7;0;0.0;2.0;1.0;1.0;A01
48934;201300032357;0;7;0;0.0;2.0;1.0;1.0;B01
48935;201300032357;0;7;0;0.0;2.0;1.0;13.0;A01
48936;201300032358;0;7;0;0.0;1.0;1.0;1.0;A01
48937;201300032359;0;7;0;0.0;2.0;1.0;15.0;A01
48938;201300032359;0;7;0;0.0;2.0;3.0;1.0;B01
48939;201300032360;0;10;0;0.0;0.0;0.0;1.0;A01
48940;201300032360;0;7;0;0.0;2.0;3.0;1.0;B01
48941;201300032360;0;34;0;0.0;2.0;7.0;1.0;C01
48942;201300032361;0;2;0;0.0;2.0;1.0;13.0;A01
48943;201300032361;0;7;0;0.0;2.0;1.0;1.0;B01
48944;201300032362;0;34;0;0.0;2.0;1.0;1.0;A01
48945;201300032362;0;7;0;0.0;2.0;4.0;1.0;B01
48946;201300032363;0;31;0;0.0;2.0;7.0;1.0;B01
48947;201300032363;0;7;0;0.0;2.0;3.0;16.0;A01
48948;201300032364;0;7;0;0.0;2.0;1.0;9.0;A01
48949;201300032364;0;2;0;0.0;2.0;7.0;1.0;B01
48950;201300032365;0;7;0;0.0;2.0;3.0;9.0;A01
48951;201300032365;0;2;0;0.0;2.0;7.0;1.0;B01
48952;201300032366;0;1;0;0.0;2.0;1.0;16.0;B01
48953;201300032366;0;7;0;0.0;2.0;1.0;15.0;A01
48954;201300032367;0;33;0;0.0;2.0;1.0;1.0;A01
48955;201300032369;0;1;0;0.0;2.0;4.0;1.0;B01
48956;201300032369;0;1;0;0.0;2.0;4.0;1.0;C01
48957;201300032369;0;7;0;0.0;2.0;2.0;14.0;A01
48958;201300032370;0;30;0;0.0;2.0;3.0;18.0;A01
48959;201300032370;0;7;0;0.0;2.0;7.0;16.0;B01
48960;201300032371;0;7;0;0.0;2.0;2.0;1.0;A01
48961;201300032371;0;30;0;0.0;2.0;8.0;15.0;B01
48962;201300032372;0;1;0;0.0;2.0;8.0;1.0;B01
48963;201300032372;0;2;0;0.0;2.0;7.0;15.0;A01
48964;201300032373;0;7;0;0.0;2.0;1.0;1.0;B01
48965;201300032373;0;7;0;0.0;2.0;7.0;15.0;A01
48966;201300032375;0;7;0;0.0;2.0;1.0;15.0;A01
48967;201300032375;0;7;0;0.0;2.0;3.0;1.0;B01
48968;201300032376;0;7;0;0.0;2.0;1.0;1.0;A01
48969;201300032376;0;1;0;0.0;2.0;4.0;1.0;B01
48970;201300032377;0;2;0;0.0;2.0;1.0;1.0;A01
48971;201300032377;0;10;0;0.0;2.0;4.0;1.0;B01
48972;201300032378;0;7;0;0.0;2.0;1.0;15.0;B01
48973;201300032378;0;7;0;0.0;2.0;2.0;1.0;A01
48974;201300032379;0;1;0;0.0;2.0;8.0;1.0;B01
48975;201300032379;0;7;0;0.0;2.0;3.0;15.0;A01
48976;201300032380;0;7;0;0.0;2.0;4.0;1.0;B01
48977;201300032380;0;7;0;0.0;2.0;1.0;1.0;A01
48978;201300032381;0;7;0;0.0;2.0;1.0;23.0;B01
48979;201300032381;0;7;0;0.0;2.0;7.0;1.0;A01
48980;201300032381;0;7;0;0.0;2.0;1.0;23.0;C01
48981;201300032382;0;7;0;0.0;2.0;4.0;23.0;B01
48982;201300032382;0;7;0;0.0;2.0;1.0;1.0;A01
48983;201300032383;0;7;0;0.0;1.0;1.0;1.0;A01
48984;201300032384;0;7;0;0.0;2.0;1.0;1.0;B01
48985;201300032384;0;2;0;0.0;2.0;3.0;1.0;A01
48986;201300032385;0;7;0;0.0;2.0;7.0;16.0;A01
48987;201300032385;0;37;2;0.0;2.0;1.0;1.0;B01
48988;201300032386;0;2;0;0.0;2.0;1.0;1.0;A01
48989;201300032386;0;7;0;0.0;2.0;4.0;17.0;B01
48990;201300032388;0;7;0;0.0;2.0;7.0;15.0;A01
48991;201300032388;0;33;0;0.0;2.0;1.0;17.0;B01
48992;201300032389;0;33;0;0.0;2.0;1.0;1.0;B01
48993;201300032389;0;7;0;0.0;2.0;1.0;15.0;A01
48994;201300032390;0;7;0;0.0;2.0;1.0;2.0;A01
48995;201300032390;0;7;0;0.0;2.0;4.0;23.0;B01
48996;201300032391;0;2;0;0.0;2.0;1.0;0.0;A01
48997;201300032391;0;2;0;0.0;2.0;1.0;0.0;B01
48998;201300032392;0;2;0;0.0;2.0;1.0;2.0;A01
48999;201300032392;0;7;0;0.0;2.0;4.0;23.0;B01
49000;201300032393;0;7;0;0.0;1.0;1.0;1.0;A01
49001;201300032394;0;36;0;0.0;1.0;1.0;21.0;A01
49002;201300032395;0;7;0;0.0;2.0;2.0;2.0;C01
49003;201300032395;0;7;0;0.0;2.0;3.0;1.0;B01
49004;201300032395;0;2;0;0.0;2.0;1.0;13.0;A01
49005;201300032396;0;13;0;0.0;2.0;7.0;16.0;A01
49006;201300032396;0;1;0;0.0;2.0;6.0;2.0;B01
49007;201300032397;0;1;0;0.0;2.0;5.0;1.0;B01
49008;201300032397;0;7;0;0.0;2.0;1.0;9.0;A01
49009;201300032398;0;30;0;0.0;2.0;8.0;15.0;B01
49010;201300032398;0;7;0;0.0;2.0;7.0;17.0;A01
49011;201300032399;0;30;0;0.0;5.0;1.0;1.0;A01
49012;201300032400;0;34;0;0.0;1.0;1.0;1.0;A01
49013;201300032402;0;7;0;0.0;1.0;1.0;15.0;A01
49014;201300032404;0;1;0;8.0;0.0;1.0;5.0;A01
49015;201300032405;0;7;0;0.0;2.0;6.0;15.0;A01
49016;201300032405;0;30;0;0.0;2.0;1.0;1.0;B01
49017;201300032406;0;30;0;0.0;2.0;1.0;1.0;A01
49018;201300032406;0;7;0;0.0;2.0;4.0;23.0;B01
49019;201300032407;0;32;0;0.0;2.0;2.0;1.0;B01
49020;201300032407;0;7;0;0.0;2.0;7.0;9.0;A01
49021;201300032408;1;15;0;0.0;2.0;8.0;13.0;Z01
49022;201300032408;0;7;0;0.0;2.0;8.0;1.0;B01
49023;201300032409;0;7;0;0.0;2.0;7.0;1.0;B01
49024;201300032409;0;7;0;0.0;2.0;1.0;9.0;A01
49025;201300032410;0;7;0;0.0;2.0;4.0;23.0;B01
49026;201300032410;0;7;0;0.0;2.0;1.0;2.0;A01
49027;201300032411;0;7;0;0.0;2.0;8.0;1.0;B01
49028;201300032411;0;7;0;1.0;2.0;1.0;1.0;A01
49029;201300032412;0;2;0;0.0;2.0;8.0;1.0;B01
49030;201300032412;0;7;0;0.0;2.0;1.0;9.0;A01
49031;201300032414;0;7;0;0.0;2.0;2.0;10.0;A01
49032;201300032414;0;33;0;0.0;2.0;1.0;1.0;B01
49033;201300032416;0;7;0;0.0;1.0;1.0;1.0;A01
49034;201300032417;0;7;0;0.0;2.0;4.0;23.0;C01
49035;201300032417;0;7;0;0.0;2.0;1.0;2.0;A01
49036;201300032417;0;7;0;0.0;2.0;4.0;23.0;B01
49037;201300032419;0;7;0;0.0;1.0;2.0;1.0;A01
49038;201300032420;0;2;0;0.0;1.0;2.0;1.0;A01
49039;201300032422;0;34;0;0.0;2.0;2.0;1.0;A01
49040;201300032422;0;7;0;0.0;2.0;3.0;15.0;B01
49041;201300032423;0;7;0;0.0;2.0;3.0;15.0;A01
49042;201300032423;0;7;0;0.0;2.0;3.0;1.0;B01
49043;201300032424;0;7;0;0.0;2.0;6.0;15.0;A01
49044;201300032424;0;33;0;0.0;2.0;2.0;1.0;B01
49045;201300032425;0;1;0;0.0;2.0;7.0;5.0;B01
49046;201300032425;0;7;0;0.0;2.0;1.0;1.0;A01
49047;201300032426;0;7;0;0.0;2.0;4.0;1.0;C01
49048;201300032426;0;7;0;0.0;2.0;3.0;1.0;A01
49049;201300032426;0;7;0;0.0;2.0;4.0;1.0;B01
49050;201300032427;0;2;0;0.0;2.0;7.0;15.0;A01
49051;201300032427;0;10;0;0.0;2.0;3.0;1.0;B01
49052;201300032428;0;7;0;0.0;1.0;2.0;1.0;A01
49053;201300032429;0;1;0;0.0;2.0;1.0;16.0;B01
49054;201300032429;0;7;0;0.0;2.0;5.0;16.0;A01
49055;201300032430;0;33;0;0.0;2.0;1.0;1.0;B01
49056;201300032430;0;7;0;0.0;2.0;4.0;1.0;A01
49057;201300032431;0;2;0;0.0;2.0;1.0;1.0;B01
49058;201300032431;0;7;0;0.0;2.0;3.0;15.0;A01
49059;201300032432;0;1;0;0.0;2.0;1.0;1.0;B01
49060;201300032432;0;7;0;0.0;2.0;1.0;15.0;A01
49061;201300032433;0;7;0;1.0;0.0;2.0;17.0;A01
49062;201300032434;0;7;0;0.0;2.0;8.0;9.0;A01
49063;201300032434;0;33;0;0.0;2.0;1.0;1.0;B01
49064;201300032435;1;7;0;0.0;0.0;0.0;0.0;Z01
49065;201300032435;0;7;0;9.0;2.0;8.0;13.0;A01
49066;201300032436;0;7;0;0.0;2.0;8.0;1.0;B01