;Num_Acc;senc;catv;occutc;obs;obsm;choc;manv;num_veh
49067;201300032436;0;7;0;0.0;2.0;1.0;15.0;A01
49068;201300032437;0;7;0;0.0;2.0;1.0;2.0;A01
49069;201300032437;0;7;0;0.0;2.0;4.0;23.0;B01
49070;201300032438;0;30;0;0.0;2.0;1.0;15.0;B01
49071;201300032438;1;7;0;0.0;2.0;0.0;1.0;Z01
49072;201300032439;0;7;0;0.0;2.0;7.0;9.0;A01
49073;201300032439;0;31;0;0.0;2.0;1.0;1.0;B01
49074;201300032440;0;7;0;0.0;2.0;5.0;15.0;B01
49075;201300032440;0;7;0;0.0;2.0;1.0;1.0;A01
49076;201300032442;0;7;0;0.0;1.0;1.0;1.0;A01
49077;201300032443;0;2;0;0.0;2.0;1.0;2.0;A01
49078;201300032443;0;7;0;0.0;2.0;4.0;23.0;B01
49079;201300032445;0;7;0;0.0;2.0;4.0;23.0;B01
49080;201300032445;0;7;0;0.0;2.0;1.0;2.0;A01
49081;201300032446;0;30;0;0.0;2.0;7.0;1.0;B01
49082;201300032446;0;7;0;0.0;2.0;3.0;9.0;A01
49083;201300032448;0;7;0;0.0;2.0;7.0;15.0;B01
49084;201300032448;0;33;0;0.0;2.0;1.0;17.0;A01
49085;201300032449;0;1;0;0.0;1.0;1.0;1.0;A01
49086;201300032450;0;7;0;0.0;1.0;1.0;1.0;A01
49087;201300032451;0;7;0;0.0;2.0;1.0;15.0;A01
49088;201300032451;0;7;0;0.0;2.0;1.0;1.0;B01
49089;201300032452;1;14;0;0.0;1.0;2.0;9.0;A01
49090;201300032453;0;7;0;0.0;1.0;1.0;15.0;A01
49091;201300032454;0;30;0;0.0;2.0;1.0;1.0;B01
49092;201300032454;0;7;0;0.0;2.0;1.0;15.0;A01
49093;201300032455;0;7;0;0.0;2.0;3.0;1.0;B01
49094;201300032455;0;7;0;0.0;2.0;3.0;13.0;A01
49095;201300032456;0;1;0;0.0;2.0;7.0;1.0;B01
49096;201300032456;0;7;0;0.0;2.0;1.0;9.0;A01
49097;201300032457;0;7;0;0.0;1.0;1.0;15.0;A01
49098;201300032458;0;7;0;0.0;2.0;1.0;2.0;A01
49099;201300032458;0;7;0;0.0;2.0;4.0;23.0;B01
49100;201300032458;0;7;0;0.0;2.0;4.0;23.0;C01
49101;201300032459;0;7;0;0.0;2.0;8.0;13.0;A01
49102;201300032459;0;7;0;0.0;0.0;8.0;1.0;B01
49103;201300032460;0;7;0;0.0;2.0;1.0;2.0;A01
49104;201300032460;0;7;0;0.0;0.0;4.0;23.0;B01
49105;201300032461;0;30;0;0.0;2.0;8.0;1.0;B01
49106;201300032461;1;7;0;0.0;2.0;7.0;2.0;Z01
49107;201300032462;0;7;0;0.0;2.0;1.0;1.0;B01
49108;201300032462;0;7;0;0.0;2.0;5.0;1.0;A01
49109;201300032464;0;7;0;7.0;2.0;3.0;1.0;B01
49110;201300032464;0;7;0;0.0;2.0;2.0;15.0;A01
49111;201300032465;0;7;0;0.0;2.0;7.0;1.0;B01
49112;201300032465;0;7;0;0.0;2.0;2.0;1.0;A01
49113;201300032466;0;7;0;0.0;2.0;1.0;13.0;A01
49114;201300032466;0;7;0;0.0;2.0;1.0;1.0;B01
49115;201300032466;0;7;0;0.0;2.0;1.0;1.0;C01
49116;201300032467;0;7;0;0.0;0.0;4.0;23.0;B01
49117;201300032467;0;10;0;0.0;2.0;1.0;2.0;A01
49118;201300032468;0;13;0;0.0;2.0;4.0;2.0;B01
49119;201300032468;0;30;0;0.0;2.0;1.0;2.0;A01
49120;201300032469;0;7;0;0.0;2.0;4.0;2.0;B01
49121;201300032469;0;7;0;0.0;2.0;4.0;2.0;C01
49122;201300032469;0;7;0;0.0;2.0;1.0;1.0;A01
49123;201300032470;0;7;0;0.0;2.0;1.0;2.0;A01
49124;201300032470;0;7;0;0.0;2.0;4.0;1.0;B01
49125;201300032471;0;7;0;0.0;2.0;3.0;1.0;A01
49126;201300032471;0;30;0;0.0;2.0;7.0;2.0;B01
49127;201300032472;0;7;0;0.0;2.0;4.0;2.0;B01
49128;201300032472;0;7;0;0.0;2.0;1.0;1.0;A01
49129;201300032473;0;2;0;0.0;2.0;1.0;1.0;B01
49130;201300032473;0;7;0;0.0;2.0;3.0;15.0;A01
49131;201300032474;0;10;0;0.0;2.0;4.0;4.0;B01
49132;201300032474;0;10;0;0.0;2.0;1.0;1.0;A01
49133;201300032475;0;7;0;0.0;2.0;1.0;9.0;A01
49134;201300032475;0;30;0;0.0;2.0;7.0;1.0;B01
49135;201300032477;0;1;0;0.0;2.0;1.0;1.0;A01
49136;201300032477;0;21;0;0.0;9.0;0.0;23.0;B01
49137;201300032479;0;7;0;0.0;1.0;1.0;1.0;A01
49138;201300032480;0;32;0;0.0;2.0;1.0;9.0;A01
49139;201300032480;0;7;0;0.0;2.0;2.0;1.0;B01
49140;201300032481;0;7;0;0.0;2.0;2.0;1.0;B01
49141;201300032481;0;7;0;0.0;2.0;1.0;15.0;A01
49142;201300032482;0;7;0;0.0;2.0;3.0;2.0;B01
49143;201300032482;0;7;0;0.0;2.0;3.0;1.0;A01
49144;201300032483;0;7;0;0.0;2.0;8.0;15.0;B01
49145;201300032483;0;2;0;0.0;2.0;1.0;17.0;A01
49146;201300032484;0;7;0;0.0;2.0;3.0;0.0;A01
49147;201300032484;0;7;0;0.0;2.0;8.0;0.0;B01
49148;201300032485;0;7;0;0.0;2.0;2.0;1.0;B01
49149;201300032485;0;1;0;0.0;2.0;1.0;19.0;A01
49150;201300032486;0;10;0;0.0;2.0;1.0;9.0;A01
49151;201300032486;0;10;0;0.0;2.0;2.0;1.0;B01
49152;201300032487;0;10;0;14.0;2.0;1.0;2.0;A01
49153;201300032487;0;10;0;0.0;2.0;4.0;23.0;C01
49154;201300032487;0;10;0;0.0;2.0;5.0;23.0;B01
49155;201300032489;0;7;0;0.0;1.0;3.0;1.0;A01
49156;201300032490;0;7;0;0.0;2.0;3.0;15.0;B01
49157;201300032490;0;30;0;0.0;2.0;1.0;17.0;A01
49158;201300032492;1;7;0;0.0;1.0;0.0;1.0;Z01
49159;201300032493;0;2;0;0.0;2.0;1.0;1.0;B01
49160;201300032493;0;10;0;0.0;2.0;4.0;4.0;A01
49161;201300032494;0;10;0;0.0;1.0;1.0;1.0;A01
49162;201300032497;0;10;0;0.0;1.0;2.0;1.0;A01
49163;201300032498;0;7;0;0.0;2.0;2.0;13.0;A01
49164;201300032498;0;7;0;0.0;2.0;1.0;1.0;B01
49165;201300032499;0;7;0;0.0;2.0;4.0;23.0;C01
49166;201300032499;0;7;0;0.0;2.0;1.0;2.0;A01
49167;201300032499;0;7;0;0.0;2.0;4.0;23.0;D01
49168;201300032499;0;7;0;0.0;2.0;4.0;23.0;B01
49169;201300032500;0;7;0;0.0;2.0;8.0;16.0;B01
49170;201300032500;0;31;0;0.0;2.0;7.0;0.0;A01
49171;201300032501;0;7;0;0.0;2.0;1.0;9.0;A01
49172;201300032501;0;7;0;0.0;2.0;3.0;1.0;B01
49173;201300032502;0;10;0;0.0;2.0;3.0;9.0;A01
49174;201300032502;0;30;0;0.0;2.0;1.0;1.0;B01
49175;201300032503;0;1;0;0.0;2.0;4.0;15.0;A01
49176;201300032503;0;10;0;0.0;2.0;2.0;1.0;B01
49177;201300032504;0;10;0;0.0;2.0;3.0;9.0;A01
49178;201300032504;0;2;0;0.0;2.0;1.0;1.0;B01
49179;201300032505;0;2;0;0.0;1.0;1.0;1.0;A01
49180;201300032506;0;7;0;0.0;2.0;7.0;16.0;A01
49181;201300032506;0;1;0;0.0;2.0;1.0;1.0;B01
49182;201300032507;0;2;0;0.0;2.0;1.0;18.0;A01
49183;201300032507;0;7;0;0.0;2.0;5.0;2.0;B01
49184;201300032508;0;7;0;0.0;2.0;1.0;15.0;A01
49185;201300032508;0;34;0;0.0;2.0;1.0;1.0;B01
49186;201300032510;0;7;0;0.0;2.0;3.0;1.0;B01
49187;201300032510;0;7;0;0.0;2.0;2.0;9.0;A01
49188;201300032511;0;7;0;0.0;2.0;8.0;1.0;B01
49189;201300032511;0;7;0;0.0;2.0;3.0;13.0;A01
49190;201300032512;0;7;0;0.0;2.0;1.0;13.0;A01
49191;201300032513;0;7;0;0.0;2.0;1.0;13.0;A01
49192;201300032513;0;17;0;0.0;2.0;3.0;1.0;B01
49193;201300032514;0;7;0;0.0;2.0;8.0;15.0;B01
49194;201300032514;0;30;0;0.0;2.0;1.0;17.0;A01
49195;201300032516;0;7;0;0.0;2.0;4.0;2.0;B01
49196;201300032516;0;10;0;0.0;2.0;1.0;2.0;A01
49197;201300032518;0;2;0;0.0;2.0;1.0;2.0;A01
49198;201300032518;0;7;0;0.0;2.0;4.0;1.0;B01
49199;201300032519;0;7;0;0.0;2.0;6.0;9.0;A01
49200;201300032519;0;2;0;0.0;2.0;1.0;1.0;B01
49201;201300032520;1;2;0;0.0;2.0;1.0;2.0;Z01
49202;201300032520;0;2;0;0.0;2.0;4.0;2.0;A01
49203;201300032521;0;7;0;0.0;1.0;2.0;1.0;A01
49204;201300032522;0;1;0;0.0;2.0;8.0;0.0;A01
49205;201300032522;0;7;0;0.0;2.0;0.0;1.0;B01
49206;201300032523;0;10;0;0.0;2.0;1.0;2.0;A01
49207;201300032523;0;7;0;0.0;2.0;4.0;1.0;B01
49208;201300032524;0;7;0;0.0;2.0;4.0;1.0;B01
49209;201300032524;0;7;0;0.0;2.0;1.0;2.0;A01
49210;201300032525;0;7;0;0.0;2.0;1.0;13.0;A01
49211;201300032525;0;7;0;0.0;2.0;0.0;1.0;B01
49212;201300032527;0;7;0;0.0;2.0;3.0;15.0;A01
49213;201300032527;0;30;0;0.0;2.0;1.0;1.0;B01
49214;201300032528;0;7;0;0.0;1.0;7.0;19.0;A01
49215;201300032529;0;7;0;0.0;1.0;3.0;1.0;A01
49216;201300032530;0;7;0;0.0;2.0;7.0;16.0;A01
49217;201300032530;0;1;0;0.0;2.0;1.0;1.0;B01
49218;201300032531;0;7;0;0.0;2.0;1.0;2.0;A01
49219;201300032531;0;7;0;0.0;2.0;4.0;2.0;B01
49220;201300032531;0;7;0;0.0;2.0;4.0;2.0;C01
49221;201300032532;0;7;0;0.0;2.0;3.0;1.0;B01
49222;201300032532;0;7;0;0.0;2.0;3.0;15.0;A01
49223;201300032533;0;7;0;0.0;1.0;1.0;1.0;A01
49224;201300032534;0;7;0;0.0;2.0;1.0;2.0;A01
49225;201300032534;0;7;0;0.0;0.0;4.0;2.0;C01
49226;201300032534;0;7;0;0.0;2.0;9.0;2.0;B01
49227;201300032535;0;7;0;13.0;0.0;8.0;13.0;A01
49228;201300032536;0;7;0;2.0;0.0;1.0;14.0;A01
49229;201300032537;0;7;0;0.0;2.0;1.0;1.0;A01
49230;201300032537;0;7;0;0.0;2.0;3.0;15.0;B01
49231;201300032538;0;7;0;16.0;0.0;7.0;14.0;A01
49232;201300032539;0;2;0;16.0;0.0;7.0;14.0;A01
49233;201300032541;0;7;0;0.0;1.0;2.0;1.0;A01
49234;201300032542;0;7;0;0.0;2.0;1.0;2.0;A01
49235;201300032542;0;2;0;0.0;2.0;4.0;1.0;B01
49236;201300032543;0;31;0;0.0;2.0;1.0;1.0;B01
49237;201300032543;0;7;0;0.0;2.0;3.0;16.0;A01
49238;201300032544;0;7;0;0.0;1.0;1.0;1.0;A01
49239;201300032545;0;7;0;0.0;1.0;1.0;2.0;A01
49240;201300032546;0;7;0;0.0;2.0;2.0;24.0;B01
49241;201300032546;0;7;0;1.0;0.0;1.0;1.0;A01
49242;201300032547;0;32;0;0.0;2.0;1.0;1.0;B01
49243;201300032547;0;7;0;0.0;2.0;3.0;15.0;A01
49244;201300032548;0;2;0;0.0;0.0;7.0;0.0;A01
49245;201300032549;0;30;0;0.0;1.0;1.0;1.0;A01
49246;201300032550;0;7;0;0.0;2.0;4.0;16.0;B01
49247;201300032550;0;7;0;0.0;2.0;1.0;2.0;A01
49248;201300032551;0;33;0;0.0;2.0;1.0;2.0;A01
49249;201300032551;0;7;0;0.0;2.0;4.0;1.0;B01
49250;201300032552;0;7;0;0.0;2.0;1.0;13.0;A01
49251;201300032552;0;7;0;0.0;2.0;1.0;1.0;B01
49252;201300032553;0;10;0;0.0;0.0;4.0;23.0;B01
49253;201300032553;0;10;0;0.0;2.0;1.0;2.0;A01
49254;201300032554;0;7;0;0.0;2.0;5.0;1.0;C01
49255;201300032554;0;1;0;0.0;2.0;1.0;2.0;B01
49256;201300032554;0;7;0;0.0;0.0;0.0;16.0;A01
49257;201300032555;0;1;0;0.0;2.0;4.0;1.0;B01
49258;201300032555;0;7;0;0.0;2.0;2.0;2.0;A01
49259;201300032556;0;10;0;0.0;0.0;3.0;23.0;B01
49260;201300032556;0;33;0;0.0;2.0;1.0;1.0;A01
49261;201300032557;0;7;0;0.0;2.0;3.0;1.0;B01
49262;201300032557;0;33;0;0.0;2.0;1.0;16.0;A01
49263;201300032558;0;1;0;0.0;2.0;4.0;1.0;B01
49264;201300032558;0;7;0;0.0;2.0;2.0;2.0;A01
49265;201300032559;0;2;0;0.0;2.0;1.0;2.0;A01
49266;201300032559;0;7;0;0.0;2.0;4.0;15.0;B01
49267;201300032560;0;7;0;0.0;2.0;1.0;23.0;C01
49268;201300032560;0;33;0;0.0;2.0;1.0;17.0;A01
49269;201300032560;0;7;0;0.0;2.0;3.0;1.0;B01
49270;201300032561;0;7;0;2.0;0.0;1.0;14.0;A01
49271;201300032562;0;33;0;0.0;2.0;1.0;1.0;B01
49272;201300032562;0;7;0;0.0;2.0;1.0;19.0;A01
49273;201300032564;0;7;0;0.0;2.0;7.0;15.0;A01
49274;201300032564;0;33;0;0.0;2.0;1.0;1.0;B01
49275;201300032565;0;7;0;0.0;2.0;2.0;17.0;A01
49276;201300032565;0;7;0;0.0;2.0;8.0;15.0;B01
49277;201300032566;0;7;0;0.0;1.0;2.0;1.0;A01
49278;201300032567;0;7;0;0.0;1.0;2.0;1.0;A01
49279;201300032568;0;34;0;0.0;2.0;2.0;17.0;A01
49280;201300032568;0;10;0;0.0;2.0;8.0;15.0;B01
49281;201300032569;0;7;0;0.0;0.0;0.0;14.0;A01
49282;201300032570;0;7;0;2.0;0.0;2.0;14.0;A01
49283;201300032571;1;7;0;0.0;0.0;0.0;0.0;Z01
49284;201300032571;0;2;0;0.0;2.0;8.0;1.0;B01
49285;201300032572;0;7;0;0.0;1.0;2.0;16.0;A01
49286;201300032573;0;1;0;0.0;2.0;1.0;0.0;B01
49287;201300032573;1;7;0;0.0;9.0;8.0;0.0;A01
49288;201300032574;0;7;0;0.0;2.0;1.0;1.0;A01
49289;201300032574;0;7;0;0.0;2.0;4.0;2.0;B01
49290;201300032575;0;7;0;13.0;0.0;1.0;1.0;A01
49291;201300032576;0;7;0;0.0;1.0;2.0;9.0;A01
49292;201300032577;0;7;0;0.0;1.0;1.0;1.0;A01
49293;201300032578;0;2;0;0.0;1.0;1.0;1.0;A01
49294;201300032579;0;7;0;0.0;1.0;7.0;1.0;A01
49295;201300032580;0;7;0;0.0;9.0;1.0;2.0;A01
49296;201300032580;0;1;0;0.0;2.0;1.0;19.0;B01
49297;201300032581;0;7;0;0.0;1.0;1.0;1.0;A01
49298;201300032582;0;7;0;0.0;2.0;3.0;2.0;B01
49299;201300032582;0;7;0;0.0;2.0;6.0;15.0;A01
49300;201300032583;0;7;0;0.0;2.0;4.0;2.0;B01
49301;201300032583;0;7;0;0.0;2.0;1.0;2.0;A01
49302;201300032584;0;7;0;0.0;2.0;1.0;2.0;A01
49303;201300032584;0;7;0;0.0;2.0;4.0;23.0;B01
49304;201300032585;0;7;0;0.0;2.0;1.0;1.0;A01
49305;201300032585;0;1;0;0.0;2.0;4.0;2.0;B01
49306;201300032586;0;7;0;0.0;1.0;3.0;1.0;A01
49307;201300032587;0;7;0;0.0;1.0;2.0;16.0;A01
49308;201300032588;0;32;0;0.0;1.0;2.0;1.0;A01
49309;201300032589;0;7;0;0.0;2.0;5.0;15.0;A01
49310;201300032589;0;2;0;0.0;2.0;1.0;1.0;B01
49311;201300032590;0;33;0;0.0;2.0;7.0;1.0;B01
49312;201300032590;0;7;0;0.0;9.0;3.0;10.0;A01
49313;201300032591;0;7;0;0.0;9.0;1.0;16.0;A01
49314;201300032591;0;1;0;0.0;2.0;7.0;1.0;B01
49315;201300032592;0;7;0;0.0;2.0;1.0;1.0;B01
49316;201300032592;0;2;0;0.0;2.0;1.0;13.0;A01
49317;201300032593;0;7;0;0.0;1.0;4.0;4.0;A01
49318;201300032594;0;7;0;0.0;2.0;3.0;0.0;B01
49319;201300032594;0;10;0;0.0;2.0;3.0;13.0;A01
49320;201300032595;0;7;0;1.0;2.0;7.0;1.0;A01
49321;201300032595;0;7;0;0.0;2.0;1.0;9.0;B01
49322;201300032597;0;7;0;0.0;0.0;0.0;1.0;A01
49323;201300032597;0;7;0;0.0;9.0;2.0;1.0;B01
49324;201300032598;0;7;0;0.0;1.0;7.0;1.0;A01
49325;201300032599;0;7;0;0.0;2.0;8.0;1.0;B01
49326;201300032599;0;7;0;0.0;2.0;8.0;13.0;A01
49327;201300032600;0;7;0;0.0;2.0;2.0;1.0;B01
49328;201300032600;0;7;0;0.0;2.0;3.0;16.0;A01
49329;201300032602;0;7;0;0.0;0.0;4.0;1.0;B01
49330;201300032602;0;7;0;9.0;2.0;1.0;2.0;A01
49331;201300032603;0;7;0;0.0;2.0;3.0;13.0;A01
49332;201300032603;0;15;0;0.0;2.0;3.0;21.0;B01
49333;201300032604;0;7;0;0.0;2.0;4.0;1.0;A01
49334;201300032604;0;7;0;0.0;2.0;9.0;2.0;B01
49335;201300032604;0;7;0;0.0;2.0;1.0;2.0;C01
49336;201300032605;0;7;0;0.0;2.0;8.0;19.0;A01
49337;201300032605;0;7;0;0.0;2.0;1.0;1.0;B01
49338;201300032606;0;7;0;0.0;2.0;2.0;1.0;A01
49339;201300032606;0;7;0;0.0;2.0;1.0;1.0;B01
49340;201300032608;0;7;0;0.0;2.0;3.0;1.0;B01
49341;201300032608;0;7;0;0.0;2.0;1.0;15.0;A01
49342;201300032609;0;7;0;0.0;2.0;1.0;2.0;A01
49343;201300032609;0;7;0;0.0;2.0;4.0;2.0;B01
49344;201300032610;0;7;0;0.0;2.0;1.0;2.0;A01
49345;201300032610;0;7;0;0.0;2.0;4.0;2.0;B01
49346;201300032611;0;7;0;0.0;2.0;8.0;1.0;B01
49347;201300032611;0;7;0;0.0;2.0;2.0;19.0;A01
49348;201300032612;0;7;0;0.0;9.0;2.0;16.0;B01
49349;201300032612;0;1;0;0.0;2.0;1.0;1.0;A01
49350;201300032613;0;7;0;0.0;1.0;1.0;16.0;A01
49351;201300032614;0;7;0;0.0;9.0;1.0;2.0;A01
49352;201300032614;0;1;0;0.0;0.0;4.0;2.0;B01
49353;201300032615;0;7;0;0.0;1.0;2.0;0.0;A01
49354;201300032616;0;1;0;0.0;2.0;1.0;1.0;B01
49355;201300032616;0;7;0;0.0;2.0;4.0;4.0;A01
49356;201300032617;0;7;0;0.0;2.0;0.0;22.0;A01
49357;201300032617;0;1;0;0.0;2.0;1.0;1.0;B01
49358;201300032618;0;7;0;0.0;1.0;3.0;1.0;A01
49359;201300032619;0;7;0;2.0;0.0;7.0;0.0;A01
49360;201300032620;0;7;0;0.0;2.0;3.0;15.0;B01
49361;201300032620;0;7;0;0.0;2.0;2.0;19.0;A01
49362;201300032621;0;7;0;0.0;2.0;1.0;1.0;A01
49363;201300032621;0;10;0;0.0;2.0;4.0;1.0;C01
49364;201300032621;0;7;0;0.0;2.0;4.0;2.0;B01
49365;201300032622;0;7;0;0.0;2.0;6.0;24.0;B01
49366;201300032622;0;7;0;1.0;0.0;2.0;1.0;A01
49367;201300032623;0;7;0;0.0;2.0;1.0;1.0;B01
49368;201300032623;0;7;0;0.0;2.0;1.0;21.0;A01
49369;201300032624;0;7;0;0.0;2.0;1.0;1.0;A01
49370;201300032624;0;1;0;0.0;2.0;5.0;1.0;B01
49371;201300032625;0;7;0;0.0;1.0;2.0;1.0;A01
49372;201300032626;0;7;0;0.0;2.0;1.0;19.0;A01
49373;201300032626;0;7;0;0.0;2.0;3.0;16.0;B01
49374;201300032627;0;7;0;0.0;2.0;1.0;1.0;A01
49375;201300032627;0;7;0;0.0;2.0;4.0;1.0;B01
49376;201300032630;0;7;0;0.0;1.0;8.0;15.0;A01
49377;201300032631;0;7;0;0.0;2.0;1.0;1.0;A01
49378;201300032631;0;7;0;0.0;2.0;4.0;15.0;B01
49379;201300032632;0;2;0;0.0;1.0;1.0;1.0;A01
49380;201300032633;0;7;0;0.0;2.0;4.0;2.0;C01
49381;201300032633;0;7;0;0.0;2.0;4.0;2.0;B01
49382;201300032633;0;7;0;0.0;2.0;1.0;2.0;A01
49383;201300032634;0;7;0;0.0;2.0;1.0;1.0;B01
49384;201300032634;0;7;0;0.0;2.0;1.0;13.0;A01
49385;201300032635;0;7;0;0.0;2.0;3.0;1.0;B01
49386;201300032635;0;7;0;0.0;2.0;8.0;15.0;A01
49387;201300032636;0;7;0;0.0;2.0;7.0;16.0;B01
49388;201300032636;0;32;0;0.0;2.0;8.0;2.0;A01
49389;201300032637;0;7;0;0.0;1.0;4.0;4.0;A01
49390;201300032638;0;7;0;0.0;2.0;7.0;19.0;A01
49391;201300032638;0;7;0;0.0;2.0;1.0;19.0;B01
49392;201300032639;0;7;0;0.0;2.0;1.0;19.0;A01
49393;201300032639;0;1;0;0.0;2.0;1.0;1.0;B01
49394;201300032640;0;7;0;0.0;2.0;6.0;15.0;B01
49395;201300032640;0;1;0;0.0;2.0;6.0;2.0;A01
49396;201300032641;0;3;0;0.0;2.0;7.0;19.0;A01
49397;201300032641;0;30;0;0.0;2.0;1.0;1.0;B01
49398;201300032642;0;31;0;0.0;2.0;1.0;1.0;B01
49399;201300032642;0;7;0;0.0;2.0;1.0;15.0;A01
49400;201300032643;0;7;0;0.0;2.0;1.0;1.0;B01
49401;201300032643;0;7;0;0.0;2.0;1.0;13.0;A01
49402;201300032643;0;7;0;0.0;2.0;3.0;2.0;C01
49403;201300032644;0;7;0;0.0;1.0;3.0;15.0;A01
49404;201300032645;0;7;0;0.0;2.0;8.0;1.0;B01
49405;201300032645;0;7;0;0.0;2.0;1.0;15.0;A01
49406;201300032646;0;7;0;0.0;2.0;2.0;1.0;B01
49407;201300032646;0;7;0;0.0;2.0;3.0;9.0;A01
49408;201300032647;2;7;0;0.0;2.0;2.0;2.0;A01
49409;201300032647;0;30;0;0.0;2.0;6.0;23.0;B01
49410;201300032648;0;33;0;0.0;2.0;8.0;1.0;B01
49411;201300032648;0;10;0;0.0;2.0;1.0;19.0;A01
49412;201300032650;0;7;0;0.0;2.0;4.0;1.0;B01
49413;201300032650;0;7;0;0.0;2.0;1.0;2.0;A01
49414;201300032651;0;7;0;0.0;2.0;3.0;15.0;A01
49415;201300032651;0;33;0;0.0;2.0;1.0;1.0;B01
49416;201300032652;0;7;0;0.0;2.0;2.0;1.0;A01
49417;201300032652;0;10;0;0.0;2.0;3.0;15.0;B01
49418;201300032653;0;7;0;9.0;2.0;9.0;19.0;A01
49419;201300032653;0;7;0;0.0;2.0;2.0;19.0;B01
49420;201300032654;0;7;0;0.0;1.0;3.0;15.0;A01
49421;201300032655;0;7;0;0.0;2.0;7.0;19.0;B01
49422;201300032655;0;7;0;0.0;2.0;3.0;19.0;A01
49423;201300032656;0;7;0;0.0;2.0;8.0;13.0;A01
49424;201300032657;0;30;0;0.0;2.0;1.0;16.0;A01
49425;201300032657;0;7;0;0.0;2.0;5.0;1.0;B01
49426;201300032658;0;32;0;0.0;2.0;1.0;1.0;B01
49427;201300032658;0;7;0;0.0;2.0;2.0;10.0;A01
49428;201300032659;0;7;0;0.0;2.0;1.0;1.0;A01
49429;201300032659;0;7;0;0.0;2.0;4.0;1.0;B01
49430;201300032660;0;7;0;0.0;2.0;5.0;15.0;A01
49431;201300032660;0;33;0;0.0;2.0;1.0;1.0;B01
49432;201300032661;0;30;0;0.0;2.0;1.0;2.0;A01
49433;201300032661;0;7;0;0.0;2.0;4.0;15.0;B01
49434;201300032662;0;7;0;0.0;2.0;1.0;23.0;B01
49435;201300032662;0;7;0;0.0;2.0;1.0;5.0;A01
49436;201300032663;0;7;0;0.0;2.0;2.0;1.0;A01
49437;201300032663;0;7;0;0.0;2.0;3.0;15.0;B01
49438;201300032665;0;30;0;0.0;2.0;1.0;2.0;A01
49439;201300032665;0;7;0;0.0;2.0;4.0;2.0;B01
49440;201300032666;0;1;0;0.0;2.0;1.0;19.0;A01
49441;201300032666;0;7;0;0.0;2.0;7.0;1.0;B01
49442;201300032667;0;7;0;0.0;2.0;1.0;13.0;A01
49443;201300032667;0;30;0;0.0;2.0;1.0;1.0;B01
49444;201300032668;0;7;0;0.0;2.0;2.0;1.0;B01
49445;201300032668;0;7;0;0.0;2.0;5.0;15.0;A01
49446;201300032669;0;7;0;0.0;2.0;7.0;1.0;A01
49447;201300032669;0;7;0;0.0;2.0;1.0;1.0;B01
49448;201300032670;0;7;0;0.0;2.0;1.0;1.0;B01
49449;201300032670;0;2;0;0.0;2.0;1.0;1.0;A01
49450;201300032671;0;10;0;6.0;0.0;1.0;1.0;A01
49451;201300032672;0;7;0;0.0;2.0;7.0;15.0;A01
49452;201300032672;0;2;0;0.0;2.0;1.0;1.0;B01
49453;201300032673;0;33;0;0.0;2.0;4.0;23.0;B01
49454;201300032673;0;7;0;0.0;2.0;1.0;1.0;A01
49455;201300032674;0;1;0;0.0;2.0;8.0;1.0;B01
49456;201300032674;0;7;0;0.0;2.0;2.0;1.0;A01
49457;201300032675;0;30;0;0.0;2.0;0.0;1.0;B01
49458;201300032675;0;7;0;0.0;2.0;1.0;1.0;A01
49459;201300032676;0;7;0;0.0;2.0;3.0;15.0;A01
49460;201300032676;0;1;0;0.0;2.0;2.0;1.0;B01
49461;201300032678;0;7;0;0.0;2.0;1.0;2.0;A01
49462;201300032678;0;7;0;0.0;2.0;4.0;2.0;B01
49463;201300032678;0;7;0;0.0;2.0;4.0;2.0;C01
49464;201300032679;0;33;0;1.0;0.0;0.0;1.0;A01
49465;201300032680;0;7;0;0.0;2.0;2.0;1.0;A01
49466;201300032680;0;7;0;0.0;2.0;3.0;9.0;B01
49467;201300032681;0;7;0;0.0;2.0;2.0;15.0;A01
49468;201300032681;0;30;0;0.0;2.0;1.0;1.0;B01
49469;201300032683;0;7;0;0.0;2.0;3.0;5.0;B01
49470;201300032683;0;33;0;0.0;2.0;1.0;5.0;A01
49471;201300032684;0;10;0;0.0;2.0;6.0;1.0;B01
49472;201300032684;0;7;0;0.0;2.0;8.0;5.0;A01
49473;201300032685;0;7;0;0.0;2.0;1.0;19.0;A01
49474;201300032685;0;7;0;0.0;2.0;2.0;1.0;B01
49475;201300032685;0;37;1;0.0;2.0;1.0;23.0;C01
49476;201300032686;0;10;0;0.0;2.0;8.0;15.0;B01
49477;201300032686;0;30;0;0.0;2.0;1.0;19.0;A01
49478;201300032687;0;7;0;0.0;2.0;3.0;15.0;A01
49479;201300032687;0;33;0;0.0;2.0;1.0;1.0;B01
49480;201300032688;0;7;0;0.0;2.0;1.0;9.0;A01
49481;201300032688;0;1;0;0.0;2.0;5.0;1.0;B01
49482;201300032689;0;7;0;0.0;2.0;4.0;2.0;B01
49483;201300032689;0;7;0;0.0;2.0;1.0;2.0;A01
49484;201300032691;0;7;0;0.0;1.0;1.0;1.0;A01
49485;201300032692;0;7;0;0.0;2.0;4.0;2.0;B01
49486;201300032692;0;10;0;0.0;2.0;1.0;2.0;A01
49487;201300032693;0;10;0;0.0;1.0;1.0;15.0;A01