;Num_Acc;senc;catv;occutc;obs;obsm;choc;manv;num_veh
49910;201300032967;0;7;0;0.0;2.0;1.0;1.0;A01
49911;201300032967;0;7;0;0.0;2.0;4.0;2.0;B01
49912;201300032968;0;30;0;0.0;2.0;1.0;1.0;B01
49913;201300032968;0;7;0;0.0;2.0;3.0;23.0;A01
49914;201300032969;0;1;0;0.0;2.0;1.0;1.0;B01
49915;201300032969;0;7;0;0.0;2.0;1.0;16.0;A01
49916;201300032970;0;7;0;0.0;2.0;4.0;1.0;B01
49917;201300032970;0;30;0;0.0;2.0;1.0;1.0;A01
49918;201300032971;0;7;0;0.0;2.0;1.0;1.0;A01
49919;201300032972;0;7;0;0.0;2.0;2.0;15.0;A01
49920;201300032972;0;30;0;0.0;2.0;1.0;15.0;B01
49921;201300032973;0;40;0;0.0;2.0;1.0;1.0;B01
49922;201300032973;0;1;0;0.0;4.0;8.0;19.0;A01
49923;201300032974;0;1;0;0.0;2.0;1.0;19.0;B01
49924;201300032974;0;7;0;0.0;2.0;3.0;15.0;A01
49925;201300032975;0;2;0;0.0;2.0;1.0;1.0;A01
49926;201300032975;0;2;0;0.0;2.0;1.0;1.0;B01
49927;201300032976;0;7;0;0.0;2.0;5.0;15.0;B01
49928;201300032976;0;30;0;0.0;2.0;1.0;1.0;A01
49929;201300032977;0;7;0;0.0;2.0;1.0;1.0;A01
49930;201300032977;0;1;0;0.0;2.0;8.0;1.0;B01
49931;201300032978;0;7;0;0.0;2.0;4.0;1.0;B01
49932;201300032978;0;2;0;0.0;2.0;1.0;1.0;A01
49933;201300032979;0;7;0;0.0;2.0;1.0;1.0;A01
49934;201300032979;0;7;0;0.0;2.0;4.0;1.0;D01
49935;201300032979;0;7;0;0.0;2.0;4.0;1.0;C01
49936;201300032979;0;7;0;0.0;2.0;4.0;1.0;B01
49937;201300032980;0;10;0;0.0;1.0;3.0;1.0;A01
49938;201300032981;1;7;0;0.0;1.0;1.0;17.0;Z01
49939;201300032982;0;7;0;0.0;1.0;1.0;1.0;A01
49940;201300032983;0;31;0;0.0;2.0;3.0;1.0;B01
49941;201300032983;0;7;0;0.0;2.0;3.0;1.0;A01
49942;201300032984;0;30;0;0.0;0.0;0.0;1.0;B01
49943;201300032984;0;7;0;0.0;0.0;0.0;9.0;A01
49944;201300032985;0;30;0;0.0;2.0;1.0;1.0;B01
49945;201300032985;0;1;0;0.0;2.0;1.0;19.0;A01
49946;201300032986;0;7;0;14.0;0.0;6.0;1.0;B01
49947;201300032986;0;7;0;0.0;2.0;1.0;1.0;A01
49948;201300032987;0;7;0;0.0;2.0;1.0;1.0;B01
49949;201300032987;0;7;0;0.0;2.0;8.0;10.0;A01
49950;201300032989;0;7;0;0.0;2.0;7.0;15.0;B01
49951;201300032989;0;1;0;0.0;2.0;1.0;1.0;A01
49952;201300032991;0;7;0;0.0;1.0;1.0;1.0;A01
49953;201300032992;0;10;0;0.0;2.0;1.0;1.0;A01
49954;201300032992;0;7;0;0.0;2.0;4.0;1.0;B01
49955;201300032994;0;7;0;0.0;1.0;1.0;1.0;A01
49956;201300032995;0;7;0;0.0;1.0;7.0;1.0;A01
49957;201300032996;0;1;0;0.0;2.0;1.0;1.0;B01
49958;201300032996;0;7;0;0.0;2.0;1.0;16.0;A01
49959;201300032997;0;7;0;0.0;1.0;1.0;20.0;A01
49960;201300032998;0;40;0;0.0;1.0;2.0;1.0;A01
49961;201300032999;1;1;0;0.0;2.0;0.0;1.0;Z01
49962;201300032999;0;1;0;0.0;2.0;0.0;1.0;A01
49963;201300033000;0;1;0;0.0;2.0;8.0;19.0;B01
49964;201300033000;0;7;0;0.0;2.0;5.0;1.0;A01
49965;201300033001;0;30;0;0.0;2.0;0.0;1.0;A01
49966;201300033001;1;7;0;0.0;2.0;0.0;1.0;Z01
49967;201300033002;0;1;0;0.0;2.0;8.0;19.0;A01
49968;201300033002;0;7;0;0.0;2.0;1.0;1.0;B01
49969;201300033003;0;7;0;0.0;2.0;1.0;1.0;A01
49970;201300033003;0;2;0;0.0;2.0;2.0;1.0;B01
49971;201300033004;0;7;0;0.0;2.0;1.0;15.0;A01
49972;201300033004;0;7;0;0.0;2.0;3.0;1.0;B01
49973;201300033005;0;37;1;0.0;2.0;1.0;1.0;C01
49974;201300033005;0;10;0;0.0;2.0;2.0;1.0;B01
49975;201300033005;0;7;0;0.0;2.0;1.0;1.0;A01
49976;201300033006;0;2;0;0.0;2.0;1.0;1.0;A01
49977;201300033006;0;7;0;0.0;2.0;6.0;20.0;B01
49978;201300033008;0;7;0;0.0;2.0;7.0;1.0;A01
49979;201300033008;0;7;0;0.0;2.0;3.0;1.0;B01
49980;201300033009;0;7;0;0.0;2.0;3.0;1.0;B01
49981;201300033009;0;1;0;0.0;2.0;1.0;19.0;A01
49982;201300033010;0;31;0;0.0;2.0;1.0;1.0;A01
49983;201300033010;0;10;0;0.0;2.0;8.0;15.0;B01
49984;201300033011;0;2;0;0.0;2.0;7.0;15.0;A01
49985;201300033011;0;7;0;0.0;2.0;1.0;1.0;B01
49986;201300033012;0;30;0;0.0;2.0;1.0;1.0;A01
49987;201300033012;0;7;0;0.0;2.0;8.0;1.0;B01
49988;201300033013;0;7;0;0.0;1.0;1.0;1.0;A01
49989;201300033014;0;7;0;0.0;2.0;1.0;1.0;A01
49990;201300033014;0;1;0;0.0;2.0;8.0;1.0;B01
49991;201300033015;0;7;0;6.0;0.0;9.0;17.0;A01
49992;201300033016;0;31;0;0.0;2.0;7.0;1.0;A01
49993;201300033016;0;10;0;0.0;2.0;8.0;15.0;B01
49994;201300033017;0;7;0;0.0;1.0;1.0;1.0;A01
49995;201300033018;0;7;0;0.0;2.0;1.0;16.0;A01
49996;201300033019;1;10;0;0.0;1.0;2.0;16.0;Z01
49997;201300033020;0;7;0;0.0;2.0;4.0;1.0;B01
49998;201300033020;0;7;0;0.0;2.0;5.0;1.0;C01
49999;201300033020;0;7;0;0.0;2.0;1.0;1.0;A01
50000;201300033021;0;7;0;0.0;1.0;3.0;2.0;A01
50001;201300033022;0;7;0;0.0;2.0;7.0;15.0;B01
50002;201300033022;0;2;0;0.0;2.0;1.0;1.0;A01
50003;201300033024;0;7;0;0.0;2.0;3.0;1.0;B01
50004;201300033024;0;15;0;0.0;2.0;5.0;16.0;A01
50005;201300033025;0;7;0;0.0;2.0;2.0;15.0;A01
50006;201300033025;0;33;0;0.0;2.0;1.0;1.0;B01
50007;201300033026;0;2;0;0.0;0.0;0.0;10.0;A01
50008;201300033028;1;7;0;0.0;2.0;1.0;1.0;Z01
50009;201300033028;0;7;0;0.0;2.0;8.0;1.0;A01
50010;201300033029;0;30;0;0.0;2.0;0.0;15.0;B01
50011;201300033029;0;7;0;0.0;2.0;8.0;1.0;A01
50012;201300033030;0;1;0;0.0;1.0;1.0;19.0;A01
50013;201300033031;0;40;0;0.0;2.0;1.0;1.0;B01
50014;201300033031;0;1;0;0.0;4.0;7.0;19.0;A01
50015;201300033032;0;1;0;0.0;2.0;1.0;19.0;B01
50016;201300033032;0;10;0;0.0;2.0;2.0;16.0;A01
50017;201300033033;0;10;0;0.0;2.0;6.0;19.0;A01
50018;201300033033;0;7;0;0.0;2.0;5.0;24.0;C01
50019;201300033033;0;33;0;1.0;2.0;1.0;1.0;B01
50020;201300033034;0;7;0;0.0;2.0;4.0;23.0;B01
50021;201300033034;0;7;0;0.0;2.0;3.0;1.0;A01
50022;201300033035;0;7;0;0.0;1.0;3.0;15.0;A01
50023;201300033036;0;7;0;0.0;2.0;1.0;1.0;A01
50024;201300033036;0;10;0;0.0;2.0;1.0;20.0;B01
50025;201300033037;0;7;0;0.0;2.0;3.0;1.0;B01
50026;201300033037;0;30;0;0.0;2.0;7.0;1.0;A01
50027;201300033038;0;7;0;0.0;2.0;4.0;9.0;A01
50028;201300033038;0;7;0;0.0;2.0;6.0;24.0;C01
50029;201300033038;0;7;0;0.0;2.0;1.0;1.0;B01
50030;201300033039;0;1;0;0.0;2.0;2.0;14.0;A01
50031;201300033039;0;7;0;0.0;2.0;3.0;16.0;B01
50032;201300033040;0;7;0;0.0;2.0;3.0;9.0;A01
50033;201300033040;0;7;0;0.0;2.0;3.0;1.0;B01
50034;201300033041;0;10;0;0.0;1.0;4.0;4.0;A01
50035;201300033042;0;37;1;0.0;2.0;8.0;1.0;B01
50036;201300033042;0;1;0;0.0;2.0;1.0;19.0;A01
50037;201300033043;0;1;0;0.0;2.0;1.0;18.0;B01
50038;201300033043;0;7;0;0.0;2.0;1.0;1.0;A01
50039;201300033044;0;10;0;0.0;1.0;6.0;1.0;A01
50040;201300033045;0;7;0;0.0;2.0;1.0;15.0;A01
50041;201300033045;0;34;0;0.0;2.0;1.0;1.0;B01
50042;201300033046;0;7;0;0.0;1.0;1.0;16.0;A01
50043;201300033047;0;7;0;0.0;2.0;1.0;0.0;B01
50044;201300033047;0;7;0;0.0;2.0;1.0;0.0;A01
50045;201300033048;0;40;0;0.0;1.0;1.0;0.0;A01
50046;201300033049;0;1;0;0.0;2.0;3.0;1.0;B01
50047;201300033049;0;7;0;0.0;2.0;7.0;15.0;A01
50048;201300033050;0;7;0;0.0;2.0;1.0;1.0;A01
50049;201300033050;0;7;0;0.0;2.0;4.0;1.0;B01
50050;201300033051;0;1;0;0.0;2.0;1.0;19.0;A01
50051;201300033051;0;7;0;0.0;2.0;0.0;1.0;B01
50052;201300033052;0;7;0;0.0;2.0;8.0;1.0;B01
50053;201300033052;0;10;0;0.0;2.0;1.0;1.0;A01
50054;201300033053;0;7;0;0.0;2.0;5.0;1.0;B01
50055;201300033053;0;31;0;0.0;2.0;1.0;1.0;A01
50056;201300033054;0;7;0;0.0;2.0;1.0;1.0;B01
50057;201300033054;0;2;0;0.0;2.0;8.0;15.0;A01
50058;201300033056;0;2;0;1.0;0.0;7.0;1.0;A01
50059;201300033057;0;10;0;0.0;2.0;1.0;2.0;A01
50060;201300033057;0;31;0;0.0;2.0;4.0;2.0;B01
50061;201300033058;0;7;0;0.0;2.0;1.0;15.0;B01
50062;201300033058;0;7;0;0.0;2.0;8.0;23.0;C01
50063;201300033058;0;31;0;0.0;2.0;5.0;1.0;A01
50064;201300033059;0;32;0;0.0;2.0;7.0;1.0;A01
50065;201300033059;0;7;0;0.0;2.0;1.0;9.0;B01
50066;201300033060;0;7;0;0.0;1.0;1.0;2.0;A01
50067;201300033061;0;7;0;0.0;1.0;3.0;1.0;A01
50068;201300033062;0;7;0;0.0;2.0;3.0;9.0;A01
50069;201300033062;0;32;0;0.0;2.0;5.0;1.0;B01
50070;201300033063;0;7;0;0.0;1.0;1.0;1.0;A01
50071;201300033064;0;1;0;0.0;2.0;1.0;19.0;A01
50072;201300033064;0;40;0;0.0;2.0;2.0;1.0;B01
50073;201300033066;0;7;0;0.0;2.0;1.0;1.0;B01
50074;201300033066;0;7;0;0.0;2.0;2.0;15.0;A01
50075;201300033067;0;30;0;0.0;2.0;1.0;17.0;B01
50076;201300033067;0;7;0;0.0;2.0;3.0;11.0;A01
50077;201300033068;0;1;0;0.0;2.0;8.0;19.0;B01
50078;201300033068;0;7;0;0.0;2.0;1.0;1.0;A01
50079;201300033069;0;7;0;0.0;2.0;1.0;1.0;B01
50080;201300033069;0;1;0;0.0;2.0;8.0;19.0;A01
50081;201300033070;0;7;0;0.0;2.0;1.0;1.0;B01
50082;201300033070;0;7;0;0.0;2.0;1.0;15.0;A01
50083;201300033071;0;7;0;0.0;2.0;4.0;15.0;B01
50084;201300033071;0;33;0;0.0;2.0;1.0;15.0;C01
50085;201300033071;1;38;30;0.0;0.0;0.0;1.0;Z01
50086;201300033072;0;7;0;0.0;2.0;8.0;1.0;B01
50087;201300033072;0;7;0;0.0;2.0;1.0;1.0;A01
50088;201300033073;0;1;0;1.0;0.0;1.0;1.0;B01
50089;201300033074;0;7;0;3.0;0.0;1.0;1.0;A01
50090;201300033076;0;7;0;0.0;1.0;2.0;1.0;A01
50091;201300033079;0;7;0;2.0;0.0;1.0;1.0;A01
50092;201300033080;1;7;0;0.0;1.0;3.0;1.0;Z01
50093;201300033081;0;2;0;0.0;2.0;1.0;15.0;A01
50094;201300033081;0;7;0;0.0;2.0;2.0;15.0;B01
50095;201300033083;0;7;0;0.0;0.0;0.0;23.0;B01
50096;201300033083;0;1;0;0.0;0.0;0.0;1.0;A01
50097;201300033084;0;7;0;0.0;2.0;1.0;15.0;B01
50098;201300033084;0;7;0;0.0;2.0;1.0;1.0;A01
50099;201300033085;0;1;0;0.0;2.0;8.0;1.0;B01
50100;201300033085;0;7;0;0.0;2.0;1.0;15.0;A01
50101;201300033086;0;1;0;0.0;2.0;5.0;19.0;A01
50102;201300033086;0;7;0;0.0;2.0;3.0;1.0;B01
50103;201300033087;0;1;0;0.0;4.0;3.0;19.0;A01
50104;201300033087;0;40;0;0.0;2.0;1.0;1.0;B01
50105;201300033088;0;1;0;0.0;2.0;7.0;5.0;A01
50106;201300033088;0;7;0;0.0;2.0;1.0;23.0;B01
50107;201300033089;0;7;0;0.0;2.0;1.0;1.0;B01
50108;201300033089;0;7;0;0.0;2.0;7.0;15.0;A01
50109;201300033090;0;30;0;0.0;2.0;1.0;1.0;B01
50110;201300033090;0;7;0;0.0;2.0;3.0;1.0;A01
50111;201300033091;0;7;0;0.0;2.0;3.0;9.0;A01
50112;201300033091;0;33;0;0.0;2.0;8.0;1.0;B01
50113;201300033092;0;10;0;2.0;0.0;1.0;1.0;A01
50114;201300033093;0;10;0;0.0;1.0;2.0;1.0;A01
50115;201300033094;0;7;0;0.0;1.0;2.0;1.0;A01
50116;201300033095;0;2;0;0.0;2.0;1.0;1.0;B01
50117;201300033095;0;7;0;0.0;2.0;3.0;1.0;A01
50118;201300033096;0;7;0;0.0;1.0;3.0;1.0;A01
50119;201300033097;0;40;0;0.0;1.0;2.0;1.0;A01
50120;201300033098;0;2;0;0.0;2.0;6.0;1.0;B01
50121;201300033098;0;7;0;0.0;2.0;3.0;1.0;A01
50122;201300033099;0;7;0;8.0;0.0;1.0;1.0;A01
50123;201300033100;1;7;0;0.0;2.0;0.0;1.0;B01
50124;201300033100;0;1;0;0.0;2.0;7.0;19.0;A01
50125;201300033101;0;7;0;0.0;2.0;3.0;22.0;A01
50126;201300033101;0;1;0;0.0;2.0;7.0;1.0;B01
50127;201300033102;0;33;0;0.0;2.0;1.0;1.0;A01
50128;201300033102;0;7;0;0.0;2.0;5.0;16.0;B01
50129;201300033103;0;30;0;2.0;0.0;1.0;1.0;A01
50130;201300033104;0;7;0;0.0;1.0;1.0;1.0;A01
50131;201300033105;0;1;0;0.0;2.0;1.0;5.0;A01
50132;201300033105;0;1;0;0.0;2.0;1.0;1.0;B01
50133;201300033106;0;7;0;0.0;2.0;1.0;1.0;B01
50134;201300033106;0;3;0;0.0;2.0;1.0;5.0;A01
50135;201300033107;0;7;0;0.0;2.0;3.0;16.0;A01
50136;201300033107;0;1;0;0.0;2.0;5.0;1.0;B01
50137;201300033108;0;7;0;0.0;2.0;1.0;1.0;C01
50138;201300033108;0;7;0;0.0;2.0;1.0;17.0;A01
50139;201300033108;0;7;0;0.0;2.0;8.0;1.0;B01
50140;201300033109;0;7;0;0.0;1.0;1.0;1.0;A01
50141;201300033110;0;13;0;0.0;1.0;3.0;15.0;A01
50142;201300033111;0;7;0;0.0;2.0;8.0;1.0;B01
50143;201300033111;0;32;0;0.0;2.0;1.0;1.0;A01
50144;201300033112;0;34;0;0.0;2.0;6.0;5.0;A01
50145;201300033112;0;10;0;0.0;2.0;6.0;15.0;B01
50146;201300033113;0;7;0;0.0;1.0;4.0;20.0;A01
50147;201300033114;0;10;0;1.0;2.0;1.0;1.0;A01
50148;201300033114;0;7;0;1.0;2.0;3.0;1.0;B01
50149;201300033115;0;30;0;0.0;2.0;1.0;1.0;B01
50150;201300033115;0;7;0;0.0;2.0;2.0;15.0;A01
50151;201300033116;0;7;0;0.0;2.0;7.0;1.0;B01
50152;201300033116;0;7;0;0.0;2.0;3.0;1.0;A01
50153;201300033117;0;33;0;0.0;2.0;1.0;1.0;B01
50154;201300033117;0;7;0;0.0;2.0;3.0;9.0;A01
50155;201300033118;0;15;0;0.0;2.0;8.0;1.0;A01
50156;201300033118;0;1;0;0.0;2.0;7.0;1.0;B01
50157;201300033119;0;1;0;0.0;1.0;1.0;1.0;A01
50158;201300033120;0;1;0;0.0;2.0;1.0;1.0;B01
50159;201300033120;0;7;0;0.0;2.0;8.0;22.0;A01
50160;201300033121;0;7;0;2.0;0.0;1.0;1.0;A01
50161;201300033122;0;40;0;0.0;2.0;2.0;1.0;B01
50162;201300033122;0;1;0;0.0;4.0;1.0;19.0;A01
50163;201300033123;0;30;0;15.0;0.0;1.0;1.0;A01
50164;201300033124;0;7;0;0.0;2.0;8.0;15.0;B01
50165;201300033124;0;10;0;0.0;2.0;2.0;17.0;A01
50166;201300033125;0;1;0;0.0;2.0;1.0;0.0;A01
50167;201300033125;0;1;0;0.0;2.0;1.0;0.0;B01
50168;201300033126;0;2;0;0.0;2.0;1.0;1.0;A01
50169;201300033126;0;7;0;0.0;2.0;7.0;0.0;B01
50170;201300033127;0;7;0;2.0;0.0;8.0;0.0;A01
50171;201300033129;0;1;0;0.0;1.0;1.0;1.0;A01
50172;201300033130;0;7;0;0.0;1.0;1.0;1.0;A01
50173;201300033131;0;1;0;0.0;2.0;1.0;1.0;A01
50174;201300033131;0;1;0;0.0;2.0;1.0;1.0;B01
50175;201300033132;0;7;0;0.0;2.0;8.0;10.0;A01
50176;201300033132;0;33;0;0.0;2.0;1.0;1.0;B01
50177;201300033133;0;7;0;0.0;2.0;1.0;1.0;A01
50178;201300033133;0;7;0;0.0;2.0;4.0;1.0;B01
50179;201300033134;0;1;0;0.0;2.0;8.0;19.0;A01
50180;201300033134;0;33;0;0.0;2.0;1.0;1.0;B01
50181;201300033135;0;30;0;0.0;0.0;1.0;1.0;A01
50182;201300033136;0;7;0;0.0;2.0;1.0;16.0;B01
50183;201300033136;2;7;0;0.0;2.0;1.0;15.0;A01
50184;201300033137;0;1;0;0.0;1.0;1.0;1.0;B01
50185;201300033138;0;7;0;0.0;1.0;4.0;20.0;A01
50186;201300033139;0;7;0;0.0;2.0;1.0;15.0;B01
50187;201300033139;0;7;0;1.0;2.0;3.0;1.0;A01
50188;201300033140;0;7;0;0.0;2.0;8.0;15.0;A01
50189;201300033140;0;30;0;0.0;2.0;1.0;12.0;B01
50190;201300033141;0;7;0;1.0;0.0;1.0;1.0;A01
50191;201300033142;0;7;0;0.0;2.0;1.0;1.0;B01
50192;201300033142;0;7;0;0.0;2.0;1.0;15.0;A01
50193;201300033143;0;7;0;0.0;2.0;1.0;1.0;A01
50194;201300033143;0;1;0;0.0;2.0;8.0;1.0;B01
50195;201300033144;0;1;0;0.0;4.0;3.0;19.0;A01
50196;201300033144;0;40;0;0.0;2.0;1.0;1.0;B01
50197;201300033145;0;2;0;0.0;2.0;1.0;1.0;A01
50198;201300033145;0;7;0;0.0;2.0;7.0;15.0;B01
50199;201300033146;0;33;0;11.0;0.0;1.0;1.0;A01
50200;201300033147;0;7;0;0.0;2.0;1.0;16.0;B01
50201;201300033147;0;1;0;0.0;2.0;1.0;1.0;A01
50202;201300033148;1;34;0;0.0;1.0;0.0;1.0;Z01
50203;201300033149;0;1;0;0.0;4.0;1.0;1.0;A01
50204;201300033149;1;40;0;0.0;2.0;8.0;1.0;B01
50205;201300033150;0;7;0;0.0;1.0;1.0;15.0;A01
50206;201300033151;0;7;0;0.0;0.0;0.0;15.0;A01
50207;201300033151;0;31;0;0.0;0.0;0.0;1.0;B01
50208;201300033153;0;1;0;0.0;2.0;1.0;15.0;A01
50209;201300033153;0;7;0;0.0;2.0;3.0;1.0;B01
50210;201300033154;0;1;0;0.0;1.0;1.0;1.0;A01
50211;201300033155;0;7;0;0.0;2.0;1.0;5.0;A01
50212;201300033155;0;7;0;0.0;2.0;1.0;1.0;B01
50213;201300033156;0;7;0;0.0;2.0;1.0;15.0;A01
50214;201300033156;0;7;0;0.0;2.0;3.0;1.0;B01
50215;201300033157;0;1;0;0.0;2.0;7.0;1.0;B01
50216;201300033157;0;7;0;0.0;2.0;0.0;15.0;A01
50217;201300033158;0;7;0;9.0;0.0;1.0;1.0;A01
50218;201300033159;0;7;0;2.0;0.0;1.0;1.0;A01
50219;201300033160;0;7;0;0.0;2.0;1.0;15.0;A01
50220;201300033160;0;31;0;0.0;2.0;5.0;1.0;B01
50221;201300033161;0;7;0;0.0;1.0;1.0;1.0;A01
50222;201300033162;0;10;0;0.0;2.0;1.0;1.0;A01
50223;201300033162;0;7;0;0.0;2.0;4.0;23.0;D01
50224;201300033162;0;10;0;0.0;2.0;4.0;1.0;B01
50225;201300033162;0;7;0;0.0;2.0;4.0;23.0;C01
50226;201300033163;0;1;0;0.0;2.0;8.0;1.0;B01
50227;201300033163;0;10;0;0.0;2.0;1.0;1.0;A01
50228;201300033164;0;7;0;0.0;2.0;1.0;15.0;B01
50229;201300033164;0;10;0;0.0;2.0;9.0;15.0;A01
50230;201300033165;0;13;0;0.0;1.0;2.0;1.0;A01
50231;201300033166;0;33;0;0.0;2.0;1.0;17.0;A01
50232;201300033166;0;10;0;0.0;2.0;3.0;15.0;B01
50233;201300033167;0;40;0;0.0;1.0;2.0;1.0;A01
50234;201300033168;0;7;0;0.0;2.0;1.0;1.0;A01
50235;201300033168;0;7;0;0.0;2.0;4.0;1.0;C01
50236;201300033168;0;7;0;0.0;2.0;4.0;1.0;B01
50237;201300033169;0;7;0;0.0;2.0;2.0;1.0;A01
50238;201300033169;0;1;0;0.0;2.0;7.0;19.0;B01
50239;201300033171;0;10;0;0.0;1.0;1.0;1.0;A01
50240;201300033172;0;7;0;0.0;2.0;0.0;15.0;B01
50241;201300033172;0;2;0;0.0;2.0;7.0;1.0;A01
50242;201300033173;0;7;0;0.0;2.0;2.0;10.0;A01
50243;201300033173;0;30;0;0.0;2.0;1.0;1.0;B01
50244;201300033174;0;7;0;0.0;2.0;1.0;1.0;A01
50245;201300033174;0;7;0;0.0;2.0;6.0;1.0;B01
50246;201300033175;0;7;0;0.0;0.0;1.0;15.0;B01
50247;201300033175;0;33;0;0.0;0.0;0.0;1.0;A01
50248;201300033176;0;7;0;0.0;2.0;3.0;1.0;A01
50249;201300033176;0;2;0;0.0;2.0;1.0;1.0;B01
50250;201300033177;0;1;0;0.0;1.0;1.0;1.0;A01
50251;201300033178;0;7;0;0.0;1.0;2.0;1.0;A01
50252;201300033179;0;7;0;0.0;1.0;2.0;1.0;A01
50253;201300033180;0;7;0;0.0;2.0;1.0;1.0;B01
50254;201300033180;0;7;0;0.0;2.0;7.0;16.0;A01
50255;201300033181;0;32;0;0.0;2.0;1.0;1.0;B01
50256;201300033181;0;7;0;0.0;2.0;7.0;15.0;A01
50257;201300033182;0;10;0;0.0;1.0;8.0;1.0;A01
50258;201300033183;0;40;0;0.0;1.0;1.0;1.0;A01
50259;201300033184;0;7;0;0.0;2.0;3.0;1.0;B01
50260;201300033184;0;33;0;0.0;2.0;3.0;1.0;A01
50261;201300033185;0;7;0;0.0;2.0;2.0;1.0;B01
50262;201300033185;0;1;0;0.0;2.0;6.0;11.0;A01
50263;201300033186;0;1;0;0.0;2.0;8.0;19.0;B01
50264;201300033186;0;7;0;0.0;2.0;1.0;1.0;A01
50265;201300033187;0;7;0;0.0;0.0;0.0;21.0;A01
50266;201300033188;0;40;0;0.0;1.0;2.0;1.0;A01
50267;201300033189;0;32;0;0.0;2.0;1.0;1.0;A01
50268;201300033189;0;7;0;0.0;2.0;2.0;24.0;B01
50269;201300033190;0;7;0;1.0;0.0;6.0;1.0;A01
50270;201300033191;1;30;0;0.0;2.0;0.0;1.0;B01
50271;201300033191;0;7;0;0.0;2.0;2.0;15.0;A01
50272;201300033192;0;40;0;0.0;1.0;2.0;1.0;A01
50273;201300033193;0;1;0;1.0;0.0;1.0;1.0;B01
50274;201300033193;0;7;0;0.0;2.0;8.0;22.0;A01
50275;201300033194;0;7;0;0.0;1.0;1.0;1.0;A01
50276;201300033195;0;7;0;0.0;2.0;2.0;16.0;A01
50277;201300033195;0;31;0;0.0;2.0;1.0;1.0;B01
50278;201300033196;0;1;0;0.0;2.0;7.0;19.0;B01
50279;201300033196;1;7;0;0.0;2.0;1.0;16.0;A01
50280;201300033197;0;7;0;0.0;2.0;4.0;2.0;B01
50281;201300033197;0;7;0;0.0;2.0;4.0;2.0;A01
50282;201300033198;0;7;0;1.0;2.0;9.0;1.0;B01
50283;201300033198;0;7;0;0.0;2.0;1.0;1.0;A01
50284;201300033199;0;1;0;0.0;2.0;1.0;19.0;B01
50285;201300033199;0;7;0;0.0;2.0;8.0;16.0;A01
50286;201300033200;0;7;0;0.0;2.0;3.0;15.0;A01
50287;201300033200;0;33;0;0.0;2.0;1.0;1.0;B01
50288;201300033201;0;7;0;0.0;2.0;8.0;9.0;A01
50289;201300033201;0;34;0;0.0;2.0;1.0;1.0;B01
50290;201300033202;0;7;0;0.0;1.0;4.0;4.0;A01
50291;201300033203;0;1;0;0.0;2.0;7.0;1.0;A01
50292;201300033203;0;33;0;0.0;2.0;1.0;1.0;B01
50293;201300033204;0;7;0;0.0;2.0;1.0;1.0;A01
50294;201300033204;0;1;0;0.0;2.0;8.0;19.0;B01
50295;201300033205;0;7;0;0.0;2.0;1.0;1.0;B01
50296;201300033205;0;7;0;0.0;2.0;3.0;1.0;A01
50297;201300033206;0;7;0;0.0;1.0;1.0;16.0;A01
50298;201300033207;0;7;0;0.0;0.0;9.0;1.0;A01
50299;201300033208;0;7;0;0.0;2.0;1.0;1.0;A01
50300;201300033208;0;1;0;0.0;2.0;7.0;1.0;B01
50301;201300033209;0;7;0;0.0;2.0;1.0;16.0;A01
50302;201300033209;0;33;0;0.0;2.0;5.0;1.0;B01
50303;201300033210;0;1;0;0.0;2.0;8.0;1.0;B01
50304;201300033210;0;7;0;0.0;2.0;1.0;15.0;A01
50305;201300033211;0;2;0;0.0;2.0;1.0;1.0;B01
50306;201300033211;0;7;0;0.0;2.0;2.0;15.0;A01
50307;201300033212;0;40;0;0.0;1.0;1.0;1.0;A01
50308;201300033213;0;7;0;0.0;2.0;3.0;15.0;A01
50309;201300033213;0;33;0;0.0;2.0;1.0;1.0;B01
50310;201300033214;0;7;0;0.0;1.0;3.0;15.0;A01
50311;201300033215;0;37;46;0.0;1.0;5.0;16.0;A01
50312;201300033216;0;7;0;2.0;0.0;1.0;1.0;A01
50313;201300033217;0;7;0;0.0;2.0;3.0;1.0;A01
50314;201300033217;0;32;0;0.0;2.0;2.0;15.0;B01
50315;201300033218;0;1;0;0.0;2.0;1.0;19.0;B01
50316;201300033218;0;10;0;0.0;2.0;7.0;1.0;A01
50317;201300033219;0;7;0;0.0;2.0;4.0;24.0;B01
50318;201300033219;0;1;0;0.0;2.0;1.0;1.0;A01
50319;201300033221;0;2;0;0.0;2.0;2.0;1.0;B01
50320;201300033221;0;7;0;0.0;2.0;1.0;15.0;A01
50321;201300033222;0;7;0;0.0;2.0;1.0;16.0;A01
50322;201300033222;0;1;0;0.0;2.0;8.0;1.0;B01
50323;201300033224;1;30;0;0.0;1.0;1.0;1.0;Z01
50324;201300033225;0;7;0;15.0;0.0;1.0;1.0;A01
50325;201300033226;0;7;0;0.0;2.0;1.0;1.0;A01
50326;201300033226;1;7;0;0.0;2.0;1.0;1.0;Z01
50327;201300033227;0;30;0;1.0;0.0;1.0;1.0;A01
50328;201300033228;0;7;0;0.0;1.0;2.0;1.0;A01
50329;201300033229;0;7;0;0.0;1.0;2.0;1.0;A01
50330;201300033230;0;7;0;0.0;2.0;1.0;2.0;A01