;Num_Acc;senc;catv;occutc;obs;obsm;choc;manv;num_veh
50331;201300033230;0;7;0;0.0;2.0;4.0;2.0;C01
50332;201300033230;0;7;0;0.0;2.0;6.0;2.0;B01
50333;201300033230;0;7;0;0.0;2.0;6.0;2.0;E01
50334;201300033230;0;7;0;0.0;2.0;0.0;2.0;D01
50335;201300033232;0;10;0;0.0;2.0;1.0;15.0;A01
50336;201300033232;0;30;0;0.0;2.0;1.0;1.0;B01
50337;201300033233;0;2;0;0.0;0.0;0.0;20.0;A01
50338;201300033234;0;3;0;0.0;1.0;1.0;1.0;A01
50339;201300033236;0;32;0;0.0;2.0;4.0;1.0;B01
50340;201300033236;0;7;0;0.0;2.0;1.0;1.0;A01
50341;201300033237;0;7;0;0.0;2.0;1.0;1.0;A01
50342;201300033237;0;7;0;0.0;2.0;4.0;1.0;B01
50343;201300033238;0;10;0;0.0;2.0;4.0;13.0;A01
50344;201300033238;0;32;0;0.0;2.0;1.0;1.0;B01
50345;201300033239;0;7;0;0.0;2.0;2.0;16.0;B01
50346;201300033239;0;1;0;0.0;2.0;1.0;1.0;A01
50347;201300033240;0;7;0;0.0;2.0;3.0;15.0;A01
50348;201300033240;0;7;0;0.0;2.0;8.0;1.0;C01
50349;201300033240;0;7;0;0.0;2.0;8.0;1.0;B01
50350;201300033241;0;30;0;0.0;2.0;8.0;1.0;A01
50351;201300033241;0;10;0;0.0;2.0;8.0;15.0;B01
50352;201300033242;0;7;0;0.0;1.0;1.0;1.0;A01
50353;201300033243;0;7;0;0.0;2.0;2.0;1.0;B01
50354;201300033243;0;99;0;0.0;2.0;1.0;1.0;A01
50355;201300033244;0;7;0;0.0;1.0;5.0;1.0;A01
50356;201300033245;0;33;0;0.0;2.0;2.0;1.0;B01
50357;201300033245;0;7;0;0.0;2.0;2.0;20.0;A01
50358;201300033246;0;7;0;0.0;1.0;1.0;1.0;A01
50359;201300033247;0;7;0;0.0;1.0;1.0;1.0;A01
50360;201300033248;0;7;0;0.0;1.0;1.0;9.0;A01
50361;201300033249;0;7;0;0.0;1.0;1.0;1.0;A01
50362;201300033250;0;7;0;0.0;2.0;3.0;1.0;B01
50363;201300033250;0;7;0;0.0;2.0;1.0;13.0;A01
50364;201300033251;0;7;0;0.0;1.0;3.0;16.0;A01
50365;201300033252;0;2;0;0.0;2.0;3.0;1.0;A01
50366;201300033252;0;7;0;0.0;2.0;1.0;15.0;B01
50367;201300033253;0;7;0;0.0;1.0;1.0;15.0;A01
50368;201300033254;0;7;0;0.0;2.0;1.0;1.0;B01
50369;201300033254;0;7;0;0.0;2.0;1.0;1.0;A01
50370;201300033255;0;1;0;0.0;2.0;3.0;15.0;B01
50371;201300033255;0;7;0;0.0;2.0;1.0;1.0;A01
50372;201300033256;0;33;0;1.0;2.0;9.0;9.0;A01
50373;201300033256;0;7;0;0.0;2.0;8.0;1.0;B01
50374;201300033257;0;7;0;0.0;2.0;3.0;11.0;A01
50375;201300033257;0;30;0;0.0;2.0;1.0;1.0;B01
50376;201300033258;0;1;0;0.0;2.0;1.0;1.0;B01
50377;201300033258;0;1;0;0.0;2.0;1.0;19.0;A01
50378;201300033259;0;7;0;0.0;2.0;1.0;1.0;A01
50379;201300033259;0;7;0;0.0;2.0;4.0;23.0;C01
50380;201300033259;0;30;0;0.0;2.0;4.0;23.0;B01
50381;201300033261;0;32;0;0.0;0.0;7.0;0.0;A01
50382;201300033262;0;7;0;0.0;2.0;2.0;15.0;A01
50383;201300033262;0;2;0;0.0;2.0;7.0;1.0;B01
50384;201300033263;0;7;0;0.0;2.0;7.0;15.0;A01
50385;201300033263;0;7;0;1.0;2.0;2.0;1.0;B01
50386;201300033264;0;7;0;0.0;2.0;3.0;15.0;A01
50387;201300033264;0;2;0;0.0;2.0;7.0;1.0;B01
50388;201300033265;1;15;0;0.0;1.0;0.0;1.0;A01
50389;201300033266;0;13;0;0.0;4.0;1.0;1.0;A01
50390;201300033266;0;40;0;0.0;2.0;3.0;1.0;B01
50391;201300033267;0;7;0;0.0;2.0;1.0;15.0;A01
50392;201300033267;0;30;0;0.0;2.0;1.0;1.0;B01
50393;201300033268;0;7;0;0.0;1.0;1.0;1.0;A01
50394;201300033269;0;7;0;0.0;2.0;3.0;15.0;A01
50395;201300033269;0;1;0;0.0;2.0;1.0;17.0;B01
50396;201300033269;0;7;0;0.0;2.0;4.0;23.0;C01
50397;201300033270;0;30;0;0.0;2.0;1.0;1.0;B01
50398;201300033270;0;7;0;0.0;2.0;3.0;15.0;A01
50399;201300033271;0;7;0;0.0;1.0;8.0;1.0;A01
50400;201300033271;0;7;0;0.0;2.0;1.0;15.0;B01
50401;201300033272;0;10;0;0.0;2.0;1.0;6.0;A01
50402;201300033272;0;7;0;0.0;2.0;1.0;1.0;B01
50403;201300033272;0;7;0;0.0;2.0;1.0;1.0;C01
50404;201300033273;0;7;0;0.0;1.0;1.0;15.0;A01
50405;201300033274;0;7;0;0.0;2.0;1.0;1.0;A01
50406;201300033274;0;10;0;0.0;2.0;8.0;17.0;B01
50407;201300033275;0;30;0;0.0;0.0;7.0;1.0;A01
50408;201300033276;0;7;0;0.0;2.0;8.0;1.0;A01
50409;201300033276;0;7;0;0.0;2.0;1.0;1.0;B01
50410;201300033277;0;1;0;0.0;1.0;1.0;1.0;A01
50411;201300033278;0;7;0;1.0;0.0;1.0;1.0;A01
50412;201300033279;0;40;0;0.0;2.0;1.0;1.0;B01
50413;201300033279;0;7;0;8.0;4.0;8.0;16.0;A01
50414;201300033280;0;7;0;0.0;1.0;1.0;1.0;A01
50415;201300033281;0;31;0;0.0;2.0;7.0;17.0;A01
50416;201300033281;0;7;0;0.0;2.0;8.0;1.0;B01
50417;201300033282;0;7;0;0.0;1.0;1.0;1.0;A01
50418;201300033283;0;30;0;0.0;2.0;1.0;1.0;A01
50419;201300033283;0;7;0;0.0;2.0;2.0;15.0;B01
50420;201300033284;0;7;0;0.0;2.0;1.0;1.0;A01
50421;201300033284;0;10;0;0.0;2.0;1.0;1.0;B01
50422;201300033285;0;1;0;0.0;2.0;8.0;5.0;A01
50423;201300033285;0;37;1;0.0;2.0;2.0;9.0;B01
50424;201300033286;0;7;0;0.0;2.0;3.0;9.0;A01
50425;201300033286;0;31;0;0.0;2.0;1.0;1.0;B01
50426;201300033287;0;7;0;0.0;2.0;1.0;1.0;A01
50427;201300033287;0;7;0;0.0;2.0;4.0;1.0;B01
50428;201300033288;0;7;0;0.0;2.0;1.0;1.0;B01
50429;201300033288;0;2;0;0.0;2.0;1.0;1.0;A01
50430;201300033289;0;7;0;0.0;2.0;1.0;1.0;A01
50431;201300033289;0;7;0;0.0;2.0;1.0;2.0;B01
50432;201300033289;0;7;0;0.0;2.0;4.0;2.0;C01
50433;201300033290;0;7;0;0.0;2.0;1.0;1.0;A01
50434;201300033290;0;1;0;0.0;2.0;4.0;0.0;B01
50435;201300033291;0;2;0;0.0;2.0;1.0;1.0;A01
50436;201300033291;0;7;0;0.0;2.0;8.0;15.0;B01
50437;201300033292;0;7;0;0.0;2.0;7.0;1.0;A01
50438;201300033292;0;1;0;0.0;2.0;4.0;11.0;A02
50439;201300033293;0;7;0;0.0;1.0;2.0;1.0;A01
50440;201300033294;0;7;0;0.0;1.0;1.0;15.0;A01
50441;201300033295;0;7;0;0.0;1.0;7.0;1.0;A01
50442;201300033296;2;7;0;0.0;2.0;2.0;1.0;A01
50443;201300033296;0;1;0;0.0;2.0;4.0;1.0;B01
50444;201300033297;0;2;0;0.0;2.0;1.0;17.0;B01
50445;201300033297;0;7;0;0.0;2.0;2.0;9.0;A01
50446;201300033298;0;7;0;2.0;0.0;1.0;1.0;A01
50447;201300033299;0;7;0;0.0;2.0;1.0;2.0;A01
50448;201300033299;0;7;0;0.0;2.0;6.0;1.0;B01
50449;201300033300;0;7;0;0.0;2.0;3.0;1.0;A01
50450;201300033300;0;7;0;2.0;2.0;4.0;1.0;B01
50451;201300033301;0;7;0;3.0;0.0;1.0;1.0;A01
50452;201300033303;0;7;0;0.0;2.0;3.0;9.0;A01
50453;201300033303;0;7;0;0.0;2.0;1.0;1.0;B01
50454;201300033304;1;99;0;0.0;2.0;1.0;17.0;A01
50455;201300033304;0;7;0;0.0;2.0;3.0;15.0;B01
50456;201300033305;0;7;0;0.0;2.0;2.0;5.0;A01
50457;201300033305;0;7;0;0.0;2.0;1.0;1.0;B01
50458;201300033306;0;7;0;0.0;2.0;1.0;1.0;A01
50459;201300033306;0;1;0;0.0;2.0;1.0;19.0;B01
50460;201300033307;1;7;0;0.0;1.0;1.0;1.0;Z01
50461;201300033308;0;2;0;0.0;2.0;1.0;15.0;A01
50462;201300033308;0;7;0;0.0;2.0;2.0;15.0;B01
50463;201300033309;0;7;0;0.0;1.0;1.0;1.0;A01
50464;201300033310;0;7;0;0.0;2.0;1.0;15.0;A01
50465;201300033310;0;2;0;0.0;2.0;1.0;1.0;B01
50466;201300033311;0;7;0;0.0;2.0;1.0;9.0;A01
50467;201300033311;0;7;0;0.0;2.0;6.0;1.0;B01
50468;201300033312;0;7;0;0.0;2.0;8.0;15.0;A01
50469;201300033312;0;33;0;0.0;2.0;1.0;17.0;B01
50470;201300033313;0;7;0;0.0;1.0;1.0;15.0;A01
50471;201300033314;0;7;0;1.0;0.0;1.0;20.0;A01
50472;201300033315;0;33;0;0.0;2.0;1.0;17.0;A01
50473;201300033315;0;7;0;0.0;2.0;2.0;15.0;B01
50474;201300033316;0;7;0;0.0;2.0;4.0;23.0;A01
50475;201300033316;0;7;0;0.0;2.0;1.0;2.0;B01
50476;201300033318;0;7;0;0.0;1.0;1.0;1.0;A01
50477;201300033319;0;7;0;0.0;2.0;1.0;2.0;A01
50478;201300033319;0;7;0;0.0;2.0;4.0;23.0;B01
50479;201300033319;0;3;0;0.0;2.0;4.0;23.0;C01
50480;201300033320;0;7;0;0.0;2.0;1.0;1.0;B01
50481;201300033320;0;7;0;0.0;2.0;2.0;1.0;A01
50482;201300033321;0;7;0;0.0;2.0;6.0;15.0;A01
50483;201300033321;0;33;0;0.0;2.0;1.0;1.0;A02
50484;201300033322;0;33;0;0.0;0.0;0.0;15.0;A01
50485;201300033322;0;37;1;0.0;0.0;0.0;9.0;B01
50486;201300033323;0;33;0;0.0;2.0;1.0;1.0;B01
50487;201300033323;1;7;0;0.0;2.0;4.0;11.0;Z01
50488;201300033324;0;7;0;0.0;2.0;8.0;1.0;A01
50489;201300033324;0;34;0;0.0;2.0;1.0;1.0;B01
50490;201300033325;0;7;0;0.0;2.0;3.0;1.0;A01
50491;201300033325;0;7;0;0.0;2.0;8.0;15.0;B01
50492;201300033326;0;7;0;0.0;2.0;1.0;15.0;A01
50493;201300033326;0;1;0;0.0;2.0;1.0;19.0;A02
50494;201300033327;0;7;0;0.0;1.0;1.0;1.0;A01
50495;201300033328;0;7;0;0.0;2.0;3.0;1.0;A01
50496;201300033328;0;7;0;0.0;2.0;2.0;1.0;B01
50497;201300033329;0;7;0;0.0;2.0;1.0;9.0;A01
50498;201300033329;0;1;0;0.0;2.0;1.0;0.0;B01
50499;201300033331;0;7;0;0.0;1.0;1.0;9.0;A01
50500;201300033332;0;7;0;0.0;2.0;2.0;16.0;A01
50501;201300033332;0;1;0;0.0;2.0;1.0;1.0;B01
50502;201300033333;0;1;0;0.0;2.0;1.0;9.0;B01
50503;201300033333;0;1;0;0.0;2.0;1.0;1.0;A01
50504;201300033334;1;7;0;0.0;1.0;4.0;4.0;A01
50505;201300033335;0;7;0;0.0;1.0;3.0;15.0;A01
50506;201300033336;0;7;0;0.0;2.0;3.0;22.0;A01
50507;201300033336;0;2;0;1.0;0.0;1.0;1.0;B01
50508;201300033337;0;7;0;0.0;2.0;1.0;1.0;B01
50509;201300033337;0;7;0;0.0;2.0;3.0;15.0;A01
50510;201300033338;0;7;0;0.0;1.0;2.0;1.0;A01
50511;201300033339;0;7;0;0.0;1.0;3.0;9.0;A01
50512;201300033340;0;7;0;0.0;2.0;1.0;9.0;A01
50513;201300033340;0;33;0;0.0;2.0;1.0;1.0;B01
50514;201300033342;0;2;0;0.0;2.0;7.0;1.0;A01
50515;201300033342;0;7;0;0.0;2.0;1.0;1.0;B01
50516;201300033343;1;14;0;0.0;2.0;2.0;16.0;A01
50517;201300033343;0;1;0;5.0;2.0;1.0;1.0;B01
50518;201300033344;0;7;0;0.0;2.0;1.0;9.0;A01
50519;201300033344;0;1;0;0.0;2.0;1.0;1.0;B01
50520;201300033345;0;7;0;0.0;1.0;1.0;6.0;A01
50521;201300033346;1;7;0;0.0;1.0;4.0;4.0;Z01
50522;201300033347;0;7;0;0.0;1.0;3.0;1.0;A01
50523;201300033348;0;7;0;0.0;2.0;1.0;5.0;A01
50524;201300033348;0;7;0;0.0;2.0;1.0;1.0;B01
50525;201300033348;0;7;0;0.0;2.0;8.0;1.0;C01
50526;201300033349;0;30;0;12.0;0.0;7.0;1.0;A01
50527;201300033350;0;7;0;0.0;1.0;1.0;1.0;A01
50528;201300033351;0;10;0;1.0;0.0;2.0;1.0;A01
50529;201300033352;0;7;0;0.0;2.0;1.0;1.0;A01
50530;201300033352;0;7;0;0.0;2.0;3.0;1.0;B01
50531;201300033353;0;1;0;0.0;1.0;1.0;0.0;A01
50532;201300033354;0;40;1;0.0;1.0;2.0;1.0;A01
50533;201300033355;0;7;0;0.0;1.0;3.0;9.0;A01
50534;201300033356;0;7;0;0.0;1.0;2.0;2.0;A01
50535;201300033357;0;1;0;0.0;1.0;1.0;0.0;A01
50536;201300033358;0;7;0;0.0;1.0;5.0;4.0;A01
50537;201300033359;0;7;0;0.0;1.0;3.0;1.0;A01
50538;201300033362;0;33;0;1.0;0.0;1.0;0.0;A01
50539;201300033362;0;7;0;0.0;2.0;6.0;0.0;B01
50540;201300033363;0;7;0;0.0;1.0;1.0;0.0;A01
50541;201300033364;0;7;0;0.0;1.0;2.0;1.0;A01
50542;201300033365;0;7;0;0.0;1.0;1.0;1.0;A01
50543;201300033366;0;10;0;0.0;1.0;3.0;15.0;A01
50544;201300033367;0;7;0;0.0;1.0;4.0;0.0;A01
50545;201300033368;0;10;0;0.0;2.0;2.0;0.0;A01
50546;201300033368;0;31;0;0.0;2.0;8.0;0.0;B01
50547;201300033369;0;7;0;0.0;1.0;3.0;1.0;A01
50548;201300033370;0;7;0;0.0;2.0;3.0;1.0;A01
50549;201300033370;0;1;0;0.0;2.0;8.0;0.0;B01
50550;201300033372;0;13;0;0.0;1.0;2.0;1.0;A01
50551;201300033373;0;7;0;0.0;2.0;8.0;0.0;B01
50552;201300033373;0;7;0;0.0;2.0;3.0;0.0;A01
50553;201300033374;0;7;0;0.0;1.0;1.0;0.0;A01
50554;201300033375;0;7;0;0.0;2.0;2.0;14.0;A01
50555;201300033375;0;1;0;0.0;2.0;2.0;0.0;B01
50556;201300033376;0;7;0;0.0;1.0;2.0;1.0;A01
50557;201300033378;0;7;0;0.0;2.0;5.0;1.0;B01
50558;201300033378;0;7;0;0.0;2.0;5.0;1.0;C01
50559;201300033378;0;7;0;1.0;2.0;1.0;1.0;A01
50560;201300033379;0;7;0;0.0;2.0;1.0;11.0;A01
50561;201300033379;0;7;0;0.0;2.0;1.0;1.0;B01
50562;201300033380;0;7;0;0.0;2.0;7.0;0.0;A01
50563;201300033380;0;1;0;0.0;2.0;1.0;0.0;B01
50564;201300033381;0;7;0;0.0;1.0;1.0;2.0;A01
50565;201300033382;0;7;0;0.0;1.0;1.0;1.0;A01
50566;201300033383;0;10;0;0.0;1.0;2.0;1.0;A01
50567;201300033384;0;10;0;0.0;1.0;2.0;2.0;A01
50568;201300033385;0;1;0;0.0;2.0;1.0;2.0;B01
50569;201300033385;0;7;0;0.0;2.0;1.0;15.0;A01
50570;201300033386;0;7;0;0.0;1.0;2.0;2.0;A01
50571;201300033387;0;30;0;0.0;1.0;1.0;1.0;A01
50572;201300033388;0;7;0;0.0;2.0;3.0;2.0;A01
50573;201300033388;0;7;0;0.0;0.0;5.0;2.0;B01
50574;201300033389;0;7;0;0.0;2.0;0.0;1.0;A01
50575;201300033389;0;33;0;0.0;2.0;0.0;1.0;B01
50576;201300033390;0;7;0;0.0;1.0;3.0;9.0;A01
50577;201300033391;0;7;0;6.0;0.0;1.0;17.0;A01
50578;201300033391;0;7;0;0.0;0.0;0.0;11.0;B01
50579;201300033392;0;7;0;0.0;2.0;2.0;15.0;A01
50580;201300033392;0;30;0;0.0;2.0;1.0;1.0;B01
50581;201300033393;0;7;0;0.0;2.0;1.0;2.0;A01
50582;201300033393;0;7;0;14.0;0.0;4.0;0.0;B01
50583;201300033394;0;10;0;0.0;2.0;1.0;2.0;A01
50584;201300033394;0;7;0;0.0;0.0;4.0;2.0;B01
50585;201300033395;0;7;0;0.0;1.0;3.0;12.0;A01
50586;201300033395;0;7;0;0.0;1.0;0.0;23.0;T01
50587;201300033396;0;7;0;0.0;2.0;7.0;1.0;A01
50588;201300033396;1;7;0;0.0;2.0;1.0;1.0;B01
50589;201300033396;2;10;0;1.0;0.0;0.0;0.0;C01
50590;201300033396;2;7;0;1.0;0.0;0.0;1.0;D01
50591;201300033398;0;7;0;0.0;2.0;1.0;11.0;A01
50592;201300033398;0;2;0;0.0;2.0;1.0;1.0;B01
50593;201300033399;0;33;0;0.0;2.0;3.0;15.0;A01
50594;201300033399;0;7;0;0.0;2.0;2.0;15.0;B01
50595;201300033400;0;7;0;0.0;2.0;3.0;1.0;A01
50596;201300033400;0;30;0;0.0;2.0;7.0;2.0;B01
50597;201300033401;0;1;0;0.0;2.0;0.0;16.0;B01
50598;201300033401;1;7;0;0.0;9.0;0.0;0.0;Y01
50599;201300033402;0;7;0;0.0;2.0;2.0;0.0;A01
50600;201300033402;0;1;0;0.0;2.0;7.0;0.0;B01
50601;201300033403;0;7;0;0.0;1.0;2.0;2.0;A01
50602;201300033404;0;7;0;0.0;2.0;2.0;10.0;A01
50603;201300033404;0;7;0;1.0;0.0;3.0;21.0;B01
50604;201300033405;0;7;0;0.0;1.0;1.0;1.0;A01
50605;201300033406;0;7;0;0.0;1.0;1.0;1.0;A01
50606;201300033407;0;7;0;5.0;0.0;3.0;0.0;A01
50607;201300033407;0;7;0;1.0;2.0;4.0;21.0;B01
50608;201300033407;0;7;0;1.0;2.0;1.0;14.0;C01
50609;201300033409;0;30;0;0.0;2.0;8.0;2.0;A01
50610;201300033409;0;10;0;0.0;2.0;7.0;15.0;B01
50611;201300033410;0;7;0;0.0;1.0;2.0;2.0;A01
50612;201300033411;0;7;0;0.0;9.0;1.0;0.0;A01
50613;201300033411;0;1;0;0.0;2.0;7.0;0.0;B01
50614;201300033412;0;7;0;0.0;1.0;1.0;19.0;A01
50615;201300033413;0;7;0;0.0;1.0;3.0;15.0;A01
50616;201300033414;0;7;0;0.0;1.0;1.0;0.0;A01
50617;201300033415;0;7;0;0.0;1.0;1.0;1.0;A01
50618;201300033416;0;7;0;0.0;1.0;1.0;1.0;A01
50619;201300033417;0;1;0;0.0;2.0;7.0;1.0;B01
50620;201300033417;0;7;0;0.0;9.0;1.0;9.0;A01
50621;201300033418;0;7;0;0.0;2.0;2.0;21.0;B01
50622;201300033418;0;7;0;1.0;2.0;3.0;21.0;C01
50623;201300033418;0;7;0;0.0;2.0;6.0;9.0;A01
50624;201300033419;1;14;0;0.0;2.0;7.0;1.0;A01
50625;201300033419;0;2;0;0.0;2.0;8.0;1.0;B01
50626;201300033421;0;7;0;0.0;2.0;1.0;2.0;A01
50627;201300033421;0;7;0;0.0;0.0;4.0;2.0;B01
50628;201300033422;0;7;0;0.0;1.0;4.0;2.0;A01
50629;201300033423;0;1;0;0.0;2.0;3.0;1.0;B01
50630;201300033423;0;7;0;0.0;9.0;1.0;1.0;A01
50631;201300033424;0;7;0;0.0;1.0;3.0;1.0;A01
50632;201300033425;0;1;0;0.0;2.0;1.0;1.0;B01
50633;201300033425;0;7;0;0.0;2.0;1.0;15.0;A01
50634;201300033426;0;7;0;0.0;1.0;1.0;1.0;A01
50635;201300033428;0;7;0;0.0;2.0;3.0;1.0;A01
50636;201300033428;0;1;0;0.0;2.0;1.0;1.0;B01
50637;201300033429;0;7;0;0.0;2.0;2.0;2.0;A01
50638;201300033429;0;7;0;0.0;2.0;5.0;2.0;B01
50639;201300033429;0;7;0;0.0;2.0;4.0;2.0;C01
50640;201300033430;0;7;0;0.0;2.0;3.0;9.0;A01
50641;201300033430;0;7;0;0.0;2.0;1.0;1.0;B01
50642;201300033431;0;7;0;0.0;1.0;2.0;2.0;A01
50643;201300033432;0;7;0;0.0;1.0;1.0;1.0;A01
50644;201300033433;0;7;0;0.0;2.0;1.0;15.0;A01
50645;201300033433;0;1;0;0.0;2.0;1.0;15.0;B01
50646;201300033434;0;33;0;0.0;2.0;1.0;1.0;A01
50647;201300033434;0;7;0;0.0;0.0;3.0;15.0;B01
50648;201300033435;0;7;0;0.0;2.0;2.0;15.0;A01
50649;201300033435;0;1;0;0.0;2.0;1.0;1.0;B01
50650;201300033436;0;7;0;0.0;1.0;7.0;21.0;A01
50651;201300033438;0;7;0;0.0;2.0;7.0;15.0;A01
50652;201300033438;0;30;0;0.0;2.0;1.0;1.0;B01
50653;201300033439;0;7;0;0.0;0.0;4.0;1.0;A01
50654;201300033439;0;7;0;0.0;2.0;1.0;2.0;B01
50655;201300033439;0;7;0;1.0;0.0;4.0;2.0;C01
50656;201300033439;0;7;0;0.0;2.0;1.0;2.0;D01
50657;201300033440;0;17;0;1.0;0.0;2.0;2.0;A01
50658;201300033440;0;10;0;0.0;0.0;6.0;0.0;B01
50659;201300033442;0;7;0;0.0;2.0;7.0;15.0;A01
50660;201300033442;0;33;0;0.0;2.0;1.0;2.0;B01
50661;201300033443;0;7;0;0.0;1.0;2.0;1.0;A01
50662;201300033444;0;7;0;0.0;1.0;1.0;1.0;A01
50663;201300033445;0;7;0;0.0;2.0;1.0;1.0;B01
50664;201300033445;0;7;0;0.0;2.0;2.0;1.0;A01
50665;201300033446;0;7;0;7.0;2.0;0.0;1.0;A01
50666;201300033446;0;7;0;0.0;2.0;4.0;23.0;B01
50667;201300033447;0;7;0;0.0;1.0;3.0;16.0;A01
50668;201300033448;0;10;0;0.0;1.0;2.0;1.0;A01
50669;201300033449;0;1;0;0.0;2.0;1.0;1.0;B01
50670;201300033449;0;7;0;0.0;2.0;8.0;9.0;A01
50671;201300033452;0;7;0;8.0;0.0;6.0;13.0;A01
50672;201300033453;0;7;0;0.0;2.0;1.0;1.0;A01
50673;201300033453;0;7;0;0.0;2.0;7.0;1.0;B01
50674;201300033454;0;30;0;2.0;0.0;3.0;1.0;A01
50675;201300033455;0;32;0;0.0;1.0;3.0;1.0;A01
50676;201300033456;0;33;0;0.0;2.0;8.0;1.0;B01
50677;201300033456;0;7;0;0.0;2.0;2.0;1.0;A01
50678;201300033457;0;10;0;0.0;1.0;1.0;16.0;A01
50679;201300033458;0;7;0;0.0;2.0;4.0;23.0;B01
50680;201300033458;0;7;0;0.0;0.0;1.0;2.0;A01
50681;201300033458;1;7;0;0.0;0.0;4.0;23.0;Z01
50682;201300033459;0;7;0;0.0;2.0;2.0;15.0;B01
50683;201300033459;0;7;0;0.0;2.0;8.0;15.0;A01
50684;201300033460;0;7;0;0.0;2.0;1.0;1.0;A01
50685;201300033460;0;33;0;0.0;2.0;8.0;1.0;B01
50686;201300033461;0;7;0;0.0;1.0;1.0;1.0;A01
50687;201300033462;0;7;0;0.0;2.0;8.0;1.0;A01
50688;201300033462;0;7;0;0.0;2.0;1.0;1.0;B01
50689;201300033463;2;7;0;0.0;2.0;3.0;15.0;B01
50690;201300033463;0;7;0;0.0;2.0;3.0;1.0;C01
50691;201300033463;0;33;0;0.0;2.0;1.0;1.0;A01
50692;201300033464;0;7;0;0.0;2.0;7.0;15.0;A01
50693;201300033464;0;32;0;0.0;2.0;8.0;15.0;B01
50694;201300033465;0;7;0;0.0;2.0;4.0;2.0;C01
50695;201300033465;0;7;0;0.0;2.0;4.0;2.0;B01
50696;201300033465;0;7;0;0.0;2.0;1.0;1.0;A01
50697;201300033466;0;7;0;0.0;1.0;2.0;15.0;A01
50698;201300033468;2;7;0;0.0;2.0;0.0;12.0;Z01
50699;201300033468;0;7;0;0.0;2.0;3.0;1.0;A01
50700;201300033470;0;30;0;0.0;5.0;1.0;1.0;A01
50701;201300033471;0;7;0;0.0;2.0;1.0;1.0;B01
50702;201300033471;0;10;0;0.0;2.0;1.0;5.0;A01
50703;201300033472;0;7;0;0.0;2.0;7.0;15.0;A01
50704;201300033472;0;33;0;0.0;2.0;1.0;1.0;B01
50705;201300033473;0;7;0;0.0;2.0;3.0;15.0;B01
50706;201300033473;0;7;0;0.0;2.0;1.0;1.0;A01
50707;201300033474;0;7;0;0.0;1.0;2.0;1.0;A01
50708;201300033475;0;7;0;0.0;2.0;1.0;2.0;A01
50709;201300033475;0;7;0;0.0;2.0;1.0;2.0;B01
50710;201300033475;0;7;0;0.0;2.0;4.0;2.0;C01
50711;201300033476;0;7;0;0.0;2.0;3.0;2.0;A01
50712;201300033476;1;7;0;0.0;0.0;0.0;0.0;Z01
50713;201300033477;0;7;0;0.0;2.0;3.0;15.0;A01
50714;201300033477;0;7;0;0.0;2.0;2.0;1.0;B01
50715;201300033478;0;7;0;0.0;2.0;2.0;1.0;A01
50716;201300033478;0;7;0;0.0;2.0;1.0;1.0;B01
50717;201300033479;0;7;0;0.0;2.0;5.0;15.0;A01
50718;201300033479;0;33;0;0.0;2.0;1.0;1.0;B01
50719;201300033479;0;7;0;0.0;2.0;2.0;1.0;C01
50720;201300033482;0;7;0;2.0;0.0;1.0;1.0;A01
50721;201300033482;1;7;0;0.0;2.0;0.0;0.0;B01
50722;201300033483;0;7;0;0.0;2.0;3.0;9.0;A01
50723;201300033483;0;1;0;0.0;2.0;5.0;1.0;B01
50724;201300033484;0;7;0;0.0;2.0;1.0;2.0;A01
50725;201300033484;0;7;0;0.0;2.0;1.0;2.0;B01
50726;201300033484;0;7;0;0.0;2.0;1.0;2.0;C01
50727;201300033484;0;7;0;0.0;2.0;4.0;2.0;D01
50728;201300033486;0;7;0;8.0;0.0;7.0;1.0;A01
50729;201300033487;0;10;0;0.0;1.0;2.0;1.0;A01
50730;201300033488;0;10;0;0.0;2.0;4.0;23.0;C01
50731;201300033488;0;7;0;0.0;2.0;1.0;2.0;A01
50732;201300033488;0;7;0;0.0;2.0;4.0;23.0;B01
50733;201300033489;0;7;0;0.0;1.0;2.0;15.0;A01
50734;201300033490;0;2;0;0.0;2.0;1.0;2.0;A01
50735;201300033490;0;10;0;0.0;2.0;4.0;2.0;B01
50736;201300033491;0;1;0;0.0;2.0;7.0;1.0;B01
50737;201300033491;0;7;0;0.0;2.0;1.0;9.0;A01
50738;201300033492;0;7;0;0.0;2.0;4.0;2.0;B01
50739;201300033492;0;7;0;0.0;2.0;1.0;2.0;A01
50740;201300033493;0;10;0;0.0;2.0;4.0;2.0;B01
50741;201300033493;0;7;0;0.0;2.0;4.0;15.0;C01
50742;201300033493;0;7;0;0.0;2.0;1.0;1.0;A01
50743;201300033494;0;1;0;0.0;2.0;7.0;1.0;B01
50744;201300033494;0;7;0;0.0;2.0;3.0;9.0;A01
50745;201300033495;0;1;0;0.0;1.0;0.0;0.0;A01
50746;201300033496;0;7;0;0.0;2.0;2.0;10.0;A01
50747;201300033496;0;31;0;1.0;2.0;3.0;1.0;B01
50748;201300033497;0;33;0;0.0;2.0;7.0;3.0;A01
50749;201300033497;0;7;0;0.0;2.0;1.0;9.0;B01
50750;201300033498;0;33;0;12.0;0.0;1.0;1.0;A01
50751;201300033498;0;33;0;12.0;0.0;4.0;1.0;B01
50752;201300033499;0;7;0;0.0;2.0;2.0;1.0;A01