;Num_Acc;senc;catv;occutc;obs;obsm;choc;manv;num_veh
50753;201300033499;0;33;0;0.0;2.0;3.0;9.0;B01
50754;201300033500;0;7;0;0.0;2.0;8.0;1.0;A01
50755;201300033500;0;2;0;0.0;2.0;1.0;1.0;B01
50756;201300033501;0;7;0;0.0;1.0;7.0;1.0;A01
50757;201300033502;0;7;0;0.0;2.0;1.0;1.0;A01
50758;201300033502;0;10;0;0.0;2.0;4.0;1.0;B01
50759;201300033502;0;7;0;0.0;2.0;4.0;1.0;C01
50760;201300033503;0;37;1;0.0;2.0;4.0;23.0;A01
50761;201300033503;0;7;0;14.0;2.0;4.0;2.0;B01
50762;201300033503;1;7;0;0.0;2.0;1.0;2.0;Z01
50763;201300033504;0;2;0;14.0;0.0;1.0;13.0;A01
50764;201300033505;0;33;0;0.0;2.0;1.0;2.0;A01
50765;201300033505;0;7;0;0.0;2.0;3.0;15.0;B01
50766;201300033506;0;7;0;8.0;0.0;1.0;15.0;A01
50767;201300033507;0;32;0;0.0;2.0;2.0;8.0;A01
50768;201300033507;0;7;0;0.0;2.0;7.0;15.0;B01
50769;201300033508;0;7;0;0.0;2.0;1.0;1.0;B01
50770;201300033508;0;1;0;0.0;2.0;1.0;5.0;A01
50771;201300033509;0;7;0;12.0;0.0;2.0;1.0;A01
50772;201300033510;0;7;0;0.0;2.0;1.0;2.0;A01
50773;201300033510;0;10;0;0.0;0.0;4.0;2.0;B01
50774;201300033511;0;7;0;6.0;0.0;9.0;15.0;A01
50775;201300033512;0;7;0;0.0;0.0;9.0;1.0;A01
50776;201300033513;0;7;0;0.0;2.0;3.0;1.0;B01
50777;201300033513;0;7;0;0.0;2.0;2.0;9.0;A01
50778;201300033514;0;7;0;1.0;0.0;8.0;2.0;A01
50779;201300033515;0;7;0;0.0;2.0;1.0;2.0;A01
50780;201300033515;0;7;0;0.0;2.0;4.0;2.0;B01
50781;201300033516;0;33;0;14.0;0.0;8.0;1.0;A01
50782;201300033517;0;7;0;0.0;1.0;1.0;2.0;A01
50783;201300033518;0;7;0;4.0;0.0;2.0;1.0;A01
50784;201300033520;0;30;0;0.0;2.0;4.0;1.0;B01
50785;201300033520;1;7;0;0.0;2.0;0.0;0.0;Z01
50786;201300033521;0;7;0;3.0;0.0;3.0;1.0;A01
50787;201300033522;0;7;0;0.0;2.0;1.0;2.0;A01
50788;201300033522;0;7;0;0.0;2.0;4.0;23.0;B01
50789;201300033523;0;7;0;0.0;2.0;2.0;16.0;B01
50790;201300033523;0;30;0;0.0;2.0;0.0;0.0;A01
50791;201300033524;0;33;0;0.0;2.0;1.0;1.0;B01
50792;201300033524;0;7;0;0.0;2.0;3.0;15.0;A01
50793;201300033525;0;7;0;0.0;1.0;2.0;1.0;A01
50794;201300033526;0;1;0;0.0;2.0;8.0;9.0;B01
50795;201300033526;0;7;0;0.0;2.0;7.0;1.0;A01
50796;201300033527;0;7;0;0.0;1.0;1.0;0.0;A01
50797;201300033528;0;7;0;0.0;2.0;2.0;1.0;A01
50798;201300033528;0;33;0;0.0;2.0;4.0;1.0;B01
50799;201300033529;0;31;0;0.0;2.0;1.0;17.0;A01
50800;201300033529;0;7;0;0.0;2.0;8.0;15.0;B01
50801;201300033531;0;7;0;0.0;1.0;1.0;1.0;A01
50802;201300033532;0;7;0;0.0;2.0;4.0;2.0;B01
50803;201300033532;0;7;0;0.0;2.0;4.0;2.0;C01
50804;201300033532;0;7;0;0.0;2.0;1.0;2.0;A01
50805;201300033533;0;7;0;0.0;2.0;4.0;1.0;B01
50806;201300033533;0;7;0;0.0;2.0;1.0;2.0;A01
50807;201300033534;0;7;0;7.0;0.0;1.0;1.0;A01
50808;201300033535;0;10;0;0.0;2.0;4.0;0.0;A01
50809;201300033535;0;7;0;0.0;2.0;4.0;23.0;B01
50810;201300033536;0;7;0;0.0;2.0;4.0;2.0;B01
50811;201300033536;0;10;0;0.0;2.0;1.0;2.0;A01
50812;201300033537;0;7;0;0.0;0.0;9.0;1.0;A01
50813;201300033538;0;33;0;0.0;2.0;8.0;1.0;B01
50814;201300033538;0;1;0;0.0;2.0;7.0;12.0;A01
50815;201300033539;0;7;0;0.0;2.0;6.0;15.0;A01
50816;201300033539;0;32;0;0.0;2.0;7.0;12.0;B01
50817;201300033540;0;7;0;11.0;1.0;2.0;15.0;A01
50818;201300033541;0;17;0;0.0;2.0;1.0;1.0;B01
50819;201300033541;0;15;0;0.0;2.0;1.0;1.0;A01
50820;201300033542;0;7;0;0.0;2.0;4.0;2.0;B01
50821;201300033542;0;7;0;0.0;2.0;3.0;2.0;A01
50822;201300033543;0;7;0;0.0;1.0;7.0;1.0;A01
50823;201300033544;0;7;0;0.0;1.0;1.0;1.0;A01
50824;201300033545;0;7;0;0.0;1.0;1.0;1.0;A01
50825;201300033546;0;7;0;0.0;1.0;4.0;4.0;A01
50826;201300033547;0;7;0;0.0;2.0;1.0;1.0;A01
50827;201300033547;0;1;0;0.0;2.0;0.0;21.0;B01
50828;201300033548;0;7;0;0.0;2.0;3.0;1.0;A01
50829;201300033548;0;7;0;0.0;2.0;3.0;2.0;C01
50830;201300033548;0;7;0;0.0;2.0;3.0;15.0;B01
50831;201300033549;0;7;0;0.0;1.0;8.0;1.0;A01
50832;201300033550;0;7;0;0.0;2.0;7.0;1.0;B01
50833;201300033550;0;33;0;0.0;2.0;1.0;16.0;A01
50834;201300033552;0;7;0;0.0;2.0;3.0;1.0;A01
50835;201300033552;0;7;0;0.0;2.0;3.0;1.0;B01
50836;201300033553;0;7;0;0.0;2.0;8.0;11.0;B01
50837;201300033553;0;13;0;0.0;2.0;1.0;1.0;A01
50838;201300033554;0;99;0;0.0;2.0;2.0;1.0;A01
50839;201300033554;0;7;0;0.0;2.0;1.0;1.0;B01
50840;201300033555;0;33;0;0.0;2.0;8.0;1.0;B01
50841;201300033555;0;7;0;0.0;2.0;8.0;9.0;A01
50842;201300033556;0;7;0;0.0;2.0;8.0;0.0;B01
50843;201300033556;1;7;0;0.0;2.0;3.0;0.0;A01
50844;201300033557;0;7;0;6.0;0.0;1.0;1.0;A01
50845;201300033558;1;7;0;0.0;1.0;0.0;0.0;A01
50846;201300033559;0;7;0;0.0;2.0;3.0;20.0;A01
50847;201300033559;0;1;0;0.0;0.0;0.0;0.0;B01
50848;201300033560;0;2;0;0.0;0.0;0.0;1.0;A01
50849;201300033561;0;7;0;0.0;2.0;1.0;2.0;A01
50850;201300033561;0;10;0;0.0;2.0;4.0;2.0;B01
50851;201300033562;0;1;0;8.0;0.0;7.0;0.0;B01
50852;201300033562;0;7;0;0.0;0.0;1.0;0.0;A01
50853;201300033564;0;7;0;0.0;2.0;7.0;1.0;B01
50854;201300033564;0;7;0;0.0;0.0;1.0;21.0;A01
50855;201300033565;1;7;0;0.0;0.0;1.0;16.0;Z01
50856;201300033565;0;7;0;0.0;0.0;5.0;1.0;A01
50857;201300033566;0;7;0;0.0;2.0;9.0;2.0;B01
50858;201300033566;0;7;0;0.0;2.0;1.0;1.0;A01
50859;201300033567;0;7;0;0.0;0.0;1.0;1.0;A01
50860;201300033568;0;7;0;0.0;0.0;1.0;1.0;A01
50861;201300033569;0;7;0;0.0;0.0;9.0;1.0;A01
50862;201300033570;0;7;0;3.0;0.0;1.0;1.0;A01
50863;201300033572;0;21;0;0.0;9.0;0.0;14.0;B01
50864;201300033572;0;1;0;0.0;2.0;0.0;1.0;A01
50865;201300033573;0;7;0;0.0;2.0;2.0;15.0;A01
50866;201300033573;0;7;0;0.0;2.0;1.0;1.0;B01
50867;201300033574;0;30;0;15.0;0.0;1.0;5.0;A01
50868;201300033575;0;7;0;0.0;0.0;2.0;2.0;A01
50869;201300033576;0;7;0;0.0;0.0;0.0;2.0;B01
50870;201300033576;0;1;0;0.0;2.0;1.0;2.0;A01
50871;201300033577;0;7;0;7.0;0.0;1.0;1.0;A01
50872;201300033578;0;32;0;0.0;5.0;1.0;1.0;B01
50873;201300033578;0;7;0;0.0;5.0;5.0;1.0;A01
50874;201300033579;0;7;0;12.0;0.0;2.0;14.0;A01
50875;201300033579;0;7;0;0.0;2.0;1.0;1.0;B01
50876;201300033580;0;33;0;0.0;2.0;1.0;3.0;A01
50877;201300033580;0;7;0;0.0;2.0;3.0;9.0;B01
50878;201300033581;0;33;0;7.0;0.0;0.0;0.0;A01
50879;201300033582;0;7;0;1.0;1.0;3.0;2.0;A01
50880;201300033583;0;7;0;0.0;0.0;5.0;16.0;A01
50881;201300033583;0;1;0;0.0;0.0;2.0;1.0;B01
50882;201300033584;0;14;0;12.0;0.0;7.0;15.0;A01
50883;201300033585;0;7;0;8.0;0.0;1.0;0.0;A01
50884;201300033586;0;7;0;0.0;2.0;3.0;0.0;B01
50885;201300033586;0;30;0;0.0;2.0;1.0;1.0;A01
50886;201300033587;0;7;0;1.0;0.0;3.0;15.0;A01
50887;201300033588;0;7;0;9.0;2.0;1.0;1.0;B01
50888;201300033588;0;7;0;9.0;2.0;5.0;23.0;A01
50889;201300033589;0;7;0;0.0;1.0;1.0;1.0;A01
50890;201300033590;0;7;0;0.0;2.0;2.0;19.0;A01
50891;201300033590;0;7;0;0.0;2.0;2.0;21.0;B01
50892;201300033591;0;2;0;0.0;2.0;0.0;2.0;B01
50893;201300033591;0;7;0;0.0;2.0;3.0;15.0;A01
50894;201300033592;0;2;0;0.0;1.0;1.0;1.0;A01
50895;201300033593;0;7;0;0.0;2.0;3.0;15.0;A01
50896;201300033593;0;1;0;0.0;2.0;1.0;1.0;B01
50897;201300033594;0;7;0;0.0;1.0;8.0;15.0;A01
50898;201300033595;0;7;0;0.0;1.0;3.0;16.0;A01
50899;201300033596;0;7;0;1.0;0.0;1.0;1.0;A01
50900;201300033597;0;31;0;0.0;2.0;1.0;1.0;B01
50901;201300033597;1;7;0;0.0;2.0;1.0;15.0;Z01
50902;201300033598;0;33;0;0.0;2.0;1.0;1.0;B01
50903;201300033598;0;7;0;0.0;2.0;2.0;15.0;A01
50904;201300033599;0;7;0;0.0;1.0;4.0;20.0;A01
50905;201300033600;0;33;0;0.0;2.0;3.0;18.0;B01
50906;201300033600;0;7;0;0.0;2.0;2.0;16.0;A01
50907;201300033601;0;7;0;0.0;0.0;0.0;14.0;A01
50908;201300033601;0;33;0;14.0;0.0;7.0;21.0;B01
50909;201300033603;0;1;0;0.0;2.0;1.0;2.0;A01
50910;201300033603;0;7;0;0.0;2.0;4.0;23.0;B01
50911;201300033604;0;10;0;0.0;2.0;1.0;1.0;B01
50912;201300033604;0;7;0;0.0;2.0;1.0;0.0;A01
50913;201300033605;0;7;0;0.0;2.0;4.0;23.0;B01
50914;201300033605;0;30;0;0.0;2.0;1.0;2.0;A01
50915;201300033606;0;99;0;0.0;2.0;1.0;2.0;A01
50916;201300033606;0;7;0;0.0;2.0;4.0;23.0;B01
50917;201300033608;0;7;0;0.0;2.0;3.0;1.0;B01
50918;201300033608;0;7;0;0.0;2.0;1.0;13.0;A01
50919;201300033609;0;7;0;0.0;1.0;2.0;1.0;A01
50920;201300033610;0;7;0;4.0;2.0;2.0;13.0;A01
50921;201300033610;0;10;0;0.0;2.0;7.0;1.0;B01
50922;201300033611;0;7;0;0.0;2.0;3.0;15.0;A01
50923;201300033611;0;30;0;8.0;2.0;1.0;1.0;B01
50924;201300033612;0;30;0;0.0;2.0;1.0;1.0;B01
50925;201300033612;0;7;0;0.0;2.0;0.0;0.0;A01
50926;201300033614;0;30;0;0.0;2.0;4.0;1.0;B01
50927;201300033614;0;7;0;0.0;2.0;2.0;1.0;A01
50928;201300033615;0;33;0;0.0;0.0;0.0;1.0;B01
50929;201300033615;0;7;0;0.0;0.0;0.0;5.0;A01
50930;201300033616;0;1;0;0.0;0.0;4.0;2.0;B01
50931;201300033616;0;7;0;0.0;2.0;3.0;2.0;A01
50932;201300033617;0;7;0;0.0;1.0;1.0;1.0;A01
50933;201300033619;0;37;1;0.0;1.0;3.0;15.0;A01
50934;201300033620;0;7;0;0.0;0.0;4.0;23.0;C01
50935;201300033620;0;7;0;0.0;2.0;4.0;23.0;B01
50936;201300033620;1;7;0;0.0;2.0;1.0;2.0;Z01
50937;201300033621;0;7;0;8.0;0.0;1.0;1.0;A01
50938;201300033622;0;7;0;0.0;1.0;1.0;1.0;A01
50939;201300033623;0;7;0;0.0;1.0;5.0;17.0;A01
50940;201300033624;1;2;0;0.0;0.0;0.0;2.0;A01
50941;201300033624;0;2;0;0.0;2.0;8.0;2.0;B01
50942;201300033625;0;7;0;0.0;2.0;1.0;17.0;A01
50943;201300033625;0;37;1;0.0;2.0;8.0;1.0;B01
50944;201300033626;0;7;0;0.0;2.0;3.0;15.0;B01
50945;201300033626;0;31;0;0.0;2.0;7.0;2.0;A01
50946;201300033627;0;7;0;14.0;0.0;4.0;2.0;B01
50947;201300033627;0;7;0;0.0;2.0;1.0;2.0;A01
50948;201300033628;0;7;0;2.0;0.0;1.0;13.0;A01
50949;201300033629;0;7;0;0.0;1.0;1.0;1.0;A01
50950;201300033630;0;7;0;9.0;0.0;1.0;1.0;A01
50951;201300033631;0;7;0;3.0;2.0;1.0;1.0;A01
50952;201300033631;0;7;0;12.0;2.0;1.0;1.0;B01
50953;201300033631;0;7;0;12.0;2.0;1.0;1.0;C01
50954;201300033632;0;7;0;0.0;9.0;1.0;7.0;B01
50955;201300033632;0;1;0;0.0;2.0;1.0;16.0;A01
50956;201300033633;0;7;0;0.0;1.0;2.0;1.0;A01
50957;201300033634;0;10;0;1.0;0.0;1.0;1.0;A01
50958;201300033635;0;7;0;0.0;1.0;2.0;1.0;A01
50959;201300033636;0;31;0;0.0;2.0;7.0;1.0;B01
50960;201300033636;0;7;0;0.0;2.0;7.0;15.0;A01
50961;201300033637;0;30;0;0.0;1.0;1.0;1.0;A01
50962;201300033638;0;7;0;0.0;1.0;2.0;1.0;A01
50963;201300033639;0;10;0;0.0;2.0;2.0;1.0;A01
50964;201300033639;0;1;0;0.0;2.0;3.0;19.0;B01
50965;201300033640;0;7;0;0.0;1.0;7.0;1.0;A01
50966;201300033642;0;7;0;0.0;2.0;3.0;15.0;A01
50967;201300033642;0;31;0;0.0;2.0;7.0;17.0;B01
50968;201300033643;0;32;0;0.0;1.0;2.0;17.0;A01
50969;201300033644;0;7;0;0.0;2.0;3.0;1.0;B01
50970;201300033644;0;7;0;6.0;2.0;1.0;15.0;A01
50971;201300033645;0;10;0;0.0;2.0;5.0;13.0;B01
50972;201300033645;0;37;1;0.0;2.0;1.0;13.0;A01
50973;201300033646;0;7;0;0.0;1.0;3.0;16.0;A01
50974;201300033647;0;10;0;0.0;2.0;1.0;1.0;A01
50975;201300033647;0;7;0;0.0;2.0;4.0;1.0;B01
50976;201300033648;0;7;0;0.0;2.0;8.0;9.0;A01
50977;201300033648;0;7;0;0.0;2.0;2.0;1.0;B01
50978;201300033649;0;7;0;0.0;2.0;4.0;23.0;B01
50979;201300033649;0;1;0;0.0;2.0;1.0;1.0;A01
50980;201300033650;0;7;0;0.0;1.0;1.0;1.0;A01
50981;201300033651;0;7;0;8.0;0.0;1.0;1.0;A01
50982;201300033652;0;7;0;15.0;0.0;7.0;1.0;A01
50983;201300033653;0;7;0;0.0;2.0;1.0;9.0;B01
50984;201300033653;0;33;0;1.0;2.0;2.0;3.0;A01
50985;201300033654;0;7;0;0.0;2.0;3.0;1.0;B01
50986;201300033654;0;7;0;0.0;2.0;2.0;15.0;A01
50987;201300033655;0;2;0;0.0;2.0;1.0;1.0;B01
50988;201300033655;0;7;0;0.0;2.0;1.0;15.0;A01
50989;201300033656;0;7;0;0.0;2.0;7.0;16.0;A01
50990;201300033656;0;2;0;0.0;2.0;8.0;0.0;B01
50991;201300033657;0;32;0;0.0;2.0;0.0;1.0;B01
50992;201300033657;0;7;0;0.0;2.0;3.0;16.0;A01
50993;201300033658;0;7;0;0.0;2.0;1.0;2.0;A01
50994;201300033658;0;7;0;0.0;0.0;4.0;1.0;B01
50995;201300033659;0;7;0;0.0;1.0;3.0;2.0;A01
50996;201300033660;0;7;0;0.0;1.0;6.0;15.0;A01
50997;201300033661;0;14;0;0.0;2.0;2.0;2.0;A01
50998;201300033661;0;7;0;0.0;0.0;4.0;2.0;B01
50999;201300033662;0;7;0;0.0;1.0;0.0;1.0;A01
51000;201300033663;0;33;0;12.0;2.0;0.0;17.0;A01
51001;201300033663;0;7;0;12.0;2.0;0.0;15.0;B01
51002;201300033664;0;7;0;0.0;1.0;1.0;1.0;A01
51003;201300033665;0;7;0;0.0;1.0;2.0;0.0;A01
51004;201300033666;0;7;0;0.0;2.0;4.0;1.0;A01
51005;201300033666;0;7;0;0.0;2.0;1.0;2.0;B01
51006;201300033666;0;7;0;0.0;2.0;1.0;2.0;C01
51007;201300033667;0;7;0;0.0;1.0;1.0;15.0;A01
51008;201300033668;0;7;0;0.0;1.0;1.0;1.0;A01
51009;201300033669;0;7;0;1.0;2.0;1.0;13.0;A01
51010;201300033669;0;7;0;0.0;2.0;3.0;24.0;B01
51011;201300033670;0;7;0;0.0;1.0;2.0;1.0;A01
51012;201300033671;0;7;0;0.0;2.0;3.0;1.0;B01
51013;201300033671;0;7;0;0.0;2.0;1.0;15.0;A01
51014;201300033672;0;7;0;1.0;0.0;2.0;14.0;A01
51015;201300033673;0;40;25;0.0;2.0;2.0;1.0;B01
51016;201300033673;0;7;0;0.0;4.0;1.0;1.0;A01
51017;201300033674;0;7;0;0.0;2.0;2.0;1.0;B01
51018;201300033674;0;1;0;0.0;2.0;2.0;16.0;A01
51019;201300033675;0;10;0;0.0;2.0;6.0;4.0;C01
51020;201300033675;0;7;0;0.0;2.0;8.0;1.0;B01
51021;201300033675;0;7;0;0.0;2.0;3.0;13.0;A01
51022;201300033676;1;7;0;0.0;2.0;0.0;9.0;Z01
51023;201300033676;0;31;0;0.0;2.0;7.0;1.0;A01
51024;201300033677;0;32;0;0.0;1.0;3.0;1.0;A01
51025;201300033678;0;7;0;0.0;2.0;1.0;15.0;A01
51026;201300033678;0;32;0;0.0;2.0;1.0;1.0;B01
51027;201300033679;0;7;0;0.0;2.0;2.0;1.0;B01
51028;201300033679;0;7;0;0.0;2.0;3.0;16.0;A01
51029;201300033680;0;7;0;0.0;2.0;1.0;1.0;B01
51030;201300033680;0;3;0;0.0;2.0;1.0;5.0;A01
51031;201300033680;0;7;0;0.0;2.0;3.0;23.0;C01
51032;201300033681;0;7;0;0.0;2.0;1.0;1.0;B01
51033;201300033681;0;1;0;0.0;2.0;0.0;1.0;A01
51034;201300033682;0;7;0;0.0;1.0;2.0;1.0;A01
51035;201300033683;0;10;0;0.0;2.0;7.0;1.0;B01
51036;201300033683;0;2;0;0.0;2.0;1.0;1.0;A01
51037;201300033684;0;1;0;0.0;2.0;0.0;1.0;A01
51038;201300033684;0;30;0;0.0;2.0;1.0;1.0;Z01
51039;201300033685;0;30;0;0.0;2.0;1.0;5.0;A01
51040;201300033685;0;7;0;0.0;2.0;8.0;15.0;B01
51041;201300033687;0;7;0;0.0;2.0;7.0;15.0;B01
51042;201300033687;0;33;0;0.0;2.0;1.0;1.0;A01
51043;201300033688;2;7;0;0.0;2.0;1.0;15.0;Z01
51044;201300033688;0;33;0;0.0;2.0;2.0;17.0;A01
51045;201300033689;0;7;0;0.0;2.0;4.0;23.0;B01
51046;201300033689;0;7;0;0.0;2.0;1.0;1.0;A01
51047;201300033690;0;7;0;0.0;2.0;3.0;0.0;B01
51048;201300033690;0;7;0;0.0;2.0;1.0;0.0;A01
51049;201300033692;0;7;0;0.0;0.0;1.0;0.0;A01
51050;201300033693;0;7;0;15.0;0.0;9.0;1.0;A01
51051;201300033695;0;7;0;0.0;2.0;3.0;10.0;A01
51052;201300033695;0;34;0;0.0;2.0;1.0;1.0;B01
51053;201300033696;0;7;0;0.0;1.0;1.0;1.0;B01
51054;201300033696;0;7;0;0.0;1.0;2.0;17.0;A01
51055;201300033698;0;31;0;6.0;0.0;1.0;1.0;B01
51056;201300033698;0;7;0;6.0;0.0;2.0;15.0;A01
51057;201300033699;0;7;0;0.0;2.0;3.0;13.0;A01
51058;201300033699;0;7;0;0.0;0.0;3.0;1.0;B01
51059;201300033700;0;7;0;0.0;2.0;3.0;1.0;A01
51060;201300033700;0;7;0;1.0;2.0;1.0;15.0;B01
51061;201300033700;0;7;0;12.0;0.0;3.0;1.0;C01
51062;201300033701;0;32;0;0.0;2.0;1.0;1.0;B01
51063;201300033701;0;7;0;0.0;2.0;7.0;15.0;A01
51064;201300033702;0;7;0;0.0;1.0;7.0;1.0;A01
51065;201300033703;0;7;0;8.0;2.0;2.0;15.0;A01
51066;201300033703;0;7;0;0.0;2.0;1.0;2.0;B01
51067;201300033704;0;7;0;0.0;1.0;1.0;1.0;A01
51068;201300033705;0;7;0;0.0;1.0;3.0;1.0;A01
51069;201300033706;0;32;0;0.0;2.0;1.0;21.0;B01
51070;201300033706;0;7;0;0.0;2.0;3.0;19.0;A01
51071;201300033707;0;37;25;0.0;2.0;1.0;15.0;A01
51072;201300033707;0;7;0;0.0;2.0;8.0;1.0;B01
51073;201300033708;0;7;0;0.0;2.0;1.0;1.0;A01
51074;201300033708;0;7;0;8.0;2.0;4.0;13.0;B01
51075;201300033709;0;31;0;0.0;2.0;3.0;2.0;B01
51076;201300033709;1;99;0;0.0;0.0;1.0;19.0;A01
51077;201300033710;0;7;0;0.0;2.0;3.0;0.0;A01
51078;201300033710;0;7;0;0.0;2.0;3.0;1.0;B01
51079;201300033711;0;7;0;0.0;1.0;2.0;1.0;A01
51080;201300033712;0;7;0;9.0;2.0;6.0;15.0;A01
51081;201300033712;0;7;0;0.0;2.0;1.0;1.0;B01
51082;201300033713;0;7;0;0.0;2.0;7.0;1.0;B01
51083;201300033713;0;7;0;0.0;2.0;1.0;19.0;A01
51084;201300033714;0;7;0;0.0;2.0;3.0;1.0;B01
51085;201300033714;0;7;0;0.0;2.0;3.0;0.0;A01
51086;201300033715;0;7;0;0.0;1.0;3.0;1.0;A01
51087;201300033716;0;7;0;0.0;2.0;7.0;15.0;A01
51088;201300033716;0;7;0;0.0;2.0;1.0;1.0;B01
51089;201300033717;1;7;0;0.0;2.0;2.0;1.0;B01
51090;201300033717;0;7;0;0.0;2.0;3.0;1.0;A01
51091;201300033718;0;7;0;0.0;2.0;1.0;1.0;A01
51092;201300033718;0;7;0;0.0;2.0;2.0;1.0;B01
51093;201300033721;0;7;0;0.0;2.0;1.0;5.0;A01
51094;201300033721;0;7;0;0.0;2.0;1.0;16.0;B01
51095;201300033722;0;10;0;8.0;0.0;2.0;1.0;A01
51096;201300033723;0;7;0;1.0;2.0;1.0;1.0;B01
51097;201300033723;2;7;0;0.0;2.0;7.0;19.0;A01
51098;201300033724;0;7;0;6.0;0.0;1.0;0.0;A01
51099;201300033725;0;7;0;0.0;1.0;8.0;1.0;A01
51100;201300033726;0;7;0;0.0;2.0;3.0;1.0;B01
51101;201300033726;0;7;0;0.0;2.0;2.0;1.0;A01
51102;201300033728;0;7;0;0.0;2.0;2.0;2.0;A01
51103;201300033728;0;10;0;0.0;2.0;3.0;15.0;B01
51104;201300033729;0;7;0;0.0;1.0;2.0;1.0;A01
51105;201300033731;0;7;0;0.0;1.0;1.0;0.0;A01
51106;201300033732;0;32;0;0.0;2.0;1.0;1.0;B01
51107;201300033732;0;7;0;0.0;2.0;5.0;16.0;A01
51108;201300033733;0;31;0;0.0;2.0;1.0;1.0;A01
51109;201300033733;0;7;0;0.0;2.0;5.0;1.0;B01
51110;201300033734;0;30;0;0.0;2.0;1.0;1.0;A01
51111;201300033734;0;7;0;0.0;2.0;3.0;15.0;B01
51112;201300033735;0;7;0;0.0;1.0;2.0;1.0;A01
51113;201300033736;0;1;0;0.0;2.0;4.0;1.0;B01
51114;201300033736;0;7;0;0.0;2.0;2.0;16.0;A01
51115;201300033737;0;7;0;0.0;1.0;2.0;1.0;A01
51116;201300033738;0;7;0;0.0;0.0;1.0;2.0;A01
51117;201300033738;0;7;0;0.0;0.0;1.0;1.0;B01
51118;201300033738;0;7;0;0.0;0.0;0.0;1.0;C01
51119;201300033739;0;30;0;0.0;1.0;3.0;19.0;A01
51120;201300033739;0;7;0;0.0;2.0;3.0;1.0;B01
51121;201300033740;0;33;0;15.0;0.0;8.0;11.0;A01
51122;201300033741;0;10;0;0.0;2.0;1.0;2.0;A01
51123;201300033741;0;10;0;0.0;2.0;4.0;2.0;B01
51124;201300033742;0;7;0;0.0;2.0;1.0;2.0;A01
51125;201300033742;0;7;0;0.0;2.0;4.0;1.0;B01
51126;201300033742;0;7;0;0.0;2.0;4.0;23.0;C01
51127;201300033743;0;7;0;0.0;2.0;1.0;1.0;A01
51128;201300033743;0;7;0;0.0;2.0;4.0;23.0;B01
51129;201300033744;0;7;0;8.0;0.0;1.0;1.0;A01
51130;201300033745;0;7;0;0.0;2.0;1.0;2.0;A01
51131;201300033745;0;7;0;0.0;2.0;4.0;1.0;B01
51132;201300033746;0;33;0;0.0;2.0;8.0;1.0;B01
51133;201300033746;0;7;0;0.0;2.0;1.0;15.0;A01
51134;201300033747;0;31;0;0.0;2.0;1.0;1.0;B01
51135;201300033747;0;10;0;0.0;2.0;1.0;5.0;A01
51136;201300033748;1;99;0;0.0;1.0;2.0;2.0;Z01
51137;201300033749;0;7;0;0.0;2.0;2.0;1.0;A01
51138;201300033749;0;7;0;0.0;2.0;3.0;15.0;B01
51139;201300033752;0;7;0;0.0;1.0;2.0;1.0;A01
51140;201300033753;0;33;0;0.0;2.0;3.0;2.0;B01
51141;201300033753;0;7;0;0.0;2.0;2.0;15.0;A01
51142;201300033754;0;7;0;0.0;2.0;7.0;21.0;B01
51143;201300033754;0;7;0;0.0;2.0;1.0;13.0;A01
51144;201300033755;0;7;0;0.0;2.0;2.0;16.0;A01
51145;201300033755;0;33;0;0.0;2.0;3.0;1.0;B01
51146;201300033756;0;1;0;0.0;2.0;1.0;1.0;C01
51147;201300033756;0;1;0;0.0;2.0;1.0;1.0;B01
51148;201300033756;1;99;0;0.0;2.0;7.0;16.0;Z01
51149;201300033757;0;7;0;0.0;2.0;1.0;15.0;A01
51150;201300033757;0;7;0;0.0;2.0;6.0;1.0;B01
51151;201300033758;0;1;0;0.0;2.0;4.0;1.0;B01
51152;201300033758;1;7;0;0.0;2.0;1.0;1.0;Z01
51153;201300033759;0;7;0;0.0;1.0;1.0;2.0;A01
51154;201300033760;0;7;0;0.0;2.0;6.0;1.0;A01
51155;201300033760;0;1;0;0.0;2.0;1.0;1.0;B01
51156;201300033761;0;7;0;0.0;2.0;8.0;15.0;B01
51157;201300033761;0;7;0;0.0;2.0;2.0;17.0;A01
51158;201300033762;0;7;0;0.0;2.0;5.0;15.0;A01
51159;201300033762;0;33;0;0.0;2.0;8.0;1.0;B01
51160;201300033763;0;32;0;0.0;0.0;0.0;0.0;A01
51161;201300033764;0;30;0;0.0;2.0;1.0;18.0;A01
51162;201300033764;0;7;0;0.0;2.0;5.0;16.0;B01
51163;201300033765;0;14;0;0.0;1.0;2.0;14.0;A01
51164;201300033766;0;7;0;1.0;0.0;2.0;1.0;A01
51165;201300033768;0;7;0;0.0;2.0;1.0;1.0;A01
51166;201300033768;0;7;0;0.0;2.0;2.0;15.0;B01
51167;201300033769;0;7;0;0.0;1.0;3.0;1.0;A01
51168;201300033770;0;7;0;0.0;2.0;1.0;2.0;A01
51169;201300033770;0;7;0;8.0;2.0;4.0;23.0;B01
51170;201300033771;0;7;0;0.0;2.0;0.0;1.0;B01
51171;201300033771;0;34;0;0.0;2.0;1.0;1.0;A01
51172;201300033772;0;30;0;0.0;2.0;0.0;0.0;A01
51173;201300033772;0;30;0;0.0;2.0;1.0;10.0;B01
51174;201300033773;0;7;0;0.0;1.0;1.0;1.0;A01