;Num_Acc;senc;catv;occutc;obs;obsm;choc;manv;num_veh
51596;201300034048;0;17;0;0.0;2.0;5.0;23.0;B01
51597;201300034049;0;7;0;0.0;2.0;1.0;1.0;B01
51598;201300034049;0;7;0;0.0;2.0;4.0;1.0;A01
51599;201300034050;1;7;0;0.0;1.0;2.0;0.0;Z01
51600;201300034051;0;7;0;0.0;2.0;2.0;1.0;B01
51601;201300034051;0;7;0;0.0;2.0;3.0;1.0;A01
51602;201300034052;0;7;0;0.0;1.0;1.0;15.0;A01
51603;201300034053;0;10;0;0.0;1.0;4.0;4.0;A01
51604;201300034054;0;7;0;6.0;0.0;2.0;1.0;A01
51605;201300034055;0;7;0;0.0;2.0;8.0;15.0;B01
51606;201300034055;0;7;0;0.0;2.0;7.0;1.0;A01
51607;201300034056;0;7;0;12.0;0.0;0.0;1.0;A01
51608;201300034057;0;7;0;0.0;2.0;3.0;9.0;A01
51609;201300034057;0;30;0;0.0;2.0;2.0;2.0;B01
51610;201300034058;0;7;0;0.0;9.0;8.0;1.0;A01
51611;201300034058;0;7;0;0.0;9.0;8.0;1.0;B01
51612;201300034058;0;1;0;0.0;2.0;1.0;19.0;C01
51613;201300034059;0;2;0;0.0;2.0;2.0;1.0;A01
51614;201300034059;0;7;0;0.0;2.0;3.0;1.0;B01
51615;201300034060;0;7;0;0.0;2.0;3.0;1.0;A01
51616;201300034060;1;10;0;0.0;2.0;5.0;17.0;Z01
51617;201300034061;0;7;0;0.0;2.0;5.0;2.0;B01
51618;201300034061;0;7;0;0.0;2.0;5.0;15.0;C01
51619;201300034061;0;7;0;0.0;2.0;3.0;1.0;A01
51620;201300034062;0;7;0;0.0;2.0;3.0;15.0;A01
51621;201300034062;0;7;0;0.0;2.0;3.0;1.0;B01
51622;201300034063;0;7;0;15.0;2.0;5.0;15.0;B01
51623;201300034063;0;7;0;0.0;2.0;1.0;1.0;A01
51624;201300034064;0;7;0;0.0;2.0;1.0;2.0;A01
51625;201300034064;0;7;0;0.0;2.0;4.0;1.0;B01
51626;201300034065;0;7;0;0.0;2.0;1.0;15.0;A01
51627;201300034065;0;7;0;0.0;2.0;4.0;2.0;B01
51628;201300034066;0;7;0;0.0;0.0;7.0;15.0;A01
51629;201300034066;0;7;0;0.0;2.0;3.0;1.0;B01
51630;201300034067;0;7;0;0.0;2.0;1.0;1.0;A01
51631;201300034067;0;7;0;0.0;2.0;4.0;2.0;B01
51632;201300034068;0;7;0;0.0;2.0;1.0;1.0;A01
51633;201300034068;0;7;0;7.0;2.0;3.0;1.0;B01
51634;201300034069;0;7;0;0.0;2.0;3.0;15.0;B01
51635;201300034069;0;7;0;0.0;2.0;2.0;17.0;A01
51636;201300034070;0;7;0;1.0;2.0;3.0;9.0;B01
51637;201300034070;0;7;0;0.0;2.0;2.0;1.0;A01
51638;201300034072;0;7;0;0.0;2.0;1.0;1.0;B01
51639;201300034072;0;10;0;0.0;2.0;1.0;13.0;A01
51640;201300034073;0;7;0;0.0;2.0;4.0;15.0;D01
51641;201300034073;0;7;0;0.0;2.0;1.0;1.0;A01
51642;201300034073;0;7;0;0.0;2.0;4.0;2.0;B01
51643;201300034073;0;7;0;0.0;2.0;4.0;2.0;C01
51644;201300034074;0;7;0;0.0;2.0;4.0;2.0;B01
51645;201300034074;0;7;0;0.0;2.0;1.0;1.0;A01
51646;201300034075;0;7;0;0.0;2.0;1.0;1.0;A01
51647;201300034075;0;7;0;0.0;2.0;3.0;1.0;B01
51648;201300034076;0;7;0;15.0;0.0;0.0;0.0;A01
51649;201300034077;0;7;0;0.0;0.0;6.0;15.0;A01
51650;201300034077;0;33;0;0.0;2.0;1.0;2.0;B01
51651;201300034078;0;7;0;0.0;9.0;3.0;0.0;A01
51652;201300034078;0;1;0;0.0;0.0;7.0;0.0;B01
51653;201300034079;0;10;0;1.0;0.0;8.0;24.0;B01
51654;201300034079;0;17;0;1.0;1.0;2.0;14.0;A01
51655;201300034080;0;7;0;12.0;2.0;1.0;9.0;A01
51656;201300034080;0;7;0;8.0;2.0;8.0;16.0;B01
51657;201300034081;0;31;0;0.0;1.0;1.0;14.0;A01
51658;201300034082;0;7;0;0.0;2.0;5.0;17.0;A01
51659;201300034082;0;1;0;0.0;2.0;8.0;15.0;B01
51660;201300034083;0;7;0;13.0;0.0;4.0;1.0;B01
51661;201300034083;0;7;0;0.0;2.0;1.0;1.0;A01
51662;201300034084;0;7;0;4.0;0.0;1.0;16.0;A01
51663;201300034086;0;7;0;0.0;1.0;1.0;15.0;A01
51664;201300034087;0;33;0;0.0;2.0;1.0;1.0;B01
51665;201300034087;0;7;0;0.0;2.0;8.0;9.0;A01
51666;201300034088;0;31;0;8.0;0.0;2.0;17.0;A01
51667;201300034089;0;30;0;1.0;0.0;2.0;14.0;A01
51668;201300034090;0;1;0;0.0;2.0;1.0;23.0;B01
51669;201300034090;2;7;0;15.0;2.0;1.0;13.0;A01
51670;201300034092;2;7;0;0.0;1.0;1.0;1.0;A01
51671;201300034093;0;7;0;0.0;2.0;3.0;1.0;B01
51672;201300034093;0;31;0;0.0;2.0;1.0;17.0;A01
51673;201300034094;0;1;0;0.0;2.0;8.0;9.0;B01
51674;201300034094;0;7;0;0.0;2.0;1.0;9.0;A01
51675;201300034095;0;7;0;8.0;0.0;4.0;14.0;A01
51676;201300034096;0;7;0;0.0;2.0;1.0;1.0;B01
51677;201300034096;2;7;0;0.0;2.0;1.0;13.0;A01
51678;201300034097;0;7;0;0.0;1.0;1.0;1.0;A01
51679;201300034098;0;7;0;2.0;0.0;7.0;13.0;A01
51680;201300034100;0;30;0;0.0;2.0;2.0;1.0;B01
51681;201300034100;0;7;0;0.0;2.0;3.0;9.0;A01
51682;201300034101;0;7;0;15.0;0.0;1.0;14.0;A01
51683;201300034102;0;37;3;0.0;1.0;1.0;9.0;A01
51684;201300034103;0;7;0;0.0;2.0;3.0;2.0;A01
51685;201300034103;0;7;0;0.0;0.0;2.0;15.0;B01
51686;201300034104;0;7;0;0.0;2.0;3.0;1.0;A01
51687;201300034104;0;1;0;0.0;2.0;8.0;1.0;B01
51688;201300034106;0;7;0;0.0;1.0;3.0;15.0;A01
51689;201300034107;0;7;0;0.0;1.0;4.0;4.0;A01
51690;201300034109;0;7;0;0.0;2.0;1.0;1.0;A01
51691;201300034109;0;7;0;0.0;2.0;1.0;1.0;B01
51692;201300034110;0;7;0;0.0;2.0;1.0;1.0;B01
51693;201300034110;0;7;0;6.0;2.0;3.0;19.0;A01
51694;201300034111;0;7;0;0.0;2.0;2.0;15.0;A01
51695;201300034111;0;33;0;0.0;2.0;1.0;1.0;B01
51696;201300034112;0;7;0;0.0;2.0;1.0;15.0;A01
51697;201300034112;0;7;0;0.0;2.0;1.0;1.0;B01
51698;201300034113;0;7;0;13.0;2.0;1.0;5.0;A01
51699;201300034113;0;17;0;3.0;2.0;3.0;1.0;B01
51700;201300034114;0;7;0;0.0;2.0;2.0;15.0;A01
51701;201300034114;0;7;0;0.0;2.0;3.0;1.0;B01
51702;201300034115;0;7;0;0.0;2.0;1.0;17.0;A01
51703;201300034115;0;7;0;0.0;2.0;1.0;1.0;B01
51704;201300034116;0;7;0;0.0;2.0;1.0;1.0;A01
51705;201300034116;0;7;0;0.0;2.0;4.0;1.0;B01
51706;201300034117;0;2;0;0.0;2.0;1.0;1.0;A01
51707;201300034117;0;7;0;0.0;0.0;4.0;1.0;B01
51708;201300034118;0;7;0;0.0;2.0;1.0;15.0;A01
51709;201300034118;0;7;0;0.0;2.0;8.0;1.0;B01
51710;201300034119;0;10;0;0.0;1.0;4.0;4.0;A01
51711;201300034120;0;1;0;0.0;2.0;8.0;0.0;A01
51712;201300034120;0;7;0;0.0;2.0;1.0;1.0;B01
51713;201300034121;0;7;0;0.0;2.0;1.0;1.0;A01
51714;201300034121;0;7;0;0.0;2.0;8.0;15.0;B01
51715;201300034122;0;31;0;0.0;2.0;1.0;17.0;A01
51716;201300034122;0;7;0;0.0;2.0;8.0;19.0;B01
51717;201300034123;0;7;0;0.0;2.0;3.0;9.0;A01
51718;201300034123;0;1;0;0.0;2.0;2.0;1.0;B01
51719;201300034124;0;7;0;0.0;2.0;2.0;9.0;A01
51720;201300034124;0;7;0;0.0;1.0;1.0;1.0;B01
51721;201300034124;0;7;0;0.0;0.0;3.0;0.0;D01
51722;201300034125;0;1;0;0.0;2.0;1.0;5.0;A01
51723;201300034125;0;7;0;0.0;2.0;1.0;1.0;B01
51724;201300034126;0;7;0;0.0;2.0;3.0;15.0;A01
51725;201300034126;0;7;0;0.0;2.0;7.0;1.0;B01
51726;201300034127;0;7;0;0.0;2.0;1.0;15.0;A01
51727;201300034127;0;7;0;0.0;2.0;1.0;1.0;B01
51728;201300034128;0;7;0;0.0;1.0;1.0;1.0;A01
51729;201300034129;0;7;0;0.0;1.0;1.0;1.0;A01
51730;201300034130;0;7;0;0.0;1.0;2.0;1.0;A01
51731;201300034131;0;31;0;0.0;2.0;1.0;1.0;B01
51732;201300034131;0;7;0;0.0;2.0;8.0;15.0;A01
51733;201300034132;0;33;0;0.0;2.0;1.0;17.0;A01
51734;201300034132;0;7;0;0.0;2.0;1.0;9.0;B01
51735;201300034132;0;7;0;0.0;2.0;3.0;23.0;C01
51736;201300034133;0;30;0;0.0;2.0;7.0;19.0;A01
51737;201300034133;0;37;1;0.0;2.0;1.0;7.0;B01
51738;201300034134;0;7;0;0.0;1.0;8.0;1.0;A01
51739;201300034136;0;7;0;0.0;2.0;2.0;15.0;A01
51740;201300034136;0;33;0;0.0;2.0;1.0;1.0;B01
51741;201300034137;0;33;0;0.0;2.0;1.0;17.0;B01
51742;201300034137;0;7;0;7.0;2.0;8.0;15.0;A01
51743;201300034139;0;7;0;0.0;1.0;2.0;1.0;A01
51744;201300034141;0;7;0;0.0;2.0;2.0;15.0;A01
51745;201300034141;0;7;0;0.0;2.0;1.0;1.0;B01
51746;201300034142;0;7;0;0.0;1.0;1.0;1.0;A01
51747;201300034143;0;7;0;0.0;2.0;1.0;1.0;B01
51748;201300034143;0;7;0;0.0;2.0;3.0;15.0;A01
51749;201300034144;0;2;0;0.0;2.0;1.0;1.0;B01
51750;201300034144;0;10;0;0.0;2.0;3.0;15.0;A01
51751;201300034145;0;7;0;0.0;2.0;7.0;15.0;A01
51752;201300034145;0;7;0;0.0;2.0;1.0;1.0;B01
51753;201300034146;0;7;0;0.0;2.0;8.0;15.0;A01
51754;201300034146;0;2;0;0.0;2.0;1.0;1.0;B01
51755;201300034147;0;7;0;0.0;2.0;1.0;13.0;A01
51756;201300034147;0;7;0;0.0;2.0;1.0;1.0;B01
51757;201300034149;0;7;0;0.0;2.0;3.0;1.0;B01
51758;201300034149;0;7;0;0.0;2.0;3.0;15.0;A01
51759;201300034151;0;7;0;0.0;2.0;1.0;9.0;A01
51760;201300034151;0;31;0;0.0;2.0;8.0;1.0;B01
51761;201300034151;0;7;0;14.0;0.0;5.0;23.0;C01
51762;201300034152;0;7;0;0.0;2.0;2.0;15.0;A01
51763;201300034152;0;1;0;0.0;2.0;7.0;1.0;Y01
51764;201300034153;0;7;0;0.0;2.0;1.0;13.0;A01
51765;201300034153;0;7;0;0.0;2.0;1.0;1.0;B01
51766;201300034154;0;7;0;8.0;0.0;1.0;13.0;A01
51767;201300034155;0;7;0;0.0;2.0;1.0;1.0;A01
51768;201300034155;0;1;0;0.0;0.0;4.0;1.0;B01
51769;201300034156;0;7;0;0.0;2.0;3.0;9.0;A01
51770;201300034156;0;1;0;0.0;2.0;7.0;1.0;B01
51771;201300034157;0;7;0;0.0;2.0;1.0;13.0;A01
51772;201300034157;0;7;0;0.0;2.0;1.0;1.0;B01
51773;201300034159;0;7;0;0.0;2.0;1.0;1.0;A01
51774;201300034159;0;7;0;0.0;0.0;7.0;1.0;B01
51775;201300034160;0;33;0;1.0;0.0;1.0;1.0;A01
51776;201300034161;0;7;0;0.0;2.0;7.0;15.0;A01
51777;201300034161;0;33;0;0.0;2.0;1.0;1.0;B01
51778;201300034161;0;10;0;0.0;2.0;6.0;1.0;C01
51779;201300034162;0;1;0;0.0;2.0;7.0;1.0;B01
51780;201300034162;0;7;0;0.0;2.0;1.0;15.0;A01
51781;201300034163;0;7;0;0.0;2.0;1.0;13.0;A01
51782;201300034163;0;7;0;0.0;2.0;1.0;1.0;B01
51783;201300034164;0;7;0;0.0;1.0;1.0;1.0;A01
51784;201300034165;0;7;0;0.0;2.0;2.0;1.0;B01
51785;201300034165;0;2;0;0.0;2.0;8.0;19.0;A01
51786;201300034166;0;7;0;0.0;1.0;3.0;1.0;A01
51787;201300034167;0;7;0;0.0;2.0;1.0;2.0;A01
51788;201300034167;0;7;0;0.0;0.0;4.0;2.0;B01
51789;201300034168;0;10;0;9.0;0.0;1.0;21.0;A01
51790;201300034169;0;7;0;14.0;0.0;1.0;1.0;A01
51791;201300034169;0;7;0;14.0;0.0;4.0;2.0;B01
51792;201300034169;0;7;0;14.0;0.0;4.0;2.0;C01
51793;201300034169;0;7;0;0.0;0.0;8.0;15.0;D01
51794;201300034170;0;30;0;12.0;0.0;7.0;14.0;A01
51795;201300034171;0;7;0;0.0;2.0;8.0;13.0;A01
51796;201300034171;0;15;0;0.0;0.0;8.0;1.0;B01
51797;201300034172;0;7;0;3.0;0.0;1.0;14.0;A01
51798;201300034173;0;2;0;14.0;0.0;7.0;16.0;A01
51799;201300034174;0;7;0;1.0;1.0;1.0;14.0;A01
51800;201300034175;0;34;0;0.0;2.0;1.0;19.0;A01
51801;201300034175;0;7;0;0.0;0.0;8.0;1.0;B01
51802;201300034177;0;7;0;0.0;2.0;8.0;1.0;B01
51803;201300034177;0;34;0;0.0;2.0;1.0;15.0;A01
51804;201300034178;0;7;0;0.0;1.0;1.0;1.0;A01
51805;201300034179;0;7;0;0.0;1.0;1.0;1.0;A01
51806;201300034180;0;30;0;9.0;0.0;8.0;14.0;A01
51807;201300034181;0;7;0;6.0;0.0;1.0;14.0;A01
51808;201300034182;0;7;0;0.0;1.0;2.0;14.0;A01
51809;201300034183;0;7;0;9.0;0.0;1.0;13.0;A01
51810;201300034184;0;7;0;0.0;2.0;1.0;15.0;A01
51811;201300034184;0;2;0;0.0;2.0;1.0;1.0;B01
51812;201300034185;0;7;0;0.0;1.0;2.0;1.0;A01
51813;201300034186;0;7;0;0.0;2.0;1.0;15.0;A01
51814;201300034186;0;3;0;0.0;0.0;6.0;1.0;B01
51815;201300034187;0;7;0;0.0;1.0;8.0;15.0;A01
51816;201300034190;2;7;0;0.0;2.0;1.0;1.0;A01
51817;201300034190;0;7;0;0.0;2.0;2.0;1.0;B01
51818;201300034191;0;7;0;0.0;2.0;7.0;15.0;A01
51819;201300034191;0;30;0;0.0;2.0;1.0;1.0;B01
51820;201300034193;0;30;0;8.0;0.0;7.0;14.0;A01
51821;201300034194;0;37;1;0.0;2.0;1.0;1.0;A01
51822;201300034194;0;2;0;0.0;2.0;4.0;1.0;B01
51823;201300034195;0;7;0;3.0;0.0;1.0;14.0;A01
51824;201300034196;0;7;0;0.0;2.0;2.0;16.0;A01
51825;201300034196;0;33;0;0.0;2.0;1.0;1.0;B01
51826;201300034197;0;37;1;0.0;2.0;6.0;15.0;A01
51827;201300034197;0;33;0;0.0;2.0;3.0;1.0;B01
51828;201300034198;0;7;0;0.0;1.0;3.0;15.0;A01
51829;201300034199;0;7;0;0.0;2.0;3.0;9.0;A01
51830;201300034199;0;1;0;0.0;2.0;1.0;1.0;B01
51831;201300034200;0;7;0;1.0;0.0;1.0;1.0;A01
51832;201300034201;0;7;0;8.0;0.0;1.0;1.0;A01
51833;201300034202;0;7;0;0.0;1.0;1.0;1.0;A01
51834;201300034203;0;7;0;0.0;1.0;1.0;1.0;A01
51835;201300034204;0;7;0;0.0;2.0;1.0;1.0;A01
51836;201300034204;0;33;0;0.0;2.0;2.0;1.0;B01
51837;201300034205;0;7;0;0.0;2.0;1.0;17.0;A01
51838;201300034205;0;7;0;1.0;0.0;8.0;15.0;B01
51839;201300034206;0;1;0;0.0;0.0;2.0;1.0;B01
51840;201300034206;1;7;0;0.0;2.0;1.0;9.0;Z01
51841;201300034208;0;33;0;0.0;2.0;5.0;16.0;A01
51842;201300034208;0;1;0;0.0;2.0;0.0;1.0;B01
51843;201300034209;0;2;0;0.0;2.0;1.0;1.0;B01
51844;201300034209;0;7;0;0.0;2.0;3.0;15.0;A01
51845;201300034210;0;7;0;0.0;2.0;7.0;1.0;A01
51846;201300034210;0;1;0;0.0;2.0;1.0;1.0;B01
51847;201300034211;0;33;0;2.0;0.0;0.0;1.0;A01
51848;201300034213;0;2;0;0.0;0.0;1.0;1.0;A01
51849;201300034214;0;10;0;0.0;0.0;3.0;1.0;A01
51850;201300034214;0;7;0;0.0;2.0;1.0;1.0;B01
51851;201300034215;1;10;0;0.0;2.0;1.0;14.0;Z01
51852;201300034215;0;1;0;0.0;0.0;4.0;1.0;B01
51853;201300034216;0;33;0;0.0;2.0;8.0;1.0;B01
51854;201300034216;0;7;0;0.0;0.0;1.0;15.0;A01
51855;201300034217;0;33;0;0.0;2.0;1.0;1.0;B01
51856;201300034217;0;33;0;0.0;2.0;1.0;17.0;A01
51857;201300034218;0;1;0;0.0;0.0;4.0;1.0;B01
51858;201300034218;0;10;0;0.0;2.0;3.0;12.0;A01
51859;201300034219;0;7;0;0.0;0.0;4.0;2.0;C01
51860;201300034219;1;99;0;0.0;2.0;1.0;2.0;Z01
51861;201300034219;0;10;0;0.0;2.0;4.0;2.0;B01
51862;201300034220;0;33;0;1.0;2.0;1.0;17.0;A01
51863;201300034220;0;7;0;0.0;0.0;6.0;1.0;C01
51864;201300034221;0;7;0;0.0;1.0;8.0;1.0;A01
51865;201300034223;0;7;0;8.0;0.0;1.0;16.0;A01
51866;201300034224;0;33;0;0.0;1.0;8.0;1.0;A01
51867;201300034225;0;33;0;0.0;0.0;1.0;23.0;B01
51868;201300034225;0;33;0;0.0;0.0;4.0;23.0;C01
51869;201300034225;0;33;0;3.0;2.0;1.0;21.0;A01
51870;201300034226;0;7;0;0.0;1.0;1.0;1.0;A01
51871;201300034227;0;7;0;0.0;1.0;1.0;1.0;A01
51872;201300034228;0;7;0;0.0;2.0;3.0;13.0;A01
51873;201300034228;0;7;0;0.0;2.0;3.0;1.0;B01
51874;201300034229;0;7;0;0.0;1.0;2.0;1.0;A01
51875;201300034231;0;7;0;0.0;1.0;1.0;1.0;A01
51876;201300034232;0;7;0;0.0;2.0;5.0;15.0;A01
51877;201300034232;0;31;0;0.0;2.0;1.0;1.0;B01
51878;201300034233;0;7;0;0.0;2.0;1.0;2.0;B01
51879;201300034233;0;7;0;0.0;2.0;1.0;2.0;A01
51880;201300034234;0;7;0;0.0;2.0;1.0;15.0;A01
51881;201300034234;0;31;0;0.0;0.0;8.0;1.0;B01
51882;201300034235;0;7;0;0.0;2.0;3.0;9.0;A01
51883;201300034235;0;31;0;0.0;2.0;1.0;1.0;B01
51884;201300034237;0;30;0;0.0;0.0;4.0;1.0;A01
51885;201300034237;0;1;0;0.0;2.0;1.0;2.0;B01
51886;201300034238;0;33;0;0.0;0.0;8.0;1.0;A01
51887;201300034238;0;1;0;0.0;2.0;1.0;15.0;B01
51888;201300034239;0;99;0;0.0;2.0;4.0;23.0;B01
51889;201300034239;0;7;0;14.0;0.0;1.0;2.0;A01
51890;201300034240;0;7;0;0.0;1.0;1.0;1.0;A01
51891;201300034241;0;7;0;0.0;1.0;1.0;9.0;A01
51892;201300034242;0;7;0;0.0;2.0;2.0;1.0;A01
51893;201300034242;0;7;0;0.0;2.0;3.0;9.0;B01
51894;201300034243;0;33;0;0.0;0.0;3.0;12.0;B01
51895;201300034243;0;7;0;0.0;0.0;3.0;15.0;A01
51896;201300034244;0;7;0;0.0;1.0;3.0;19.0;A01
51897;201300034245;0;7;0;0.0;1.0;3.0;15.0;A01
51898;201300034246;0;7;0;0.0;1.0;3.0;1.0;A01
51899;201300034247;0;7;0;0.0;0.0;4.0;1.0;B01
51900;201300034247;0;7;0;0.0;2.0;1.0;1.0;A01
51901;201300034248;0;37;1;0.0;1.0;0.0;0.0;A01
51902;201300034249;0;2;0;0.0;2.0;3.0;17.0;A01
51903;201300034249;0;7;0;0.0;2.0;3.0;15.0;B01
51904;201300034250;0;30;0;0.0;1.0;1.0;1.0;A01
51905;201300034252;0;7;0;0.0;2.0;6.0;10.0;A01
51906;201300034252;0;2;0;0.0;2.0;1.0;1.0;B01
51907;201300034253;0;7;0;0.0;2.0;3.0;15.0;A01
51908;201300034253;0;1;0;0.0;2.0;1.0;1.0;B01
51909;201300034254;0;33;0;0.0;2.0;1.0;1.0;B01
51910;201300034254;0;7;0;0.0;2.0;3.0;15.0;A01
51911;201300034255;0;1;0;9.0;2.0;1.0;1.0;A01
51912;201300034255;0;7;0;0.0;2.0;3.0;10.0;B01
51913;201300034256;0;7;0;0.0;1.0;1.0;1.0;A01
51914;201300034257;0;7;0;0.0;2.0;2.0;15.0;A01
51915;201300034257;0;30;0;0.0;2.0;1.0;2.0;B01
51916;201300034258;0;7;0;0.0;0.0;0.0;15.0;B01
51917;201300034258;0;33;0;0.0;0.0;8.0;17.0;A01
51918;201300034259;0;7;0;0.0;2.0;1.0;5.0;A01
51919;201300034259;0;7;0;0.0;2.0;1.0;5.0;B01
51920;201300034259;0;7;0;0.0;2.0;1.0;2.0;C01
51921;201300034260;0;10;0;0.0;1.0;1.0;1.0;A01
51922;201300034261;0;33;0;0.0;2.0;5.0;18.0;A01
51923;201300034261;0;14;0;0.0;0.0;0.0;0.0;B01
51924;201300034262;0;7;0;0.0;1.0;1.0;0.0;A01
51925;201300034263;0;7;0;0.0;1.0;1.0;1.0;A01
51926;201300034264;0;7;0;0.0;1.0;2.0;1.0;A01
51927;201300034265;0;7;0;0.0;1.0;1.0;1.0;A01
51928;201300034266;1;99;0;0.0;1.0;4.0;4.0;A01
51929;201300034267;0;7;0;0.0;2.0;7.0;15.0;A01
51930;201300034267;0;7;0;0.0;0.0;1.0;1.0;B01
51931;201300034268;0;7;0;0.0;1.0;4.0;4.0;A01
51932;201300034269;0;30;0;12.0;0.0;1.0;1.0;A01
51933;201300034270;0;10;0;0.0;1.0;0.0;1.0;A01
51934;201300034271;0;7;0;0.0;2.0;4.0;4.0;A01
51935;201300034271;0;2;0;0.0;0.0;1.0;1.0;B01
51936;201300034272;0;7;0;0.0;2.0;1.0;15.0;A01
51937;201300034272;0;7;0;0.0;0.0;1.0;1.0;B01
51938;201300034273;0;7;0;0.0;1.0;4.0;4.0;A01
51939;201300034274;0;7;0;0.0;1.0;1.0;1.0;A01
51940;201300034275;0;33;0;6.0;0.0;1.0;1.0;A01
51941;201300034276;0;7;0;0.0;1.0;1.0;1.0;A01
51942;201300034277;0;31;0;0.0;1.0;1.0;1.0;A01
51943;201300034278;0;33;0;0.0;2.0;1.0;1.0;A01
51944;201300034278;0;7;0;0.0;0.0;4.0;1.0;B01
51945;201300034279;0;7;0;0.0;2.0;6.0;15.0;A01
51946;201300034279;0;33;0;0.0;0.0;1.0;1.0;B01
51947;201300034280;0;33;0;0.0;2.0;1.0;1.0;A01
51948;201300034280;0;7;0;0.0;0.0;2.0;0.0;B01
51949;201300034281;0;38;0;0.0;1.0;0.0;0.0;A01
51950;201300034282;0;7;0;0.0;2.0;0.0;15.0;A01
51951;201300034282;0;2;0;0.0;0.0;0.0;0.0;B01
51952;201300034283;0;7;0;0.0;2.0;4.0;16.0;A01
51953;201300034283;0;33;0;0.0;0.0;0.0;1.0;B01
51954;201300034284;0;7;0;0.0;2.0;3.0;15.0;A01
51955;201300034284;0;7;0;0.0;0.0;0.0;1.0;B01
51956;201300034285;0;7;0;0.0;2.0;1.0;1.0;A01
51957;201300034285;0;33;0;0.0;0.0;0.0;1.0;B01
51958;201300034286;0;2;0;0.0;2.0;1.0;1.0;A01
51959;201300034286;0;7;0;0.0;0.0;0.0;1.0;B01
51960;201300034287;0;1;0;0.0;0.0;1.0;1.0;B01
51961;201300034287;0;7;0;0.0;2.0;2.0;15.0;A01
51962;201300034290;0;7;0;0.0;2.0;1.0;15.0;A01
51963;201300034290;0;7;0;0.0;0.0;1.0;1.0;B01
51964;201300034291;0;33;0;0.0;0.0;8.0;1.0;B01
51965;201300034291;0;7;0;0.0;2.0;7.0;15.0;A01
51966;201300034292;0;7;0;0.0;2.0;3.0;10.0;A01
51967;201300034292;0;2;0;0.0;0.0;1.0;1.0;B01
51968;201300034293;0;7;0;0.0;2.0;1.0;13.0;A01
51969;201300034293;0;38;41;0.0;0.0;2.0;1.0;B01
51970;201300034293;0;7;0;0.0;0.0;1.0;1.0;C01
51971;201300034294;0;7;0;0.0;2.0;0.0;16.0;A01
51972;201300034294;0;2;0;0.0;0.0;4.0;23.0;B01
51973;201300034295;0;7;0;0.0;2.0;3.0;9.0;A01
51974;201300034295;0;30;0;0.0;2.0;1.0;1.0;B01
51975;201300034296;0;7;0;0.0;1.0;2.0;1.0;A01
51976;201300034297;0;7;0;0.0;1.0;2.0;1.0;A01
51977;201300034298;0;13;0;0.0;0.0;2.0;15.0;A01
51978;201300034298;0;31;0;0.0;2.0;1.0;1.0;B01
51979;201300034299;0;7;0;0.0;2.0;2.0;15.0;A01
51980;201300034299;0;2;0;0.0;2.0;1.0;1.0;B01
51981;201300034300;0;7;0;0.0;1.0;1.0;15.0;A01
51982;201300034301;0;13;0;0.0;1.0;1.0;1.0;A01
51983;201300034302;0;7;0;0.0;1.0;1.0;1.0;A01
51984;201300034303;0;13;0;0.0;2.0;2.0;1.0;B01
51985;201300034303;0;7;0;0.0;2.0;1.0;15.0;A01
51986;201300034304;0;3;0;0.0;1.0;1.0;1.0;A01
51987;201300034305;0;7;0;0.0;1.0;8.0;1.0;A01
51988;201300034306;0;7;0;0.0;2.0;4.0;24.0;B01
51989;201300034306;0;10;0;0.0;0.0;4.0;24.0;C01
51990;201300034306;0;7;0;0.0;2.0;1.0;2.0;A01
51991;201300034307;0;7;0;0.0;2.0;1.0;1.0;B01
51992;201300034307;0;7;0;0.0;2.0;1.0;13.0;A01
51993;201300034308;0;7;0;0.0;1.0;0.0;2.0;A01
51994;201300034309;0;7;0;0.0;1.0;1.0;2.0;A01
51995;201300034310;0;7;0;0.0;1.0;1.0;2.0;A01
51996;201300034311;0;7;0;0.0;1.0;3.0;15.0;A01
51997;201300034312;0;7;0;0.0;1.0;1.0;0.0;A01
51998;201300034313;0;7;0;0.0;1.0;5.0;2.0;A01
51999;201300034314;0;7;0;1.0;1.0;4.0;2.0;A01
52000;201300034314;0;7;0;0.0;0.0;4.0;24.0;B01
52001;201300034315;0;7;0;0.0;2.0;8.0;0.0;B01
52002;201300034315;0;31;0;0.0;2.0;1.0;1.0;A01
52003;201300034316;0;7;0;0.0;2.0;6.0;15.0;A01
52004;201300034316;0;33;0;0.0;2.0;1.0;2.0;B01
52005;201300034317;0;7;0;0.0;1.0;2.0;1.0;A01
52006;201300034318;0;7;0;0.0;2.0;3.0;9.0;A01
52007;201300034318;0;30;0;0.0;2.0;1.0;1.0;B01
52008;201300034320;0;7;0;0.0;0.0;8.0;11.0;A01
52009;201300034320;0;2;0;0.0;2.0;9.0;2.0;B01
52010;201300034322;0;7;0;0.0;0.0;5.0;9.0;A01
52011;201300034322;0;2;0;0.0;2.0;1.0;2.0;B01
52012;201300034323;0;33;0;0.0;2.0;1.0;1.0;A01
52013;201300034323;0;2;0;0.0;2.0;1.0;9.0;B01
52014;201300034325;0;7;0;0.0;1.0;9.0;23.0;A01
52015;201300034325;0;7;0;0.0;2.0;1.0;2.0;B01
52016;201300034326;0;7;0;0.0;2.0;8.0;10.0;A01