;Num_Acc;senc;catv;occutc;obs;obsm;choc;manv;num_veh
52017;201300034326;0;33;0;0.0;2.0;1.0;2.0;B01
52018;201300034327;0;7;0;0.0;0.0;4.0;23.0;A01
52019;201300034327;0;34;0;0.0;2.0;1.0;2.0;B01
52020;201300034328;0;7;0;0.0;1.0;1.0;1.0;A01
52021;201300034329;0;7;0;0.0;1.0;2.0;1.0;A01
52022;201300034330;0;1;0;0.0;2.0;1.0;2.0;A01
52023;201300034330;0;7;0;0.0;0.0;4.0;23.0;B01
52024;201300034330;0;7;0;0.0;0.0;7.0;23.0;C01
52025;201300034331;0;7;0;0.0;2.0;6.0;11.0;A01
52026;201300034331;0;7;0;0.0;2.0;2.0;1.0;B01
52027;201300034332;0;7;0;0.0;2.0;6.0;9.0;B01
52028;201300034332;0;33;0;0.0;2.0;3.0;17.0;A01
52029;201300034334;0;7;0;0.0;2.0;1.0;2.0;A01
52030;201300034334;0;7;0;0.0;2.0;1.0;2.0;B01
52031;201300034335;0;33;0;0.0;2.0;1.0;1.0;B01
52032;201300034335;0;7;0;0.0;2.0;8.0;15.0;A01
52033;201300034337;0;7;0;0.0;1.0;2.0;2.0;A01
52034;201300034338;0;7;0;0.0;2.0;3.0;15.0;B01
52035;201300034338;0;32;0;0.0;2.0;8.0;17.0;A01
52036;201300034339;0;7;0;0.0;2.0;3.0;9.0;A01
52037;201300034339;0;1;0;0.0;2.0;1.0;2.0;B01
52038;201300034340;0;7;0;0.0;2.0;8.0;9.0;A01
52039;201300034340;0;2;0;0.0;2.0;7.0;0.0;B01
52040;201300034341;0;7;0;0.0;2.0;0.0;9.0;A01
52041;201300034341;0;1;0;0.0;2.0;0.0;1.0;B01
52042;201300034342;0;7;0;0.0;2.0;3.0;19.0;A01
52043;201300034342;0;7;0;0.0;2.0;1.0;1.0;B01
52044;201300034343;0;7;0;0.0;1.0;1.0;9.0;A01
52045;201300034344;0;7;0;0.0;1.0;1.0;16.0;A01
52046;201300034345;0;7;0;0.0;1.0;1.0;17.0;A01
52047;201300034346;0;7;0;0.0;2.0;2.0;15.0;A01
52048;201300034346;0;1;0;0.0;2.0;1.0;2.0;B01
52049;201300034347;0;7;0;0.0;1.0;3.0;2.0;A01
52050;201300034348;0;7;0;0.0;1.0;1.0;16.0;A01
52051;201300034349;0;7;0;0.0;1.0;2.0;15.0;A01
52052;201300034350;0;7;0;0.0;1.0;1.0;2.0;A01
52053;201300034351;1;7;0;0.0;1.0;1.0;2.0;A01
52054;201300034352;0;13;0;0.0;2.0;1.0;2.0;A01
52055;201300034352;0;7;0;0.0;2.0;4.0;2.0;B01
52056;201300034354;0;7;0;0.0;2.0;3.0;9.0;A01
52057;201300034354;0;10;0;0.0;2.0;1.0;1.0;B01
52058;201300034355;0;7;0;0.0;2.0;1.0;1.0;B01
52059;201300034355;0;32;0;0.0;2.0;6.0;15.0;A01
52060;201300034356;0;7;0;0.0;2.0;3.0;1.0;A01
52061;201300034356;0;7;0;0.0;2.0;3.0;1.0;B01
52062;201300034357;0;7;0;0.0;2.0;1.0;1.0;A01
52063;201300034357;0;3;0;0.0;0.0;4.0;23.0;B01
52064;201300034357;0;7;0;0.0;2.0;6.0;1.0;C01
52065;201300034359;0;7;0;6.0;0.0;2.0;1.0;A01
52066;201300034360;0;7;0;0.0;2.0;8.0;15.0;B01
52067;201300034360;0;7;0;0.0;2.0;1.0;1.0;A01
52068;201300034362;0;30;0;0.0;2.0;1.0;17.0;A01
52069;201300034362;0;7;0;0.0;2.0;3.0;2.0;B01
52070;201300034363;0;13;0;0.0;1.0;1.0;1.0;A01
52071;201300034364;0;30;0;0.0;2.0;1.0;11.0;A01
52072;201300034364;0;7;0;0.0;2.0;3.0;1.0;B01
52073;201300034365;0;33;0;0.0;0.0;2.0;5.0;A01
52074;201300034365;0;7;0;0.0;0.0;3.0;11.0;B01
52075;201300034366;0;1;0;0.0;2.0;1.0;0.0;A01
52076;201300034366;0;37;14;0.0;9.0;2.0;1.0;B01
52077;201300034367;0;7;0;0.0;1.0;2.0;2.0;A01
52078;201300034368;0;1;0;0.0;0.0;1.0;1.0;B01
52079;201300034368;0;7;0;0.0;0.0;3.0;1.0;A01
52080;201300034369;0;7;0;0.0;1.0;2.0;1.0;A01
52081;201300034370;1;7;0;0.0;1.0;2.0;1.0;A01
52082;201300034371;0;7;0;0.0;1.0;1.0;15.0;A01
52083;201300034372;0;30;0;13.0;0.0;7.0;1.0;A01
52084;201300034373;0;7;0;0.0;1.0;1.0;16.0;A01
52085;201300034374;0;7;0;0.0;1.0;0.0;11.0;A01
52086;201300034376;0;7;0;0.0;2.0;1.0;1.0;A01
52087;201300034376;0;7;0;0.0;2.0;6.0;15.0;B01
52088;201300034379;0;33;0;0.0;2.0;1.0;13.0;A01
52089;201300034379;0;7;0;0.0;0.0;1.0;1.0;B01
52090;201300034379;0;1;0;0.0;0.0;4.0;13.0;C01
52091;201300034380;0;7;0;0.0;9.0;2.0;1.0;A01
52092;201300034380;0;1;0;0.0;2.0;1.0;1.0;B01
52093;201300034381;0;7;0;0.0;1.0;3.0;0.0;A01
52094;201300034381;1;99;0;0.0;0.0;0.0;0.0;Z01
52095;201300034382;0;7;0;0.0;1.0;2.0;1.0;A01
52096;201300034383;1;7;0;0.0;0.0;0.0;0.0;A01
52097;201300034383;0;30;0;0.0;2.0;3.0;1.0;B01
52098;201300034384;0;7;0;0.0;2.0;1.0;1.0;A01
52099;201300034384;0;7;0;0.0;2.0;3.0;16.0;B01
52100;201300034385;0;1;0;0.0;2.0;1.0;0.0;A01
52101;201300034385;0;7;0;0.0;9.0;2.0;16.0;B01
52102;201300034386;0;2;0;0.0;1.0;0.0;0.0;A01
52103;201300034387;0;7;0;0.0;9.0;1.0;11.0;A01
52104;201300034387;0;1;0;0.0;2.0;1.0;1.0;B01
52105;201300034388;0;7;0;0.0;1.0;4.0;4.0;A01
52106;201300034389;0;14;0;0.0;1.0;1.0;1.0;A01
52107;201300034390;0;7;0;0.0;0.0;3.0;1.0;A01
52108;201300034391;0;7;0;0.0;9.0;1.0;2.0;A01
52109;201300034391;0;1;0;0.0;2.0;4.0;2.0;B01
52110;201300034392;0;7;0;13.0;0.0;9.0;5.0;A01
52111;201300034393;0;3;0;0.0;2.0;8.0;2.0;B01
52112;201300034393;0;7;0;0.0;2.0;7.0;17.0;A01
52113;201300034395;0;7;0;0.0;2.0;9.0;13.0;A01
52114;201300034395;0;7;0;0.0;2.0;1.0;1.0;B01
52115;201300034395;0;7;0;0.0;2.0;2.0;2.0;C01
52116;201300034396;0;10;0;0.0;9.0;2.0;17.0;A01
52117;201300034396;0;1;0;0.0;2.0;3.0;2.0;B01
52118;201300034397;0;10;0;15.0;0.0;1.0;14.0;A01
52119;201300034398;1;99;0;0.0;1.0;1.0;0.0;Z01
52120;201300034399;0;2;0;0.0;2.0;1.0;1.0;B01
52121;201300034399;0;7;0;0.0;2.0;3.0;15.0;A01
52122;201300034402;0;7;0;15.0;0.0;3.0;13.0;A01
52123;201300034403;0;2;0;0.0;0.0;0.0;1.0;A01
52124;201300034404;0;2;0;0.0;2.0;8.0;1.0;B01
52125;201300034404;0;7;0;0.0;2.0;2.0;9.0;A01
52126;201300034406;0;7;0;0.0;0.0;9.0;0.0;A01
52127;201300034407;0;33;0;0.0;5.0;1.0;1.0;A01
52128;201300034407;0;7;0;0.0;5.0;1.0;1.0;B01
52129;201300034408;0;7;0;0.0;2.0;8.0;0.0;B01
52130;201300034408;0;7;0;0.0;2.0;3.0;0.0;C01
52131;201300034408;0;7;0;0.0;2.0;3.0;0.0;A01
52132;201300034409;0;7;0;0.0;2.0;4.0;2.0;C01
52133;201300034409;0;7;0;0.0;2.0;4.0;2.0;D01
52134;201300034409;0;7;0;0.0;2.0;4.0;2.0;B01
52135;201300034409;0;10;0;0.0;2.0;1.0;2.0;A01
52136;201300034410;0;15;0;0.0;2.0;2.0;2.0;A01
52137;201300034410;0;21;0;0.0;2.0;3.0;23.0;B01
52138;201300034411;0;7;0;0.0;1.0;1.0;0.0;A01
52139;201300034412;2;10;0;8.0;0.0;1.0;0.0;A01
52140;201300034413;0;7;0;0.0;2.0;1.0;2.0;A01
52141;201300034413;0;7;0;0.0;0.0;4.0;23.0;B01
52142;201300034414;0;7;0;0.0;2.0;7.0;12.0;A01
52143;201300034414;0;30;0;0.0;2.0;8.0;2.0;B01
52144;201300034415;0;7;0;0.0;1.0;1.0;16.0;A01
52145;201300034417;0;7;0;8.0;0.0;2.0;14.0;A01
52146;201300034418;0;7;0;0.0;0.0;9.0;14.0;A01
52147;201300034419;0;10;0;0.0;1.0;1.0;2.0;A01
52148;201300034420;0;33;0;0.0;2.0;1.0;1.0;B01
52149;201300034420;0;7;0;0.0;2.0;3.0;11.0;A01
52150;201300034421;0;30;0;0.0;1.0;1.0;1.0;A01
52151;201300034422;0;10;0;0.0;2.0;3.0;1.0;C01
52152;201300034422;0;7;0;0.0;2.0;8.0;1.0;B01
52153;201300034422;0;7;0;0.0;2.0;3.0;13.0;A01
52154;201300034423;0;7;0;6.0;0.0;2.0;14.0;A01
52155;201300034424;0;2;0;0.0;0.0;0.0;0.0;A01
52156;201300034425;0;7;0;0.0;2.0;2.0;1.0;B01
52157;201300034425;0;7;0;0.0;0.0;3.0;15.0;A01
52158;201300034426;0;7;0;0.0;2.0;3.0;13.0;A01
52159;201300034426;0;30;0;0.0;2.0;1.0;1.0;B01
52160;201300034427;0;7;0;0.0;2.0;4.0;2.0;B01
52161;201300034427;0;7;0;0.0;2.0;1.0;2.0;A01
52162;201300034428;0;7;0;3.0;0.0;1.0;1.0;A01
52163;201300034429;0;7;0;0.0;1.0;1.0;15.0;A01
52164;201300034430;0;7;0;0.0;1.0;1.0;1.0;A01
52165;201300034432;0;7;0;0.0;2.0;7.0;1.0;B01
52166;201300034432;0;7;0;0.0;2.0;8.0;11.0;A01
52167;201300034433;0;7;0;6.0;0.0;1.0;11.0;A01
52168;201300034434;1;1;0;0.0;1.0;8.0;16.0;A01
52169;201300034435;0;7;0;0.0;2.0;1.0;0.0;B01
52170;201300034435;0;1;0;0.0;2.0;1.0;0.0;A01
52171;201300034436;0;7;0;1.0;0.0;2.0;1.0;A01
52172;201300034437;0;33;0;0.0;0.0;0.0;0.0;A01
52173;201300034438;0;33;0;0.0;2.0;1.0;17.0;A01
52174;201300034438;0;7;0;0.0;2.0;8.0;15.0;B01
52175;201300034439;1;17;0;0.0;0.0;5.0;0.0;Z01
52176;201300034439;0;1;0;0.0;2.0;8.0;2.0;B01
52177;201300034440;0;7;0;1.0;1.0;3.0;1.0;A01
52178;201300034441;0;7;0;0.0;2.0;1.0;2.0;A01
52179;201300034441;0;7;0;0.0;2.0;4.0;1.0;B01
52180;201300034442;0;7;0;13.0;0.0;9.0;14.0;A01
52181;201300034447;0;7;0;0.0;2.0;3.0;1.0;B01
52182;201300034447;0;33;0;0.0;2.0;1.0;17.0;A01
52183;201300034448;0;7;0;0.0;1.0;3.0;1.0;A01
52184;201300034449;0;7;0;0.0;2.0;4.0;2.0;C01
52185;201300034449;0;7;0;0.0;2.0;1.0;2.0;A01
52186;201300034449;0;7;0;0.0;2.0;4.0;2.0;B01
52187;201300034450;0;7;0;0.0;2.0;4.0;23.0;B01
52188;201300034450;0;7;0;0.0;2.0;1.0;2.0;A01
52189;201300034451;0;7;0;0.0;1.0;7.0;1.0;A01
52190;201300034452;0;7;0;0.0;1.0;3.0;1.0;A01
52191;201300034453;0;7;0;0.0;2.0;1.0;1.0;B01
52192;201300034453;0;7;0;0.0;2.0;1.0;13.0;A01
52193;201300034454;0;7;0;0.0;2.0;8.0;15.0;B01
52194;201300034454;0;31;0;0.0;2.0;1.0;17.0;A01
52195;201300034455;0;7;0;0.0;2.0;3.0;15.0;A01
52196;201300034455;0;2;0;0.0;2.0;1.0;1.0;B01
52197;201300034456;0;7;0;0.0;1.0;1.0;1.0;A01
52198;201300034457;0;7;0;0.0;1.0;1.0;1.0;A01
52199;201300034458;0;32;0;0.0;2.0;7.0;1.0;B01
52200;201300034458;0;7;0;0.0;2.0;1.0;15.0;A01
52201;201300034459;0;7;0;6.0;0.0;4.0;0.0;A01
52202;201300034460;0;30;0;0.0;2.0;1.0;2.0;A01
52203;201300034460;0;7;0;0.0;0.0;6.0;2.0;B01
52204;201300034461;0;7;0;0.0;2.0;5.0;4.0;A01
52205;201300034461;0;2;0;0.0;2.0;1.0;1.0;B01
52206;201300034462;0;7;0;0.0;2.0;8.0;17.0;A01
52207;201300034462;0;10;0;0.0;2.0;2.0;17.0;B01
52208;201300034463;0;33;0;0.0;0.0;8.0;1.0;A01
52209;201300034464;0;2;0;1.0;0.0;1.0;1.0;A01
52210;201300034465;0;10;0;13.0;0.0;1.0;2.0;A01
52211;201300034466;0;7;0;0.0;2.0;1.0;2.0;A01
52212;201300034466;0;7;0;0.0;0.0;4.0;2.0;B01
52213;201300034467;0;7;0;13.0;0.0;9.0;13.0;A01
52214;201300034468;0;7;0;0.0;1.0;2.0;1.0;A01
52215;201300034469;0;7;0;0.0;2.0;3.0;1.0;B01
52216;201300034469;0;7;0;0.0;2.0;1.0;19.0;A01
52217;201300034471;0;7;0;2.0;0.0;9.0;1.0;A01
52218;201300034472;0;7;0;0.0;1.0;2.0;1.0;A01
52219;201300034473;0;7;0;1.0;2.0;9.0;1.0;A01
52220;201300034473;0;7;0;0.0;2.0;3.0;1.0;C01
52221;201300034473;0;7;0;0.0;2.0;1.0;1.0;B01
52222;201300034475;0;7;0;0.0;2.0;6.0;1.0;B01
52223;201300034475;0;7;0;0.0;2.0;3.0;5.0;A01
52224;201300034476;0;7;0;0.0;1.0;1.0;1.0;A01
52225;201300034477;0;7;0;0.0;2.0;3.0;15.0;A01
52226;201300034477;0;30;0;0.0;2.0;1.0;1.0;B01
52227;201300034478;0;33;0;0.0;2.0;0.0;1.0;A01
52228;201300034478;0;7;0;0.0;2.0;6.0;1.0;B01
52229;201300034479;0;7;0;0.0;1.0;2.0;1.0;A01
52230;201300034480;0;7;0;2.0;0.0;4.0;0.0;A01
52231;201300034481;0;30;0;1.0;0.0;1.0;1.0;A01
52232;201300034482;0;7;0;0.0;2.0;1.0;2.0;B01
52233;201300034482;0;7;0;0.0;2.0;1.0;5.0;A01
52234;201300034483;0;7;0;0.0;2.0;7.0;15.0;A01
52235;201300034483;0;33;0;0.0;2.0;1.0;1.0;B01
52236;201300034485;0;7;0;0.0;0.0;5.0;15.0;A01
52237;201300034485;0;30;0;0.0;2.0;1.0;1.0;B01
52238;201300034486;0;7;0;2.0;0.0;2.0;2.0;A01
52239;201300034487;0;1;0;0.0;2.0;1.0;16.0;B01
52240;201300034487;0;7;0;0.0;2.0;2.0;1.0;A01
52241;201300034488;0;2;0;0.0;1.0;1.0;1.0;A01
52242;201300034489;0;15;0;0.0;2.0;2.0;1.0;C01
52243;201300034489;0;7;0;5.0;2.0;1.0;1.0;A01
52244;201300034489;0;17;0;0.0;2.0;4.0;2.0;B01
52245;201300034490;0;7;0;2.0;0.0;9.0;13.0;A01
52246;201300034491;0;7;0;0.0;1.0;2.0;1.0;A01
52247;201300034492;0;1;0;0.0;2.0;8.0;15.0;B01
52248;201300034492;0;7;0;0.0;2.0;1.0;1.0;A01
52249;201300034493;0;7;0;3.0;0.0;7.0;1.0;A01
52250;201300034495;1;7;0;0.0;1.0;8.0;15.0;Z01
52251;201300034496;0;7;0;14.0;0.0;9.0;1.0;B01
52252;201300034496;0;7;0;0.0;2.0;4.0;1.0;C01
52253;201300034496;0;7;0;14.0;0.0;1.0;1.0;A01
52254;201300034497;0;10;0;0.0;1.0;3.0;15.0;A01
52255;201300034498;0;7;0;0.0;1.0;2.0;1.0;A01
52256;201300034499;0;7;0;0.0;2.0;2.0;15.0;A01
52257;201300034499;0;2;0;0.0;2.0;1.0;1.0;B01
52258;201300034500;0;30;0;0.0;2.0;1.0;15.0;A01
52259;201300034500;0;7;0;0.0;2.0;3.0;1.0;B01
52260;201300034501;0;33;0;0.0;2.0;1.0;1.0;B01
52261;201300034501;0;7;0;0.0;2.0;1.0;15.0;A01
52262;201300034502;1;7;0;0.0;1.0;0.0;0.0;A01
52263;201300034503;0;7;0;0.0;1.0;1.0;1.0;A01
52264;201300034504;0;7;0;0.0;2.0;6.0;23.0;B01
52265;201300034504;0;33;0;1.0;0.0;2.0;1.0;A01
52266;201300034505;0;30;0;0.0;2.0;7.0;17.0;B01
52267;201300034505;0;7;0;0.0;2.0;3.0;16.0;A01
52268;201300034506;0;7;0;0.0;2.0;1.0;15.0;A01
52269;201300034506;0;1;0;0.0;2.0;8.0;1.0;B01
52270;201300034508;0;31;0;0.0;2.0;1.0;1.0;A01
52271;201300034508;0;37;1;0.0;2.0;5.0;15.0;B01
52272;201300034509;0;7;0;0.0;1.0;2.0;1.0;A01
52273;201300034510;0;7;0;0.0;1.0;1.0;1.0;A01
52274;201300034511;0;7;0;7.0;0.0;1.0;1.0;A01
52275;201300034512;0;7;0;0.0;2.0;1.0;1.0;C01
52276;201300034512;0;10;0;0.0;2.0;4.0;23.0;E01
52277;201300034512;1;7;0;0.0;0.0;;;A01
52278;201300034512;0;7;0;16.0;0.0;9.0;1.0;B01
52279;201300034512;0;7;0;0.0;2.0;4.0;23.0;D01
52280;201300034512;0;7;0;0.0;2.0;1.0;1.0;F02
52281;201300034513;0;33;0;0.0;2.0;1.0;1.0;B01
52282;201300034513;0;7;0;0.0;2.0;8.0;15.0;A01
52283;201300034514;1;7;0;0.0;2.0;1.0;15.0;Z01
52284;201300034514;0;30;0;0.0;2.0;1.0;1.0;A01
52285;201300034515;0;7;0;0.0;1.0;1.0;1.0;A01
52286;201300034516;0;31;0;0.0;2.0;1.0;1.0;A01
52287;201300034516;0;7;0;0.0;2.0;8.0;1.0;B01
52288;201300034517;2;7;0;1.0;0.0;1.0;0.0;A01
52289;201300034518;0;7;0;16.0;0.0;9.0;1.0;A01
52290;201300034519;0;2;0;0.0;1.0;0.0;1.0;A01
52291;201300034520;0;30;0;0.0;2.0;3.0;9.0;B01
52292;201300034520;0;7;0;0.0;2.0;1.0;1.0;A01
52293;201300034521;1;7;0;0.0;1.0;1.0;1.0;A01
52294;201300034522;0;7;0;0.0;2.0;1.0;13.0;A01
52295;201300034522;0;7;0;0.0;2.0;3.0;1.0;B01
52296;201300034523;0;20;0;0.0;2.0;8.0;1.0;B01
52297;201300034523;0;17;0;5.0;2.0;7.0;17.0;A01
52298;201300034524;0;7;0;14.0;0.0;1.0;1.0;A01
52299;201300034525;0;7;0;0.0;1.0;2.0;1.0;A01
52300;201300034526;0;7;0;0.0;1.0;1.0;1.0;A01
52301;201300034527;0;7;0;0.0;2.0;3.0;15.0;A01
52302;201300034527;0;2;0;1.0;2.0;4.0;1.0;B01
52303;201300034529;0;7;0;0.0;1.0;1.0;1.0;A01
52304;201300034530;0;7;0;0.0;2.0;1.0;1.0;A01
52305;201300034530;0;2;0;0.0;2.0;8.0;9.0;B01
52306;201300034531;0;30;0;0.0;2.0;1.0;1.0;A01
52307;201300034531;0;17;0;0.0;2.0;6.0;23.0;B01
52308;201300034532;0;7;0;8.0;0.0;1.0;1.0;A01
52309;201300034533;0;7;0;8.0;0.0;1.0;1.0;A01
52310;201300034535;2;7;0;0.0;2.0;3.0;15.0;A01
52311;201300034535;0;7;0;0.0;2.0;7.0;1.0;B01
52312;201300034536;0;30;0;0.0;1.0;1.0;1.0;A01
52313;201300034538;0;30;0;0.0;0.0;0.0;1.0;A01
52314;201300034539;0;7;0;0.0;2.0;1.0;1.0;A01
52315;201300034539;0;7;0;0.0;2.0;8.0;15.0;B01
52316;201300034540;0;1;0;0.0;0.0;0.0;0.0;A01
52317;201300034541;0;7;0;0.0;2.0;5.0;10.0;A01
52318;201300034541;0;30;0;0.0;2.0;1.0;1.0;B01
52319;201300034542;0;7;0;4.0;0.0;3.0;1.0;A01
52320;201300034543;0;33;0;16.0;0.0;7.0;1.0;A01
52321;201300034544;0;7;0;0.0;2.0;4.0;23.0;B01
52322;201300034544;0;33;0;0.0;2.0;1.0;2.0;A01
52323;201300034545;0;2;0;16.0;0.0;7.0;1.0;A01
52324;201300034546;0;33;0;1.0;2.0;1.0;17.0;A01
52325;201300034546;0;7;0;0.0;2.0;8.0;15.0;B01
52326;201300034547;0;7;0;4.0;0.0;8.0;1.0;A01
52327;201300034548;0;2;0;0.0;2.0;1.0;1.0;A01
52328;201300034548;1;7;0;0.0;2.0;2.0;1.0;Z01
52329;201300034549;0;40;0;0.0;1.0;1.0;1.0;A01
52330;201300034550;0;7;0;0.0;2.0;8.0;23.0;A01
52331;201300034550;1;7;0;0.0;2.0;3.0;16.0;Z01
52332;201300034551;0;7;0;1.0;0.0;1.0;1.0;A01
52333;201300034552;0;30;0;6.0;0.0;1.0;1.0;A01
52334;201300034553;0;1;0;0.0;2.0;1.0;1.0;A01
52335;201300034553;0;7;0;0.0;2.0;3.0;1.0;B01
52336;201300034554;0;7;0;0.0;2.0;4.0;1.0;B01
52337;201300034554;0;33;0;0.0;2.0;1.0;1.0;A01
52338;201300034555;0;2;0;12.0;0.0;1.0;15.0;A01
52339;201300034556;1;7;0;0.0;1.0;0.0;0.0;A01
52340;201300034557;0;7;0;0.0;1.0;3.0;15.0;A01
52341;201300034558;0;7;0;0.0;2.0;3.0;1.0;B01
52342;201300034558;0;7;0;0.0;2.0;1.0;1.0;A01
52343;201300034559;0;30;0;0.0;2.0;1.0;1.0;A01
52344;201300034559;0;7;0;0.0;2.0;4.0;1.0;B01
52345;201300034560;0;30;0;0.0;0.0;1.0;1.0;A01
52346;201300034562;0;7;0;0.0;2.0;3.0;1.0;B01
52347;201300034562;0;2;0;0.0;2.0;1.0;1.0;A01
52348;201300034563;0;7;0;0.0;2.0;8.0;10.0;A01
52349;201300034563;0;33;0;0.0;2.0;1.0;1.0;B01
52350;201300034564;0;7;0;0.0;1.0;3.0;1.0;A01
52351;201300034565;0;30;0;2.0;0.0;3.0;1.0;A01
52352;201300034566;0;7;0;0.0;1.0;1.0;1.0;A01
52353;201300034567;0;2;0;0.0;2.0;1.0;1.0;A01
52354;201300034567;0;7;0;0.0;2.0;2.0;15.0;B01
52355;201300034568;0;7;0;0.0;2.0;3.0;1.0;B01
52356;201300034568;0;7;0;0.0;2.0;3.0;1.0;A01
52357;201300034570;0;7;0;16.0;0.0;9.0;1.0;A01
52358;201300034571;0;7;0;0.0;1.0;4.0;4.0;A01
52359;201300034572;0;10;0;0.0;2.0;2.0;1.0;B01
52360;201300034572;0;7;0;0.0;2.0;8.0;9.0;A01
52361;201300034573;0;7;0;0.0;1.0;3.0;1.0;A01
52362;201300034574;0;33;0;0.0;0.0;4.0;1.0;B01
52363;201300034574;0;33;0;0.0;2.0;1.0;2.0;A01
52364;201300034575;0;34;0;4.0;0.0;8.0;1.0;A01
52365;201300034576;0;7;0;6.0;0.0;1.0;1.0;A01
52366;201300034577;0;30;0;15.0;0.0;2.0;1.0;A01
52367;201300034578;0;31;0;0.0;2.0;1.0;13.0;B01
52368;201300034578;0;7;0;0.0;2.0;8.0;10.0;A01
52369;201300034579;0;7;0;0.0;2.0;4.0;23.0;B01
52370;201300034579;0;7;0;0.0;2.0;1.0;1.0;A01
52371;201300034580;0;7;0;0.0;1.0;1.0;1.0;A01
52372;201300034581;0;1;0;0.0;1.0;1.0;1.0;A01
52373;201300034582;0;33;0;0.0;2.0;1.0;1.0;B01
52374;201300034582;1;7;0;0.0;2.0;8.0;10.0;A01
52375;201300034583;0;7;0;0.0;1.0;2.0;1.0;A01
52376;201300034584;0;7;0;0.0;1.0;1.0;1.0;A01
52377;201300034585;0;37;1;0.0;2.0;4.0;23.0;B01
52378;201300034585;0;33;0;0.0;2.0;1.0;1.0;A01
52379;201300034588;0;30;0;0.0;2.0;1.0;1.0;A01
52380;201300034588;0;7;0;0.0;2.0;4.0;23.0;B01
52381;201300034589;0;7;0;0.0;2.0;1.0;1.0;A01
52382;201300034589;0;7;0;0.0;2.0;4.0;1.0;B01
52383;201300034590;0;1;0;0.0;2.0;1.0;1.0;A01
52384;201300034590;0;7;0;0.0;2.0;7.0;16.0;B01
52385;201300034591;0;7;0;0.0;2.0;1.0;13.0;A01
52386;201300034591;0;7;0;0.0;2.0;1.0;1.0;B01
52387;201300034592;0;7;0;4.0;0.0;3.0;1.0;A01
52388;201300034593;0;7;0;0.0;2.0;1.0;1.0;B01
52389;201300034593;0;2;0;0.0;2.0;7.0;15.0;A01
52390;201300034594;0;33;0;0.0;2.0;1.0;17.0;A01
52391;201300034594;0;7;0;0.0;2.0;3.0;15.0;B01
52392;201300034595;0;1;0;0.0;1.0;1.0;1.0;A01
52393;201300034596;0;30;0;0.0;0.0;0.0;1.0;A01
52394;201300034597;0;2;0;0.0;2.0;1.0;5.0;A01
52395;201300034597;0;7;0;0.0;2.0;1.0;1.0;B01
52396;201300034598;0;33;0;0.0;2.0;1.0;2.0;A01
52397;201300034598;0;7;0;0.0;2.0;4.0;23.0;B01
52398;201300034600;0;2;0;16.0;0.0;7.0;1.0;A01
52399;201300034602;1;7;0;0.0;2.0;2.0;1.0;A01
52400;201300034602;0;1;0;0.0;2.0;3.0;9.0;B01
52401;201300034603;0;7;0;0.0;2.0;8.0;1.0;B01
52402;201300034603;0;7;0;0.0;2.0;1.0;1.0;A01
52403;201300034606;0;31;0;0.0;2.0;1.0;1.0;A01
52404;201300034606;0;7;0;0.0;2.0;4.0;10.0;B01
52405;201300034607;0;7;0;0.0;2.0;1.0;1.0;A01
52406;201300034607;0;7;0;0.0;2.0;3.0;1.0;B01
52407;201300034608;0;7;0;0.0;1.0;3.0;15.0;A01
52408;201300034609;0;33;0;0.0;2.0;1.0;1.0;B01
52409;201300034609;0;7;0;0.0;2.0;2.0;15.0;A01
52410;201300034610;0;7;0;0.0;2.0;1.0;1.0;A01
52411;201300034610;0;1;0;0.0;2.0;8.0;16.0;B01
52412;201300034611;2;30;0;0.0;2.0;1.0;1.0;A01
52413;201300034611;1;31;0;0.0;2.0;1.0;1.0;Z01
52414;201300034612;0;31;0;0.0;2.0;1.0;1.0;B01
52415;201300034612;0;7;0;0.0;2.0;7.0;15.0;A01
52416;201300034613;0;7;0;0.0;2.0;1.0;1.0;C01
52417;201300034613;0;10;0;0.0;2.0;2.0;1.0;B01
52418;201300034613;0;7;0;0.0;2.0;1.0;16.0;A01
52419;201300034614;0;1;0;0.0;2.0;3.0;19.0;A01
52420;201300034614;0;7;0;0.0;2.0;1.0;1.0;B01
52421;201300034615;0;1;0;0.0;0.0;0.0;1.0;A01
52422;201300034617;0;7;0;0.0;1.0;2.0;1.0;A01
52423;201300034618;0;1;0;0.0;0.0;0.0;16.0;A01
52424;201300034619;0;7;0;0.0;2.0;3.0;13.0;A01
52425;201300034619;0;7;0;0.0;2.0;1.0;23.0;C01
52426;201300034620;0;7;0;4.0;0.0;3.0;1.0;A01
52427;201300034621;0;33;0;0.0;2.0;2.0;1.0;B01
52428;201300034621;0;7;0;0.0;2.0;1.0;15.0;A01
52429;201300034622;1;7;0;0.0;1.0;1.0;14.0;Z01
52430;201300034623;0;7;0;0.0;2.0;3.0;15.0;A01
52431;201300034623;0;30;0;0.0;2.0;3.0;1.0;B01
52432;201300034624;0;7;0;1.0;2.0;1.0;1.0;A01
52433;201300034624;0;7;0;0.0;2.0;8.0;1.0;B01
52434;201300034625;0;7;0;0.0;1.0;1.0;16.0;A01
52435;201300034626;0;7;0;0.0;2.0;5.0;15.0;A01
52436;201300034626;0;30;0;0.0;2.0;1.0;1.0;B01
52437;201300034627;0;2;0;16.0;0.0;0.0;1.0;A01
52438;201300034628;0;7;0;0.0;2.0;7.0;15.0;A01