;Num_Acc;senc;catv;occutc;obs;obsm;choc;manv;num_veh
52439;201300034628;0;33;0;0.0;2.0;1.0;1.0;B01
52440;201300034629;0;31;0;0.0;2.0;7.0;2.0;A01
52441;201300034629;0;7;0;0.0;9.0;6.0;2.0;B01
52442;201300034630;0;7;0;0.0;2.0;7.0;14.0;A01
52443;201300034630;0;1;0;0.0;2.0;1.0;1.0;B01
52444;201300034631;0;30;0;0.0;2.0;1.0;1.0;A01
52445;201300034631;0;7;0;0.0;2.0;7.0;1.0;B01
52446;201300034632;0;1;0;14.0;0.0;0.0;0.0;A01
52447;201300034635;0;31;0;0.0;2.0;8.0;1.0;B01
52448;201300034635;0;7;0;0.0;2.0;1.0;15.0;A01
52449;201300034636;0;7;0;0.0;1.0;1.0;1.0;A01
52450;201300034637;1;17;0;0.0;0.0;0.0;0.0;B01
52451;201300034637;0;30;0;0.0;2.0;5.0;1.0;A01
52452;201300034638;0;7;0;0.0;0.0;0.0;15.0;A01
52453;201300034638;0;33;0;0.0;2.0;0.0;1.0;B01
52454;201300034639;0;7;0;0.0;0.0;1.0;0.0;A01
52455;201300034639;0;31;0;0.0;0.0;1.0;0.0;B01
52456;201300034640;0;7;0;0.0;2.0;1.0;2.0;A01
52457;201300034640;0;3;0;0.0;2.0;4.0;2.0;B01
52458;201300034641;0;7;0;0.0;1.0;0.0;0.0;A01
52459;201300034642;0;7;0;0.0;2.0;3.0;1.0;B01
52460;201300034642;0;32;0;0.0;2.0;7.0;1.0;A01
52461;201300034643;0;1;0;0.0;0.0;1.0;1.0;A01
52462;201300034644;0;99;0;0.0;0.0;0.0;1.0;A01
52463;201300034645;0;7;0;0.0;0.0;7.0;15.0;A01
52464;201300034645;0;30;0;0.0;0.0;1.0;1.0;B01
52465;201300034646;0;7;0;0.0;2.0;3.0;15.0;A01
52466;201300034646;0;7;0;0.0;2.0;3.0;1.0;B01
52467;201300034647;1;7;0;0.0;1.0;1.0;1.0;Z01
52468;201300034648;0;7;0;14.0;0.0;1.0;1.0;A01
52469;201300034648;0;7;0;4.0;0.0;1.0;1.0;B01
52470;201300034649;0;37;1;0.0;1.0;1.0;16.0;A01
52471;201300034650;0;30;0;16.0;0.0;0.0;1.0;A01
52472;201300034651;2;7;0;0.0;1.0;4.0;4.0;A01
52473;201300034652;1;30;0;0.0;1.0;0.0;0.0;A01
52474;201300034653;0;1;0;15.0;0.0;1.0;1.0;A01
52475;201300034655;0;30;0;0.0;0.0;1.0;0.0;A01
52476;201300034655;0;7;0;0.0;0.0;8.0;0.0;B01
52477;201300034656;0;7;0;0.0;0.0;0.0;1.0;A01
52478;201300034657;0;14;0;0.0;2.0;5.0;12.0;A01
52479;201300034657;0;7;0;0.0;2.0;8.0;1.0;B01
52480;201300034658;0;30;0;11.0;0.0;1.0;1.0;A01
52481;201300034659;1;33;0;16.0;0.0;0.0;1.0;A01
52482;201300034660;0;33;0;0.0;2.0;8.0;15.0;A01
52483;201300034660;0;7;0;0.0;2.0;2.0;1.0;B01
52484;201300034661;0;2;0;0.0;2.0;1.0;1.0;B01
52485;201300034661;0;7;0;0.0;2.0;7.0;1.0;A01
52486;201300034662;0;7;0;0.0;2.0;8.0;22.0;A01
52487;201300034662;0;2;0;0.0;2.0;1.0;1.0;B01
52488;201300034663;0;1;0;1.0;0.0;3.0;15.0;A01
52489;201300034665;0;10;0;0.0;2.0;7.0;1.0;B01
52490;201300034665;0;30;0;0.0;2.0;1.0;9.0;A01
52491;201300034666;0;7;0;15.0;0.0;8.0;1.0;A01
52492;201300034668;0;10;0;16.0;0.0;9.0;1.0;A01
52493;201300034669;0;7;0;0.0;1.0;3.0;0.0;A01
52494;201300034671;0;7;0;0.0;1.0;1.0;0.0;A01
52495;201300034672;0;10;0;0.0;2.0;8.0;15.0;B01
52496;201300034672;0;7;0;0.0;2.0;1.0;1.0;A01
52497;201300034673;0;7;0;0.0;0.0;1.0;9.0;A01
52498;201300034674;0;10;0;0.0;1.0;2.0;1.0;A01
52499;201300034675;0;7;0;0.0;1.0;2.0;1.0;A01
52500;201300034676;0;15;0;0.0;2.0;4.0;23.0;B01
52501;201300034676;0;33;0;0.0;2.0;1.0;1.0;A01
52502;201300034677;1;7;0;0.0;2.0;5.0;12.0;A01
52503;201300034677;0;7;0;4.0;2.0;3.0;1.0;B01
52504;201300034678;0;30;0;0.0;1.0;1.0;1.0;A01
52505;201300034679;0;7;0;0.0;1.0;1.0;1.0;A01
52506;201300034680;0;30;0;0.0;1.0;1.0;16.0;A01
52507;201300034681;0;7;0;0.0;2.0;2.0;14.0;B01
52508;201300034681;0;33;0;0.0;2.0;3.0;18.0;A01
52509;201300034682;1;10;0;0.0;1.0;2.0;1.0;Z01
52510;201300034683;0;7;0;0.0;1.0;1.0;1.0;A01
52511;201300034684;1;99;0;0.0;2.0;1.0;2.0;Z01
52512;201300034684;0;10;0;0.0;0.0;4.0;2.0;A01
52513;201300034684;0;10;0;0.0;2.0;9.0;2.0;C01
52514;201300034684;0;7;0;0.0;2.0;9.0;2.0;D01
52515;201300034684;0;7;0;0.0;2.0;1.0;2.0;B01
52516;201300034685;0;30;0;0.0;1.0;1.0;1.0;A01
52517;201300034686;0;7;0;0.0;2.0;1.0;15.0;A01
52518;201300034686;0;31;0;0.0;2.0;7.0;1.0;B01
52519;201300034688;0;1;0;0.0;2.0;7.0;1.0;A01
52520;201300034688;1;7;0;0.0;2.0;1.0;9.0;Z01
52521;201300034689;0;7;0;0.0;1.0;2.0;16.0;A01
52522;201300034690;0;3;0;0.0;1.0;1.0;15.0;A01
52523;201300034691;0;33;0;4.0;0.0;1.0;1.0;A01
52524;201300034692;0;7;0;0.0;1.0;1.0;1.0;A01
52525;201300034693;0;7;0;0.0;2.0;1.0;1.0;B01
52526;201300034693;0;7;0;0.0;2.0;5.0;1.0;A01
52527;201300034695;0;7;0;0.0;1.0;1.0;1.0;A01
52528;201300034696;0;7;0;0.0;2.0;1.0;2.0;A01
52529;201300034696;0;7;0;0.0;0.0;4.0;2.0;B01
52530;201300034697;0;7;0;0.0;2.0;1.0;1.0;A01
52531;201300034697;0;7;0;6.0;2.0;7.0;1.0;B01
52532;201300034698;0;7;0;0.0;1.0;1.0;15.0;A01
52533;201300034699;0;7;0;0.0;2.0;2.0;13.0;A01
52534;201300034699;0;7;0;0.0;2.0;1.0;1.0;B01
52535;201300034700;0;7;0;4.0;0.0;8.0;1.0;A01
52536;201300034701;0;7;0;0.0;2.0;3.0;15.0;A01
52537;201300034701;0;7;0;15.0;2.0;1.0;1.0;B01
52538;201300034702;0;7;0;0.0;2.0;1.0;15.0;B01
52539;201300034702;0;7;0;0.0;2.0;1.0;15.0;A01
52540;201300034704;0;7;0;0.0;1.0;4.0;4.0;A01
52541;201300034705;0;7;0;0.0;1.0;2.0;1.0;A01
52542;201300034706;0;7;0;0.0;1.0;1.0;1.0;A01
52543;201300034708;0;14;0;0.0;2.0;1.0;1.0;B01
52544;201300034708;0;7;0;0.0;2.0;4.0;1.0;A01
52545;201300034709;0;10;0;6.0;2.0;2.0;0.0;A01
52546;201300034709;0;7;0;0.0;2.0;6.0;1.0;B01
52547;201300034710;0;7;0;0.0;1.0;3.0;1.0;A01
52548;201300034711;0;7;0;0.0;1.0;1.0;1.0;A01
52549;201300034712;0;32;0;0.0;1.0;7.0;1.0;A01
52550;201300034713;0;1;0;0.0;1.0;1.0;17.0;A01
52551;201300034714;0;7;0;0.0;2.0;0.0;15.0;A01
52552;201300034714;0;1;0;0.0;2.0;0.0;1.0;B01
52553;201300034715;0;7;0;0.0;2.0;2.0;0.0;B01
52554;201300034715;0;1;0;0.0;2.0;0.0;5.0;A01
52555;201300034716;0;7;0;0.0;2.0;3.0;15.0;B01
52556;201300034716;0;33;0;0.0;2.0;1.0;17.0;A01
52557;201300034717;0;7;0;0.0;2.0;3.0;1.0;B01
52558;201300034717;0;7;0;0.0;2.0;1.0;1.0;A01
52559;201300034718;0;7;0;0.0;1.0;3.0;1.0;A01
52560;201300034719;0;7;0;0.0;2.0;8.0;1.0;B01
52561;201300034719;0;7;0;0.0;2.0;1.0;0.0;A01
52562;201300034719;0;7;0;0.0;2.0;5.0;0.0;C01
52563;201300034721;0;37;1;0.0;2.0;2.0;0.0;B01
52564;201300034721;0;7;0;0.0;2.0;3.0;0.0;A01
52565;201300034722;0;7;0;0.0;2.0;1.0;1.0;B01
52566;201300034722;0;7;0;0.0;2.0;2.0;1.0;A01
52567;201300034723;0;7;0;15.0;0.0;1.0;0.0;A01
52568;201300034724;0;7;0;0.0;1.0;1.0;15.0;A01
52569;201300034725;0;1;0;0.0;2.0;7.0;1.0;B01
52570;201300034725;0;7;0;0.0;9.0;1.0;0.0;A01
52571;201300034726;0;7;0;0.0;2.0;8.0;21.0;B01
52572;201300034726;0;7;0;0.0;2.0;3.0;5.0;A01
52573;201300034727;0;7;0;0.0;2.0;3.0;1.0;A01
52574;201300034727;0;33;0;0.0;2.0;2.0;2.0;B01
52575;201300034729;0;7;0;0.0;1.0;1.0;16.0;A01
52576;201300034730;2;7;0;4.0;0.0;3.0;0.0;A01
52577;201300034731;0;15;0;0.0;1.0;2.0;16.0;A01
52578;201300034732;0;7;0;0.0;2.0;4.0;23.0;B01
52579;201300034732;0;7;0;0.0;2.0;4.0;23.0;C01
52580;201300034732;0;7;0;0.0;2.0;1.0;2.0;A01
52581;201300034733;0;7;0;1.0;0.0;2.0;10.0;A01
52582;201300034735;0;2;0;0.0;2.0;1.0;1.0;B01
52583;201300034735;0;7;0;0.0;2.0;2.0;9.0;A01
52584;201300034736;2;7;0;6.0;0.0;0.0;0.0;A01
52585;201300034738;0;7;0;0.0;1.0;0.0;1.0;A01
52586;201300034739;0;33;0;0.0;2.0;0.0;17.0;B01
52587;201300034739;0;7;0;0.0;2.0;3.0;15.0;A01
52588;201300034740;0;10;0;0.0;1.0;3.0;15.0;A01
52589;201300034741;0;10;0;0.0;2.0;3.0;15.0;A01
52590;201300034741;0;32;0;0.0;2.0;1.0;1.0;B01
52591;201300034742;0;7;0;1.0;2.0;1.0;1.0;B01
52592;201300034742;0;17;0;0.0;2.0;0.0;15.0;A01
52593;201300034743;0;7;0;12.0;1.0;1.0;0.0;A01
52594;201300034744;0;33;0;0.0;0.0;8.0;16.0;A01
52595;201300034745;0;33;0;0.0;2.0;8.0;1.0;A01
52596;201300034745;0;7;0;0.0;2.0;5.0;2.0;B01
52597;201300034746;0;7;0;6.0;0.0;1.0;13.0;A01
52598;201300034748;0;7;0;0.0;2.0;1.0;1.0;A01
52599;201300034748;0;37;1;0.0;2.0;2.0;0.0;B01
52600;201300034749;0;7;0;0.0;2.0;1.0;1.0;B01
52601;201300034749;0;7;0;0.0;2.0;3.0;9.0;A01
52602;201300034750;0;15;0;0.0;2.0;1.0;1.0;B01
52603;201300034750;0;7;0;0.0;2.0;8.0;1.0;A01
52604;201300034751;0;7;0;0.0;1.0;0.0;0.0;A01
52605;201300034752;0;7;0;0.0;1.0;1.0;1.0;A01
52606;201300034755;0;15;0;3.0;0.0;0.0;21.0;A01
52607;201300034756;0;32;0;0.0;0.0;1.0;0.0;B01
52608;201300034756;0;7;0;0.0;2.0;2.0;15.0;A01
52609;201300034757;0;20;0;0.0;2.0;4.0;23.0;B01
52610;201300034757;0;7;0;0.0;2.0;1.0;1.0;A01
52611;201300034758;0;7;0;0.0;2.0;2.0;15.0;A01
52612;201300034758;0;7;0;0.0;2.0;1.0;1.0;B01
52613;201300034759;0;7;0;0.0;2.0;2.0;16.0;B01
52614;201300034759;0;2;0;0.0;2.0;1.0;1.0;A01
52615;201300034760;0;7;0;0.0;2.0;1.0;15.0;A01
52616;201300034760;0;33;0;0.0;2.0;1.0;1.0;B01
52617;201300034761;0;7;0;0.0;2.0;1.0;1.0;A01
52618;201300034761;0;7;0;0.0;2.0;0.0;15.0;B01
52619;201300034762;0;13;0;0.0;2.0;3.0;11.0;A01
52620;201300034762;0;7;0;15.0;2.0;4.0;1.0;B01
52621;201300034764;0;7;0;0.0;2.0;1.0;1.0;A01
52622;201300034764;0;7;0;0.0;2.0;2.0;15.0;B01
52623;201300034765;0;33;0;0.0;2.0;1.0;1.0;B01
52624;201300034765;0;7;0;0.0;2.0;7.0;15.0;A01
52625;201300034766;0;1;0;0.0;2.0;0.0;19.0;A01
52626;201300034766;0;7;0;0.0;2.0;1.0;1.0;B01
52627;201300034767;0;7;0;0.0;1.0;1.0;1.0;A01
52628;201300034769;0;10;0;0.0;2.0;7.0;16.0;B01
52629;201300034769;0;33;0;0.0;2.0;8.0;1.0;A01
52630;201300034770;0;7;0;0.0;2.0;8.0;23.0;C01
52631;201300034770;0;37;1;0.0;2.0;8.0;1.0;B01
52632;201300034770;0;7;0;0.0;2.0;2.0;15.0;A01
52633;201300034772;0;7;0;12.0;0.0;1.0;1.0;A01
52634;201300034773;0;7;0;0.0;1.0;0.0;0.0;B01
52635;201300034773;0;7;0;0.0;2.0;1.0;1.0;A01
52636;201300034774;0;7;0;0.0;2.0;1.0;1.0;B01
52637;201300034774;0;7;0;0.0;2.0;2.0;15.0;A01
52638;201300034775;0;2;0;0.0;2.0;0.0;1.0;B01
52639;201300034775;0;7;0;0.0;2.0;0.0;10.0;A01
52640;201300034776;0;99;0;0.0;2.0;1.0;1.0;A01
52641;201300034776;0;10;0;0.0;2.0;8.0;15.0;B01
52642;201300034777;0;7;0;0.0;1.0;2.0;1.0;A01
52643;201300034778;0;37;1;0.0;1.0;7.0;0.0;A01
52644;201300034779;0;7;0;0.0;0.0;4.0;23.0;B01
52645;201300034779;0;7;0;0.0;2.0;1.0;2.0;A01
52646;201300034780;0;10;0;0.0;2.0;1.0;1.0;B01
52647;201300034780;0;7;0;0.0;2.0;7.0;1.0;A01
52648;201300034781;0;33;0;0.0;2.0;1.0;1.0;B01
52649;201300034781;0;7;0;0.0;2.0;8.0;15.0;A01
52650;201300034782;0;7;0;0.0;1.0;1.0;0.0;A01
52651;201300034783;0;37;2;0.0;1.0;2.0;1.0;A01
52652;201300034784;0;7;0;0.0;1.0;2.0;16.0;A01
52653;201300034785;0;7;0;9.0;0.0;3.0;21.0;A01
52654;201300034786;0;7;0;0.0;2.0;2.0;0.0;A01
52655;201300034786;0;7;0;0.0;2.0;3.0;15.0;B01
52656;201300034787;1;7;0;0.0;1.0;0.0;0.0;Z01
52657;201300034788;0;33;0;0.0;2.0;3.0;1.0;A01
52658;201300034788;0;7;0;0.0;2.0;3.0;15.0;B01
52659;201300034789;0;2;0;0.0;0.0;0.0;15.0;A01
52660;201300034790;0;7;0;0.0;0.0;4.0;1.0;C01
52661;201300034790;0;7;0;1.0;0.0;1.0;11.0;A01
52662;201300034790;0;7;0;1.0;0.0;1.0;0.0;B01
52663;201300034791;0;7;0;0.0;1.0;2.0;1.0;A01
52664;201300034793;0;31;0;0.0;2.0;7.0;1.0;B01
52665;201300034793;0;99;0;0.0;2.0;3.0;15.0;A01
52666;201300034794;0;2;0;0.0;1.0;1.0;18.0;A01
52667;201300034795;0;33;0;0.0;0.0;0.0;1.0;A01
52668;201300034795;0;30;0;0.0;0.0;0.0;1.0;B01
52669;201300034796;1;7;0;0.0;1.0;4.0;4.0;Z01
52670;201300034797;0;37;20;0.0;1.0;3.0;1.0;A01
52671;201300034798;0;7;0;0.0;2.0;0.0;1.0;A01
52672;201300034798;0;30;0;0.0;2.0;0.0;0.0;B01
52673;201300034799;0;1;0;0.0;2.0;1.0;1.0;A01
52674;201300034799;0;7;0;0.0;2.0;3.0;1.0;B01
52675;201300034800;0;10;0;0.0;1.0;4.0;23.0;B01
52676;201300034800;0;10;0;0.0;2.0;1.0;1.0;A01
52677;201300034801;0;7;0;0.0;1.0;1.0;1.0;A01
52678;201300034802;0;7;0;0.0;2.0;1.0;1.0;B01
52679;201300034802;0;7;0;0.0;2.0;4.0;1.0;C01
52680;201300034802;0;7;0;0.0;2.0;1.0;1.0;A01
52681;201300034804;1;99;0;0.0;1.0;0.0;0.0;Z01
52682;201300034806;0;7;0;4.0;0.0;3.0;13.0;A01
52683;201300034807;0;7;0;0.0;2.0;1.0;0.0;A01
52684;201300034807;0;34;0;0.0;2.0;4.0;23.0;B01
52685;201300034808;0;7;0;0.0;2.0;1.0;5.0;A01
52686;201300034808;0;7;0;0.0;2.0;4.0;15.0;B01
52687;201300034809;0;7;0;0.0;2.0;1.0;2.0;A01
52688;201300034809;0;7;0;0.0;2.0;4.0;2.0;B01
52689;201300034809;0;7;0;0.0;2.0;4.0;2.0;C01
52690;201300034810;0;7;0;0.0;2.0;1.0;2.0;A01
52691;201300034810;0;7;0;0.0;2.0;4.0;23.0;C01
52692;201300034810;0;7;0;0.0;2.0;1.0;2.0;B01
52693;201300034811;0;7;0;0.0;1.0;1.0;1.0;A01
52694;201300034813;0;7;0;0.0;2.0;3.0;13.0;A01
52695;201300034813;0;1;0;0.0;2.0;1.0;0.0;B01
52696;201300034814;0;7;0;0.0;2.0;3.0;1.0;B01
52697;201300034814;0;1;0;0.0;2.0;1.0;1.0;A01
52698;201300034815;0;7;0;15.0;0.0;2.0;1.0;A01
52699;201300034816;0;33;0;0.0;2.0;7.0;1.0;B01
52700;201300034816;0;7;0;0.0;2.0;6.0;11.0;A01
52701;201300034817;0;33;0;5.0;0.0;1.0;1.0;A01
52702;201300034818;0;7;0;0.0;2.0;1.0;1.0;A01
52703;201300034818;0;7;0;0.0;0.0;4.0;0.0;B01
52704;201300034819;0;7;0;5.0;2.0;3.0;1.0;B01
52705;201300034819;0;7;0;5.0;2.0;2.0;1.0;A01
52706;201300034820;0;7;0;0.0;1.0;1.0;0.0;A01
52707;201300034821;0;7;0;0.0;2.0;1.0;19.0;A01
52708;201300034821;0;1;0;0.0;2.0;0.0;0.0;B01
52709;201300034822;0;33;0;0.0;2.0;7.0;1.0;B01
52710;201300034822;0;37;1;0.0;2.0;8.0;11.0;A01
52711;201300034823;0;7;0;0.0;2.0;2.0;15.0;A01
52712;201300034823;0;34;0;0.0;2.0;1.0;1.0;B01
52713;201300034826;0;33;0;0.0;2.0;2.0;0.0;B01
52714;201300034826;0;17;0;0.0;2.0;5.0;23.0;A01
52715;201300034827;0;7;0;0.0;2.0;5.0;0.0;B01
52716;201300034827;0;31;0;0.0;2.0;1.0;0.0;A01
52717;201300034828;0;7;0;0.0;2.0;3.0;1.0;A01
52718;201300034828;0;7;0;0.0;2.0;2.0;0.0;B01
52719;201300034829;0;34;0;0.0;2.0;1.0;1.0;B01
52720;201300034829;0;7;0;0.0;2.0;7.0;15.0;A01
52721;201300034830;0;7;0;0.0;1.0;3.0;1.0;A01
52722;201300034832;1;7;0;0.0;1.0;1.0;1.0;Z01
52723;201300034833;0;7;0;0.0;1.0;0.0;1.0;A01
52724;201300034834;0;37;0;0.0;2.0;3.0;1.0;B01
52725;201300034834;0;10;0;0.0;2.0;2.0;1.0;A01
52726;201300034835;0;7;0;0.0;2.0;3.0;1.0;B01
52727;201300034835;0;1;0;0.0;2.0;1.0;19.0;A01
52728;201300034836;0;7;0;0.0;2.0;3.0;15.0;B01
52729;201300034836;0;2;0;0.0;2.0;2.0;15.0;A01
52730;201300034837;0;33;0;0.0;2.0;1.0;17.0;A01
52731;201300034837;0;7;0;0.0;2.0;5.0;15.0;B01
52732;201300034838;0;7;0;0.0;2.0;4.0;1.0;B01
52733;201300034838;0;10;0;0.0;2.0;1.0;1.0;C01
52734;201300034838;0;15;0;0.0;2.0;1.0;12.0;A01
52735;201300034839;0;7;0;0.0;2.0;1.0;15.0;A01
52736;201300034839;0;7;0;0.0;2.0;1.0;1.0;B01
52737;201300034840;0;15;0;0.0;1.0;2.0;16.0;A01
52738;201300034841;0;7;0;0.0;1.0;2.0;1.0;A01
52739;201300034842;1;7;0;0.0;2.0;4.0;1.0;Z01
52740;201300034842;0;2;0;0.0;2.0;2.0;1.0;B01
52741;201300034843;0;10;0;0.0;2.0;2.0;15.0;A01
52742;201300034843;0;10;0;0.0;2.0;1.0;1.0;B01
52743;201300034844;0;7;0;0.0;2.0;8.0;1.0;A01
52744;201300034844;0;2;0;0.0;2.0;1.0;1.0;B01
52745;201300034845;0;7;0;0.0;2.0;1.0;1.0;B01
52746;201300034845;0;7;0;0.0;2.0;7.0;15.0;A01
52747;201300034846;0;7;0;0.0;2.0;3.0;9.0;B01
52748;201300034846;0;7;0;0.0;2.0;2.0;17.0;A01
52749;201300034847;0;7;0;0.0;2.0;1.0;2.0;B01
52750;201300034847;0;7;0;0.0;2.0;1.0;2.0;A01
52751;201300034847;0;7;0;0.0;2.0;4.0;2.0;C01
52752;201300034848;0;33;0;0.0;0.0;0.0;1.0;A01
52753;201300034849;1;7;0;0.0;1.0;0.0;1.0;Z01
52754;201300034850;0;30;0;1.0;2.0;1.0;1.0;B01
52755;201300034850;0;7;0;0.0;2.0;1.0;15.0;A01
52756;201300034853;0;7;0;0.0;2.0;5.0;0.0;B01
52757;201300034853;0;33;0;0.0;2.0;1.0;1.0;A01
52758;201300034854;0;33;0;12.0;0.0;1.0;1.0;A01
52759;201300034855;0;7;0;11.0;0.0;3.0;0.0;A01
52760;201300034856;0;7;0;0.0;2.0;3.0;0.0;Z01
52761;201300034856;0;33;0;0.0;2.0;1.0;0.0;A01
52762;201300034857;0;7;0;0.0;2.0;1.0;2.0;A01
52763;201300034857;0;7;0;0.0;2.0;4.0;2.0;B01
52764;201300034858;0;15;0;0.0;2.0;1.0;13.0;A01
52765;201300034858;0;33;0;0.0;2.0;1.0;1.0;B01
52766;201300034859;0;31;0;0.0;2.0;1.0;13.0;A01
52767;201300034859;0;7;0;0.0;2.0;2.0;1.0;B01
52768;201300034860;0;7;0;0.0;2.0;8.0;0.0;C01
52769;201300034860;0;7;0;0.0;2.0;3.0;0.0;B01
52770;201300034860;0;33;0;0.0;2.0;1.0;0.0;A01
52771;201300034861;0;7;0;3.0;0.0;2.0;17.0;A01
52772;201300034862;0;2;0;0.0;0.0;0.0;0.0;A01
52773;201300034863;0;7;0;0.0;2.0;2.0;9.0;B01
52774;201300034863;0;33;0;0.0;2.0;1.0;17.0;A01
52775;201300034864;0;33;0;0.0;0.0;2.0;1.0;A01
52776;201300034865;0;7;0;0.0;2.0;8.0;1.0;C01
52777;201300034865;0;7;0;0.0;2.0;4.0;1.0;B01
52778;201300034865;0;33;0;0.0;2.0;0.0;2.0;A01
52779;201300034866;0;7;0;0.0;2.0;8.0;15.0;A01
52780;201300034866;0;2;0;0.0;2.0;0.0;1.0;B01
52781;201300034867;0;30;0;0.0;2.0;1.0;13.0;A01
52782;201300034867;0;7;0;0.0;2.0;2.0;1.0;B01
52783;201300034868;0;7;0;1.0;0.0;7.0;0.0;A01
52784;201300034869;0;7;0;4.0;0.0;1.0;0.0;A01
52785;201300034870;0;37;10;0.0;2.0;1.0;0.0;B01
52786;201300034870;0;7;0;0.0;2.0;8.0;1.0;A01
52787;201300034871;0;7;0;0.0;2.0;3.0;16.0;A01
52788;201300034871;0;34;0;0.0;2.0;7.0;1.0;B01
52789;201300034872;0;7;0;1.0;0.0;2.0;1.0;A01
52790;201300034873;0;7;0;0.0;2.0;7.0;11.0;A01
52791;201300034873;0;17;0;0.0;2.0;2.0;1.0;B01
52792;201300034874;2;7;0;0.0;2.0;2.0;15.0;A01
52793;201300034874;0;7;0;1.0;2.0;6.0;1.0;B01
52794;201300034875;0;2;0;1.0;2.0;8.0;19.0;A01
52795;201300034875;0;7;0;0.0;2.0;1.0;1.0;B01
52796;201300034876;0;1;0;0.0;2.0;7.0;19.0;B01
52797;201300034876;0;7;0;0.0;2.0;1.0;1.0;A01
52798;201300034877;0;7;0;9.0;0.0;7.0;1.0;A01
52799;201300034878;0;7;0;0.0;2.0;6.0;15.0;A01
52800;201300034878;0;33;0;0.0;2.0;1.0;1.0;B01
52801;201300034879;0;7;0;0.0;2.0;3.0;1.0;B01
52802;201300034879;0;7;0;0.0;2.0;1.0;15.0;A01
52803;201300034880;0;33;0;4.0;0.0;8.0;1.0;B01
52804;201300034880;1;17;0;0.0;0.0;0.0;0.0;Z01
52805;201300034881;0;33;0;0.0;1.0;0.0;1.0;A01
52806;201300034882;0;33;0;0.0;2.0;1.0;1.0;B01
52807;201300034882;1;7;0;0.0;2.0;2.0;15.0;A01
52808;201300034885;0;7;0;0.0;2.0;3.0;13.0;A01
52809;201300034885;0;7;0;0.0;2.0;3.0;1.0;B01
52810;201300034886;0;7;0;0.0;9.0;4.0;0.0;G02
52811;201300034886;0;7;0;0.0;9.0;0.0;0.0;E01
52812;201300034886;0;7;0;0.0;2.0;8.0;0.0;D01
52813;201300034886;0;7;0;0.0;2.0;8.0;0.0;B01
52814;201300034886;0;7;0;0.0;2.0;4.0;0.0;F02
52815;201300034886;0;7;0;0.0;2.0;2.0;0.0;A01
52816;201300034886;0;7;0;0.0;2.0;8.0;0.0;C01
52817;201300034887;0;2;0;0.0;2.0;1.0;0.0;B01
52818;201300034887;0;7;0;0.0;2.0;2.0;15.0;A01
52819;201300034888;0;7;0;0.0;2.0;1.0;1.0;A01
52820;201300034888;0;7;0;0.0;2.0;6.0;11.0;B01
52821;201300034889;0;7;0;0.0;2.0;1.0;1.0;A01
52822;201300034889;0;7;0;0.0;2.0;9.0;1.0;B01
52823;201300034890;0;33;0;2.0;0.0;9.0;1.0;A01
52824;201300034891;0;7;0;0.0;2.0;7.0;0.0;B01
52825;201300034891;0;7;0;0.0;2.0;6.0;0.0;C01
52826;201300034891;0;7;0;0.0;2.0;0.0;1.0;A01
52827;201300034892;1;7;0;0.0;2.0;0.0;0.0;Z01
52828;201300034892;0;1;0;0.0;2.0;1.0;1.0;B01
52829;201300034893;1;7;0;0.0;2.0;8.0;17.0;Z01
52830;201300034893;0;31;0;0.0;2.0;8.0;1.0;B01
52831;201300034894;0;7;0;0.0;1.0;1.0;0.0;A01
52832;201300034895;0;7;0;6.0;0.0;0.0;0.0;A01
52833;201300034896;0;7;0;0.0;1.0;8.0;1.0;A01
52834;201300034897;0;7;0;0.0;2.0;6.0;15.0;A01
52835;201300034897;0;7;0;0.0;2.0;1.0;1.0;B01
52836;201300034898;0;7;0;0.0;0.0;0.0;16.0;B01
52837;201300034898;0;1;0;8.0;2.0;0.0;14.0;A01
52838;201300034900;0;7;0;0.0;2.0;2.0;1.0;A01
52839;201300034900;0;1;0;0.0;2.0;8.0;0.0;B01
52840;201300034901;0;7;0;0.0;2.0;3.0;1.0;A01
52841;201300034901;1;10;0;0.0;2.0;0.0;16.0;Z01
52842;201300034902;0;31;0;0.0;2.0;1.0;1.0;B01
52843;201300034902;0;7;0;0.0;2.0;6.0;9.0;A01
52844;201300034903;0;7;0;8.0;2.0;2.0;17.0;A01
52845;201300034903;0;7;0;0.0;2.0;3.0;15.0;B01
52846;201300034904;0;7;0;0.0;2.0;2.0;1.0;B01
52847;201300034904;0;2;0;0.0;2.0;1.0;5.0;A01
52848;201300034906;0;7;0;0.0;1.0;3.0;1.0;A01
52849;201300034907;0;14;0;0.0;2.0;1.0;1.0;B01
52850;201300034907;0;7;0;4.0;2.0;5.0;13.0;A01
52851;201300034908;0;31;0;0.0;2.0;8.0;1.0;B01
52852;201300034908;0;7;0;0.0;2.0;1.0;15.0;A01
52853;201300034909;0;33;0;0.0;2.0;7.0;1.0;A01
52854;201300034909;1;7;0;0.0;2.0;7.0;12.0;Z01
52855;201300034910;0;7;0;0.0;2.0;5.0;23.0;B01
52856;201300034910;0;7;0;0.0;2.0;6.0;23.0;C01
52857;201300034910;0;33;0;0.0;2.0;1.0;3.0;A01
52858;201300034911;0;7;0;0.0;2.0;4.0;2.0;B01