;Num_Acc;senc;catv;occutc;obs;obsm;choc;manv;num_veh
52859;201300034911;0;7;0;0.0;2.0;2.0;2.0;A01
52860;201300034912;0;7;0;0.0;2.0;4.0;1.0;B01
52861;201300034912;0;7;0;0.0;2.0;1.0;1.0;A01
52862;201300034913;0;7;0;0.0;1.0;2.0;1.0;A01
52863;201300034915;0;7;0;0.0;2.0;0.0;0.0;A01
52864;201300034916;0;2;0;0.0;0.0;1.0;0.0;A01
52865;201300034916;0;7;0;0.0;2.0;1.0;1.0;B01
52866;201300034917;0;7;0;0.0;1.0;1.0;1.0;A01
52867;201300034918;0;7;0;0.0;2.0;6.0;15.0;A01
52868;201300034918;0;7;0;0.0;2.0;2.0;21.0;B01
52869;201300034919;0;7;0;0.0;1.0;3.0;15.0;A01
52870;201300034920;0;30;0;0.0;2.0;3.0;1.0;B01
52871;201300034920;0;7;0;0.0;2.0;3.0;15.0;A01
52872;201300034922;0;30;0;0.0;2.0;1.0;1.0;B01
52873;201300034922;0;7;0;0.0;2.0;1.0;15.0;A01
52874;201300034923;0;7;0;0.0;2.0;1.0;15.0;A02
52875;201300034923;0;7;0;1.0;0.0;1.0;0.0;A01
52876;201300034924;0;7;0;0.0;1.0;3.0;1.0;A01
52877;201300034925;0;1;0;0.0;2.0;4.0;1.0;B01
52878;201300034925;0;7;0;0.0;9.0;2.0;1.0;A01
52879;201300034926;0;7;0;0.0;1.0;1.0;15.0;A01
52880;201300034927;0;7;0;0.0;2.0;3.0;1.0;A01
52881;201300034927;0;1;0;0.0;2.0;4.0;19.0;B01
52882;201300034928;0;7;0;0.0;1.0;3.0;1.0;A01
52883;201300034929;0;37;1;0.0;1.0;1.0;1.0;A01
52884;201300034930;0;7;0;0.0;2.0;3.0;1.0;B01
52885;201300034930;0;7;0;0.0;2.0;3.0;13.0;A01
52886;201300034931;0;10;0;1.0;0.0;1.0;0.0;A01
52887;201300034932;0;7;0;0.0;2.0;1.0;1.0;A01
52888;201300034932;0;7;0;0.0;2.0;1.0;1.0;B01
52889;201300034933;0;7;0;0.0;2.0;6.0;1.0;A01
52890;201300034933;0;7;0;15.0;2.0;2.0;1.0;B01
52891;201300034934;0;7;0;0.0;1.0;3.0;1.0;A01
52892;201300034935;0;7;0;0.0;1.0;3.0;15.0;A01
52893;201300034936;0;15;0;0.0;1.0;2.0;16.0;A01
52894;201300034937;0;31;0;0.0;1.0;1.0;1.0;A01
52895;201300034939;0;7;0;0.0;2.0;4.0;2.0;C01
52896;201300034939;0;7;0;0.0;2.0;4.0;2.0;B01
52897;201300034939;0;7;0;0.0;2.0;1.0;2.0;A01
52898;201300034940;0;7;0;0.0;1.0;3.0;4.0;A01
52899;201300034941;0;37;0;0.0;1.0;1.0;1.0;A01
52900;201300034942;0;7;0;0.0;2.0;3.0;1.0;B01
52901;201300034942;0;2;0;0.0;2.0;2.0;0.0;A01
52902;201300034943;0;7;0;0.0;1.0;2.0;15.0;A01
52903;201300034944;0;7;0;12.0;0.0;0.0;13.0;A01
52904;201300034945;0;7;0;0.0;2.0;6.0;15.0;A01
52905;201300034945;0;31;0;0.0;2.0;1.0;1.0;B01
52906;201300034946;0;7;0;0.0;1.0;4.0;4.0;A01
52907;201300034947;0;7;0;0.0;2.0;2.0;15.0;A01
52908;201300034947;0;2;0;0.0;2.0;1.0;0.0;B01
52909;201300034948;0;7;0;0.0;2.0;7.0;1.0;B01
52910;201300034948;0;2;0;0.0;2.0;1.0;0.0;A01
52911;201300034949;0;7;0;2.0;0.0;1.0;1.0;A01
52912;201300034950;0;2;0;0.0;2.0;1.0;1.0;B01
52913;201300034950;0;7;0;0.0;2.0;2.0;13.0;A01
52914;201300034951;0;7;0;0.0;1.0;1.0;1.0;A01
52915;201300034953;0;7;0;0.0;2.0;3.0;1.0;A01
52916;201300034953;0;1;0;0.0;2.0;4.0;1.0;B01
52917;201300034954;0;33;0;0.0;2.0;8.0;1.0;A01
52918;201300034954;0;7;0;0.0;2.0;2.0;15.0;B01
52919;201300034955;0;7;0;0.0;2.0;4.0;1.0;A01
52920;201300034955;0;7;0;0.0;2.0;1.0;1.0;B01
52921;201300034956;0;7;0;0.0;2.0;2.0;0.0;A01
52922;201300034956;0;7;0;0.0;2.0;1.0;0.0;B01
52923;201300034958;0;1;0;0.0;2.0;1.0;19.0;A01
52924;201300034958;0;7;0;0.0;2.0;8.0;1.0;B01
52925;201300034959;0;7;0;0.0;2.0;3.0;1.0;A01
52926;201300034959;0;33;0;0.0;2.0;1.0;1.0;B01
52927;201300034960;0;32;0;0.0;2.0;1.0;5.0;A01
52928;201300034960;0;7;0;0.0;2.0;3.0;1.0;B01
52929;201300034961;0;10;0;8.0;2.0;1.0;9.0;A01
52930;201300034961;0;7;0;0.0;2.0;7.0;1.0;B01
52931;201300034962;0;7;0;0.0;1.0;7.0;17.0;A01
52932;201300034963;0;33;0;0.0;2.0;1.0;1.0;A01
52933;201300034963;0;7;0;0.0;2.0;2.0;15.0;B01
52934;201300034964;0;7;0;6.0;2.0;7.0;12.0;A01
52935;201300034964;0;7;0;0.0;2.0;3.0;1.0;B01
52936;201300034965;0;7;0;0.0;2.0;1.0;1.0;B01
52937;201300034965;0;7;0;0.0;2.0;8.0;1.0;A01
52938;201300034966;0;7;0;0.0;1.0;1.0;1.0;A01
52939;201300034967;0;10;0;0.0;2.0;0.0;10.0;A01
52940;201300034967;0;33;0;0.0;2.0;0.0;21.0;B01
52941;201300034968;0;7;0;0.0;2.0;2.0;9.0;A01
52942;201300034968;0;33;0;0.0;2.0;1.0;1.0;B01
52943;201300034969;0;7;0;0.0;1.0;7.0;1.0;A01
52944;201300034970;0;10;0;0.0;2.0;2.0;2.0;A01
52945;201300034970;0;10;0;0.0;2.0;6.0;2.0;B01
52946;201300034971;0;7;0;0.0;1.0;2.0;0.0;A01
52947;201300034972;0;10;0;0.0;0.0;3.0;1.0;A01
52948;201300034972;0;10;0;0.0;0.0;3.0;15.0;B01
52949;201300034973;0;7;0;0.0;1.0;2.0;1.0;A01
52950;201300034974;0;10;0;9.0;0.0;3.0;1.0;A01
52951;201300034975;0;37;56;0.0;0.0;3.0;1.0;B01
52952;201300034975;0;7;0;0.0;0.0;8.0;15.0;A01
52953;201300034976;0;7;0;0.0;2.0;1.0;1.0;B01
52954;201300034976;0;7;0;0.0;2.0;7.0;5.0;A01
52955;201300034977;0;7;0;0.0;2.0;1.0;1.0;B01
52956;201300034977;0;7;0;0.0;2.0;1.0;5.0;A01
52957;201300034978;0;7;0;0.0;0.0;1.0;1.0;A01
52958;201300034978;0;7;0;0.0;0.0;3.0;1.0;B01
52959;201300034979;0;7;0;0.0;1.0;4.0;4.0;A01
52960;201300034980;0;7;0;8.0;0.0;1.0;1.0;A01
52961;201300034981;0;7;0;0.0;2.0;7.0;0.0;A01
52962;201300034981;0;10;0;0.0;2.0;2.0;0.0;B01
52963;201300034982;0;7;0;0.0;1.0;1.0;0.0;A01
52964;201300034983;1;7;0;0.0;1.0;2.0;1.0;Z01
52965;201300034984;0;7;0;0.0;1.0;2.0;2.0;A01
52966;201300034985;0;7;0;0.0;0.0;3.0;0.0;A01
52967;201300034986;0;1;0;0.0;2.0;1.0;13.0;A01
52968;201300034986;0;7;0;0.0;9.0;2.0;0.0;B01
52969;201300034988;0;7;0;6.0;0.0;1.0;0.0;A01
52970;201300034989;0;7;0;0.0;0.0;4.0;0.0;C01
52971;201300034989;0;7;0;0.0;2.0;1.0;0.0;A01
52972;201300034989;0;7;0;0.0;2.0;4.0;0.0;B01
52973;201300034990;0;10;0;0.0;1.0;4.0;4.0;A01
52974;201300034991;0;36;0;0.0;0.0;9.0;5.0;A01
52975;201300034992;0;7;0;0.0;2.0;1.0;2.0;A01
52976;201300034992;0;7;0;0.0;2.0;4.0;20.0;B01
52977;201300034993;0;7;0;0.0;2.0;4.0;0.0;B01
52978;201300034993;0;7;0;0.0;0.0;4.0;15.0;C01
52979;201300034993;0;7;0;0.0;2.0;1.0;0.0;A01
52980;201300034994;0;7;0;16.0;0.0;9.0;1.0;A01
52981;201300034995;0;7;0;2.0;0.0;2.0;0.0;A01
52982;201300034996;0;7;0;8.0;0.0;3.0;1.0;B01
52983;201300034996;1;7;0;0.0;0.0;0.0;13.0;Z01
52984;201300034997;0;7;0;0.0;1.0;3.0;16.0;A01
52985;201300034998;0;7;0;0.0;0.0;3.0;1.0;A01
52986;201300034998;0;7;0;0.0;0.0;2.0;1.0;B01
52987;201300034999;0;7;0;13.0;2.0;3.0;17.0;A01
52988;201300034999;0;7;0;13.0;2.0;5.0;2.0;B01
52989;201300035000;0;7;0;0.0;2.0;8.0;21.0;B01
52990;201300035000;0;7;0;0.0;2.0;1.0;1.0;C01
52991;201300035000;1;7;0;0.0;0.0;0.0;5.0;Z01
52992;201300035001;0;7;0;8.0;0.0;8.0;16.0;A01
52993;201300035002;0;7;0;0.0;2.0;7.0;15.0;A01
52994;201300035002;0;10;0;7.0;2.0;2.0;0.0;B01
52995;201300035002;0;7;0;0.0;2.0;3.0;0.0;C01
52996;201300035003;0;31;0;0.0;2.0;1.0;17.0;A01
52997;201300035003;0;7;0;0.0;2.0;1.0;1.0;B01
52998;201300035004;0;7;0;0.0;2.0;1.0;2.0;A01
52999;201300035004;0;7;0;0.0;0.0;4.0;23.0;B01
53000;201300035005;0;7;0;16.0;0.0;7.0;0.0;A01
53001;201300035006;0;33;0;0.0;2.0;1.0;1.0;B01
53002;201300035006;0;7;0;0.0;2.0;3.0;15.0;A01
53003;201300035007;0;1;0;0.0;2.0;3.0;1.0;B01
53004;201300035007;0;7;0;0.0;2.0;1.0;1.0;A01
53005;201300035008;0;32;0;0.0;2.0;1.0;2.0;A01
53006;201300035008;0;7;0;0.0;0.0;4.0;2.0;B01
53007;201300035009;0;10;0;0.0;2.0;3.0;5.0;A01
53008;201300035009;0;10;0;0.0;2.0;3.0;1.0;B01
53009;201300035012;0;7;0;0.0;1.0;1.0;1.0;A01
53010;201300035013;0;7;0;2.0;2.0;8.0;1.0;A01
53011;201300035013;0;7;0;0.0;2.0;8.0;1.0;B01
53012;201300035014;0;7;0;7.0;2.0;3.0;5.0;A01
53013;201300035014;0;33;0;0.0;2.0;8.0;1.0;B01
53014;201300035014;0;7;0;2.0;9.0;1.0;21.0;C01
53015;201300035015;0;3;0;0.0;1.0;6.0;16.0;A01
53016;201300035016;0;7;0;0.0;1.0;2.0;1.0;A01
53017;201300035017;0;33;0;0.0;2.0;1.0;1.0;B01
53018;201300035017;0;7;0;0.0;2.0;3.0;15.0;A01
53019;201300035018;0;10;0;2.0;0.0;1.0;0.0;A01
53020;201300035019;0;33;0;0.0;2.0;1.0;17.0;A01
53021;201300035019;0;1;0;0.0;2.0;4.0;15.0;B01
53022;201300035020;0;7;0;2.0;0.0;2.0;19.0;A01
53023;201300035020;0;7;0;0.0;9.0;1.0;13.0;B01
53024;201300035021;0;7;0;0.0;2.0;3.0;13.0;A01
53025;201300035021;0;33;0;0.0;2.0;3.0;1.0;B01
53026;201300035022;0;7;0;0.0;2.0;1.0;1.0;B01
53027;201300035022;0;7;0;0.0;2.0;7.0;19.0;A01
53028;201300035024;0;33;0;0.0;2.0;8.0;13.0;A01
53029;201300035024;0;7;0;0.0;2.0;8.0;1.0;B01
53030;201300035024;0;7;0;0.0;2.0;1.0;1.0;C01
53031;201300035028;0;33;0;0.0;6.0;1.0;0.0;A01
53032;201300035030;0;7;0;0.0;2.0;2.0;2.0;A01
53033;201300035030;0;1;0;0.0;2.0;4.0;2.0;B01
53034;201300035031;0;7;0;2.0;0.0;3.0;1.0;A01
53035;201300035032;0;7;0;0.0;2.0;1.0;1.0;A01
53036;201300035032;0;7;0;0.0;2.0;3.0;1.0;B01
53037;201300035033;0;7;0;0.0;2.0;1.0;15.0;B01
53038;201300035033;0;7;0;0.0;2.0;1.0;1.0;A01
53039;201300035034;0;7;0;0.0;1.0;3.0;1.0;A01
53040;201300035035;0;7;0;0.0;2.0;1.0;1.0;B01
53041;201300035035;0;7;0;0.0;2.0;4.0;13.0;A01
53042;201300035036;0;7;0;0.0;2.0;1.0;1.0;B01
53043;201300035036;0;7;0;0.0;2.0;1.0;23.0;C01
53044;201300035036;0;7;0;0.0;2.0;6.0;23.0;D01
53045;201300035036;0;7;0;0.0;2.0;2.0;15.0;A01
53046;201300035037;0;33;0;0.0;0.0;0.0;17.0;A01
53047;201300035037;0;7;0;0.0;9.0;3.0;0.0;B01
53048;201300035038;0;7;0;0.0;2.0;2.0;15.0;A01
53049;201300035038;0;30;0;0.0;2.0;1.0;1.0;B01
53050;201300035039;0;7;0;0.0;2.0;6.0;1.0;B01
53051;201300035039;0;7;0;0.0;2.0;1.0;1.0;A01
53052;201300035040;0;7;0;0.0;2.0;2.0;15.0;A01
53053;201300035040;0;32;0;0.0;2.0;1.0;1.0;B01
53054;201300035041;0;30;0;0.0;2.0;1.0;1.0;A01
53055;201300035041;0;10;0;0.0;2.0;2.0;1.0;B01
53056;201300035042;0;1;0;0.0;2.0;8.0;2.0;A01
53057;201300035042;0;7;0;0.0;2.0;5.0;17.0;B01
53058;201300035043;0;31;0;14.0;0.0;1.0;6.0;A01
53059;201300035044;0;7;0;0.0;2.0;7.0;10.0;A01
53060;201300035044;0;33;0;0.0;2.0;1.0;0.0;B01
53061;201300035045;0;31;0;0.0;2.0;1.0;2.0;A01
53062;201300035045;0;7;0;0.0;2.0;1.0;2.0;B01
53063;201300035047;0;33;0;0.0;1.0;1.0;1.0;A01
53064;201300035048;0;7;0;0.0;2.0;1.0;17.0;A01
53065;201300035048;0;33;0;0.0;2.0;1.0;1.0;B01
53066;201300035049;0;7;0;0.0;2.0;1.0;13.0;A01
53067;201300035049;0;7;0;0.0;2.0;1.0;1.0;B01
53068;201300035050;0;7;0;0.0;1.0;2.0;2.0;A01
53069;201300035051;0;13;0;0.0;2.0;7.0;14.0;A01
53070;201300035051;0;30;0;0.0;2.0;8.0;2.0;B01
53071;201300035052;0;7;0;0.0;2.0;1.0;5.0;A01
53072;201300035052;0;7;0;0.0;2.0;1.0;1.0;B01
53073;201300035052;0;7;0;0.0;2.0;1.0;2.0;C01
53074;201300035053;0;3;0;0.0;1.0;3.0;1.0;A01
53075;201300035054;0;7;0;0.0;2.0;1.0;13.0;A01
53076;201300035054;0;7;0;0.0;2.0;1.0;0.0;B01
53077;201300035055;0;7;0;0.0;2.0;3.0;10.0;A01
53078;201300035055;0;33;0;0.0;2.0;1.0;2.0;B01
53079;201300035056;0;7;0;0.0;9.0;0.0;1.0;A01
53080;201300035056;0;1;0;0.0;2.0;0.0;1.0;B01
53081;201300035057;0;7;0;0.0;1.0;2.0;2.0;A01
53082;201300035058;1;7;0;0.0;1.0;3.0;0.0;Z01
53083;201300035059;0;7;0;0.0;2.0;3.0;17.0;A01
53084;201300035059;0;7;0;0.0;2.0;3.0;17.0;B01
53085;201300035060;0;7;0;0.0;1.0;2.0;2.0;A01
53086;201300035061;0;7;0;0.0;0.0;1.0;13.0;A01
53087;201300035061;0;7;0;0.0;0.0;3.0;1.0;B01
53088;201300035062;0;7;0;2.0;;1.0;17.0;A01
53089;201300035063;0;7;0;0.0;2.0;1.0;6.0;A01
53090;201300035063;0;33;0;0.0;2.0;1.0;0.0;B01
53091;201300035064;0;7;0;0.0;1.0;3.0;1.0;A01
53092;201300035065;0;7;0;0.0;1.0;1.0;0.0;A01
53093;201300035066;0;7;0;2.0;2.0;1.0;2.0;A01
53094;201300035066;0;7;0;15.0;0.0;4.0;23.0;B01
53095;201300035067;0;7;0;4.0;2.0;0.0;12.0;A01
53096;201300035067;0;7;0;4.0;2.0;0.0;0.0;B01
53097;201300035068;0;7;0;0.0;2.0;1.0;21.0;A01
53098;201300035068;1;33;0;0.0;2.0;1.0;0.0;Z01
53099;201300035070;0;7;0;0.0;0.0;5.0;19.0;A01
53100;201300035070;0;34;0;0.0;0.0;3.0;1.0;B01
53101;201300035071;0;31;0;0.0;0.0;1.0;0.0;B01
53102;201300035071;0;7;0;0.0;0.0;3.0;5.0;A01
53103;201300035072;0;33;0;0.0;9.0;0.0;1.0;A01
53104;201300035072;0;31;0;0.0;2.0;0.0;1.0;B01
53105;201300035073;0;33;0;15.0;0.0;1.0;14.0;A01
53106;201300035074;0;7;0;1.0;0.0;1.0;13.0;A01
53107;201300035075;0;7;0;0.0;2.0;2.0;14.0;A01
53108;201300035075;0;7;0;12.0;2.0;3.0;23.0;B01
53109;201300035076;0;2;0;0.0;2.0;1.0;2.0;A01
53110;201300035076;0;7;0;0.0;0.0;4.0;15.0;B01
53111;201300035077;0;10;0;0.0;0.0;1.0;1.0;A01
53112;201300035077;0;10;0;0.0;0.0;5.0;0.0;B01
53113;201300035078;0;7;0;6.0;0.0;1.0;0.0;A01
53114;201300035079;0;15;0;0.0;0.0;6.0;24.0;B01
53115;201300035079;0;7;0;1.0;0.0;2.0;14.0;A01
53116;201300035080;0;7;0;0.0;1.0;1.0;1.0;A01
53117;201300035081;0;7;0;0.0;1.0;2.0;0.0;A01
53118;201300035082;0;7;0;0.0;0.0;2.0;15.0;A01
53119;201300035082;0;33;0;0.0;2.0;9.0;14.0;B01
53120;201300035083;0;33;0;0.0;2.0;3.0;18.0;A01
53121;201300035083;0;14;0;0.0;0.0;2.0;16.0;B01
53122;201300035084;0;33;0;0.0;2.0;6.0;1.0;B01
53123;201300035084;0;7;0;0.0;2.0;3.0;9.0;A01
53124;201300035085;0;7;0;0.0;2.0;1.0;13.0;A01
53125;201300035085;0;7;0;0.0;2.0;3.0;1.0;B01
53126;201300035086;0;7;0;0.0;1.0;1.0;1.0;A01
53127;201300035087;0;7;0;0.0;1.0;8.0;1.0;A01
53128;201300035089;0;7;0;0.0;2.0;1.0;13.0;A01
53129;201300035089;0;10;0;0.0;2.0;1.0;0.0;B01
53130;201300035090;0;33;0;12.0;0.0;1.0;1.0;A01
53131;201300035091;0;7;0;0.0;0.0;1.0;2.0;A01
53132;201300035091;0;7;0;0.0;0.0;4.0;2.0;B01
53133;201300035091;0;7;0;0.0;0.0;4.0;2.0;C01
53134;201300035091;0;7;0;0.0;0.0;4.0;2.0;D01
53135;201300035091;0;7;0;0.0;0.0;4.0;2.0;E01
53136;201300035092;0;7;0;8.0;0.0;1.0;1.0;A01
53137;201300035093;0;10;0;2.0;0.0;1.0;1.0;A01
53138;201300035094;0;10;0;0.0;2.0;1.0;2.0;A01
53139;201300035094;0;10;0;0.0;0.0;0.0;2.0;B01
53140;201300035094;0;7;0;0.0;0.0;4.0;2.0;C01
53141;201300035095;2;7;0;0.0;2.0;1.0;19.0;A01
53142;201300035095;0;3;0;0.0;2.0;8.0;2.0;B01
53143;201300035096;0;7;0;0.0;0.0;7.0;0.0;A01
53144;201300035096;0;30;0;0.0;2.0;1.0;0.0;B01
53145;201300035097;0;7;0;15.0;0.0;1.0;0.0;A01
53146;201300035098;1;7;0;0.0;1.0;2.0;0.0;A01
53147;201300035099;0;7;0;9.0;0.0;1.0;2.0;A01
53148;201300035100;0;3;0;1.0;0.0;7.0;2.0;A01
53149;201300035101;0;7;0;0.0;1.0;2.0;2.0;A01
53150;201300035102;0;7;0;0.0;2.0;3.0;1.0;A01
53151;201300035102;0;7;0;0.0;2.0;8.0;15.0;B01
53152;201300035103;0;33;0;0.0;2.0;1.0;1.0;A01
53153;201300035103;0;33;0;0.0;2.0;4.0;16.0;B01
53154;201300035104;1;7;0;0.0;0.0;0.0;1.0;A01
53155;201300035104;0;1;0;0.0;0.0;1.0;1.0;B01
53156;201300035105;0;7;0;0.0;1.0;0.0;0.0;A01
53157;201300035106;0;33;0;0.0;0.0;0.0;2.0;A01
53158;201300035107;0;37;1;0.0;1.0;1.0;13.0;A01
53159;201300035108;0;7;0;0.0;2.0;2.0;1.0;A01
53160;201300035108;0;7;0;0.0;2.0;1.0;1.0;B01
53161;201300035109;0;7;0;3.0;0.0;1.0;13.0;A01
53162;201300035110;0;7;0;0.0;2.0;7.0;15.0;A01
53163;201300035110;0;7;0;0.0;2.0;2.0;2.0;B01
53164;201300035111;0;7;0;0.0;9.0;2.0;2.0;A01
53165;201300035111;0;1;0;0.0;2.0;6.0;2.0;Y01
53166;201300035113;0;1;0;0.0;2.0;6.0;13.0;A01
53167;201300035113;0;7;0;0.0;9.0;2.0;2.0;B01
53168;201300035114;0;2;0;0.0;0.0;8.0;15.0;A01
53169;201300035115;0;32;0;4.0;0.0;1.0;11.0;B01
53170;201300035116;0;7;0;0.0;2.0;1.0;2.0;A01
53171;201300035116;0;7;0;14.0;0.0;4.0;2.0;B01
53172;201300035116;0;7;0;0.0;0.0;4.0;2.0;C01
53173;201300035117;0;7;0;0.0;0.0;4.0;1.0;A01
53174;201300035117;0;3;0;0.0;2.0;1.0;2.0;B01
53175;201300035118;0;7;0;0.0;2.0;1.0;6.0;A01
53176;201300035118;0;7;0;0.0;2.0;8.0;21.0;B01
53177;201300035119;0;33;0;12.0;0.0;1.0;6.0;A01
53178;201300035120;0;7;0;0.0;1.0;3.0;17.0;A01
53179;201300035122;0;7;0;0.0;2.0;4.0;23.0;B01
53180;201300035122;0;7;0;0.0;2.0;1.0;2.0;A01
53181;201300035123;0;7;0;0.0;2.0;1.0;19.0;A01
53182;201300035123;0;7;0;3.0;2.0;7.0;1.0;B01
53183;201300035124;0;7;0;0.0;0.0;3.0;9.0;A01
53184;201300035124;0;1;0;0.0;0.0;4.0;1.0;B01
53185;201300035125;0;7;0;8.0;0.0;2.0;1.0;A01
53186;201300035126;0;33;0;14.0;0.0;1.0;13.0;A01
53187;201300035128;0;7;0;0.0;1.0;8.0;1.0;A01
53188;201300035129;1;7;0;0.0;2.0;0.0;0.0;Z01
53189;201300035129;0;7;0;0.0;2.0;8.0;1.0;B01
53190;201300035130;0;7;0;0.0;0.0;6.0;23.0;B01
53191;201300035130;0;34;0;0.0;0.0;2.0;2.0;A01
53192;201300035131;0;7;0;0.0;1.0;7.0;1.0;A01
53193;201300035132;0;33;0;0.0;1.0;7.0;1.0;A01
53194;201300035133;0;7;0;0.0;0.0;1.0;16.0;B01
53195;201300035133;0;33;0;0.0;2.0;7.0;17.0;A01
53196;201300035134;0;7;0;14.0;0.0;4.0;2.0;B01
53197;201300035134;2;7;0;14.0;0.0;1.0;2.0;A01
53198;201300035134;0;7;0;0.0;0.0;4.0;2.0;D01
53199;201300035134;0;7;0;14.0;0.0;4.0;2.0;C01
53200;201300035135;0;37;1;4.0;2.0;3.0;1.0;B01
53201;201300035135;0;7;0;4.0;2.0;3.0;0.0;A01
53202;201300035136;0;15;0;0.0;2.0;4.0;23.0;B01
53203;201300035136;0;30;0;1.0;0.0;1.0;1.0;A01
53204;201300035137;0;7;0;0.0;2.0;8.0;15.0;B01
53205;201300035137;0;7;0;0.0;2.0;1.0;2.0;A01
53206;201300035141;0;7;0;0.0;0.0;8.0;10.0;A01
53207;201300035141;0;7;0;1.0;2.0;1.0;2.0;B01
53208;201300035142;0;7;0;0.0;2.0;5.0;15.0;A01
53209;201300035142;0;33;0;0.0;2.0;1.0;1.0;B01
53210;201300035143;0;33;0;0.0;2.0;8.0;10.0;A01
53211;201300035143;0;10;0;0.0;9.0;1.0;1.0;B01
53212;201300035144;0;7;0;0.0;1.0;2.0;1.0;A01
53213;201300035145;0;7;0;3.0;2.0;7.0;5.0;A01
53214;201300035145;0;15;0;0.0;2.0;2.0;1.0;B01
53215;201300035146;0;7;0;0.0;2.0;8.0;15.0;A01
53216;201300035146;1;7;0;0.0;2.0;1.0;19.0;B01
53217;201300035147;0;7;0;0.0;2.0;1.0;17.0;A01
53218;201300035147;0;7;0;0.0;2.0;1.0;1.0;B01
53219;201300035148;0;7;0;0.0;2.0;1.0;13.0;A01
53220;201300035148;0;17;0;0.0;0.0;1.0;1.0;B01
53221;201300035149;0;7;0;0.0;9.0;5.0;15.0;A01
53222;201300035149;0;1;0;0.0;2.0;1.0;1.0;B01
53223;201300035151;0;7;0;0.0;2.0;3.0;10.0;A01
53224;201300035151;0;7;0;0.0;2.0;7.0;17.0;B01
53225;201300035152;0;7;0;0.0;2.0;1.0;11.0;A01
53226;201300035152;0;1;0;0.0;2.0;1.0;1.0;B01
53227;201300035153;0;7;0;0.0;9.0;7.0;1.0;A01
53228;201300035153;0;1;0;0.0;2.0;0.0;1.0;B01
53229;201300035154;0;7;0;0.0;1.0;0.0;11.0;A01
53230;201300035155;0;30;0;0.0;2.0;5.0;1.0;A01
53231;201300035155;0;7;0;0.0;2.0;1.0;1.0;B01
53232;201300035157;0;17;0;0.0;1.0;8.0;1.0;A01
53233;201300035158;0;7;0;13.0;0.0;1.0;1.0;A01
53234;201300035159;0;7;0;0.0;1.0;2.0;1.0;A01
53235;201300035161;0;34;0;11.0;2.0;7.0;17.0;A01
53236;201300035161;0;17;0;0.0;2.0;8.0;0.0;B01
53237;201300035162;0;7;0;0.0;2.0;1.0;13.0;B01
53238;201300035162;0;7;0;0.0;2.0;3.0;1.0;A01
53239;201300035163;0;7;0;15.0;0.0;8.0;16.0;A01
53240;201300035164;0;7;0;0.0;1.0;2.0;16.0;A01
53241;201300035165;0;7;0;0.0;2.0;8.0;2.0;B01
53242;201300035165;0;7;0;0.0;2.0;3.0;2.0;C01
53243;201300035165;0;7;0;0.0;2.0;1.0;2.0;A01
53244;201300035166;0;7;0;0.0;1.0;0.0;1.0;A01
53245;201300035167;0;2;0;0.0;2.0;4.0;2.0;B01
53246;201300035167;0;7;0;0.0;2.0;3.0;9.0;A01
53247;201300035168;0;7;0;0.0;2.0;7.0;1.0;B01
53248;201300035168;0;7;0;0.0;2.0;1.0;1.0;A01
53249;201300035169;0;33;0;0.0;2.0;1.0;17.0;B01
53250;201300035169;0;7;0;0.0;2.0;3.0;15.0;A01
53251;201300035170;0;7;0;0.0;1.0;7.0;1.0;A01
53252;201300035171;0;7;0;0.0;2.0;6.0;12.0;A01
53253;201300035171;0;7;0;0.0;2.0;2.0;1.0;B01
53254;201300035174;0;33;0;0.0;0.0;1.0;18.0;A01
53255;201300035174;0;7;0;0.0;2.0;5.0;2.0;B01
53256;201300035176;0;37;1;0.0;1.0;5.0;2.0;A01
53257;201300035177;0;7;0;0.0;2.0;8.0;9.0;A01
53258;201300035177;0;7;0;0.0;2.0;1.0;1.0;B01
53259;201300035179;0;7;0;0.0;1.0;2.0;1.0;A01
53260;201300035180;0;7;0;0.0;2.0;2.0;15.0;A01
53261;201300035180;0;7;0;0.0;2.0;1.0;1.0;B01
53262;201300035182;0;7;0;0.0;1.0;3.0;1.0;A01
53263;201300035183;0;7;0;1.0;0.0;3.0;13.0;A01
53264;201300035183;0;7;0;0.0;2.0;7.0;24.0;B01
53265;201300035184;0;7;0;0.0;2.0;3.0;13.0;A01
53266;201300035184;0;7;0;0.0;2.0;3.0;1.0;B01
53267;201300035185;0;7;0;0.0;2.0;7.0;1.0;A01
53268;201300035185;0;30;0;0.0;2.0;8.0;11.0;B01
53269;201300035186;0;33;0;0.0;0.0;0.0;1.0;A01
53270;201300035187;0;7;0;0.0;2.0;1.0;1.0;A01
53271;201300035187;0;7;0;0.0;2.0;7.0;15.0;B01
53272;201300035188;0;7;0;0.0;2.0;1.0;1.0;A01
53273;201300035188;0;7;0;0.0;2.0;8.0;1.0;B01
53274;201300035189;0;7;0;0.0;2.0;2.0;15.0;A01
53275;201300035189;0;30;0;0.0;2.0;1.0;1.0;B01
53276;201300035190;0;7;0;0.0;2.0;1.0;1.0;A01
53277;201300035190;0;7;0;0.0;2.0;1.0;1.0;B01
53278;201300035190;0;7;0;0.0;2.0;1.0;1.0;C01
53279;201300035191;0;7;0;0.0;2.0;5.0;17.0;A01
53280;201300035191;0;7;0;0.0;2.0;3.0;2.0;B01