;Num_Acc;senc;catv;occutc;obs;obsm;choc;manv;num_veh
53703;201300035455;0;7;0;0.0;2.0;7.0;23.0;C01
53704;201300035455;0;33;0;0.0;2.0;1.0;1.0;A01
53705;201300035456;0;7;0;0.0;2.0;5.0;1.0;A01
53706;201300035456;0;7;0;0.0;2.0;8.0;1.0;B01
53707;201300035457;0;7;0;0.0;2.0;7.0;1.0;B01
53708;201300035457;0;7;0;0.0;2.0;2.0;1.0;C01
53709;201300035457;0;7;0;0.0;2.0;1.0;9.0;A01
53710;201300035458;0;7;0;0.0;2.0;2.0;1.0;B01
53711;201300035458;0;7;0;0.0;2.0;3.0;15.0;A01
53712;201300035459;0;7;0;0.0;2.0;4.0;23.0;B01
53713;201300035459;0;7;0;0.0;2.0;1.0;1.0;A01
53714;201300035459;0;7;0;0.0;2.0;4.0;23.0;C01
53715;201300035460;0;7;0;0.0;2.0;3.0;1.0;B01
53716;201300035460;0;7;0;0.0;2.0;4.0;23.0;A01
53717;201300035461;0;7;0;0.0;2.0;3.0;13.0;A01
53718;201300035461;0;7;0;0.0;2.0;3.0;1.0;B01
53719;201300035462;0;7;0;0.0;1.0;2.0;1.0;A01
53720;201300035463;0;7;0;0.0;2.0;3.0;1.0;B01
53721;201300035463;0;7;0;1.0;2.0;3.0;17.0;A01
53722;201300035465;0;7;0;0.0;2.0;4.0;23.0;B01
53723;201300035465;0;37;2;0.0;2.0;4.0;2.0;A01
53724;201300035466;0;33;0;0.0;2.0;1.0;1.0;B01
53725;201300035466;0;7;0;0.0;2.0;3.0;10.0;A01
53726;201300035467;0;7;0;0.0;1.0;1.0;1.0;A01
53727;201300035468;0;2;0;8.0;2.0;2.0;21.0;A01
53728;201300035470;0;7;0;11.0;0.0;1.0;2.0;A01
53729;201300035471;0;7;0;0.0;0.0;3.0;2.0;B01
53730;201300035471;0;7;0;0.0;0.0;6.0;23.0;A01
53731;201300035472;0;7;0;9.0;2.0;1.0;0.0;A01
53732;201300035474;0;7;0;0.0;2.0;3.0;1.0;C01
53733;201300035474;0;7;0;0.0;2.0;3.0;1.0;B01
53734;201300035474;0;10;0;0.0;2.0;1.0;15.0;A01
53735;201300035475;0;7;0;0.0;2.0;2.0;12.0;B01
53736;201300035475;0;33;0;0.0;2.0;3.0;1.0;A01
53737;201300035476;0;30;0;0.0;0.0;8.0;2.0;B01
53738;201300035476;0;7;0;0.0;0.0;5.0;2.0;A01
53739;201300035477;0;7;0;0.0;0.0;1.0;0.0;A01
53740;201300035477;0;33;0;0.0;2.0;1.0;0.0;B01
53741;201300035478;0;7;0;0.0;0.0;4.0;2.0;D01
53742;201300035478;0;7;0;0.0;0.0;4.0;2.0;B01
53743;201300035478;0;7;0;0.0;0.0;4.0;2.0;C01
53744;201300035478;0;7;0;0.0;0.0;1.0;2.0;A01
53745;201300035480;0;7;0;0.0;0.0;1.0;1.0;A01
53746;201300035481;0;1;0;0.0;0.0;3.0;19.0;B01
53747;201300035481;0;7;0;1.0;0.0;7.0;13.0;A01
53748;201300035482;0;10;0;0.0;1.0;4.0;20.0;A01
53749;201300035483;1;7;0;0.0;1.0;1.0;2.0;A01
53750;201300035484;0;15;0;0.0;1.0;1.0;1.0;A01
53751;201300035485;0;7;0;15.0;0.0;0.0;0.0;A01
53752;201300035486;0;7;0;0.0;2.0;1.0;0.0;A01
53753;201300035486;0;7;0;0.0;0.0;4.0;0.0;B01
53754;201300035488;0;7;0;0.0;2.0;1.0;15.0;A01
53755;201300035488;0;1;0;0.0;2.0;1.0;0.0;B01
53756;201300035490;0;7;0;0.0;1.0;3.0;1.0;A01
53757;201300035491;0;7;0;0.0;0.0;0.0;0.0;B01
53758;201300035491;0;7;0;0.0;0.0;0.0;0.0;A01
53759;201300035492;0;7;0;0.0;0.0;0.0;0.0;A01
53760;201300035492;0;7;0;0.0;0.0;0.0;0.0;B01
53761;201300035493;0;7;0;0.0;0.0;3.0;9.0;A01
53762;201300035493;0;7;0;0.0;2.0;7.0;2.0;B01
53763;201300035494;0;33;0;0.0;2.0;7.0;1.0;B01
53764;201300035494;0;7;0;0.0;0.0;7.0;1.0;A01
53765;201300035495;0;7;0;0.0;1.0;2.0;1.0;A01
53766;201300035496;0;7;0;0.0;1.0;2.0;2.0;A01
53767;201300035499;0;7;0;0.0;0.0;4.0;0.0;B01
53768;201300035499;0;7;0;0.0;0.0;0.0;0.0;C01
53769;201300035499;0;10;0;0.0;2.0;1.0;0.0;A01
53770;201300035500;0;7;0;0.0;2.0;4.0;0.0;B01
53771;201300035500;0;7;0;0.0;0.0;4.0;0.0;D01
53772;201300035500;0;7;0;0.0;2.0;4.0;0.0;C01
53773;201300035500;0;7;0;0.0;2.0;2.0;0.0;A01
53774;201300035501;0;33;0;0.0;0.0;0.0;0.0;B01
53775;201300035501;0;7;0;0.0;0.0;0.0;0.0;A01
53776;201300035502;0;7;0;0.0;1.0;1.0;0.0;A01
53777;201300035504;0;7;0;0.0;1.0;1.0;1.0;A01
53778;201300035505;1;7;0;0.0;1.0;0.0;0.0;A01
53779;201300035506;0;7;0;0.0;0.0;1.0;5.0;C01
53780;201300035506;0;14;0;8.0;2.0;6.0;0.0;A01
53781;201300035506;0;33;0;8.0;2.0;6.0;2.0;B01
53782;201300035507;0;17;0;0.0;0.0;0.0;2.0;A01
53783;201300035508;0;3;0;0.0;1.0;6.0;0.0;A01
53784;201300035509;0;7;0;12.0;0.0;1.0;2.0;A01
53785;201300035511;0;7;0;0.0;2.0;3.0;13.0;A01
53786;201300035511;0;7;0;0.0;2.0;3.0;13.0;B01
53787;201300035512;0;2;0;14.0;0.0;1.0;1.0;A01
53788;201300035514;0;7;0;0.0;0.0;3.0;2.0;B01
53789;201300035514;1;7;0;0.0;0.0;8.0;10.0;A01
53790;201300035515;1;10;0;1.0;0.0;1.0;2.0;A01
53791;201300035515;0;16;0;0.0;0.0;4.0;2.0;B01
53792;201300035515;0;7;0;0.0;0.0;4.0;2.0;C01
53793;201300035516;0;3;0;0.0;2.0;8.0;9.0;C01
53794;201300035516;0;3;0;0.0;2.0;2.0;2.0;B01
53795;201300035516;0;3;0;0.0;2.0;1.0;2.0;A01
53796;201300035517;0;7;0;2.0;0.0;9.0;0.0;A01
53797;201300035518;0;7;0;0.0;1.0;2.0;0.0;A01
53798;201300035519;0;7;0;0.0;1.0;1.0;0.0;A01
53799;201300035520;0;33;0;14.0;0.0;1.0;0.0;A01
53800;201300035520;0;13;0;14.0;0.0;4.0;2.0;B01
53801;201300035521;0;10;0;0.0;0.0;3.0;15.0;B01
53802;201300035521;0;3;0;0.0;2.0;1.0;5.0;A01
53803;201300035522;0;7;0;0.0;0.0;3.0;1.0;A01
53804;201300035522;0;7;0;8.0;0.0;6.0;2.0;B01
53805;201300035524;0;37;1;0.0;1.0;2.0;1.0;A01
53806;201300035525;0;7;0;12.0;0.0;3.0;0.0;A01
53807;201300035528;0;7;0;0.0;2.0;2.0;15.0;A01
53808;201300035528;0;1;0;0.0;0.0;1.0;0.0;B01
53809;201300035529;0;7;0;0.0;1.0;3.0;1.0;A01
53810;201300035530;0;7;0;0.0;0.0;2.0;2.0;A01
53811;201300035530;0;7;0;0.0;0.0;6.0;2.0;B01
53812;201300035531;0;37;1;0.0;2.0;2.0;2.0;A01
53813;201300035531;0;7;0;0.0;0.0;6.0;0.0;D01
53814;201300035531;0;7;0;1.0;0.0;4.0;9.0;B01
53815;201300035531;0;7;0;0.0;0.0;3.0;0.0;C01
53816;201300035532;0;7;0;0.0;1.0;1.0;0.0;A01
53817;201300035533;0;7;0;0.0;2.0;1.0;1.0;A01
53818;201300035533;0;7;0;0.0;0.0;7.0;1.0;B01
53819;201300035533;0;7;0;0.0;0.0;8.0;0.0;C01
53820;201300035534;0;7;0;0.0;2.0;1.0;1.0;A01
53821;201300035534;0;7;0;0.0;2.0;1.0;1.0;B01
53822;201300035536;1;7;0;0.0;1.0;0.0;0.0;A01
53823;201300035537;0;7;0;0.0;0.0;0.0;23.0;B01
53824;201300035537;0;10;0;0.0;0.0;6.0;4.0;A01
53825;201300035538;1;3;0;0.0;0.0;0.0;0.0;Z01
53826;201300035538;0;7;0;0.0;0.0;0.0;0.0;B01
53827;201300035538;0;15;0;0.0;0.0;0.0;0.0;C01
53828;201300035539;0;7;0;0.0;0.0;5.0;2.0;A01
53829;201300035539;1;7;0;0.0;2.0;1.0;2.0;B01
53830;201300035540;0;1;0;0.0;2.0;1.0;0.0;B01
53831;201300035540;0;7;0;0.0;2.0;3.0;9.0;A01
53832;201300035542;0;7;0;0.0;1.0;2.0;9.0;A01
53833;201300035544;0;7;0;0.0;1.0;2.0;1.0;A01
53834;201300035545;0;1;0;0.0;2.0;1.0;21.0;B01
53835;201300035545;0;7;0;0.0;2.0;0.0;9.0;A01
53836;201300035546;0;99;0;13.0;0.0;0.0;0.0;A01
53837;201300035547;0;7;0;0.0;2.0;1.0;15.0;A01
53838;201300035547;0;7;0;0.0;2.0;1.0;1.0;B01
53839;201300035548;0;7;0;0.0;1.0;1.0;1.0;A01
53840;201300035549;0;7;0;0.0;1.0;2.0;2.0;A01
53841;201300035550;0;7;0;0.0;1.0;7.0;2.0;A01
53842;201300035551;0;7;0;0.0;2.0;2.0;2.0;A01
53843;201300035551;0;7;0;0.0;2.0;3.0;15.0;B01
53844;201300035552;0;30;0;0.0;0.0;4.0;2.0;B01
53845;201300035552;0;7;0;0.0;2.0;1.0;2.0;A01
53846;201300035553;0;7;0;0.0;1.0;2.0;2.0;A01
53847;201300035554;0;7;0;0.0;2.0;8.0;9.0;A01
53848;201300035554;0;7;0;0.0;2.0;1.0;1.0;B01
53849;201300035556;0;7;0;0.0;2.0;0.0;0.0;A01
53850;201300035556;0;7;0;0.0;0.0;0.0;13.0;B01
53851;201300035557;0;7;0;0.0;2.0;8.0;5.0;A01
53852;201300035557;0;13;0;0.0;2.0;7.0;2.0;C01
53853;201300035557;0;7;0;0.0;2.0;7.0;2.0;B01
53854;201300035558;0;7;0;0.0;2.0;1.0;1.0;A01
53855;201300035558;0;1;0;0.0;0.0;4.0;2.0;B01
53856;201300035559;0;7;0;0.0;1.0;3.0;2.0;A01
53857;201300035560;0;7;0;0.0;2.0;2.0;11.0;A01
53858;201300035560;0;7;0;0.0;0.0;6.0;15.0;B01
53859;201300035561;0;2;0;0.0;2.0;1.0;1.0;A01
53860;201300035561;0;7;0;0.0;9.0;3.0;14.0;B01
53861;201300035562;0;7;0;0.0;2.0;3.0;10.0;A01
53862;201300035562;0;7;0;0.0;2.0;1.0;13.0;B01
53863;201300035563;0;10;0;0.0;2.0;1.0;2.0;A01
53864;201300035563;0;7;0;0.0;0.0;4.0;2.0;B01
53865;201300035565;0;7;0;0.0;2.0;7.0;9.0;A01
53866;201300035565;0;7;0;0.0;2.0;1.0;2.0;B01
53867;201300035567;0;7;0;0.0;1.0;1.0;1.0;A01
53868;201300035568;1;7;0;0.0;0.0;0.0;9.0;A01
53869;201300035568;0;33;0;0.0;2.0;0.0;21.0;B01
53870;201300035569;0;7;0;8.0;2.0;1.0;21.0;A01
53871;201300035569;0;7;0;0.0;2.0;3.0;19.0;B01
53872;201300035570;0;10;0;0.0;0.0;6.0;2.0;A01
53873;201300035570;0;37;2;0.0;2.0;1.0;15.0;B01
53874;201300035571;0;33;0;0.0;0.0;8.0;2.0;A01
53875;201300035572;0;7;0;0.0;2.0;3.0;15.0;A01
53876;201300035572;0;33;0;0.0;2.0;0.0;2.0;B01
53877;201300035573;0;7;0;0.0;2.0;1.0;2.0;A01
53878;201300035573;0;7;0;0.0;2.0;2.0;15.0;B01
53879;201300035574;0;7;0;0.0;2.0;1.0;15.0;A01
53880;201300035574;0;33;0;0.0;0.0;3.0;2.0;B01
53881;201300035575;0;33;0;0.0;0.0;0.0;0.0;A01
53882;201300035576;1;7;0;0.0;0.0;0.0;9.0;A01
53883;201300035576;0;37;5;0.0;2.0;0.0;1.0;B01
53884;201300035577;0;2;0;0.0;2.0;8.0;21.0;B01
53885;201300035577;0;7;0;0.0;2.0;2.0;17.0;C01
53886;201300035577;0;7;0;0.0;0.0;0.0;4.0;A01
53887;201300035578;0;7;0;0.0;0.0;9.0;2.0;A01
53888;201300035580;0;33;0;0.0;2.0;8.0;9.0;B01
53889;201300035580;0;7;0;0.0;2.0;8.0;9.0;A01
53890;201300035581;0;7;0;0.0;2.0;3.0;2.0;A01
53891;201300035581;0;33;0;0.0;2.0;4.0;23.0;B01
53892;201300035582;0;7;0;0.0;0.0;0.0;2.0;A01
53893;201300035582;0;1;0;0.0;0.0;0.0;9.0;B01
53894;201300035583;0;33;0;0.0;2.0;1.0;2.0;A01
53895;201300035584;0;7;0;0.0;0.0;8.0;15.0;B01
53896;201300035584;0;30;0;0.0;2.0;1.0;17.0;A01
53897;201300035585;0;33;0;0.0;2.0;2.0;1.0;A01
53898;201300035585;0;7;0;0.0;0.0;6.0;13.0;B01
53899;201300035586;0;7;0;0.0;2.0;7.0;15.0;B01
53900;201300035586;0;33;0;0.0;2.0;8.0;1.0;A01
53901;201300035587;0;7;0;0.0;2.0;3.0;1.0;B01
53902;201300035587;0;15;0;0.0;2.0;4.0;4.0;A01
53903;201300035588;0;7;0;0.0;9.0;1.0;16.0;A01
53904;201300035588;0;1;0;0.0;2.0;7.0;15.0;B01
53905;201300035589;0;10;0;0.0;1.0;8.0;1.0;A01
53906;201300035590;0;7;0;0.0;0.0;8.0;2.0;B01
53907;201300035590;0;33;0;0.0;2.0;8.0;2.0;A01
53908;201300035591;0;7;0;15.0;0.0;1.0;1.0;A01
53909;201300035592;0;7;0;0.0;2.0;2.0;10.0;A01
53910;201300035592;0;1;0;0.0;2.0;0.0;1.0;B01
53911;201300035593;0;7;0;0.0;0.0;7.0;0.0;A01
53912;201300035594;0;7;0;0.0;1.0;0.0;0.0;A01
53913;201300035595;0;7;0;0.0;2.0;3.0;2.0;B01
53914;201300035595;0;7;0;0.0;2.0;1.0;9.0;A01
53915;201300035596;0;7;0;0.0;2.0;1.0;17.0;A01
53916;201300035596;0;7;0;0.0;2.0;1.0;1.0;B01
53917;201300035597;0;7;0;8.0;0.0;1.0;21.0;B01
53918;201300035597;1;7;0;0.0;0.0;0.0;17.0;A01
53919;201300035598;0;7;0;0.0;2.0;2.0;1.0;A01
53920;201300035598;0;7;0;0.0;2.0;7.0;15.0;B01
53921;201300035599;1;7;0;0.0;1.0;0.0;0.0;A01
53922;201300035600;0;2;0;0.0;0.0;7.0;1.0;A01
53923;201300035601;0;33;0;0.0;2.0;4.0;1.0;B01
53924;201300035601;0;7;0;0.0;2.0;1.0;1.0;A01
53925;201300035602;0;7;0;0.0;1.0;2.0;21.0;A01
53926;201300035603;0;7;0;14.0;0.0;1.0;6.0;A01
53927;201300035604;1;7;0;0.0;0.0;0.0;12.0;B01
53928;201300035604;0;7;0;0.0;9.0;7.0;21.0;A01
53929;201300035605;0;2;0;0.0;2.0;1.0;2.0;A01
53930;201300035605;0;2;0;0.0;0.0;4.0;0.0;B01
53931;201300035606;0;7;0;0.0;2.0;1.0;2.0;A01
53932;201300035606;0;7;0;0.0;2.0;4.0;2.0;B01
53933;201300035607;0;7;0;14.0;0.0;1.0;1.0;A01
53934;201300035608;0;7;0;12.0;0.0;9.0;2.0;A01
53935;201300035609;0;7;0;6.0;0.0;1.0;1.0;A01
53936;201300035610;0;7;0;0.0;2.0;4.0;23.0;D01
53937;201300035610;0;7;0;0.0;2.0;4.0;23.0;B01
53938;201300035610;0;7;0;0.0;2.0;1.0;2.0;A01
53939;201300035610;0;7;0;0.0;2.0;4.0;23.0;C01
53940;201300035611;0;7;0;8.0;1.0;3.0;1.0;A01
53941;201300035613;0;7;0;0.0;2.0;5.0;1.0;B01
53942;201300035613;1;7;0;0.0;2.0;0.0;19.0;A01
53943;201300035614;1;7;0;0.0;0.0;1.0;2.0;A01
53944;201300035614;0;7;0;0.0;0.0;4.0;2.0;B01
53945;201300035615;0;7;0;0.0;2.0;1.0;5.0;A01
53946;201300035615;0;7;0;0.0;2.0;3.0;0.0;B01
53947;201300035616;2;7;0;0.0;0.0;0.0;0.0;A01
53948;201300035616;0;7;0;0.0;0.0;0.0;1.0;B01
53949;201300035617;0;7;0;0.0;2.0;3.0;21.0;B01
53950;201300035617;0;30;0;0.0;2.0;1.0;13.0;A01
53951;201300035618;0;33;0;0.0;2.0;1.0;1.0;A01
53952;201300035618;0;7;0;0.0;0.0;8.0;1.0;B01
53953;201300035619;0;31;0;0.0;0.0;8.0;2.0;B01
53954;201300035619;1;7;0;0.0;0.0;0.0;5.0;A01
53955;201300035620;0;3;0;14.0;0.0;1.0;0.0;A01
53956;201300035621;0;7;0;0.0;2.0;0.0;1.0;C01
53957;201300035621;1;99;0;0.0;0.0;0.0;0.0;A01
53958;201300035621;0;7;0;0.0;0.0;3.0;23.0;D01
53959;201300035621;0;33;0;0.0;0.0;3.0;23.0;B01
53960;201300035621;0;7;0;0.0;0.0;0.0;23.0;E01
53961;201300035622;1;7;0;0.0;1.0;0.0;11.0;A01
53962;201300035623;1;7;0;0.0;1.0;1.0;1.0;A01
53963;201300035624;0;2;0;2.0;0.0;1.0;2.0;A01
53964;201300035625;0;33;0;0.0;2.0;1.0;1.0;B01
53965;201300035625;0;7;0;0.0;2.0;2.0;10.0;A01
53966;201300035626;0;7;0;0.0;1.0;3.0;1.0;A01
53967;201300035627;0;7;0;0.0;2.0;4.0;23.0;B01
53968;201300035627;0;15;0;0.0;2.0;1.0;2.0;A01
53969;201300035628;0;7;0;0.0;2.0;1.0;1.0;B01
53970;201300035628;0;7;0;0.0;2.0;8.0;10.0;A01
53971;201300035629;0;7;0;0.0;2.0;1.0;1.0;A01
53972;201300035629;0;7;0;0.0;2.0;8.0;15.0;B01
53973;201300035630;0;7;0;0.0;2.0;2.0;9.0;A01
53974;201300035630;0;2;0;0.0;2.0;7.0;1.0;B01
53975;201300035631;0;7;0;0.0;2.0;1.0;1.0;B01
53976;201300035631;0;7;0;0.0;2.0;7.0;13.0;A01
53977;201300035632;0;7;0;0.0;2.0;1.0;13.0;A01
53978;201300035632;0;7;0;0.0;2.0;1.0;1.0;B01
53979;201300035633;0;7;0;0.0;2.0;5.0;1.0;B01
53980;201300035633;0;33;0;0.0;2.0;9.0;2.0;A01
53981;201300035633;0;7;0;0.0;2.0;3.0;9.0;C01
53982;201300035634;0;33;0;0.0;2.0;1.0;2.0;A01
53983;201300035634;0;7;0;0.0;2.0;4.0;11.0;B01
53984;201300035635;0;33;0;8.0;0.0;1.0;21.0;A01
53985;201300035636;0;33;0;0.0;0.0;0.0;1.0;A01
53986;201300035637;0;7;0;2.0;0.0;8.0;12.0;A01
53987;201300035639;0;30;0;0.0;2.0;1.0;17.0;A01
53988;201300035639;0;7;0;0.0;2.0;3.0;15.0;B01
53989;201300035640;0;1;0;0.0;2.0;1.0;5.0;A01
53990;201300035640;0;7;0;0.0;2.0;3.0;15.0;B01
53991;201300035641;0;7;0;5.0;2.0;2.0;21.0;A01
53992;201300035642;0;7;0;0.0;0.0;0.0;1.0;A01
53993;201300035643;0;7;0;0.0;1.0;1.0;1.0;A01
53994;201300035644;0;7;0;0.0;1.0;1.0;15.0;A01
53995;201300035645;0;7;0;0.0;2.0;3.0;22.0;B01
53996;201300035645;0;37;1;0.0;2.0;5.0;2.0;A01
53997;201300035646;0;1;0;0.0;2.0;8.0;1.0;B01
53998;201300035646;0;31;0;0.0;2.0;1.0;1.0;A01
53999;201300035649;1;7;0;0.0;1.0;1.0;0.0;A01
54000;201300035650;0;10;0;0.0;2.0;3.0;13.0;A01
54001;201300035650;0;7;0;0.0;9.0;8.0;2.0;C01
54002;201300035650;0;7;0;0.0;2.0;1.0;1.0;B01
54003;201300035651;0;7;0;0.0;0.0;4.0;23.0;C01
54004;201300035651;0;7;0;0.0;0.0;4.0;23.0;B01
54005;201300035651;0;7;0;0.0;2.0;1.0;2.0;A01
54006;201300035651;0;7;0;0.0;0.0;4.0;23.0;D01
54007;201300035652;0;7;0;13.0;0.0;2.0;0.0;A01
54008;201300035653;0;1;0;0.0;2.0;1.0;0.0;B01
54009;201300035653;0;7;0;0.0;9.0;3.0;1.0;A01
54010;201300035654;0;7;0;4.0;0.0;4.0;1.0;A01
54011;201300035655;0;7;0;8.0;0.0;9.0;1.0;A01
54012;201300035656;0;7;0;0.0;2.0;3.0;10.0;A01
54013;201300035656;0;33;0;0.0;2.0;8.0;0.0;B01
54014;201300035657;0;7;0;0.0;1.0;8.0;1.0;A01
54015;201300035658;0;7;0;0.0;0.0;0.0;1.0;B01
54016;201300035658;0;7;0;0.0;0.0;3.0;15.0;A01
54017;201300035660;0;7;0;0.0;5.0;1.0;1.0;B01
54018;201300035660;0;7;0;0.0;5.0;1.0;1.0;A01
54019;201300035662;0;7;0;0.0;2.0;3.0;9.0;A01
54020;201300035662;0;33;0;0.0;2.0;1.0;1.0;B01
54021;201300035663;0;32;0;0.0;2.0;2.0;2.0;A01
54022;201300035663;0;33;0;1.0;2.0;3.0;2.0;B01
54023;201300035664;0;7;0;0.0;1.0;1.0;16.0;A01
54024;201300035665;0;7;0;0.0;2.0;3.0;19.0;A01
54025;201300035665;0;33;0;0.0;2.0;1.0;1.0;B01
54026;201300035666;0;7;0;0.0;9.0;3.0;2.0;B01
54027;201300035666;0;1;0;0.0;0.0;4.0;13.0;A01
54028;201300035667;0;33;0;0.0;2.0;1.0;1.0;A01
54029;201300035667;0;2;0;0.0;2.0;7.0;1.0;B01
54030;201300035668;0;7;0;0.0;2.0;1.0;15.0;A01
54031;201300035668;0;7;0;0.0;2.0;5.0;1.0;B01
54032;201300035669;0;7;0;0.0;1.0;1.0;1.0;A01
54033;201300035670;0;31;0;0.0;2.0;7.0;3.0;A01
54034;201300035670;0;7;0;0.0;2.0;1.0;15.0;B01
54035;201300035671;0;7;0;0.0;1.0;2.0;1.0;A01
54036;201300035672;0;7;0;0.0;0.0;4.0;1.0;C01
54037;201300035672;0;7;0;0.0;2.0;4.0;2.0;B01
54038;201300035672;0;7;0;0.0;2.0;1.0;2.0;A01
54039;201300035673;0;7;0;0.0;1.0;1.0;1.0;A01
54040;201300035674;0;7;0;0.0;1.0;3.0;1.0;A01
54041;201300035675;0;34;0;0.0;1.0;1.0;17.0;A01
54042;201300035678;0;7;0;0.0;2.0;3.0;9.0;B01
54043;201300035678;0;33;0;0.0;2.0;1.0;17.0;A01
54044;201300035679;1;7;0;0.0;2.0;8.0;11.0;A01
54045;201300035679;0;30;0;0.0;2.0;8.0;1.0;B01
54046;201300035680;0;10;0;0.0;2.0;1.0;1.0;A01
54047;201300035680;0;7;0;0.0;2.0;7.0;1.0;B01
54048;201300035681;0;10;0;0.0;2.0;3.0;13.0;A01
54049;201300035681;0;10;0;0.0;2.0;8.0;1.0;C01
54050;201300035681;0;7;0;0.0;2.0;8.0;1.0;B01
54051;201300035682;0;7;0;0.0;2.0;4.0;23.0;D01
54052;201300035682;0;7;0;0.0;2.0;1.0;1.0;A01
54053;201300035682;0;7;0;0.0;2.0;1.0;1.0;B01
54054;201300035682;0;7;0;0.0;2.0;4.0;23.0;E01
54055;201300035682;0;7;0;0.0;2.0;4.0;23.0;C01
54056;201300035683;0;7;0;0.0;2.0;1.0;1.0;A01
54057;201300035683;0;7;0;0.0;2.0;4.0;1.0;B01
54058;201300035684;0;33;0;5.0;0.0;1.0;14.0;A01
54059;201300035685;0;33;0;0.0;2.0;1.0;17.0;B01
54060;201300035685;0;7;0;0.0;2.0;3.0;10.0;A01
54061;201300035686;0;7;0;0.0;1.0;2.0;1.0;A01
54062;201300035687;0;7;0;0.0;1.0;1.0;1.0;A01
54063;201300035688;0;7;0;0.0;2.0;1.0;1.0;B01
54064;201300035688;0;7;0;0.0;2.0;8.0;1.0;A01
54065;201300035689;0;7;0;0.0;2.0;1.0;1.0;B01
54066;201300035689;0;7;0;0.0;2.0;8.0;9.0;A01
54067;201300035690;0;10;0;0.0;1.0;0.0;1.0;A01
54068;201300035691;0;7;0;0.0;1.0;2.0;1.0;A01
54069;201300035692;0;7;0;0.0;1.0;1.0;1.0;A01
54070;201300035694;0;30;0;0.0;2.0;1.0;1.0;B01
54071;201300035694;0;7;0;0.0;2.0;3.0;9.0;A01
54072;201300035695;0;7;0;0.0;1.0;2.0;1.0;A01
54073;201300035696;0;1;0;0.0;2.0;3.0;1.0;B01
54074;201300035696;0;7;0;0.0;2.0;2.0;9.0;A01
54075;201300035697;0;7;0;0.0;1.0;7.0;1.0;A01
54076;201300035698;0;7;0;0.0;1.0;3.0;1.0;A01
54077;201300035701;0;7;0;0.0;2.0;7.0;15.0;A01
54078;201300035701;0;34;0;0.0;2.0;1.0;1.0;B01
54079;201300035702;0;7;0;0.0;2.0;2.0;15.0;B01
54080;201300035702;0;33;0;0.0;2.0;1.0;1.0;A01
54081;201300035703;0;7;0;12.0;0.0;2.0;16.0;A01
54082;201300035706;0;1;0;0.0;2.0;3.0;19.0;B01
54083;201300035706;0;2;0;0.0;9.0;1.0;1.0;A01
54084;201300035707;0;7;0;0.0;1.0;3.0;1.0;A01
54085;201300035708;0;13;0;0.0;2.0;2.0;1.0;B01
54086;201300035708;0;30;0;0.0;2.0;4.0;10.0;A01
54087;201300035709;0;7;0;0.0;1.0;8.0;1.0;B01
54088;201300035711;0;13;0;0.0;1.0;3.0;1.0;A01
54089;201300035712;0;7;0;0.0;0.0;7.0;15.0;A01
54090;201300035712;0;32;0;0.0;2.0;1.0;1.0;B01
54091;201300035713;0;7;0;0.0;2.0;3.0;9.0;A01
54092;201300035713;0;2;0;0.0;2.0;1.0;1.0;B01
54093;201300035714;0;30;0;0.0;2.0;8.0;17.0;A01
54094;201300035714;0;7;0;0.0;2.0;3.0;17.0;B01
54095;201300035716;0;7;0;0.0;1.0;2.0;1.0;A01
54096;201300035717;0;7;0;0.0;2.0;4.0;23.0;B01
54097;201300035717;0;7;0;0.0;2.0;1.0;2.0;C01
54098;201300035717;0;37;6;0.0;2.0;1.0;2.0;A01
54099;201300035718;0;7;0;0.0;1.0;3.0;1.0;A01
54100;201300035719;0;7;0;0.0;1.0;3.0;1.0;A01
54101;201300035720;0;7;0;0.0;1.0;1.0;1.0;A01
54102;201300035721;0;10;0;0.0;9.0;1.0;1.0;A01
54103;201300035721;0;34;0;0.0;2.0;1.0;5.0;B01
54104;201300035723;0;7;0;0.0;2.0;1.0;2.0;A01
54105;201300035723;0;1;0;0.0;0.0;4.0;2.0;B01
54106;201300035724;0;15;0;0.0;2.0;6.0;1.0;C01
54107;201300035724;0;33;0;0.0;2.0;1.0;3.0;A01
54108;201300035724;1;10;0;0.0;9.0;4.0;1.0;B01
54109;201300035725;0;33;0;0.0;2.0;8.0;3.0;B01
54110;201300035725;0;7;0;0.0;2.0;7.0;14.0;A01
54111;201300035726;0;37;15;0.0;1.0;1.0;15.0;A01
54112;201300035727;0;7;0;0.0;1.0;3.0;15.0;A01
54113;201300035728;0;7;0;0.0;2.0;1.0;1.0;B01
54114;201300035728;0;33;0;0.0;2.0;2.0;16.0;A01
54115;201300035729;0;7;0;0.0;2.0;3.0;20.0;A01
54116;201300035729;0;2;0;0.0;2.0;7.0;21.0;B01
54117;201300035730;0;7;0;0.0;1.0;1.0;1.0;A01
54118;201300035731;0;7;0;0.0;2.0;3.0;10.0;A01
54119;201300035731;0;33;0;0.0;2.0;6.0;17.0;B01
54120;201300035732;0;7;0;0.0;1.0;0.0;2.0;A01
54121;201300035734;0;1;0;0.0;1.0;1.0;16.0;A01
54122;201300035735;0;7;0;1.0;0.0;3.0;1.0;A01
54123;201300035736;0;7;0;0.0;1.0;1.0;20.0;A01