;Num_Acc;senc;catv;occutc;obs;obsm;choc;manv;num_veh
55389;201300036568;0;7;0;0.0;1.0;3.0;1.0;A01
55390;201300036570;0;30;0;0.0;2.0;7.0;0.0;B01
55391;201300036570;0;7;0;0.0;2.0;6.0;9.0;A01
55392;201300036571;0;7;0;0.0;2.0;0.0;11.0;A01
55393;201300036571;0;7;0;0.0;2.0;0.0;1.0;B01
55394;201300036572;0;7;0;0.0;1.0;2.0;16.0;A01
55395;201300036573;0;7;0;0.0;1.0;2.0;1.0;A01
55396;201300036574;0;33;0;0.0;2.0;1.0;17.0;A01
55397;201300036574;0;7;0;0.0;2.0;3.0;15.0;B01
55398;201300036575;0;7;0;0.0;0.0;8.0;24.0;D01
55399;201300036575;1;99;0;0.0;2.0;3.0;13.0;Z01
55400;201300036575;0;31;0;0.0;2.0;1.0;1.0;B01
55401;201300036575;0;7;0;0.0;0.0;1.0;24.0;C01
55402;201300036575;0;7;0;0.0;0.0;0.0;24.0;E01
55403;201300036577;0;7;0;0.0;2.0;5.0;1.0;A01
55404;201300036577;0;10;0;0.0;2.0;1.0;1.0;B01
55405;201300036578;0;7;0;0.0;0.0;2.0;15.0;A01
55406;201300036578;0;7;0;0.0;0.0;1.0;1.0;B01
55407;201300036579;0;7;0;0.0;2.0;3.0;15.0;B01
55408;201300036579;0;30;0;0.0;2.0;2.0;17.0;A01
55409;201300036580;0;7;0;0.0;2.0;7.0;1.0;B01
55410;201300036580;0;7;0;0.0;2.0;1.0;15.0;A01
55411;201300036581;0;31;0;0.0;0.0;2.0;1.0;A01
55412;201300036582;0;33;0;0.0;2.0;8.0;1.0;B01
55413;201300036582;0;30;0;0.0;2.0;7.0;9.0;A01
55414;201300036583;0;7;0;0.0;1.0;6.0;0.0;A01
55415;201300036584;0;7;0;0.0;0.0;4.0;2.0;D01
55416;201300036584;0;7;0;0.0;2.0;4.0;2.0;C01
55417;201300036584;0;7;0;0.0;0.0;4.0;2.0;B01
55418;201300036584;0;7;0;14.0;0.0;1.0;2.0;A01
55419;201300036585;0;7;0;0.0;2.0;1.0;15.0;A01
55420;201300036585;0;2;0;0.0;2.0;1.0;1.0;B01
55421;201300036586;0;7;0;0.0;2.0;5.0;15.0;A01
55422;201300036586;0;7;0;0.0;2.0;2.0;1.0;B01
55423;201300036587;0;7;0;0.0;0.0;4.0;23.0;C01
55424;201300036587;0;7;0;0.0;0.0;4.0;23.0;B01
55425;201300036587;0;7;0;0.0;0.0;1.0;2.0;A01
55426;201300036588;0;32;0;0.0;2.0;9.0;23.0;B01
55427;201300036588;0;7;0;0.0;2.0;3.0;1.0;A01
55428;201300036588;0;7;0;6.0;2.0;3.0;21.0;C01
55429;201300036589;0;1;0;0.0;2.0;8.0;1.0;A01
55430;201300036589;0;7;0;0.0;0.0;8.0;1.0;B01
55431;201300036590;0;33;0;3.0;2.0;1.0;1.0;B01
55432;201300036590;0;7;0;0.0;2.0;3.0;17.0;A01
55433;201300036591;0;33;0;0.0;1.0;1.0;0.0;A01
55434;201300036592;0;32;0;0.0;2.0;8.0;1.0;B01
55435;201300036592;0;7;0;0.0;2.0;3.0;16.0;A01
55436;201300036593;0;7;0;0.0;2.0;1.0;13.0;A01
55437;201300036593;0;7;0;0.0;2.0;1.0;1.0;B01
55438;201300036594;0;7;0;0.0;2.0;1.0;2.0;A01
55439;201300036594;0;7;0;0.0;2.0;1.0;2.0;B01
55440;201300036595;0;14;0;0.0;2.0;2.0;12.0;A01
55441;201300036595;0;7;0;0.0;0.0;3.0;1.0;B01
55442;201300036596;0;7;0;0.0;1.0;1.0;1.0;A01
55443;201300036597;0;7;0;1.0;1.0;1.0;21.0;A01
55444;201300036598;0;7;0;0.0;2.0;1.0;1.0;B01
55445;201300036598;0;34;0;0.0;2.0;1.0;1.0;A01
55446;201300036599;0;7;0;0.0;2.0;4.0;2.0;B01
55447;201300036599;0;7;0;0.0;0.0;4.0;2.0;C01
55448;201300036599;0;7;0;0.0;2.0;1.0;2.0;A01
55449;201300036600;0;7;0;1.0;0.0;3.0;13.0;A01
55450;201300036602;0;7;0;0.0;2.0;1.0;1.0;A01
55451;201300036602;0;7;0;0.0;2.0;1.0;1.0;B01
55452;201300036604;0;30;0;0.0;2.0;2.0;18.0;A01
55453;201300036604;0;7;0;0.0;2.0;2.0;12.0;B01
55454;201300036605;1;7;0;0.0;2.0;1.0;15.0;Z01
55455;201300036605;0;32;0;0.0;2.0;2.0;1.0;A01
55456;201300036606;0;7;0;0.0;1.0;1.0;1.0;A01
55457;201300036607;0;99;0;0.0;1.0;1.0;16.0;A01
55458;201300036609;0;32;0;0.0;2.0;1.0;1.0;A01
55459;201300036609;0;7;0;0.0;2.0;1.0;15.0;B01
55460;201300036610;0;7;0;0.0;2.0;4.0;2.0;D01
55461;201300036610;0;7;0;0.0;2.0;4.0;2.0;B01
55462;201300036610;0;7;0;0.0;2.0;1.0;2.0;A01
55463;201300036610;0;7;0;0.0;2.0;4.0;2.0;C01
55464;201300036611;0;1;0;0.0;2.0;8.0;15.0;B01
55465;201300036611;0;33;0;0.0;2.0;1.0;2.0;A01
55466;201300036612;0;1;0;0.0;2.0;4.0;1.0;B01
55467;201300036612;0;10;0;0.0;2.0;1.0;2.0;A01
55468;201300036613;2;7;0;0.0;2.0;3.0;13.0;A01
55469;201300036613;0;7;0;0.0;0.0;3.0;1.0;B01
55470;201300036614;0;7;0;0.0;1.0;1.0;1.0;A01
55471;201300036615;0;30;0;0.0;2.0;1.0;1.0;A01
55472;201300036615;0;7;0;0.0;2.0;6.0;1.0;B01
55473;201300036616;0;2;0;0.0;2.0;3.0;1.0;A01
55474;201300036616;0;7;0;0.0;0.0;5.0;23.0;B01
55475;201300036618;0;32;0;0.0;2.0;1.0;1.0;A01
55476;201300036618;0;7;0;0.0;2.0;5.0;15.0;B01
55477;201300036619;0;34;0;0.0;1.0;1.0;1.0;A01
55478;201300036620;0;7;0;0.0;2.0;5.0;0.0;A01
55479;201300036620;0;34;0;0.0;2.0;3.0;2.0;B01
55480;201300036621;0;10;0;0.0;1.0;1.0;15.0;A01
55481;201300036622;0;7;0;0.0;2.0;8.0;15.0;B01
55482;201300036622;0;30;0;0.0;2.0;2.0;17.0;A01
55483;201300036623;0;7;0;0.0;2.0;4.0;15.0;B01
55484;201300036623;0;33;0;0.0;2.0;1.0;17.0;A01
55485;201300036624;0;37;1;0.0;2.0;0.0;1.0;B01
55486;201300036625;0;10;0;0.0;1.0;4.0;4.0;A01
55487;201300036626;0;7;0;0.0;2.0;1.0;2.0;A01
55488;201300036626;0;7;0;0.0;2.0;4.0;2.0;C01
55489;201300036626;0;7;0;0.0;2.0;4.0;2.0;B01
55490;201300036627;0;7;0;0.0;2.0;3.0;13.0;A01
55491;201300036627;0;7;0;0.0;2.0;6.0;2.0;B01
55492;201300036630;0;7;0;0.0;2.0;7.0;16.0;B01
55493;201300036630;0;30;0;0.0;2.0;3.0;18.0;A01
55494;201300036631;0;7;0;0.0;0.0;4.0;2.0;B01
55495;201300036631;0;30;0;14.0;0.0;1.0;2.0;A01
55496;201300036632;0;10;0;0.0;1.0;2.0;1.0;A01
55497;201300036633;0;7;0;0.0;0.0;3.0;0.0;A01
55498;201300036633;0;7;0;0.0;0.0;3.0;0.0;B01
55499;201300036634;0;7;0;0.0;2.0;7.0;15.0;A01
55500;201300036634;0;7;0;0.0;2.0;1.0;1.0;B01
55501;201300036635;1;7;0;0.0;2.0;0.0;1.0;Z01
55502;201300036635;0;30;0;0.0;2.0;0.0;1.0;B01
55503;201300036636;0;33;0;0.0;2.0;0.0;21.0;B01
55504;201300036636;0;7;0;0.0;9.0;3.0;15.0;A01
55505;201300036638;0;7;0;0.0;1.0;2.0;1.0;A01
55506;201300036639;0;34;0;0.0;2.0;1.0;1.0;B01
55507;201300036639;0;7;0;0.0;2.0;8.0;15.0;A01
55508;201300036640;0;10;0;0.0;0.0;4.0;1.0;B01
55509;201300036640;0;7;0;0.0;2.0;1.0;2.0;A01
55510;201300036641;0;33;0;0.0;2.0;1.0;1.0;B01
55511;201300036641;0;7;0;0.0;2.0;7.0;15.0;Z01
55512;201300036643;0;10;0;0.0;1.0;1.0;0.0;A01
55513;201300036644;0;7;0;0.0;9.0;3.0;15.0;A01
55514;201300036644;0;33;0;0.0;2.0;1.0;1.0;B01
55515;201300036645;0;10;0;0.0;2.0;1.0;1.0;B01
55516;201300036645;0;10;0;0.0;2.0;2.0;15.0;A01
55517;201300036646;0;31;0;0.0;1.0;1.0;3.0;A01
55518;201300036647;0;7;0;0.0;1.0;2.0;2.0;A01
55519;201300036649;0;33;0;0.0;2.0;1.0;17.0;A01
55520;201300036649;0;7;0;0.0;2.0;8.0;15.0;B01
55521;201300036650;0;7;0;2.0;0.0;1.0;1.0;A01
55522;201300036651;1;32;0;0.0;1.0;8.0;1.0;A01
55523;201300036652;0;7;0;0.0;1.0;1.0;1.0;A01
55524;201300036653;0;7;0;0.0;2.0;3.0;15.0;B01
55525;201300036653;0;33;0;0.0;2.0;2.0;17.0;A01
55526;201300036654;0;34;0;0.0;2.0;1.0;0.0;A01
55527;201300036654;0;7;0;0.0;2.0;1.0;1.0;B01
55528;201300036655;0;33;0;0.0;0.0;0.0;0.0;B01
55529;201300036655;0;7;0;0.0;0.0;7.0;15.0;A01
55530;201300036656;0;7;0;0.0;2.0;1.0;2.0;A01
55531;201300036656;0;7;0;0.0;2.0;4.0;2.0;B01
55532;201300036657;0;7;0;0.0;2.0;5.0;1.0;B01
55533;201300036657;0;7;0;0.0;2.0;1.0;2.0;A01
55534;201300036658;0;7;0;0.0;1.0;3.0;15.0;A01
55535;201300036659;0;33;0;0.0;2.0;1.0;1.0;B01
55536;201300036659;0;7;0;0.0;2.0;2.0;15.0;A01
55537;201300036660;0;1;0;0.0;2.0;1.0;15.0;A01
55538;201300036660;0;7;0;0.0;2.0;8.0;2.0;B01
55539;201300036661;0;7;0;0.0;1.0;1.0;1.0;A01
55540;201300036662;0;7;0;0.0;1.0;1.0;15.0;A01
55541;201300036663;0;7;0;0.0;1.0;1.0;16.0;A01
55542;201300036664;0;7;0;0.0;1.0;0.0;1.0;A01
55543;201300036665;0;33;0;8.0;0.0;8.0;1.0;A01
55544;201300036666;0;7;0;0.0;2.0;2.0;21.0;B01
55545;201300036666;0;7;0;0.0;2.0;2.0;15.0;A01
55546;201300036667;0;7;0;0.0;1.0;6.0;23.0;A01
55547;201300036668;0;7;0;12.0;2.0;3.0;2.0;B01
55548;201300036668;0;7;0;0.0;2.0;2.0;10.0;A01
55549;201300036669;0;7;0;0.0;1.0;7.0;1.0;A01
55550;201300036670;0;7;0;0.0;2.0;1.0;2.0;A01
55551;201300036670;0;7;0;0.0;2.0;4.0;2.0;B01
55552;201300036671;0;10;0;0.0;1.0;1.0;1.0;A01
55553;201300036672;0;2;0;0.0;2.0;7.0;15.0;A01
55554;201300036672;0;7;0;0.0;2.0;3.0;2.0;B01
55555;201300036673;0;30;0;0.0;2.0;8.0;1.0;B01
55556;201300036673;0;7;0;0.0;2.0;3.0;15.0;A01
55557;201300036674;0;7;0;0.0;2.0;1.0;19.0;A01
55558;201300036674;0;2;0;0.0;2.0;1.0;15.0;B01
55559;201300036676;0;32;0;0.0;2.0;1.0;1.0;B01
55560;201300036676;0;7;0;0.0;2.0;2.0;15.0;A01
55561;201300036677;0;7;0;0.0;2.0;2.0;1.0;B01
55562;201300036677;0;30;0;0.0;2.0;1.0;2.0;A01
55563;201300036678;0;7;0;0.0;1.0;0.0;1.0;A01
55564;201300036679;0;7;0;0.0;2.0;3.0;15.0;A01
55565;201300036679;0;32;0;0.0;2.0;1.0;1.0;B01
55566;201300036680;1;99;0;0.0;1.0;1.0;0.0;A01
55567;201300036681;0;7;0;0.0;1.0;4.0;4.0;A01
55568;201300036682;0;7;0;0.0;2.0;1.0;9.0;A01
55569;201300036682;0;34;0;0.0;2.0;7.0;2.0;B01
55570;201300036683;0;7;0;0.0;2.0;7.0;0.0;A01
55571;201300036683;0;7;0;0.0;2.0;7.0;1.0;B01
55572;201300036683;0;7;0;0.0;2.0;0.0;1.0;C01
55573;201300036683;0;7;0;0.0;0.0;4.0;1.0;D01
55574;201300036684;0;7;0;0.0;1.0;5.0;0.0;A01
55575;201300036685;0;2;0;0.0;2.0;1.0;7.0;A01
55576;201300036685;0;7;0;0.0;2.0;5.0;16.0;B01
55577;201300036686;0;7;0;0.0;2.0;1.0;1.0;A01
55578;201300036686;0;7;0;0.0;2.0;3.0;1.0;B01
55579;201300036687;1;7;0;0.0;1.0;2.0;1.0;Z01
55580;201300036688;0;34;0;0.0;2.0;8.0;1.0;B01
55581;201300036688;0;33;0;0.0;2.0;7.0;16.0;A01
55582;201300036690;0;7;0;0.0;1.0;1.0;1.0;A01
55583;201300036691;1;7;0;0.0;1.0;1.0;1.0;A01
55584;201300036692;1;7;0;0.0;1.0;0.0;0.0;Z01
55585;201300036693;0;7;0;0.0;1.0;1.0;1.0;A01
55586;201300036694;0;99;0;0.0;9.0;3.0;15.0;B01
55587;201300036694;0;99;0;0.0;9.0;1.0;1.0;C01
55588;201300036694;0;33;0;0.0;2.0;1.0;1.0;A01
55589;201300036695;0;30;0;0.0;2.0;1.0;1.0;A01
55590;201300036695;0;7;0;0.0;0.0;4.0;16.0;B01
55591;201300036696;0;33;0;0.0;1.0;1.0;1.0;A01
55592;201300036697;0;2;0;0.0;2.0;3.0;1.0;A01
55593;201300036697;0;7;0;0.0;9.0;1.0;15.0;B01
55594;201300036698;0;37;20;0.0;1.0;2.0;1.0;A01
55595;201300036699;0;7;0;0.0;2.0;6.0;15.0;A01
55596;201300036699;0;33;0;0.0;2.0;1.0;1.0;B01
55597;201300036700;0;7;0;0.0;0.0;5.0;1.0;B01
55598;201300036700;0;7;0;0.0;0.0;3.0;1.0;A01
55599;201300036701;0;7;0;0.0;2.0;3.0;15.0;A01
55600;201300036701;0;30;0;0.0;2.0;7.0;17.0;B01
55601;201300036702;0;34;0;0.0;2.0;1.0;0.0;B01
55602;201300036702;0;10;0;0.0;2.0;3.0;9.0;A01
55603;201300036703;0;7;0;0.0;0.0;1.0;2.0;A01
55604;201300036703;0;7;0;0.0;2.0;4.0;2.0;C01
55605;201300036703;0;7;0;0.0;2.0;4.0;2.0;B01
55606;201300036705;0;7;0;0.0;1.0;1.0;1.0;A01
55607;201300036706;0;7;0;0.0;2.0;1.0;2.0;A01
55608;201300036706;0;7;0;0.0;2.0;4.0;2.0;B01
55609;201300036708;0;7;0;0.0;1.0;0.0;0.0;A01
55610;201300036709;0;99;0;0.0;1.0;8.0;1.0;A01
55611;201300036710;0;7;0;0.0;1.0;3.0;2.0;A01
55612;201300036711;0;7;0;0.0;0.0;5.0;9.0;A01
55613;201300036711;0;7;0;0.0;0.0;1.0;1.0;C01
55614;201300036711;0;7;0;0.0;0.0;1.0;1.0;B01
55615;201300036712;0;7;0;0.0;2.0;2.0;16.0;A01
55616;201300036712;0;1;0;0.0;2.0;8.0;1.0;Y01
55617;201300036713;0;7;0;0.0;2.0;3.0;15.0;A01
55618;201300036713;0;2;0;0.0;2.0;8.0;1.0;B01
55619;201300036714;1;7;0;0.0;2.0;1.0;9.0;Z01
55620;201300036714;0;7;0;0.0;2.0;6.0;16.0;B01
55621;201300036715;0;10;0;0.0;1.0;4.0;4.0;A01
55622;201300036716;0;7;0;0.0;2.0;3.0;1.0;C01
55623;201300036716;0;32;0;0.0;2.0;1.0;1.0;B01
55624;201300036716;0;7;0;0.0;2.0;1.0;1.0;A01
55625;201300036717;0;32;0;0.0;2.0;1.0;1.0;A01
55626;201300036717;1;32;0;0.0;0.0;0.0;0.0;Z01
55627;201300036718;0;2;0;0.0;1.0;0.0;0.0;A01
55628;201300036719;0;7;0;0.0;2.0;6.0;1.0;B01
55629;201300036719;0;7;0;0.0;2.0;6.0;2.0;A01
55630;201300036720;0;7;0;0.0;1.0;2.0;16.0;A01
55631;201300036721;0;7;0;2.0;0.0;7.0;14.0;A01
55632;201300036722;0;7;0;0.0;2.0;1.0;2.0;A01
55633;201300036722;0;15;0;0.0;2.0;8.0;23.0;C01
55634;201300036722;0;7;0;0.0;2.0;4.0;23.0;B01
55635;201300036723;0;7;0;0.0;0.0;8.0;2.0;B01
55636;201300036723;0;7;0;0.0;2.0;1.0;1.0;A01
55637;201300036724;1;31;0;1.0;2.0;1.0;1.0;A01
55638;201300036724;0;7;0;0.0;2.0;3.0;1.0;B01
55639;201300036725;0;10;0;0.0;1.0;4.0;4.0;A01
55640;201300036726;0;7;0;0.0;1.0;2.0;17.0;A01
55641;201300036727;0;7;0;0.0;2.0;1.0;1.0;A01
55642;201300036727;0;7;0;0.0;2.0;1.0;1.0;B01
55643;201300036728;0;7;0;0.0;1.0;1.0;1.0;A01
55644;201300036729;0;7;0;0.0;2.0;4.0;2.0;B01
55645;201300036729;0;7;0;0.0;0.0;4.0;2.0;C01
55646;201300036729;0;7;0;0.0;2.0;1.0;2.0;A01
55647;201300036730;0;7;0;0.0;2.0;1.0;1.0;A01
55648;201300036730;0;38;1;0.0;2.0;2.0;9.0;B01
55649;201300036731;0;33;0;0.0;2.0;1.0;1.0;B01
55650;201300036731;0;7;0;0.0;2.0;6.0;13.0;A01
55651;201300036732;0;7;0;0.0;2.0;1.0;2.0;C01
55652;201300036732;0;7;0;0.0;2.0;1.0;5.0;A01
55653;201300036732;0;7;0;0.0;2.0;1.0;1.0;B01
55654;201300036733;0;7;0;11.0;0.0;1.0;19.0;A01
55655;201300036734;0;7;0;0.0;1.0;1.0;1.0;A01
55656;201300036735;0;7;0;0.0;2.0;2.0;1.0;B01
55657;201300036735;0;99;0;0.0;2.0;3.0;5.0;A01
55658;201300036736;0;7;0;0.0;2.0;8.0;1.0;B01
55659;201300036736;0;7;0;0.0;2.0;1.0;23.0;C01
55660;201300036736;0;7;0;0.0;2.0;1.0;1.0;A01
55661;201300036737;0;34;0;1.0;2.0;1.0;2.0;A01
55662;201300036737;0;7;0;0.0;0.0;4.0;23.0;B01
55663;201300036738;0;7;0;0.0;2.0;1.0;1.0;B01
55664;201300036738;0;7;0;0.0;2.0;8.0;1.0;A01
55665;201300036739;0;7;0;0.0;2.0;1.0;1.0;A01
55666;201300036739;0;7;0;0.0;2.0;4.0;2.0;B01
55667;201300036740;0;7;0;0.0;2.0;1.0;9.0;B01
55668;201300036740;0;2;0;0.0;2.0;2.0;1.0;A01
55669;201300036741;0;7;0;0.0;2.0;3.0;13.0;A01
55670;201300036741;0;34;0;0.0;2.0;7.0;1.0;B01
55671;201300036741;0;33;0;0.0;2.0;7.0;1.0;C01
55672;201300036742;0;1;0;0.0;2.0;3.0;2.0;A01
55673;201300036742;0;7;0;0.0;9.0;5.0;12.0;B01
55674;201300036744;0;7;0;0.0;2.0;2.0;15.0;A01
55675;201300036744;0;33;0;0.0;2.0;1.0;1.0;B01
55676;201300036745;0;7;0;0.0;2.0;2.0;1.0;B01
55677;201300036745;0;7;0;0.0;2.0;2.0;17.0;A01
55678;201300036746;0;1;0;0.0;0.0;4.0;13.0;B01
55679;201300036746;0;7;0;0.0;2.0;1.0;13.0;A01
55680;201300036747;0;7;0;0.0;1.0;7.0;11.0;A01
55681;201300036748;0;7;0;0.0;2.0;2.0;16.0;B01
55682;201300036748;0;32;0;0.0;2.0;2.0;1.0;A01
55683;201300036749;0;33;0;0.0;2.0;6.0;2.0;A01
55684;201300036749;0;7;0;0.0;2.0;6.0;9.0;B01
55685;201300036750;0;7;0;0.0;1.0;3.0;1.0;A01
55686;201300036752;0;7;0;8.0;0.0;0.0;14.0;A01
55687;201300036753;0;34;0;0.0;2.0;1.0;19.0;A01
55688;201300036753;0;7;0;0.0;0.0;3.0;9.0;B01
55689;201300036754;0;7;0;0.0;1.0;1.0;1.0;A01
55690;201300036755;0;34;0;0.0;2.0;1.0;2.0;A01
55691;201300036755;0;7;0;0.0;0.0;0.0;15.0;B01
55692;201300036756;0;7;0;0.0;1.0;2.0;1.0;A01
55693;201300036758;2;7;0;0.0;2.0;1.0;9.0;B01
55694;201300036758;0;7;0;15.0;2.0;3.0;9.0;A01
55695;201300036759;0;7;0;11.0;2.0;1.0;19.0;A01
55696;201300036759;0;7;0;0.0;0.0;6.0;23.0;B01
55697;201300036759;0;38;1;0.0;0.0;2.0;23.0;C01
55698;201300036760;0;7;0;0.0;2.0;3.0;5.0;A01
55699;201300036760;0;2;0;0.0;2.0;6.0;1.0;B01
55700;201300036761;0;34;0;0.0;1.0;1.0;1.0;A01
55701;201300036762;0;7;0;0.0;1.0;1.0;1.0;A01
55702;201300036763;0;33;0;0.0;2.0;1.0;1.0;B01
55703;201300036763;0;7;0;0.0;0.0;7.0;13.0;A01
55704;201300036764;0;1;0;0.0;9.0;0.0;1.0;A01
55705;201300036764;0;1;0;0.0;9.0;0.0;1.0;B01
55706;201300036765;0;2;0;12.0;0.0;1.0;0.0;A01
55707;201300036766;0;2;0;0.0;2.0;1.0;1.0;A01
55708;201300036766;0;7;0;0.0;2.0;7.0;1.0;B01
55709;201300036767;0;1;0;0.0;0.0;8.0;2.0;C01
55710;201300036767;0;1;0;0.0;2.0;6.0;11.0;A01
55711;201300036767;0;7;0;0.0;9.0;2.0;2.0;B01
55712;201300036768;0;20;0;0.0;1.0;0.0;15.0;A01
55713;201300036770;0;7;0;0.0;0.0;4.0;1.0;B01
55714;201300036770;0;33;0;0.0;2.0;1.0;2.0;A01
55715;201300036771;0;7;0;0.0;2.0;1.0;5.0;A01
55716;201300036771;0;7;0;0.0;2.0;1.0;1.0;B01
55717;201300036772;0;1;0;0.0;1.0;1.0;1.0;A01
55718;201300036773;0;7;0;6.0;0.0;1.0;15.0;A01
55719;201300036774;0;7;0;0.0;2.0;1.0;1.0;C01
55720;201300036774;0;7;0;0.0;2.0;1.0;13.0;A01
55721;201300036774;0;7;0;0.0;2.0;4.0;1.0;B01
55722;201300036775;0;3;0;0.0;0.0;4.0;2.0;B01
55723;201300036775;0;7;0;0.0;2.0;1.0;2.0;A01
55724;201300036776;0;30;0;12.0;0.0;1.0;0.0;A01
55725;201300036777;0;7;0;12.0;0.0;1.0;0.0;A01
55726;201300036778;0;7;0;0.0;2.0;1.0;1.0;B01
55727;201300036778;0;7;0;0.0;2.0;1.0;13.0;A01
55728;201300036779;0;7;0;0.0;2.0;7.0;15.0;A01
55729;201300036779;0;1;0;0.0;0.0;1.0;1.0;B01
55730;201300036780;0;7;0;0.0;1.0;1.0;1.0;A01
55731;201300036781;0;7;0;0.0;1.0;1.0;13.0;A01
55732;201300036782;0;33;0;0.0;2.0;1.0;17.0;B01
55733;201300036782;0;7;0;0.0;2.0;6.0;15.0;A01
55734;201300036783;0;10;0;0.0;1.0;1.0;1.0;A01
55735;201300036784;0;33;0;0.0;2.0;1.0;16.0;A01
55736;201300036784;0;7;0;0.0;0.0;6.0;1.0;B01
55737;201300036785;0;7;0;6.0;0.0;2.0;14.0;A01
55738;201300036786;0;7;0;0.0;0.0;7.0;15.0;A01
55739;201300036786;0;33;0;0.0;2.0;1.0;1.0;B01
55740;201300036787;0;7;0;0.0;1.0;2.0;1.0;A01
55741;201300036788;0;7;0;8.0;0.0;1.0;6.0;A01
55742;201300036789;0;7;0;0.0;1.0;1.0;1.0;A01
55743;201300036790;0;7;0;0.0;2.0;8.0;1.0;B01
55744;201300036790;0;7;0;0.0;2.0;1.0;5.0;A01
55745;201300036790;0;15;0;0.0;2.0;1.0;1.0;C01
55746;201300036791;0;7;0;2.0;0.0;8.0;1.0;A01
55747;201300036792;0;7;0;0.0;0.0;7.0;15.0;B01
55748;201300036792;0;33;0;0.0;2.0;1.0;1.0;A01
55749;201300036793;0;7;0;0.0;2.0;1.0;1.0;A01
55750;201300036793;0;10;0;0.0;2.0;1.0;1.0;B01
55751;201300036794;0;7;0;0.0;2.0;7.0;1.0;B01
55752;201300036794;0;7;0;0.0;2.0;1.0;1.0;C01
55753;201300036794;0;7;0;0.0;2.0;1.0;1.0;A01
55754;201300036795;2;7;0;0.0;2.0;1.0;1.0;A01
55755;201300036795;0;7;0;0.0;2.0;4.0;15.0;B01
55756;201300036795;0;17;0;0.0;2.0;4.0;1.0;C01
55757;201300036796;0;7;0;0.0;2.0;1.0;1.0;A01
55758;201300036796;0;2;0;0.0;2.0;4.0;15.0;B01
55759;201300036797;0;31;0;0.0;2.0;1.0;1.0;A01
55760;201300036797;0;7;0;0.0;2.0;1.0;1.0;B01
55761;201300036798;0;30;0;0.0;2.0;1.0;1.0;B01
55762;201300036798;0;7;0;0.0;2.0;3.0;0.0;A01
55763;201300036799;0;7;0;0.0;2.0;1.0;1.0;A01
55764;201300036799;0;1;0;0.0;2.0;1.0;1.0;B01
55765;201300036800;1;7;0;0.0;2.0;1.0;1.0;A01
55766;201300036800;0;1;0;0.0;2.0;8.0;1.0;B01
55767;201300036801;0;7;0;13.0;2.0;1.0;1.0;B01
55768;201300036801;0;7;0;0.0;2.0;3.0;17.0;A01
55769;201300036802;0;7;0;0.0;2.0;3.0;15.0;A01
55770;201300036802;0;2;0;0.0;2.0;1.0;17.0;B01
55771;201300036803;0;33;0;0.0;2.0;1.0;1.0;A01
55772;201300036803;0;7;0;0.0;2.0;5.0;15.0;B01
55773;201300036804;0;31;0;1.0;1.0;1.0;17.0;A01
55774;201300036805;0;7;0;0.0;1.0;1.0;1.0;A01
55775;201300036806;0;7;0;0.0;1.0;2.0;1.0;A01
55776;201300036807;0;7;0;0.0;1.0;2.0;1.0;A01
55777;201300036808;0;7;0;0.0;2.0;1.0;21.0;B01
55778;201300036808;0;7;0;0.0;2.0;1.0;15.0;A01
55779;201300036809;0;7;0;8.0;2.0;3.0;15.0;B01
55780;201300036809;0;7;0;6.0;2.0;1.0;17.0;A01
55781;201300036811;0;7;0;0.0;1.0;8.0;1.0;A01
55782;201300036812;0;7;0;0.0;1.0;2.0;0.0;A01
55783;201300036813;0;7;0;0.0;1.0;1.0;0.0;A01
55784;201300036814;0;7;0;0.0;1.0;1.0;1.0;A01
55785;201300036815;0;7;0;0.0;1.0;3.0;1.0;A01
55786;201300036816;0;1;0;0.0;0.0;1.0;1.0;B01
55787;201300036816;0;7;0;0.0;2.0;1.0;9.0;A01
55788;201300036817;0;2;0;9.0;0.0;2.0;14.0;A01
55789;201300036818;0;7;0;0.0;0.0;8.0;10.0;A01
55790;201300036818;0;33;0;0.0;2.0;1.0;17.0;B01
55791;201300036819;0;1;0;0.0;2.0;1.0;1.0;B01
55792;201300036819;0;7;0;0.0;2.0;7.0;16.0;A01
55793;201300036820;0;7;0;0.0;1.0;2.0;1.0;A01
55794;201300036821;0;7;0;0.0;1.0;1.0;0.0;A01
55795;201300036823;0;7;0;0.0;1.0;3.0;1.0;A01
55796;201300036824;0;10;0;0.0;0.0;1.0;1.0;B01
55797;201300036824;0;10;0;0.0;2.0;1.0;13.0;A01
55798;201300036825;0;2;0;0.0;2.0;1.0;5.0;B01
55799;201300036825;0;7;0;0.0;2.0;3.0;15.0;A01
55800;201300036826;0;2;0;0.0;2.0;1.0;17.0;B01
55801;201300036826;0;7;0;0.0;0.0;3.0;15.0;A01
55802;201300036827;0;31;0;0.0;2.0;1.0;1.0;B01
55803;201300036827;0;7;0;0.0;2.0;6.0;9.0;A01
55804;201300036828;0;7;0;0.0;0.0;3.0;9.0;A01
55805;201300036828;0;2;0;0.0;2.0;1.0;1.0;B01
55806;201300036829;0;2;0;0.0;2.0;1.0;2.0;B01
55807;201300036829;0;10;0;0.0;2.0;3.0;10.0;A01
55808;201300036830;0;33;0;0.0;2.0;1.0;17.0;A01
55809;201300036830;0;10;0;0.0;0.0;8.0;15.0;B01