;Num_Acc;senc;catv;occutc;obs;obsm;choc;manv;num_veh
55810;201300036831;0;7;0;0.0;2.0;4.0;2.0;A01
55811;201300036831;0;7;0;0.0;2.0;4.0;2.0;B01
55812;201300036832;0;10;0;0.0;0.0;2.0;15.0;A01
55813;201300036832;0;2;0;0.0;2.0;1.0;1.0;B01
55814;201300036833;0;33;0;0.0;1.0;8.0;1.0;A01
55815;201300036835;0;1;0;0.0;0.0;7.0;1.0;B01
55816;201300036835;0;10;0;0.0;2.0;1.0;9.0;A01
55817;201300036836;0;7;0;0.0;1.0;1.0;0.0;A01
55818;201300036837;0;32;0;0.0;2.0;1.0;1.0;A01
55819;201300036837;0;7;0;0.0;2.0;5.0;15.0;B01
55820;201300036838;0;7;0;0.0;1.0;2.0;1.0;A01
55821;201300036839;0;7;0;0.0;2.0;9.0;23.0;B01
55822;201300036839;0;7;0;0.0;2.0;4.0;23.0;C01
55823;201300036839;0;7;0;0.0;2.0;1.0;1.0;A01
55824;201300036840;0;31;0;12.0;0.0;0.0;1.0;A01
55825;201300036842;0;7;0;0.0;1.0;3.0;1.0;A01
55826;201300036843;0;30;0;0.0;0.0;0.0;1.0;A01
55827;201300036844;0;7;0;0.0;2.0;8.0;1.0;A01
55828;201300036844;0;1;0;6.0;0.0;1.0;1.0;B01
55829;201300036845;0;10;0;0.0;2.0;3.0;1.0;B01
55830;201300036845;0;30;0;0.0;2.0;1.0;1.0;A01
55831;201300036846;0;33;0;0.0;0.0;0.0;1.0;A01
55832;201300036847;0;31;0;0.0;0.0;0.0;1.0;A01
55833;201300036848;0;7;0;0.0;2.0;8.0;21.0;B01
55834;201300036848;0;30;0;0.0;2.0;8.0;13.0;A01
55835;201300036849;0;7;0;6.0;0.0;7.0;14.0;A01
55836;201300036850;0;2;0;0.0;2.0;8.0;1.0;A01
55837;201300036850;1;7;0;0.0;0.0;0.0;1.0;Z01
55838;201300036851;0;33;0;9.0;0.0;1.0;1.0;A01
55839;201300036852;1;7;0;0.0;1.0;0.0;1.0;Z01
55840;201300036853;0;7;0;0.0;1.0;2.0;1.0;A01
55841;201300036854;0;7;0;0.0;2.0;2.0;9.0;A01
55842;201300036854;0;30;0;0.0;2.0;3.0;1.0;B01
55843;201300036855;0;7;0;0.0;1.0;8.0;15.0;A01
55844;201300036856;0;7;0;0.0;2.0;8.0;9.0;A01
55845;201300036856;0;31;0;0.0;2.0;1.0;1.0;B01
55846;201300036857;0;7;0;0.0;1.0;3.0;1.0;A01
55847;201300036858;0;7;0;0.0;2.0;3.0;1.0;B01
55848;201300036858;0;33;0;0.0;2.0;8.0;1.0;A01
55849;201300036859;0;1;0;0.0;2.0;1.0;1.0;B01
55850;201300036859;0;7;0;0.0;2.0;2.0;9.0;A01
55851;201300036860;0;1;0;0.0;2.0;2.0;1.0;B01
55852;201300036860;0;7;0;0.0;2.0;3.0;19.0;A01
55853;201300036861;0;3;0;1.0;1.0;9.0;4.0;A01
55854;201300036862;0;30;0;0.0;2.0;1.0;9.0;A01
55855;201300036862;0;7;0;0.0;2.0;2.0;1.0;Z01
55856;201300036863;0;30;0;0.0;2.0;3.0;13.0;A01
55857;201300036863;0;7;0;0.0;2.0;3.0;1.0;B01
55858;201300036864;0;31;0;0.0;0.0;0.0;1.0;A01
55859;201300036865;0;1;0;0.0;1.0;1.0;5.0;A01
55860;201300036866;0;33;0;0.0;2.0;1.0;2.0;B01
55861;201300036866;0;7;0;0.0;2.0;4.0;1.0;A01
55862;201300036867;0;1;0;0.0;2.0;8.0;1.0;B01
55863;201300036867;1;7;0;0.0;2.0;0.0;16.0;Z01
55864;201300036868;0;33;0;0.0;0.0;7.0;1.0;A01
55865;201300036869;0;7;0;0.0;1.0;1.0;1.0;A01
55866;201300036871;0;7;0;13.0;0.0;9.0;1.0;A01
55867;201300036872;0;7;0;0.0;2.0;1.0;1.0;A01
55868;201300036872;0;7;0;0.0;0.0;4.0;1.0;B01
55869;201300036873;0;7;0;0.0;2.0;4.0;2.0;B01
55870;201300036873;0;7;0;0.0;2.0;1.0;1.0;A01
55871;201300036874;0;31;0;0.0;2.0;1.0;1.0;B01
55872;201300036874;0;7;0;0.0;2.0;5.0;15.0;A01
55873;201300036875;0;7;0;0.0;2.0;3.0;15.0;A01
55874;201300036875;0;2;0;0.0;2.0;3.0;16.0;B01
55875;201300036876;0;7;0;0.0;1.0;5.0;4.0;A01
55876;201300036877;0;7;0;0.0;2.0;3.0;22.0;A01
55877;201300036877;0;1;0;1.0;2.0;1.0;1.0;B01
55878;201300036878;2;7;0;6.0;0.0;8.0;17.0;A01
55879;201300036879;0;2;0;0.0;2.0;1.0;1.0;B01
55880;201300036879;0;7;0;0.0;2.0;3.0;10.0;A01
55881;201300036880;0;7;0;0.0;2.0;4.0;23.0;B01
55882;201300036880;0;7;0;0.0;2.0;1.0;1.0;A01
55883;201300036881;0;31;0;0.0;0.0;7.0;1.0;A01
55884;201300036882;0;7;0;0.0;2.0;8.0;9.0;A01
55885;201300036882;0;30;0;0.0;2.0;1.0;1.0;B01
55886;201300036883;0;7;0;0.0;2.0;1.0;1.0;B01
55887;201300036883;0;1;0;0.0;2.0;1.0;5.0;A01
55888;201300036884;0;7;0;0.0;1.0;2.0;1.0;A01
55889;201300036885;0;7;0;0.0;2.0;3.0;15.0;A01
55890;201300036885;0;2;0;0.0;2.0;1.0;1.0;B01
55891;201300036886;0;7;0;0.0;1.0;1.0;1.0;A01
55892;201300036887;0;7;0;0.0;2.0;1.0;2.0;A01
55893;201300036887;0;33;0;0.0;2.0;4.0;16.0;B01
55894;201300036888;0;7;0;0.0;2.0;8.0;2.0;B01
55895;201300036888;0;7;0;8.0;2.0;2.0;17.0;A01
55896;201300036889;0;7;0;0.0;0.0;8.0;15.0;A01
55897;201300036889;0;33;0;0.0;2.0;1.0;1.0;B01
55898;201300036890;0;7;0;15.0;0.0;8.0;0.0;A01
55899;201300036890;0;7;0;0.0;2.0;1.0;5.0;B01
55900;201300036891;0;7;0;0.0;1.0;7.0;1.0;A01
55901;201300036892;0;33;0;0.0;2.0;1.0;17.0;A01
55902;201300036892;0;7;0;0.0;2.0;8.0;11.0;B01
55903;201300036893;0;33;0;7.0;0.0;1.0;0.0;A01
55904;201300036894;0;7;0;0.0;0.0;6.0;0.0;B01
55905;201300036894;0;1;0;1.0;0.0;1.0;1.0;A01
55906;201300036895;0;7;0;0.0;1.0;2.0;1.0;A01
55907;201300036896;0;7;0;0.0;1.0;3.0;0.0;A01
55908;201300036897;0;1;0;0.0;2.0;3.0;1.0;B01
55909;201300036897;1;30;0;0.0;0.0;1.0;5.0;Z01
55910;201300036898;0;7;0;0.0;2.0;2.0;16.0;B01
55911;201300036898;0;30;0;0.0;2.0;8.0;2.0;A01
55912;201300036900;0;7;0;0.0;2.0;1.0;2.0;A01
55913;201300036900;0;7;0;0.0;2.0;6.0;15.0;B01
55914;201300036901;0;33;0;0.0;2.0;1.0;17.0;A01
55915;201300036901;0;7;0;0.0;2.0;3.0;15.0;B01
55916;201300036902;1;7;0;0.0;1.0;2.0;0.0;Z01
55917;201300036903;0;7;0;0.0;1.0;1.0;1.0;A01
55918;201300036904;0;7;0;0.0;1.0;1.0;1.0;A01
55919;201300036907;0;7;0;0.0;1.0;7.0;1.0;A01
55920;201300036908;0;7;0;0.0;2.0;5.0;2.0;B01
55921;201300036908;0;2;0;0.0;2.0;3.0;2.0;A01
55922;201300036909;0;7;0;0.0;2.0;1.0;2.0;B01
55923;201300036909;0;7;0;0.0;2.0;4.0;2.0;C01
55924;201300036909;0;7;0;0.0;2.0;1.0;2.0;A01
55925;201300036910;0;7;0;0.0;2.0;3.0;1.0;B01
55926;201300036910;0;7;0;0.0;2.0;3.0;13.0;A01
55927;201300036911;0;7;0;0.0;2.0;1.0;1.0;C01
55928;201300036911;0;7;0;0.0;2.0;1.0;1.0;B01
55929;201300036911;0;7;0;0.0;2.0;1.0;0.0;A01
55930;201300036911;0;7;0;0.0;2.0;1.0;0.0;D01
55931;201300036912;0;2;0;0.0;2.0;4.0;15.0;B01
55932;201300036912;0;7;0;0.0;2.0;1.0;1.0;A01
55933;201300036913;0;17;0;3.0;0.0;1.0;1.0;B01
55934;201300036913;0;17;0;3.0;0.0;1.0;1.0;A01
55935;201300036914;0;10;0;0.0;1.0;2.0;1.0;A01
55936;201300036915;0;7;0;0.0;2.0;8.0;9.0;A01
55937;201300036915;0;2;0;0.0;2.0;1.0;1.0;B01
55938;201300036916;0;7;0;0.0;2.0;2.0;15.0;A01
55939;201300036916;0;2;0;0.0;2.0;1.0;8.0;B01
55940;201300036917;0;7;0;0.0;1.0;4.0;4.0;A01
55941;201300036918;0;7;0;0.0;1.0;2.0;1.0;A01
55942;201300036919;0;7;0;0.0;2.0;1.0;1.0;A01
55943;201300036919;0;7;0;0.0;2.0;4.0;1.0;B01
55944;201300036920;0;7;0;0.0;1.0;2.0;1.0;A01
55945;201300036921;0;7;0;0.0;2.0;3.0;13.0;A01
55946;201300036921;0;7;0;0.0;2.0;3.0;1.0;B01
55947;201300036923;0;7;0;0.0;2.0;1.0;2.0;A01
55948;201300036923;0;7;0;0.0;2.0;4.0;1.0;C01
55949;201300036923;0;7;0;0.0;2.0;4.0;1.0;B01
55950;201300036924;0;3;0;0.0;2.0;1.0;1.0;B01
55951;201300036924;0;7;0;0.0;2.0;1.0;9.0;A01
55952;201300036925;0;7;0;0.0;1.0;2.0;1.0;A01
55953;201300036926;0;7;0;1.0;1.0;1.0;14.0;A01
55954;201300036927;0;7;0;0.0;2.0;1.0;1.0;B01
55955;201300036927;0;7;0;0.0;2.0;2.0;15.0;A01
55956;201300036928;0;7;0;0.0;2.0;1.0;1.0;A01
55957;201300036928;0;7;0;0.0;2.0;8.0;1.0;B01
55958;201300036929;0;30;0;12.0;0.0;2.0;1.0;A01
55959;201300036930;0;10;0;0.0;2.0;1.0;1.0;A01
55960;201300036930;0;7;0;0.0;2.0;4.0;2.0;B01
55961;201300036931;0;7;0;0.0;2.0;2.0;15.0;A01
55962;201300036931;0;2;0;0.0;2.0;1.0;1.0;B01
55963;201300036932;0;7;0;0.0;2.0;1.0;2.0;A01
55964;201300036932;0;7;0;0.0;2.0;4.0;2.0;C01
55965;201300036932;0;7;0;0.0;2.0;4.0;2.0;B01
55966;201300036933;0;7;0;0.0;2.0;2.0;9.0;A01
55967;201300036933;0;1;0;0.0;2.0;1.0;1.0;B01
55968;201300036936;0;7;0;0.0;2.0;1.0;1.0;A01
55969;201300036936;0;1;0;0.0;2.0;7.0;1.0;B01
55970;201300036937;0;1;0;0.0;2.0;1.0;1.0;B01
55971;201300036937;0;1;0;0.0;2.0;1.0;1.0;A01
55972;201300036938;0;2;0;11.0;0.0;1.0;17.0;A01
55973;201300036940;0;3;0;0.0;1.0;1.0;1.0;A01
55974;201300036941;0;7;0;8.0;0.0;1.0;13.0;A01
55975;201300036942;0;10;0;0.0;2.0;7.0;23.0;C01
55976;201300036942;0;7;0;0.0;2.0;6.0;11.0;B01
55977;201300036942;0;7;0;0.0;2.0;1.0;1.0;A01
55978;201300036943;0;7;0;0.0;2.0;3.0;1.0;B01
55979;201300036943;0;7;0;0.0;2.0;3.0;0.0;A01
55980;201300036944;0;7;0;0.0;1.0;3.0;1.0;A01
55981;201300036945;0;7;0;0.0;2.0;3.0;15.0;A01
55982;201300036945;0;1;0;0.0;2.0;1.0;1.0;B01
55983;201300036947;0;7;0;0.0;2.0;8.0;0.0;C01
55984;201300036947;0;7;0;0.0;2.0;6.0;0.0;B01
55985;201300036947;0;10;0;0.0;2.0;1.0;0.0;A01
55986;201300036947;0;14;0;0.0;2.0;6.0;1.0;D01
55987;201300036948;0;7;0;0.0;2.0;2.0;15.0;A01
55988;201300036948;0;2;0;0.0;2.0;1.0;1.0;B01
55989;201300036949;0;10;0;8.0;0.0;2.0;14.0;A01
55990;201300036950;0;7;0;7.0;2.0;2.0;1.0;A01
55991;201300036950;0;7;0;0.0;2.0;1.0;1.0;B01
55992;201300036951;0;7;0;0.0;2.0;7.0;0.0;A01
55993;201300036951;0;2;0;0.0;2.0;8.0;0.0;B01
55994;201300036952;0;7;0;0.0;2.0;1.0;1.0;A01
55995;201300036952;0;7;0;0.0;1.0;4.0;1.0;B01
55996;201300036953;0;10;0;0.0;2.0;1.0;1.0;B01
55997;201300036953;0;7;0;0.0;2.0;1.0;5.0;A01
55998;201300036955;0;13;0;0.0;2.0;4.0;2.0;B01
55999;201300036955;0;13;0;0.0;2.0;1.0;2.0;A01
56000;201300036956;0;7;0;0.0;1.0;2.0;1.0;A01
56001;201300036957;0;30;0;16.0;0.0;7.0;1.0;A01
56002;201300036958;0;7;0;0.0;2.0;7.0;1.0;A01
56003;201300036958;0;7;0;6.0;2.0;1.0;1.0;B01
56004;201300036959;0;7;0;0.0;1.0;7.0;1.0;A01
56005;201300036960;0;31;0;12.0;2.0;1.0;1.0;B01
56006;201300036960;0;7;0;0.0;2.0;3.0;1.0;A01
56007;201300036961;0;7;0;0.0;2.0;4.0;20.0;B01
56008;201300036961;0;10;0;0.0;2.0;1.0;2.0;A01
56009;201300036962;0;7;0;0.0;2.0;1.0;1.0;A01
56010;201300036962;0;7;0;0.0;2.0;4.0;1.0;C01
56011;201300036962;0;7;0;0.0;2.0;4.0;1.0;B01
56012;201300036964;0;7;0;6.0;2.0;1.0;1.0;A01
56013;201300036964;0;7;0;0.0;2.0;1.0;2.0;B01
56014;201300036965;0;1;0;0.0;2.0;8.0;1.0;B01
56015;201300036965;0;10;0;0.0;2.0;7.0;1.0;A01
56016;201300036966;0;7;0;8.0;2.0;1.0;1.0;B01
56017;201300036966;0;7;0;0.0;2.0;1.0;15.0;A01
56018;201300036967;0;7;0;6.0;0.0;1.0;1.0;A01
56019;201300036968;0;2;0;0.0;2.0;3.0;17.0;B01
56020;201300036968;0;2;0;0.0;2.0;2.0;21.0;A01
56021;201300036968;0;7;0;0.0;2.0;3.0;15.0;C01
56022;201300036969;0;7;0;3.0;2.0;4.0;2.0;B01
56023;201300036969;0;7;0;0.0;2.0;1.0;2.0;A01
56024;201300036970;0;7;0;0.0;2.0;1.0;15.0;A01
56025;201300036970;0;1;0;0.0;2.0;8.0;1.0;B01
56026;201300036971;0;7;0;0.0;1.0;1.0;1.0;A01
56027;201300036972;0;10;0;6.0;0.0;1.0;1.0;A01
56028;201300036973;0;7;0;0.0;2.0;3.0;1.0;B01
56029;201300036973;0;30;0;0.0;2.0;1.0;17.0;A01
56030;201300036974;0;33;0;0.0;0.0;0.0;1.0;A01
56031;201300036975;0;7;0;0.0;2.0;3.0;9.0;A01
56032;201300036975;0;31;0;0.0;2.0;7.0;0.0;B01
56033;201300036976;0;7;0;1.0;0.0;1.0;1.0;A01
56034;201300036977;0;7;0;0.0;1.0;2.0;1.0;A01
56035;201300036978;0;2;0;0.0;2.0;8.0;1.0;B01
56036;201300036978;0;7;0;0.0;2.0;3.0;15.0;A01
56037;201300036979;0;1;0;0.0;2.0;0.0;1.0;B01
56038;201300036979;0;7;0;0.0;2.0;8.0;15.0;A01
56039;201300036980;0;2;0;0.0;2.0;8.0;18.0;B01
56040;201300036980;0;17;0;0.0;2.0;5.0;1.0;A01
56041;201300036981;0;7;0;0.0;2.0;2.0;2.0;A01
56042;201300036981;0;7;0;0.0;2.0;4.0;2.0;B01
56043;201300036982;0;7;0;0.0;2.0;4.0;2.0;B01
56044;201300036982;0;7;0;0.0;2.0;1.0;1.0;A01
56045;201300036982;0;7;0;0.0;2.0;4.0;2.0;C01
56046;201300036983;0;7;0;0.0;2.0;4.0;2.0;B01
56047;201300036983;0;7;0;0.0;2.0;1.0;2.0;A01
56048;201300036984;0;33;0;0.0;2.0;2.0;1.0;B01
56049;201300036984;0;10;0;0.0;2.0;3.0;2.0;A01
56050;201300036985;0;7;0;0.0;1.0;2.0;20.0;A01
56051;201300036986;0;7;0;0.0;2.0;2.0;1.0;A01
56052;201300036986;0;7;0;0.0;2.0;6.0;2.0;B01
56053;201300036987;0;7;0;0.0;1.0;8.0;0.0;A01
56054;201300036988;0;2;0;0.0;2.0;5.0;1.0;A01
56055;201300036988;0;7;0;0.0;2.0;2.0;1.0;B01
56056;201300036989;0;7;0;0.0;2.0;1.0;1.0;B01
56057;201300036989;0;10;0;0.0;2.0;7.0;15.0;A01
56058;201300036990;0;7;0;5.0;0.0;1.0;0.0;A01
56059;201300036991;0;7;0;0.0;2.0;1.0;15.0;A01
56060;201300036991;0;7;0;0.0;2.0;1.0;1.0;B01
56061;201300036992;0;1;0;0.0;2.0;1.0;1.0;B01
56062;201300036992;0;7;0;0.0;2.0;6.0;15.0;A01
56063;201300036993;0;7;0;0.0;2.0;3.0;1.0;B01
56064;201300036993;0;7;0;0.0;2.0;2.0;15.0;A01
56065;201300036994;0;2;0;0.0;2.0;7.0;1.0;B01
56066;201300036994;0;7;0;0.0;2.0;3.0;9.0;A01
56067;201300036995;0;7;0;0.0;2.0;2.0;15.0;A01
56068;201300036995;0;7;0;0.0;2.0;1.0;1.0;B01
56069;201300036997;0;10;0;2.0;0.0;1.0;14.0;A01
56070;201300036998;0;7;0;0.0;2.0;2.0;15.0;A01
56071;201300036998;0;7;0;0.0;2.0;1.0;1.0;B01
56072;201300036999;0;34;0;0.0;0.0;1.0;1.0;A01
56073;201300037000;0;7;0;0.0;2.0;4.0;2.0;C01
56074;201300037000;0;7;0;0.0;2.0;1.0;2.0;A01
56075;201300037000;0;7;0;0.0;2.0;4.0;2.0;B01
56076;201300037001;0;33;0;0.0;0.0;8.0;1.0;B01
56077;201300037001;0;7;0;0.0;0.0;0.0;15.0;A01
56078;201300037003;0;33;0;0.0;2.0;1.0;1.0;B01
56079;201300037003;0;7;0;0.0;2.0;6.0;11.0;A01
56080;201300037004;0;7;0;0.0;2.0;1.0;1.0;B01
56081;201300037004;0;7;0;0.0;2.0;2.0;9.0;A01
56082;201300037005;0;7;0;0.0;2.0;3.0;1.0;B01
56083;201300037005;0;1;0;0.0;2.0;1.0;15.0;A01
56084;201300037006;0;1;0;6.0;0.0;1.0;1.0;A01
56085;201300037008;0;7;0;0.0;2.0;4.0;23.0;C01
56086;201300037008;0;7;0;0.0;2.0;1.0;2.0;A01
56087;201300037008;0;7;0;0.0;2.0;4.0;23.0;B01
56088;201300037009;0;33;0;4.0;0.0;1.0;1.0;A01
56089;201300037010;0;7;0;0.0;2.0;1.0;1.0;B01
56090;201300037010;0;7;0;1.0;2.0;6.0;10.0;A01
56091;201300037011;0;1;0;0.0;0.0;0.0;0.0;A01
56092;201300037012;0;7;0;0.0;2.0;2.0;10.0;A01
56093;201300037012;0;1;0;0.0;2.0;1.0;1.0;B01
56094;201300037013;0;7;0;0.0;1.0;0.0;15.0;A01
56095;201300037015;0;7;0;0.0;2.0;3.0;1.0;B01
56096;201300037015;0;7;0;0.0;2.0;1.0;10.0;A01
56097;201300037016;0;7;0;9.0;1.0;1.0;1.0;A01
56098;201300037017;0;7;0;0.0;2.0;4.0;1.0;B01
56099;201300037017;0;7;0;0.0;2.0;1.0;1.0;A01
56100;201300037018;0;7;0;0.0;2.0;4.0;1.0;C01
56101;201300037018;0;7;0;0.0;2.0;4.0;1.0;B01
56102;201300037018;0;7;0;0.0;2.0;4.0;1.0;D01
56103;201300037018;0;10;0;0.0;2.0;1.0;1.0;A01
56104;201300037019;0;7;0;0.0;2.0;6.0;9.0;A01
56105;201300037019;0;33;0;0.0;2.0;1.0;15.0;B01
56106;201300037020;0;7;0;0.0;1.0;1.0;1.0;A01
56107;201300037021;0;7;0;3.0;0.0;3.0;1.0;A01
56108;201300037022;0;7;0;0.0;2.0;3.0;1.0;B01
56109;201300037022;0;2;0;0.0;2.0;1.0;15.0;A01
56110;201300037023;0;30;0;0.0;2.0;1.0;1.0;A01
56111;201300037023;0;7;0;0.0;2.0;3.0;15.0;B01
56112;201300037024;0;7;0;0.0;2.0;4.0;1.0;B01
56113;201300037024;0;10;0;0.0;2.0;1.0;1.0;A01
56114;201300037024;0;7;0;0.0;0.0;4.0;1.0;C01
56115;201300037025;0;10;0;0.0;2.0;1.0;1.0;A01
56116;201300037025;0;7;0;7.0;2.0;1.0;15.0;B01
56117;201300037026;0;7;0;0.0;2.0;1.0;1.0;A01
56118;201300037026;0;33;0;0.0;2.0;1.0;1.0;B01
56119;201300037026;0;7;0;0.0;2.0;1.0;1.0;C01
56120;201300037026;0;7;0;0.0;2.0;6.0;1.0;D01
56121;201300037027;0;2;0;0.0;2.0;1.0;1.0;B01
56122;201300037027;0;7;0;0.0;2.0;3.0;1.0;A01
56123;201300037028;0;7;0;0.0;2.0;3.0;15.0;A01
56124;201300037028;0;7;0;0.0;2.0;1.0;1.0;B01
56125;201300037029;0;7;0;0.0;2.0;2.0;1.0;B01
56126;201300037029;0;2;0;0.0;2.0;1.0;9.0;A01
56127;201300037030;0;7;0;0.0;2.0;3.0;1.0;B01
56128;201300037030;0;7;0;0.0;2.0;2.0;15.0;A01
56129;201300037031;0;7;0;0.0;2.0;1.0;1.0;A01
56130;201300037031;0;7;0;0.0;2.0;4.0;2.0;B01
56131;201300037032;0;7;0;0.0;2.0;8.0;15.0;A01
56132;201300037032;0;2;0;0.0;2.0;1.0;1.0;B01
56133;201300037033;0;1;0;0.0;2.0;7.0;17.0;B01
56134;201300037033;0;7;0;0.0;2.0;8.0;22.0;A01
56135;201300037034;0;30;0;0.0;2.0;7.0;1.0;A01
56136;201300037034;0;7;0;0.0;2.0;8.0;1.0;B01
56137;201300037036;0;99;0;0.0;2.0;4.0;1.0;B01
56138;201300037036;0;7;0;0.0;2.0;1.0;1.0;A01
56139;201300037037;0;30;0;0.0;2.0;1.0;1.0;A01
56140;201300037037;0;7;0;0.0;2.0;1.0;1.0;B01
56141;201300037038;0;7;0;0.0;2.0;1.0;9.0;A01
56142;201300037038;0;10;0;0.0;2.0;2.0;1.0;B01
56143;201300037038;0;7;0;0.0;2.0;1.0;1.0;C01
56144;201300037039;0;10;0;2.0;0.0;3.0;1.0;A01
56145;201300037040;0;1;0;0.0;2.0;8.0;1.0;A01
56146;201300037040;1;30;0;0.0;2.0;7.0;16.0;Z01
56147;201300037041;0;7;0;0.0;2.0;1.0;1.0;A01
56148;201300037041;0;7;0;0.0;2.0;8.0;1.0;B01
56149;201300037042;0;30;0;0.0;2.0;1.0;1.0;A01
56150;201300037042;0;7;0;0.0;2.0;2.0;1.0;B01
56151;201300037043;0;30;0;0.0;2.0;1.0;1.0;A01
56152;201300037043;0;7;0;0.0;2.0;3.0;15.0;B01
56153;201300037044;0;7;0;0.0;2.0;2.0;1.0;B01
56154;201300037044;0;7;0;0.0;2.0;3.0;1.0;A01
56155;201300037045;0;2;0;0.0;2.0;1.0;1.0;A01
56156;201300037045;0;7;0;0.0;2.0;2.0;1.0;B01
56157;201300037047;0;7;0;0.0;2.0;1.0;1.0;A01
56158;201300037047;0;7;0;0.0;2.0;4.0;1.0;B01
56159;201300037048;0;7;0;0.0;2.0;1.0;1.0;A01
56160;201300037048;0;7;0;0.0;2.0;4.0;2.0;B01
56161;201300037048;0;7;0;0.0;2.0;4.0;2.0;C01
56162;201300037048;0;7;0;0.0;2.0;4.0;2.0;D01
56163;201300037049;0;7;0;4.0;0.0;1.0;1.0;A01
56164;201300037050;0;7;0;0.0;2.0;3.0;1.0;B01
56165;201300037050;0;2;0;0.0;2.0;1.0;1.0;A01
56166;201300037051;0;7;0;0.0;2.0;2.0;15.0;A01
56167;201300037051;0;30;0;0.0;2.0;1.0;1.0;B01
56168;201300037052;0;7;0;0.0;1.0;3.0;1.0;A01
56169;201300037053;0;7;0;4.0;0.0;1.0;0.0;A01
56170;201300037054;0;31;0;0.0;2.0;1.0;1.0;B01
56171;201300037054;0;7;0;0.0;2.0;5.0;15.0;A01
56172;201300037055;0;33;0;0.0;2.0;1.0;1.0;B01
56173;201300037055;0;7;0;0.0;2.0;1.0;1.0;A01
56174;201300037056;0;7;0;0.0;1.0;3.0;1.0;A01
56175;201300037057;0;2;0;0.0;0.0;8.0;1.0;A01
56176;201300037058;0;7;0;0.0;1.0;3.0;1.0;A01
56177;201300037059;0;31;0;0.0;0.0;7.0;1.0;A01
56178;201300037060;0;33;0;0.0;2.0;1.0;15.0;A01
56179;201300037060;0;7;0;0.0;2.0;8.0;1.0;B01
56180;201300037061;0;7;0;2.0;0.0;1.0;15.0;A01
56181;201300037062;0;10;0;0.0;2.0;4.0;4.0;A01
56182;201300037062;0;2;0;0.0;2.0;1.0;1.0;B01
56183;201300037063;0;7;0;13.0;0.0;9.0;21.0;A01
56184;201300037064;0;7;0;0.0;1.0;0.0;1.0;A01
56185;201300037065;0;7;0;0.0;2.0;2.0;15.0;A01
56186;201300037065;0;2;0;0.0;2.0;1.0;1.0;B01
56187;201300037066;0;10;0;0.0;1.0;1.0;1.0;A01
56188;201300037067;0;7;0;0.0;2.0;2.0;1.0;A01
56189;201300037067;0;30;0;0.0;2.0;1.0;1.0;B01
56190;201300037068;0;7;0;0.0;2.0;1.0;15.0;B01
56191;201300037068;0;7;0;0.0;2.0;2.0;1.0;A01
56192;201300037069;0;7;0;8.0;0.0;1.0;1.0;A01
56193;201300037070;0;7;0;9.0;0.0;1.0;1.0;A01
56194;201300037071;0;33;0;0.0;2.0;1.0;1.0;A01
56195;201300037071;0;7;0;0.0;2.0;3.0;1.0;B01
56196;201300037072;0;7;0;0.0;1.0;3.0;1.0;A01
56197;201300037073;0;7;0;0.0;2.0;3.0;1.0;B01
56198;201300037073;0;7;0;0.0;2.0;1.0;1.0;A01
56199;201300037074;0;7;0;12.0;0.0;1.0;1.0;A01
56200;201300037075;0;2;0;0.0;2.0;1.0;1.0;B01
56201;201300037075;0;7;0;0.0;2.0;2.0;15.0;A01
56202;201300037076;0;32;0;0.0;0.0;1.0;0.0;A01
56203;201300037077;0;7;0;3.0;0.0;1.0;1.0;A01
56204;201300037078;0;7;0;3.0;2.0;0.0;1.0;B01
56205;201300037078;0;7;0;0.0;2.0;1.0;17.0;A01
56206;201300037079;0;7;0;0.0;2.0;1.0;1.0;A01
56207;201300037079;0;7;0;0.0;2.0;4.0;1.0;B01
56208;201300037080;0;10;0;0.0;2.0;7.0;19.0;A01
56209;201300037080;0;7;0;0.0;2.0;1.0;1.0;B01
56210;201300037081;0;7;0;9.0;0.0;1.0;1.0;A01
56211;201300037082;0;7;0;0.0;1.0;1.0;15.0;A01
56212;201300037083;0;7;0;0.0;2.0;1.0;1.0;B01
56213;201300037083;0;7;0;0.0;2.0;2.0;1.0;A01
56214;201300037084;0;10;0;0.0;2.0;4.0;16.0;B01
56215;201300037084;0;2;0;0.0;2.0;1.0;1.0;A01
56216;201300037085;0;7;0;2.0;0.0;1.0;0.0;A01
56217;201300037086;0;10;0;0.0;2.0;1.0;9.0;A01
56218;201300037086;0;10;0;9.0;0.0;0.0;0.0;C01
56219;201300037086;0;7;0;9.0;0.0;0.0;0.0;D01
56220;201300037086;0;7;0;0.0;2.0;8.0;1.0;B01
56221;201300037087;0;7;0;0.0;0.0;0.0;15.0;A01
56222;201300037087;0;2;0;0.0;0.0;0.0;1.0;B01
56223;201300037088;0;7;0;0.0;2.0;7.0;13.0;A01
56224;201300037088;0;7;0;0.0;2.0;1.0;1.0;B01
56225;201300037089;0;7;0;0.0;2.0;1.0;1.0;B01
56226;201300037089;0;7;0;0.0;2.0;5.0;15.0;A01
56227;201300037090;0;33;0;0.0;2.0;1.0;17.0;B01
56228;201300037090;0;7;0;0.0;2.0;3.0;15.0;A01
56229;201300037091;0;7;0;0.0;0.0;9.0;1.0;A01
56230;201300037092;0;7;0;0.0;2.0;1.0;1.0;B01
56231;201300037092;0;7;0;0.0;2.0;1.0;1.0;A01