;Num_Acc;senc;catv;occutc;obs;obsm;choc;manv;num_veh
56232;201300037093;0;33;0;0.0;0.0;8.0;1.0;A01
56233;201300037094;0;7;0;0.0;0.0;5.0;1.0;B01
56234;201300037094;0;33;0;0.0;2.0;8.0;1.0;A01
56235;201300037095;0;7;0;0.0;2.0;4.0;15.0;B01
56236;201300037095;0;33;0;0.0;2.0;1.0;2.0;A01
56237;201300037096;0;10;0;2.0;0.0;1.0;1.0;A01
56238;201300037097;0;7;0;13.0;0.0;1.0;1.0;A01
56239;201300037099;0;7;0;0.0;2.0;4.0;1.0;B01
56240;201300037099;0;1;0;0.0;2.0;1.0;2.0;A01
56241;201300037100;0;37;1;0.0;1.0;7.0;1.0;A01
56242;201300037101;0;7;0;6.0;0.0;1.0;1.0;A01
56243;201300037102;0;33;0;0.0;2.0;1.0;1.0;B01
56244;201300037102;0;7;0;0.0;2.0;3.0;15.0;A01
56245;201300037105;0;7;0;0.0;2.0;3.0;1.0;A01
56246;201300037105;0;7;0;0.0;2.0;4.0;2.0;B01
56247;201300037106;0;3;0;1.0;1.0;1.0;13.0;A01
56248;201300037107;0;10;0;0.0;2.0;2.0;9.0;A01
56249;201300037107;0;30;0;0.0;2.0;1.0;1.0;B01
56250;201300037108;0;37;1;0.0;2.0;1.0;1.0;B01
56251;201300037108;0;7;0;0.0;2.0;8.0;9.0;A01
56252;201300037109;0;7;0;0.0;1.0;1.0;9.0;A01
56253;201300037110;0;7;0;15.0;0.0;1.0;1.0;A01
56254;201300037111;0;7;0;0.0;2.0;1.0;1.0;A01
56255;201300037111;0;7;0;0.0;2.0;7.0;1.0;B01
56256;201300037112;0;7;0;0.0;2.0;3.0;9.0;A01
56257;201300037112;0;30;0;0.0;2.0;1.0;1.0;B01
56258;201300037113;0;7;0;0.0;2.0;1.0;2.0;A01
56259;201300037113;0;10;0;0.0;0.0;4.0;2.0;B01
56260;201300037114;0;7;0;0.0;1.0;2.0;17.0;A01
56261;201300037115;0;7;0;0.0;0.0;4.0;2.0;B01
56262;201300037115;0;7;0;0.0;2.0;1.0;2.0;A01
56263;201300037116;0;7;0;0.0;2.0;4.0;23.0;B01
56264;201300037116;0;7;0;0.0;2.0;1.0;2.0;A01
56265;201300037117;0;7;0;0.0;0.0;2.0;1.0;A01
56266;201300037118;0;7;0;0.0;1.0;1.0;15.0;A01
56267;201300037119;0;7;0;0.0;2.0;1.0;1.0;B01
56268;201300037119;0;17;0;0.0;2.0;8.0;1.0;C01
56269;201300037119;0;7;0;3.0;2.0;7.0;9.0;A01
56270;201300037121;0;7;0;0.0;2.0;3.0;15.0;A01
56271;201300037121;0;7;0;0.0;2.0;3.0;1.0;B01
56272;201300037122;0;7;0;8.0;0.0;8.0;0.0;A01
56273;201300037123;0;10;0;0.0;2.0;2.0;15.0;A01
56274;201300037123;0;10;0;0.0;2.0;2.0;1.0;B01
56275;201300037125;0;2;0;0.0;2.0;1.0;9.0;B01
56276;201300037125;0;7;0;0.0;2.0;1.0;9.0;A01
56277;201300037126;0;10;0;0.0;2.0;1.0;1.0;B01
56278;201300037126;0;7;0;0.0;2.0;8.0;9.0;A01
56279;201300037127;0;7;0;4.0;0.0;1.0;1.0;A01
56280;201300037128;0;7;0;0.0;1.0;1.0;1.0;A01
56281;201300037129;0;7;0;1.0;0.0;4.0;9.0;B01
56282;201300037129;0;17;0;0.0;0.0;6.0;23.0;A01
56283;201300037130;0;17;0;0.0;0.0;6.0;1.0;B01
56284;201300037130;0;7;0;0.0;2.0;2.0;1.0;A01
56285;201300037131;0;7;0;0.0;1.0;1.0;1.0;A01
56286;201300037132;0;7;0;13.0;0.0;3.0;1.0;A01
56287;201300037133;0;7;0;12.0;1.0;1.0;1.0;A01
56288;201300037134;0;7;0;0.0;2.0;3.0;9.0;A01
56289;201300037134;0;2;0;0.0;2.0;1.0;1.0;B01
56290;201300037135;0;7;0;0.0;2.0;5.0;1.0;B01
56291;201300037135;0;7;0;0.0;2.0;1.0;2.0;A01
56292;201300037136;0;7;0;0.0;2.0;1.0;10.0;A01
56293;201300037136;0;7;0;0.0;2.0;2.0;1.0;B01
56294;201300037137;0;2;0;0.0;0.0;2.0;1.0;A01
56295;201300037138;0;32;0;0.0;0.0;8.0;1.0;A01
56296;201300037140;0;10;0;0.0;2.0;2.0;9.0;B01
56297;201300037140;0;7;0;0.0;2.0;1.0;1.0;A01
56298;201300037141;0;7;0;0.0;0.0;4.0;2.0;B01
56299;201300037141;0;7;0;0.0;2.0;1.0;2.0;A01
56300;201300037142;0;7;0;0.0;2.0;1.0;15.0;A01
56301;201300037142;0;30;0;0.0;2.0;1.0;1.0;B01
56302;201300037143;0;7;0;0.0;1.0;2.0;1.0;A01
56303;201300037144;0;7;0;9.0;2.0;1.0;1.0;B01
56304;201300037144;0;7;0;0.0;2.0;3.0;1.0;A01
56305;201300037146;0;30;0;0.0;2.0;1.0;1.0;B01
56306;201300037146;0;7;0;0.0;2.0;3.0;9.0;A01
56307;201300037147;0;10;0;0.0;1.0;4.0;4.0;A01
56308;201300037148;0;7;0;0.0;2.0;1.0;15.0;A01
56309;201300037148;0;7;0;0.0;2.0;1.0;1.0;B01
56310;201300037149;0;7;0;0.0;2.0;2.0;0.0;B01
56311;201300037149;0;30;0;0.0;2.0;1.0;9.0;A01
56312;201300037150;0;2;0;0.0;0.0;8.0;1.0;A01
56313;201300037151;0;32;0;8.0;0.0;8.0;1.0;A01
56314;201300037152;0;13;0;3.0;0.0;2.0;1.0;A01
56315;201300037153;0;7;0;0.0;2.0;4.0;1.0;B01
56316;201300037153;0;7;0;0.0;2.0;1.0;2.0;A01
56317;201300037154;0;2;0;0.0;1.0;1.0;17.0;A01
56318;201300037155;0;7;0;0.0;2.0;3.0;1.0;A01
56319;201300037155;0;1;0;0.0;2.0;1.0;19.0;B01
56320;201300037156;0;7;0;0.0;2.0;8.0;15.0;A01
56321;201300037156;0;31;0;0.0;2.0;1.0;1.0;B01
56322;201300037157;0;7;0;9.0;0.0;1.0;0.0;A01
56323;201300037158;0;2;0;0.0;0.0;8.0;1.0;A01
56324;201300037159;0;7;0;0.0;2.0;8.0;19.0;A01
56325;201300037159;0;7;0;0.0;2.0;3.0;1.0;B01
56326;201300037160;0;7;0;0.0;2.0;1.0;19.0;A01
56327;201300037160;0;33;0;0.0;2.0;8.0;1.0;B01
56328;201300037161;0;7;0;0.0;2.0;3.0;17.0;A01
56329;201300037161;0;37;3;0.0;2.0;8.0;1.0;C01
56330;201300037161;0;7;0;0.0;2.0;3.0;1.0;B01
56331;201300037162;0;7;0;0.0;1.0;2.0;1.0;A01
56332;201300037163;0;7;0;0.0;1.0;1.0;1.0;A01
56333;201300037164;0;10;0;0.0;0.0;4.0;1.0;B01
56334;201300037164;0;33;0;0.0;2.0;1.0;1.0;A01
56335;201300037165;0;7;0;0.0;1.0;1.0;1.0;A01
56336;201300037166;0;7;0;0.0;2.0;2.0;9.0;A01
56337;201300037166;0;7;0;0.0;2.0;2.0;1.0;B01
56338;201300037167;0;2;0;0.0;2.0;7.0;15.0;B01
56339;201300037167;0;2;0;0.0;2.0;8.0;15.0;A01
56340;201300037168;0;7;0;0.0;2.0;3.0;1.0;B01
56341;201300037168;0;7;0;0.0;2.0;7.0;1.0;A01
56342;201300037169;0;7;0;3.0;0.0;2.0;1.0;A01
56343;201300037171;0;7;0;0.0;0.0;4.0;2.0;B01
56344;201300037171;0;10;0;0.0;2.0;1.0;2.0;A01
56345;201300037172;0;7;0;0.0;2.0;2.0;12.0;A01
56346;201300037172;0;7;0;0.0;2.0;3.0;1.0;B01
56347;201300037174;0;7;0;15.0;0.0;1.0;1.0;A01
56348;201300037174;0;7;0;13.0;0.0;9.0;0.0;B01
56349;201300037175;0;7;0;0.0;2.0;3.0;13.0;A01
56350;201300037175;0;7;0;0.0;2.0;3.0;1.0;B01
56351;201300037176;0;7;0;6.0;0.0;1.0;1.0;A01
56352;201300037177;0;33;0;0.0;2.0;1.0;1.0;B01
56353;201300037177;0;7;0;0.0;2.0;6.0;15.0;A01
56354;201300037178;0;7;0;0.0;2.0;1.0;1.0;A01
56355;201300037178;0;7;0;0.0;2.0;2.0;1.0;B01
56356;201300037179;0;7;0;0.0;1.0;1.0;16.0;A01
56357;201300037181;0;7;0;0.0;1.0;1.0;1.0;A01
56358;201300037183;0;1;0;0.0;1.0;1.0;1.0;A01
56359;201300037184;0;7;0;15.0;0.0;1.0;1.0;A01
56360;201300037185;0;31;0;0.0;0.0;2.0;1.0;A01
56361;201300037186;0;7;0;0.0;2.0;1.0;2.0;A01
56362;201300037186;0;31;0;0.0;2.0;4.0;1.0;B01
56363;201300037187;0;7;0;4.0;0.0;1.0;1.0;A01
56364;201300037188;0;7;0;13.0;0.0;1.0;1.0;A01
56365;201300037189;0;7;0;0.0;2.0;3.0;9.0;A01
56366;201300037189;0;32;0;0.0;2.0;4.0;1.0;B01
56367;201300037191;0;30;0;0.0;2.0;1.0;23.0;A01
56368;201300037191;1;15;0;0.0;2.0;4.0;4.0;Z01
56369;201300037192;0;7;0;0.0;0.0;4.0;2.0;C01
56370;201300037192;0;7;0;0.0;2.0;1.0;1.0;A01
56371;201300037192;0;7;0;0.0;2.0;1.0;2.0;B01
56372;201300037194;0;30;0;0.0;0.0;0.0;1.0;A01
56373;201300037195;0;32;0;0.0;0.0;0.0;1.0;A01
56374;201300037196;0;7;0;0.0;2.0;8.0;1.0;B01
56375;201300037196;0;7;0;0.0;2.0;8.0;1.0;C01
56376;201300037196;0;10;0;0.0;2.0;3.0;1.0;A01
56377;201300037197;0;30;0;0.0;0.0;7.0;1.0;A01
56378;201300037198;0;2;0;0.0;0.0;7.0;1.0;A01
56379;201300037199;0;7;0;0.0;0.0;4.0;1.0;B01
56380;201300037199;0;2;0;0.0;2.0;1.0;1.0;A01
56381;201300037200;0;7;0;0.0;2.0;7.0;1.0;A01
56382;201300037200;0;7;0;0.0;2.0;1.0;1.0;B01
56383;201300037201;0;10;0;0.0;1.0;2.0;16.0;A01
56384;201300037202;0;7;0;0.0;1.0;1.0;1.0;A01
56385;201300037203;0;7;0;0.0;1.0;1.0;1.0;A01
56386;201300037204;0;30;0;12.0;0.0;0.0;0.0;A01
56387;201300037205;0;7;0;1.0;0.0;2.0;1.0;A01
56388;201300037206;0;7;0;0.0;2.0;4.0;23.0;C01
56389;201300037206;0;7;0;0.0;2.0;1.0;2.0;A01
56390;201300037206;0;7;0;0.0;2.0;4.0;1.0;B01
56391;201300037207;0;10;0;0.0;1.0;1.0;15.0;A01
56392;201300037208;1;10;0;0.0;0.0;0.0;0.0;Z01
56393;201300037208;0;7;0;0.0;2.0;2.0;1.0;A01
56394;201300037208;0;7;0;0.0;2.0;3.0;1.0;B01
56395;201300037209;0;7;0;14.0;1.0;1.0;16.0;A01
56396;201300037210;0;7;0;0.0;2.0;0.0;1.0;A01
56397;201300037210;0;7;0;0.0;9.0;1.0;1.0;B01
56398;201300037211;0;7;0;0.0;2.0;4.0;23.0;B01
56399;201300037211;0;7;0;0.0;2.0;1.0;2.0;A01
56400;201300037213;0;7;0;0.0;2.0;6.0;15.0;A01
56401;201300037213;0;7;0;0.0;2.0;1.0;1.0;B01
56402;201300037214;0;31;0;0.0;0.0;7.0;15.0;A01
56403;201300037215;0;31;0;0.0;2.0;2.0;17.0;B01
56404;201300037215;0;7;0;0.0;2.0;3.0;9.0;A01
56405;201300037216;0;30;0;0.0;0.0;7.0;0.0;A01
56406;201300037217;0;17;0;0.0;2.0;1.0;2.0;A01
56407;201300037217;0;7;0;0.0;2.0;4.0;1.0;B01
56408;201300037218;0;7;0;0.0;2.0;5.0;23.0;B01
56409;201300037218;0;30;0;0.0;2.0;1.0;2.0;A01
56410;201300037219;0;7;0;2.0;0.0;0.0;0.0;A01
56411;201300037220;0;33;0;13.0;0.0;1.0;17.0;A01
56412;201300037221;0;2;0;0.0;2.0;1.0;1.0;B01
56413;201300037221;0;7;0;0.0;2.0;3.0;9.0;A01
56414;201300037222;0;7;0;0.0;2.0;1.0;2.0;A01
56415;201300037222;0;7;0;0.0;0.0;4.0;1.0;B01
56416;201300037223;0;7;0;0.0;2.0;1.0;9.0;A01
56417;201300037223;0;30;0;0.0;2.0;8.0;1.0;B01
56418;201300037224;0;7;0;0.0;1.0;3.0;1.0;A01
56419;201300037225;0;7;0;2.0;0.0;1.0;1.0;A01
56420;201300037226;0;31;0;0.0;2.0;2.0;1.0;A01
56421;201300037226;1;10;0;0.0;2.0;3.0;1.0;Z01
56422;201300037227;0;15;0;0.0;2.0;4.0;4.0;A01
56423;201300037227;0;33;0;0.0;2.0;1.0;2.0;B01
56424;201300037228;0;2;0;1.0;0.0;1.0;1.0;A01
56425;201300037229;0;7;0;13.0;0.0;9.0;1.0;A01
56426;201300037232;0;2;0;0.0;2.0;1.0;9.0;A01
56427;201300037232;1;7;0;0.0;2.0;5.0;1.0;B01
56428;201300037233;0;7;0;0.0;1.0;1.0;1.0;A01
56429;201300037234;0;2;0;0.0;0.0;8.0;1.0;A01
56430;201300037235;0;33;0;0.0;0.0;7.0;1.0;A01
56431;201300037236;0;30;0;0.0;0.0;8.0;1.0;A01
56432;201300037237;0;30;0;0.0;0.0;1.0;1.0;B01
56433;201300037237;0;10;0;0.0;0.0;0.0;9.0;A01
56434;201300037238;0;7;0;0.0;2.0;4.0;23.0;B01
56435;201300037238;0;2;0;0.0;2.0;1.0;2.0;A01
56436;201300037240;0;7;0;0.0;2.0;1.0;1.0;B01
56437;201300037240;0;10;0;0.0;2.0;4.0;4.0;A01
56438;201300037241;0;7;0;0.0;1.0;8.0;15.0;A01
56439;201300037242;0;7;0;1.0;0.0;3.0;1.0;A01
56440;201300037243;0;7;0;0.0;2.0;2.0;15.0;A01
56441;201300037243;0;7;0;0.0;2.0;1.0;1.0;B01
56442;201300037245;0;7;0;0.0;2.0;1.0;15.0;A01
56443;201300037245;0;31;0;0.0;2.0;1.0;1.0;B01
56444;201300037246;0;7;0;0.0;1.0;1.0;9.0;A01
56445;201300037247;0;7;0;0.0;2.0;3.0;15.0;A01
56446;201300037247;0;7;0;0.0;2.0;3.0;1.0;B01
56447;201300037248;0;7;0;0.0;2.0;6.0;15.0;A01
56448;201300037248;0;7;0;0.0;2.0;1.0;1.0;B01
56449;201300037249;0;7;0;0.0;2.0;1.0;2.0;A01
56450;201300037249;0;7;0;0.0;2.0;4.0;23.0;B01
56451;201300037250;0;7;0;2.0;0.0;3.0;1.0;A01
56452;201300037252;2;10;0;0.0;2.0;1.0;1.0;Z01
56453;201300037252;0;7;0;0.0;2.0;8.0;1.0;B01
56454;201300037252;0;7;0;0.0;2.0;3.0;1.0;C01
56455;201300037253;0;7;0;0.0;2.0;3.0;1.0;B01
56456;201300037253;0;30;0;0.0;2.0;1.0;9.0;A01
56457;201300037254;0;7;0;0.0;0.0;9.0;1.0;A01
56458;201300037256;0;7;0;0.0;2.0;1.0;1.0;B01
56459;201300037256;0;7;0;0.0;2.0;1.0;1.0;A01
56460;201300037257;0;30;0;0.0;0.0;5.0;1.0;A01
56461;201300037258;0;30;0;0.0;0.0;7.0;1.0;A01
56462;201300037259;0;2;0;0.0;2.0;1.0;17.0;A01
56463;201300037259;0;7;0;0.0;2.0;3.0;15.0;B01
56464;201300037260;0;10;0;3.0;0.0;7.0;1.0;A01
56465;201300037261;0;10;0;0.0;2.0;2.0;9.0;A01
56466;201300037261;0;31;0;0.0;2.0;1.0;1.0;B01
56467;201300037262;0;7;0;0.0;2.0;5.0;1.0;B01
56468;201300037262;0;7;0;0.0;2.0;6.0;9.0;A01
56469;201300037263;0;7;0;0.0;2.0;1.0;2.0;A01
56470;201300037263;0;7;0;0.0;2.0;4.0;2.0;B01
56471;201300037264;0;10;0;0.0;1.0;2.0;1.0;A01
56472;201300037265;0;7;0;0.0;2.0;1.0;2.0;A01
56473;201300037265;0;7;0;0.0;2.0;4.0;2.0;B01
56474;201300037267;0;7;0;0.0;2.0;5.0;15.0;A01
56475;201300037267;0;7;0;0.0;2.0;1.0;1.0;B01
56476;201300037268;0;2;0;0.0;2.0;2.0;12.0;A01
56477;201300037268;0;7;0;0.0;2.0;3.0;1.0;B01
56478;201300037269;0;7;0;0.0;2.0;1.0;9.0;A01
56479;201300037269;0;7;0;0.0;2.0;2.0;1.0;B01
56480;201300037270;0;2;0;0.0;2.0;1.0;1.0;B01
56481;201300037270;0;7;0;0.0;2.0;2.0;15.0;A01
56482;201300037271;0;7;0;0.0;2.0;2.0;1.0;B01
56483;201300037271;0;7;0;0.0;2.0;3.0;1.0;A01
56484;201300037272;0;7;0;0.0;2.0;1.0;2.0;A01
56485;201300037272;0;7;0;0.0;2.0;4.0;23.0;B01
56486;201300037272;0;7;0;0.0;2.0;4.0;23.0;C01
56487;201300037273;0;30;0;0.0;0.0;8.0;21.0;A01
56488;201300037275;0;30;0;0.0;2.0;1.0;2.0;A01
56489;201300037275;0;7;0;0.0;2.0;5.0;1.0;B01
56490;201300037276;0;32;0;0.0;0.0;7.0;21.0;A01
56491;201300037277;0;7;0;0.0;2.0;1.0;1.0;A01
56492;201300037277;0;33;0;0.0;2.0;7.0;0.0;B01
56493;201300037278;0;7;0;0.0;2.0;7.0;1.0;A01
56494;201300037278;0;7;0;0.0;2.0;1.0;1.0;B01
56495;201300037279;0;7;0;0.0;2.0;1.0;1.0;B01
56496;201300037279;0;7;0;0.0;2.0;1.0;15.0;A01
56497;201300037280;0;30;0;0.0;0.0;8.0;0.0;A01
56498;201300037283;0;2;0;12.0;0.0;7.0;1.0;A01
56499;201300037284;0;7;0;0.0;2.0;1.0;1.0;A01
56500;201300037284;0;7;0;0.0;0.0;4.0;2.0;B01
56501;201300037286;0;7;0;0.0;2.0;4.0;0.0;E01
56502;201300037286;0;7;0;4.0;0.0;1.0;1.0;A01
56503;201300037286;0;7;0;0.0;2.0;1.0;0.0;F02
56504;201300037286;0;7;0;0.0;2.0;1.0;0.0;D01
56505;201300037286;0;7;0;0.0;2.0;4.0;23.0;B01
56506;201300037286;0;7;0;0.0;2.0;1.0;0.0;C01
56507;201300037287;0;15;0;0.0;2.0;2.0;2.0;A01
56508;201300037287;0;7;0;0.0;2.0;4.0;2.0;B01
56509;201300037288;0;33;0;0.0;2.0;1.0;2.0;A01
56510;201300037288;0;7;0;0.0;2.0;5.0;23.0;B01
56511;201300037289;0;30;0;0.0;2.0;1.0;2.0;A01
56512;201300037289;0;7;0;0.0;2.0;2.0;20.0;B01
56513;201300037290;0;7;0;2.0;0.0;9.0;1.0;A01
56514;201300037291;0;7;0;0.0;2.0;3.0;1.0;C01
56515;201300037291;0;10;0;0.0;2.0;1.0;5.0;A01
56516;201300037291;0;7;0;0.0;2.0;1.0;1.0;B01
56517;201300037292;0;30;0;8.0;0.0;1.0;1.0;A01
56518;201300037293;0;32;0;0.0;2.0;1.0;2.0;A01
56519;201300037293;0;7;0;0.0;2.0;4.0;2.0;B01
56520;201300037294;0;7;0;0.0;2.0;1.0;1.0;A01
56521;201300037294;0;7;0;0.0;2.0;7.0;1.0;B01
56522;201300037295;0;2;0;0.0;2.0;1.0;2.0;A01
56523;201300037295;0;7;0;0.0;2.0;6.0;2.0;B01
56524;201300037296;0;10;0;0.0;1.0;2.0;1.0;A01
56525;201300037297;0;7;0;0.0;2.0;3.0;1.0;B01
56526;201300037297;0;10;0;0.0;2.0;1.0;1.0;A01
56527;201300037299;0;7;0;3.0;0.0;1.0;1.0;A01
56528;201300037300;0;2;0;0.0;0.0;8.0;0.0;A01
56529;201300037301;0;2;0;0.0;0.0;1.0;1.0;A01
56530;201300037302;0;7;0;0.0;2.0;1.0;2.0;A01
56531;201300037302;0;7;0;0.0;2.0;4.0;23.0;B01
56532;201300037302;0;7;0;0.0;2.0;4.0;23.0;C01
56533;201300037303;0;7;0;0.0;2.0;3.0;11.0;A01
56534;201300037303;0;33;0;0.0;2.0;7.0;1.0;B01
56535;201300037304;0;7;0;0.0;2.0;4.0;1.0;A01
56536;201300037304;1;99;0;0.0;2.0;1.0;9.0;Z01
56537;201300037305;0;7;0;0.0;2.0;8.0;1.0;B01
56538;201300037305;0;7;0;0.0;2.0;3.0;1.0;A01
56539;201300037306;0;7;0;0.0;2.0;3.0;1.0;B01
56540;201300037306;0;10;0;0.0;2.0;1.0;13.0;A01
56541;201300037307;0;7;0;6.0;2.0;2.0;1.0;B01
56542;201300037307;0;7;0;0.0;2.0;3.0;9.0;A01
56543;201300037309;0;7;0;13.0;0.0;9.0;1.0;A01
56544;201300037310;0;7;0;0.0;2.0;3.0;15.0;B01
56545;201300037310;0;33;0;0.0;2.0;8.0;17.0;A01
56546;201300037311;0;30;0;0.0;0.0;0.0;1.0;A01
56547;201300037313;0;7;0;0.0;2.0;1.0;1.0;A01
56548;201300037313;0;7;0;0.0;2.0;1.0;1.0;B01
56549;201300037314;0;7;0;6.0;2.0;3.0;9.0;A01
56550;201300037314;0;7;0;0.0;2.0;1.0;1.0;B01
56551;201300037315;0;2;0;0.0;2.0;8.0;1.0;B01
56552;201300037315;0;7;0;0.0;2.0;2.0;14.0;A01
56553;201300037316;0;7;0;0.0;1.0;1.0;1.0;A01
56554;201300037317;0;7;0;0.0;1.0;3.0;17.0;A01
56555;201300037318;0;2;0;0.0;1.0;3.0;17.0;A01
56556;201300037319;0;15;0;0.0;2.0;4.0;2.0;B01
56557;201300037319;0;10;0;0.0;2.0;4.0;2.0;C01
56558;201300037319;0;15;0;0.0;2.0;1.0;2.0;A01
56559;201300037319;0;7;0;0.0;2.0;4.0;2.0;D01
56560;201300037320;0;7;0;0.0;2.0;1.0;2.0;A01
56561;201300037320;0;7;0;0.0;2.0;4.0;23.0;B01
56562;201300037321;0;1;0;0.0;0.0;1.0;1.0;B01
56563;201300037321;0;7;0;0.0;0.0;0.0;15.0;A01
56564;201300037322;0;1;0;0.0;2.0;1.0;1.0;B01
56565;201300037322;1;7;0;0.0;2.0;3.0;15.0;Z01
56566;201300037323;0;7;0;1.0;0.0;2.0;0.0;A01
56567;201300037324;0;7;0;0.0;2.0;4.0;2.0;B01
56568;201300037324;0;7;0;0.0;2.0;4.0;2.0;C01
56569;201300037324;0;7;0;0.0;2.0;1.0;2.0;A01
56570;201300037325;0;7;0;0.0;2.0;6.0;15.0;B01
56571;201300037325;0;33;0;0.0;2.0;1.0;17.0;A01
56572;201300037326;0;7;0;0.0;2.0;4.0;2.0;D01
56573;201300037326;0;7;0;0.0;2.0;1.0;2.0;A01
56574;201300037326;0;7;0;0.0;2.0;4.0;2.0;B01
56575;201300037326;0;7;0;0.0;2.0;4.0;2.0;C01
56576;201300037327;0;7;0;0.0;1.0;2.0;1.0;A01
56577;201300037328;0;7;0;0.0;2.0;7.0;1.0;A01
56578;201300037328;0;2;0;0.0;2.0;1.0;1.0;B01
56579;201300037329;0;7;0;0.0;2.0;2.0;15.0;A01
56580;201300037329;0;7;0;0.0;2.0;2.0;1.0;B01
56581;201300037331;0;7;0;0.0;2.0;3.0;9.0;A01
56582;201300037331;0;2;0;0.0;2.0;7.0;1.0;B01
56583;201300037332;0;7;0;0.0;2.0;4.0;2.0;B01
56584;201300037332;1;7;0;0.0;2.0;1.0;2.0;Z01
56585;201300037333;0;33;0;0.0;2.0;1.0;1.0;B01
56586;201300037333;0;7;0;0.0;2.0;3.0;15.0;A01
56587;201300037334;0;1;0;0.0;0.0;0.0;14.0;A01
56588;201300037335;0;10;0;0.0;1.0;3.0;1.0;A01
56589;201300037336;0;2;0;0.0;2.0;1.0;1.0;B01
56590;201300037336;0;7;0;0.0;2.0;8.0;10.0;A01
56591;201300037337;0;7;0;0.0;0.0;1.0;1.0;A01
56592;201300037338;0;2;0;0.0;2.0;1.0;1.0;A01
56593;201300037338;0;7;0;0.0;2.0;3.0;1.0;B01
56594;201300037339;0;7;0;0.0;2.0;3.0;9.0;A01
56595;201300037339;0;7;0;0.0;2.0;3.0;1.0;B01
56596;201300037341;0;7;0;0.0;2.0;3.0;1.0;B01
56597;201300037341;0;7;0;0.0;2.0;3.0;13.0;A01
56598;201300037342;0;31;0;0.0;2.0;1.0;2.0;A01
56599;201300037342;0;7;0;0.0;2.0;4.0;23.0;B01
56600;201300037343;0;33;0;0.0;0.0;8.0;0.0;A01
56601;201300037344;0;7;0;0.0;1.0;3.0;1.0;A01
56602;201300037345;0;7;0;0.0;2.0;2.0;15.0;A01
56603;201300037345;0;7;0;0.0;2.0;1.0;1.0;B01
56604;201300037347;0;7;0;2.0;0.0;1.0;21.0;A01
56605;201300037348;0;7;0;0.0;1.0;6.0;4.0;A01
56606;201300037349;0;32;0;0.0;2.0;8.0;15.0;B01
56607;201300037349;0;7;0;0.0;2.0;3.0;15.0;A01
56608;201300037350;0;10;0;0.0;1.0;4.0;4.0;A01
56609;201300037351;0;33;0;1.0;0.0;1.0;1.0;A01
56610;201300037352;0;7;0;0.0;2.0;6.0;15.0;B01
56611;201300037352;0;2;0;0.0;2.0;1.0;2.0;A01
56612;201300037353;0;7;0;0.0;2.0;3.0;9.0;A01
56613;201300037353;0;7;0;0.0;2.0;2.0;1.0;B01
56614;201300037354;0;37;10;0.0;1.0;2.0;1.0;A01
56615;201300037355;0;7;0;0.0;2.0;6.0;1.0;A01
56616;201300037355;0;2;0;0.0;2.0;1.0;16.0;B01
56617;201300037356;0;7;0;0.0;0.0;3.0;1.0;A01
56618;201300037358;0;7;0;0.0;2.0;1.0;9.0;A01
56619;201300037358;0;1;0;0.0;2.0;1.0;1.0;B01
56620;201300037359;0;7;0;0.0;2.0;3.0;1.0;B01
56621;201300037359;0;1;0;0.0;2.0;1.0;5.0;A01
56622;201300037361;0;7;0;0.0;2.0;1.0;13.0;A01
56623;201300037361;0;10;0;0.0;2.0;3.0;1.0;B01
56624;201300037362;0;7;0;0.0;1.0;2.0;1.0;A01
56625;201300037363;0;7;0;0.0;1.0;3.0;1.0;A01
56626;201300037364;1;99;0;0.0;0.0;0.0;0.0;Z01
56627;201300037364;0;30;0;0.0;2.0;4.0;1.0;A01
56628;201300037365;0;30;0;0.0;2.0;1.0;1.0;A01
56629;201300037365;0;30;0;0.0;2.0;4.0;2.0;B01
56630;201300037366;0;7;0;0.0;1.0;1.0;9.0;A01
56631;201300037367;0;2;0;0.0;2.0;1.0;1.0;B01
56632;201300037367;0;7;0;0.0;2.0;1.0;9.0;A01
56633;201300037368;0;7;0;0.0;1.0;7.0;1.0;A01
56634;201300037369;0;37;1;0.0;1.0;7.0;1.0;A01
56635;201300037371;0;2;0;0.0;2.0;1.0;1.0;B01
56636;201300037371;0;7;0;0.0;2.0;2.0;9.0;A01
56637;201300037372;0;7;0;0.0;2.0;4.0;23.0;C01
56638;201300037372;0;7;0;0.0;2.0;1.0;2.0;A01
56639;201300037372;0;7;0;0.0;2.0;4.0;23.0;B01
56640;201300037373;0;7;0;0.0;1.0;1.0;1.0;A01
56641;201300037374;0;7;0;0.0;2.0;1.0;1.0;B01
56642;201300037374;0;7;0;0.0;2.0;2.0;15.0;A01
56643;201300037375;0;7;0;0.0;2.0;2.0;1.0;B01
56644;201300037375;0;7;0;0.0;2.0;6.0;11.0;A01
56645;201300037376;0;7;0;0.0;2.0;4.0;2.0;B01
56646;201300037376;0;7;0;0.0;2.0;1.0;2.0;A01
56647;201300037377;0;7;0;0.0;2.0;2.0;1.0;A01
56648;201300037377;0;30;0;0.0;2.0;1.0;1.0;B01
56649;201300037379;0;7;0;0.0;2.0;2.0;11.0;A01
56650;201300037379;0;7;0;0.0;2.0;3.0;1.0;B01
56651;201300037380;0;7;0;0.0;2.0;3.0;1.0;B01
56652;201300037380;0;7;0;0.0;2.0;3.0;5.0;A01
56653;201300037381;0;1;0;0.0;2.0;1.0;1.0;B01
56654;201300037381;0;7;0;0.0;2.0;2.0;15.0;A01