;Num_Acc;senc;catv;occutc;obs;obsm;choc;manv;num_veh
58764;201300038792;0;7;0;0.0;2.0;2.0;1.0;A01
58765;201300038793;0;7;0;0.0;2.0;8.0;22.0;A01
58766;201300038793;0;33;0;0.0;2.0;7.0;17.0;B01
58767;201300038795;0;30;0;0.0;9.0;8.0;1.0;A01
58768;201300038796;0;7;0;0.0;1.0;2.0;15.0;A01
58769;201300038797;0;7;0;0.0;2.0;3.0;11.0;A01
58770;201300038797;0;7;0;0.0;2.0;5.0;1.0;B01
58771;201300038798;0;33;0;0.0;2.0;1.0;1.0;B01
58772;201300038798;1;1;0;0.0;2.0;8.0;19.0;A01
58773;201300038799;0;7;0;0.0;2.0;6.0;23.0;C01
58774;201300038799;0;33;0;0.0;2.0;8.0;18.0;B01
58775;201300038799;0;7;0;0.0;2.0;5.0;23.0;A01
58776;201300038800;0;7;0;0.0;2.0;2.0;12.0;A01
58777;201300038800;0;30;0;0.0;2.0;8.0;1.0;B01
58778;201300038801;0;30;0;0.0;2.0;1.0;1.0;B01
58779;201300038801;0;7;0;0.0;2.0;3.0;9.0;A01
58780;201300038802;0;33;0;1.0;0.0;7.0;1.0;A01
58781;201300038803;0;7;0;0.0;2.0;3.0;15.0;A01
58782;201300038803;0;33;0;0.0;2.0;1.0;1.0;B01
58783;201300038804;0;32;0;0.0;0.0;1.0;1.0;A01
58784;201300038805;0;7;0;0.0;1.0;2.0;1.0;A01
58785;201300038806;0;7;0;0.0;1.0;3.0;1.0;A01
58786;201300038807;0;32;0;0.0;2.0;3.0;1.0;B01
58787;201300038807;0;7;0;0.0;2.0;3.0;15.0;A01
58788;201300038809;0;31;0;0.0;0.0;0.0;1.0;A01
58789;201300038810;0;32;0;0.0;2.0;1.0;15.0;A01
58790;201300038810;0;7;0;0.0;2.0;4.0;20.0;B01
58791;201300038811;0;30;0;0.0;1.0;1.0;1.0;A01
58792;201300038812;0;7;0;0.0;1.0;1.0;1.0;A01
58793;201300038813;0;33;0;0.0;0.0;7.0;1.0;A01
58794;201300038814;0;7;0;0.0;2.0;2.0;15.0;A01
58795;201300038814;0;33;0;0.0;2.0;1.0;1.0;B01
58796;201300038815;0;7;0;0.0;2.0;6.0;24.0;B01
58797;201300038815;0;33;0;0.0;2.0;1.0;21.0;A01
58798;201300038816;0;7;0;0.0;2.0;3.0;13.0;A01
58799;201300038816;0;33;0;0.0;2.0;1.0;1.0;A02
58800;201300038817;0;7;0;0.0;2.0;3.0;15.0;A01
58801;201300038817;0;33;0;0.0;2.0;2.0;2.0;B01
58802;201300038818;0;10;0;0.0;1.0;1.0;1.0;A01
58803;201300038819;0;34;0;0.0;2.0;4.0;2.0;B01
58804;201300038819;0;7;0;0.0;2.0;1.0;2.0;A01
58805;201300038820;0;7;0;0.0;2.0;3.0;10.0;A01
58806;201300038820;0;30;0;0.0;2.0;8.0;1.0;B01
58807;201300038821;0;32;0;11.0;0.0;1.0;1.0;A01
58808;201300038822;0;7;0;0.0;1.0;1.0;1.0;A01
58809;201300038823;1;7;0;0.0;2.0;0.0;2.0;B01
58810;201300038823;0;34;0;0.0;2.0;5.0;1.0;A01
58811;201300038824;0;7;0;0.0;2.0;5.0;23.0;C01
58812;201300038824;0;7;0;0.0;2.0;4.0;23.0;D01
58813;201300038824;0;7;0;0.0;2.0;1.0;1.0;A01
58814;201300038824;0;7;0;0.0;2.0;9.0;7.0;B01
58815;201300038826;0;33;0;0.0;2.0;7.0;12.0;A01
58816;201300038826;0;7;0;0.0;2.0;1.0;1.0;B01
58817;201300038827;0;7;0;0.0;1.0;1.0;1.0;A01
58818;201300038828;0;7;0;0.0;1.0;1.0;2.0;A01
58819;201300038829;0;32;0;0.0;0.0;7.0;1.0;A01
58820;201300038830;0;32;0;0.0;2.0;1.0;1.0;B01
58821;201300038830;0;10;0;0.0;2.0;8.0;22.0;A01
58822;201300038832;0;7;0;0.0;1.0;4.0;4.0;A01
58823;201300038834;0;32;0;0.0;2.0;7.0;13.0;A01
58824;201300038834;0;7;0;0.0;2.0;3.0;15.0;B01
58825;201300038835;0;7;0;12.0;0.0;3.0;1.0;A01
58826;201300038836;0;30;0;0.0;1.0;1.0;1.0;A01
58827;201300038837;0;7;0;0.0;1.0;2.0;1.0;A01
58828;201300038839;0;7;0;0.0;1.0;1.0;15.0;A01
58829;201300038840;0;7;0;0.0;2.0;7.0;10.0;A01
58830;201300038840;0;34;0;0.0;2.0;1.0;1.0;B01
58831;201300038842;0;30;0;0.0;2.0;2.0;1.0;B01
58832;201300038842;0;7;0;0.0;2.0;6.0;15.0;A01
58833;201300038843;0;7;0;0.0;2.0;4.0;2.0;B01
58834;201300038843;0;30;0;0.0;2.0;1.0;2.0;A01
58835;201300038844;0;7;0;0.0;2.0;4.0;23.0;D01
58836;201300038844;0;7;0;0.0;2.0;1.0;2.0;A01
58837;201300038844;0;7;0;0.0;2.0;4.0;2.0;B01
58838;201300038844;0;7;0;0.0;2.0;1.0;2.0;C01
58839;201300038845;0;7;0;0.0;2.0;1.0;1.0;A01
58840;201300038845;0;7;0;0.0;2.0;8.0;1.0;B01
58841;201300038846;0;33;0;11.0;0.0;8.0;1.0;A01
58842;201300038847;0;7;0;4.0;0.0;9.0;1.0;A01
58843;201300038848;0;7;0;0.0;2.0;4.0;2.0;B01
58844;201300038848;0;7;0;0.0;2.0;1.0;2.0;A01
58845;201300038849;0;32;0;0.0;2.0;4.0;2.0;B01
58846;201300038849;0;14;0;0.0;2.0;1.0;2.0;A01
58847;201300038850;0;7;0;0.0;2.0;1.0;1.0;A01
58848;201300038850;0;33;0;0.0;2.0;7.0;15.0;B01
58849;201300038851;0;30;0;0.0;2.0;1.0;2.0;A01
58850;201300038851;0;7;0;0.0;2.0;4.0;2.0;B01
58851;201300038852;0;30;0;0.0;2.0;1.0;21.0;A01
58852;201300038852;0;7;0;0.0;2.0;2.0;16.0;B01
58853;201300038853;0;30;0;0.0;0.0;8.0;15.0;A01
58854;201300038854;0;32;0;0.0;0.0;7.0;1.0;A01
58855;201300038855;0;7;0;0.0;2.0;5.0;2.0;B01
58856;201300038855;0;30;0;0.0;2.0;1.0;2.0;A01
58857;201300038856;0;7;0;0.0;1.0;1.0;16.0;A01
58858;201300038857;0;7;0;0.0;1.0;7.0;16.0;A01
58859;201300038858;0;10;0;0.0;1.0;4.0;4.0;A01
58860;201300038859;0;1;0;0.0;2.0;7.0;19.0;A01
58861;201300038859;0;7;0;0.0;2.0;1.0;1.0;B01
58862;201300038860;0;2;0;0.0;2.0;8.0;2.0;B01
58863;201300038860;0;2;0;0.0;2.0;7.0;14.0;A01
58864;201300038861;0;14;0;0.0;1.0;4.0;4.0;A01
58865;201300038862;0;10;0;0.0;1.0;4.0;4.0;A01
58866;201300038863;0;2;0;0.0;2.0;1.0;1.0;B01
58867;201300038863;0;7;0;0.0;2.0;7.0;12.0;A01
58868;201300038864;0;2;0;0.0;2.0;2.0;14.0;A01
58869;201300038865;0;33;0;0.0;0.0;1.0;21.0;A01
58870;201300038866;0;7;0;0.0;1.0;2.0;21.0;A01
58871;201300038867;1;7;0;0.0;2.0;0.0;12.0;A01
58872;201300038867;0;30;0;0.0;2.0;8.0;1.0;B01
58873;201300038868;0;30;0;0.0;2.0;1.0;23.0;B01
58874;201300038868;0;14;0;0.0;2.0;4.0;4.0;A01
58875;201300038869;0;1;0;0.0;1.0;1.0;1.0;A01
58876;201300038871;0;33;0;0.0;0.0;7.0;17.0;A01
58877;201300038872;0;7;0;0.0;1.0;4.0;4.0;A01
58878;201300038874;0;7;0;0.0;2.0;3.0;17.0;A01
58879;201300038874;0;32;0;0.0;2.0;2.0;21.0;B01
58880;201300038875;0;7;0;0.0;0.0;2.0;14.0;A01
58881;201300038876;0;7;0;0.0;2.0;3.0;19.0;A01
58882;201300038876;0;33;0;0.0;2.0;3.0;1.0;B01
58883;201300038877;0;30;0;0.0;1.0;1.0;1.0;A01
58884;201300038879;0;30;0;0.0;2.0;7.0;1.0;B01
58885;201300038879;0;7;0;0.0;2.0;6.0;4.0;A01
58886;201300038880;0;7;0;0.0;1.0;7.0;1.0;A01
58887;201300038882;0;33;0;0.0;0.0;7.0;1.0;A01
58888;201300038883;0;30;0;0.0;0.0;7.0;1.0;A01
58889;201300038884;0;2;0;0.0;2.0;1.0;17.0;A01
58890;201300038884;0;7;0;0.0;2.0;8.0;15.0;B01
58891;201300038885;1;7;0;0.0;1.0;0.0;0.0;A01
58892;201300038886;0;10;0;8.0;0.0;1.0;1.0;A01
58893;201300038887;0;30;0;0.0;2.0;2.0;21.0;A01
58894;201300038887;0;7;0;0.0;2.0;6.0;20.0;B01
58895;201300038888;0;7;0;0.0;2.0;7.0;22.0;A01
58896;201300038888;0;7;0;0.0;2.0;8.0;23.0;C01
58897;201300038888;0;34;0;0.0;2.0;3.0;18.0;B01
58898;201300038889;0;34;0;0.0;2.0;1.0;1.0;B01
58899;201300038889;0;7;0;0.0;2.0;7.0;1.0;A01
58900;201300038891;0;2;0;0.0;0.0;8.0;1.0;A01
58901;201300038892;0;7;0;0.0;2.0;1.0;1.0;A01
58902;201300038892;0;7;0;0.0;2.0;7.0;15.0;B01
58903;201300038893;0;7;0;0.0;1.0;3.0;1.0;A01
58904;201300038894;0;7;0;0.0;2.0;4.0;2.0;B01
58905;201300038894;0;7;0;0.0;2.0;1.0;2.0;A01
58906;201300038895;0;7;0;0.0;1.0;2.0;1.0;A01
58907;201300038896;0;30;0;0.0;2.0;6.0;1.0;B01
58908;201300038896;0;7;0;0.0;2.0;3.0;15.0;A01
58909;201300038899;0;7;0;0.0;1.0;0.0;1.0;A01
58910;201300038900;0;33;0;0.0;2.0;2.0;1.0;B01
58911;201300038900;0;7;0;0.0;2.0;3.0;10.0;A01
58912;201300038901;0;7;0;0.0;2.0;3.0;15.0;A01
58913;201300038901;0;7;0;0.0;2.0;2.0;1.0;B01
58914;201300038902;0;37;0;0.0;1.0;3.0;1.0;A01
58915;201300038903;0;7;0;0.0;1.0;2.0;1.0;A01
58916;201300038904;1;7;0;0.0;2.0;1.0;2.0;Z01
58917;201300038904;0;2;0;0.0;2.0;4.0;1.0;A01
58918;201300038905;0;7;0;0.0;1.0;2.0;1.0;A01
58919;201300038906;0;7;0;0.0;1.0;4.0;4.0;A01
58920;201300038907;0;7;0;0.0;0.0;0.0;1.0;B01
58921;201300038907;0;30;0;0.0;0.0;0.0;11.0;A01
58922;201300038908;0;7;0;0.0;1.0;1.0;1.0;A01
58923;201300038909;0;2;0;0.0;1.0;1.0;1.0;A01
58924;201300038910;0;7;0;0.0;2.0;3.0;1.0;B01
58925;201300038910;0;7;0;0.0;2.0;1.0;9.0;A01
58926;201300038911;2;7;0;1.0;0.0;1.0;1.0;A01
58927;201300038912;0;7;0;0.0;1.0;1.0;1.0;A01
58928;201300038913;0;33;0;0.0;0.0;0.0;1.0;A01
58929;201300038914;0;7;0;0.0;2.0;3.0;10.0;A01
58930;201300038914;0;10;0;0.0;2.0;1.0;1.0;C01
58931;201300038914;2;33;0;0.0;2.0;2.0;17.0;B01
58932;201300038915;0;33;0;8.0;0.0;8.0;0.0;A01
58933;201300038916;0;30;0;0.0;2.0;1.0;1.0;A01
58934;201300038916;0;7;0;0.0;2.0;4.0;1.0;B01
58935;201300038917;0;10;0;0.0;2.0;7.0;1.0;B01
58936;201300038917;2;7;0;9.0;2.0;1.0;1.0;A01
58937;201300038918;0;2;0;1.0;0.0;8.0;16.0;A01
58938;201300038919;0;2;0;14.0;0.0;1.0;1.0;A01
58939;201300038920;0;7;0;5.0;0.0;9.0;15.0;A01
58940;201300038921;0;7;0;0.0;1.0;2.0;1.0;A01
58941;201300038922;0;7;0;0.0;1.0;1.0;0.0;A01
58942;201300038924;0;32;0;0.0;2.0;8.0;1.0;B01
58943;201300038924;0;7;0;0.0;2.0;3.0;15.0;A01
58944;201300038925;0;7;0;0.0;2.0;3.0;15.0;A01
58945;201300038925;0;1;0;0.0;2.0;1.0;17.0;B01
58946;201300038927;2;7;0;0.0;0.0;6.0;0.0;B01
58947;201300038927;0;33;0;1.0;0.0;1.0;0.0;A01
58948;201300038928;0;34;0;0.0;1.0;2.0;1.0;A01
58949;201300038929;0;7;0;0.0;0.0;4.0;2.0;A01
58950;201300038929;1;7;0;0.0;0.0;0.0;0.0;Z01
58951;201300038930;0;7;0;0.0;1.0;2.0;1.0;A01
58952;201300038931;0;2;0;0.0;0.0;0.0;17.0;A01
58953;201300038932;0;10;0;0.0;2.0;2.0;17.0;A01
58954;201300038932;0;7;0;0.0;2.0;3.0;10.0;B01
58955;201300038933;0;7;0;0.0;1.0;8.0;1.0;A01
58956;201300038935;0;7;0;0.0;1.0;1.0;15.0;A01
58957;201300038936;0;7;0;0.0;2.0;7.0;22.0;B01
58958;201300038936;0;33;0;0.0;2.0;8.0;18.0;A01
58959;201300038937;0;7;0;0.0;1.0;1.0;15.0;A01
58960;201300038938;0;37;0;0.0;1.0;2.0;2.0;A01
58961;201300038939;0;7;0;0.0;1.0;1.0;15.0;A01
58962;201300038940;0;7;0;0.0;1.0;2.0;1.0;A01
58963;201300038941;0;7;0;0.0;1.0;3.0;1.0;A01
58964;201300038942;0;30;0;0.0;0.0;7.0;1.0;A01
58965;201300038943;0;7;0;0.0;2.0;3.0;15.0;A01
58966;201300038943;0;7;0;0.0;2.0;3.0;1.0;B01
58967;201300038944;0;32;0;0.0;2.0;1.0;1.0;A01
58968;201300038945;0;37;1;0.0;1.0;2.0;1.0;A01
58969;201300038947;0;7;0;0.0;1.0;4.0;4.0;A01
58970;201300038948;1;7;0;0.0;2.0;0.0;1.0;Z01
58971;201300038948;0;30;0;0.0;2.0;1.0;1.0;B01
58972;201300038949;0;7;0;0.0;2.0;8.0;15.0;B01
58973;201300038949;0;32;0;0.0;2.0;1.0;1.0;A01
58974;201300038950;0;10;0;0.0;2.0;4.0;1.0;B01
58975;201300038950;0;30;0;0.0;2.0;3.0;1.0;A01
58976;201300038951;1;7;0;;;;;A02
58977;201300038951;0;7;0;0.0;2.0;4.0;1.0;A01
58978;201300038952;0;7;0;0.0;2.0;2.0;1.0;B01
58979;201300038952;0;7;0;0.0;2.0;1.0;15.0;A01
58980;201300038953;0;7;0;0.0;2.0;2.0;15.0;A01
58981;201300038953;0;1;0;0.0;2.0;1.0;1.0;B01
58982;201300038954;0;7;0;0.0;1.0;1.0;1.0;A01
58983;201300038955;0;7;0;0.0;2.0;8.0;15.0;A01
58984;201300038955;0;33;0;0.0;2.0;1.0;1.0;B01
58985;201300038956;0;7;0;0.0;2.0;4.0;1.0;C01
58986;201300038956;0;7;0;0.0;2.0;1.0;1.0;A01
58987;201300038956;0;7;0;0.0;2.0;4.0;1.0;D01
58988;201300038956;0;7;0;0.0;2.0;4.0;1.0;E01
58989;201300038956;0;7;0;0.0;2.0;4.0;0.0;B01
58990;201300038957;0;7;0;0.0;1.0;1.0;1.0;A01
58991;201300038958;0;7;0;0.0;1.0;2.0;2.0;A01
58992;201300038959;0;32;0;0.0;0.0;0.0;1.0;A01
58993;201300038960;0;7;0;0.0;2.0;4.0;1.0;B01
58994;201300038960;0;7;0;0.0;2.0;1.0;1.0;A01
58995;201300038961;0;7;0;0.0;2.0;7.0;16.0;A01
58996;201300038961;0;7;0;0.0;2.0;3.0;16.0;B01
58997;201300038962;0;7;0;8.0;0.0;1.0;0.0;A01
58998;201300038963;1;7;0;0.0;2.0;0.0;1.0;A01
58999;201300038963;0;30;0;0.0;2.0;1.0;1.0;B01
59000;201300038964;0;1;0;0.0;2.0;0.0;0.0;B01
59001;201300038964;0;7;0;0.0;2.0;0.0;0.0;A01
59002;201300038965;0;1;0;0.0;2.0;7.0;1.0;B01
59003;201300038965;0;7;0;0.0;2.0;3.0;9.0;A01
59004;201300038966;0;33;0;0.0;2.0;1.0;1.0;B01
59005;201300038966;0;7;0;0.0;2.0;2.0;15.0;A01
59006;201300038967;0;32;0;0.0;1.0;0.0;17.0;A01
59007;201300038968;0;7;0;0.0;1.0;2.0;11.0;A01
59008;201300038969;0;7;0;0.0;2.0;1.0;9.0;A01
59009;201300038969;0;7;0;0.0;2.0;3.0;9.0;B01
59010;201300038970;0;31;0;0.0;2.0;8.0;1.0;B01
59011;201300038970;0;7;0;0.0;2.0;3.0;13.0;A01
59012;201300038971;0;7;0;0.0;1.0;1.0;1.0;A01
59013;201300038972;0;7;0;0.0;2.0;7.0;9.0;A01
59014;201300038972;0;37;2;0.0;2.0;3.0;0.0;B01
59015;201300038973;0;2;0;0.0;1.0;0.0;1.0;A01
59016;201300038974;0;7;0;0.0;2.0;8.0;9.0;B01
59017;201300038974;0;33;0;0.0;2.0;1.0;1.0;A01
59018;201300038975;0;33;0;1.0;0.0;0.0;20.0;A01
59019;201300038976;0;33;0;0.0;2.0;7.0;17.0;A01
59020;201300038976;0;7;0;0.0;2.0;8.0;1.0;B01
59021;201300038977;0;7;0;0.0;2.0;4.0;1.0;B01
59022;201300038977;0;7;0;0.0;2.0;1.0;1.0;A01
59023;201300038978;0;7;0;0.0;1.0;4.0;4.0;A01
59024;201300038979;0;7;0;0.0;1.0;1.0;16.0;A01
59025;201300038980;1;7;0;;0.0;0.0;;Z01
59026;201300038980;0;7;0;0.0;2.0;1.0;2.0;B01
59027;201300038980;0;7;0;0.0;2.0;4.0;2.0;E01
59028;201300038980;0;7;0;0.0;2.0;1.0;2.0;C01
59029;201300038980;0;7;0;0.0;2.0;1.0;2.0;D01
59030;201300038981;0;7;0;0.0;2.0;1.0;15.0;B01
59031;201300038981;0;2;0;0.0;2.0;1.0;5.0;A01
59032;201300038982;0;7;0;0.0;2.0;2.0;15.0;A01
59033;201300038982;0;32;0;0.0;2.0;1.0;1.0;B01
59034;201300038983;0;30;0;0.0;2.0;1.0;2.0;A01
59035;201300038983;0;7;0;0.0;2.0;4.0;23.0;B01
59036;201300038984;0;30;0;0.0;2.0;1.0;1.0;B01
59037;201300038984;0;7;0;0.0;2.0;7.0;15.0;A01
59038;201300038985;0;7;0;0.0;2.0;4.0;2.0;C01
59039;201300038985;0;7;0;0.0;2.0;4.0;2.0;B01
59040;201300038985;0;7;0;0.0;2.0;1.0;2.0;A01
59041;201300038986;0;7;0;4.0;0.0;3.0;1.0;A01
59042;201300038987;0;7;0;0.0;1.0;3.0;15.0;A01
59043;201300038988;0;7;0;0.0;2.0;1.0;9.0;A01
59044;201300038988;0;2;0;0.0;2.0;5.0;1.0;B01
59045;201300038989;0;7;0;0.0;2.0;1.0;16.0;A01
59046;201300038989;0;1;0;0.0;2.0;4.0;19.0;B01
59047;201300038991;1;7;0;1.0;0.0;2.0;1.0;A01
59048;201300038992;0;7;0;1.0;0.0;3.0;1.0;A01
59049;201300038994;0;37;1;0.0;2.0;1.0;23.0;B01
59050;201300038994;0;30;0;0.0;2.0;8.0;18.0;A01
59051;201300038994;1;7;0;0.0;2.0;7.0;16.0;Z01
59052;201300038996;0;33;0;0.0;2.0;1.0;1.0;B01
59053;201300038996;0;7;0;0.0;2.0;5.0;15.0;A01
59054;201300038997;0;33;0;0.0;2.0;1.0;1.0;B01
59055;201300038997;0;7;0;0.0;2.0;2.0;19.0;A01
59056;201300038998;0;33;0;0.0;2.0;1.0;1.0;B01
59057;201300038998;0;7;0;0.0;2.0;3.0;19.0;A01
59058;201300038999;0;7;0;0.0;2.0;2.0;1.0;A01
59059;201300038999;0;7;0;0.0;2.0;6.0;24.0;B01
59060;201300039000;0;10;0;0.0;2.0;1.0;15.0;A01
59061;201300039000;0;33;0;0.0;2.0;1.0;1.0;B01
59062;201300039001;0;32;0;0.0;2.0;1.0;1.0;B01
59063;201300039001;0;10;0;0.0;2.0;3.0;15.0;A01
59064;201300039002;0;7;0;11.0;0.0;3.0;14.0;A01
59065;201300039003;0;7;0;0.0;1.0;2.0;1.0;A01
59066;201300039004;0;33;0;0.0;2.0;1.0;0.0;B01
59067;201300039004;0;7;0;0.0;2.0;2.0;15.0;A01
59068;201300039005;0;7;0;0.0;2.0;8.0;1.0;B01
59069;201300039005;0;33;0;0.0;2.0;1.0;17.0;A01
59070;201300039006;0;7;0;0.0;1.0;1.0;1.0;A01
59071;201300039007;0;7;0;0.0;1.0;3.0;1.0;A01
59072;201300039008;0;30;0;0.0;2.0;0.0;15.0;A01
59073;201300039008;0;7;0;0.0;2.0;3.0;1.0;B01
59074;201300039010;0;7;0;0.0;2.0;3.0;16.0;A01
59075;201300039010;0;32;0;0.0;2.0;2.0;1.0;B01
59076;201300039011;0;7;0;0.0;2.0;1.0;2.0;A01
59077;201300039011;0;7;0;0.0;2.0;4.0;2.0;B01
59078;201300039012;0;7;0;0.0;2.0;3.0;2.0;B01
59079;201300039012;0;33;0;0.0;2.0;3.0;2.0;A01
59080;201300039013;0;7;0;0.0;1.0;3.0;1.0;A01
59081;201300039014;0;7;0;0.0;1.0;5.0;1.0;A01
59082;201300039015;0;33;0;0.0;0.0;0.0;1.0;A01
59083;201300039016;0;7;0;0.0;2.0;3.0;13.0;B01
59084;201300039016;0;2;0;1.0;2.0;2.0;17.0;A01
59085;201300039017;0;30;0;0.0;2.0;4.0;2.0;B01
59086;201300039017;0;7;0;0.0;2.0;2.0;2.0;A01
59087;201300039018;0;33;0;0.0;2.0;7.0;1.0;A01
59088;201300039018;0;7;0;0.0;2.0;3.0;15.0;B01
59089;201300039019;0;7;0;0.0;2.0;1.0;1.0;A01
59090;201300039019;0;7;0;0.0;2.0;5.0;23.0;C01
59091;201300039019;0;7;0;0.0;2.0;4.0;23.0;B01
59092;201300039020;0;30;0;0.0;2.0;7.0;17.0;B01
59093;201300039020;0;7;0;0.0;2.0;3.0;19.0;A01
59094;201300039021;0;7;0;0.0;2.0;4.0;1.0;B01
59095;201300039021;0;7;0;0.0;2.0;1.0;1.0;A01
59096;201300039021;0;7;0;0.0;2.0;4.0;1.0;C01
59097;201300039022;0;1;0;0.0;2.0;8.0;1.0;B01
59098;201300039022;0;7;0;0.0;2.0;3.0;15.0;A01
59099;201300039023;0;7;0;0.0;2.0;1.0;9.0;A01
59100;201300039023;0;32;0;0.0;2.0;8.0;1.0;B01
59101;201300039024;0;7;0;0.0;1.0;5.0;1.0;A01
59102;201300039025;0;7;0;0.0;1.0;1.0;1.0;A01
59103;201300039026;1;7;0;0.0;2.0;1.0;0.0;B01
59104;201300039026;0;30;0;0.0;2.0;4.0;1.0;A01
59105;201300039027;0;7;0;0.0;2.0;7.0;14.0;A01
59106;201300039027;0;34;0;0.0;2.0;1.0;7.0;B01
59107;201300039029;0;7;0;0.0;2.0;1.0;2.0;A01
59108;201300039029;0;7;0;0.0;2.0;1.0;2.0;B01
59109;201300039029;0;7;0;0.0;2.0;4.0;2.0;C01
59110;201300039030;0;33;0;0.0;2.0;1.0;1.0;B01
59111;201300039030;0;7;0;0.0;2.0;3.0;11.0;A01
59112;201300039031;0;7;0;0.0;2.0;5.0;15.0;A01
59113;201300039031;0;33;0;0.0;2.0;1.0;1.0;B01
59114;201300039032;0;7;0;0.0;2.0;1.0;1.0;B01
59115;201300039032;0;7;0;0.0;2.0;2.0;9.0;A01
59116;201300039033;0;7;0;0.0;1.0;3.0;15.0;A01
59117;201300039034;0;7;0;0.0;2.0;5.0;1.0;B01
59118;201300039034;0;10;0;0.0;2.0;3.0;10.0;A01
59119;201300039035;0;7;0;0.0;1.0;8.0;15.0;A01
59120;201300039036;0;7;0;0.0;2.0;0.0;1.0;B01
59121;201300039036;0;7;0;0.0;2.0;4.0;1.0;C01
59122;201300039036;1;7;0;0.0;2.0;0.0;0.0;A01
59123;201300039037;0;7;0;8.0;2.0;1.0;1.0;A01
59124;201300039037;1;7;0;0.0;0.0;4.0;24.0;B01
59125;201300039038;0;32;0;0.0;0.0;7.0;16.0;A01
59126;201300039040;0;2;0;0.0;0.0;0.0;1.0;A01
59127;201300039041;0;7;0;0.0;2.0;4.0;1.0;B01
59128;201300039041;0;7;0;0.0;2.0;4.0;2.0;C01
59129;201300039041;0;7;0;0.0;2.0;1.0;1.0;A01
59130;201300039043;0;14;0;0.0;2.0;1.0;1.0;A01
59131;201300039043;0;7;0;0.0;2.0;8.0;1.0;C01
59132;201300039043;0;7;0;0.0;2.0;5.0;1.0;B01
59133;201300039044;0;32;0;0.0;0.0;0.0;1.0;A01
59134;201300039046;0;2;0;0.0;0.0;0.0;1.0;A01
59135;201300039047;0;32;0;0.0;0.0;0.0;1.0;A01
59136;201300039048;0;33;0;0.0;2.0;5.0;1.0;B01
59137;201300039048;0;7;0;0.0;2.0;3.0;17.0;A01
59138;201300039049;0;7;0;0.0;2.0;2.0;1.0;A01
59139;201300039049;0;1;0;0.0;2.0;8.0;0.0;B01
59140;201300039050;0;33;0;0.0;2.0;2.0;1.0;A01
59141;201300039050;0;1;0;0.0;0.0;0.0;19.0;B01
59142;201300039051;0;33;0;0.0;1.0;0.0;1.0;A01
59143;201300039052;0;7;0;0.0;1.0;1.0;1.0;A01
59144;201300039053;0;30;0;0.0;2.0;1.0;1.0;A01
59145;201300039053;0;7;0;0.0;2.0;2.0;9.0;B01
59146;201300039054;0;7;0;0.0;2.0;1.0;1.0;B01
59147;201300039054;0;7;0;0.0;2.0;9.0;1.0;A01
59148;201300039055;0;33;0;0.0;2.0;1.0;1.0;A01
59149;201300039055;0;7;0;0.0;0.0;3.0;15.0;B01
59150;201300039057;0;30;0;12.0;0.0;1.0;2.0;A01
59151;201300039058;0;33;0;0.0;1.0;1.0;1.0;A01
59152;201300039059;0;7;0;0.0;1.0;2.0;1.0;A01
59153;201300039060;0;33;0;0.0;2.0;2.0;21.0;A01
59154;201300039060;0;7;0;0.0;0.0;8.0;15.0;B01
59155;201300039062;0;33;0;0.0;2.0;2.0;3.0;A01
59156;201300039062;0;7;0;0.0;2.0;3.0;15.0;B01
59157;201300039063;0;30;0;0.0;1.0;1.0;2.0;A01
59158;201300039064;0;7;0;0.0;2.0;3.0;15.0;B01
59159;201300039064;0;30;0;0.0;2.0;7.0;17.0;A01
59160;201300039065;0;10;0;0.0;2.0;7.0;22.0;A01
59161;201300039065;0;1;0;0.0;0.0;1.0;1.0;B01
59162;201300039066;0;30;0;0.0;0.0;0.0;21.0;A01
59163;201300039067;0;7;0;0.0;2.0;4.0;2.0;B01
59164;201300039067;0;34;0;0.0;2.0;1.0;2.0;A01
59165;201300039068;0;7;0;0.0;2.0;1.0;15.0;A01
59166;201300039068;0;1;0;0.0;2.0;1.0;1.0;B01
59167;201300039069;0;7;0;0.0;2.0;3.0;1.0;C01
59168;201300039069;0;32;0;0.0;2.0;9.0;2.0;A01
59169;201300039069;0;10;0;0.0;2.0;4.0;2.0;B01
59170;201300039070;0;7;0;0.0;1.0;4.0;4.0;A01
59171;201300039072;0;31;0;0.0;2.0;3.0;1.0;B01
59172;201300039072;0;7;0;0.0;2.0;3.0;15.0;A01
59173;201300039073;0;10;0;0.0;1.0;3.0;1.0;A01
59174;201300039074;0;34;0;0.0;2.0;2.0;1.0;B01
59175;201300039074;0;7;0;0.0;2.0;3.0;10.0;A01
59176;201300039075;0;7;0;0.0;2.0;3.0;10.0;A01
59177;201300039075;0;33;0;0.0;2.0;2.0;1.0;B01
59178;201300039076;0;32;0;0.0;2.0;2.0;1.0;B01
59179;201300039076;1;7;0;0.0;2.0;2.0;0.0;A01
59180;201300039077;0;30;0;0.0;2.0;1.0;1.0;B01
59181;201300039077;0;7;0;0.0;2.0;2.0;10.0;A01
59182;201300039078;0;7;0;0.0;1.0;4.0;4.0;A01
59183;201300039079;0;7;0;0.0;0.0;2.0;1.0;A01