;Num_Acc;senc;catv;occutc;obs;obsm;choc;manv;num_veh
59604;201300039360;0;30;0;0.0;2.0;1.0;1.0;B01
59605;201300039362;0;33;0;0.0;1.0;7.0;1.0;A01
59606;201300039363;0;7;0;0.0;1.0;1.0;1.0;A01
59607;201300039364;0;7;0;0.0;2.0;1.0;2.0;A01
59608;201300039364;0;7;0;0.0;2.0;4.0;2.0;B01
59609;201300039365;0;30;0;0.0;2.0;9.0;1.0;B01
59610;201300039365;1;7;0;0.0;2.0;2.0;15.0;Z01
59611;201300039366;0;7;0;0.0;2.0;3.0;1.0;A01
59612;201300039366;0;30;0;0.0;2.0;1.0;1.0;B01
59613;201300039367;0;7;0;0.0;2.0;1.0;2.0;A01
59614;201300039367;0;7;0;0.0;2.0;4.0;1.0;C01
59615;201300039367;0;7;0;0.0;2.0;4.0;1.0;B01
59616;201300039368;0;7;0;0.0;2.0;2.0;15.0;C01
59617;201300039368;0;7;0;0.0;2.0;3.0;1.0;B01
59618;201300039368;0;7;0;0.0;2.0;4.0;1.0;D01
59619;201300039368;0;7;0;0.0;2.0;9.0;19.0;A01
59620;201300039369;0;7;0;0.0;2.0;6.0;15.0;B01
59621;201300039369;0;34;0;0.0;2.0;2.0;1.0;A01
59622;201300039370;0;32;0;0.0;9.0;7.0;2.0;A01
59623;201300039371;0;7;0;0.0;2.0;0.0;10.0;A01
59624;201300039371;0;1;0;0.0;2.0;7.0;1.0;B01
59625;201300039372;0;34;0;0.0;0.0;1.0;1.0;A01
59626;201300039373;0;33;0;0.0;2.0;2.0;17.0;A01
59627;201300039373;0;7;0;0.0;2.0;8.0;15.0;B01
59628;201300039374;0;30;0;0.0;2.0;0.0;1.0;A01
59629;201300039374;0;7;0;0.0;2.0;6.0;1.0;B01
59630;201300039375;0;7;0;0.0;1.0;1.0;1.0;A01
59631;201300039376;0;10;0;0.0;1.0;1.0;1.0;A01
59632;201300039377;0;31;0;0.0;0.0;0.0;21.0;A01
59633;201300039377;0;7;0;0.0;0.0;0.0;12.0;B01
59634;201300039379;0;30;0;0.0;2.0;4.0;17.0;B01
59635;201300039379;0;14;0;0.0;2.0;1.0;1.0;A01
59636;201300039380;0;7;0;0.0;2.0;2.0;17.0;A01
59637;201300039380;0;33;0;0.0;2.0;1.0;1.0;B01
59638;201300039381;0;7;0;0.0;1.0;1.0;1.0;A01
59639;201300039383;0;33;0;0.0;0.0;0.0;1.0;A01
59640;201300039384;0;32;0;0.0;0.0;0.0;12.0;A01
59641;201300039385;0;34;0;0.0;2.0;1.0;1.0;A01
59642;201300039385;0;10;0;0.0;2.0;5.0;23.0;C01
59643;201300039385;0;7;0;0.0;2.0;2.0;23.0;B01
59644;201300039386;0;30;0;0.0;2.0;1.0;1.0;A01
59645;201300039386;0;7;0;0.0;2.0;6.0;15.0;B01
59646;201300039387;0;7;0;0.0;2.0;3.0;1.0;A01
59647;201300039387;0;7;0;0.0;2.0;2.0;10.0;C01
59648;201300039387;0;33;0;0.0;2.0;1.0;1.0;B01
59649;201300039388;0;30;0;0.0;2.0;1.0;1.0;B01
59650;201300039388;0;7;0;0.0;2.0;5.0;10.0;A01
59651;201300039389;0;7;0;0.0;2.0;8.0;15.0;A01
59652;201300039389;0;32;0;0.0;2.0;1.0;17.0;B01
59653;201300039390;0;7;0;0.0;1.0;8.0;1.0;A01
59654;201300039391;0;7;0;0.0;2.0;1.0;23.0;B01
59655;201300039391;0;33;0;0.0;2.0;9.0;1.0;A01
59656;201300039392;0;7;0;0.0;2.0;8.0;15.0;B01
59657;201300039392;0;32;0;0.0;2.0;1.0;17.0;A01
59658;201300039393;0;33;0;15.0;0.0;0.0;1.0;B01
59659;201300039393;0;14;0;14.0;0.0;0.0;20.0;A01
59660;201300039394;0;7;0;0.0;2.0;8.0;10.0;A01
59661;201300039394;0;34;0;0.0;2.0;1.0;17.0;B01
59662;201300039395;0;32;0;0.0;1.0;1.0;1.0;A01
59663;201300039396;0;10;0;0.0;1.0;3.0;15.0;A01
59664;201300039397;0;10;0;0.0;2.0;2.0;1.0;A01
59665;201300039397;0;7;0;0.0;2.0;8.0;15.0;B01
59666;201300039399;0;33;0;0.0;2.0;0.0;3.0;A01
59667;201300039399;0;7;0;0.0;2.0;5.0;23.0;B01
59668;201300039400;0;32;0;0.0;0.0;7.0;1.0;A01
59669;201300039401;0;7;0;0.0;1.0;3.0;1.0;A01
59670;201300039402;0;7;0;0.0;1.0;3.0;1.0;A01
59671;201300039404;0;7;0;0.0;2.0;7.0;15.0;A01
59672;201300039404;0;30;0;0.0;2.0;1.0;0.0;B01
59673;201300039405;0;30;0;14.0;0.0;0.0;13.0;A01
59674;201300039406;0;7;0;0.0;2.0;1.0;2.0;A01
59675;201300039406;0;10;0;0.0;2.0;4.0;23.0;B01
59676;201300039406;0;7;0;0.0;2.0;4.0;23.0;C01
59677;201300039407;0;7;0;0.0;1.0;2.0;1.0;A01
59678;201300039408;0;10;0;0.0;2.0;2.0;1.0;A01
59679;201300039408;0;7;0;0.0;2.0;3.0;1.0;B01
59680;201300039409;0;14;0;3.0;0.0;1.0;0.0;A01
59681;201300039410;0;14;0;0.0;2.0;2.0;16.0;A01
59682;201300039410;0;7;0;0.0;2.0;6.0;16.0;B01
59683;201300039411;1;7;0;0.0;1.0;1.0;1.0;Z01
59684;201300039412;0;14;0;0.0;2.0;3.0;15.0;B01
59685;201300039412;0;30;0;0.0;2.0;2.0;1.0;A01
59686;201300039413;0;7;0;0.0;2.0;1.0;2.0;A01
59687;201300039413;0;7;0;0.0;2.0;4.0;23.0;C01
59688;201300039413;0;7;0;0.0;2.0;4.0;2.0;B01
59689;201300039414;2;7;0;0.0;2.0;1.0;2.0;A01
59690;201300039414;0;7;0;0.0;2.0;4.0;23.0;B01
59691;201300039415;0;7;0;0.0;1.0;3.0;1.0;A01
59692;201300039416;0;7;0;8.0;0.0;1.0;14.0;A01
59693;201300039417;0;30;0;0.0;2.0;2.0;17.0;A01
59694;201300039417;0;7;0;0.0;2.0;3.0;15.0;B01
59695;201300039418;0;7;0;0.0;2.0;8.0;9.0;A01
59696;201300039418;0;32;0;0.0;2.0;7.0;1.0;B01
59697;201300039419;1;13;0;0.0;2.0;3.0;16.0;Z01
59698;201300039419;0;7;0;0.0;2.0;3.0;1.0;A01
59699;201300039420;0;32;0;0.0;2.0;0.0;21.0;A01
59700;201300039420;0;7;0;0.0;2.0;0.0;20.0;B01
59701;201300039421;0;7;0;0.0;2.0;1.0;2.0;A01
59702;201300039421;0;7;0;0.0;2.0;4.0;23.0;B01
59703;201300039422;0;7;0;0.0;2.0;4.0;23.0;B01
59704;201300039422;0;7;0;0.0;2.0;1.0;2.0;A01
59705;201300039423;0;2;0;0.0;1.0;1.0;17.0;A01
59706;201300039424;0;7;0;8.0;0.0;3.0;1.0;A01
59707;201300039426;0;7;0;13.0;0.0;0.0;0.0;A01
59708;201300039428;0;33;0;14.0;0.0;1.0;14.0;A01
59709;201300039429;0;7;0;0.0;2.0;8.0;10.0;A01
59710;201300039429;0;30;0;0.0;2.0;1.0;17.0;B01
59711;201300039430;0;10;0;0.0;2.0;7.0;9.0;A01
59712;201300039430;0;37;2;0.0;2.0;6.0;1.0;B01
59713;201300039431;0;1;0;8.0;0.0;2.0;0.0;A01
59714;201300039432;0;32;0;0.0;0.0;0.0;0.0;A01
59715;201300039433;0;7;0;0.0;1.0;6.0;1.0;A01
59716;201300039434;0;7;0;0.0;2.0;3.0;15.0;B01
59717;201300039434;0;33;0;0.0;2.0;2.0;17.0;A01
59718;201300039435;0;10;0;0.0;2.0;4.0;23.0;B01
59719;201300039435;0;34;0;0.0;2.0;1.0;2.0;A01
59720;201300039436;0;30;0;1.0;0.0;3.0;13.0;A01
59721;201300039437;0;7;0;6.0;1.0;2.0;14.0;A01
59722;201300039439;0;1;0;0.0;1.0;1.0;1.0;A01
59723;201300039440;0;7;0;0.0;2.0;5.0;1.0;B01
59724;201300039440;0;30;0;0.0;2.0;0.0;18.0;A01
59725;201300039441;0;30;0;0.0;2.0;1.0;1.0;A01
59726;201300039441;0;10;0;0.0;2.0;2.0;23.0;B01
59727;201300039442;0;33;0;1.0;2.0;8.0;3.0;A01
59728;201300039442;0;7;0;0.0;2.0;7.0;22.0;B01
59729;201300039442;0;7;0;0.0;2.0;6.0;1.0;C01
59730;201300039443;0;31;0;0.0;0.0;7.0;1.0;A01
59731;201300039444;2;7;0;0.0;2.0;1.0;1.0;A01
59732;201300039444;0;10;0;0.0;2.0;3.0;0.0;B01
59733;201300039445;0;7;0;0.0;2.0;1.0;2.0;E01
59734;201300039445;0;10;0;0.0;2.0;0.0;6.0;A01
59735;201300039445;0;10;0;0.0;0.0;0.0;1.0;B01
59736;201300039445;0;7;0;15.0;2.0;4.0;21.0;C01
59737;201300039445;0;7;0;0.0;2.0;1.0;2.0;D01
59738;201300039446;0;7;0;0.0;2.0;1.0;10.0;A01
59739;201300039446;0;7;0;0.0;2.0;8.0;1.0;B01
59740;201300039449;0;37;1;0.0;1.0;3.0;1.0;A01
59741;201300039450;0;14;0;0.0;2.0;2.0;9.0;A01
59742;201300039450;0;33;0;0.0;2.0;6.0;1.0;B01
59743;201300039451;0;14;0;1.0;0.0;2.0;0.0;A01
59744;201300039451;0;7;0;0.0;2.0;4.0;24.0;B01
59745;201300039452;0;7;0;0.0;2.0;3.0;9.0;A01
59746;201300039452;0;2;0;0.0;2.0;2.0;0.0;B01
59747;201300039453;0;7;0;0.0;2.0;6.0;15.0;B01
59748;201300039453;0;14;0;0.0;2.0;2.0;1.0;A01
59749;201300039454;0;10;0;0.0;2.0;1.0;1.0;A01
59750;201300039454;0;7;0;0.0;2.0;7.0;1.0;B01
59751;201300039455;0;34;0;0.0;2.0;2.0;17.0;A01
59752;201300039455;0;7;0;0.0;2.0;8.0;15.0;B01
59753;201300039456;0;33;0;0.0;1.0;2.0;21.0;A01
59754;201300039457;0;32;0;0.0;2.0;1.0;1.0;B01
59755;201300039457;0;7;0;0.0;2.0;1.0;9.0;A01
59756;201300039458;0;30;0;0.0;2.0;1.0;1.0;B01
59757;201300039458;0;7;0;0.0;2.0;3.0;15.0;A01
59758;201300039459;0;7;0;0.0;2.0;8.0;15.0;B01
59759;201300039459;0;7;0;0.0;2.0;2.0;1.0;A01
59760;201300039460;0;14;0;0.0;2.0;3.0;24.0;A01
59761;201300039460;0;1;0;14.0;2.0;1.0;1.0;B01
59762;201300039462;0;7;0;0.0;2.0;3.0;20.0;A01
59763;201300039462;0;1;0;1.0;0.0;2.0;21.0;B01
59764;201300039463;0;7;0;1.0;2.0;1.0;14.0;A01
59765;201300039464;0;14;0;0.0;2.0;1.0;2.0;A01
59766;201300039464;0;10;0;0.0;2.0;4.0;23.0;B01
59767;201300039465;0;30;0;0.0;2.0;1.0;1.0;B01
59768;201300039465;0;7;0;0.0;2.0;1.0;15.0;A01
59769;201300039466;0;7;0;0.0;1.0;3.0;1.0;A01
59770;201300039467;0;7;0;0.0;2.0;3.0;9.0;A01
59771;201300039467;0;1;0;0.0;2.0;1.0;1.0;B01
59772;201300039468;0;10;0;0.0;1.0;8.0;1.0;A01
59773;201300039470;0;2;0;0.0;0.0;0.0;0.0;A01
59774;201300039471;0;7;0;0.0;1.0;1.0;1.0;A01
59775;201300039472;0;30;0;0.0;0.0;0.0;0.0;A01
59776;201300039473;0;15;0;8.0;0.0;1.0;13.0;A01
59777;201300039474;0;38;1;0.0;1.0;0.0;1.0;A01
59778;201300039475;0;7;0;0.0;2.0;6.0;21.0;A01
59779;201300039475;0;34;0;0.0;2.0;2.0;1.0;B01
59780;201300039476;0;10;0;0.0;2.0;2.0;10.0;A01
59781;201300039476;0;34;0;0.0;2.0;1.0;1.0;B01
59782;201300039477;0;15;0;0.0;0.0;0.0;15.0;A01
59783;201300039478;0;7;0;1.0;0.0;1.0;14.0;A01
59784;201300039479;0;7;0;6.0;1.0;2.0;16.0;A01
59785;201300039481;0;7;0;0.0;1.0;1.0;1.0;A01
59786;201300039482;0;32;0;0.0;2.0;3.0;17.0;A01
59787;201300039482;0;10;0;0.0;2.0;0.0;17.0;B01
59788;201300039483;0;7;0;14.0;2.0;1.0;13.0;A01
59789;201300039483;0;7;0;0.0;2.0;1.0;1.0;B01
59790;201300039484;0;30;0;0.0;2.0;8.0;0.0;A01
59791;201300039484;1;13;0;0.0;2.0;7.0;0.0;Z01
59792;201300039485;0;7;0;0.0;1.0;2.0;1.0;A01
59793;201300039486;0;32;0;0.0;0.0;0.0;21.0;A01
59794;201300039487;0;33;0;0.0;2.0;0.0;0.0;A01
59795;201300039487;0;14;0;0.0;2.0;6.0;16.0;B01
59796;201300039488;0;7;0;0.0;2.0;3.0;1.0;A01
59797;201300039488;0;7;0;0.0;2.0;2.0;1.0;B01
59798;201300039489;0;31;0;14.0;0.0;2.0;0.0;A01
59799;201300039490;0;7;0;12.0;2.0;0.0;17.0;A01
59800;201300039490;1;7;0;0.0;0.0;0.0;0.0;Z01
59801;201300039491;0;10;0;0.0;1.0;4.0;4.0;A01
59802;201300039492;0;7;0;0.0;2.0;1.0;2.0;A01
59803;201300039492;0;7;0;0.0;2.0;4.0;2.0;B01
59804;201300039493;0;7;0;0.0;2.0;3.0;1.0;B01
59805;201300039493;0;7;0;0.0;2.0;3.0;16.0;A01
59806;201300039494;0;7;0;4.0;0.0;3.0;13.0;A01
59807;201300039495;0;33;0;14.0;0.0;2.0;14.0;A01
59808;201300039496;0;30;0;0.0;1.0;1.0;1.0;A01
59809;201300039497;0;32;0;0.0;2.0;3.0;1.0;B01
59810;201300039497;0;7;0;0.0;2.0;5.0;12.0;A01
59811;201300039498;0;7;0;0.0;1.0;2.0;16.0;A01
59812;201300039499;0;30;0;0.0;2.0;2.0;17.0;A01
59813;201300039499;0;7;0;0.0;2.0;8.0;15.0;B01
59814;201300039500;0;7;0;0.0;1.0;1.0;1.0;A01
59815;201300039501;0;32;0;0.0;2.0;2.0;17.0;B01
59816;201300039501;0;10;0;0.0;2.0;8.0;17.0;A01
59817;201300039502;0;7;0;0.0;1.0;1.0;1.0;A01
59818;201300039503;0;7;0;0.0;2.0;6.0;15.0;B01
59819;201300039503;2;10;0;0.0;2.0;1.0;1.0;A01
59820;201300039504;0;7;0;0.0;1.0;6.0;4.0;A01
59821;201300039505;0;33;0;0.0;2.0;1.0;1.0;B01
59822;201300039505;0;15;0;0.0;2.0;6.0;15.0;A01
59823;201300039506;0;7;0;0.0;2.0;2.0;1.0;A01
59824;201300039506;0;30;0;0.0;2.0;1.0;18.0;B01
59825;201300039507;0;10;0;0.0;1.0;2.0;1.0;A01
59826;201300039508;0;7;0;0.0;1.0;5.0;15.0;A01
59827;201300039509;0;7;0;0.0;2.0;4.0;23.0;B01
59828;201300039509;2;7;0;0.0;2.0;1.0;2.0;A01
59829;201300039511;0;30;0;0.0;2.0;7.0;21.0;B01
59830;201300039511;0;7;0;0.0;2.0;5.0;15.0;A01
59831;201300039512;0;7;0;0.0;2.0;5.0;10.0;B01
59832;201300039512;0;33;0;0.0;2.0;1.0;1.0;A01
59833;201300039513;0;30;0;0.0;0.0;0.0;1.0;A01
59834;201300039514;0;1;0;0.0;2.0;8.0;0.0;A01
59835;201300039514;1;7;0;0.0;2.0;0.0;0.0;Z01
59836;201300039515;0;32;0;0.0;2.0;1.0;1.0;B01
59837;201300039515;0;32;0;0.0;2.0;8.0;1.0;A01
59838;201300039516;0;32;0;0.0;0.0;8.0;2.0;A01
59839;201300039517;0;32;0;0.0;2.0;8.0;2.0;A01
59840;201300039517;0;7;0;0.0;2.0;0.0;1.0;B01
59841;201300039518;0;7;0;0.0;1.0;3.0;15.0;A01
59842;201300039519;0;14;0;0.0;2.0;5.0;24.0;A01
59843;201300039519;0;33;0;1.0;0.0;2.0;18.0;B01
59844;201300039520;0;32;0;0.0;1.0;1.0;2.0;A01
59845;201300039521;0;7;0;0.0;2.0;7.0;15.0;A01
59846;201300039521;0;32;0;0.0;2.0;1.0;1.0;B01
59847;201300039522;0;7;0;0.0;1.0;3.0;16.0;A01
59848;201300039523;0;7;0;0.0;2.0;4.0;16.0;B01
59849;201300039523;0;10;0;0.0;2.0;2.0;16.0;A01
59850;201300039524;0;31;0;0.0;2.0;6.0;1.0;A01
59851;201300039524;0;10;0;0.0;2.0;2.0;1.0;B01
59852;201300039525;0;7;0;0.0;2.0;7.0;22.0;A01
59853;201300039525;0;1;0;0.0;2.0;8.0;18.0;B01
59854;201300039526;0;7;0;0.0;2.0;7.0;16.0;A01
59855;201300039526;0;2;0;0.0;2.0;8.0;2.0;B01
59856;201300039527;0;7;0;0.0;2.0;3.0;0.0;B01
59857;201300039527;0;30;0;1.0;0.0;1.0;0.0;A01
59858;201300039528;0;7;0;0.0;1.0;1.0;1.0;A01
59859;201300039529;0;34;0;0.0;1.0;1.0;0.0;A01
59860;201300039530;0;14;0;0.0;2.0;6.0;24.0;B01
59861;201300039530;0;10;0;1.0;0.0;2.0;1.0;A01
59862;201300039531;0;37;1;0.0;1.0;2.0;1.0;A01
59863;201300039532;0;1;0;0.0;2.0;8.0;1.0;B01
59864;201300039532;0;7;0;0.0;2.0;1.0;1.0;A01
59865;201300039533;0;1;0;0.0;2.0;1.0;2.0;B01
59866;201300039533;0;7;0;0.0;2.0;4.0;2.0;A01
59867;201300039535;0;7;0;0.0;2.0;8.0;10.0;A01
59868;201300039535;0;33;0;0.0;2.0;1.0;1.0;B01
59869;201300039536;0;30;0;0.0;1.0;1.0;2.0;A01
59870;201300039537;0;30;0;0.0;2.0;4.0;2.0;B01
59871;201300039537;0;32;0;0.0;2.0;1.0;2.0;A01
59872;201300039538;0;7;0;0.0;2.0;3.0;15.0;B01
59873;201300039538;0;30;0;0.0;2.0;3.0;0.0;A01
59874;201300039539;0;1;0;0.0;1.0;1.0;0.0;A01
59875;201300039540;0;1;0;0.0;2.0;1.0;2.0;A01
59876;201300039540;0;7;0;0.0;2.0;4.0;2.0;B01
59877;201300039541;0;32;0;0.0;2.0;7.0;2.0;B01
59878;201300039541;0;7;0;0.0;2.0;3.0;15.0;A01
59879;201300039542;0;7;0;0.0;2.0;5.0;9.0;B01
59880;201300039542;0;2;0;0.0;2.0;1.0;2.0;A01
59881;201300039543;0;7;0;0.0;1.0;1.0;1.0;A01
59882;201300039544;0;30;0;0.0;2.0;1.0;2.0;A01
59883;201300039544;0;7;0;0.0;2.0;4.0;2.0;B01
59884;201300039545;0;7;0;0.0;1.0;3.0;4.0;A01
59885;201300039546;0;1;0;0.0;2.0;5.0;15.0;A01
59886;201300039546;0;7;0;0.0;2.0;3.0;1.0;B01
59887;201300039547;0;33;0;0.0;2.0;3.0;1.0;A01
59888;201300039547;0;7;0;0.0;2.0;5.0;20.0;B01
59889;201300039548;0;2;0;0.0;1.0;1.0;1.0;A01
59890;201300039549;0;7;0;0.0;2.0;4.0;2.0;D01
59891;201300039549;0;7;0;0.0;2.0;4.0;2.0;C01
59892;201300039549;0;7;0;0.0;2.0;4.0;2.0;B01
59893;201300039549;0;7;0;0.0;2.0;2.0;1.0;A01
59894;201300039550;0;30;0;0.0;2.0;1.0;17.0;A01
59895;201300039550;0;1;0;0.0;2.0;4.0;2.0;B01
59896;201300039551;0;7;0;0.0;2.0;3.0;15.0;A01
59897;201300039551;0;2;0;0.0;2.0;1.0;1.0;B01
59898;201300039552;0;31;0;0.0;2.0;1.0;17.0;A01
59899;201300039552;0;7;0;0.0;2.0;8.0;15.0;B01
59900;201300039553;0;7;0;0.0;2.0;2.0;15.0;A01
59901;201300039553;0;33;0;0.0;2.0;1.0;1.0;B01
59902;201300039554;0;33;0;0.0;0.0;0.0;1.0;B01
59903;201300039554;0;7;0;0.0;0.0;0.0;15.0;A01
59904;201300039555;0;32;0;0.0;1.0;2.0;1.0;A01
59905;201300039556;0;7;0;0.0;2.0;2.0;1.0;A01
59906;201300039556;0;1;0;0.0;2.0;5.0;5.0;B01
59907;201300039557;0;7;0;0.0;1.0;3.0;9.0;A01
59908;201300039558;0;7;0;0.0;1.0;1.0;2.0;A01
59909;201300039560;0;34;0;0.0;2.0;3.0;1.0;B01
59910;201300039560;0;7;0;0.0;2.0;5.0;16.0;A01
59911;201300039561;0;7;0;0.0;1.0;6.0;4.0;A01
59912;201300039562;0;2;0;0.0;2.0;1.0;2.0;A01
59913;201300039562;0;7;0;0.0;2.0;3.0;15.0;B01
59914;201300039563;0;7;0;0.0;2.0;1.0;2.0;A01
59915;201300039563;0;7;0;0.0;2.0;1.0;2.0;C01
59916;201300039563;0;7;0;0.0;2.0;1.0;23.0;B01
59917;201300039563;0;7;0;0.0;2.0;4.0;2.0;D01
59918;201300039564;0;34;0;0.0;2.0;4.0;2.0;B01
59919;201300039564;0;7;0;0.0;2.0;2.0;2.0;A01
59920;201300039565;0;7;0;1.0;0.0;1.0;1.0;A01
59921;201300039566;0;32;0;12.0;0.0;7.0;1.0;A01
59922;201300039567;0;10;0;0.0;2.0;3.0;1.0;A01
59923;201300039567;0;37;0;0.0;2.0;3.0;1.0;B01
59924;201300039568;0;7;0;0.0;2.0;1.0;15.0;B01
59925;201300039568;0;7;0;0.0;2.0;2.0;1.0;A01
59926;201300039569;0;30;0;0.0;2.0;8.0;15.0;B01
59927;201300039569;0;7;0;0.0;2.0;2.0;1.0;A01
59928;201300039570;0;31;0;14.0;0.0;1.0;1.0;A01
59929;201300039572;0;7;0;0.0;1.0;2.0;11.0;A01
59930;201300039573;0;32;0;0.0;0.0;0.0;2.0;A01
59931;201300039574;0;2;0;0.0;2.0;1.0;2.0;B01
59932;201300039574;0;7;0;0.0;2.0;3.0;15.0;A01
59933;201300039575;0;7;0;9.0;0.0;1.0;1.0;A01
59934;201300039576;0;30;0;0.0;1.0;1.0;21.0;A01
59935;201300039577;0;7;0;0.0;2.0;1.0;1.0;A01
59936;201300039577;0;10;0;1.0;0.0;4.0;24.0;B01
59937;201300039578;0;7;0;0.0;1.0;1.0;1.0;A01
59938;201300039579;0;7;0;0.0;1.0;1.0;1.0;A01
59939;201300039580;0;1;0;1.0;0.0;1.0;1.0;A01
59940;201300039580;0;7;0;0.0;0.0;8.0;24.0;B01
59941;201300039581;0;30;0;1.0;2.0;1.0;18.0;A01
59942;201300039581;0;14;0;0.0;0.0;5.0;2.0;B01
59943;201300039581;0;14;0;0.0;0.0;6.0;24.0;C01
59944;201300039582;0;1;0;0.0;1.0;8.0;1.0;A01
59945;201300039583;0;7;0;0.0;1.0;2.0;16.0;A01
59946;201300039585;0;7;0;0.0;2.0;7.0;1.0;B01
59947;201300039585;0;33;0;9.0;2.0;7.0;18.0;A01
59948;201300039586;0;7;0;0.0;2.0;1.0;1.0;A01
59949;201300039586;0;33;0;0.0;2.0;4.0;23.0;B01
59950;201300039587;0;7;0;0.0;2.0;0.0;15.0;A01
59951;201300039587;0;33;0;0.0;2.0;0.0;15.0;B01
59952;201300039588;0;7;0;0.0;2.0;2.0;14.0;A01
59953;201300039588;0;34;0;0.0;2.0;3.0;12.0;B01
59954;201300039589;0;10;0;0.0;1.0;3.0;16.0;A01
59955;201300039590;0;7;0;0.0;0.0;0.0;0.0;A01
59956;201300039591;0;7;0;0.0;2.0;1.0;2.0;A01
59957;201300039591;0;7;0;0.0;2.0;4.0;23.0;B01
59958;201300039592;0;33;0;0.0;0.0;0.0;0.0;A01
59959;201300039593;0;10;0;0.0;9.0;8.0;11.0;A01
59960;201300039593;0;32;0;0.0;2.0;1.0;17.0;B01
59961;201300039594;0;7;0;0.0;2.0;8.0;0.0;B01
59962;201300039594;0;7;0;0.0;2.0;3.0;0.0;A01
59963;201300039595;0;7;0;0.0;9.0;3.0;20.0;A01
59964;201300039595;0;34;0;0.0;2.0;1.0;20.0;B01
59965;201300039596;0;7;0;0.0;1.0;2.0;1.0;A01
59966;201300039597;0;31;0;0.0;2.0;1.0;1.0;B01
59967;201300039597;0;7;0;0.0;9.0;2.0;1.0;A01
59968;201300039598;0;30;0;0.0;0.0;0.0;1.0;A01
59969;201300039599;0;31;0;0.0;0.0;0.0;0.0;A01
59970;201300039600;0;7;0;0.0;1.0;1.0;16.0;A01
59971;201300039601;0;7;0;0.0;9.0;2.0;1.0;A01
59972;201300039601;0;1;0;0.0;2.0;1.0;1.0;B01
59973;201300039602;0;7;0;0.0;1.0;8.0;4.0;A01
59974;201300039603;0;32;0;0.0;2.0;3.0;0.0;B01
59975;201300039603;0;7;0;0.0;2.0;7.0;0.0;A01
59976;201300039604;0;30;0;0.0;2.0;7.0;1.0;B01
59977;201300039604;0;7;0;0.0;9.0;3.0;4.0;A01
59978;201300039605;0;7;0;0.0;1.0;7.0;0.0;A01
59979;201300039606;0;10;0;0.0;1.0;2.0;1.0;A01
59980;201300039607;0;7;0;0.0;2.0;3.0;9.0;A01
59981;201300039607;0;32;0;0.0;2.0;2.0;1.0;B01
59982;201300039608;0;7;0;0.0;1.0;2.0;0.0;A01
59983;201300039609;0;32;0;0.0;1.0;2.0;21.0;A01
59984;201300039610;0;33;0;0.0;1.0;1.0;1.0;A01
59985;201300039612;0;7;0;0.0;1.0;1.0;0.0;A01
59986;201300039613;0;33;0;0.0;1.0;1.0;0.0;A01
59987;201300039614;0;7;0;0.0;2.0;2.0;1.0;A01
59988;201300039614;0;32;0;0.0;2.0;3.0;1.0;B01
59989;201300039615;0;7;0;0.0;0.0;1.0;0.0;A01
59990;201300039615;0;31;0;0.0;2.0;7.0;0.0;B01
59991;201300039616;0;7;0;0.0;0.0;4.0;1.0;B01
59992;201300039616;0;7;0;0.0;2.0;1.0;1.0;A01
59993;201300039617;0;30;0;0.0;0.0;5.0;21.0;A01
59994;201300039618;0;7;0;0.0;0.0;3.0;18.0;A01
59995;201300039618;0;7;0;0.0;2.0;4.0;24.0;B01
59996;201300039619;0;7;0;0.0;1.0;0.0;11.0;A01
59997;201300039620;0;7;0;0.0;1.0;1.0;0.0;A01
59998;201300039621;0;7;0;0.0;1.0;4.0;4.0;A01
59999;201300039623;0;34;0;0.0;1.0;1.0;0.0;A01
60000;201300039624;0;7;0;0.0;2.0;2.0;1.0;A01
60001;201300039624;0;30;0;0.0;2.0;8.0;1.0;B01
60002;201300039625;0;7;0;0.0;1.0;1.0;15.0;A01
60003;201300039626;0;7;0;0.0;2.0;1.0;0.0;B01
60004;201300039626;0;7;0;0.0;2.0;1.0;0.0;A01
60005;201300039627;0;7;0;0.0;1.0;4.0;4.0;A01
60006;201300039628;0;10;0;0.0;2.0;1.0;1.0;A01
60007;201300039628;0;7;0;0.0;2.0;4.0;1.0;B01
60008;201300039629;0;34;0;0.0;1.0;1.0;1.0;A01
60009;201300039630;0;7;0;0.0;2.0;1.0;0.0;B01
60010;201300039630;0;7;0;0.0;2.0;0.0;0.0;A01
60011;201300039631;0;7;0;0.0;2.0;6.0;0.0;A01
60012;201300039631;0;7;0;0.0;2.0;7.0;0.0;B01
60013;201300039632;0;30;0;0.0;2.0;1.0;18.0;B01
60014;201300039632;0;7;0;0.0;2.0;5.0;23.0;A01
60015;201300039633;0;32;0;0.0;2.0;1.0;21.0;B01
60016;201300039633;0;7;0;0.0;2.0;8.0;22.0;A01
60017;201300039634;0;7;0;0.0;1.0;1.0;1.0;A01
60018;201300039635;0;32;0;0.0;2.0;0.0;21.0;B01
60019;201300039635;0;7;0;0.0;2.0;1.0;10.0;A01
60020;201300039636;0;7;0;0.0;1.0;1.0;0.0;A01
60021;201300039637;0;32;0;0.0;2.0;1.0;1.0;A01
60022;201300039637;0;7;0;0.0;2.0;2.0;11.0;B01