;Num_Acc;senc;catv;occutc;obs;obsm;choc;manv;num_veh
60863;201300040229;0;7;0;0.0;2.0;1.0;15.0;A01
60864;201300040230;0;2;0;0.0;0.0;0.0;1.0;A01
60865;201300040231;0;7;0;0.0;1.0;2.0;1.0;A01
60866;201300040232;0;1;0;0.0;0.0;0.0;1.0;A01
60867;201300040233;0;32;0;0.0;0.0;7.0;1.0;A01
60868;201300040234;0;7;0;0.0;0.0;0.0;15.0;A01
60869;201300040234;0;30;0;0.0;0.0;7.0;1.0;B01
60870;201300040235;0;2;0;4.0;0.0;1.0;17.0;A01
60871;201300040236;0;7;0;0.0;1.0;3.0;16.0;A01
60872;201300040237;0;7;0;0.0;1.0;3.0;15.0;A01
60873;201300040239;0;7;0;2.0;0.0;1.0;15.0;A01
60874;201300040240;0;10;0;0.0;2.0;4.0;1.0;B01
60875;201300040240;0;38;1;0.0;2.0;1.0;1.0;A01
60876;201300040241;0;30;0;8.0;1.0;1.0;0.0;A01
60877;201300040243;0;1;0;0.0;2.0;3.0;1.0;B01
60878;201300040243;0;7;0;0.0;2.0;2.0;9.0;A01
60879;201300040244;0;7;0;0.0;2.0;4.0;1.0;B01
60880;201300040244;0;2;0;0.0;2.0;1.0;1.0;A01
60881;201300040245;0;32;0;12.0;0.0;1.0;2.0;A01
60882;201300040246;1;31;0;0.0;2.0;1.0;1.0;Z01
60883;201300040246;0;10;0;0.0;2.0;4.0;1.0;B01
60884;201300040247;0;1;0;1.0;0.0;1.0;1.0;B01
60885;201300040247;0;7;0;0.0;2.0;8.0;24.0;A01
60886;201300040248;0;7;0;0.0;1.0;1.0;16.0;A01
60887;201300040249;0;7;0;2.0;0.0;1.0;19.0;A01
60888;201300040250;0;7;0;0.0;2.0;8.0;1.0;B01
60889;201300040250;0;33;0;0.0;2.0;1.0;1.0;A01
60890;201300040251;0;30;0;0.0;0.0;7.0;1.0;A01
60891;201300040253;0;30;0;12.0;0.0;1.0;13.0;A01
60892;201300040254;0;7;0;0.0;1.0;2.0;1.0;A01
60893;201300040255;0;33;0;0.0;0.0;8.0;1.0;A01
60894;201300040256;0;30;0;14.0;0.0;1.0;1.0;A01
60895;201300040257;0;7;0;0.0;2.0;4.0;1.0;A01
60896;201300040257;0;10;0;0.0;2.0;1.0;1.0;B01
60897;201300040258;0;7;0;0.0;2.0;1.0;2.0;A01
60898;201300040258;0;7;0;0.0;2.0;4.0;23.0;B01
60899;201300040259;0;30;0;0.0;2.0;8.0;1.0;B01
60900;201300040259;0;7;0;0.0;2.0;1.0;15.0;A01
60901;201300040260;0;1;0;0.0;0.0;0.0;1.0;A01
60902;201300040260;0;7;0;0.0;0.0;0.0;20.0;B01
60903;201300040261;0;2;0;0.0;2.0;8.0;2.0;A01
60904;201300040261;1;99;0;0.0;2.0;1.0;3.0;Z01
60905;201300040262;0;34;0;0.0;2.0;1.0;2.0;A01
60906;201300040262;0;7;0;0.0;2.0;6.0;2.0;B01
60907;201300040263;2;7;0;0.0;1.0;2.0;0.0;A01
60908;201300040264;0;7;0;0.0;1.0;3.0;15.0;A01
60909;201300040265;0;33;0;0.0;2.0;2.0;2.0;B01
60910;201300040265;0;7;0;0.0;2.0;3.0;15.0;A01
60911;201300040266;0;7;0;0.0;1.0;1.0;1.0;A01
60912;201300040267;0;1;0;0.0;2.0;0.0;2.0;B01
60913;201300040267;0;7;0;0.0;2.0;7.0;14.0;A01
60914;201300040268;0;7;0;0.0;2.0;8.0;2.0;B01
60915;201300040268;0;33;0;0.0;2.0;7.0;2.0;A01
60916;201300040269;0;7;0;0.0;1.0;1.0;1.0;A01
60917;201300040270;0;7;0;9.0;0.0;2.0;14.0;A01
60918;201300040271;1;30;0;0.0;0.0;0.0;6.0;Z01
60919;201300040272;0;7;0;6.0;2.0;2.0;14.0;A01
60920;201300040273;0;7;0;0.0;1.0;0.0;0.0;A01
60921;201300040274;0;31;0;0.0;2.0;1.0;1.0;B01
60922;201300040274;0;10;0;0.0;2.0;7.0;15.0;A01
60923;201300040275;0;7;0;0.0;2.0;1.0;2.0;C01
60924;201300040275;0;10;0;0.0;2.0;1.0;2.0;A01
60925;201300040275;0;7;0;0.0;2.0;4.0;2.0;B01
60926;201300040275;0;7;0;0.0;0.0;4.0;2.0;E01
60927;201300040275;0;7;0;0.0;2.0;1.0;2.0;D01
60928;201300040276;0;34;0;0.0;2.0;8.0;1.0;B01
60929;201300040276;0;7;0;0.0;2.0;3.0;15.0;A01
60930;201300040277;0;33;0;0.0;2.0;1.0;1.0;B01
60931;201300040277;0;7;0;0.0;2.0;8.0;10.0;A01
60932;201300040278;0;7;0;0.0;2.0;1.0;1.0;B01
60933;201300040278;0;7;0;0.0;2.0;5.0;4.0;A01
60934;201300040279;0;10;0;0.0;2.0;3.0;15.0;A01
60935;201300040279;0;2;0;0.0;2.0;1.0;2.0;B01
60936;201300040280;0;34;0;0.0;0.0;0.0;1.0;A01
60937;201300040281;0;1;0;1.0;0.0;1.0;2.0;A01
60938;201300040281;0;7;0;0.0;0.0;8.0;24.0;B01
60939;201300040282;0;7;0;0.0;2.0;1.0;1.0;A01
60940;201300040282;0;7;0;0.0;2.0;4.0;1.0;B01
60941;201300040283;0;33;0;9.0;1.0;8.0;1.0;A01
60942;201300040284;0;30;0;0.0;2.0;8.0;9.0;B01
60943;201300040284;0;7;0;0.0;2.0;1.0;1.0;A01
60944;201300040285;0;7;0;8.0;2.0;1.0;1.0;A01
60945;201300040285;0;7;0;0.0;2.0;8.0;1.0;B01
60946;201300040286;0;30;0;0.0;0.0;4.0;2.0;A01
60947;201300040286;1;7;0;0.0;2.0;1.0;2.0;Z01
60948;201300040287;0;33;0;0.0;0.0;8.0;1.0;A01
60949;201300040289;0;7;0;0.0;1.0;7.0;1.0;A01
60950;201300040290;0;7;0;0.0;1.0;3.0;1.0;A01
60951;201300040291;0;7;0;0.0;2.0;4.0;2.0;B01
60952;201300040291;0;7;0;0.0;2.0;1.0;2.0;A01
60953;201300040292;0;7;0;0.0;0.0;4.0;2.0;B01
60954;201300040292;0;7;0;0.0;2.0;1.0;2.0;A01
60955;201300040293;0;7;0;6.0;0.0;9.0;1.0;A01
60956;201300040294;0;32;0;0.0;2.0;1.0;1.0;A01
60957;201300040294;0;7;0;0.0;2.0;2.0;1.0;B01
60958;201300040296;0;2;0;0.0;0.0;7.0;16.0;A01
60959;201300040297;0;2;0;0.0;1.0;1.0;1.0;A01
60960;201300040298;0;7;0;7.0;0.0;3.0;1.0;A01
60961;201300040299;0;7;0;0.0;2.0;1.0;1.0;A01
60962;201300040299;0;10;0;0.0;2.0;4.0;1.0;B01
60963;201300040300;0;32;0;0.0;2.0;1.0;1.0;A01
60964;201300040300;0;7;0;0.0;2.0;5.0;1.0;B01
60965;201300040301;0;32;0;0.0;2.0;1.0;1.0;B01
60966;201300040301;0;1;0;0.0;2.0;8.0;10.0;A01
60967;201300040303;0;31;0;1.0;0.0;7.0;1.0;A01
60968;201300040304;0;7;0;0.0;1.0;1.0;1.0;A01
60969;201300040305;0;31;0;12.0;0.0;7.0;1.0;A01
60970;201300040306;0;32;0;0.0;0.0;0.0;2.0;A01
60971;201300040307;0;1;0;0.0;2.0;1.0;0.0;B01
60972;201300040307;0;7;0;0.0;2.0;8.0;9.0;A01
60973;201300040308;0;7;0;8.0;0.0;1.0;1.0;A01
60974;201300040309;0;7;0;0.0;2.0;1.0;1.0;A01
60975;201300040309;0;33;0;11.0;2.0;1.0;17.0;B01
60976;201300040310;0;30;0;0.0;0.0;8.0;1.0;A01
60977;201300040311;0;7;0;0.0;2.0;8.0;10.0;A01
60978;201300040311;0;33;0;0.0;2.0;1.0;17.0;B01
60979;201300040312;0;33;0;0.0;2.0;0.0;17.0;A01
60980;201300040312;0;7;0;0.0;2.0;3.0;15.0;B01
60981;201300040313;0;7;0;0.0;1.0;1.0;1.0;A01
60982;201300040314;1;7;0;0.0;2.0;7.0;12.0;B01
60983;201300040314;0;30;0;0.0;2.0;8.0;1.0;A01
60984;201300040315;0;32;0;0.0;0.0;0.0;2.0;A01
60985;201300040316;0;31;0;0.0;2.0;7.0;1.0;B01
60986;201300040316;0;7;0;0.0;2.0;3.0;11.0;A01
60987;201300040317;0;7;0;15.0;0.0;1.0;1.0;A01
60988;201300040318;0;10;0;0.0;2.0;2.0;1.0;B01
60989;201300040318;0;7;0;0.0;2.0;6.0;15.0;A01
60990;201300040319;0;33;0;15.0;0.0;0.0;1.0;A01
60991;201300040320;0;30;0;0.0;1.0;0.0;19.0;A01
60992;201300040321;0;13;0;8.0;0.0;0.0;1.0;A01
60993;201300040322;0;31;0;0.0;2.0;1.0;1.0;A01
60994;201300040322;0;7;0;0.0;2.0;4.0;1.0;B01
60995;201300040323;0;31;0;0.0;2.0;7.0;1.0;A01
60996;201300040323;0;7;0;0.0;2.0;1.0;15.0;B01
60997;201300040324;0;7;0;0.0;2.0;3.0;11.0;A01
60998;201300040324;0;33;0;0.0;2.0;7.0;1.0;B01
60999;201300040325;0;30;0;0.0;2.0;1.0;16.0;B01
61000;201300040325;0;7;0;0.0;2.0;2.0;1.0;A01
61001;201300040326;0;32;0;12.0;0.0;1.0;1.0;A01
61002;201300040327;0;10;0;0.0;2.0;7.0;2.0;B01
61003;201300040327;0;33;0;0.0;2.0;8.0;18.0;A01
61004;201300040328;0;7;0;6.0;0.0;4.0;20.0;A01
61005;201300040329;0;32;0;0.0;0.0;0.0;17.0;A01
61006;201300040329;0;37;1;0.0;2.0;0.0;9.0;B01
61007;201300040330;0;33;0;0.0;2.0;1.0;2.0;A01
61008;201300040330;0;7;0;0.0;2.0;8.0;2.0;C01
61009;201300040330;0;33;0;0.0;2.0;4.0;2.0;B01
61010;201300040331;0;33;0;0.0;2.0;7.0;1.0;A01
61011;201300040331;0;7;0;0.0;2.0;3.0;9.0;B01
61012;201300040332;0;7;0;0.0;2.0;1.0;2.0;A01
61013;201300040332;0;7;0;0.0;2.0;4.0;23.0;B01
61014;201300040333;0;33;0;0.0;2.0;3.0;1.0;A01
61015;201300040333;0;7;0;0.0;2.0;5.0;1.0;B01
61016;201300040334;0;7;0;0.0;2.0;2.0;10.0;A01
61017;201300040334;0;33;0;0.0;2.0;3.0;2.0;B01
61018;201300040335;0;7;0;0.0;2.0;6.0;1.0;B01
61019;201300040335;0;33;0;0.0;2.0;7.0;1.0;A01
61020;201300040336;0;7;0;3.0;0.0;2.0;1.0;A01
61021;201300040337;0;30;0;0.0;2.0;7.0;23.0;B01
61022;201300040337;0;10;0;0.0;2.0;1.0;2.0;A01
61023;201300040338;0;30;0;0.0;2.0;4.0;2.0;B01
61024;201300040338;0;33;0;1.0;2.0;1.0;2.0;A01
61025;201300040339;0;30;0;14.0;0.0;7.0;2.0;A01
61026;201300040340;0;10;0;0.0;2.0;8.0;1.0;B01
61027;201300040340;0;7;0;0.0;2.0;1.0;1.0;A01
61028;201300040341;0;33;0;0.0;2.0;1.0;2.0;B01
61029;201300040341;0;15;0;0.0;2.0;6.0;11.0;A01
61030;201300040342;0;30;0;0.0;0.0;0.0;0.0;A01
61031;201300040344;0;33;0;0.0;2.0;1.0;1.0;B01
61032;201300040344;0;7;0;0.0;2.0;7.0;15.0;A01
61033;201300040345;0;32;0;0.0;0.0;7.0;0.0;A01
61034;201300040346;0;33;0;0.0;1.0;1.0;1.0;A01
61035;201300040347;0;7;0;0.0;1.0;1.0;1.0;A01
61036;201300040348;0;7;0;0.0;1.0;2.0;1.0;A01
61037;201300040349;0;34;0;0.0;0.0;8.0;1.0;A01
61038;201300040350;0;7;0;0.0;2.0;4.0;2.0;B01
61039;201300040350;0;7;0;0.0;2.0;1.0;2.0;A01
61040;201300040351;0;17;0;0.0;9.0;1.0;1.0;B01
61041;201300040351;0;1;0;0.0;2.0;1.0;1.0;A01
61042;201300040352;0;1;0;0.0;0.0;0.0;1.0;A01
61043;201300040353;0;7;0;0.0;1.0;1.0;15.0;A01
61044;201300040354;0;31;0;0.0;2.0;1.0;1.0;B01
61045;201300040354;0;13;0;0.0;2.0;3.0;10.0;A01
61046;201300040355;0;7;0;0.0;1.0;1.0;1.0;A01
61047;201300040356;0;30;0;0.0;2.0;1.0;1.0;A01
61048;201300040356;0;30;0;0.0;2.0;8.0;1.0;B01
61049;201300040357;0;13;0;0.0;2.0;1.0;15.0;A01
61050;201300040357;0;30;0;0.0;2.0;1.0;15.0;B01
61051;201300040358;0;31;0;0.0;2.0;4.0;2.0;A01
61052;201300040358;0;37;3;0.0;2.0;1.0;2.0;B01
61053;201300040359;0;7;0;0.0;1.0;2.0;1.0;A01
61054;201300040360;0;33;0;0.0;2.0;7.0;1.0;B01
61055;201300040360;0;7;0;0.0;2.0;3.0;1.0;A01
61056;201300040361;0;7;0;0.0;1.0;1.0;1.0;A01
61057;201300040362;0;7;0;0.0;2.0;8.0;10.0;A01
61058;201300040362;0;33;0;0.0;2.0;1.0;17.0;B01
61059;201300040363;0;10;0;0.0;2.0;3.0;15.0;B01
61060;201300040363;0;34;0;0.0;2.0;2.0;17.0;A01
61061;201300040364;0;32;0;0.0;0.0;7.0;1.0;A01
61062;201300040365;0;7;0;0.0;2.0;4.0;1.0;B01
61063;201300040365;0;10;0;0.0;2.0;1.0;1.0;C01
61064;201300040365;0;14;0;0.0;2.0;1.0;1.0;A01
61065;201300040366;0;7;0;0.0;2.0;4.0;2.0;C01
61066;201300040366;0;7;0;0.0;2.0;4.0;2.0;B01
61067;201300040366;0;7;0;0.0;2.0;4.0;2.0;D01
61068;201300040366;0;7;0;0.0;2.0;1.0;1.0;A01
61069;201300040367;0;7;0;0.0;6.0;1.0;1.0;A01
61070;201300040368;0;2;0;0.0;0.0;7.0;0.0;A01
61071;201300040369;0;33;0;0.0;0.0;8.0;1.0;A01
61072;201300040370;0;32;0;0.0;2.0;1.0;1.0;B01
61073;201300040370;0;7;0;0.0;2.0;1.0;9.0;A01
61074;201300040371;0;7;0;0.0;2.0;2.0;15.0;A01
61075;201300040371;0;7;0;0.0;2.0;1.0;2.0;B01
61076;201300040372;0;33;0;0.0;2.0;1.0;2.0;A01
61077;201300040372;0;33;0;0.0;2.0;4.0;2.0;B01
61078;201300040373;0;30;0;1.0;0.0;1.0;1.0;A01
61079;201300040374;0;33;0;0.0;0.0;3.0;2.0;A01
61080;201300040375;0;34;0;0.0;2.0;8.0;1.0;B01
61081;201300040375;0;7;0;0.0;2.0;2.0;14.0;A01
61082;201300040376;0;30;0;0.0;2.0;8.0;18.0;A01
61083;201300040376;0;7;0;0.0;2.0;2.0;14.0;B01
61084;201300040377;0;30;0;0.0;1.0;1.0;1.0;A01
61085;201300040378;0;30;0;0.0;2.0;1.0;2.0;A01
61086;201300040378;0;14;0;0.0;2.0;4.0;2.0;B01
61087;201300040379;0;32;0;0.0;2.0;1.0;2.0;A01
61088;201300040379;0;7;0;0.0;2.0;4.0;2.0;B01
61089;201300040380;0;30;0;0.0;2.0;1.0;17.0;A01
61090;201300040380;0;7;0;0.0;2.0;3.0;15.0;B01
61091;201300040382;0;33;0;0.0;2.0;1.0;17.0;B01
61092;201300040382;0;7;0;0.0;2.0;3.0;10.0;A01
61093;201300040383;0;31;0;0.0;2.0;1.0;1.0;B01
61094;201300040383;0;10;0;0.0;2.0;1.0;5.0;A01
61095;201300040384;0;7;0;0.0;2.0;3.0;10.0;A01
61096;201300040384;0;33;0;0.0;2.0;1.0;17.0;B01
61097;201300040385;0;32;0;0.0;0.0;0.0;1.0;A01
61098;201300040386;0;14;0;0.0;1.0;7.0;17.0;A01
61099;201300040387;0;10;0;0.0;2.0;8.0;23.0;A01
61100;201300040387;0;33;0;0.0;2.0;1.0;17.0;B01
61101;201300040388;0;7;0;0.0;2.0;0.0;2.0;C01
61102;201300040388;0;33;0;0.0;2.0;1.0;3.0;A01
61103;201300040388;0;7;0;0.0;2.0;6.0;1.0;B01
61104;201300040389;0;7;0;0.0;2.0;8.0;22.0;B01
61105;201300040389;0;30;0;0.0;2.0;7.0;17.0;A01
61106;201300040390;0;7;0;0.0;2.0;1.0;2.0;A01
61107;201300040390;0;7;0;0.0;2.0;1.0;2.0;B01
61108;201300040391;0;30;0;0.0;2.0;3.0;2.0;B01
61109;201300040391;0;7;0;0.0;2.0;2.0;16.0;A01
61110;201300040392;0;33;0;12.0;0.0;1.0;1.0;A01
61111;201300040393;0;30;0;0.0;2.0;1.0;1.0;A01
61112;201300040393;0;7;0;0.0;2.0;8.0;9.0;B01
61113;201300040394;0;37;1;0.0;1.0;2.0;1.0;A01
61114;201300040395;0;7;0;15.0;0.0;1.0;1.0;A01
61115;201300040396;0;7;0;0.0;1.0;2.0;17.0;A01
61116;201300040397;0;13;0;0.0;1.0;1.0;1.0;A01
61117;201300040398;0;7;0;0.0;2.0;1.0;2.0;A01
61118;201300040398;0;7;0;0.0;2.0;4.0;2.0;B01
61119;201300040398;0;7;0;0.0;2.0;4.0;2.0;C01
61120;201300040399;0;13;0;1.0;2.0;2.0;17.0;A01
61121;201300040399;0;17;0;0.0;2.0;6.0;23.0;B01
61122;201300040400;0;7;0;0.0;2.0;8.0;15.0;A01
61123;201300040400;0;33;0;0.0;2.0;1.0;2.0;B01
61124;201300040401;0;33;0;0.0;2.0;8.0;18.0;B01
61125;201300040401;0;33;0;0.0;2.0;7.0;17.0;A01
61126;201300040402;0;33;0;0.0;2.0;1.0;1.0;B01
61127;201300040402;0;7;0;0.0;2.0;3.0;10.0;A01
61128;201300040403;0;7;0;0.0;1.0;1.0;9.0;A01
61129;201300040404;0;14;0;0.0;2.0;4.0;2.0;C01
61130;201300040404;0;13;0;0.0;2.0;1.0;2.0;A01
61131;201300040404;0;7;0;0.0;2.0;4.0;2.0;B01
61132;201300040405;0;7;0;0.0;1.0;1.0;1.0;A01
61133;201300040406;0;13;0;0.0;2.0;0.0;1.0;A01
61134;201300040406;0;1;0;0.0;2.0;4.0;2.0;B01
61135;201300040407;0;30;0;0.0;0.0;7.0;1.0;A01
61136;201300040408;0;7;0;0.0;2.0;1.0;23.0;B01
61137;201300040408;2;7;0;0.0;2.0;1.0;0.0;A01
61138;201300040409;0;7;0;0.0;1.0;0.0;1.0;A01
61139;201300040410;0;7;0;0.0;2.0;8.0;10.0;A01
61140;201300040410;0;33;0;0.0;2.0;7.0;17.0;B01
61141;201300040411;0;1;0;0.0;0.0;8.0;1.0;A01
61142;201300040412;0;32;0;0.0;1.0;1.0;1.0;A01
61143;201300040413;0;13;0;0.0;2.0;1.0;9.0;B01
61144;201300040413;0;30;0;0.0;2.0;7.0;2.0;A01
61145;201300040414;0;30;0;0.0;0.0;7.0;2.0;A01
61146;201300040416;0;30;0;0.0;2.0;1.0;1.0;B01
61147;201300040416;0;7;0;0.0;2.0;6.0;10.0;A01
61148;201300040417;0;32;0;0.0;2.0;1.0;1.0;A01
61149;201300040417;0;7;0;0.0;2.0;8.0;9.0;B01
61150;201300040418;0;30;0;0.0;2.0;1.0;17.0;A01
61151;201300040418;0;7;0;0.0;2.0;3.0;15.0;B01
61152;201300040419;0;33;0;0.0;1.0;1.0;1.0;A01
61153;201300040420;0;30;0;0.0;0.0;8.0;1.0;A01
61154;201300040421;0;10;0;0.0;2.0;1.0;2.0;A01
61155;201300040421;0;7;0;0.0;2.0;4.0;2.0;B01
61156;201300040423;0;7;0;0.0;2.0;1.0;2.0;A01
61157;201300040423;0;7;0;0.0;2.0;4.0;2.0;B01
61158;201300040424;0;7;0;4.0;0.0;1.0;1.0;A01
61159;201300040425;0;32;0;4.0;0.0;1.0;1.0;A01
61160;201300040426;0;7;0;0.0;2.0;4.0;23.0;B01
61161;201300040426;0;7;0;0.0;2.0;1.0;1.0;A01
61162;201300040427;0;7;0;0.0;2.0;3.0;15.0;A01
61163;201300040427;0;33;0;0.0;2.0;1.0;17.0;B01
61164;201300040429;0;33;0;0.0;2.0;1.0;1.0;B01
61165;201300040429;0;10;0;0.0;2.0;7.0;1.0;A01
61166;201300040430;0;7;0;0.0;2.0;1.0;1.0;A01
61167;201300040430;0;33;0;0.0;2.0;4.0;23.0;B01
61168;201300040431;0;31;0;0.0;1.0;1.0;1.0;A01
61169;201300040432;0;7;0;0.0;1.0;1.0;16.0;A01
61170;201300040434;0;7;0;0.0;1.0;7.0;1.0;A01
61171;201300040435;0;1;0;0.0;2.0;1.0;1.0;B01
61172;201300040435;0;7;0;0.0;2.0;7.0;15.0;A01
61173;201300040436;0;7;0;0.0;2.0;3.0;15.0;A01
61174;201300040436;0;32;0;0.0;2.0;1.0;1.0;B01
61175;201300040437;0;30;0;0.0;0.0;8.0;1.0;A01
61176;201300040438;0;7;0;0.0;2.0;2.0;15.0;A01
61177;201300040438;0;7;0;0.0;2.0;1.0;1.0;B01
61178;201300040440;0;7;0;0.0;2.0;3.0;11.0;A01
61179;201300040440;0;7;0;0.0;2.0;5.0;23.0;B01
61180;201300040441;0;34;0;0.0;0.0;0.0;1.0;A01
61181;201300040442;0;37;1;0.0;1.0;3.0;1.0;A01
61182;201300040443;0;33;0;0.0;2.0;1.0;1.0;A01
61183;201300040443;0;7;0;0.0;2.0;4.0;23.0;B01
61184;201300040444;0;30;0;0.0;2.0;1.0;1.0;A01
61185;201300040444;0;7;0;0.0;2.0;3.0;1.0;B01
61186;201300040445;0;10;0;0.0;2.0;4.0;1.0;B01
61187;201300040445;0;7;0;8.0;2.0;1.0;1.0;A01
61188;201300040446;0;1;0;12.0;0.0;1.0;1.0;A01
61189;201300040447;0;7;0;0.0;1.0;1.0;15.0;A01
61190;201300040448;0;7;0;0.0;2.0;4.0;1.0;B01
61191;201300040448;0;34;0;0.0;2.0;1.0;1.0;A01
61192;201300040450;0;7;0;0.0;2.0;8.0;15.0;A01
61193;201300040450;0;30;0;0.0;2.0;1.0;17.0;B01
61194;201300040451;0;30;0;12.0;0.0;7.0;14.0;A01
61195;201300040452;0;7;0;0.0;2.0;0.0;9.0;B01
61196;201300040452;0;30;0;0.0;0.0;0.0;1.0;A01
61197;201300040453;0;7;0;0.0;1.0;1.0;1.0;A01
61198;201300040454;0;32;0;3.0;0.0;1.0;1.0;A01
61199;201300040455;0;10;0;0.0;1.0;4.0;4.0;A01
61200;201300040456;0;10;0;0.0;1.0;3.0;1.0;A01
61201;201300040457;0;7;0;0.0;2.0;4.0;23.0;B01
61202;201300040457;0;7;0;2.0;2.0;1.0;1.0;A01
61203;201300040458;0;30;0;0.0;2.0;1.0;18.0;A01
61204;201300040458;0;7;0;0.0;2.0;7.0;14.0;B01
61205;201300040459;0;2;0;0.0;0.0;0.0;1.0;A01
61206;201300040460;0;1;0;0.0;2.0;6.0;1.0;B01
61207;201300040460;0;7;0;0.0;2.0;7.0;12.0;A01
61208;201300040462;0;7;0;0.0;1.0;1.0;1.0;A01
61209;201300040463;0;7;0;0.0;2.0;4.0;1.0;B01
61210;201300040463;0;7;0;0.0;2.0;1.0;14.0;A01
61211;201300040464;0;32;0;0.0;0.0;0.0;1.0;A01
61212;201300040465;0;34;0;0.0;2.0;4.0;15.0;B01
61213;201300040465;0;7;0;0.0;2.0;1.0;1.0;A01
61214;201300040466;0;7;0;0.0;1.0;1.0;1.0;A01
61215;201300040467;0;1;0;0.0;0.0;0.0;1.0;A01
61216;201300040468;0;7;0;0.0;2.0;4.0;23.0;B01
61217;201300040468;0;10;0;0.0;2.0;1.0;1.0;A01
61218;201300040469;0;7;0;0.0;2.0;8.0;10.0;A01
61219;201300040469;0;30;0;0.0;2.0;1.0;1.0;B01
61220;201300040470;0;7;0;0.0;2.0;1.0;1.0;B01
61221;201300040470;0;7;0;0.0;2.0;5.0;4.0;A01
61222;201300040471;0;33;0;10.0;0.0;1.0;1.0;A01
61223;201300040472;0;7;0;1.0;0.0;2.0;1.0;A01
61224;201300040473;0;14;0;0.0;2.0;1.0;1.0;A01
61225;201300040473;0;7;0;0.0;2.0;4.0;23.0;C01
61226;201300040473;0;7;0;0.0;2.0;4.0;23.0;B01
61227;201300040474;0;14;0;0.0;1.0;1.0;1.0;A01
61228;201300040475;0;7;0;0.0;1.0;8.0;1.0;A01
61229;201300040476;0;7;0;0.0;1.0;1.0;1.0;A01
61230;201300040478;0;33;0;0.0;0.0;0.0;17.0;B01
61231;201300040478;0;7;0;0.0;0.0;0.0;15.0;A01
61232;201300040479;0;33;0;0.0;0.0;0.0;13.0;A01
61233;201300040480;0;33;0;0.0;2.0;2.0;2.0;A01
61234;201300040480;0;7;0;0.0;2.0;3.0;13.0;B01
61235;201300040481;0;7;0;0.0;2.0;2.0;1.0;A01
61236;201300040481;0;30;0;0.0;2.0;8.0;1.0;B01
61237;201300040482;0;2;0;0.0;0.0;0.0;17.0;A01
61238;201300040483;0;30;0;0.0;2.0;1.0;1.0;B01
61239;201300040483;0;7;0;0.0;0.0;8.0;9.0;A01
61240;201300040484;0;7;0;0.0;1.0;1.0;1.0;A01
61241;201300040485;0;7;0;0.0;2.0;5.0;12.0;B01
61242;201300040485;0;33;0;0.0;2.0;1.0;3.0;A01
61243;201300040486;0;7;0;0.0;2.0;3.0;16.0;A01
61244;201300040486;0;1;0;0.0;2.0;1.0;1.0;B01
61245;201300040489;0;7;0;0.0;2.0;3.0;15.0;A01
61246;201300040489;0;31;0;0.0;2.0;1.0;17.0;B01
61247;201300040490;0;37;1;0.0;2.0;1.0;1.0;A01
61248;201300040490;0;7;0;0.0;2.0;4.0;1.0;B01
61249;201300040491;0;32;0;0.0;2.0;1.0;0.0;B01
61250;201300040491;0;7;0;0.0;2.0;4.0;20.0;A01
61251;201300040492;0;7;0;0.0;1.0;7.0;1.0;A01
61252;201300040493;0;1;0;0.0;2.0;1.0;1.0;B01
61253;201300040493;0;33;0;0.0;2.0;1.0;15.0;A01
61254;201300040494;0;2;0;0.0;0.0;1.0;1.0;A01
61255;201300040495;0;33;0;0.0;2.0;1.0;17.0;B01
61256;201300040495;0;7;0;0.0;2.0;3.0;15.0;A01
61257;201300040497;0;7;0;0.0;2.0;4.0;23.0;B01
61258;201300040497;0;7;0;0.0;2.0;1.0;1.0;A01
61259;201300040498;0;32;0;0.0;1.0;1.0;1.0;A01
61260;201300040499;0;7;0;0.0;1.0;1.0;2.0;A01
61261;201300040500;0;7;0;0.0;2.0;3.0;15.0;A01
61262;201300040500;0;33;0;0.0;2.0;1.0;1.0;B01
61263;201300040501;0;32;0;0.0;1.0;1.0;2.0;A01
61264;201300040502;0;31;0;0.0;2.0;4.0;2.0;B01
61265;201300040502;0;10;0;0.0;2.0;1.0;2.0;A01
61266;201300040503;0;33;0;0.0;0.0;0.0;2.0;A01
61267;201300040504;0;2;0;0.0;2.0;2.0;16.0;B01
61268;201300040504;0;7;0;0.0;2.0;8.0;1.0;A01
61269;201300040505;0;2;0;0.0;0.0;0.0;2.0;A01
61270;201300040506;0;7;0;0.0;2.0;4.0;23.0;A01
61271;201300040506;0;7;0;0.0;2.0;1.0;2.0;C01
61272;201300040506;0;7;0;0.0;2.0;4.0;23.0;B01
61273;201300040507;0;7;0;0.0;1.0;1.0;2.0;A01
61274;201300040508;0;30;0;0.0;2.0;1.0;5.0;A01
61275;201300040508;0;7;0;0.0;2.0;7.0;16.0;B01
61276;201300040509;0;32;0;0.0;2.0;3.0;2.0;A01
61277;201300040509;0;7;0;0.0;2.0;2.0;14.0;B01
61278;201300040510;0;10;0;0.0;1.0;3.0;16.0;A01
61279;201300040511;0;7;0;1.0;0.0;1.0;5.0;A01
61280;201300040512;0;7;0;0.0;2.0;4.0;23.0;A01
61281;201300040512;0;14;0;0.0;2.0;1.0;2.0;B01