;Num_Acc;senc;catv;occutc;obs;obsm;choc;manv;num_veh
62546;201300041374;0;33;0;0.0;2.0;8.0;0.0;B01
62547;201300041376;0;7;0;0.0;2.0;7.0;16.0;B01
62548;201300041376;0;7;0;0.0;2.0;1.0;9.0;A01
62549;201300041377;0;7;0;0.0;2.0;3.0;11.0;A01
62550;201300041377;0;31;0;0.0;2.0;7.0;1.0;B01
62551;201300041378;0;10;0;0.0;2.0;8.0;2.0;A01
62552;201300041378;0;2;0;0.0;2.0;1.0;11.0;B01
62553;201300041379;0;7;0;0.0;1.0;1.0;1.0;A01
62554;201300041380;0;34;0;0.0;2.0;8.0;2.0;A01
62555;201300041380;2;7;0;0.0;0.0;0.0;2.0;Z01
62556;201300041381;0;7;0;0.0;1.0;3.0;1.0;A01
62557;201300041382;0;7;0;0.0;2.0;2.0;5.0;A01
62558;201300041382;0;33;0;0.0;2.0;1.0;9.0;B01
62559;201300041383;0;31;0;9.0;0.0;0.0;0.0;A01
62560;201300041384;0;33;0;0.0;2.0;1.0;0.0;A01
62561;201300041384;0;10;0;0.0;2.0;7.0;0.0;B01
62562;201300041386;0;1;0;0.0;0.0;7.0;1.0;A01
62563;201300041386;0;7;0;0.0;2.0;1.0;1.0;B01
62564;201300041387;1;7;0;0.0;2.0;2.0;16.0;A01
62565;201300041387;0;2;0;0.0;2.0;1.0;15.0;B01
62566;201300041388;1;7;0;0.0;1.0;3.0;2.0;A01
62567;201300041389;0;7;0;0.0;2.0;2.0;6.0;A01
62568;201300041389;0;30;0;0.0;2.0;1.0;1.0;B01
62569;201300041390;0;33;0;0.0;1.0;1.0;2.0;A01
62570;201300041391;0;33;0;12.0;0.0;8.0;13.0;A01
62571;201300041392;1;7;0;0.0;1.0;3.0;1.0;A01
62572;201300041393;0;3;0;0.0;2.0;1.0;1.0;A01
62573;201300041393;0;7;0;0.0;2.0;3.0;16.0;B01
62574;201300041394;0;7;0;0.0;1.0;1.0;1.0;A01
62575;201300041395;0;3;0;0.0;1.0;2.0;1.0;A01
62576;201300041396;0;7;0;0.0;1.0;0.0;2.0;A01
62577;201300041397;1;7;0;0.0;1.0;1.0;0.0;A01
62578;201300041398;0;7;0;0.0;1.0;3.0;0.0;A01
62579;201300041399;0;3;0;0.0;0.0;0.0;1.0;A01
62580;201300041399;0;7;0;0.0;2.0;8.0;0.0;B01
62581;201300041400;0;7;0;0.0;0.0;7.0;9.0;A01
62582;201300041400;0;33;0;0.0;2.0;1.0;2.0;B01
62583;201300041401;0;7;0;0.0;1.0;6.0;4.0;A01
62584;201300041402;0;7;0;0.0;0.0;1.0;2.0;A01
62585;201300041402;0;7;0;0.0;0.0;4.0;2.0;B01
62586;201300041403;0;7;0;0.0;1.0;1.0;0.0;A01
62587;201300041404;0;7;0;0.0;1.0;2.0;2.0;A01
62588;201300041405;0;10;0;0.0;1.0;4.0;4.0;A01
62589;201300041406;0;7;0;0.0;0.0;1.0;2.0;A01
62590;201300041406;0;7;0;0.0;0.0;4.0;2.0;B01
62591;201300041407;0;7;0;0.0;1.0;2.0;1.0;A01
62592;201300041408;0;7;0;0.0;2.0;3.0;5.0;A01
62593;201300041408;0;7;0;0.0;2.0;8.0;1.0;B01
62594;201300041409;0;7;0;0.0;1.0;1.0;1.0;A01
62595;201300041410;0;7;0;0.0;2.0;1.0;1.0;A01
62596;201300041410;0;10;0;0.0;2.0;1.0;1.0;B01
62597;201300041411;0;7;0;12.0;0.0;1.0;2.0;A01
62598;201300041412;0;7;0;0.0;2.0;3.0;15.0;A01
62599;201300041412;0;30;0;0.0;2.0;1.0;1.0;B01
62600;201300041413;0;7;0;0.0;2.0;1.0;1.0;A01
62601;201300041413;0;7;0;0.0;2.0;1.0;9.0;B01
62602;201300041414;0;7;0;0.0;2.0;1.0;1.0;B01
62603;201300041414;0;7;0;1.0;2.0;3.0;1.0;A01
62604;201300041415;0;7;0;0.0;1.0;1.0;1.0;A01
62605;201300041416;0;7;0;0.0;1.0;1.0;0.0;A01
62606;201300041417;0;7;0;0.0;1.0;8.0;0.0;A01
62607;201300041418;0;34;0;0.0;2.0;8.0;0.0;A01
62608;201300041418;0;10;0;0.0;0.0;8.0;0.0;B01
62609;201300041419;1;7;0;0.0;1.0;2.0;1.0;A01
62610;201300041420;0;7;0;6.0;0.0;1.0;1.0;A01
62611;201300041422;0;7;0;0.0;2.0;1.0;2.0;A01
62612;201300041422;0;3;0;0.0;0.0;4.0;9.0;B01
62613;201300041423;0;7;0;1.0;2.0;2.0;1.0;A01
62614;201300041423;0;7;0;1.0;2.0;3.0;1.0;B01
62615;201300041424;0;7;0;0.0;1.0;2.0;2.0;A01
62616;201300041425;0;7;0;0.0;1.0;2.0;15.0;A01
62617;201300041426;0;13;0;0.0;1.0;7.0;1.0;A01
62618;201300041427;0;7;0;0.0;2.0;3.0;5.0;A01
62619;201300041427;0;7;0;0.0;2.0;3.0;1.0;B01
62620;201300041428;0;7;0;0.0;2.0;5.0;1.0;A01
62621;201300041428;0;30;0;0.0;2.0;1.0;2.0;B01
62622;201300041429;0;31;0;0.0;2.0;1.0;17.0;A01
62623;201300041429;0;7;0;0.0;2.0;2.0;15.0;B01
62624;201300041430;0;7;0;0.0;2.0;4.0;2.0;A01
62625;201300041430;0;7;0;0.0;2.0;4.0;2.0;B01
62626;201300041430;0;7;0;0.0;2.0;1.0;2.0;C01
62627;201300041431;0;7;0;0.0;1.0;6.0;4.0;A01
62628;201300041433;0;7;0;0.0;2.0;1.0;10.0;A01
62629;201300041433;0;33;0;0.0;2.0;1.0;1.0;B01
62630;201300041434;0;7;0;0.0;1.0;2.0;0.0;A01
62631;201300041435;0;15;0;0.0;1.0;6.0;1.0;A01
62632;201300041436;0;10;0;0.0;2.0;6.0;1.0;A01
62633;201300041436;0;34;0;0.0;2.0;1.0;1.0;B01
62634;201300041437;0;7;0;0.0;2.0;3.0;0.0;A01
62635;201300041437;0;2;0;0.0;2.0;1.0;1.0;B01
62636;201300041438;0;3;0;12.0;0.0;9.0;6.0;A01
62637;201300041439;0;7;0;15.0;0.0;1.0;15.0;A01
62638;201300041440;0;7;0;0.0;0.0;1.0;1.0;A01
62639;201300041440;0;33;0;0.0;0.0;4.0;1.0;B01
62640;201300041441;0;7;0;0.0;1.0;2.0;17.0;A01
62641;201300041442;0;1;0;0.0;2.0;2.0;19.0;A01
62642;201300041442;0;7;0;0.0;2.0;3.0;16.0;B01
62643;201300041443;0;10;0;0.0;1.0;6.0;4.0;A01
62644;201300041444;0;7;0;0.0;1.0;2.0;1.0;A01
62645;201300041445;0;7;0;0.0;2.0;2.0;1.0;A01
62646;201300041445;0;10;0;0.0;0.0;6.0;23.0;B01
62647;201300041446;0;7;0;;2.0;1.0;18.0;A01
62648;201300041446;0;1;0;0.0;2.0;1.0;1.0;B01
62649;201300041447;0;7;0;6.0;2.0;2.0;0.0;A01
62650;201300041447;1;7;0;0.0;2.0;1.0;5.0;Z01
62651;201300041448;0;7;0;0.0;2.0;3.0;1.0;B01
62652;201300041448;0;10;0;0.0;2.0;2.0;15.0;A01
62653;201300041449;0;7;0;0.0;0.0;4.0;2.0;B01
62654;201300041449;0;7;0;0.0;0.0;1.0;2.0;A01
62655;201300041450;0;7;0;0.0;1.0;4.0;0.0;A01
62656;201300041451;0;34;0;0.0;2.0;1.0;0.0;B01
62657;201300041451;2;30;0;0.0;2.0;2.0;0.0;A01
62658;201300041452;0;30;0;0.0;2.0;2.0;0.0;A01
62659;201300041452;0;7;0;0.0;0.0;0.0;0.0;B01
62660;201300041453;0;7;0;15.0;0.0;2.0;0.0;A01
62661;201300041454;0;7;0;14.0;0.0;0.0;0.0;A01
62662;201300041456;0;10;0;0.0;2.0;3.0;15.0;A01
62663;201300041456;0;33;0;0.0;2.0;1.0;1.0;B01
62664;201300041457;0;7;0;0.0;0.0;2.0;15.0;A01
62665;201300041457;0;7;0;0.0;0.0;1.0;2.0;B01
62666;201300041458;0;13;0;0.0;2.0;4.0;4.0;A01
62667;201300041458;0;7;0;0.0;2.0;1.0;23.0;B01
62668;201300041459;0;7;0;1.0;0.0;1.0;2.0;A01
62669;201300041460;0;7;0;0.0;2.0;5.0;15.0;A01
62670;201300041460;0;2;0;0.0;2.0;1.0;1.0;B01
62671;201300041461;0;7;0;9.0;0.0;2.0;2.0;A01
62672;201300041462;0;7;0;0.0;1.0;1.0;1.0;A01
62673;201300041463;0;2;0;0.0;1.0;1.0;1.0;A01
62674;201300041464;0;7;0;0.0;1.0;3.0;2.0;A01
62675;201300041465;0;34;0;0.0;2.0;0.0;0.0;B01
62676;201300041465;0;10;0;0.0;9.0;0.0;0.0;A01
62677;201300041466;0;7;0;0.0;1.0;2.0;16.0;A01
62678;201300041467;0;7;0;6.0;0.0;2.0;16.0;A01
62679;201300041467;0;7;0;0.0;2.0;0.0;24.0;C01
62680;201300041470;0;7;0;0.0;1.0;3.0;1.0;A01
62681;201300041471;0;3;0;2.0;0.0;1.0;2.0;A01
62682;201300041472;1;7;0;0.0;1.0;1.0;1.0;A01
62683;201300041473;0;7;0;0.0;2.0;1.0;1.0;A01
62684;201300041473;0;7;0;0.0;0.0;4.0;1.0;B01
62685;201300041474;0;7;0;0.0;2.0;2.0;15.0;A01
62686;201300041474;0;33;0;8.0;2.0;1.0;1.0;B01
62687;201300041475;0;30;0;0.0;2.0;7.0;17.0;A01
62688;201300041475;0;7;0;0.0;2.0;6.0;15.0;B01
62689;201300041477;0;7;0;0.0;1.0;3.0;2.0;A01
62690;201300041478;0;7;0;0.0;1.0;0.0;0.0;A01
62691;201300041479;0;7;0;0.0;9.0;3.0;16.0;A01
62692;201300041479;0;1;0;0.0;2.0;3.0;19.0;B01
62693;201300041480;0;7;0;0.0;1.0;1.0;15.0;A01
62694;201300041481;0;7;0;0.0;2.0;2.0;21.0;A01
62695;201300041481;0;7;0;0.0;2.0;2.0;15.0;B01
62696;201300041482;0;7;0;0.0;0.0;5.0;2.0;A01
62697;201300041482;2;7;0;0.0;1.0;1.0;10.0;B01
62698;201300041483;0;34;0;0.0;2.0;1.0;5.0;A01
62699;201300041483;0;34;0;0.0;2.0;1.0;1.0;B01
62700;201300041484;0;7;0;0.0;2.0;2.0;16.0;A01
62701;201300041484;0;99;0;0.0;2.0;1.0;1.0;B01
62702;201300041486;0;7;0;0.0;1.0;1.0;0.0;A01
62703;201300041487;0;10;0;1.0;1.0;2.0;21.0;A01
62704;201300041489;0;7;0;0.0;2.0;3.0;9.0;A01
62705;201300041489;0;30;0;0.0;2.0;3.0;1.0;B01
62706;201300041490;0;7;0;6.0;0.0;2.0;0.0;A01
62707;201300041491;0;7;0;3.0;0.0;2.0;15.0;A01
62708;201300041491;0;7;0;0.0;0.0;1.0;2.0;B01
62709;201300041492;0;7;0;0.0;0.0;2.0;0.0;A01
62710;201300041492;0;1;0;0.0;0.0;0.0;0.0;B01
62711;201300041493;0;7;0;0.0;2.0;3.0;20.0;A01
62712;201300041493;0;30;0;0.0;2.0;7.0;1.0;B01
62713;201300041494;1;7;0;0.0;1.0;1.0;5.0;Z01
62714;201300041495;0;32;0;0.0;2.0;6.0;2.0;A01
62715;201300041495;0;7;0;0.0;2.0;4.0;13.0;B01
62716;201300041496;1;7;0;0.0;1.0;0.0;0.0;Z01
62717;201300041497;0;7;0;1.0;1.0;1.0;1.0;A01
62718;201300041498;1;7;0;0.0;1.0;4.0;0.0;Z01
62719;201300041499;0;7;0;0.0;1.0;3.0;1.0;A01
62720;201300041500;1;7;0;0.0;1.0;0.0;0.0;A01
62721;201300041501;0;7;0;0.0;1.0;3.0;1.0;A01
62722;201300041502;0;7;0;0.0;1.0;3.0;1.0;A01
62723;201300041503;0;7;0;0.0;2.0;1.0;0.0;A01
62724;201300041503;0;7;0;0.0;2.0;3.0;1.0;B01
62725;201300041504;0;7;0;15.0;2.0;7.0;17.0;A01
62726;201300041504;0;7;0;0.0;2.0;3.0;15.0;B01
62727;201300041505;0;7;0;14.0;0.0;1.0;2.0;A01
62728;201300041506;0;7;0;0.0;1.0;1.0;1.0;A01
62729;201300041507;0;7;0;0.0;1.0;1.0;1.0;A01
62730;201300041508;0;10;0;0.0;2.0;8.0;0.0;A01
62731;201300041508;0;3;0;0.0;2.0;1.0;0.0;B01
62732;201300041509;0;7;0;0.0;2.0;3.0;15.0;A01
62733;201300041509;0;34;0;0.0;2.0;1.0;17.0;B01
62734;201300041510;0;33;0;0.0;2.0;1.0;2.0;B01
62735;201300041510;0;7;0;0.0;2.0;2.0;9.0;A01
62736;201300041511;0;7;0;0.0;2.0;0.0;0.0;A01
62737;201300041511;0;7;0;0.0;2.0;0.0;0.0;B01
62738;201300041512;0;33;0;1.0;0.0;1.0;0.0;A01
62739;201300041513;0;7;0;0.0;1.0;1.0;1.0;A01
62740;201300041514;0;10;0;0.0;1.0;1.0;16.0;A01
62741;201300041515;0;7;0;0.0;2.0;1.0;2.0;A01
62742;201300041515;0;7;0;0.0;0.0;4.0;23.0;B01
62743;201300041516;0;33;0;0.0;1.0;1.0;3.0;A01
62744;201300041517;0;7;0;0.0;2.0;1.0;0.0;A01
62745;201300041517;0;7;0;2.0;0.0;6.0;1.0;B01
62746;201300041518;0;7;0;0.0;2.0;3.0;2.0;A01
62747;201300041518;1;7;0;0.0;2.0;1.0;2.0;Z01
62748;201300041519;0;7;0;0.0;0.0;1.0;14.0;A01
62749;201300041520;0;7;0;0.0;2.0;1.0;15.0;A01
62750;201300041520;0;7;0;0.0;2.0;3.0;1.0;B01
62751;201300041521;0;2;0;0.0;0.0;0.0;0.0;A01
62752;201300041522;0;7;0;0.0;2.0;2.0;0.0;A01
62753;201300041522;0;7;0;0.0;2.0;1.0;1.0;B01
62754;201300041523;0;7;0;0.0;0.0;0.0;0.0;A01
62755;201300041524;0;7;0;0.0;2.0;2.0;1.0;A01
62756;201300041524;0;7;0;0.0;2.0;3.0;15.0;B01
62757;201300041525;0;7;0;0.0;2.0;7.0;0.0;A01
62758;201300041525;0;7;0;0.0;2.0;0.0;0.0;B01
62759;201300041526;0;7;0;0.0;1.0;1.0;1.0;A01
62760;201300041527;0;33;0;0.0;0.0;1.0;0.0;A01
62761;201300041527;0;7;0;0.0;0.0;3.0;0.0;B01
62762;201300041528;0;32;0;0.0;2.0;1.0;17.0;A01
62763;201300041528;0;7;0;0.0;2.0;3.0;6.0;B01
62764;201300041529;0;10;0;0.0;2.0;6.0;10.0;A01
62765;201300041529;0;33;0;0.0;2.0;1.0;15.0;B01
62766;201300041530;0;7;0;0.0;2.0;2.0;1.0;A01
62767;201300041530;1;2;0;0.0;2.0;1.0;1.0;Z01
62768;201300041531;2;10;0;0.0;1.0;5.0;4.0;A01
62769;201300041532;0;7;0;0.0;0.0;4.0;0.0;A01
62770;201300041532;0;7;0;0.0;2.0;1.0;0.0;B01
62771;201300041533;0;7;0;0.0;2.0;1.0;1.0;A01
62772;201300041533;0;7;0;0.0;2.0;7.0;1.0;B01
62773;201300041533;0;7;0;0.0;2.0;1.0;1.0;C01
62774;201300041534;0;7;0;0.0;2.0;1.0;1.0;A01
62775;201300041534;0;7;0;0.0;2.0;1.0;1.0;B01
62776;201300041535;0;1;0;0.0;0.0;1.0;1.0;B01
62777;201300041535;0;7;0;0.0;0.0;3.0;1.0;A01
62778;201300041536;0;7;0;0.0;2.0;5.0;11.0;A01
62779;201300041536;0;33;0;0.0;2.0;1.0;1.0;B01
62780;201300041537;1;7;0;0.0;1.0;2.0;0.0;Z01
62781;201300041538;0;7;0;0.0;9.0;2.0;1.0;A01
62782;201300041538;0;1;0;0.0;2.0;0.0;1.0;B01
62783;201300041540;0;7;0;0.0;2.0;8.0;2.0;A01
62784;201300041540;0;30;0;0.0;2.0;8.0;2.0;B01
62785;201300041541;0;10;0;0.0;2.0;1.0;2.0;A01
62786;201300041541;0;10;0;0.0;2.0;4.0;2.0;B01
62787;201300041542;0;7;0;0.0;2.0;1.0;2.0;A01
62788;201300041542;0;7;0;0.0;0.0;4.0;2.0;B01
62789;201300041543;0;30;0;0.0;2.0;8.0;1.0;A01
62790;201300041543;1;7;0;0.0;2.0;0.0;1.0;Z01
62791;201300041544;0;37;1;0.0;1.0;2.0;16.0;A01
62792;201300041546;0;7;0;0.0;2.0;1.0;1.0;A01
62793;201300041546;0;7;0;0.0;2.0;3.0;1.0;B01
62794;201300041547;0;33;0;0.0;9.0;1.0;2.0;A01
62795;201300041548;0;7;0;0.0;2.0;1.0;5.0;A01
62796;201300041548;0;7;0;0.0;2.0;1.0;1.0;B01
62797;201300041549;0;7;0;0.0;1.0;1.0;0.0;A01
62798;201300041550;0;2;0;0.0;2.0;1.0;13.0;B01
62799;201300041550;0;7;0;0.0;2.0;3.0;15.0;A01
62800;201300041551;2;7;0;0.0;2.0;1.0;9.0;A01
62801;201300041551;0;7;0;0.0;2.0;2.0;2.0;B01
62802;201300041551;0;7;0;0.0;2.0;2.0;10.0;C01
62803;201300041553;0;33;0;0.0;2.0;1.0;2.0;A01
62804;201300041553;0;7;0;0.0;2.0;3.0;11.0;B01
62805;201300041553;0;3;0;0.0;2.0;3.0;2.0;C01
62806;201300041554;0;33;0;0.0;2.0;2.0;0.0;A01
62807;201300041554;0;7;0;0.0;0.0;8.0;15.0;B01
62808;201300041555;2;33;0;0.0;2.0;1.0;1.0;A01
62809;201300041555;0;7;0;0.0;2.0;3.0;11.0;B01
62810;201300041556;0;7;0;0.0;2.0;3.0;1.0;A01
62811;201300041556;0;7;0;0.0;2.0;1.0;1.0;B01
62812;201300041556;1;7;0;0.0;2.0;0.0;1.0;Z01
62813;201300041557;0;32;0;0.0;1.0;2.0;17.0;A01
62814;201300041558;0;10;0;0.0;1.0;1.0;1.0;A01
62815;201300041559;0;7;0;0.0;1.0;2.0;0.0;A01
62816;201300041560;0;7;0;0.0;1.0;2.0;1.0;A01
62817;201300041562;0;2;0;0.0;2.0;0.0;3.0;A01
62818;201300041562;0;7;0;0.0;2.0;2.0;15.0;B01
62819;201300041563;0;7;0;0.0;2.0;3.0;13.0;A01
62820;201300041563;0;7;0;0.0;2.0;3.0;1.0;B01
62821;201300041564;0;7;0;0.0;2.0;1.0;15.0;A01
62822;201300041564;0;7;0;0.0;2.0;1.0;2.0;B01
62823;201300041565;0;30;0;0.0;2.0;1.0;1.0;A01
62824;201300041565;0;7;0;0.0;2.0;5.0;1.0;B01
62825;201300041566;0;30;0;0.0;2.0;8.0;1.0;A01
62826;201300041566;1;34;0;0.0;2.0;1.0;15.0;Z01
62827;201300041567;0;7;0;2.0;0.0;1.0;0.0;A01
62828;201300041568;1;30;0;0.0;1.0;1.0;3.0;Z01
62829;201300041569;0;33;0;0.0;2.0;2.0;1.0;B01
62830;201300041569;0;7;0;0.0;2.0;1.0;15.0;A01
62831;201300041570;0;7;0;0.0;2.0;1.0;1.0;A01
62832;201300041570;0;7;0;0.0;2.0;4.0;1.0;B01
62833;201300041571;0;7;0;0.0;2.0;1.0;1.0;A01
62834;201300041571;0;7;0;0.0;2.0;3.0;15.0;B01
62835;201300041572;0;7;0;0.0;2.0;2.0;1.0;B01
62836;201300041572;0;7;0;1.0;2.0;5.0;1.0;A01
62837;201300041573;0;7;0;0.0;1.0;2.0;0.0;A01
62838;201300041574;0;7;0;9.0;0.0;2.0;0.0;A01
62839;201300041576;0;7;0;0.0;2.0;1.0;1.0;A01
62840;201300041576;0;7;0;0.0;2.0;1.0;23.0;C01
62841;201300041576;0;7;0;9.0;2.0;8.0;1.0;B01
62842;201300041577;0;7;0;0.0;1.0;8.0;1.0;A01
62843;201300041578;0;7;0;0.0;0.0;2.0;9.0;A01
62844;201300041578;0;30;0;0.0;0.0;1.0;1.0;B01
62845;201300041579;0;7;0;0.0;0.0;2.0;0.0;A01
62846;201300041579;0;3;0;8.0;2.0;3.0;0.0;B01
62847;201300041580;0;7;0;0.0;2.0;6.0;11.0;A01
62848;201300041580;0;34;0;0.0;2.0;2.0;1.0;B01
62849;201300041581;0;7;0;0.0;2.0;3.0;11.0;A01
62850;201300041581;0;2;0;0.0;2.0;1.0;1.0;B01
62851;201300041582;0;2;0;0.0;2.0;1.0;1.0;A01
62852;201300041582;0;7;0;0.0;2.0;1.0;1.0;B01
62853;201300041583;0;7;0;0.0;2.0;8.0;1.0;B01
62854;201300041583;0;7;0;0.0;2.0;1.0;1.0;A01
62855;201300041584;0;99;0;0.0;1.0;1.0;0.0;A01
62856;201300041585;0;7;0;0.0;1.0;7.0;1.0;A01
62857;201300041586;0;7;0;0.0;1.0;1.0;0.0;A01
62858;201300041587;0;30;0;0.0;2.0;1.0;3.0;A01
62859;201300041587;0;7;0;0.0;2.0;3.0;15.0;B01
62860;201300041589;0;7;0;1.0;0.0;3.0;0.0;A01
62861;201300041590;0;33;0;0.0;2.0;0.0;2.0;A01
62862;201300041590;0;7;0;0.0;2.0;1.0;15.0;B01
62863;201300041590;0;7;0;0.0;2.0;4.0;24.0;C01
62864;201300041591;0;7;0;0.0;1.0;3.0;4.0;A01
62865;201300041592;0;7;0;0.0;2.0;3.0;15.0;A01
62866;201300041592;0;33;0;0.0;2.0;1.0;2.0;B01
62867;201300041593;0;7;0;0.0;9.0;2.0;1.0;A01
62868;201300041593;0;1;0;0.0;0.0;0.0;9.0;B01
62869;201300041594;0;10;0;0.0;0.0;2.0;1.0;A01
62870;201300041594;0;7;0;0.0;0.0;3.0;0.0;B01
62871;201300041595;0;33;0;0.0;0.0;1.0;1.0;B01
62872;201300041595;0;30;0;0.0;0.0;3.0;0.0;A01
62873;201300041596;0;15;0;0.0;1.0;2.0;1.0;A01
62874;201300041597;0;30;0;0.0;0.0;1.0;1.0;A01
62875;201300041597;0;7;0;0.0;0.0;3.0;0.0;B01
62876;201300041598;0;7;0;0.0;0.0;5.0;9.0;A01
62877;201300041598;0;33;0;0.0;0.0;3.0;2.0;B01
62878;201300041599;0;10;0;0.0;0.0;1.0;1.0;A01
62879;201300041599;0;32;0;0.0;0.0;4.0;1.0;B01
62880;201300041600;0;7;0;0.0;2.0;2.0;15.0;A01
62881;201300041600;0;10;0;0.0;2.0;3.0;1.0;B01
62882;201300041600;0;7;0;0.0;2.0;3.0;23.0;C01
62883;201300041601;0;7;0;1.0;0.0;1.0;0.0;A01
62884;201300041602;0;7;0;0.0;1.0;3.0;15.0;A01
62885;201300041603;0;30;0;12.0;0.0;3.0;2.0;A01
62886;201300041604;0;2;0;0.0;1.0;8.0;1.0;A01
62887;201300041606;0;7;0;0.0;2.0;2.0;10.0;A01
62888;201300041606;0;33;0;0.0;2.0;8.0;1.0;B01
62889;201300041607;0;7;0;0.0;2.0;1.0;1.0;A01
62890;201300041607;0;32;0;0.0;2.0;3.0;9.0;B01
62891;201300041609;0;7;0;0.0;2.0;1.0;2.0;A01
62892;201300041609;0;7;0;0.0;2.0;4.0;1.0;B01
62893;201300041609;0;7;0;0.0;0.0;4.0;2.0;C01
62894;201300041610;0;7;0;1.0;0.0;9.0;14.0;A01
62895;201300041610;0;7;0;0.0;2.0;8.0;1.0;B01
62896;201300041612;0;7;0;0.0;2.0;1.0;1.0;A01
62897;201300041612;0;7;0;0.0;2.0;2.0;1.0;B01
62898;201300041613;0;10;0;0.0;1.0;8.0;1.0;A01
62899;201300041614;0;7;0;8.0;0.0;2.0;16.0;A01
62900;201300041615;0;34;0;0.0;2.0;7.0;1.0;B01
62901;201300041615;0;7;0;0.0;2.0;1.0;15.0;A01
62902;201300041616;1;30;0;0.0;1.0;1.0;1.0;A01
62903;201300041618;0;37;1;0.0;2.0;1.0;2.0;A01
62904;201300041618;0;1;0;0.0;0.0;4.0;17.0;B01
62905;201300041619;0;7;0;0.0;0.0;3.0;22.0;A01
62906;201300041619;0;30;0;1.0;0.0;1.0;1.0;B01
62907;201300041620;0;33;0;0.0;9.0;1.0;2.0;A01
62908;201300041620;0;32;0;0.0;9.0;7.0;15.0;B01
62909;201300041621;0;32;0;0.0;2.0;3.0;19.0;B01
62910;201300041621;0;33;0;0.0;2.0;1.0;19.0;A01
62911;201300041622;1;10;0;0.0;1.0;0.0;0.0;A01
62912;201300041623;0;31;0;0.0;2.0;3.0;5.0;A01
62913;201300041623;0;32;0;0.0;2.0;6.0;1.0;B01
62914;201300041625;0;7;0;1.0;0.0;2.0;2.0;A01
62915;201300041626;0;7;0;1.0;0.0;3.0;0.0;A01
62916;201300041628;0;7;0;0.0;0.0;2.0;15.0;A01
62917;201300041628;0;30;0;0.0;0.0;3.0;1.0;B01
62918;201300041629;0;33;0;0.0;2.0;3.0;1.0;A01
62919;201300041629;0;7;0;0.0;2.0;7.0;9.0;B01
62920;201300041630;0;7;0;0.0;1.0;3.0;1.0;A01
62921;201300041632;0;7;0;0.0;2.0;7.0;16.0;B01
62922;201300041632;0;30;0;0.0;0.0;0.0;2.0;A01
62923;201300041633;0;7;0;0.0;2.0;2.0;9.0;A01
62924;201300041633;0;37;0;0.0;2.0;3.0;2.0;B01
62925;201300041634;1;7;0;0.0;1.0;0.0;15.0;A01
62926;201300041636;0;7;0;0.0;0.0;0.0;0.0;A01
62927;201300041636;0;30;0;0.0;0.0;0.0;0.0;B01
62928;201300041637;0;7;0;0.0;1.0;1.0;7.0;A01
62929;201300041638;0;33;0;1.0;0.0;1.0;2.0;A01
62930;201300041639;0;30;0;0.0;2.0;1.0;1.0;A01
62931;201300041639;0;7;0;0.0;0.0;3.0;1.0;B01
62932;201300041640;0;2;0;0.0;1.0;0.0;0.0;A01
62933;201300041641;0;7;0;1.0;0.0;3.0;1.0;A01
62934;201300041642;0;7;0;0.0;0.0;7.0;14.0;A01
62935;201300041642;0;1;0;0.0;2.0;8.0;1.0;B01
62936;201300041643;0;30;0;0.0;2.0;1.0;17.0;A01
62937;201300041643;0;7;0;0.0;0.0;3.0;15.0;B01
62938;201300041644;0;30;0;1.0;2.0;1.0;17.0;A01
62939;201300041644;0;3;0;0.0;0.0;3.0;15.0;B01
62940;201300041645;0;10;0;0.0;1.0;2.0;1.0;A01
62941;201300041646;1;7;0;0.0;1.0;4.0;0.0;A01
62942;201300041647;0;7;0;0.0;0.0;2.0;11.0;A01
62943;201300041647;0;31;0;0.0;0.0;8.0;15.0;B01
62944;201300041648;0;7;0;0.0;1.0;2.0;2.0;A01
62945;201300041649;0;7;0;0.0;1.0;2.0;1.0;A01
62946;201300041650;0;10;0;0.0;0.0;0.0;0.0;A01
62947;201300041650;0;32;0;0.0;2.0;0.0;18.0;B01
62948;201300041651;0;7;0;0.0;2.0;2.0;15.0;A01
62949;201300041651;0;30;0;0.0;0.0;1.0;1.0;B01
62950;201300041652;0;1;0;0.0;2.0;3.0;0.0;A01
62951;201300041652;0;7;0;0.0;9.0;3.0;9.0;B01
62952;201300041653;0;7;0;0.0;1.0;4.0;4.0;A01
62953;201300041655;0;7;0;0.0;0.0;0.0;0.0;A01
62954;201300041655;0;2;0;0.0;0.0;0.0;0.0;B01
62955;201300041656;0;7;0;0.0;0.0;1.0;2.0;A01
62956;201300041656;0;7;0;0.0;0.0;4.0;23.0;B01
62957;201300041657;0;13;0;0.0;1.0;0.0;0.0;A01
62958;201300041658;1;7;0;0.0;1.0;3.0;15.0;A01
62959;201300041659;0;30;0;14.0;0.0;7.0;15.0;A01
62960;201300041659;0;7;0;14.0;0.0;1.0;1.0;B01
62961;201300041660;0;10;0;0.0;2.0;1.0;1.0;A01
62962;201300041660;0;7;0;0.0;2.0;4.0;2.0;B01
62963;201300041660;1;7;0;0.0;0.0;4.0;4.0;C01
62964;201300041661;0;7;0;0.0;1.0;3.0;0.0;A01
62965;201300041662;0;7;0;0.0;0.0;0.0;0.0;A01
62966;201300041662;0;32;0;0.0;0.0;1.0;1.0;B01
62967;201300041663;0;2;0;0.0;0.0;0.0;2.0;A01