;Num_Acc;senc;catv;occutc;obs;obsm;choc;manv;num_veh
63389;201300041945;0;31;0;0.0;2.0;1.0;17.0;A01
63390;201300041945;0;7;0;0.0;0.0;3.0;15.0;B01
63391;201300041946;0;14;0;0.0;2.0;1.0;1.0;A01
63392;201300041946;0;7;0;0.0;0.0;5.0;2.0;B01
63393;201300041947;0;33;0;0.0;2.0;2.0;1.0;A01
63394;201300041947;0;7;0;0.0;2.0;5.0;15.0;B01
63395;201300041948;0;7;0;0.0;1.0;2.0;1.0;A01
63396;201300041949;1;10;0;0.0;1.0;0.0;1.0;Z01
63397;201300041950;0;7;0;0.0;1.0;1.0;2.0;A01
63398;201300041951;0;2;0;0.0;2.0;2.0;21.0;A01
63399;201300041951;0;7;0;0.0;2.0;6.0;16.0;B01
63400;201300041952;0;7;0;0.0;1.0;1.0;1.0;A01
63401;201300041954;0;7;0;9.0;2.0;1.0;1.0;B01
63402;201300041954;0;7;0;9.0;2.0;7.0;1.0;A01
63403;201300041955;0;7;0;0.0;2.0;3.0;1.0;A01
63404;201300041955;0;7;0;0.0;2.0;3.0;1.0;B01
63405;201300041956;0;99;0;0.0;2.0;1.0;13.0;A01
63406;201300041956;0;7;0;0.0;2.0;2.0;1.0;B01
63407;201300041957;0;33;0;0.0;2.0;1.0;2.0;A01
63408;201300041957;0;7;0;0.0;2.0;1.0;2.0;B01
63409;201300041957;0;7;0;0.0;0.0;4.0;2.0;C01
63410;201300041958;0;7;0;0.0;2.0;2.0;2.0;A01
63411;201300041958;0;7;0;0.0;2.0;4.0;2.0;B01
63412;201300041959;0;7;0;6.0;0.0;1.0;1.0;A01
63413;201300041962;0;2;0;0.0;2.0;1.0;2.0;A01
63414;201300041962;0;7;0;0.0;2.0;3.0;15.0;B01
63415;201300041963;0;33;0;0.0;1.0;0.0;2.0;A01
63416;201300041964;0;7;0;0.0;1.0;3.0;2.0;A01
63417;201300041965;0;32;0;0.0;2.0;1.0;1.0;A01
63418;201300041965;0;7;0;0.0;2.0;8.0;1.0;B01
63419;201300041966;0;7;0;0.0;2.0;2.0;1.0;A01
63420;201300041966;0;1;0;0.0;0.0;3.0;15.0;B01
63421;201300041967;0;1;0;0.0;0.0;0.0;1.0;B01
63422;201300041967;1;99;0;0.0;2.0;0.0;2.0;Z01
63423;201300041968;0;7;0;0.0;1.0;2.0;0.0;A01
63424;201300041969;0;37;1;0.0;2.0;1.0;15.0;A01
63425;201300041969;0;7;0;0.0;2.0;2.0;1.0;B01
63426;201300041970;0;7;0;9.0;1.0;1.0;1.0;A01
63427;201300041971;0;10;0;0.0;1.0;3.0;1.0;A01
63428;201300041972;0;33;0;0.0;2.0;2.0;15.0;A01
63429;201300041972;0;7;0;0.0;2.0;2.0;11.0;B01
63430;201300041973;0;99;0;0.0;2.0;1.0;0.0;A01
63431;201300041973;0;7;0;0.0;2.0;1.0;1.0;B01
63432;201300041975;0;7;0;0.0;2.0;2.0;16.0;A01
63433;201300041975;0;37;46;0.0;2.0;3.0;2.0;B01
63434;201300041976;0;99;0;0.0;2.0;1.0;1.0;A01
63435;201300041976;0;7;0;0.0;2.0;3.0;15.0;B01
63436;201300041977;0;7;0;0.0;1.0;3.0;2.0;A01
63437;201300041978;0;37;1;0.0;1.0;7.0;0.0;A01
63438;201300041979;0;10;0;8.0;0.0;2.0;15.0;A01
63439;201300041980;0;7;0;0.0;1.0;1.0;0.0;A01
63440;201300041982;0;7;0;0.0;1.0;4.0;4.0;A01
63441;201300041983;0;7;0;0.0;1.0;1.0;15.0;A01
63442;201300041984;0;30;0;0.0;2.0;1.0;0.0;A01
63443;201300041984;0;7;0;0.0;2.0;2.0;0.0;B01
63444;201300041985;0;7;0;0.0;2.0;1.0;1.0;A01
63445;201300041985;0;1;0;0.0;0.0;8.0;2.0;B01
63446;201300041986;0;7;0;0.0;0.0;6.0;17.0;A01
63447;201300041986;0;7;0;0.0;2.0;2.0;0.0;B01
63448;201300041987;0;99;0;6.0;0.0;1.0;1.0;A01
63449;201300041988;0;7;0;0.0;1.0;1.0;1.0;A01
63450;201300041989;2;7;0;0.0;2.0;2.0;1.0;A01
63451;201300041989;0;7;0;1.0;0.0;4.0;23.0;B01
63452;201300041992;0;7;0;0.0;2.0;1.0;5.0;A01
63453;201300041992;0;2;0;0.0;2.0;1.0;5.0;B01
63454;201300041993;0;7;0;0.0;2.0;1.0;1.0;A01
63455;201300041993;0;33;0;0.0;0.0;2.0;1.0;B01
63456;201300041994;1;7;0;0.0;1.0;2.0;1.0;Z01
63457;201300041995;0;7;0;0.0;1.0;1.0;1.0;A01
63458;201300041997;0;7;0;0.0;0.0;1.0;2.0;A01
63459;201300041997;0;7;0;0.0;0.0;4.0;2.0;B01
63460;201300041998;0;7;0;0.0;2.0;1.0;15.0;A01
63461;201300041998;0;7;0;0.0;2.0;4.0;24.0;C01
63462;201300041998;0;7;0;0.0;2.0;1.0;2.0;B01
63463;201300041999;0;37;1;0.0;2.0;3.0;1.0;B01
63464;201300041999;1;7;0;0.0;2.0;7.0;14.0;Z01
63465;201300042000;0;30;0;0.0;2.0;3.0;0.0;A01
63466;201300042000;0;10;0;0.0;2.0;3.0;0.0;B01
63467;201300042001;0;7;0;0.0;2.0;3.0;14.0;A01
63468;201300042001;0;7;0;0.0;0.0;2.0;0.0;B01
63469;201300042002;0;10;0;0.0;1.0;0.0;0.0;A01
63470;201300042003;0;10;0;0.0;0.0;3.0;11.0;A01
63471;201300042003;0;33;0;0.0;2.0;7.0;21.0;B01
63472;201300042004;0;7;0;0.0;1.0;1.0;2.0;A01
63473;201300042005;0;33;0;0.0;2.0;8.0;1.0;B01
63474;201300042005;0;7;0;0.0;2.0;7.0;1.0;A01
63475;201300042006;0;7;0;12.0;0.0;9.0;2.0;A01
63476;201300042007;0;30;0;0.0;0.0;8.0;2.0;A01
63477;201300042008;0;3;0;3.0;0.0;1.0;2.0;A01
63478;201300042010;0;3;0;0.0;2.0;8.0;9.0;A01
63479;201300042010;0;7;0;0.0;2.0;1.0;11.0;B01
63480;201300042012;0;7;0;0.0;2.0;3.0;0.0;A01
63481;201300042012;0;7;0;0.0;2.0;5.0;0.0;B01
63482;201300042013;0;7;0;12.0;2.0;3.0;1.0;A01
63483;201300042013;0;7;0;12.0;2.0;1.0;1.0;B01
63484;201300042014;0;7;0;0.0;1.0;1.0;1.0;A01
63485;201300042015;0;7;0;1.0;0.0;2.0;1.0;A01
63486;201300042016;0;7;0;0.0;2.0;6.0;0.0;B01
63487;201300042016;0;7;0;0.0;2.0;2.0;9.0;A01
63488;201300042017;0;7;0;0.0;1.0;2.0;1.0;A01
63489;201300042018;0;7;0;0.0;0.0;5.0;2.0;A01
63490;201300042018;0;15;0;0.0;2.0;3.0;2.0;B01
63491;201300042019;0;7;0;0.0;1.0;2.0;2.0;A01
63492;201300042019;0;7;0;0.0;1.0;6.0;23.0;B01
63493;201300042020;0;7;0;0.0;2.0;2.0;1.0;A01
63494;201300042020;0;7;0;0.0;0.0;0.0;1.0;B01
63495;201300042021;0;13;0;0.0;2.0;1.0;2.0;A01
63496;201300042021;0;13;0;0.0;2.0;4.0;2.0;B01
63497;201300042022;0;7;0;15.0;0.0;1.0;0.0;A01
63498;201300042023;0;1;0;0.0;2.0;7.0;19.0;A01
63499;201300042023;0;7;0;0.0;2.0;1.0;1.0;B01
63500;201300042024;0;7;0;0.0;0.0;4.0;1.0;A01
63501;201300042024;0;7;0;0.0;2.0;1.0;1.0;B01
63502;201300042025;0;7;0;0.0;2.0;1.0;1.0;A01
63503;201300042025;0;7;0;0.0;2.0;7.0;15.0;B01
63504;201300042026;0;7;0;15.0;0.0;1.0;0.0;A01
63505;201300042027;0;7;0;0.0;1.0;1.0;9.0;A01
63506;201300042028;0;3;0;0.0;2.0;3.0;2.0;A01
63507;201300042028;0;3;0;0.0;0.0;5.0;2.0;B01
63508;201300042029;0;10;0;0.0;1.0;8.0;2.0;A01
63509;201300042030;0;7;0;0.0;2.0;2.0;1.0;A01
63510;201300042030;0;7;0;0.0;2.0;1.0;1.0;B01
63511;201300042031;0;37;3;0.0;0.0;2.0;1.0;A01
63512;201300042031;0;7;0;0.0;0.0;1.0;16.0;B01
63513;201300042033;0;10;0;0.0;2.0;1.0;2.0;A01
63514;201300042033;0;10;0;0.0;2.0;7.0;15.0;B01
63515;201300042034;0;7;0;0.0;1.0;4.0;4.0;A01
63516;201300042035;0;7;0;0.0;1.0;2.0;1.0;A01
63517;201300042036;0;7;0;0.0;2.0;1.0;2.0;A01
63518;201300042036;0;7;0;0.0;0.0;4.0;2.0;B01
63519;201300042037;0;30;0;0.0;0.0;0.0;2.0;A01
63520;201300042038;0;7;0;1.0;0.0;2.0;0.0;A01
63521;201300042039;0;7;0;0.0;2.0;2.0;1.0;A01
63522;201300042039;0;1;0;0.0;2.0;1.0;2.0;B01
63523;201300042041;0;33;0;0.0;0.0;7.0;15.0;A01
63524;201300042043;0;7;0;1.0;0.0;1.0;1.0;A01
63525;201300042043;0;7;0;0.0;2.0;4.0;1.0;B01
63526;201300042044;0;7;0;0.0;2.0;3.0;11.0;A01
63527;201300042044;0;7;0;0.0;2.0;5.0;2.0;B01
63528;201300042045;0;7;0;0.0;1.0;2.0;1.0;A01
63529;201300042046;0;7;0;0.0;1.0;2.0;16.0;A01
63530;201300042047;0;7;0;0.0;2.0;2.0;10.0;A01
63531;201300042047;0;32;0;0.0;2.0;3.0;1.0;B01
63532;201300042048;0;7;0;0.0;0.0;6.0;1.0;B01
63533;201300042048;0;33;0;0.0;2.0;1.0;1.0;A01
63534;201300042049;0;7;0;0.0;2.0;1.0;2.0;A01
63535;201300042049;0;7;0;0.0;0.0;4.0;2.0;B01
63536;201300042051;0;10;0;0.0;1.0;1.0;1.0;A01
63537;201300042052;0;7;0;2.0;2.0;3.0;21.0;A01
63538;201300042052;0;7;0;0.0;2.0;1.0;0.0;C01
63539;201300042052;0;7;0;2.0;2.0;5.0;0.0;B01
63540;201300042053;0;7;0;0.0;2.0;1.0;15.0;A01
63541;201300042053;0;7;0;0.0;2.0;1.0;1.0;B01
63542;201300042054;0;7;0;0.0;1.0;1.0;1.0;A01
63543;201300042055;0;7;0;0.0;0.0;1.0;1.0;A01
63544;201300042055;0;7;0;0.0;0.0;5.0;1.0;B01
63545;201300042056;0;7;0;0.0;2.0;1.0;0.0;B01
63546;201300042056;0;7;0;0.0;2.0;2.0;1.0;A01
63547;201300042057;0;7;0;0.0;1.0;1.0;2.0;A01
63548;201300042058;0;7;0;0.0;1.0;1.0;15.0;A01
63549;201300042059;0;7;0;0.0;9.0;3.0;13.0;A01
63550;201300042059;0;33;0;4.0;2.0;7.0;17.0;B01
63551;201300042060;0;7;0;0.0;1.0;3.0;1.0;A01
63552;201300042061;0;33;0;0.0;2.0;1.0;1.0;A01
63553;201300042061;0;7;0;0.0;2.0;1.0;15.0;B01
63554;201300042063;0;30;0;0.0;1.0;1.0;2.0;A01
63555;201300042064;0;32;0;0.0;1.0;1.0;17.0;A01
63556;201300042065;0;2;0;0.0;2.0;1.0;21.0;B01
63557;201300042065;0;7;0;0.0;2.0;2.0;1.0;A01
63558;201300042066;2;7;0;6.0;0.0;1.0;0.0;A01
63559;201300042067;0;7;0;0.0;1.0;3.0;1.0;A01
63560;201300042069;0;10;0;0.0;2.0;8.0;2.0;A01
63561;201300042069;0;30;0;0.0;2.0;7.0;1.0;B01
63562;201300042070;0;7;0;0.0;2.0;3.0;0.0;B01
63563;201300042070;1;7;0;0.0;0.0;0.0;0.0;Z01
63564;201300042071;0;37;1;0.0;2.0;5.0;14.0;A01
63565;201300042071;0;33;0;0.0;0.0;1.0;15.0;B01
63566;201300042072;0;7;0;0.0;0.0;3.0;2.0;A01
63567;201300042072;0;7;0;0.0;0.0;5.0;2.0;B01
63568;201300042073;0;7;0;0.0;1.0;1.0;1.0;A01
63569;201300042074;0;7;0;0.0;2.0;7.0;1.0;A01
63570;201300042074;0;34;0;0.0;2.0;1.0;1.0;B01
63571;201300042075;0;10;0;0.0;2.0;1.0;1.0;A01
63572;201300042075;0;7;0;0.0;2.0;3.0;1.0;B01
63573;201300042076;0;7;0;0.0;1.0;5.0;1.0;A01
63574;201300042077;0;33;0;1.0;0.0;0.0;1.0;A01
63575;201300042078;0;7;0;0.0;2.0;1.0;1.0;A01
63576;201300042078;0;7;0;0.0;2.0;8.0;15.0;B01
63577;201300042079;0;7;0;0.0;2.0;2.0;9.0;A01
63578;201300042079;0;30;0;0.0;2.0;1.0;0.0;B01
63579;201300042080;0;7;0;0.0;0.0;2.0;15.0;A01
63580;201300042080;0;1;0;0.0;2.0;8.0;15.0;B01
63581;201300042081;0;7;0;0.0;0.0;3.0;10.0;A01
63582;201300042081;0;34;0;0.0;2.0;1.0;2.0;B01
63583;201300042082;0;7;0;0.0;2.0;1.0;2.0;A01
63584;201300042082;0;7;0;0.0;2.0;4.0;2.0;B01
63585;201300042082;0;7;0;0.0;2.0;4.0;2.0;C01
63586;201300042083;0;10;0;0.0;2.0;3.0;11.0;A01
63587;201300042083;0;7;0;0.0;2.0;2.0;1.0;B01
63588;201300042084;0;7;0;0.0;1.0;3.0;1.0;A01
63589;201300042085;0;7;0;0.0;1.0;2.0;1.0;A01
63590;201300042086;0;7;0;0.0;2.0;1.0;1.0;A01
63591;201300042086;0;7;0;0.0;2.0;2.0;15.0;B01
63592;201300042087;0;30;0;0.0;2.0;5.0;1.0;A01
63593;201300042087;0;7;0;0.0;2.0;2.0;1.0;B01
63594;201300042088;0;7;0;0.0;2.0;2.0;1.0;A01
63595;201300042088;0;7;0;0.0;2.0;8.0;15.0;B01
63596;201300042089;0;7;0;0.0;1.0;2.0;2.0;A01
63597;201300042090;0;7;0;0.0;1.0;3.0;1.0;A01
63598;201300042091;0;33;0;0.0;2.0;2.0;1.0;B01
63599;201300042091;0;7;0;0.0;2.0;3.0;15.0;A01
63600;201300042092;0;13;0;14.0;0.0;1.0;2.0;A01
63601;201300042092;0;7;0;0.0;0.0;4.0;2.0;B01
63602;201300042093;0;10;0;0.0;1.0;1.0;2.0;A01
63603;201300042095;0;10;0;0.0;1.0;2.0;17.0;A01
63604;201300042096;0;2;0;0.0;0.0;0.0;0.0;A01
63605;201300042096;0;33;0;0.0;0.0;0.0;0.0;B01
63606;201300042097;0;7;0;0.0;1.0;1.0;0.0;A01
63607;201300042098;0;7;0;0.0;1.0;1.0;1.0;A01
63608;201300042099;0;32;0;8.0;0.0;9.0;0.0;A01
63609;201300042100;0;7;0;0.0;2.0;1.0;1.0;A01
63610;201300042100;0;7;0;0.0;2.0;8.0;15.0;B01
63611;201300042101;0;7;0;0.0;2.0;7.0;0.0;A01
63612;201300042101;0;7;0;0.0;2.0;1.0;0.0;B01
63613;201300042102;0;10;0;0.0;1.0;4.0;4.0;A01
63614;201300042103;1;7;0;0.0;1.0;1.0;15.0;A01
63615;201300042104;0;7;0;0.0;1.0;3.0;1.0;A01
63616;201300042105;0;10;0;0.0;2.0;1.0;1.0;A01
63617;201300042105;0;10;0;0.0;0.0;4.0;0.0;B01
63618;201300042106;0;7;0;0.0;1.0;4.0;4.0;A01
63619;201300042108;0;2;0;0.0;0.0;0.0;0.0;A01
63620;201300042108;0;7;0;0.0;0.0;0.0;0.0;B01
63621;201300042109;0;10;0;0.0;1.0;0.0;1.0;A01
63622;201300042111;0;31;0;0.0;1.0;2.0;0.0;A01
63623;201300042112;0;10;0;0.0;2.0;3.0;1.0;A01
63624;201300042112;0;7;0;0.0;2.0;2.0;9.0;B01
63625;201300042113;0;7;0;0.0;1.0;7.0;0.0;A01
63626;201300042114;0;7;0;0.0;2.0;4.0;2.0;A01
63627;201300042114;0;7;0;0.0;2.0;4.0;0.0;B01
63628;201300042115;2;7;0;0.0;1.0;1.0;1.0;A01
63629;201300042116;0;7;0;1.0;0.0;1.0;1.0;A01
63630;201300042117;0;2;0;0.0;1.0;1.0;1.0;A01
63631;201300042118;0;7;0;0.0;2.0;2.0;16.0;A01
63632;201300042118;0;34;0;0.0;2.0;3.0;1.0;B01
63633;201300042119;0;7;0;0.0;2.0;1.0;1.0;A01
63634;201300042119;0;33;0;0.0;2.0;5.0;15.0;B01
63635;201300042120;0;33;0;0.0;1.0;2.0;1.0;A01
63636;201300042121;0;33;0;1.0;0.0;2.0;21.0;A01
63637;201300042121;0;7;0;0.0;0.0;8.0;22.0;B01
63638;201300042121;0;7;0;0.0;2.0;5.0;23.0;C01
63639;201300042122;0;10;0;12.0;0.0;3.0;0.0;A01
63640;201300042123;0;7;0;0.0;1.0;1.0;2.0;A01
63641;201300042124;0;7;0;0.0;2.0;1.0;2.0;A01
63642;201300042124;0;7;0;0.0;0.0;4.0;2.0;B01
63643;201300042125;0;10;0;1.0;0.0;1.0;11.0;A01
63644;201300042125;0;2;0;0.0;2.0;1.0;0.0;B01
63645;201300042126;0;7;0;15.0;0.0;1.0;0.0;A01
63646;201300042127;0;7;0;16.0;0.0;1.0;15.0;A01
63647;201300042127;0;7;0;8.0;0.0;3.0;2.0;B01
63648;201300042128;0;10;0;0.0;2.0;1.0;0.0;A01
63649;201300042128;0;7;0;0.0;0.0;8.0;1.0;B01
63650;201300042129;1;99;0;0.0;1.0;0.0;0.0;Z01
63651;201300042130;0;7;0;0.0;1.0;1.0;1.0;A01
63652;201300042132;0;7;0;0.0;0.0;3.0;11.0;A01
63653;201300042132;0;33;0;0.0;2.0;1.0;2.0;B01
63654;201300042133;0;7;0;0.0;2.0;3.0;13.0;A01
63655;201300042133;0;20;0;0.0;2.0;6.0;0.0;B01
63656;201300042134;0;7;0;0.0;2.0;3.0;13.0;A01
63657;201300042134;0;31;0;0.0;2.0;7.0;15.0;B01
63658;201300042135;2;7;0;0.0;2.0;5.0;15.0;A01
63659;201300042135;0;31;0;0.0;2.0;1.0;1.0;B01
63660;201300042136;0;7;0;0.0;2.0;1.0;2.0;A01
63661;201300042136;0;7;0;0.0;0.0;4.0;2.0;B01
63662;201300042137;0;7;0;8.0;2.0;3.0;2.0;B01
63663;201300042137;0;7;0;0.0;2.0;1.0;1.0;A01
63664;201300042138;0;7;0;0.0;2.0;1.0;1.0;A01
63665;201300042138;0;10;0;8.0;2.0;4.0;16.0;B01
63666;201300042139;0;33;0;0.0;2.0;4.0;15.0;A01
63667;201300042139;0;10;0;0.0;2.0;1.0;1.0;B01
63668;201300042140;0;30;0;0.0;1.0;2.0;17.0;A01
63669;201300042141;0;7;0;0.0;2.0;3.0;1.0;B01
63670;201300042141;0;30;0;0.0;2.0;1.0;9.0;A01
63671;201300042144;0;10;0;0.0;2.0;3.0;17.0;A01
63672;201300042144;0;33;0;0.0;2.0;1.0;13.0;B01
63673;201300042145;0;7;0;0.0;1.0;1.0;16.0;A01
63674;201300042146;0;3;0;0.0;2.0;2.0;1.0;A01
63675;201300042146;0;7;0;0.0;2.0;3.0;1.0;B01
63676;201300042149;0;7;0;0.0;2.0;6.0;11.0;A01
63677;201300042149;0;7;0;14.0;2.0;1.0;1.0;B01
63678;201300042150;0;7;0;0.0;2.0;7.0;14.0;A01
63679;201300042150;0;32;0;0.0;2.0;3.0;1.0;B01
63680;201300042151;0;2;0;0.0;2.0;1.0;1.0;A01
63681;201300042151;0;7;0;0.0;0.0;8.0;1.0;B01
63682;201300042152;0;33;0;0.0;2.0;1.0;2.0;A01
63683;201300042152;0;7;0;0.0;2.0;5.0;2.0;B01
63684;201300042153;0;7;0;0.0;2.0;1.0;2.0;A01
63685;201300042153;0;7;0;0.0;2.0;1.0;2.0;B01
63686;201300042154;0;7;0;0.0;0.0;3.0;15.0;A01
63687;201300042154;0;33;0;0.0;2.0;1.0;2.0;B01
63688;201300042155;0;34;0;0.0;2.0;8.0;2.0;B01
63689;201300042155;1;7;0;0.0;2.0;0.0;17.0;Z01
63690;201300042156;0;7;0;1.0;2.0;1.0;15.0;A01
63691;201300042156;0;32;0;1.0;2.0;1.0;1.0;B01
63692;201300042157;1;30;0;0.0;2.0;3.0;9.0;A01
63693;201300042157;0;30;0;0.0;2.0;1.0;1.0;B01
63694;201300042158;0;7;0;0.0;2.0;8.0;22.0;A01
63695;201300042158;0;37;1;1.0;0.0;7.0;1.0;B01
63696;201300042159;0;10;0;0.0;0.0;4.0;4.0;A01
63697;201300042159;0;7;0;0.0;0.0;2.0;1.0;B01
63698;201300042160;0;30;0;1.0;2.0;7.0;0.0;A01
63699;201300042160;1;7;0;1.0;2.0;0.0;0.0;Z01
63700;201300042161;0;30;0;14.0;0.0;1.0;9.0;A01
63701;201300042162;0;10;0;0.0;2.0;8.0;15.0;A01
63702;201300042162;0;33;0;0.0;2.0;1.0;15.0;B01
63703;201300042163;0;7;0;3.0;0.0;9.0;1.0;A01
63704;201300042164;0;33;0;0.0;2.0;1.0;2.0;A01
63705;201300042164;0;7;0;0.0;2.0;4.0;2.0;B01
63706;201300042165;0;30;0;0.0;2.0;7.0;2.0;B01
63707;201300042165;0;7;0;0.0;2.0;6.0;4.0;A01
63708;201300042167;0;10;0;0.0;2.0;3.0;1.0;A01
63709;201300042167;1;33;0;0.0;2.0;8.0;21.0;B01
63710;201300042168;0;7;0;0.0;2.0;2.0;1.0;A01
63711;201300042168;0;7;0;0.0;2.0;6.0;16.0;B01
63712;201300042169;0;7;0;0.0;2.0;1.0;9.0;A01
63713;201300042169;0;7;0;0.0;2.0;8.0;9.0;B01
63714;201300042170;0;7;0;0.0;2.0;2.0;1.0;A01
63715;201300042170;0;7;0;0.0;2.0;3.0;15.0;B01
63716;201300042171;0;34;0;0.0;2.0;1.0;1.0;B01
63717;201300042171;0;7;0;0.0;2.0;2.0;9.0;A01
63718;201300042172;0;7;0;0.0;2.0;6.0;11.0;A01
63719;201300042172;0;34;0;0.0;2.0;2.0;1.0;B01
63720;201300042173;0;7;0;0.0;1.0;2.0;1.0;A01
63721;201300042174;0;7;0;0.0;0.0;3.0;1.0;A01
63722;201300042175;0;7;0;0.0;2.0;1.0;1.0;A01
63723;201300042175;0;37;1;0.0;2.0;6.0;24.0;B01
63724;201300042176;0;34;0;0.0;2.0;1.0;1.0;A01
63725;201300042176;0;33;0;0.0;2.0;6.0;0.0;B01
63726;201300042176;0;7;0;0.0;2.0;8.0;1.0;C01
63727;201300042177;0;7;0;0.0;1.0;2.0;1.0;A01
63728;201300042178;0;7;0;0.0;2.0;2.0;1.0;A01
63729;201300042178;0;10;0;0.0;2.0;2.0;16.0;B01
63730;201300042179;0;7;0;0.0;1.0;5.0;4.0;A01
63731;201300042180;0;7;0;0.0;1.0;1.0;15.0;A01
63732;201300042181;0;7;0;0.0;2.0;1.0;2.0;A01
63733;201300042181;0;99;0;0.0;2.0;4.0;2.0;B01
63734;201300042181;0;10;0;0.0;0.0;4.0;2.0;C01
63735;201300042182;0;7;0;0.0;1.0;2.0;1.0;A01
63736;201300042184;0;32;0;0.0;2.0;1.0;17.0;A01
63737;201300042184;0;7;0;0.0;2.0;6.0;15.0;B01
63738;201300042185;0;7;0;0.0;2.0;7.0;1.0;A01
63739;201300042185;0;7;0;0.0;2.0;2.0;1.0;B01
63740;201300042186;1;7;0;0.0;2.0;5.0;1.0;A01
63741;201300042186;0;33;0;0.0;2.0;8.0;1.0;B01
63742;201300042187;0;31;0;0.0;2.0;0.0;1.0;A01
63743;201300042187;0;3;0;0.0;2.0;3.0;20.0;B01
63744;201300042188;0;7;0;9.0;0.0;1.0;13.0;A01
63745;201300042189;0;7;0;0.0;2.0;7.0;15.0;A01
63746;201300042189;0;7;0;1.0;2.0;8.0;1.0;B01
63747;201300042190;0;7;0;0.0;1.0;1.0;15.0;A01
63748;201300042191;0;1;0;0.0;0.0;1.0;1.0;B01
63749;201300042191;0;7;0;0.0;9.0;3.0;1.0;A01
63750;201300042193;0;7;0;0.0;2.0;5.0;2.0;B01
63751;201300042193;0;10;0;0.0;2.0;1.0;1.0;A01
63752;201300042194;0;7;0;1.0;0.0;2.0;1.0;A01
63753;201300042195;0;7;0;1.0;2.0;9.0;2.0;A01
63754;201300042195;0;7;0;0.0;2.0;6.0;23.0;E01
63755;201300042196;0;32;0;0.0;0.0;0.0;0.0;A01
63756;201300042197;0;7;0;0.0;2.0;3.0;2.0;A01
63757;201300042197;0;7;0;0.0;2.0;8.0;15.0;B01
63758;201300042198;0;2;0;0.0;0.0;0.0;0.0;A01
63759;201300042199;0;10;0;0.0;2.0;1.0;1.0;A01
63760;201300042199;0;7;0;0.0;2.0;6.0;1.0;B01
63761;201300042200;0;7;0;0.0;2.0;1.0;1.0;A01
63762;201300042200;0;7;0;0.0;2.0;8.0;15.0;B01
63763;201300042201;0;31;0;0.0;2.0;7.0;1.0;B01
63764;201300042201;0;7;0;0.0;2.0;1.0;16.0;A01
63765;201300042202;0;7;0;0.0;1.0;3.0;4.0;A01
63766;201300042203;0;34;0;0.0;1.0;0.0;0.0;A01
63767;201300042204;0;7;0;0.0;2.0;2.0;15.0;A01
63768;201300042204;0;30;0;0.0;2.0;1.0;1.0;B01
63769;201300042205;0;7;0;0.0;2.0;1.0;1.0;A01
63770;201300042205;0;1;0;0.0;2.0;1.0;1.0;B01
63771;201300042206;0;1;0;0.0;0.0;0.0;2.0;B01
63772;201300042206;0;7;0;0.0;0.0;3.0;16.0;A01
63773;201300042207;0;37;15;0.0;1.0;2.0;15.0;A01
63774;201300042208;0;34;0;0.0;1.0;1.0;1.0;A01
63775;201300042209;0;10;0;0.0;2.0;1.0;2.0;A01
63776;201300042209;0;7;0;0.0;0.0;4.0;2.0;B01
63777;201300042209;0;7;0;0.0;2.0;1.0;2.0;C01
63778;201300042210;0;7;0;1.0;0.0;1.0;5.0;A01
63779;201300042211;0;7;0;8.0;2.0;1.0;21.0;B01
63780;201300042211;1;7;0;0.0;0.0;0.0;10.0;Z01
63781;201300042212;0;7;0;0.0;2.0;1.0;1.0;A01
63782;201300042212;0;7;0;0.0;2.0;3.0;1.0;B01
63783;201300042213;0;7;0;9.0;0.0;3.0;2.0;A01
63784;201300042214;2;7;0;0.0;2.0;1.0;1.0;Z01
63785;201300042214;0;7;0;0.0;2.0;7.0;1.0;A01
63786;201300042215;0;7;0;0.0;2.0;1.0;1.0;A01
63787;201300042215;0;7;0;8.0;2.0;5.0;1.0;B01
63788;201300042216;0;7;0;0.0;2.0;2.0;1.0;A01
63789;201300042216;0;7;0;0.0;2.0;7.0;1.0;B01
63790;201300042217;0;7;0;0.0;1.0;2.0;2.0;A01
63791;201300042218;0;7;0;0.0;2.0;3.0;15.0;A01
63792;201300042218;0;7;0;0.0;2.0;1.0;1.0;B01
63793;201300042219;0;7;0;1.0;0.0;7.0;1.0;A01
63794;201300042221;0;7;0;0.0;1.0;3.0;1.0;A01
63795;201300042222;0;7;0;0.0;2.0;5.0;1.0;B01
63796;201300042222;0;7;0;0.0;2.0;3.0;1.0;A01
63797;201300042223;0;7;0;0.0;2.0;2.0;0.0;A01
63798;201300042223;0;30;0;0.0;2.0;7.0;0.0;B01
63799;201300042224;0;33;0;0.0;2.0;2.0;1.0;A01
63800;201300042224;0;7;0;0.0;2.0;3.0;16.0;B01
63801;201300042225;0;7;0;0.0;1.0;2.0;1.0;A01
63802;201300042226;0;7;0;0.0;1.0;1.0;16.0;A01
63803;201300042227;0;37;2;0.0;2.0;2.0;1.0;B01
63804;201300042227;0;7;0;0.0;2.0;1.0;16.0;A01
63805;201300042228;0;7;0;15.0;2.0;9.0;2.0;B01
63806;201300042228;0;7;0;1.0;2.0;1.0;2.0;A01
63807;201300042230;0;7;0;0.0;2.0;4.0;1.0;A01
63808;201300042230;0;10;0;0.0;2.0;1.0;1.0;B01
63809;201300042231;0;7;0;12.0;0.0;1.0;1.0;A01