;Num_Acc;senc;catv;occutc;obs;obsm;choc;manv;num_veh
63810;201300042233;0;7;0;0.0;1.0;1.0;1.0;A01
63811;201300042234;0;32;0;0.0;2.0;1.0;15.0;A01
63812;201300042234;0;7;0;0.0;2.0;1.0;1.0;B01
63813;201300042235;0;7;0;0.0;1.0;1.0;14.0;A01
63814;201300042236;0;7;0;0.0;2.0;8.0;20.0;A01
63815;201300042236;0;7;0;0.0;2.0;1.0;1.0;B01
63816;201300042237;0;7;0;0.0;1.0;1.0;1.0;A01
63817;201300042238;0;7;0;0.0;1.0;2.0;1.0;A01
63818;201300042239;0;7;0;0.0;1.0;1.0;1.0;A01
63819;201300042240;0;7;0;0.0;1.0;1.0;1.0;A01
63820;201300042241;0;30;0;0.0;2.0;1.0;15.0;A01
63821;201300042241;0;7;0;0.0;2.0;1.0;1.0;B01
63822;201300042242;0;33;0;0.0;2.0;3.0;1.0;B01
63823;201300042242;0;3;0;0.0;2.0;2.0;15.0;A01
63824;201300042243;0;32;0;1.0;0.0;1.0;1.0;A01
63825;201300042244;0;7;0;3.0;0.0;1.0;15.0;A01
63826;201300042246;0;7;0;0.0;2.0;4.0;1.0;A01
63827;201300042246;0;1;0;0.0;2.0;4.0;1.0;B01
63828;201300042247;0;10;0;0.0;2.0;1.0;2.0;A01
63829;201300042247;0;7;0;0.0;2.0;4.0;2.0;B01
63830;201300042247;0;7;0;0.0;2.0;4.0;2.0;C01
63831;201300042248;0;7;0;0.0;1.0;2.0;2.0;A01
63832;201300042249;0;7;0;0.0;2.0;4.0;1.0;A01
63833;201300042249;0;7;0;0.0;2.0;1.0;1.0;B01
63834;201300042249;0;7;0;0.0;2.0;1.0;1.0;C01
63835;201300042251;0;7;0;9.0;0.0;1.0;1.0;A01
63836;201300042252;0;7;0;0.0;2.0;1.0;1.0;A01
63837;201300042252;0;31;0;0.0;2.0;1.0;1.0;B01
63838;201300042253;0;30;0;0.0;2.0;1.0;9.0;A01
63839;201300042253;0;7;0;0.0;2.0;1.0;1.0;B01
63840;201300042254;0;10;0;0.0;2.0;1.0;13.0;A01
63841;201300042254;0;7;0;0.0;2.0;1.0;1.0;B01
63842;201300042256;0;7;0;8.0;0.0;1.0;0.0;A01
63843;201300042257;1;30;0;0.0;1.0;1.0;1.0;A01
63844;201300042258;0;7;0;0.0;1.0;1.0;20.0;A01
63845;201300042259;0;7;0;0.0;2.0;1.0;1.0;B01
63846;201300042259;0;7;0;0.0;2.0;1.0;1.0;A01
63847;201300042260;0;13;0;0.0;2.0;1.0;1.0;A01
63848;201300042260;0;7;0;0.0;2.0;4.0;1.0;B01
63849;201300042261;0;7;0;0.0;2.0;3.0;16.0;A01
63850;201300042261;0;33;0;0.0;2.0;1.0;1.0;B01
63851;201300042262;1;7;0;0.0;1.0;1.0;0.0;A01
63852;201300042263;0;7;0;0.0;9.0;1.0;1.0;A01
63853;201300042263;0;1;0;0.0;2.0;1.0;1.0;B01
63854;201300042264;0;7;0;0.0;2.0;1.0;15.0;B01
63855;201300042264;0;7;0;0.0;2.0;1.0;1.0;A01
63856;201300042265;0;7;0;0.0;2.0;2.0;1.0;A01
63857;201300042265;0;30;0;0.0;2.0;7.0;15.0;B01
63858;201300042266;0;32;0;0.0;2.0;1.0;1.0;A01
63859;201300042266;0;7;0;0.0;2.0;1.0;15.0;B01
63860;201300042267;0;7;0;0.0;2.0;6.0;10.0;A01
63861;201300042267;0;33;0;0.0;2.0;1.0;17.0;B01
63862;201300042269;0;7;0;0.0;2.0;1.0;15.0;B01
63863;201300042269;0;7;0;0.0;2.0;1.0;1.0;A01
63864;201300042270;0;7;0;0.0;1.0;1.0;15.0;A01
63865;201300042271;0;30;0;0.0;0.0;0.0;0.0;A01
63866;201300042272;0;7;0;0.0;2.0;2.0;15.0;A01
63867;201300042272;2;34;0;0.0;2.0;1.0;0.0;B01
63868;201300042273;0;30;0;0.0;2.0;1.0;1.0;A01
63869;201300042273;0;7;0;0.0;2.0;1.0;15.0;B01
63870;201300042274;0;7;0;0.0;1.0;2.0;1.0;A01
63871;201300042275;0;7;0;0.0;2.0;4.0;1.0;A01
63872;201300042275;0;7;0;0.0;2.0;1.0;1.0;B01
63873;201300042276;0;7;0;0.0;2.0;6.0;10.0;B01
63874;201300042276;0;34;0;0.0;2.0;1.0;1.0;A01
63875;201300042277;0;7;0;0.0;2.0;0.0;0.0;A01
63876;201300042277;0;30;0;0.0;2.0;1.0;1.0;B01
63877;201300042278;0;7;0;0.0;2.0;4.0;23.0;A01
63878;201300042278;0;37;1;0.0;2.0;1.0;1.0;B01
63879;201300042279;0;7;0;0.0;1.0;1.0;1.0;A01
63880;201300042280;0;14;0;0.0;2.0;6.0;4.0;A01
63881;201300042280;0;30;0;0.0;2.0;3.0;2.0;B01
63882;201300042281;0;7;0;0.0;1.0;1.0;15.0;A01
63883;201300042282;0;7;0;0.0;0.0;2.0;0.0;B01
63884;201300042282;0;7;0;0.0;0.0;3.0;0.0;A01
63885;201300042283;0;7;0;0.0;2.0;7.0;24.0;B01
63886;201300042283;1;7;0;1.0;0.0;1.0;16.0;Z01
63887;201300042285;1;7;0;0.0;1.0;1.0;1.0;Z01
63888;201300042286;1;30;0;0.0;1.0;0.0;0.0;Z01
63889;201300042287;0;7;0;0.0;2.0;1.0;13.0;A01
63890;201300042287;0;7;0;0.0;2.0;3.0;0.0;B01
63891;201300042288;0;7;0;0.0;0.0;6.0;10.0;A01
63892;201300042288;0;33;0;0.0;2.0;1.0;2.0;B01
63893;201300042289;0;40;0;0.0;2.0;3.0;1.0;A01
63894;201300042289;0;7;0;0.0;4.0;7.0;0.0;B01
63895;201300042290;0;7;0;0.0;1.0;2.0;2.0;A01
63896;201300042291;0;33;0;0.0;2.0;7.0;1.0;B01
63897;201300042291;1;7;0;0.0;0.0;0.0;0.0;Z01
63898;201300042293;0;30;0;0.0;2.0;1.0;1.0;A01
63899;201300042293;0;33;0;0.0;2.0;7.0;16.0;B01
63900;201300042294;1;7;0;0.0;0.0;0.0;0.0;Z01
63901;201300042294;0;7;0;0.0;2.0;8.0;1.0;B01
63902;201300042296;0;7;0;0.0;1.0;1.0;0.0;A01
63903;201300042298;0;7;0;0.0;2.0;1.0;2.0;A01
63904;201300042298;0;7;0;0.0;0.0;5.0;2.0;B01
63905;201300042299;0;7;0;0.0;2.0;1.0;2.0;A01
63906;201300042299;0;7;0;0.0;0.0;4.0;2.0;B01
63907;201300042300;0;7;0;0.0;0.0;4.0;2.0;A01
63908;201300042300;0;7;0;0.0;0.0;4.0;23.0;B01
63909;201300042302;1;7;0;0.0;1.0;0.0;1.0;Z01
63910;201300042303;0;7;0;0.0;0.0;7.0;11.0;A01
63911;201300042303;0;30;0;0.0;0.0;1.0;21.0;B01
63912;201300042304;0;33;0;0.0;2.0;3.0;1.0;A01
63913;201300042304;0;7;0;0.0;2.0;2.0;16.0;B01
63914;201300042305;0;7;0;0.0;0.0;8.0;1.0;A01
63915;201300042305;0;30;0;0.0;0.0;7.0;2.0;B01
63916;201300042306;0;33;0;0.0;2.0;1.0;5.0;A01
63917;201300042306;0;7;0;0.0;2.0;1.0;3.0;B01
63918;201300042307;0;34;0;0.0;0.0;8.0;0.0;A01
63919;201300042308;0;7;0;0.0;0.0;1.0;0.0;A01
63920;201300042308;0;7;0;0.0;0.0;4.0;0.0;B01
63921;201300042308;0;7;0;0.0;0.0;0.0;0.0;C01
63922;201300042309;0;30;0;0.0;2.0;2.0;2.0;B01
63923;201300042309;1;7;0;0.0;2.0;0.0;2.0;Z01
63924;201300042310;0;10;0;0.0;0.0;1.0;15.0;A01
63925;201300042310;0;33;0;0.0;0.0;1.0;2.0;B01
63926;201300042311;0;33;0;0.0;2.0;1.0;1.0;B01
63927;201300042311;0;7;0;0.0;2.0;3.0;9.0;A01
63928;201300042312;0;3;0;0.0;1.0;1.0;2.0;A01
63929;201300042313;0;7;0;0.0;1.0;1.0;0.0;A01
63930;201300042314;0;7;0;0.0;1.0;2.0;2.0;A01
63931;201300042315;0;30;0;0.0;0.0;8.0;1.0;A01
63932;201300042316;0;10;0;0.0;0.0;4.0;6.0;A01
63933;201300042316;0;32;0;0.0;2.0;1.0;1.0;B01
63934;201300042317;0;7;0;0.0;2.0;1.0;2.0;A01
63935;201300042317;0;7;0;0.0;0.0;4.0;2.0;B01
63936;201300042318;0;32;0;0.0;0.0;3.0;13.0;A01
63937;201300042318;0;7;0;0.0;0.0;2.0;0.0;B01
63938;201300042319;0;7;0;0.0;2.0;2.0;1.0;B01
63939;201300042319;1;30;0;0.0;2.0;3.0;19.0;Z01
63940;201300042320;0;7;0;0.0;2.0;7.0;12.0;A01
63941;201300042320;0;33;0;0.0;0.0;8.0;2.0;B01
63942;201300042321;0;32;0;0.0;0.0;8.0;0.0;A01
63943;201300042322;0;7;0;0.0;2.0;5.0;12.0;A01
63944;201300042322;0;33;0;0.0;2.0;1.0;2.0;B01
63945;201300042323;0;34;0;0.0;1.0;1.0;21.0;A01
63946;201300042324;0;34;0;0.0;2.0;1.0;1.0;A01
63947;201300042324;0;10;0;0.0;1.0;2.0;1.0;B01
63948;201300042325;0;7;0;0.0;1.0;1.0;2.0;A01
63949;201300042326;0;34;0;0.0;2.0;1.0;1.0;A01
63950;201300042326;1;10;0;0.0;0.0;0.0;1.0;Z01
63951;201300042327;0;1;0;0.0;0.0;4.0;0.0;A01
63952;201300042327;1;7;0;0.0;2.0;4.0;2.0;Z01
63953;201300042328;0;7;0;0.0;2.0;1.0;13.0;A01
63954;201300042328;0;7;0;0.0;2.0;1.0;1.0;B01
63955;201300042329;0;7;0;0.0;2.0;3.0;13.0;A01
63956;201300042329;0;31;0;0.0;2.0;2.0;21.0;B01
63957;201300042330;1;7;0;0.0;1.0;1.0;0.0;Z01
63958;201300042331;0;7;0;0.0;1.0;1.0;0.0;A01
63959;201300042332;0;10;0;0.0;1.0;3.0;2.0;A01
63960;201300042333;0;7;0;0.0;2.0;2.0;1.0;A01
63961;201300042333;0;32;0;0.0;2.0;1.0;12.0;B01
63962;201300042335;0;15;0;0.0;0.0;6.0;24.0;A01
63963;201300042335;0;34;0;1.0;2.0;7.0;17.0;B01
63964;201300042336;0;7;0;0.0;2.0;1.0;1.0;B01
63965;201300042336;2;7;0;0.0;2.0;0.0;1.0;Z01
63966;201300042337;0;32;0;0.0;2.0;1.0;13.0;A01
63967;201300042337;0;7;0;0.0;2.0;3.0;1.0;B01
63968;201300042337;0;7;0;0.0;2.0;3.0;1.0;C01
63969;201300042338;0;7;0;0.0;2.0;8.0;10.0;A01
63970;201300042338;0;7;0;0.0;2.0;2.0;2.0;B01
63971;201300042339;0;31;0;0.0;2.0;2.0;2.0;A01
63972;201300042339;0;7;0;0.0;2.0;0.0;2.0;B01
63973;201300042340;0;10;0;1.0;1.0;3.0;15.0;A01
63974;201300042340;0;7;0;0.0;0.0;6.0;13.0;B01
63975;201300042341;0;33;0;0.0;0.0;3.0;0.0;A01
63976;201300042341;0;7;0;0.0;0.0;2.0;0.0;B01
63977;201300042342;0;7;0;0.0;2.0;2.0;1.0;B01
63978;201300042342;0;7;0;0.0;2.0;8.0;11.0;A01
63979;201300042343;2;7;0;0.0;1.0;1.0;0.0;Z01
63980;201300042344;0;2;0;0.0;0.0;0.0;0.0;A01
63981;201300042345;0;7;0;0.0;2.0;8.0;1.0;B01
63982;201300042345;2;2;0;0.0;2.0;1.0;1.0;A01
63983;201300042346;0;14;0;0.0;0.0;7.0;2.0;A01
63984;201300042346;0;7;0;0.0;0.0;1.0;2.0;B01
63985;201300042347;0;7;0;0.0;0.0;5.0;15.0;A01
63986;201300042347;1;7;0;0.0;2.0;1.0;0.0;Z01
63987;201300042348;1;7;0;0.0;1.0;6.0;4.0;Z01
63988;201300042349;0;16;0;0.0;2.0;1.0;1.0;A01
63989;201300042349;0;7;0;0.0;2.0;4.0;1.0;B01
63990;201300042350;0;31;0;0.0;0.0;4.0;23.0;B01
63991;201300042350;0;7;0;0.0;2.0;1.0;2.0;A01
63992;201300042351;0;7;0;4.0;0.0;1.0;0.0;A01
63993;201300042352;0;10;0;0.0;1.0;8.0;1.0;A01
63994;201300042353;0;32;0;0.0;2.0;1.0;1.0;A01
63995;201300042353;0;7;0;0.0;2.0;3.0;15.0;B01
63996;201300042354;0;7;0;0.0;2.0;3.0;2.0;A01
63997;201300042354;0;7;0;0.0;2.0;4.0;2.0;B01
63998;201300042355;0;7;0;0.0;2.0;1.0;2.0;A01
63999;201300042355;0;7;0;0.0;0.0;4.0;23.0;B01
64000;201300042356;0;2;0;0.0;1.0;1.0;6.0;A01
64001;201300042357;1;7;0;0.0;1.0;4.0;4.0;A01
64002;201300042358;0;7;0;0.0;0.0;3.0;9.0;A01
64003;201300042358;0;7;0;0.0;0.0;2.0;1.0;B01
64004;201300042359;0;7;0;0.0;1.0;4.0;4.0;A01
64005;201300042360;0;32;0;0.0;2.0;0.0;0.0;A01
64006;201300042360;0;7;0;0.0;2.0;0.0;0.0;B01
64007;201300042361;0;7;0;0.0;0.0;1.0;5.0;A01
64008;201300042361;0;10;0;0.0;0.0;8.0;0.0;B01
64009;201300042361;0;7;0;0.0;0.0;1.0;1.0;C01
64010;201300042363;0;7;0;0.0;9.0;3.0;1.0;A01
64011;201300042363;0;1;0;0.0;2.0;7.0;2.0;B01
64012;201300042364;0;7;0;0.0;0.0;2.0;0.0;A01
64013;201300042364;0;2;0;0.0;0.0;0.0;0.0;B01
64014;201300042365;0;7;0;0.0;2.0;3.0;2.0;A01
64015;201300042365;0;34;0;0.0;2.0;3.0;2.0;B01
64016;201300042366;1;2;0;0.0;1.0;0.0;0.0;Z01
64017;201300042367;0;7;0;0.0;0.0;2.0;1.0;A01
64018;201300042367;0;7;0;0.0;0.0;3.0;1.0;B01
64019;201300042368;0;7;0;0.0;2.0;2.0;1.0;B01
64020;201300042368;2;7;0;0.0;2.0;3.0;9.0;A01
64021;201300042369;0;7;0;0.0;1.0;7.0;1.0;A01
64022;201300042370;0;10;0;0.0;2.0;6.0;15.0;A01
64023;201300042370;0;10;0;0.0;2.0;1.0;1.0;B01
64024;201300042371;0;7;0;0.0;0.0;3.0;2.0;B01
64025;201300042371;0;33;0;0.0;0.0;2.0;15.0;A01
64026;201300042372;0;7;0;8.0;0.0;1.0;0.0;A01
64027;201300042373;0;7;0;0.0;1.0;1.0;1.0;A01
64028;201300042374;0;7;0;0.0;1.0;3.0;1.0;A01
64029;201300042375;0;7;0;0.0;1.0;8.0;1.0;A01
64030;201300042377;0;30;0;0.0;2.0;1.0;1.0;A01
64031;201300042377;0;37;1;0.0;2.0;3.0;2.0;B01
64032;201300042378;0;7;0;0.0;2.0;7.0;0.0;A01
64033;201300042378;0;33;0;0.0;2.0;1.0;0.0;B01
64034;201300042380;0;30;0;0.0;2.0;8.0;5.0;A01
64035;201300042380;0;7;0;0.0;2.0;3.0;0.0;B01
64036;201300042381;0;7;0;0.0;1.0;0.0;0.0;A01
64037;201300042381;0;7;0;0.0;0.0;0.0;0.0;B01
64038;201300042382;0;7;0;8.0;2.0;8.0;19.0;A01
64039;201300042382;0;7;0;1.0;2.0;1.0;1.0;B01
64040;201300042383;0;10;0;0.0;2.0;3.0;15.0;A01
64041;201300042383;0;33;0;0.0;2.0;7.0;1.0;B01
64042;201300042384;0;33;0;0.0;2.0;1.0;2.0;A01
64043;201300042384;0;7;0;0.0;2.0;4.0;2.0;B01
64044;201300042385;0;7;0;0.0;2.0;2.0;10.0;A01
64045;201300042385;0;33;0;0.0;2.0;1.0;1.0;B01
64046;201300042386;0;32;0;0.0;2.0;3.0;0.0;A01
64047;201300042386;0;7;0;0.0;2.0;3.0;0.0;B01
64048;201300042387;0;14;0;0.0;2.0;8.0;1.0;A01
64049;201300042387;0;7;0;0.0;2.0;1.0;1.0;B01
64050;201300042387;0;7;0;0.0;9.0;4.0;1.0;C01
64051;201300042387;0;7;0;0.0;2.0;3.0;1.0;D01
64052;201300042387;0;7;0;0.0;2.0;3.0;1.0;E01
64053;201300042387;0;7;0;0.0;2.0;1.0;1.0;F02
64054;201300042387;0;7;0;0.0;2.0;1.0;1.0;G02
64055;201300042387;0;7;0;0.0;2.0;1.0;1.0;H02
64056;201300042387;0;7;0;0.0;2.0;1.0;1.0;I02
64057;201300042387;0;7;0;0.0;9.0;6.0;0.0;J02
64058;201300042388;0;33;0;0.0;0.0;0.0;0.0;A01
64059;201300042388;0;7;0;0.0;0.0;0.0;0.0;B01
64060;201300042389;0;7;0;0.0;1.0;3.0;15.0;A01
64061;201300042391;0;7;0;0.0;2.0;1.0;0.0;A01
64062;201300042391;0;34;0;0.0;2.0;1.0;0.0;B01
64063;201300042392;0;7;0;12.0;0.0;0.0;0.0;A01
64064;201300042393;2;7;0;0.0;2.0;3.0;0.0;A01
64065;201300042393;0;30;0;0.0;2.0;1.0;1.0;B01
64066;201300042394;0;7;0;0.0;0.0;3.0;2.0;A01
64067;201300042394;1;32;0;0.0;0.0;0.0;0.0;B01
64068;201300042395;0;7;0;0.0;1.0;2.0;0.0;A01
64069;201300042396;0;10;0;0.0;2.0;1.0;1.0;A01
64070;201300042396;0;33;0;0.0;2.0;8.0;1.0;B01
64071;201300042397;0;10;0;14.0;1.0;7.0;1.0;A01
64072;201300042398;0;32;0;0.0;2.0;7.0;1.0;A01
64073;201300042398;0;7;0;0.0;2.0;2.0;15.0;B01
64074;201300042399;2;7;0;12.0;0.0;9.0;0.0;A01
64075;201300042400;0;99;0;0.0;2.0;1.0;2.0;A01
64076;201300042400;0;3;0;0.0;2.0;5.0;1.0;B01
64077;201300042402;0;33;0;0.0;2.0;1.0;5.0;A01
64078;201300042402;0;7;0;0.0;2.0;1.0;16.0;B01
64079;201300042403;0;7;0;0.0;9.0;1.0;0.0;A01
64080;201300042403;0;1;0;0.0;2.0;8.0;0.0;B01
64081;201300042404;0;3;0;0.0;9.0;1.0;2.0;A01
64082;201300042405;0;7;0;0.0;2.0;8.0;10.0;A01
64083;201300042405;0;7;0;0.0;2.0;7.0;2.0;B01
64084;201300042406;0;7;0;0.0;2.0;3.0;0.0;A01
64085;201300042406;0;7;0;0.0;2.0;3.0;0.0;B01
64086;201300042407;0;7;0;1.0;0.0;4.0;23.0;A01
64087;201300042407;0;1;0;1.0;0.0;1.0;0.0;B01
64088;201300042408;0;7;0;0.0;1.0;5.0;5.0;A01
64089;201300042409;0;7;0;1.0;0.0;2.0;2.0;A01
64090;201300042409;0;7;0;0.0;0.0;6.0;0.0;B01
64091;201300042410;0;7;0;0.0;0.0;0.0;12.0;A01
64092;201300042410;0;33;0;0.0;0.0;0.0;1.0;B01
64093;201300042411;1;30;0;0.0;1.0;0.0;0.0;A01
64094;201300042411;0;7;0;0.0;2.0;3.0;23.0;B01
64095;201300042411;0;7;0;0.0;2.0;7.0;23.0;C01
64096;201300042412;0;7;0;0.0;2.0;1.0;1.0;A01
64097;201300042412;0;7;0;0.0;2.0;4.0;2.0;B01
64098;201300042413;0;1;0;0.0;0.0;0.0;0.0;B01
64099;201300042413;1;30;0;0.0;9.0;0.0;0.0;Z01
64100;201300042415;0;7;0;2.0;0.0;2.0;14.0;A01
64101;201300042416;0;7;0;0.0;2.0;0.0;0.0;A01
64102;201300042416;0;2;0;0.0;2.0;1.0;1.0;B01
64103;201300042417;0;7;0;0.0;2.0;1.0;13.0;A01
64104;201300042417;0;7;0;0.0;2.0;2.0;23.0;B01
64105;201300042417;0;7;0;0.0;2.0;4.0;23.0;C01
64106;201300042417;0;7;0;0.0;2.0;4.0;23.0;D01
64107;201300042417;0;7;0;0.0;2.0;4.0;23.0;E01
64108;201300042419;0;7;0;0.0;2.0;3.0;10.0;A01
64109;201300042419;0;30;0;0.0;2.0;2.0;1.0;B01
64110;201300042420;0;7;0;6.0;2.0;2.0;1.0;B01
64111;201300042420;0;7;0;8.0;2.0;3.0;1.0;A01
64112;201300042421;0;7;0;1.0;9.0;3.0;20.0;A01
64113;201300042421;0;30;0;0.0;9.0;1.0;0.0;B01
64114;201300042422;0;7;0;8.0;0.0;1.0;21.0;A01
64115;201300042423;0;7;0;0.0;1.0;2.0;0.0;A01
64116;201300042424;0;7;0;0.0;2.0;8.0;10.0;A01
64117;201300042424;0;32;0;0.0;2.0;1.0;6.0;B01
64118;201300042425;0;99;0;0.0;0.0;1.0;17.0;A01
64119;201300042425;0;7;0;0.0;0.0;6.0;15.0;B01
64120;201300042426;0;7;0;0.0;1.0;1.0;2.0;A01
64121;201300042427;0;7;0;0.0;2.0;7.0;1.0;A01
64122;201300042427;0;37;4;0.0;2.0;2.0;0.0;B01
64123;201300042428;0;7;0;0.0;2.0;2.0;1.0;A01
64124;201300042428;0;33;0;0.0;2.0;1.0;3.0;B01
64125;201300042428;0;7;0;0.0;0.0;0.0;23.0;C01
64126;201300042429;0;7;0;0.0;1.0;7.0;1.0;A01
64127;201300042430;0;1;0;0.0;2.0;1.0;1.0;A01
64128;201300042430;0;7;0;0.0;9.0;7.0;0.0;B01
64129;201300042431;0;7;0;0.0;2.0;3.0;1.0;B01
64130;201300042431;0;7;0;0.0;0.0;1.0;19.0;A01
64131;201300042432;0;7;0;0.0;2.0;2.0;1.0;A01
64132;201300042432;1;30;0;0.0;2.0;3.0;19.0;B01
64133;201300042433;0;10;0;0.0;0.0;8.0;15.0;A01
64134;201300042433;0;34;0;0.0;0.0;0.0;0.0;B01
64135;201300042434;0;7;0;0.0;2.0;2.0;15.0;A01
64136;201300042434;0;31;0;0.0;2.0;1.0;2.0;B01
64137;201300042435;0;7;0;15.0;0.0;1.0;2.0;A01
64138;201300042436;0;7;0;0.0;2.0;3.0;1.0;A01
64139;201300042436;0;7;0;0.0;0.0;5.0;0.0;B01
64140;201300042437;0;7;0;0.0;1.0;7.0;0.0;A01
64141;201300042438;0;32;0;0.0;2.0;1.0;1.0;A01
64142;201300042438;0;7;0;0.0;2.0;1.0;11.0;B01
64143;201300042439;0;33;0;0.0;2.0;0.0;1.0;B01
64144;201300042439;1;7;0;0.0;2.0;0.0;0.0;Z01
64145;201300042440;2;7;0;0.0;1.0;1.0;0.0;Z01
64146;201300042441;0;7;0;0.0;0.0;7.0;10.0;A01
64147;201300042441;0;32;0;0.0;2.0;1.0;1.0;B01
64148;201300042442;0;7;0;0.0;4.0;3.0;10.0;A01
64149;201300042442;0;40;0;0.0;0.0;3.0;1.0;B01
64150;201300042443;0;37;1;0.0;1.0;7.0;1.0;A01
64151;201300042444;0;30;0;3.0;2.0;8.0;18.0;A01
64152;201300042444;0;7;0;0.0;2.0;7.0;1.0;B01
64153;201300042446;0;31;0;0.0;2.0;7.0;3.0;A01
64154;201300042446;0;7;0;0.0;2.0;1.0;15.0;B01
64155;201300042447;0;32;0;0.0;2.0;1.0;2.0;A01
64156;201300042447;0;7;0;0.0;0.0;4.0;2.0;B01
64157;201300042449;0;33;0;0.0;2.0;7.0;0.0;A01
64158;201300042449;0;7;0;0.0;2.0;1.0;1.0;B01
64159;201300042450;0;7;0;0.0;2.0;2.0;10.0;A01
64160;201300042450;0;1;0;0.0;2.0;1.0;1.0;B01
64161;201300042451;0;7;0;0.0;2.0;2.0;15.0;A01
64162;201300042451;0;10;0;0.0;2.0;1.0;2.0;B01
64163;201300042452;0;7;0;0.0;1.0;2.0;1.0;A01
64164;201300042454;0;2;0;0.0;2.0;1.0;2.0;A01
64165;201300042454;0;7;0;0.0;0.0;4.0;2.0;B01
64166;201300042455;0;7;0;0.0;1.0;7.0;0.0;A01
64167;201300042456;0;7;0;0.0;2.0;1.0;1.0;A01
64168;201300042456;0;7;0;0.0;2.0;3.0;1.0;B01
64169;201300042457;0;7;0;0.0;2.0;4.0;23.0;A01
64170;201300042457;0;2;0;0.0;2.0;1.0;2.0;B01
64171;201300042458;1;7;0;0.0;1.0;0.0;0.0;Z01
64172;201300042459;0;2;0;0.0;2.0;3.0;0.0;A01
64173;201300042459;1;7;0;0.0;2.0;3.0;1.0;Z01
64174;201300042461;0;13;0;0.0;2.0;3.0;5.0;A01
64175;201300042461;0;7;0;0.0;2.0;8.0;1.0;B01
64176;201300042462;1;10;0;0.0;1.0;0.0;0.0;Z01
64177;201300042464;0;33;0;0.0;0.0;0.0;23.0;B01
64178;201300042464;2;99;0;0.0;0.0;0.0;0.0;Z01
64179;201300042465;0;13;0;0.0;2.0;5.0;1.0;A01
64180;201300042465;0;1;0;0.0;2.0;1.0;14.0;B01
64181;201300042467;0;7;0;0.0;1.0;1.0;1.0;A01
64182;201300042468;0;7;0;0.0;2.0;3.0;15.0;A01
64183;201300042468;0;34;0;0.0;2.0;1.0;17.0;B01
64184;201300042469;0;7;0;0.0;1.0;1.0;2.0;A01
64185;201300042470;0;7;0;0.0;2.0;3.0;2.0;B01
64186;201300042470;0;7;0;0.0;0.0;3.0;13.0;A01
64187;201300042471;0;30;0;0.0;1.0;1.0;1.0;A01
64188;201300042472;1;3;0;0.0;1.0;0.0;0.0;Z01
64189;201300042473;0;7;0;0.0;1.0;2.0;15.0;A01
64190;201300042474;0;7;0;0.0;2.0;0.0;22.0;A01
64191;201300042474;0;32;0;1.0;1.0;1.0;17.0;B01
64192;201300042475;0;31;0;0.0;2.0;0.0;0.0;A01
64193;201300042475;1;7;0;0.0;2.0;0.0;0.0;Z01
64194;201300042476;1;30;0;0.0;1.0;5.0;5.0;Z01
64195;201300042477;0;7;0;0.0;1.0;1.0;1.0;A01
64196;201300042478;0;13;0;0.0;2.0;3.0;11.0;A01
64197;201300042478;0;32;0;0.0;0.0;5.0;2.0;B01
64198;201300042479;0;1;0;0.0;2.0;0.0;2.0;A01
64199;201300042479;0;34;0;0.0;2.0;0.0;0.0;B01
64200;201300042480;0;7;0;0.0;1.0;2.0;2.0;A01
64201;201300042481;1;99;0;0.0;1.0;2.0;16.0;Z01
64202;201300042482;0;7;0;8.0;0.0;8.0;15.0;A01
64203;201300042482;0;40;0;0.0;0.0;1.0;0.0;B01
64204;201300042483;0;7;0;0.0;1.0;2.0;1.0;A01
64205;201300042484;0;7;0;9.0;0.0;3.0;1.0;A01
64206;201300042485;1;7;0;0.0;1.0;0.0;0.0;Z01
64207;201300042486;0;7;0;0.0;1.0;1.0;17.0;A01
64208;201300042487;0;32;0;0.0;1.0;1.0;2.0;A01
64209;201300042488;0;7;0;0.0;1.0;7.0;0.0;A01
64210;201300042489;0;14;0;0.0;2.0;8.0;10.0;A01
64211;201300042489;0;32;0;0.0;2.0;0.0;1.0;B01
64212;201300042490;0;30;0;0.0;2.0;0.0;0.0;A01
64213;201300042490;1;99;0;0.0;2.0;0.0;0.0;Z01
64214;201300042491;0;3;0;0.0;1.0;1.0;1.0;A01
64215;201300042492;0;7;0;0.0;1.0;1.0;0.0;A01
64216;201300042493;0;7;0;0.0;1.0;3.0;21.0;A01
64217;201300042494;0;7;0;0.0;1.0;2.0;2.0;A01
64218;201300042495;0;7;0;0.0;2.0;1.0;2.0;A01
64219;201300042495;0;7;0;0.0;2.0;0.0;23.0;B01
64220;201300042495;0;7;0;0.0;2.0;0.0;23.0;C01
64221;201300042495;0;7;0;0.0;0.0;0.0;23.0;D01
64222;201300042496;0;30;0;1.0;0.0;8.0;7.0;A01
64223;201300042496;0;10;0;1.0;2.0;2.0;0.0;B01
64224;201300042497;0;7;0;0.0;0.0;1.0;2.0;A01
64225;201300042497;0;32;0;0.0;0.0;1.0;2.0;B01
64226;201300042498;0;7;0;12.0;2.0;1.0;13.0;A01
64227;201300042498;0;7;0;0.0;2.0;1.0;2.0;B01
64228;201300042499;1;30;0;0.0;1.0;0.0;0.0;Z01
64229;201300042502;0;1;0;0.0;2.0;1.0;1.0;A01
64230;201300042502;0;38;1;0.0;2.0;4.0;1.0;B01
64231;201300042503;0;7;0;0.0;2.0;1.0;2.0;A01