;Num_Acc;senc;catv;occutc;obs;obsm;choc;manv;num_veh
64232;201300042503;0;10;0;0.0;2.0;4.0;2.0;B01
64233;201300042504;0;10;0;0.0;1.0;4.0;1.0;Z01
64234;201300042506;0;31;0;0.0;2.0;2.0;0.0;A01
64235;201300042506;0;10;0;0.0;2.0;3.0;9.0;B01
64236;201300042507;0;34;0;0.0;1.0;1.0;1.0;A01
64237;201300042508;0;7;0;1.0;1.0;1.0;2.0;A01
64238;201300042509;0;7;0;0.0;2.0;7.0;15.0;A01
64239;201300042509;0;33;0;0.0;2.0;1.0;1.0;B01
64240;201300042510;0;7;0;0.0;2.0;0.0;13.0;A01
64241;201300042510;0;33;0;1.0;2.0;1.0;2.0;B01
64242;201300042511;0;7;0;0.0;1.0;1.0;1.0;A01
64243;201300042513;0;7;0;0.0;1.0;1.0;0.0;A01
64244;201300042515;0;7;0;11.0;9.0;1.0;5.0;A01
64245;201300042515;0;7;0;0.0;9.0;3.0;0.0;B01
64246;201300042516;0;7;0;1.0;0.0;2.0;0.0;A01
64247;201300042517;0;7;0;0.0;2.0;1.0;1.0;A01
64248;201300042517;0;7;0;0.0;2.0;3.0;9.0;B01
64249;201300042519;0;10;0;0.0;1.0;3.0;0.0;A01
64250;201300042520;0;7;0;0.0;2.0;1.0;15.0;A01
64251;201300042520;0;7;0;0.0;2.0;1.0;1.0;B01
64252;201300042521;0;7;0;0.0;0.0;8.0;10.0;A01
64253;201300042521;0;32;0;0.0;2.0;1.0;2.0;B01
64254;201300042522;0;7;0;0.0;2.0;8.0;1.0;B01
64255;201300042522;0;7;0;0.0;2.0;1.0;1.0;A01
64256;201300042523;0;7;0;0.0;1.0;3.0;1.0;A01
64257;201300042524;0;33;0;0.0;2.0;2.0;2.0;B01
64258;201300042524;0;30;0;0.0;2.0;1.0;0.0;A01
64259;201300042525;0;1;0;0.0;2.0;7.0;1.0;B01
64260;201300042525;1;30;0;0.0;0.0;0.0;0.0;Z01
64261;201300042526;0;2;0;8.0;0.0;1.0;0.0;A01
64262;201300042527;0;7;0;0.0;2.0;2.0;0.0;A01
64263;201300042527;0;33;0;0.0;2.0;1.0;1.0;B01
64264;201300042528;0;7;0;14.0;2.0;1.0;21.0;A01
64265;201300042528;0;1;0;0.0;0.0;3.0;19.0;B01
64266;201300042529;0;7;0;0.0;0.0;1.0;1.0;A01
64267;201300042529;0;33;0;0.0;0.0;7.0;1.0;B01
64268;201300042530;0;10;0;0.0;0.0;1.0;0.0;B01
64269;201300042530;0;1;0;0.0;0.0;0.0;0.0;A01
64270;201300042531;0;7;0;0.0;2.0;2.0;1.0;A01
64271;201300042531;0;30;0;0.0;0.0;4.0;1.0;B01
64272;201300042532;0;7;0;0.0;2.0;3.0;1.0;A01
64273;201300042532;0;1;0;1.0;2.0;2.0;9.0;B01
64274;201300042533;1;7;0;0.0;0.0;0.0;0.0;Z01
64275;201300042533;0;2;0;0.0;2.0;8.0;2.0;B01
64276;201300042534;0;33;0;0.0;1.0;2.0;2.0;A01
64277;201300042536;0;10;0;1.0;0.0;3.0;2.0;A01
64278;201300042537;0;7;0;9.0;0.0;1.0;21.0;A01
64279;201300042538;0;31;0;0.0;2.0;2.0;1.0;A01
64280;201300042538;0;7;0;0.0;2.0;3.0;9.0;B01
64281;201300042539;0;7;0;0.0;2.0;2.0;2.0;A01
64282;201300042539;0;1;0;0.0;2.0;8.0;9.0;B01
64283;201300042540;0;13;0;0.0;2.0;3.0;13.0;A01
64284;201300042540;0;13;0;0.0;2.0;3.0;2.0;B01
64285;201300042541;0;31;0;0.0;1.0;2.0;1.0;A01
64286;201300042542;0;31;0;0.0;1.0;3.0;1.0;A01
64287;201300042542;0;10;0;0.0;1.0;0.0;2.0;B01
64288;201300042543;0;10;0;0.0;9.0;3.0;22.0;A01
64289;201300042543;0;1;0;1.0;0.0;8.0;2.0;B02
64290;201300042544;0;7;0;0.0;0.0;3.0;0.0;B01
64291;201300042544;0;33;0;0.0;2.0;1.0;0.0;A01
64292;201300042545;0;7;0;0.0;2.0;1.0;2.0;B01
64293;201300042545;0;7;0;0.0;2.0;7.0;2.0;A01
64294;201300042546;0;30;0;0.0;0.0;1.0;1.0;A01
64295;201300042547;0;32;0;0.0;2.0;8.0;2.0;A01
64296;201300042547;1;7;0;0.0;0.0;7.0;2.0;Z01
64297;201300042548;0;7;0;0.0;1.0;3.0;0.0;A01
64298;201300042549;0;7;0;0.0;0.0;3.0;22.0;A01
64299;201300042549;0;1;0;1.0;0.0;0.0;2.0;B02
64300;201300042550;0;31;0;0.0;2.0;0.0;0.0;B01
64301;201300042550;1;7;0;0.0;0.0;0.0;0.0;Z01
64302;201300042551;0;7;0;0.0;0.0;6.0;15.0;A01
64303;201300042551;0;33;0;0.0;9.0;1.0;0.0;B01
64304;201300042552;0;7;0;1.0;2.0;1.0;1.0;A01
64305;201300042552;0;31;0;15.0;2.0;8.0;1.0;B01
64306;201300042553;0;7;0;0.0;2.0;7.0;9.0;A01
64307;201300042553;0;30;0;0.0;2.0;1.0;0.0;B01
64308;201300042554;0;7;0;0.0;0.0;3.0;2.0;B01
64309;201300042554;0;7;0;0.0;2.0;1.0;15.0;A01
64310;201300042555;0;7;0;0.0;2.0;0.0;0.0;A01
64311;201300042555;0;30;0;0.0;2.0;0.0;0.0;B01
64312;201300042556;0;7;0;0.0;0.0;2.0;1.0;A01
64313;201300042556;0;31;0;0.0;2.0;1.0;0.0;B01
64314;201300042557;0;7;0;0.0;1.0;4.0;4.0;A01
64315;201300042558;2;10;0;11.0;0.0;2.0;0.0;A01
64316;201300042559;0;33;0;0.0;2.0;1.0;17.0;A01
64317;201300042559;0;7;0;0.0;2.0;3.0;9.0;B01
64318;201300042559;0;7;0;0.0;2.0;8.0;2.0;C01
64319;201300042560;0;7;0;0.0;2.0;2.0;0.0;A01
64320;201300042560;0;32;0;0.0;2.0;1.0;1.0;B01
64321;201300042561;0;33;0;0.0;0.0;0.0;0.0;A01
64322;201300042561;0;7;0;0.0;0.0;0.0;0.0;B01
64323;201300042562;0;33;0;0.0;1.0;1.0;0.0;A01
64324;201300042564;0;7;0;0.0;2.0;6.0;10.0;A01
64325;201300042564;0;34;0;0.0;2.0;1.0;1.0;B01
64326;201300042565;0;33;0;0.0;2.0;3.0;2.0;B01
64327;201300042565;0;7;0;0.0;2.0;5.0;2.0;A01
64328;201300042566;0;7;0;1.0;2.0;2.0;1.0;B01
64329;201300042566;1;7;0;0.0;2.0;0.0;9.0;Z01
64330;201300042567;0;31;0;0.0;1.0;1.0;1.0;A01
64331;201300042568;0;10;0;14.0;0.0;0.0;4.0;A01
64332;201300042568;0;32;0;0.0;0.0;8.0;23.0;B01
64333;201300042569;1;32;0;0.0;1.0;1.0;2.0;Z01
64334;201300042570;0;7;0;0.0;1.0;2.0;11.0;A01
64335;201300042571;0;33;0;0.0;1.0;1.0;1.0;A01
64336;201300042572;0;32;0;0.0;1.0;3.0;2.0;A01
64337;201300042573;0;7;0;0.0;2.0;3.0;1.0;A01
64338;201300042573;0;7;0;0.0;2.0;2.0;15.0;B01
64339;201300042574;0;33;0;0.0;2.0;3.0;0.0;A01
64340;201300042574;1;7;0;0.0;0.0;0.0;0.0;Z01
64341;201300042575;0;7;0;0.0;0.0;3.0;0.0;A01
64342;201300042575;0;2;0;0.0;0.0;1.0;0.0;B01
64343;201300042576;0;33;0;1.0;0.0;1.0;18.0;A01
64344;201300042577;0;7;0;0.0;2.0;7.0;15.0;A01
64345;201300042577;0;7;0;0.0;2.0;1.0;1.0;B01
64346;201300042578;0;7;0;0.0;1.0;0.0;0.0;A01
64347;201300042579;0;7;0;0.0;0.0;8.0;1.0;A01
64348;201300042579;0;13;0;1.0;0.0;2.0;1.0;B01
64349;201300042581;0;7;0;0.0;1.0;2.0;2.0;A01
64350;201300042582;0;10;0;0.0;2.0;7.0;9.0;A01
64351;201300042582;0;33;0;0.0;2.0;8.0;1.0;B01
64352;201300042583;0;7;0;0.0;2.0;7.0;21.0;A01
64353;201300042583;0;34;0;0.0;2.0;1.0;18.0;B01
64354;201300042584;2;7;0;0.0;1.0;1.0;0.0;Z01
64355;201300042585;0;7;0;0.0;2.0;1.0;1.0;A01
64356;201300042585;0;7;0;0.0;2.0;2.0;1.0;B01
64357;201300042586;0;7;0;1.0;0.0;7.0;5.0;A01
64358;201300042586;0;7;0;1.0;0.0;1.0;9.0;B01
64359;201300042587;0;34;0;12.0;0.0;0.0;1.0;A01
64360;201300042588;0;7;0;0.0;2.0;1.0;2.0;A01
64361;201300042588;0;7;0;0.0;0.0;4.0;2.0;B01
64362;201300042588;0;7;0;0.0;0.0;4.0;2.0;C01
64363;201300042589;0;7;0;0.0;1.0;1.0;1.0;A01
64364;201300042590;0;7;0;0.0;1.0;3.0;1.0;A01
64365;201300042591;0;7;0;0.0;0.0;2.0;10.0;A01
64366;201300042591;0;33;0;0.0;0.0;1.0;0.0;B01
64367;201300042592;1;99;0;8.0;0.0;0.0;0.0;Z01
64368;201300042593;0;32;0;0.0;2.0;1.0;1.0;A01
64369;201300042593;0;7;0;0.0;2.0;3.0;15.0;B01
64370;201300042595;0;99;0;12.0;2.0;8.0;1.0;A01
64371;201300042595;0;7;0;0.0;0.0;3.0;0.0;B01
64372;201300042596;0;7;0;0.0;2.0;1.0;1.0;B01
64373;201300042596;0;7;0;0.0;2.0;2.0;1.0;A01
64374;201300042597;0;7;0;0.0;1.0;8.0;2.0;A01
64375;201300042598;0;7;0;1.0;5.0;1.0;11.0;A01
64376;201300042599;0;7;0;0.0;0.0;0.0;0.0;A01
64377;201300042599;0;7;0;1.0;0.0;0.0;0.0;B01
64378;201300042600;2;7;0;0.0;0.0;1.0;1.0;A01
64379;201300042601;0;7;0;0.0;2.0;2.0;1.0;B01
64380;201300042601;0;7;0;0.0;2.0;1.0;1.0;A01
64381;201300042602;0;7;0;0.0;2.0;0.0;0.0;A01
64382;201300042602;1;30;0;0.0;2.0;0.0;0.0;B01
64383;201300042604;0;3;0;0.0;2.0;3.0;1.0;A01
64384;201300042604;0;7;0;0.0;2.0;8.0;1.0;B01
64385;201300042605;0;7;0;0.0;2.0;6.0;1.0;B01
64386;201300042605;0;7;0;0.0;2.0;1.0;1.0;A01
64387;201300042606;0;10;0;0.0;0.0;0.0;0.0;A01
64388;201300042606;0;33;0;0.0;0.0;8.0;0.0;B01
64389;201300042607;0;7;0;0.0;0.0;1.0;0.0;A01
64390;201300042608;0;1;0;0.0;2.0;0.0;0.0;A01
64391;201300042608;0;7;0;0.0;2.0;0.0;0.0;B01
64392;201300042609;0;7;0;0.0;2.0;3.0;1.0;A01
64393;201300042609;0;7;0;0.0;2.0;2.0;1.0;B01
64394;201300042611;0;37;3;0.0;2.0;3.0;0.0;B01
64395;201300042611;1;7;0;0.0;2.0;0.0;0.0;A01
64396;201300042612;0;2;0;12.0;0.0;7.0;14.0;A01
64397;201300042613;2;7;0;14.0;0.0;1.0;2.0;A01
64398;201300042613;0;10;0;14.0;2.0;4.0;1.0;B01
64399;201300042613;0;7;0;0.0;2.0;4.0;1.0;C01
64400;201300042614;0;7;0;0.0;2.0;1.0;1.0;A01
64401;201300042614;0;33;0;0.0;0.0;8.0;1.0;B01
64402;201300042615;0;7;0;0.0;1.0;1.0;1.0;A01
64403;201300042616;0;7;0;15.0;2.0;7.0;1.0;A01
64404;201300042616;0;10;0;0.0;2.0;3.0;0.0;B01
64405;201300042617;0;7;0;0.0;2.0;1.0;5.0;A01
64406;201300042617;0;7;0;0.0;2.0;1.0;2.0;B01
64407;201300042618;0;7;0;;1.0;0.0;0.0;A01
64408;201300042619;0;7;0;9.0;1.0;1.0;1.0;A01
64409;201300042621;0;7;0;0.0;1.0;1.0;0.0;A01
64410;201300042622;0;7;0;0.0;2.0;1.0;2.0;A01
64411;201300042622;0;7;0;0.0;0.0;0.0;0.0;B01
64412;201300042623;0;7;0;0.0;1.0;1.0;1.0;A01
64413;201300042624;0;7;0;0.0;2.0;1.0;2.0;A01
64414;201300042624;0;7;0;0.0;2.0;4.0;2.0;B01
64415;201300042624;0;7;0;0.0;2.0;4.0;2.0;C01
64416;201300042625;0;7;0;12.0;0.0;1.0;1.0;A01
64417;201300042626;0;7;0;0.0;1.0;2.0;1.0;A01
64418;201300042628;0;37;0;0.0;2.0;2.0;19.0;A01
64419;201300042628;0;7;0;0.0;9.0;3.0;16.0;B01
64420;201300042629;0;7;0;0.0;1.0;2.0;16.0;A01
64421;201300042630;0;7;0;0.0;1.0;2.0;1.0;A01
64422;201300042631;0;37;10;0.0;1.0;3.0;0.0;A01
64423;201300042632;0;7;0;6.0;1.0;1.0;2.0;A01
64424;201300042634;1;99;0;0.0;1.0;2.0;0.0;A01
64425;201300042635;0;10;0;0.0;1.0;0.0;15.0;A01
64426;201300042636;0;7;0;1.0;0.0;2.0;1.0;A01
64427;201300042637;0;7;0;0.0;1.0;2.0;1.0;A01
64428;201300042638;0;7;0;0.0;2.0;1.0;0.0;A01
64429;201300042638;0;7;0;0.0;2.0;4.0;0.0;B01
64430;201300042639;0;40;0;0.0;2.0;2.0;11.0;A01
64431;201300042639;0;7;0;0.0;2.0;2.0;19.0;B01
64432;201300042640;0;33;0;0.0;2.0;1.0;2.0;A01
64433;201300042640;0;7;0;0.0;2.0;8.0;2.0;B01
64434;201300042641;0;7;0;0.0;2.0;1.0;2.0;A01
64435;201300042641;0;7;0;0.0;2.0;4.0;2.0;B01
64436;201300042642;0;3;0;0.0;1.0;1.0;0.0;A01
64437;201300042643;0;7;0;0.0;1.0;4.0;0.0;A01
64438;201300042644;0;7;0;1.0;2.0;5.0;11.0;A01
64439;201300042644;0;37;1;0.0;2.0;3.0;11.0;B01
64440;201300042645;0;33;0;0.0;2.0;1.0;16.0;A01
64441;201300042645;0;7;0;0.0;2.0;2.0;15.0;B01
64442;201300042646;0;3;0;0.0;2.0;3.0;15.0;A01
64443;201300042646;0;32;0;0.0;2.0;2.0;17.0;B01
64444;201300042647;0;10;0;0.0;1.0;2.0;0.0;A01
64445;201300042648;0;10;0;9.0;1.0;1.0;21.0;A01
64446;201300042649;0;33;0;2.0;0.0;2.0;2.0;A01
64447;201300042649;0;7;0;0.0;0.0;6.0;2.0;B01
64448;201300042650;0;7;0;0.0;1.0;2.0;1.0;A01
64449;201300042651;0;10;0;0.0;2.0;3.0;10.0;A01
64450;201300042651;0;33;0;0.0;2.0;5.0;1.0;B01
64451;201300042652;0;7;0;0.0;2.0;1.0;1.0;B01
64452;201300042652;0;7;0;0.0;2.0;5.0;1.0;A01
64453;201300042653;0;1;0;0.0;2.0;3.0;1.0;B01
64454;201300042653;0;7;0;0.0;0.0;1.0;16.0;A01
64455;201300042654;0;7;0;0.0;2.0;7.0;15.0;A01
64456;201300042654;0;32;0;0.0;2.0;1.0;2.0;B01
64457;201300042655;0;7;0;0.0;1.0;3.0;1.0;A01
64458;201300042656;0;2;0;0.0;0.0;1.0;19.0;A01
64459;201300042656;0;7;0;0.0;0.0;8.0;19.0;B01
64460;201300042657;0;7;0;0.0;0.0;1.0;2.0;A01
64461;201300042657;0;7;0;0.0;0.0;4.0;2.0;B01
64462;201300042658;0;7;0;0.0;2.0;8.0;10.0;A01
64463;201300042658;0;7;0;0.0;2.0;3.0;1.0;B01
64464;201300042659;0;7;0;0.0;0.0;0.0;0.0;B01
64465;201300042659;0;7;0;0.0;0.0;0.0;0.0;A01
64466;201300042660;1;7;0;0.0;1.0;0.0;0.0;A01
64467;201300042661;0;7;0;2.0;0.0;8.0;1.0;A01
64468;201300042662;0;7;0;9.0;2.0;7.0;1.0;A01
64469;201300042662;0;7;0;0.0;2.0;1.0;1.0;B01
64470;201300042663;0;7;0;0.0;2.0;1.0;2.0;A01
64471;201300042663;0;10;0;0.0;0.0;4.0;2.0;B01
64472;201300042666;0;7;0;0.0;2.0;5.0;21.0;B01
64473;201300042666;0;7;0;0.0;2.0;3.0;15.0;A01
64474;201300042667;0;7;0;0.0;1.0;1.0;16.0;A01
64475;201300042668;0;7;0;0.0;1.0;7.0;1.0;A01
64476;201300042670;0;7;0;0.0;0.0;2.0;15.0;A01
64477;201300042670;0;7;0;0.0;2.0;1.0;1.0;B01
64478;201300042671;0;7;0;0.0;2.0;3.0;1.0;A01
64479;201300042671;0;7;0;0.0;2.0;2.0;1.0;B01
64480;201300042672;0;7;0;0.0;2.0;1.0;13.0;A01
64481;201300042672;0;10;0;0.0;2.0;1.0;1.0;B01
64482;201300042673;0;7;0;0.0;1.0;2.0;0.0;A01
64483;201300042674;0;7;0;0.0;1.0;5.0;1.0;A01
64484;201300042675;0;1;0;0.0;0.0;1.0;2.0;A01
64485;201300042675;0;7;0;0.0;0.0;7.0;2.0;B01
64486;201300042676;0;33;0;0.0;2.0;1.0;0.0;A01
64487;201300042676;0;7;0;0.0;2.0;5.0;0.0;B01
64488;201300042677;0;31;0;0.0;2.0;1.0;1.0;A01
64489;201300042677;0;7;0;0.0;2.0;4.0;1.0;B01
64490;201300042677;0;7;0;0.0;2.0;4.0;1.0;C01
64491;201300042678;0;37;1;0.0;1.0;2.0;2.0;A01
64492;201300042679;1;30;0;0.0;0.0;0.0;0.0;A01
64493;201300042680;0;7;0;0.0;1.0;2.0;2.0;A01
64494;201300042681;0;1;0;0.0;2.0;1.0;0.0;A01
64495;201300042681;0;7;0;0.0;0.0;1.0;0.0;B01
64496;201300042682;0;13;0;0.0;1.0;0.0;0.0;A01
64497;201300042683;0;37;1;0.0;1.0;2.0;1.0;A01
64498;201300042684;0;7;0;0.0;2.0;2.0;2.0;A01
64499;201300042684;0;7;0;0.0;2.0;3.0;2.0;B01
64500;201300042685;0;7;0;0.0;2.0;2.0;2.0;A01
64501;201300042685;0;34;0;0.0;2.0;8.0;2.0;B01
64502;201300042686;0;30;0;0.0;9.0;1.0;1.0;A01
64503;201300042686;0;1;0;0.0;2.0;1.0;1.0;B01
64504;201300042687;0;7;0;0.0;2.0;8.0;15.0;A01
64505;201300042687;0;33;0;0.0;0.0;0.0;21.0;B01
64506;201300042688;0;7;0;0.0;9.0;3.0;15.0;A01
64507;201300042688;0;1;0;0.0;2.0;1.0;5.0;B01
64508;201300042689;0;7;0;0.0;2.0;7.0;17.0;A01
64509;201300042689;0;33;0;0.0;2.0;8.0;15.0;B01
64510;201300042690;0;33;0;0.0;2.0;8.0;16.0;B01
64511;201300042690;0;7;0;0.0;2.0;3.0;15.0;A01
64512;201300042691;0;7;0;0.0;1.0;2.0;11.0;A01
64513;201300042692;0;7;0;0.0;2.0;7.0;0.0;A01
64514;201300042692;0;7;0;0.0;2.0;8.0;16.0;B01
64515;201300042693;0;36;0;0.0;2.0;9.0;17.0;A01
64516;201300042693;0;7;0;0.0;0.0;8.0;24.0;B01
64517;201300042693;0;7;0;0.0;0.0;7.0;24.0;C01
64518;201300042694;0;7;0;0.0;2.0;1.0;1.0;A01
64519;201300042694;0;7;0;0.0;0.0;4.0;1.0;B01
64520;201300042695;0;7;0;0.0;2.0;1.0;0.0;A01
64521;201300042695;0;7;0;0.0;2.0;2.0;0.0;B01
64522;201300042697;0;7;0;0.0;1.0;0.0;1.0;A01
64523;201300042699;0;7;0;0.0;0.0;1.0;2.0;A01
64524;201300042699;0;31;0;0.0;0.0;4.0;0.0;B01
64525;201300042699;0;7;0;0.0;2.0;6.0;2.0;C01
64526;201300042699;0;7;0;0.0;2.0;4.0;0.0;D01
64527;201300042700;0;7;0;0.0;2.0;1.0;1.0;B01
64528;201300042700;0;7;0;0.0;2.0;8.0;1.0;A01
64529;201300042701;0;10;0;8.0;0.0;1.0;0.0;A01
64530;201300042702;0;7;0;0.0;0.0;8.0;2.0;A01
64531;201300042702;0;33;0;0.0;2.0;1.0;13.0;B01
64532;201300042703;0;7;0;0.0;0.0;1.0;15.0;A01
64533;201300042703;0;34;0;0.0;0.0;1.0;1.0;B01
64534;201300042704;0;7;0;1.0;0.0;2.0;11.0;A01
64535;201300042704;0;33;0;0.0;2.0;0.0;0.0;B01
64536;201300042705;0;7;0;0.0;0.0;1.0;2.0;A01
64537;201300042705;0;7;0;0.0;0.0;3.0;2.0;B01
64538;201300042705;0;7;0;0.0;0.0;4.0;2.0;C01
64539;201300042706;0;7;0;0.0;2.0;1.0;0.0;A01
64540;201300042706;0;7;0;0.0;2.0;4.0;23.0;B01
64541;201300042706;0;7;0;0.0;2.0;4.0;1.0;C01
64542;201300042707;0;7;0;0.0;2.0;1.0;1.0;A01
64543;201300042707;0;7;0;0.0;0.0;3.0;0.0;B01
64544;201300042708;0;7;0;0.0;0.0;1.0;2.0;A01
64545;201300042708;0;7;0;0.0;0.0;4.0;2.0;B01
64546;201300042709;0;7;0;0.0;2.0;1.0;21.0;A01
64547;201300042709;0;7;0;0.0;2.0;6.0;23.0;B01
64548;201300042709;0;7;0;0.0;2.0;8.0;23.0;C01
64549;201300042710;0;10;0;0.0;2.0;1.0;2.0;A01
64550;201300042710;0;7;0;0.0;2.0;4.0;2.0;B01
64551;201300042711;0;30;0;0.0;2.0;2.0;0.0;A01
64552;201300042711;0;7;0;0.0;2.0;3.0;0.0;B01
64553;201300042713;0;31;0;0.0;2.0;7.0;15.0;B01
64554;201300042713;0;7;0;0.0;2.0;1.0;2.0;A01
64555;201300042714;0;7;0;0.0;1.0;3.0;15.0;A01
64556;201300042715;0;7;0;0.0;2.0;2.0;2.0;A01
64557;201300042715;0;7;0;0.0;2.0;4.0;2.0;B01
64558;201300042717;0;3;0;0.0;0.0;4.0;2.0;A01
64559;201300042717;0;3;0;0.0;2.0;1.0;2.0;B01
64560;201300042717;0;3;0;0.0;2.0;1.0;2.0;C01
64561;201300042717;0;3;0;0.0;2.0;1.0;2.0;D01
64562;201300042718;0;7;0;0.0;2.0;1.0;2.0;A01
64563;201300042718;0;7;0;0.0;0.0;4.0;2.0;B01
64564;201300042719;0;7;0;0.0;1.0;1.0;2.0;A01
64565;201300042720;0;7;0;4.0;0.0;1.0;0.0;A01
64566;201300042721;0;33;0;0.0;2.0;1.0;0.0;A01
64567;201300042721;0;7;0;0.0;2.0;1.0;1.0;B01
64568;201300042722;0;7;0;0.0;2.0;2.0;1.0;A01
64569;201300042722;0;7;0;0.0;2.0;2.0;15.0;B01
64570;201300042723;0;7;0;0.0;2.0;2.0;1.0;A01
64571;201300042723;0;1;0;0.0;0.0;4.0;3.0;B01
64572;201300042724;0;33;0;0.0;2.0;3.0;12.0;A01
64573;201300042724;0;7;0;0.0;9.0;3.0;1.0;B01
64574;201300042725;0;7;0;0.0;2.0;1.0;0.0;A01
64575;201300042725;0;7;0;0.0;2.0;7.0;15.0;B01
64576;201300042726;0;7;0;0.0;2.0;2.0;0.0;A01
64577;201300042726;0;32;0;0.0;2.0;1.0;0.0;B01
64578;201300042727;0;7;0;0.0;2.0;3.0;2.0;A01
64579;201300042727;0;7;0;0.0;2.0;8.0;2.0;B01
64580;201300042728;0;13;0;1.0;2.0;0.0;0.0;A01
64581;201300042728;0;7;0;12.0;2.0;6.0;2.0;B01
64582;201300042729;0;10;0;0.0;1.0;1.0;17.0;A01
64583;201300042730;0;7;0;0.0;2.0;7.0;15.0;A01
64584;201300042730;0;7;0;0.0;2.0;2.0;1.0;B01
64585;201300042731;0;7;0;0.0;0.0;1.0;0.0;A01
64586;201300042731;0;7;0;0.0;0.0;7.0;0.0;B01
64587;201300042732;0;3;0;12.0;0.0;1.0;6.0;A01
64588;201300042733;0;33;0;0.0;2.0;2.0;21.0;B01
64589;201300042733;0;7;0;0.0;9.0;3.0;9.0;A01
64590;201300042734;0;7;0;0.0;1.0;7.0;2.0;A01
64591;201300042735;0;7;0;3.0;0.0;1.0;0.0;A01
64592;201300042736;0;7;0;0.0;2.0;1.0;0.0;B01
64593;201300042736;0;7;0;0.0;2.0;3.0;0.0;A01
64594;201300042737;0;7;0;0.0;9.0;1.0;0.0;A01
64595;201300042737;0;1;0;0.0;2.0;8.0;0.0;B01
64596;201300042738;0;7;0;14.0;0.0;0.0;0.0;A01
64597;201300042739;0;7;0;0.0;2.0;4.0;1.0;A01
64598;201300042739;1;30;0;1.0;0.0;1.0;2.0;B01
64599;201300042740;0;7;0;0.0;2.0;7.0;0.0;A01
64600;201300042740;0;7;0;0.0;2.0;1.0;1.0;B01
64601;201300042741;0;7;0;0.0;2.0;4.0;0.0;A01
64602;201300042741;0;7;0;0.0;0.0;0.0;0.0;B01
64603;201300042742;0;7;0;0.0;1.0;3.0;9.0;A01
64604;201300042743;0;7;0;1.0;0.0;2.0;0.0;A01
64605;201300042743;0;7;0;0.0;0.0;6.0;0.0;B01
64606;201300042744;0;7;0;0.0;2.0;1.0;2.0;A01
64607;201300042744;0;7;0;0.0;2.0;4.0;2.0;B01
64608;201300042744;0;7;0;0.0;2.0;4.0;2.0;C01
64609;201300042745;0;7;0;0.0;2.0;8.0;19.0;A01
64610;201300042745;0;7;0;0.0;2.0;1.0;19.0;B01
64611;201300042746;0;7;0;0.0;2.0;1.0;0.0;A01
64612;201300042746;0;7;0;0.0;2.0;1.0;0.0;B01
64613;201300042747;0;7;0;0.0;1.0;1.0;12.0;A01
64614;201300042748;0;37;0;0.0;1.0;0.0;0.0;A01
64615;201300042750;0;37;1;2.0;0.0;1.0;0.0;A01
64616;201300042751;0;7;0;0.0;1.0;2.0;2.0;A01
64617;201300042753;0;7;0;0.0;1.0;4.0;4.0;A01
64618;201300042754;0;7;0;0.0;2.0;6.0;4.0;A01
64619;201300042754;0;33;0;0.0;2.0;1.0;1.0;B01
64620;201300042755;0;1;0;0.0;2.0;1.0;19.0;B01
64621;201300042755;0;14;0;0.0;2.0;2.0;16.0;A01
64622;201300042756;0;7;0;0.0;1.0;3.0;1.0;A01
64623;201300042757;0;1;0;0.0;2.0;1.0;1.0;B01
64624;201300042757;0;7;0;0.0;0.0;1.0;15.0;A01
64625;201300042758;1;30;0;0.0;1.0;0.0;0.0;A01
64626;201300042759;0;7;0;0.0;9.0;2.0;16.0;A01
64627;201300042759;0;1;0;0.0;2.0;1.0;1.0;B01
64628;201300042760;0;7;0;0.0;2.0;6.0;9.0;B01
64629;201300042760;0;3;0;0.0;2.0;2.0;1.0;A01
64630;201300042762;0;7;0;0.0;2.0;1.0;1.0;B01
64631;201300042762;0;33;0;0.0;2.0;7.0;1.0;A01
64632;201300042763;1;7;0;0.0;1.0;1.0;16.0;A01
64633;201300042764;0;14;0;0.0;0.0;3.0;23.0;B01
64634;201300042764;0;7;0;0.0;0.0;3.0;15.0;A01
64635;201300042765;0;33;0;0.0;2.0;1.0;1.0;B01
64636;201300042765;0;7;0;0.0;0.0;7.0;10.0;A01
64637;201300042766;0;7;0;0.0;1.0;3.0;2.0;A01
64638;201300042767;0;36;0;1.0;0.0;1.0;17.0;A01
64639;201300042769;0;2;0;0.0;2.0;1.0;2.0;A01
64640;201300042769;0;7;0;0.0;2.0;3.0;15.0;B01
64641;201300042770;0;34;0;0.0;2.0;2.0;15.0;A01
64642;201300042770;0;7;0;0.0;2.0;3.0;2.0;B01
64643;201300042771;0;7;0;0.0;0.0;6.0;19.0;A01
64644;201300042771;0;7;0;0.0;2.0;1.0;1.0;B01
64645;201300042773;2;7;0;0.0;1.0;1.0;0.0;A01
64646;201300042774;0;7;0;0.0;1.0;2.0;2.0;A01
64647;201300042775;0;30;0;0.0;2.0;7.0;1.0;B01
64648;201300042775;0;7;0;0.0;2.0;3.0;10.0;A01
64649;201300042776;0;2;0;0.0;0.0;1.0;15.0;A01
64650;201300042776;0;2;0;0.0;2.0;7.0;1.0;B01
64651;201300042777;0;7;0;0.0;2.0;1.0;2.0;A01
64652;201300042777;0;7;0;0.0;0.0;4.0;23.0;B01