;Num_Acc;senc;catv;occutc;obs;obsm;choc;manv;num_veh
65075;201300043048;0;7;0;0.0;2.0;0.0;15.0;A01
65076;201300043048;0;30;0;0.0;2.0;0.0;1.0;B01
65077;201300043049;0;3;0;0.0;1.0;1.0;0.0;A01
65078;201300043050;0;33;0;0.0;2.0;3.0;1.0;B01
65079;201300043050;0;7;0;0.0;2.0;3.0;4.0;A01
65080;201300043051;0;13;0;0.0;2.0;2.0;1.0;A01
65081;201300043051;0;7;0;0.0;2.0;6.0;1.0;B01
65082;201300043052;0;7;0;0.0;2.0;1.0;2.0;A01
65083;201300043052;0;30;0;0.0;2.0;4.0;2.0;B01
65084;201300043053;0;33;0;0.0;2.0;2.0;0.0;A01
65085;201300043053;0;7;0;0.0;2.0;3.0;0.0;B01
65086;201300043054;0;7;0;0.0;0.0;0.0;0.0;A01
65087;201300043054;0;1;0;0.0;0.0;0.0;0.0;B01
65088;201300043055;0;7;0;0.0;2.0;1.0;15.0;A01
65089;201300043055;0;33;0;0.0;2.0;8.0;1.0;B01
65090;201300043056;0;7;0;0.0;1.0;1.0;0.0;A01
65091;201300043057;0;30;0;0.0;2.0;1.0;1.0;B01
65092;201300043057;0;7;0;0.0;2.0;2.0;15.0;A01
65093;201300043058;0;7;0;0.0;2.0;6.0;15.0;B01
65094;201300043058;0;33;0;0.0;2.0;2.0;17.0;A01
65095;201300043059;0;7;0;0.0;0.0;0.0;1.0;A01
65096;201300043059;0;32;0;0.0;0.0;2.0;0.0;B01
65097;201300043060;0;7;0;0.0;1.0;6.0;4.0;A01
65098;201300043061;0;31;0;8.0;0.0;1.0;10.0;A01
65099;201300043062;0;7;0;0.0;2.0;3.0;1.0;B01
65100;201300043062;0;7;0;0.0;2.0;5.0;12.0;A01
65101;201300043063;0;7;0;0.0;1.0;1.0;6.0;A01
65102;201300043064;0;33;0;0.0;2.0;7.0;2.0;B01
65103;201300043064;0;3;0;0.0;2.0;3.0;10.0;A01
65104;201300043065;0;7;0;0.0;2.0;1.0;2.0;A01
65105;201300043065;0;7;0;0.0;2.0;4.0;2.0;B01
65106;201300043066;0;7;0;0.0;2.0;3.0;10.0;B01
65107;201300043066;0;30;0;0.0;2.0;1.0;5.0;A01
65108;201300043067;0;32;0;0.0;1.0;1.0;2.0;A01
65109;201300043068;0;7;0;0.0;0.0;7.0;1.0;B01
65110;201300043068;0;7;0;0.0;0.0;1.0;1.0;A01
65111;201300043069;0;13;0;0.0;9.0;5.0;15.0;A01
65112;201300043069;0;1;0;0.0;2.0;1.0;2.0;B01
65113;201300043070;0;10;0;9.0;0.0;1.0;1.0;A01
65114;201300043071;0;7;0;0.0;0.0;7.0;1.0;A01
65115;201300043072;0;7;0;0.0;1.0;1.0;15.0;A01
65116;201300043073;0;7;0;0.0;1.0;8.0;2.0;A01
65117;201300043075;0;31;0;0.0;2.0;4.0;1.0;B01
65118;201300043075;0;7;0;0.0;2.0;1.0;2.0;A01
65119;201300043076;0;2;0;0.0;0.0;8.0;1.0;A01
65120;201300043077;0;7;0;12.0;0.0;9.0;1.0;A01
65121;201300043078;0;7;0;0.0;0.0;5.0;1.0;A01
65122;201300043078;0;31;0;0.0;2.0;1.0;1.0;B01
65123;201300043079;0;7;0;0.0;2.0;4.0;2.0;B01
65124;201300043079;0;7;0;0.0;2.0;1.0;2.0;A01
65125;201300043080;0;7;0;0.0;2.0;1.0;1.0;B01
65126;201300043080;0;7;0;0.0;2.0;1.0;5.0;A01
65127;201300043080;0;7;0;0.0;2.0;8.0;1.0;C01
65128;201300043081;0;7;0;0.0;1.0;2.0;0.0;A01
65129;201300043082;0;7;0;0.0;0.0;3.0;15.0;B01
65130;201300043082;0;2;0;0.0;2.0;2.0;17.0;A01
65131;201300043083;0;7;0;1.0;0.0;1.0;5.0;A01
65132;201300043083;0;7;0;0.0;2.0;1.0;23.0;B01
65133;201300043084;0;34;0;0.0;2.0;1.0;1.0;B01
65134;201300043084;1;7;0;0.0;2.0;3.0;16.0;A01
65135;201300043086;0;7;0;0.0;1.0;1.0;0.0;A01
65136;201300043088;0;30;0;0.0;0.0;7.0;2.0;A01
65137;201300043090;0;7;0;0.0;9.0;3.0;11.0;A01
65138;201300043090;0;2;0;0.0;2.0;2.0;3.0;B01
65139;201300043091;0;7;0;0.0;2.0;2.0;10.0;A01
65140;201300043091;0;31;0;0.0;2.0;1.0;1.0;B01
65141;201300043093;0;37;4;0.0;2.0;3.0;2.0;A01
65142;201300043093;0;7;0;0.0;2.0;1.0;2.0;B01
65143;201300043093;0;7;0;0.0;0.0;4.0;2.0;C01
65144;201300043094;0;7;0;0.0;2.0;3.0;16.0;A01
65145;201300043094;0;31;0;1.0;2.0;7.0;21.0;B01
65146;201300043095;0;33;0;0.0;2.0;1.0;2.0;B01
65147;201300043095;0;7;0;0.0;2.0;3.0;0.0;A01
65148;201300043096;0;7;0;0.0;1.0;2.0;2.0;A01
65149;201300043097;0;7;0;0.0;9.0;8.0;22.0;A01
65150;201300043097;0;1;0;1.0;0.0;1.0;21.0;B01
65151;201300043098;0;2;0;0.0;0.0;3.0;0.0;A01
65152;201300043099;0;2;0;0.0;2.0;1.0;2.0;A01
65153;201300043099;1;13;0;0.0;0.0;1.0;2.0;C01
65154;201300043099;0;7;0;0.0;0.0;6.0;11.0;B01
65155;201300043100;0;32;0;0.0;2.0;1.0;17.0;B01
65156;201300043100;0;7;0;0.0;2.0;1.0;9.0;A01
65157;201300043101;0;7;0;0.0;1.0;2.0;0.0;A01
65158;201300043102;0;7;0;0.0;2.0;1.0;2.0;A01
65159;201300043102;0;7;0;0.0;2.0;4.0;2.0;B01
65160;201300043103;0;30;0;0.0;1.0;1.0;1.0;A01
65161;201300043104;0;33;0;0.0;1.0;1.0;1.0;A01
65162;201300043106;0;7;0;0.0;9.0;7.0;16.0;A01
65163;201300043106;0;33;0;0.0;9.0;0.0;1.0;B01
65164;201300043107;0;7;0;0.0;9.0;3.0;1.0;B01
65165;201300043107;0;1;0;0.0;2.0;1.0;9.0;A01
65166;201300043108;0;7;0;0.0;9.0;2.0;15.0;A01
65167;201300043108;0;31;0;0.0;2.0;1.0;0.0;B01
65168;201300043109;0;7;0;1.0;2.0;9.0;1.0;A01
65169;201300043109;0;7;0;0.0;2.0;1.0;2.0;B01
65170;201300043110;0;7;0;0.0;1.0;1.0;1.0;A01
65171;201300043111;0;7;0;0.0;0.0;3.0;15.0;B01
65172;201300043111;0;31;0;0.0;2.0;1.0;1.0;A01
65173;201300043113;0;7;0;0.0;2.0;7.0;1.0;B01
65174;201300043113;0;7;0;0.0;2.0;1.0;1.0;A01
65175;201300043114;0;7;0;0.0;2.0;8.0;15.0;B01
65176;201300043114;0;33;0;0.0;2.0;1.0;17.0;A01
65177;201300043115;0;7;0;0.0;1.0;1.0;1.0;A01
65178;201300043116;0;34;0;0.0;1.0;1.0;1.0;A01
65179;201300043118;0;7;0;0.0;1.0;1.0;1.0;A01
65180;201300043119;0;7;0;0.0;1.0;1.0;1.0;A01
65181;201300043120;0;7;0;0.0;1.0;1.0;1.0;A01
65182;201300043121;0;7;0;0.0;2.0;3.0;24.0;A01
65183;201300043121;0;7;0;1.0;1.0;7.0;1.0;B01
65184;201300043122;0;32;0;0.0;2.0;3.0;1.0;A01
65185;201300043122;0;7;0;0.0;0.0;3.0;1.0;B01
65186;201300043123;0;2;0;0.0;2.0;1.0;0.0;A01
65187;201300043123;0;7;0;0.0;2.0;2.0;0.0;B01
65188;201300043124;0;2;0;0.0;2.0;7.0;1.0;B01
65189;201300043124;0;7;0;0.0;2.0;1.0;1.0;A01
65190;201300043125;0;7;0;0.0;1.0;3.0;1.0;A01
65191;201300043126;0;33;0;0.0;0.0;0.0;1.0;A01
65192;201300043127;0;7;0;0.0;0.0;2.0;2.0;A01
65193;201300043128;0;7;0;0.0;0.0;3.0;10.0;A01
65194;201300043128;0;7;0;0.0;0.0;2.0;1.0;B01
65195;201300043129;0;7;0;0.0;1.0;1.0;1.0;A01
65196;201300043130;0;7;0;0.0;2.0;1.0;1.0;A01
65197;201300043130;0;31;0;0.0;0.0;4.0;2.0;B01
65198;201300043131;0;7;0;0.0;1.0;1.0;1.0;A01
65199;201300043133;0;7;0;0.0;1.0;1.0;1.0;A01
65200;201300043134;0;7;0;0.0;2.0;0.0;0.0;A01
65201;201300043135;0;7;0;0.0;0.0;4.0;2.0;B01
65202;201300043135;0;7;0;0.0;2.0;1.0;2.0;A01
65203;201300043136;0;7;0;0.0;2.0;1.0;1.0;B01
65204;201300043136;0;7;0;8.0;2.0;6.0;1.0;A01
65205;201300043138;0;7;0;0.0;1.0;1.0;1.0;A01
65206;201300043139;0;3;0;0.0;0.0;5.0;15.0;A01
65207;201300043139;1;3;0;0.0;2.0;1.0;1.0;Z01
65208;201300043140;0;7;0;0.0;1.0;2.0;1.0;A01
65209;201300043141;0;7;0;1.0;0.0;2.0;0.0;A01
65210;201300043142;0;7;0;0.0;2.0;3.0;16.0;B01
65211;201300043142;0;15;0;0.0;2.0;2.0;1.0;A01
65212;201300043143;0;7;0;0.0;1.0;1.0;1.0;A01
65213;201300043144;0;7;0;0.0;2.0;3.0;16.0;A01
65214;201300043144;0;7;0;0.0;2.0;2.0;1.0;B01
65215;201300043145;0;7;0;0.0;0.0;4.0;0.0;B01
65216;201300043146;0;7;0;0.0;2.0;8.0;11.0;B01
65217;201300043146;0;30;0;0.0;2.0;7.0;3.0;A01
65218;201300043147;0;31;0;0.0;2.0;1.0;0.0;B01
65219;201300043147;0;7;0;0.0;2.0;2.0;1.0;A01
65220;201300043148;0;30;0;0.0;2.0;1.0;1.0;B01
65221;201300043148;0;7;0;0.0;2.0;3.0;1.0;A01
65222;201300043149;0;7;0;0.0;2.0;3.0;15.0;B01
65223;201300043149;0;2;0;0.0;2.0;7.0;1.0;A01
65224;201300043150;0;7;0;0.0;2.0;1.0;5.0;B01
65225;201300043150;0;7;0;0.0;2.0;1.0;13.0;A01
65226;201300043151;0;30;0;0.0;2.0;1.0;1.0;A01
65227;201300043151;0;7;0;0.0;2.0;1.0;9.0;B01
65228;201300043152;0;7;0;0.0;2.0;6.0;23.0;C01
65229;201300043152;0;7;0;0.0;2.0;2.0;16.0;A01
65230;201300043152;0;33;0;0.0;2.0;0.0;1.0;B01
65231;201300043153;0;33;0;0.0;2.0;1.0;11.0;A01
65232;201300043153;0;7;0;0.0;2.0;6.0;11.0;B01
65233;201300043154;0;7;0;0.0;2.0;7.0;17.0;A01
65234;201300043154;0;1;0;0.0;2.0;8.0;1.0;B01
65235;201300043155;0;7;0;0.0;2.0;6.0;1.0;B01
65236;201300043155;0;7;0;0.0;2.0;1.0;1.0;A01
65237;201300043156;1;7;0;0.0;1.0;1.0;1.0;Z01
65238;201300043157;0;7;0;0.0;2.0;3.0;22.0;C01
65239;201300043157;0;30;0;1.0;2.0;1.0;21.0;A01
65240;201300043157;0;7;0;0.0;2.0;8.0;1.0;B01
65241;201300043158;0;7;0;0.0;0.0;8.0;22.0;A01
65242;201300043158;0;14;0;1.0;0.0;2.0;1.0;B01
65243;201300043159;0;7;0;0.0;1.0;1.0;1.0;A01
65244;201300043161;0;7;0;0.0;2.0;4.0;2.0;B01
65245;201300043161;0;33;0;0.0;2.0;1.0;1.0;A01
65246;201300043162;1;10;0;0.0;2.0;0.0;1.0;Z01
65247;201300043162;0;7;0;0.0;2.0;1.0;16.0;A01
65248;201300043163;0;7;0;0.0;2.0;6.0;9.0;A01
65249;201300043163;0;30;0;0.0;2.0;2.0;1.0;B01
65250;201300043164;0;33;0;0.0;2.0;1.0;1.0;B01
65251;201300043164;0;7;0;0.0;2.0;6.0;10.0;A01
65252;201300043165;0;7;0;0.0;1.0;1.0;1.0;A01
65253;201300043166;0;7;0;0.0;2.0;1.0;1.0;B01
65254;201300043166;0;7;0;0.0;2.0;3.0;15.0;A01
65255;201300043167;0;31;0;0.0;2.0;1.0;1.0;A01
65256;201300043167;0;33;0;0.0;2.0;0.0;0.0;B01
65257;201300043168;0;7;0;0.0;2.0;1.0;1.0;C01
65258;201300043168;0;7;0;0.0;2.0;1.0;17.0;A01
65259;201300043168;0;7;0;0.0;2.0;6.0;1.0;B01
65260;201300043169;0;30;0;0.0;2.0;7.0;1.0;A01
65261;201300043169;0;7;0;0.0;2.0;3.0;15.0;B01
65262;201300043170;0;31;0;0.0;2.0;1.0;0.0;A01
65263;201300043170;0;7;0;0.0;0.0;4.0;0.0;B01
65264;201300043171;0;7;0;0.0;2.0;3.0;15.0;A01
65265;201300043171;0;7;0;0.0;2.0;3.0;1.0;B01
65266;201300043172;0;7;0;0.0;2.0;4.0;1.0;C01
65267;201300043172;0;7;0;0.0;2.0;4.0;1.0;B01
65268;201300043172;0;7;0;0.0;2.0;1.0;1.0;A01
65269;201300043173;0;33;0;0.0;2.0;1.0;21.0;A01
65270;201300043173;0;7;0;0.0;2.0;6.0;1.0;B01
65271;201300043174;0;7;0;0.0;2.0;2.0;16.0;A01
65272;201300043174;0;31;0;0.0;2.0;1.0;1.0;B01
65273;201300043175;0;7;0;0.0;0.0;7.0;15.0;B01
65274;201300043175;0;2;0;0.0;2.0;1.0;1.0;A01
65275;201300043176;0;7;0;0.0;2.0;1.0;2.0;A01
65276;201300043176;0;7;0;0.0;2.0;4.0;2.0;B01
65277;201300043177;0;1;0;0.0;2.0;7.0;6.0;B01
65278;201300043177;0;7;0;0.0;9.0;1.0;6.0;A01
65279;201300043178;0;1;0;0.0;2.0;1.0;19.0;B01
65280;201300043178;0;7;0;0.0;9.0;5.0;1.0;A01
65281;201300043179;0;7;0;0.0;2.0;1.0;1.0;A01
65282;201300043179;0;7;0;0.0;2.0;3.0;15.0;B01
65283;201300043180;0;7;0;0.0;2.0;7.0;0.0;A01
65284;201300043180;0;7;0;0.0;2.0;1.0;0.0;B01
65285;201300043181;0;7;0;0.0;2.0;3.0;0.0;B01
65286;201300043181;0;7;0;0.0;2.0;3.0;1.0;A01
65287;201300043182;0;30;0;1.0;0.0;1.0;1.0;A01
65288;201300043183;0;7;0;0.0;2.0;7.0;1.0;A01
65289;201300043183;0;7;0;0.0;2.0;1.0;1.0;B01
65290;201300043184;0;7;0;0.0;2.0;6.0;1.0;B01
65291;201300043184;0;7;0;0.0;2.0;1.0;1.0;A01
65292;201300043185;0;33;0;0.0;2.0;2.0;1.0;A01
65293;201300043185;0;7;0;0.0;2.0;8.0;1.0;C01
65294;201300043185;0;10;0;0.0;2.0;7.0;15.0;B01
65295;201300043186;0;7;0;0.0;2.0;1.0;13.0;A01
65296;201300043186;0;7;0;0.0;2.0;1.0;1.0;B01
65297;201300043187;0;7;0;1.0;0.0;1.0;1.0;A01
65298;201300043188;0;7;0;0.0;2.0;4.0;23.0;B01
65299;201300043188;0;1;0;0.0;2.0;1.0;1.0;A01
65300;201300043189;0;7;0;0.0;2.0;4.0;2.0;B01
65301;201300043189;0;7;0;0.0;2.0;1.0;2.0;A01
65302;201300043190;0;10;0;0.0;2.0;8.0;10.0;A01
65303;201300043190;0;32;0;0.0;2.0;1.0;1.0;B01
65304;201300043191;0;7;0;0.0;2.0;1.0;1.0;B01
65305;201300043191;0;7;0;0.0;2.0;7.0;1.0;A01
65306;201300043192;0;7;0;0.0;2.0;3.0;16.0;A01
65307;201300043192;0;32;0;0.0;2.0;1.0;1.0;B01
65308;201300043193;0;7;0;0.0;1.0;1.0;1.0;A01
65309;201300043194;0;30;0;0.0;2.0;2.0;17.0;A01
65310;201300043194;0;7;0;0.0;2.0;2.0;15.0;B01
65311;201300043195;0;34;0;0.0;2.0;9.0;1.0;B01
65312;201300043195;0;10;0;0.0;0.0;0.0;1.0;A01
65313;201300043196;0;7;0;0.0;2.0;2.0;1.0;B01
65314;201300043196;0;10;0;0.0;2.0;1.0;16.0;A01
65315;201300043198;0;33;0;9.0;0.0;1.0;1.0;A01
65316;201300043199;0;33;0;0.0;2.0;1.0;1.0;B01
65317;201300043199;0;7;0;0.0;2.0;5.0;0.0;A01
65318;201300043200;0;7;0;0.0;1.0;2.0;1.0;A01
65319;201300043201;0;7;0;0.0;2.0;0.0;1.0;B01
65320;201300043201;0;7;0;0.0;2.0;0.0;1.0;A01
65321;201300043202;0;7;0;0.0;2.0;1.0;1.0;A01
65322;201300043202;0;7;0;0.0;2.0;9.0;23.0;B01
65323;201300043202;0;7;0;0.0;2.0;5.0;23.0;C01
65324;201300043203;0;7;0;0.0;2.0;5.0;1.0;B01
65325;201300043203;0;7;0;0.0;2.0;1.0;9.0;A01
65326;201300043204;0;7;0;0.0;1.0;0.0;0.0;A01
65327;201300043205;0;7;0;0.0;2.0;1.0;15.0;A01
65328;201300043205;0;33;0;0.0;2.0;1.0;1.0;B01
65329;201300043207;0;7;0;1.0;0.0;2.0;0.0;A01
65330;201300043208;0;7;0;0.0;2.0;3.0;16.0;B01
65331;201300043208;0;31;0;0.0;2.0;1.0;1.0;A01
65332;201300043209;0;2;0;0.0;0.0;0.0;1.0;B01
65333;201300043209;0;7;0;0.0;0.0;0.0;15.0;A01
65334;201300043210;0;7;0;0.0;2.0;1.0;15.0;A01
65335;201300043210;0;2;0;0.0;2.0;1.0;1.0;B01
65336;201300043211;0;15;0;0.0;2.0;8.0;1.0;B01
65337;201300043211;0;7;0;0.0;2.0;5.0;1.0;A01
65338;201300043212;0;7;0;0.0;1.0;1.0;1.0;A01
65339;201300043213;2;7;0;0.0;2.0;2.0;1.0;A01
65340;201300043213;0;7;0;0.0;2.0;3.0;1.0;B01
65341;201300043214;0;32;0;0.0;2.0;2.0;1.0;B01
65342;201300043214;0;7;0;0.0;2.0;1.0;15.0;A01
65343;201300043215;0;33;0;0.0;2.0;1.0;1.0;B01
65344;201300043215;0;7;0;0.0;2.0;3.0;20.0;A01
65345;201300043216;0;10;0;0.0;2.0;1.0;1.0;A01
65346;201300043216;0;7;0;0.0;2.0;5.0;1.0;B01
65347;201300043217;0;30;0;0.0;2.0;9.0;1.0;B01
65348;201300043217;0;7;0;0.0;2.0;7.0;12.0;A01
65349;201300043218;0;7;0;0.0;1.0;1.0;1.0;A01
65350;201300043219;0;7;0;1.0;1.0;1.0;5.0;A01
65351;201300043220;0;7;0;0.0;2.0;9.0;1.0;B01
65352;201300043220;0;7;0;0.0;2.0;6.0;1.0;C01
65353;201300043220;0;7;0;0.0;2.0;1.0;16.0;A01
65354;201300043221;0;7;0;0.0;2.0;1.0;15.0;B01
65355;201300043221;0;7;0;8.0;2.0;1.0;1.0;A01
65356;201300043222;0;7;0;0.0;2.0;1.0;1.0;A01
65357;201300043222;0;7;0;0.0;2.0;2.0;15.0;B01
65358;201300043223;0;7;0;0.0;2.0;1.0;1.0;B01
65359;201300043223;0;7;0;0.0;2.0;8.0;1.0;A01
65360;201300043224;0;7;0;0.0;1.0;8.0;1.0;A01
65361;201300043225;0;7;0;0.0;1.0;1.0;1.0;A01
65362;201300043226;0;7;0;14.0;0.0;1.0;6.0;A01
65363;201300043227;0;7;0;1.0;2.0;2.0;0.0;A01
65364;201300043228;0;7;0;0.0;2.0;1.0;19.0;A01
65365;201300043228;0;7;0;0.0;2.0;6.0;1.0;B01
65366;201300043229;0;7;0;0.0;2.0;1.0;0.0;A01
65367;201300043229;0;7;0;0.0;2.0;8.0;0.0;B01
65368;201300043230;0;7;0;0.0;1.0;3.0;0.0;A01
65369;201300043231;0;10;0;0.0;1.0;3.0;1.0;A01
65370;201300043234;0;2;0;0.0;1.0;6.0;1.0;A01
65371;201300043235;0;7;0;0.0;2.0;1.0;2.0;A01
65372;201300043235;0;7;0;0.0;2.0;4.0;23.0;B01
65373;201300043236;0;30;0;0.0;1.0;8.0;13.0;A01
65374;201300043237;0;7;0;0.0;2.0;1.0;1.0;B01
65375;201300043237;0;7;0;0.0;2.0;7.0;15.0;A01
65376;201300043238;0;7;0;0.0;2.0;2.0;1.0;B01
65377;201300043238;0;10;0;1.0;2.0;1.0;2.0;A01
65378;201300043239;0;10;0;0.0;1.0;4.0;4.0;A01
65379;201300043240;0;7;0;0.0;2.0;1.0;2.0;B01
65380;201300043240;0;7;0;0.0;2.0;4.0;23.0;A01
65381;201300043241;0;7;0;0.0;1.0;1.0;15.0;A01
65382;201300043242;0;7;0;0.0;2.0;2.0;15.0;A01
65383;201300043242;0;30;0;0.0;2.0;1.0;1.0;B01
65384;201300043243;0;7;0;0.0;1.0;8.0;1.0;A01
65385;201300043244;0;7;0;0.0;0.0;0.0;2.0;A01
65386;201300043244;0;7;0;8.0;0.0;1.0;0.0;B01
65387;201300043245;0;13;0;0.0;1.0;4.0;4.0;A01
65388;201300043247;0;7;0;0.0;2.0;1.0;2.0;A01
65389;201300043247;0;7;0;0.0;2.0;4.0;23.0;B01
65390;201300043248;0;7;0;0.0;2.0;6.0;12.0;A01
65391;201300043248;0;33;0;0.0;2.0;1.0;0.0;B01
65392;201300043249;1;7;0;0.0;2.0;1.0;2.0;A01
65393;201300043249;0;31;0;0.0;2.0;4.0;2.0;B01
65394;201300043250;0;7;0;0.0;2.0;1.0;2.0;A01
65395;201300043250;0;7;0;0.0;0.0;4.0;2.0;B01
65396;201300043251;0;1;0;0.0;9.0;3.0;1.0;A01
65397;201300043251;0;7;0;0.0;2.0;1.0;1.0;B01
65398;201300043252;0;7;0;0.0;1.0;1.0;1.0;A01
65399;201300043253;0;7;0;0.0;1.0;1.0;0.0;A01
65400;201300043254;0;7;0;0.0;0.0;6.0;0.0;C01
65401;201300043254;0;10;0;0.0;2.0;2.0;3.0;B01
65402;201300043254;0;33;0;0.0;2.0;3.0;3.0;A01
65403;201300043256;0;10;0;0.0;2.0;4.0;1.0;C01
65404;201300043256;0;10;0;0.0;2.0;9.0;1.0;B01
65405;201300043256;0;10;0;0.0;2.0;1.0;1.0;A01
65406;201300043257;0;7;0;0.0;1.0;6.0;4.0;A01
65407;201300043258;0;7;0;0.0;2.0;2.0;2.0;B01
65408;201300043258;0;7;0;0.0;0.0;3.0;2.0;A01
65409;201300043259;0;10;0;0.0;1.0;6.0;4.0;A01
65410;201300043260;0;7;0;0.0;1.0;2.0;2.0;A01
65411;201300043264;0;37;0;0.0;1.0;0.0;16.0;A01
65412;201300043265;0;33;0;0.0;2.0;1.0;2.0;A01
65413;201300043265;0;10;0;0.0;0.0;4.0;2.0;B01
65414;201300043266;0;7;0;0.0;0.0;4.0;2.0;A01
65415;201300043266;0;10;0;0.0;2.0;1.0;2.0;B01
65416;201300043267;0;7;0;0.0;2.0;1.0;2.0;B01
65417;201300043267;0;7;0;0.0;2.0;8.0;19.0;A01
65418;201300043269;0;7;0;0.0;2.0;3.0;15.0;A01
65419;201300043269;0;37;0;0.0;2.0;2.0;7.0;B01
65420;201300043270;0;7;0;0.0;2.0;4.0;1.0;B01
65421;201300043270;0;13;0;0.0;2.0;3.0;2.0;A01
65422;201300043271;0;7;0;0.0;1.0;1.0;1.0;A01
65423;201300043272;0;10;0;0.0;2.0;3.0;1.0;C01
65424;201300043272;0;7;0;0.0;2.0;3.0;1.0;B01
65425;201300043272;0;7;0;0.0;2.0;1.0;9.0;A01
65426;201300043273;0;7;0;0.0;2.0;3.0;15.0;A01
65427;201300043273;0;33;0;0.0;2.0;0.0;17.0;B01
65428;201300043274;0;7;0;0.0;2.0;3.0;2.0;B01
65429;201300043274;0;7;0;0.0;2.0;5.0;11.0;A01
65430;201300043275;1;7;0;0.0;2.0;3.0;12.0;Z01
65431;201300043275;0;2;0;0.0;2.0;8.0;2.0;B01
65432;201300043276;0;7;0;0.0;2.0;1.0;2.0;A01
65433;201300043276;0;7;0;0.0;2.0;4.0;23.0;B01
65434;201300043276;0;7;0;0.0;2.0;4.0;23.0;D01
65435;201300043276;0;7;0;0.0;0.0;4.0;23.0;E01
65436;201300043276;0;7;0;0.0;2.0;4.0;23.0;C01
65437;201300043277;0;32;0;0.0;1.0;0.0;0.0;A01
65438;201300043278;0;14;0;0.0;2.0;5.0;12.0;A01
65439;201300043278;0;7;0;0.0;0.0;3.0;16.0;B01
65440;201300043279;0;7;0;0.0;2.0;3.0;15.0;A01
65441;201300043279;0;33;0;0.0;2.0;2.0;17.0;B01
65442;201300043280;0;10;0;0.0;1.0;1.0;1.0;A01
65443;201300043281;0;99;0;0.0;2.0;0.0;2.0;B01
65444;201300043281;0;7;0;0.0;0.0;8.0;9.0;A01
65445;201300043282;0;37;10;0.0;1.0;2.0;7.0;A01
65446;201300043284;0;33;0;0.0;0.0;4.0;1.0;A01
65447;201300043285;0;3;0;0.0;2.0;1.0;2.0;A01
65448;201300043285;0;3;0;0.0;2.0;4.0;2.0;B01
65449;201300043286;0;7;0;0.0;2.0;3.0;11.0;A01
65450;201300043286;0;30;0;0.0;2.0;2.0;2.0;B01
65451;201300043287;0;37;0;0.0;1.0;2.0;7.0;A01
65452;201300043288;0;7;0;0.0;1.0;2.0;0.0;A01
65453;201300043289;0;37;1;0.0;1.0;7.0;1.0;A01
65454;201300043290;0;7;0;0.0;2.0;2.0;15.0;A01
65455;201300043290;0;33;0;0.0;2.0;1.0;1.0;B01
65456;201300043291;0;7;0;0.0;1.0;6.0;15.0;A01
65457;201300043292;0;7;0;0.0;2.0;0.0;11.0;A01
65458;201300043292;0;34;0;0.0;2.0;2.0;1.0;B01
65459;201300043293;0;33;0;0.0;2.0;1.0;17.0;B01
65460;201300043293;0;7;0;0.0;0.0;3.0;10.0;A01
65461;201300043294;1;7;0;0.0;2.0;2.0;17.0;A01
65462;201300043294;0;7;0;0.0;2.0;6.0;23.0;B01
65463;201300043295;0;7;0;0.0;1.0;1.0;1.0;A01
65464;201300043296;0;7;0;0.0;2.0;2.0;0.0;A01
65465;201300043296;0;7;0;0.0;2.0;3.0;1.0;B01
65466;201300043297;0;7;0;0.0;2.0;8.0;9.0;A01
65467;201300043297;0;32;0;0.0;2.0;7.0;1.0;B01
65468;201300043298;1;34;0;0.0;1.0;1.0;0.0;Z01
65469;201300043299;0;34;0;0.0;2.0;5.0;1.0;A01
65470;201300043299;0;34;0;0.0;2.0;3.0;1.0;B01
65471;201300043301;0;7;0;0.0;1.0;1.0;15.0;A01
65472;201300043302;0;10;0;1.0;2.0;3.0;16.0;B01
65473;201300043302;0;7;0;0.0;2.0;2.0;1.0;A01
65474;201300043304;0;13;0;0.0;1.0;1.0;4.0;A01
65475;201300043305;0;7;0;0.0;2.0;7.0;9.0;A01
65476;201300043305;0;33;0;0.0;2.0;1.0;1.0;B01
65477;201300043306;0;7;0;1.0;1.0;1.0;0.0;A01
65478;201300043307;0;7;0;0.0;2.0;1.0;1.0;A01
65479;201300043307;0;7;0;0.0;2.0;2.0;1.0;B01
65480;201300043308;0;10;0;0.0;1.0;4.0;21.0;A01
65481;201300043309;0;7;0;0.0;0.0;4.0;2.0;B01
65482;201300043309;0;14;0;0.0;2.0;1.0;2.0;A01
65483;201300043310;0;7;0;0.0;1.0;1.0;0.0;A01
65484;201300043311;0;7;0;0.0;2.0;1.0;1.0;B01
65485;201300043311;0;14;0;0.0;2.0;1.0;1.0;A01
65486;201300043312;0;30;0;1.0;0.0;1.0;19.0;A01
65487;201300043312;0;10;0;0.0;2.0;5.0;24.0;B01
65488;201300043313;1;7;0;0.0;1.0;0.0;0.0;Z01
65489;201300043314;0;7;0;0.0;1.0;2.0;15.0;A01
65490;201300043315;0;30;0;0.0;2.0;1.0;0.0;B01
65491;201300043315;0;7;0;0.0;2.0;1.0;10.0;A01
65492;201300043316;0;7;0;1.0;0.0;1.0;14.0;A01
65493;201300043316;0;15;0;0.0;2.0;4.0;24.0;B01
65494;201300043317;0;7;0;0.0;0.0;4.0;23.0;A01
65495;201300043317;0;7;0;0.0;0.0;1.0;2.0;B01
65496;201300043318;0;14;0;1.0;1.0;1.0;16.0;A01