;Num_Acc;senc;catv;occutc;obs;obsm;choc;manv;num_veh
65497;201300043319;0;13;0;0.0;2.0;4.0;2.0;B01
65498;201300043319;0;7;0;0.0;2.0;4.0;23.0;A01
65499;201300043320;0;7;0;0.0;2.0;6.0;15.0;B01
65500;201300043320;0;30;0;0.0;2.0;8.0;1.0;A01
65501;201300043321;0;7;0;0.0;1.0;4.0;4.0;A01
65502;201300043322;0;7;0;0.0;0.0;1.0;15.0;A01
65503;201300043323;0;7;0;0.0;1.0;1.0;1.0;A01
65504;201300043324;0;7;0;0.0;2.0;3.0;0.0;A01
65505;201300043324;0;1;0;0.0;0.0;1.0;1.0;B01
65506;201300043325;0;2;0;0.0;0.0;8.0;0.0;B01
65507;201300043325;0;7;0;0.0;0.0;1.0;6.0;A01
65508;201300043326;0;7;0;0.0;1.0;3.0;15.0;A01
65509;201300043327;0;7;0;0.0;2.0;1.0;1.0;B01
65510;201300043327;0;7;0;0.0;2.0;3.0;15.0;A01
65511;201300043328;0;7;0;0.0;2.0;1.0;2.0;A01
65512;201300043328;0;37;1;0.0;0.0;4.0;23.0;B01
65513;201300043329;0;7;0;0.0;0.0;4.0;23.0;B01
65514;201300043329;0;7;0;0.0;2.0;1.0;2.0;A01
65515;201300043331;0;7;0;0.0;1.0;1.0;1.0;A01
65516;201300043332;0;7;0;0.0;2.0;5.0;1.0;B01
65517;201300043332;0;7;0;0.0;2.0;3.0;9.0;A01
65518;201300043333;0;7;0;0.0;2.0;1.0;9.0;A01
65519;201300043333;0;7;0;0.0;2.0;6.0;1.0;B01
65520;201300043334;0;31;0;0.0;2.0;1.0;2.0;A01
65521;201300043334;0;7;0;0.0;2.0;4.0;23.0;C01
65522;201300043334;0;7;0;0.0;2.0;4.0;23.0;B01
65523;201300043335;0;37;2;0.0;2.0;1.0;1.0;B01
65524;201300043335;0;7;0;0.0;2.0;6.0;19.0;A01
65525;201300043336;0;10;0;0.0;2.0;4.0;2.0;B01
65526;201300043336;0;7;0;0.0;2.0;1.0;2.0;A01
65527;201300043338;0;7;0;0.0;1.0;1.0;1.0;A01
65528;201300043339;0;7;0;0.0;2.0;5.0;12.0;A01
65529;201300043339;0;30;0;0.0;2.0;8.0;1.0;B01
65530;201300043340;0;7;0;1.0;0.0;1.0;1.0;A01
65531;201300043340;0;7;0;0.0;0.0;4.0;23.0;B01
65532;201300043341;0;7;0;8.0;0.0;1.0;1.0;A01
65533;201300043342;0;10;0;0.0;2.0;5.0;15.0;A01
65534;201300043342;0;7;0;0.0;2.0;1.0;1.0;B01
65535;201300043343;0;7;0;0.0;2.0;2.0;15.0;A01
65536;201300043343;0;2;0;0.0;2.0;1.0;1.0;B01
65537;201300043344;0;7;0;0.0;1.0;3.0;4.0;A01
65538;201300043345;0;7;0;0.0;1.0;1.0;1.0;A01
65539;201300043346;0;2;0;0.0;2.0;8.0;2.0;A01
65540;201300043346;0;7;0;0.0;0.0;2.0;2.0;B01
65541;201300043347;0;7;0;0.0;1.0;1.0;1.0;A01
65542;201300043348;0;7;0;0.0;2.0;1.0;1.0;B01
65543;201300043348;0;7;0;0.0;0.0;4.0;1.0;A01
65544;201300043349;0;2;0;0.0;0.0;0.0;1.0;A01
65545;201300043350;0;7;0;0.0;2.0;3.0;5.0;A01
65546;201300043350;0;7;0;0.0;2.0;1.0;1.0;B01
65547;201300043351;0;7;0;0.0;2.0;4.0;2.0;B01
65548;201300043351;0;10;0;0.0;2.0;2.0;2.0;A01
65549;201300043352;0;7;0;0.0;2.0;1.0;1.0;A01
65550;201300043352;0;7;0;0.0;2.0;4.0;1.0;B01
65551;201300043352;0;7;0;0.0;2.0;1.0;1.0;C01
65552;201300043354;1;7;0;0.0;2.0;0.0;0.0;Z01
65553;201300043354;0;37;2;0.0;2.0;1.0;1.0;A01
65554;201300043355;0;7;0;0.0;0.0;2.0;1.0;B01
65555;201300043355;0;7;0;0.0;2.0;6.0;21.0;A01
65556;201300043356;0;7;0;0.0;1.0;1.0;1.0;A01
65557;201300043358;0;7;0;0.0;1.0;1.0;1.0;A01
65558;201300043359;0;7;0;6.0;0.0;1.0;1.0;A01
65559;201300043360;0;33;0;0.0;2.0;1.0;13.0;A01
65560;201300043360;0;7;0;0.0;2.0;3.0;15.0;B01
65561;201300043361;0;7;0;0.0;2.0;3.0;15.0;A01
65562;201300043361;0;2;0;0.0;2.0;1.0;1.0;B01
65563;201300043362;0;7;0;0.0;2.0;1.0;1.0;A01
65564;201300043362;0;31;0;0.0;2.0;0.0;1.0;B01
65565;201300043363;0;32;0;0.0;2.0;2.0;3.0;A01
65566;201300043363;0;7;0;0.0;2.0;3.0;15.0;B01
65567;201300043364;0;7;0;0.0;2.0;4.0;4.0;A01
65568;201300043364;0;7;0;0.0;2.0;1.0;1.0;B01
65569;201300043365;0;7;0;0.0;2.0;1.0;1.0;A01
65570;201300043365;0;30;0;0.0;2.0;4.0;23.0;B01
65571;201300043366;0;7;0;0.0;1.0;1.0;1.0;A01
65572;201300043367;1;32;0;0.0;1.0;0.0;0.0;Z01
65573;201300043368;0;7;0;0.0;0.0;6.0;0.0;B01
65574;201300043368;0;7;0;0.0;0.0;2.0;0.0;A01
65575;201300043369;0;7;0;0.0;0.0;0.0;0.0;A01
65576;201300043369;0;33;0;0.0;0.0;8.0;0.0;B01
65577;201300043370;0;33;0;0.0;2.0;7.0;1.0;B01
65578;201300043370;0;7;0;0.0;2.0;1.0;1.0;A01
65579;201300043372;0;30;0;0.0;2.0;1.0;1.0;A01
65580;201300043372;0;7;0;0.0;0.0;4.0;1.0;B01
65581;201300043373;0;7;0;0.0;0.0;4.0;1.0;B01
65582;201300043373;1;7;0;0.0;0.0;1.0;1.0;A01
65583;201300043374;0;7;0;0.0;0.0;4.0;0.0;B01
65584;201300043374;0;7;0;0.0;0.0;1.0;0.0;A01
65585;201300043375;0;7;0;0.0;0.0;4.0;1.0;B01
65586;201300043375;0;7;0;0.0;2.0;1.0;1.0;A01
65587;201300043376;0;33;0;0.0;2.0;3.0;1.0;A01
65588;201300043376;0;7;0;0.0;2.0;3.0;23.0;B01
65589;201300043377;0;7;0;0.0;2.0;1.0;15.0;A01
65590;201300043377;0;7;0;0.0;0.0;8.0;1.0;B01
65591;201300043379;0;31;0;0.0;0.0;8.0;1.0;A01
65592;201300043380;0;34;0;0.0;2.0;8.0;1.0;B01
65593;201300043380;0;13;0;0.0;2.0;1.0;14.0;A01
65594;201300043381;0;7;0;0.0;2.0;6.0;1.0;B01
65595;201300043381;0;7;0;0.0;2.0;9.0;14.0;A01
65596;201300043382;0;7;0;6.0;0.0;1.0;1.0;A01
65597;201300043383;0;7;0;0.0;2.0;5.0;15.0;A01
65598;201300043383;0;7;0;0.0;2.0;1.0;1.0;B01
65599;201300043384;0;7;0;0.0;2.0;2.0;0.0;B01
65600;201300043384;0;7;0;0.0;2.0;3.0;18.0;A01
65601;201300043385;0;7;0;0.0;2.0;4.0;23.0;A01
65602;201300043385;1;7;0;0.0;2.0;1.0;2.0;B01
65603;201300043386;1;7;0;0.0;2.0;3.0;11.0;A01
65604;201300043386;0;34;0;0.0;2.0;2.0;2.0;B01
65605;201300043387;0;7;0;0.0;2.0;5.0;1.0;B01
65606;201300043387;0;31;0;0.0;2.0;3.0;1.0;A01
65607;201300043389;0;7;0;0.0;2.0;1.0;1.0;A01
65608;201300043389;0;31;0;0.0;2.0;4.0;1.0;B01
65609;201300043390;0;7;0;0.0;2.0;1.0;16.0;A01
65610;201300043390;0;7;0;0.0;0.0;6.0;2.0;C01
65611;201300043390;0;31;0;0.0;2.0;4.0;1.0;B01
65612;201300043391;0;7;0;0.0;2.0;4.0;23.0;C01
65613;201300043391;0;7;0;0.0;2.0;8.0;23.0;B01
65614;201300043391;0;7;0;0.0;2.0;1.0;2.0;A01
65615;201300043392;0;7;0;0.0;1.0;1.0;17.0;A01
65616;201300043393;0;30;0;0.0;1.0;1.0;16.0;A01
65617;201300043394;0;37;0;0.0;1.0;0.0;1.0;A01
65618;201300043395;0;7;0;0.0;1.0;2.0;0.0;A01
65619;201300043396;0;7;0;0.0;2.0;4.0;15.0;A01
65620;201300043396;0;31;0;0.0;2.0;7.0;1.0;B01
65621;201300043398;0;7;0;0.0;2.0;3.0;1.0;A01
65622;201300043398;0;31;0;0.0;2.0;2.0;1.0;B01
65623;201300043399;0;33;0;0.0;2.0;1.0;2.0;A01
65624;201300043399;0;10;0;0.0;2.0;5.0;2.0;B01
65625;201300043400;0;30;0;0.0;2.0;1.0;15.0;A01
65626;201300043400;0;7;0;0.0;2.0;8.0;1.0;B01
65627;201300043401;0;7;0;9.0;0.0;1.0;1.0;A01
65628;201300043402;0;10;0;0.0;1.0;1.0;2.0;A01
65629;201300043403;0;30;0;0.0;2.0;2.0;1.0;B01
65630;201300043403;0;7;0;0.0;2.0;2.0;15.0;A01
65631;201300043404;0;7;0;0.0;2.0;5.0;1.0;A01
65632;201300043404;0;7;0;0.0;2.0;1.0;1.0;B01
65633;201300043405;0;13;0;0.0;2.0;7.0;15.0;B01
65634;201300043405;0;30;0;0.0;2.0;3.0;18.0;A01
65635;201300043406;0;7;0;0.0;2.0;4.0;1.0;B01
65636;201300043406;0;7;0;0.0;2.0;1.0;1.0;A01
65637;201300043407;0;7;0;0.0;2.0;4.0;1.0;B01
65638;201300043407;0;7;0;0.0;2.0;1.0;1.0;A01
65639;201300043408;0;10;0;0.0;2.0;1.0;14.0;A01
65640;201300043408;0;7;0;0.0;2.0;2.0;1.0;B01
65641;201300043408;0;7;0;0.0;2.0;3.0;1.0;C01
65642;201300043409;0;33;0;0.0;2.0;4.0;2.0;B01
65643;201300043409;0;7;0;0.0;2.0;1.0;2.0;A01
65644;201300043410;0;13;0;0.0;0.0;0.0;2.0;C01
65645;201300043410;0;37;1;0.0;2.0;1.0;2.0;A01
65646;201300043410;0;7;0;0.0;9.0;1.0;2.0;B01
65647;201300043411;0;30;0;0.0;2.0;1.0;2.0;A01
65648;201300043411;0;7;0;0.0;0.0;2.0;15.0;B01
65649;201300043412;0;7;0;0.0;1.0;2.0;2.0;A01
65650;201300043413;0;7;0;9.0;9.0;9.0;2.0;A01
65651;201300043414;0;7;0;8.0;0.0;1.0;1.0;A01
65652;201300043415;0;7;0;0.0;1.0;1.0;1.0;A01
65653;201300043416;0;7;0;0.0;0.0;8.0;0.0;B01
65654;201300043416;0;31;0;0.0;0.0;1.0;0.0;A01
65655;201300043417;0;7;0;0.0;2.0;2.0;2.0;A01
65656;201300043417;0;30;0;0.0;2.0;3.0;9.0;B01
65657;201300043418;0;7;0;0.0;1.0;1.0;1.0;A01
65658;201300043419;0;7;0;0.0;1.0;1.0;1.0;A01
65659;201300043420;0;7;0;0.0;1.0;1.0;1.0;A01
65660;201300043421;0;7;0;0.0;2.0;2.0;1.0;A01
65661;201300043421;0;7;0;0.0;2.0;6.0;1.0;B01
65662;201300043422;0;7;0;0.0;1.0;1.0;1.0;A01
65663;201300043423;0;30;0;0.0;2.0;1.0;1.0;B01
65664;201300043423;0;7;0;0.0;2.0;4.0;4.0;A01
65665;201300043424;0;7;0;0.0;2.0;1.0;1.0;B01
65666;201300043424;0;7;0;0.0;2.0;1.0;1.0;A01
65667;201300043425;0;30;0;0.0;2.0;1.0;2.0;A01
65668;201300043425;0;7;0;0.0;2.0;4.0;2.0;B01
65669;201300043426;0;7;0;0.0;1.0;1.0;1.0;A01
65670;201300043427;0;7;0;0.0;1.0;1.0;1.0;A01
65671;201300043428;1;30;0;0.0;2.0;1.0;1.0;A01
65672;201300043428;0;7;0;0.0;2.0;6.0;1.0;B01
65673;201300043429;0;7;0;0.0;2.0;4.0;1.0;A01
65674;201300043429;0;7;0;0.0;2.0;1.0;1.0;B01
65675;201300043430;0;34;0;0.0;2.0;9.0;1.0;A01
65676;201300043430;0;1;0;0.0;2.0;9.0;0.0;B01
65677;201300043432;0;7;0;3.0;0.0;1.0;1.0;A01
65678;201300043433;0;7;0;0.0;1.0;1.0;0.0;A01
65679;201300043434;0;7;0;0.0;1.0;1.0;1.0;A01
65680;201300043435;0;7;0;0.0;2.0;1.0;1.0;B01
65681;201300043435;0;7;0;0.0;2.0;7.0;15.0;A01
65682;201300043436;0;7;0;0.0;1.0;1.0;1.0;A01
65683;201300043437;0;7;0;0.0;0.0;8.0;15.0;A01
65684;201300043437;0;33;0;0.0;2.0;1.0;1.0;B01
65685;201300043438;0;37;1;0.0;1.0;7.0;1.0;A01
65686;201300043439;0;7;0;0.0;2.0;2.0;1.0;A01
65687;201300043439;0;2;0;0.0;2.0;9.0;15.0;B01
65688;201300043440;0;7;0;0.0;2.0;2.0;15.0;A01
65689;201300043440;0;33;0;0.0;2.0;1.0;1.0;B01
65690;201300043441;0;99;0;0.0;1.0;1.0;15.0;A01
65691;201300043442;0;7;0;0.0;1.0;4.0;4.0;A01
65692;201300043443;0;7;0;0.0;2.0;4.0;2.0;B01
65693;201300043443;0;7;0;0.0;2.0;1.0;2.0;A01
65694;201300043444;0;30;0;0.0;0.0;0.0;1.0;A01
65695;201300043445;0;7;0;0.0;2.0;2.0;1.0;A01
65696;201300043445;0;7;0;0.0;2.0;5.0;1.0;B01
65697;201300043446;0;31;0;0.0;1.0;5.0;1.0;A01
65698;201300043448;0;7;0;0.0;2.0;1.0;1.0;A01
65699;201300043448;0;32;0;0.0;2.0;4.0;1.0;B01
65700;201300043449;0;7;0;0.0;1.0;4.0;20.0;A01
65701;201300043450;0;7;0;0.0;1.0;1.0;0.0;A01
65702;201300043451;0;7;0;0.0;2.0;3.0;15.0;B01
65703;201300043451;0;30;0;0.0;2.0;1.0;0.0;A01
65704;201300043454;0;14;0;0.0;2.0;1.0;11.0;A01
65705;201300043454;0;7;0;0.0;0.0;4.0;1.0;B01
65706;201300043455;0;7;0;0.0;1.0;1.0;1.0;A01
65707;201300043456;0;7;0;0.0;2.0;2.0;0.0;A01
65708;201300043456;0;1;0;0.0;2.0;1.0;0.0;B01
65709;201300043457;0;7;0;0.0;2.0;6.0;0.0;B01
65710;201300043457;0;7;0;0.0;2.0;2.0;0.0;A01
65711;201300043458;0;33;0;0.0;0.0;1.0;0.0;A01
65712;201300043459;0;7;0;0.0;1.0;7.0;0.0;A01
65713;201300043460;0;37;1;0.0;1.0;0.0;0.0;A01
65714;201300043461;0;7;0;0.0;0.0;4.0;23.0;A01
65715;201300043461;1;7;0;0.0;2.0;0.0;0.0;Z01
65716;201300043462;0;34;0;0.0;2.0;1.0;2.0;A01
65717;201300043462;0;7;0;0.0;0.0;5.0;2.0;B01
65718;201300043464;1;30;0;0.0;1.0;0.0;0.0;Z01
65719;201300043465;0;7;0;4.0;0.0;1.0;0.0;A01
65720;201300043466;0;7;0;0.0;2.0;1.0;0.0;A01
65721;201300043466;0;7;0;0.0;2.0;4.0;0.0;B01
65722;201300043467;0;7;0;0.0;2.0;4.0;23.0;B01
65723;201300043467;0;7;0;0.0;2.0;1.0;1.0;A01
65724;201300043468;0;7;0;0.0;2.0;1.0;1.0;A01
65725;201300043468;0;7;0;0.0;2.0;4.0;23.0;B01
65726;201300043469;0;7;0;0.0;2.0;2.0;15.0;A01
65727;201300043469;0;7;0;0.0;2.0;1.0;2.0;B01
65728;201300043470;0;2;0;0.0;0.0;7.0;1.0;A01
65729;201300043471;0;32;0;0.0;2.0;1.0;1.0;B01
65730;201300043471;0;7;0;0.0;2.0;1.0;0.0;A01
65731;201300043472;0;2;0;0.0;2.0;7.0;2.0;B01
65732;201300043472;0;7;0;0.0;2.0;8.0;9.0;A01
65733;201300043473;0;7;0;0.0;1.0;1.0;2.0;A01
65734;201300043474;0;7;0;0.0;2.0;3.0;2.0;A01
65735;201300043474;0;1;0;0.0;0.0;4.0;2.0;B01
65736;201300043475;0;7;0;0.0;1.0;1.0;0.0;A01
65737;201300043476;0;7;0;0.0;1.0;1.0;0.0;A01
65738;201300043477;0;7;0;0.0;2.0;1.0;2.0;A01
65739;201300043477;0;7;0;0.0;0.0;4.0;2.0;B01
65740;201300043478;0;2;0;0.0;2.0;1.0;1.0;B01
65741;201300043478;0;7;0;0.0;2.0;3.0;13.0;A01
65742;201300043479;0;7;0;0.0;2.0;1.0;0.0;B01
65743;201300043479;0;7;0;0.0;2.0;4.0;0.0;C01
65744;201300043479;0;31;0;0.0;2.0;4.0;0.0;A01
65745;201300043480;0;33;0;0.0;2.0;3.0;1.0;A01
65746;201300043480;0;7;0;0.0;2.0;1.0;16.0;B01
65747;201300043481;0;7;0;0.0;1.0;1.0;0.0;A01
65748;201300043482;0;7;0;0.0;0.0;1.0;0.0;A01
65749;201300043482;0;7;0;0.0;0.0;8.0;0.0;B01
65750;201300043483;0;7;0;0.0;2.0;7.0;15.0;A01
65751;201300043483;0;2;0;0.0;2.0;1.0;2.0;B01
65752;201300043485;0;7;0;0.0;2.0;4.0;23.0;B01
65753;201300043485;0;33;0;0.0;2.0;1.0;2.0;A01
65754;201300043486;0;7;0;0.0;2.0;1.0;9.0;A01
65755;201300043486;0;10;0;0.0;2.0;2.0;2.0;B01
65756;201300043488;0;7;0;0.0;1.0;3.0;0.0;A01
65757;201300043489;1;99;0;0.0;2.0;3.0;0.0;Z01
65758;201300043489;0;7;0;0.0;2.0;5.0;1.0;A01
65759;201300043490;0;31;0;0.0;2.0;7.0;17.0;A01
65760;201300043490;1;99;0;0.0;2.0;8.0;13.0;Z01
65761;201300043491;0;7;0;0.0;1.0;2.0;2.0;A01
65762;201300043493;0;7;0;0.0;2.0;4.0;2.0;C01
65763;201300043493;0;7;0;0.0;2.0;4.0;2.0;B01
65764;201300043493;0;7;0;0.0;2.0;1.0;2.0;A01
65765;201300043494;0;7;0;0.0;1.0;1.0;1.0;A01
65766;201300043495;1;7;0;0.0;1.0;1.0;1.0;Z01
65767;201300043496;0;7;0;0.0;1.0;1.0;1.0;A01
65768;201300043497;0;7;0;0.0;1.0;1.0;1.0;A01
65769;201300043498;0;2;0;0.0;2.0;1.0;1.0;A01
65770;201300043498;0;7;0;0.0;0.0;4.0;1.0;B01
65771;201300043499;1;7;0;0.0;1.0;1.0;1.0;Z01
65772;201300043500;0;7;0;0.0;2.0;1.0;23.0;B01
65773;201300043500;0;10;0;0.0;2.0;1.0;19.0;A01
65774;201300043501;0;7;0;0.0;2.0;1.0;2.0;A01
65775;201300043501;0;7;0;0.0;0.0;4.0;2.0;B01
65776;201300043502;0;7;0;0.0;1.0;1.0;9.0;A01
65777;201300043503;0;30;0;0.0;0.0;7.0;1.0;B01
65778;201300043503;0;7;0;0.0;2.0;1.0;1.0;A01
65779;201300043504;0;10;0;0.0;2.0;4.0;1.0;A01
65780;201300043504;0;7;0;0.0;2.0;4.0;1.0;B01
65781;201300043505;0;7;0;0.0;2.0;2.0;0.0;B01
65782;201300043505;0;7;0;0.0;2.0;3.0;0.0;A01
65783;201300043506;0;7;0;0.0;0.0;4.0;0.0;B01
65784;201300043506;0;20;0;0.0;0.0;1.0;0.0;A01
65785;201300043507;0;7;0;0.0;2.0;4.0;2.0;A01
65786;201300043507;0;7;0;0.0;2.0;1.0;2.0;B01
65787;201300043508;0;7;0;0.0;2.0;1.0;15.0;A01
65788;201300043508;0;30;0;0.0;2.0;1.0;2.0;B01
65789;201300043509;0;7;0;0.0;1.0;1.0;2.0;A01
65790;201300043511;0;33;0;0.0;2.0;1.0;0.0;B01
65791;201300043511;0;7;0;0.0;2.0;3.0;2.0;A01
65792;201300043512;0;7;0;5.0;0.0;1.0;0.0;A01
65793;201300043513;0;31;0;0.0;2.0;1.0;0.0;A01
65794;201300043513;0;7;0;0.0;2.0;1.0;0.0;B01
65795;201300043514;0;17;0;0.0;2.0;2.0;12.0;A01
65796;201300043514;0;32;0;0.0;2.0;8.0;1.0;B02
65797;201300043515;0;7;0;16.0;0.0;1.0;9.0;A01
65798;201300043516;0;7;0;0.0;1.0;1.0;1.0;A01
65799;201300043518;0;7;0;0.0;2.0;3.0;15.0;B01
65800;201300043518;0;32;0;0.0;2.0;4.0;15.0;A01
65801;201300043519;0;34;0;0.0;2.0;1.0;17.0;A01
65802;201300043519;0;99;0;0.0;2.0;1.0;16.0;B01
65803;201300043520;0;10;0;0.0;2.0;1.0;1.0;A01
65804;201300043520;0;2;0;0.0;2.0;8.0;15.0;B01
65805;201300043521;0;7;0;14.0;0.0;3.0;2.0;A01
65806;201300043522;0;7;0;0.0;1.0;0.0;4.0;A01
65807;201300043523;0;33;0;0.0;2.0;8.0;21.0;A01
65808;201300043523;0;7;0;0.0;2.0;8.0;15.0;B01
65809;201300043524;0;7;0;0.0;1.0;2.0;1.0;A01
65810;201300043525;0;7;0;0.0;0.0;4.0;2.0;B01
65811;201300043525;0;7;0;0.0;0.0;1.0;2.0;A01
65812;201300043526;0;7;0;0.0;2.0;3.0;1.0;B01
65813;201300043526;2;7;0;0.0;2.0;2.0;1.0;A01
65814;201300043527;0;7;0;0.0;2.0;6.0;4.0;A01
65815;201300043527;0;32;0;0.0;2.0;7.0;17.0;B01
65816;201300043528;0;7;0;0.0;2.0;6.0;1.0;B01
65817;201300043528;0;7;0;1.0;2.0;1.0;2.0;A01
65818;201300043529;0;10;0;0.0;2.0;2.0;15.0;A01
65819;201300043529;0;32;0;0.0;2.0;1.0;1.0;B01
65820;201300043530;0;7;0;0.0;1.0;1.0;2.0;A01
65821;201300043531;0;37;7;0.0;2.0;1.0;1.0;B01
65822;201300043531;0;2;0;0.0;2.0;1.0;21.0;A01
65823;201300043532;0;33;0;0.0;0.0;4.0;2.0;B01
65824;201300043532;0;33;0;0.0;2.0;1.0;2.0;A01
65825;201300043534;0;7;0;0.0;0.0;1.0;12.0;A01
65826;201300043534;0;33;0;0.0;0.0;1.0;1.0;B01
65827;201300043535;0;33;0;0.0;2.0;1.0;1.0;B01
65828;201300043535;0;10;0;0.0;2.0;3.0;1.0;A01
65829;201300043538;0;7;0;8.0;1.0;2.0;14.0;A01
65830;201300043538;1;7;0;0.0;2.0;8.0;11.0;Z01
65831;201300043539;0;7;0;0.0;2.0;1.0;1.0;B01
65832;201300043539;0;3;0;0.0;2.0;3.0;15.0;A01
65833;201300043540;0;7;0;0.0;1.0;2.0;1.0;A01
65834;201300043541;0;7;0;15.0;0.0;9.0;1.0;A01
65835;201300043542;0;7;0;0.0;1.0;1.0;15.0;A01
65836;201300043543;0;32;0;14.0;0.0;1.0;0.0;A01
65837;201300043544;0;7;0;0.0;2.0;1.0;16.0;A01
65838;201300043544;0;7;0;0.0;2.0;8.0;16.0;B01
65839;201300043545;0;7;0;0.0;2.0;2.0;1.0;A01
65840;201300043545;0;33;0;7.0;0.0;5.0;1.0;B01
65841;201300043547;0;7;0;0.0;2.0;2.0;21.0;A01
65842;201300043547;0;7;0;0.0;0.0;6.0;15.0;B01
65843;201300043548;0;1;0;0.0;2.0;3.0;15.0;A01
65844;201300043548;0;33;0;0.0;9.0;5.0;17.0;B01
65845;201300043549;0;33;0;0.0;1.0;1.0;1.0;A01
65846;201300043550;0;7;0;0.0;0.0;8.0;0.0;B01
65847;201300043550;0;7;0;0.0;0.0;2.0;1.0;A01
65848;201300043551;0;33;0;0.0;2.0;3.0;2.0;B01
65849;201300043551;0;7;0;0.0;2.0;3.0;15.0;A01
65850;201300043552;0;7;0;0.0;2.0;5.0;1.0;B01
65851;201300043552;0;7;0;0.0;2.0;3.0;2.0;A01
65852;201300043553;0;7;0;0.0;1.0;8.0;0.0;A01
65853;201300043554;0;33;0;0.0;2.0;1.0;1.0;A01
65854;201300043554;0;7;0;0.0;2.0;3.0;1.0;B01
65855;201300043555;0;7;0;1.0;2.0;1.0;20.0;A01
65856;201300043555;0;7;0;1.0;0.0;1.0;2.0;B01
65857;201300043556;0;7;0;0.0;2.0;2.0;15.0;A01
65858;201300043556;0;33;0;0.0;2.0;1.0;1.0;B01
65859;201300043557;0;7;0;0.0;1.0;1.0;16.0;A01
65860;201300043558;0;32;0;0.0;1.0;2.0;17.0;A01
65861;201300043559;0;7;0;0.0;2.0;1.0;2.0;A01
65862;201300043559;0;7;0;0.0;2.0;4.0;15.0;B01
65863;201300043560;0;7;0;0.0;0.0;3.0;10.0;A01
65864;201300043560;0;7;0;0.0;0.0;3.0;23.0;B01
65865;201300043561;0;7;0;1.0;0.0;2.0;2.0;A01
65866;201300043562;0;7;0;0.0;0.0;1.0;2.0;A01
65867;201300043562;0;7;0;0.0;0.0;4.0;2.0;B01
65868;201300043563;0;10;0;0.0;1.0;3.0;1.0;A01
65869;201300043564;0;32;0;0.0;1.0;2.0;1.0;A01
65870;201300043565;0;7;0;0.0;1.0;5.0;15.0;A01
65871;201300043566;0;33;0;0.0;0.0;2.0;1.0;A01
65872;201300043566;0;1;0;0.0;0.0;3.0;16.0;B01
65873;201300043568;0;30;0;0.0;1.0;1.0;1.0;A01
65874;201300043569;0;14;0;0.0;1.0;3.0;15.0;A01
65875;201300043570;0;7;0;0.0;2.0;3.0;2.0;A01
65876;201300043570;0;34;0;0.0;2.0;7.0;17.0;B01
65877;201300043571;0;2;0;0.0;0.0;3.0;1.0;G01
65878;201300043571;0;7;0;0.0;0.0;0.0;1.0;B01
65879;201300043573;0;7;0;0.0;0.0;0.0;0.0;B01
65880;201300043573;0;7;0;0.0;2.0;1.0;1.0;A01
65881;201300043574;0;7;0;0.0;2.0;2.0;15.0;A01
65882;201300043574;0;2;0;0.0;0.0;1.0;0.0;B01
65883;201300043575;0;7;0;0.0;1.0;2.0;1.0;A01
65884;201300043576;0;34;0;0.0;2.0;1.0;17.0;A01
65885;201300043576;0;7;0;0.0;2.0;3.0;15.0;B01
65886;201300043577;0;99;0;0.0;2.0;1.0;1.0;A01
65887;201300043577;0;7;0;0.0;2.0;2.0;1.0;B01
65888;201300043578;0;7;0;0.0;2.0;3.0;1.0;B01
65889;201300043578;0;7;0;0.0;2.0;8.0;15.0;A01
65890;201300043579;0;7;0;0.0;1.0;1.0;2.0;A01
65891;201300043580;0;7;0;0.0;1.0;8.0;1.0;A01
65892;201300043581;0;7;0;0.0;2.0;1.0;2.0;A01
65893;201300043581;0;7;0;0.0;2.0;4.0;2.0;B01
65894;201300043582;0;30;0;0.0;2.0;1.0;2.0;A01
65895;201300043582;0;7;0;0.0;0.0;3.0;15.0;B01
65896;201300043583;1;7;0;0.0;1.0;1.0;1.0;Z01
65897;201300043584;1;7;0;;2.0;8.0;1.0;Z01
65898;201300043584;0;7;0;0.0;2.0;2.0;1.0;A01
65899;201300043586;0;99;0;0.0;1.0;1.0;0.0;A01
65900;201300043587;0;7;0;0.0;1.0;3.0;1.0;A01
65901;201300043588;0;2;0;0.0;0.0;3.0;5.0;A01
65902;201300043588;0;31;0;0.0;0.0;2.0;0.0;B01
65903;201300043589;0;7;0;0.0;1.0;2.0;0.0;A01
65904;201300043590;0;2;0;0.0;2.0;1.0;2.0;A01
65905;201300043590;0;7;0;0.0;2.0;4.0;2.0;B01
65906;201300043591;0;7;0;0.0;0.0;4.0;2.0;C01
65907;201300043591;0;7;0;0.0;2.0;1.0;2.0;A01
65908;201300043591;0;7;0;0.0;2.0;4.0;2.0;B01
65909;201300043592;0;33;0;0.0;2.0;1.0;2.0;B01
65910;201300043592;0;37;2;0.0;2.0;3.0;2.0;A01
65911;201300043593;0;7;0;0.0;1.0;1.0;1.0;A01
65912;201300043594;0;7;0;0.0;2.0;4.0;1.0;B01
65913;201300043594;0;7;0;0.0;2.0;1.0;1.0;A01
65914;201300043595;0;7;0;0.0;0.0;5.0;1.0;B01
65915;201300043595;0;7;0;0.0;2.0;1.0;1.0;A01
65916;201300043596;0;7;0;0.0;2.0;3.0;2.0;A01
65917;201300043596;1;7;0;0.0;2.0;0.0;2.0;Z01
65918;201300043597;0;7;0;0.0;1.0;3.0;1.0;A01