;Num_Acc;senc;catv;occutc;obs;obsm;choc;manv;num_veh
66760;201300044166;0;7;0;0.0;2.0;3.0;10.0;A01
66761;201300044167;0;10;0;0.0;2.0;1.0;17.0;A01
66762;201300044167;0;7;0;0.0;2.0;6.0;23.0;B01
66763;201300044168;0;2;0;0.0;2.0;8.0;13.0;A01
66764;201300044168;0;7;0;0.0;2.0;8.0;1.0;B01
66765;201300044169;0;7;0;0.0;2.0;3.0;5.0;A01
66766;201300044169;0;1;0;0.0;2.0;1.0;1.0;B01
66767;201300044170;0;7;0;0.0;2.0;4.0;23.0;B01
66768;201300044170;0;10;0;0.0;2.0;1.0;2.0;A01
66769;201300044171;0;1;0;0.0;1.0;1.0;1.0;A01
66770;201300044172;0;7;0;0.0;2.0;3.0;15.0;A01
66771;201300044172;0;33;0;0.0;2.0;1.0;17.0;B01
66772;201300044174;1;7;0;0.0;1.0;4.0;4.0;Z01
66773;201300044175;0;1;0;0.0;2.0;1.0;2.0;B01
66774;201300044175;0;7;0;0.0;0.0;3.0;10.0;A01
66775;201300044176;0;2;0;0.0;2.0;1.0;2.0;A01
66776;201300044176;0;7;0;0.0;2.0;6.0;2.0;B01
66777;201300044178;0;7;0;0.0;1.0;2.0;16.0;A01
66778;201300044179;0;7;0;0.0;1.0;3.0;2.0;A01
66779;201300044180;0;7;0;0.0;2.0;2.0;9.0;A01
66780;201300044180;0;7;0;0.0;2.0;3.0;1.0;B01
66781;201300044181;0;10;0;0.0;2.0;1.0;20.0;A01
66782;201300044181;0;1;0;0.0;2.0;1.0;9.0;B01
66783;201300044182;0;7;0;0.0;1.0;1.0;2.0;A01
66784;201300044183;0;7;0;1.0;0.0;3.0;2.0;A01
66785;201300044184;1;7;0;0.0;2.0;1.0;2.0;A01
66786;201300044184;0;7;0;0.0;2.0;3.0;2.0;B01
66787;201300044185;0;3;0;0.0;2.0;4.0;2.0;B01
66788;201300044185;0;3;0;0.0;2.0;1.0;2.0;A01
66789;201300044185;0;3;0;0.0;2.0;4.0;2.0;C01
66790;201300044185;0;3;0;0.0;0.0;4.0;2.0;D01
66791;201300044186;0;7;0;0.0;1.0;1.0;17.0;A01
66792;201300044187;0;1;0;0.0;2.0;1.0;2.0;B01
66793;201300044187;0;33;0;0.0;2.0;1.0;2.0;A01
66794;201300044188;0;1;0;0.0;2.0;7.0;1.0;B01
66795;201300044188;0;7;0;0.0;9.0;1.0;1.0;A01
66796;201300044189;0;7;0;0.0;1.0;7.0;1.0;A01
66797;201300044190;0;30;0;0.0;2.0;1.0;1.0;B01
66798;201300044190;0;7;0;0.0;2.0;7.0;15.0;A01
66799;201300044191;0;32;0;0.0;1.0;0.0;0.0;A01
66800;201300044192;0;7;0;0.0;0.0;7.0;16.0;A01
66801;201300044192;0;33;0;0.0;2.0;1.0;1.0;B01
66802;201300044193;0;31;0;0.0;0.0;4.0;23.0;B01
66803;201300044193;0;3;0;0.0;2.0;1.0;2.0;A01
66804;201300044194;0;7;0;0.0;2.0;4.0;23.0;B01
66805;201300044194;0;7;0;0.0;2.0;1.0;2.0;A01
66806;201300044195;0;7;0;0.0;1.0;1.0;0.0;A01
66807;201300044196;0;7;0;0.0;1.0;0.0;22.0;A01
66808;201300044197;0;10;0;0.0;0.0;4.0;1.0;B01
66809;201300044197;0;7;0;1.0;0.0;1.0;1.0;A01
66810;201300044198;0;7;0;0.0;2.0;1.0;0.0;A01
66811;201300044198;0;1;0;0.0;0.0;2.0;0.0;B01
66812;201300044199;0;2;0;0.0;2.0;8.0;11.0;A01
66813;201300044199;0;2;0;0.0;2.0;7.0;11.0;B01
66814;201300044200;0;10;0;0.0;1.0;1.0;1.0;A01
66815;201300044201;0;7;0;0.0;2.0;2.0;15.0;A01
66816;201300044201;0;7;0;0.0;2.0;1.0;1.0;B01
66817;201300044202;0;30;0;0.0;2.0;1.0;1.0;A01
66818;201300044202;0;7;0;0.0;2.0;4.0;23.0;B01
66819;201300044203;0;7;0;0.0;1.0;1.0;0.0;A01
66820;201300044204;0;33;0;0.0;2.0;1.0;0.0;A01
66821;201300044204;0;7;0;0.0;2.0;3.0;15.0;B01
66822;201300044205;0;30;0;0.0;2.0;5.0;17.0;A01
66823;201300044205;0;10;0;0.0;2.0;3.0;15.0;B01
66824;201300044207;0;7;0;0.0;2.0;1.0;15.0;A01
66825;201300044207;0;2;0;0.0;2.0;1.0;1.0;B01
66826;201300044208;0;7;0;1.0;0.0;1.0;21.0;A01
66827;201300044212;0;10;0;0.0;1.0;4.0;4.0;A01
66828;201300044213;0;7;0;0.0;2.0;1.0;15.0;A01
66829;201300044213;0;7;0;0.0;2.0;8.0;1.0;B01
66830;201300044214;0;7;0;0.0;2.0;1.0;15.0;B01
66831;201300044214;0;7;0;0.0;2.0;7.0;1.0;A01
66832;201300044215;0;2;0;0.0;2.0;1.0;5.0;A01
66833;201300044215;0;7;0;0.0;2.0;1.0;1.0;B01
66834;201300044216;0;7;0;8.0;2.0;1.0;1.0;B01
66835;201300044216;0;7;0;8.0;2.0;1.0;1.0;A01
66836;201300044217;0;33;0;0.0;2.0;1.0;17.0;A01
66837;201300044217;0;7;0;0.0;2.0;6.0;15.0;B01
66838;201300044218;0;7;0;0.0;2.0;2.0;15.0;A01
66839;201300044218;0;33;0;0.0;2.0;1.0;1.0;B01
66840;201300044219;0;33;0;0.0;2.0;8.0;1.0;B01
66841;201300044219;0;7;0;0.0;2.0;1.0;15.0;A01
66842;201300044220;0;99;0;0.0;2.0;0.0;0.0;A01
66843;201300044220;0;33;0;0.0;2.0;0.0;0.0;B01
66844;201300044221;0;7;0;0.0;1.0;1.0;0.0;A01
66845;201300044222;0;7;0;0.0;2.0;0.0;0.0;A01
66846;201300044222;0;33;0;0.0;2.0;0.0;0.0;B01
66847;201300044223;0;7;0;0.0;1.0;1.0;0.0;A01
66848;201300044224;0;31;0;1.0;2.0;1.0;3.0;B01
66849;201300044224;0;10;0;0.0;2.0;2.0;0.0;A01
66850;201300044225;0;7;0;0.0;2.0;3.0;1.0;B01
66851;201300044225;0;10;0;0.0;2.0;1.0;1.0;A01
66852;201300044226;0;7;0;1.0;1.0;3.0;1.0;A01
66853;201300044227;0;7;0;0.0;2.0;3.0;16.0;A01
66854;201300044227;0;7;0;0.0;2.0;6.0;1.0;B01
66855;201300044228;0;7;0;0.0;2.0;8.0;23.0;D01
66856;201300044228;0;30;0;0.0;2.0;8.0;23.0;B01
66857;201300044228;0;7;0;0.0;2.0;1.0;1.0;C01
66858;201300044228;0;7;0;0.0;2.0;1.0;15.0;A01
66859;201300044229;0;7;0;0.0;0.0;0.0;14.0;C01
66860;201300044229;0;32;0;0.0;2.0;8.0;0.0;A01
66861;201300044229;0;7;0;0.0;2.0;7.0;0.0;B01
66862;201300044230;0;33;0;0.0;0.0;0.0;0.0;B01
66863;201300044230;0;33;0;0.0;0.0;0.0;0.0;A01
66864;201300044231;0;34;0;0.0;2.0;1.0;0.0;A01
66865;201300044231;0;7;0;0.0;2.0;5.0;0.0;B01
66866;201300044232;0;7;0;0.0;1.0;0.0;0.0;A01
66867;201300044233;0;7;0;0.0;1.0;7.0;0.0;A01
66868;201300044234;0;33;0;0.0;1.0;0.0;1.0;A01
66869;201300044235;0;7;0;0.0;2.0;7.0;0.0;A01
66870;201300044235;0;7;0;0.0;2.0;1.0;1.0;B01
66871;201300044236;0;33;0;0.0;2.0;2.0;17.0;A01
66872;201300044236;0;7;0;0.0;2.0;8.0;15.0;B01
66873;201300044237;0;7;0;0.0;2.0;8.0;9.0;B01
66874;201300044237;0;30;0;0.0;2.0;1.0;1.0;A01
66875;201300044238;0;7;0;0.0;2.0;1.0;0.0;B01
66876;201300044238;0;30;0;0.0;2.0;8.0;0.0;A01
66877;201300044239;0;33;0;0.0;2.0;1.0;0.0;A01
66878;201300044239;0;7;0;0.0;2.0;4.0;0.0;C01
66879;201300044239;0;7;0;0.0;2.0;1.0;0.0;B01
66880;201300044240;0;33;0;0.0;2.0;7.0;0.0;B01
66881;201300044240;0;7;0;0.0;2.0;8.0;20.0;A01
66882;201300044241;0;7;0;0.0;1.0;0.0;0.0;A01
66883;201300044242;0;2;0;0.0;2.0;7.0;1.0;A01
66884;201300044242;0;7;0;0.0;2.0;1.0;1.0;B01
66885;201300044243;0;7;0;0.0;2.0;2.0;15.0;A01
66886;201300044243;0;32;0;0.0;2.0;1.0;1.0;B01
66887;201300044244;0;31;0;0.0;1.0;2.0;1.0;A01
66888;201300044245;0;7;0;0.0;1.0;8.0;0.0;A01
66889;201300044246;0;7;0;0.0;1.0;1.0;1.0;A01
66890;201300044247;0;7;0;0.0;2.0;1.0;0.0;B01
66891;201300044247;0;7;0;0.0;2.0;5.0;0.0;A01
66892;201300044248;0;33;0;1.0;0.0;0.0;0.0;B01
66893;201300044248;0;10;0;0.0;2.0;8.0;0.0;A01
66894;201300044249;0;33;0;0.0;2.0;1.0;1.0;B01
66895;201300044249;0;7;0;0.0;2.0;3.0;15.0;A01
66896;201300044250;0;7;0;0.0;2.0;1.0;2.0;A01
66897;201300044250;0;7;0;0.0;2.0;4.0;1.0;B01
66898;201300044252;0;7;0;0.0;1.0;1.0;1.0;A01
66899;201300044253;0;7;0;0.0;2.0;3.0;1.0;B01
66900;201300044253;0;7;0;0.0;2.0;2.0;15.0;A01
66901;201300044254;0;33;0;0.0;2.0;1.0;0.0;B01
66902;201300044254;0;7;0;0.0;2.0;1.0;15.0;A01
66903;201300044255;0;7;0;0.0;1.0;1.0;0.0;A01
66904;201300044256;0;7;0;0.0;2.0;1.0;1.0;A01
66905;201300044256;0;7;0;0.0;2.0;1.0;1.0;B01
66906;201300044258;0;10;0;0.0;2.0;2.0;1.0;A01
66907;201300044258;0;37;0;0.0;2.0;3.0;1.0;B01
66908;201300044259;0;7;0;0.0;2.0;3.0;2.0;B01
66909;201300044259;0;7;0;0.0;2.0;1.0;1.0;A01
66910;201300044261;0;7;0;0.0;1.0;1.0;0.0;A01
66911;201300044262;0;7;0;0.0;1.0;1.0;13.0;A01
66912;201300044263;0;33;0;1.0;0.0;3.0;1.0;A01
66913;201300044264;0;2;0;0.0;2.0;1.0;2.0;A01
66914;201300044264;0;10;0;0.0;2.0;4.0;1.0;B01
66915;201300044265;0;1;0;0.0;2.0;1.0;1.0;A01
66916;201300044265;0;1;0;0.0;2.0;8.0;1.0;B01
66917;201300044267;0;7;0;0.0;2.0;1.0;1.0;A01
66918;201300044267;0;7;0;0.0;2.0;4.0;23.0;B01
66919;201300044269;0;7;0;0.0;2.0;1.0;1.0;B01
66920;201300044269;0;31;0;0.0;2.0;1.0;1.0;A01
66921;201300044270;0;7;0;0.0;1.0;2.0;1.0;A01
66922;201300044271;0;7;0;8.0;2.0;8.0;1.0;B01
66923;201300044271;0;37;0;0.0;2.0;1.0;1.0;A01
66924;201300044272;0;7;0;0.0;2.0;1.0;23.0;B01
66925;201300044272;0;7;0;0.0;1.0;2.0;16.0;A01
66926;201300044274;0;7;0;0.0;1.0;1.0;2.0;A01
66927;201300044275;0;7;0;0.0;2.0;1.0;15.0;A01
66928;201300044275;0;32;0;0.0;2.0;1.0;1.0;B01
66929;201300044276;0;7;0;0.0;1.0;1.0;16.0;A01
66930;201300044278;0;2;0;0.0;2.0;7.0;17.0;A01
66931;201300044278;0;7;0;0.0;2.0;3.0;15.0;B01
66932;201300044279;0;7;0;0.0;2.0;3.0;9.0;B01
66933;201300044279;0;33;0;0.0;2.0;1.0;17.0;A01
66934;201300044280;0;3;0;1.0;0.0;1.0;21.0;A01
66935;201300044281;0;7;0;0.0;2.0;3.0;15.0;B01
66936;201300044281;0;33;0;0.0;2.0;1.0;1.0;A01
66937;201300044283;0;7;0;0.0;2.0;3.0;1.0;B01
66938;201300044283;0;2;0;0.0;2.0;7.0;1.0;A01
66939;201300044284;0;7;0;1.0;2.0;1.0;15.0;A01
66940;201300044284;0;1;0;0.0;2.0;1.0;23.0;B01
66941;201300044285;0;33;0;0.0;2.0;1.0;1.0;B01
66942;201300044285;0;7;0;1.0;2.0;3.0;15.0;A01
66943;201300044286;0;30;0;0.0;2.0;0.0;0.0;B01
66944;201300044286;0;7;0;0.0;2.0;0.0;0.0;A01
66945;201300044287;0;7;0;0.0;2.0;1.0;15.0;A01
66946;201300044287;0;31;0;0.0;2.0;1.0;2.0;B01
66947;201300044288;0;7;0;0.0;2.0;5.0;10.0;A01
66948;201300044288;0;2;0;0.0;2.0;1.0;1.0;B01
66949;201300044289;0;10;0;0.0;2.0;1.0;1.0;A01
66950;201300044289;0;31;0;0.0;2.0;1.0;1.0;B01
66951;201300044290;0;2;0;0.0;2.0;8.0;1.0;B01
66952;201300044290;0;7;0;0.0;2.0;3.0;1.0;C01
66953;201300044290;1;7;0;0.0;2.0;0.0;0.0;Z01
66954;201300044291;0;33;0;0.0;0.0;0.0;0.0;A01
66955;201300044292;0;32;0;0.0;0.0;0.0;1.0;A01
66956;201300044292;0;7;0;0.0;2.0;8.0;15.0;B01
66957;201300044293;0;7;0;0.0;2.0;2.0;1.0;B01
66958;201300044293;0;7;0;0.0;2.0;3.0;9.0;A01
66959;201300044294;0;1;0;0.0;2.0;0.0;15.0;A01
66960;201300044294;0;7;0;0.0;2.0;1.0;0.0;B01
66961;201300044295;0;1;0;1.0;0.0;1.0;1.0;B01
66962;201300044295;0;7;0;0.0;2.0;4.0;23.0;A01
66963;201300044296;0;7;0;6.0;2.0;1.0;0.0;B01
66964;201300044296;0;7;0;0.0;2.0;2.0;0.0;A01
66965;201300044298;0;33;0;0.0;2.0;1.0;0.0;A01
66966;201300044298;0;7;0;0.0;2.0;8.0;10.0;B01
66967;201300044299;0;7;0;0.0;1.0;1.0;0.0;A01
66968;201300044300;0;7;0;6.0;0.0;1.0;21.0;A01
66969;201300044302;0;1;0;0.0;2.0;0.0;1.0;B01
66970;201300044302;0;7;0;0.0;2.0;3.0;13.0;A01
66971;201300044303;0;7;0;0.0;2.0;1.0;13.0;A01
66972;201300044303;0;7;0;0.0;2.0;1.0;1.0;C01
66973;201300044303;0;7;0;0.0;2.0;1.0;1.0;B01
66974;201300044304;0;7;0;0.0;2.0;1.0;1.0;B01
66975;201300044304;0;7;0;0.0;2.0;8.0;10.0;A01
66976;201300044305;0;32;0;0.0;2.0;1.0;2.0;B01
66977;201300044305;0;99;0;0.0;2.0;4.0;4.0;A01
66978;201300044306;0;7;0;0.0;2.0;1.0;0.0;B01
66979;201300044306;0;7;0;0.0;2.0;2.0;19.0;A01
66980;201300044307;0;7;0;0.0;2.0;1.0;1.0;A01
66981;201300044307;0;1;0;0.0;2.0;8.0;1.0;B01
66982;201300044308;0;7;0;0.0;1.0;7.0;2.0;A01
66983;201300044309;0;7;0;0.0;2.0;1.0;17.0;A01
66984;201300044309;0;7;0;0.0;2.0;1.0;0.0;B01
66985;201300044310;0;10;0;0.0;2.0;1.0;1.0;A01
66986;201300044310;0;7;0;0.0;2.0;1.0;0.0;B01
66987;201300044311;0;7;0;14.0;0.0;1.0;1.0;A01
66988;201300044312;0;7;0;0.0;1.0;1.0;2.0;A01
66989;201300044313;0;7;0;0.0;2.0;7.0;2.0;B01
66990;201300044313;0;7;0;0.0;2.0;1.0;0.0;A01
66991;201300044315;0;14;0;0.0;2.0;1.0;1.0;B01
66992;201300044315;0;7;0;0.0;2.0;3.0;9.0;A01
66993;201300044316;0;7;0;0.0;1.0;1.0;1.0;A01
66994;201300044317;0;7;0;0.0;1.0;4.0;4.0;A01
66995;201300044318;0;7;0;0.0;1.0;1.0;1.0;A01
66996;201300044319;0;7;0;0.0;1.0;2.0;15.0;A01
66997;201300044320;0;7;0;0.0;2.0;1.0;2.0;A01
66998;201300044320;0;7;0;0.0;0.0;4.0;2.0;B01
66999;201300044321;0;7;0;0.0;1.0;1.0;1.0;A01
67000;201300044322;0;7;0;1.0;0.0;1.0;0.0;A01
67001;201300044323;0;7;0;0.0;1.0;1.0;1.0;A01
67002;201300044324;0;32;0;0.0;1.0;1.0;3.0;A01
67003;201300044325;0;7;0;0.0;2.0;4.0;1.0;B01
67004;201300044325;0;7;0;0.0;2.0;1.0;2.0;A01
67005;201300044326;0;14;0;0.0;2.0;1.0;2.0;A01
67006;201300044326;0;7;0;0.0;0.0;4.0;2.0;B01
67007;201300044327;0;7;0;14.0;0.0;1.0;1.0;A01
67008;201300044328;0;31;0;0.0;2.0;7.0;15.0;A01
67009;201300044328;0;7;0;0.0;2.0;1.0;1.0;B01
67010;201300044329;0;7;0;0.0;0.0;4.0;2.0;B01
67011;201300044329;0;7;0;0.0;2.0;1.0;2.0;A01
67012;201300044330;0;20;0;0.0;1.0;7.0;1.0;A01
67013;201300044331;0;7;0;0.0;2.0;1.0;1.0;A01
67014;201300044331;0;7;0;0.0;0.0;8.0;1.0;B01
67015;201300044331;0;7;0;0.0;0.0;4.0;1.0;C01
67016;201300044332;0;7;0;0.0;2.0;1.0;0.0;B01
67017;201300044332;0;7;0;0.0;2.0;1.0;0.0;A01
67018;201300044333;0;7;0;1.0;0.0;3.0;0.0;A01
67019;201300044334;0;32;0;0.0;1.0;3.0;1.0;A01
67020;201300044335;0;7;0;1.0;1.0;1.0;0.0;A01
67021;201300044336;0;7;0;0.0;2.0;0.0;16.0;A01
67022;201300044336;0;1;0;0.0;2.0;1.0;1.0;B01
67023;201300044337;1;7;0;0.0;1.0;5.0;0.0;Z01
67024;201300044338;0;7;0;0.0;1.0;4.0;4.0;A01
67025;201300044339;0;1;0;0.0;2.0;1.0;0.0;B01
67026;201300044339;1;7;0;0.0;2.0;0.0;0.0;Z01
67027;201300044341;0;30;0;0.0;2.0;1.0;1.0;B01
67028;201300044341;0;7;0;0.0;2.0;3.0;15.0;A01
67029;201300044342;0;7;0;0.0;2.0;1.0;1.0;A01
67030;201300044342;0;7;0;0.0;2.0;3.0;15.0;B01
67031;201300044344;0;7;0;0.0;2.0;1.0;17.0;A01
67032;201300044344;0;7;0;0.0;0.0;8.0;13.0;B01
67033;201300044345;0;7;0;0.0;2.0;4.0;1.0;C01
67034;201300044345;0;7;0;0.0;2.0;1.0;1.0;B01
67035;201300044345;0;7;0;0.0;2.0;1.0;1.0;A01
67036;201300044347;1;7;0;9.0;1.0;1.0;1.0;Z01
67037;201300044348;0;7;0;0.0;2.0;2.0;15.0;A01
67038;201300044348;0;7;0;0.0;2.0;1.0;1.0;B01
67039;201300044349;0;10;0;0.0;0.0;3.0;0.0;B01
67040;201300044349;1;7;0;0.0;0.0;0.0;15.0;Z01
67041;201300044349;0;33;0;0.0;0.0;2.0;0.0;A01
67042;201300044350;0;33;0;0.0;1.0;1.0;1.0;A01
67043;201300044351;0;7;0;0.0;2.0;4.0;23.0;B01
67044;201300044351;0;17;0;0.0;2.0;1.0;2.0;A01
67045;201300044352;0;7;0;0.0;2.0;1.0;1.0;A01
67046;201300044352;0;7;0;0.0;2.0;3.0;15.0;B01
67047;201300044353;0;7;0;0.0;2.0;3.0;1.0;A01
67048;201300044353;0;7;0;0.0;2.0;1.0;1.0;B01
67049;201300044354;0;33;0;0.0;0.0;4.0;0.0;A01
67050;201300044354;0;7;0;0.0;0.0;4.0;0.0;B01
67051;201300044356;0;2;0;0.0;0.0;0.0;23.0;A01
67052;201300044357;0;7;0;0.0;2.0;3.0;1.0;C01
67053;201300044357;0;33;0;11.0;2.0;3.0;6.0;A01
67054;201300044357;0;7;0;0.0;2.0;8.0;1.0;B01
67055;201300044358;0;14;0;0.0;0.0;2.0;14.0;A01
67056;201300044358;0;37;12;0.0;2.0;6.0;24.0;B01
67057;201300044359;0;7;0;0.0;1.0;2.0;1.0;A01
67058;201300044360;0;7;0;0.0;2.0;3.0;1.0;A01
67059;201300044360;0;14;0;0.0;0.0;3.0;1.0;B01
67060;201300044361;0;7;0;0.0;2.0;1.0;2.0;A01
67061;201300044361;0;7;0;0.0;2.0;4.0;2.0;B01
67062;201300044361;0;7;0;0.0;2.0;4.0;1.0;C01
67063;201300044362;0;7;0;0.0;1.0;3.0;0.0;A01
67064;201300044363;0;13;0;0.0;1.0;4.0;4.0;A01
67065;201300044364;0;7;0;0.0;2.0;2.0;15.0;A01
67066;201300044364;0;31;0;0.0;2.0;1.0;1.0;B01
67067;201300044365;1;7;0;0.0;0.0;0.0;0.0;Z01
67068;201300044365;0;7;0;0.0;0.0;2.0;0.0;B01
67069;201300044366;0;7;0;0.0;1.0;8.0;1.0;A01
67070;201300044367;0;7;0;0.0;0.0;4.0;0.0;C01
67071;201300044367;0;7;0;0.0;0.0;4.0;0.0;B01
67072;201300044367;0;7;0;0.0;0.0;1.0;0.0;A01
67073;201300044368;0;7;0;0.0;1.0;3.0;21.0;A01
67074;201300044368;0;7;0;0.0;2.0;2.0;1.0;B01
67075;201300044369;0;1;0;0.0;2.0;1.0;1.0;A01
67076;201300044369;0;7;0;0.0;2.0;5.0;15.0;B01
67077;201300044370;0;7;0;0.0;1.0;1.0;1.0;A01
67078;201300044371;0;2;0;0.0;2.0;1.0;1.0;A01
67079;201300044371;0;7;0;0.0;0.0;1.0;1.0;B01
67080;201300044372;0;7;0;0.0;1.0;3.0;1.0;A01
67081;201300044373;0;7;0;0.0;0.0;4.0;2.0;B01
67082;201300044373;0;15;0;0.0;2.0;1.0;2.0;A01
67083;201300044374;1;7;0;0.0;2.0;1.0;1.0;Z01
67084;201300044374;0;7;0;0.0;2.0;7.0;1.0;A01
67085;201300044375;0;33;0;0.0;2.0;1.0;17.0;A01
67086;201300044375;0;7;0;0.0;2.0;3.0;15.0;B01
67087;201300044376;0;7;0;0.0;2.0;3.0;1.0;B01
67088;201300044376;0;7;0;0.0;2.0;1.0;1.0;A01
67089;201300044379;0;7;0;0.0;2.0;5.0;20.0;A01
67090;201300044379;0;33;0;0.0;2.0;1.0;1.0;B01
67091;201300044380;0;33;0;0.0;2.0;7.0;1.0;B01
67092;201300044380;0;7;0;0.0;2.0;3.0;15.0;A01
67093;201300044381;0;30;0;0.0;0.0;3.0;15.0;A01
67094;201300044382;0;7;0;0.0;1.0;2.0;1.0;A01
67095;201300044383;0;31;0;0.0;2.0;1.0;1.0;A01
67096;201300044383;0;7;0;0.0;2.0;2.0;1.0;B01
67097;201300044384;0;3;0;9.0;0.0;1.0;1.0;A01
67098;201300044385;0;7;0;0.0;2.0;1.0;2.0;A01
67099;201300044385;0;7;0;0.0;2.0;4.0;2.0;B01
67100;201300044385;0;7;0;0.0;2.0;4.0;2.0;C01
67101;201300044386;0;10;0;0.0;2.0;1.0;1.0;A01
67102;201300044386;0;7;0;0.0;2.0;1.0;0.0;B01
67103;201300044388;0;7;0;0.0;2.0;4.0;1.0;B01
67104;201300044388;0;7;0;0.0;2.0;4.0;2.0;C01
67105;201300044388;1;7;0;0.0;2.0;1.0;2.0;Z01
67106;201300044389;0;10;0;0.0;2.0;1.0;2.0;A01
67107;201300044389;0;33;0;0.0;2.0;4.0;23.0;B01
67108;201300044389;0;7;0;0.0;2.0;4.0;23.0;C01
67109;201300044390;0;33;0;0.0;1.0;1.0;1.0;A01
67110;201300044391;0;7;0;0.0;2.0;1.0;0.0;A01
67111;201300044391;0;30;0;0.0;2.0;1.0;0.0;B01
67112;201300044392;0;7;0;0.0;2.0;1.0;15.0;A01
67113;201300044392;0;33;0;0.0;2.0;1.0;1.0;B01
67114;201300044393;0;7;0;0.0;1.0;2.0;1.0;A01
67115;201300044394;0;32;0;0.0;2.0;2.0;0.0;A01
67116;201300044394;0;7;0;0.0;2.0;3.0;15.0;B01
67117;201300044395;0;31;0;0.0;2.0;7.0;13.0;A01
67118;201300044395;0;7;0;0.0;2.0;6.0;17.0;B01
67119;201300044396;0;7;0;0.0;2.0;2.0;11.0;A01
67120;201300044396;0;7;0;0.0;2.0;6.0;23.0;B01
67121;201300044397;2;2;0;14.0;0.0;1.0;1.0;A01
67122;201300044398;0;7;0;0.0;2.0;1.0;2.0;A01
67123;201300044398;0;7;0;0.0;2.0;4.0;23.0;B01
67124;201300044398;0;7;0;0.0;2.0;4.0;23.0;C01
67125;201300044399;0;7;0;0.0;1.0;0.0;1.0;A01
67126;201300044400;0;32;0;0.0;1.0;2.0;21.0;A01
67127;201300044401;0;7;0;0.0;1.0;2.0;1.0;A01
67128;201300044403;0;7;0;0.0;2.0;1.0;15.0;A01
67129;201300044403;0;7;0;0.0;2.0;1.0;23.0;B01
67130;201300044404;0;7;0;0.0;1.0;2.0;1.0;A01
67131;201300044405;0;7;0;0.0;2.0;7.0;0.0;A01
67132;201300044405;0;7;0;0.0;2.0;1.0;1.0;B01
67133;201300044406;0;7;0;0.0;1.0;2.0;1.0;A01
67134;201300044407;0;33;0;0.0;2.0;1.0;1.0;B01
67135;201300044407;0;7;0;0.0;2.0;2.0;20.0;A01
67136;201300044408;0;31;0;0.0;2.0;8.0;1.0;B01
67137;201300044408;0;7;0;0.0;2.0;2.0;15.0;A01
67138;201300044409;0;7;0;9.0;0.0;1.0;19.0;A01
67139;201300044410;0;7;0;0.0;2.0;2.0;2.0;A01
67140;201300044410;0;7;0;0.0;2.0;1.0;1.0;B01
67141;201300044411;0;1;0;0.0;2.0;7.0;1.0;B01
67142;201300044411;0;7;0;0.0;2.0;3.0;9.0;A01
67143;201300044412;0;7;0;6.0;0.0;2.0;0.0;A01
67144;201300044414;0;30;0;0.0;1.0;1.0;1.0;A01
67145;201300044415;0;32;0;0.0;2.0;7.0;2.0;A01
67146;201300044415;0;7;0;0.0;9.0;3.0;0.0;B01
67147;201300044416;0;7;0;0.0;1.0;6.0;4.0;A01
67148;201300044417;0;33;0;0.0;2.0;1.0;1.0;A01
67149;201300044417;0;37;1;0.0;2.0;5.0;15.0;B01
67150;201300044418;0;7;0;1.0;0.0;2.0;1.0;A01
67151;201300044419;0;33;0;0.0;2.0;1.0;2.0;B01
67152;201300044419;0;7;0;0.0;2.0;4.0;23.0;A01
67153;201300044420;0;7;0;0.0;1.0;1.0;1.0;A01
67154;201300044421;0;7;0;0.0;2.0;1.0;1.0;A01
67155;201300044421;0;7;0;0.0;2.0;3.0;15.0;B01
67156;201300044422;0;7;0;0.0;2.0;1.0;0.0;A01
67157;201300044422;0;7;0;0.0;2.0;4.0;0.0;C01
67158;201300044422;0;7;0;0.0;2.0;4.0;0.0;B01
67159;201300044423;0;10;0;0.0;1.0;2.0;1.0;A01
67160;201300044424;0;7;0;0.0;2.0;2.0;15.0;A01
67161;201300044424;1;2;0;0.0;2.0;1.0;1.0;Z01
67162;201300044425;0;7;0;0.0;0.0;3.0;9.0;A01
67163;201300044425;0;10;0;0.0;0.0;1.0;1.0;B01
67164;201300044426;0;7;0;0.0;1.0;4.0;4.0;A01
67165;201300044427;0;7;0;0.0;2.0;3.0;23.0;B01
67166;201300044427;0;7;0;0.0;2.0;1.0;15.0;A01
67167;201300044428;0;7;0;0.0;2.0;1.0;15.0;A01
67168;201300044428;0;34;0;0.0;2.0;8.0;2.0;B01
67169;201300044429;0;7;0;0.0;2.0;1.0;15.0;A01
67170;201300044429;0;33;0;0.0;2.0;8.0;19.0;B01
67171;201300044430;0;10;0;0.0;2.0;3.0;16.0;B01
67172;201300044430;0;13;0;0.0;2.0;1.0;1.0;A01
67173;201300044431;0;33;0;0.0;2.0;2.0;2.0;B01
67174;201300044431;0;7;0;0.0;0.0;3.0;0.0;A01
67175;201300044432;0;33;0;0.0;2.0;1.0;0.0;A01
67176;201300044432;0;7;0;0.0;0.0;6.0;1.0;B01
67177;201300044433;0;10;0;0.0;2.0;1.0;0.0;B01
67178;201300044433;0;37;0;0.0;2.0;5.0;2.0;A01
67179;201300044435;0;7;0;0.0;2.0;1.0;2.0;A01
67180;201300044435;0;7;0;0.0;2.0;4.0;23.0;B01
67181;201300044436;1;7;0;0.0;1.0;0.0;2.0;Z01