;Num_Acc;senc;catv;occutc;obs;obsm;choc;manv;num_veh
68023;201300045017;0;7;0;0.0;1.0;1.0;1.0;A01
68024;201300045018;0;7;0;0.0;2.0;5.0;15.0;B01
68025;201300045018;0;34;0;0.0;2.0;1.0;1.0;A01
68026;201300045019;1;10;0;0.0;1.0;0.0;16.0;Z01
68027;201300045020;0;31;0;0.0;2.0;7.0;1.0;B01
68028;201300045020;1;7;0;0.0;2.0;0.0;0.0;Z01
68029;201300045021;0;7;0;0.0;1.0;2.0;15.0;A01
68030;201300045022;0;7;0;0.0;2.0;4.0;2.0;A01
68031;201300045022;0;7;0;0.0;2.0;1.0;1.0;B01
68032;201300045024;0;33;0;0.0;2.0;1.0;1.0;B01
68033;201300045024;0;7;0;0.0;2.0;2.0;15.0;A01
68034;201300045025;0;7;0;0.0;2.0;3.0;1.0;B01
68035;201300045025;0;7;0;0.0;2.0;3.0;15.0;A01
68036;201300045026;0;7;0;0.0;2.0;1.0;1.0;A01
68037;201300045026;0;7;0;0.0;0.0;3.0;1.0;B01
68038;201300045027;1;10;0;0.0;2.0;1.0;1.0;Z01
68039;201300045027;0;7;0;0.0;2.0;8.0;1.0;A01
68040;201300045029;0;7;0;0.0;2.0;3.0;1.0;A01
68041;201300045029;0;7;0;0.0;2.0;4.0;2.0;B01
68042;201300045030;0;38;1;0.0;1.0;2.0;1.0;A01
68043;201300045031;1;7;0;0.0;1.0;2.0;1.0;Z01
68044;201300045032;0;7;0;0.0;2.0;1.0;1.0;A01
68045;201300045032;0;7;0;0.0;2.0;4.0;2.0;B01
68046;201300045033;1;7;0;0.0;1.0;1.0;1.0;Z01
68047;201300045034;0;7;0;0.0;1.0;1.0;1.0;Z01
68048;201300045035;0;7;0;0.0;2.0;1.0;1.0;A01
68049;201300045035;0;7;0;0.0;2.0;3.0;9.0;B01
68050;201300045036;0;7;0;0.0;2.0;2.0;2.0;A01
68051;201300045036;0;2;0;0.0;2.0;4.0;2.0;B01
68052;201300045037;0;7;0;0.0;1.0;2.0;1.0;A01
68053;201300045038;0;7;0;0.0;2.0;2.0;1.0;A01
68054;201300045038;0;7;0;0.0;2.0;3.0;1.0;B01
68055;201300045039;0;7;0;0.0;2.0;3.0;10.0;A01
68056;201300045039;0;34;0;0.0;2.0;1.0;1.0;B01
68057;201300045040;0;7;0;0.0;2.0;7.0;1.0;B01
68058;201300045040;0;7;0;0.0;2.0;1.0;1.0;A01
68059;201300045041;0;7;0;0.0;1.0;7.0;1.0;A01
68060;201300045042;0;7;0;0.0;1.0;3.0;1.0;A01
68061;201300045043;1;7;0;0.0;1.0;0.0;1.0;Z01
68062;201300045044;1;7;0;0.0;2.0;1.0;1.0;Z01
68063;201300045044;0;7;0;0.0;2.0;8.0;1.0;A01
68064;201300045045;0;7;0;0.0;2.0;3.0;1.0;B01
68065;201300045045;0;33;0;0.0;2.0;1.0;13.0;A01
68066;201300045046;0;14;0;0.0;2.0;4.0;2.0;A01
68067;201300045046;0;7;0;0.0;2.0;2.0;1.0;B01
68068;201300045047;0;10;0;0.0;1.0;4.0;4.0;A01
68069;201300045048;0;2;0;0.0;2.0;1.0;1.0;B01
68070;201300045048;0;7;0;0.0;2.0;2.0;15.0;A01
68071;201300045049;0;7;0;0.0;1.0;2.0;1.0;A01
68072;201300045051;0;2;0;1.0;0.0;1.0;9.0;A01
68073;201300045052;0;33;0;0.0;2.0;7.0;13.0;B01
68074;201300045052;0;7;0;0.0;2.0;8.0;13.0;A01
68075;201300045053;0;7;0;0.0;1.0;1.0;1.0;A01
68076;201300045054;0;7;0;0.0;1.0;1.0;1.0;A01
68077;201300045055;0;7;0;0.0;1.0;1.0;1.0;A01
68078;201300045056;0;7;0;0.0;2.0;5.0;2.0;B01
68079;201300045056;0;7;0;0.0;2.0;3.0;9.0;A01
68080;201300045057;0;7;0;16.0;;4.0;1.0;A01
68081;201300045058;0;7;0;14.0;2.0;1.0;1.0;A01
68082;201300045058;0;7;0;0.0;2.0;4.0;1.0;B01
68083;201300045059;0;7;0;0.0;1.0;1.0;1.0;A01
68084;201300045060;0;7;0;1.0;1.0;3.0;1.0;A01
68085;201300045061;0;7;0;0.0;1.0;3.0;1.0;A01
68086;201300045062;0;7;0;0.0;2.0;1.0;1.0;B01
68087;201300045062;0;7;0;0.0;2.0;1.0;1.0;A01
68088;201300045063;0;1;0;0.0;2.0;8.0;1.0;A01
68089;201300045063;1;7;0;0.0;0.0;0.0;0.0;Z01
68090;201300045066;0;7;0;0.0;2.0;1.0;1.0;B01
68091;201300045066;0;2;0;0.0;2.0;1.0;1.0;A01
68092;201300045067;0;7;0;0.0;2.0;1.0;9.0;A01
68093;201300045067;0;7;0;0.0;2.0;5.0;23.0;B01
68094;201300045068;0;7;0;0.0;1.0;1.0;1.0;A01
68095;201300045069;0;7;0;0.0;1.0;1.0;1.0;A01
68096;201300045070;0;10;0;1.0;0.0;2.0;14.0;A01
68097;201300045071;0;7;0;0.0;2.0;3.0;1.0;B01
68098;201300045071;0;30;0;0.0;2.0;7.0;17.0;A01
68099;201300045072;0;7;0;0.0;1.0;4.0;4.0;A01
68100;201300045073;0;7;0;0.0;1.0;1.0;1.0;A01
68101;201300045074;0;7;0;0.0;1.0;2.0;1.0;A01
68102;201300045075;0;7;0;0.0;1.0;1.0;1.0;A01
68103;201300045076;0;34;0;0.0;2.0;1.0;1.0;A01
68104;201300045076;1;7;0;0.0;4.0;2.0;9.0;Z01
68105;201300045077;0;7;0;0.0;1.0;3.0;1.0;A01
68106;201300045078;0;7;0;0.0;1.0;3.0;1.0;A01
68107;201300045079;0;7;0;0.0;1.0;2.0;16.0;A01
68108;201300045080;0;2;0;0.0;2.0;8.0;1.0;B01
68109;201300045080;0;7;0;0.0;2.0;1.0;1.0;A01
68110;201300045081;0;1;0;0.0;2.0;8.0;1.0;A01
68111;201300045081;1;99;0;0.0;0.0;0.0;0.0;Z01
68112;201300045082;0;7;0;0.0;2.0;1.0;13.0;A01
68113;201300045082;0;34;0;0.0;2.0;1.0;1.0;B01
68114;201300045083;0;7;0;0.0;2.0;7.0;12.0;A01
68115;201300045083;0;33;0;0.0;2.0;8.0;1.0;B01
68116;201300045084;0;7;0;0.0;2.0;4.0;2.0;A01
68117;201300045084;0;7;0;0.0;2.0;1.0;1.0;B01
68118;201300045086;0;7;0;0.0;2.0;1.0;15.0;B01
68119;201300045086;0;7;0;0.0;2.0;1.0;1.0;A01
68120;201300045087;0;7;0;0.0;1.0;2.0;1.0;A01
68121;201300045088;0;7;0;0.0;2.0;1.0;13.0;A01
68122;201300045088;0;7;0;0.0;2.0;1.0;1.0;B01
68123;201300045088;0;7;0;0.0;2.0;1.0;2.0;C01
68124;201300045089;0;7;0;0.0;1.0;1.0;1.0;A01
68125;201300045090;0;7;0;0.0;1.0;1.0;1.0;A01
68126;201300045091;0;7;0;0.0;1.0;3.0;1.0;A01
68127;201300045092;0;7;0;0.0;1.0;1.0;1.0;A01
68128;201300045093;0;7;0;0.0;2.0;8.0;9.0;A01
68129;201300045093;0;7;0;0.0;2.0;1.0;1.0;B01
68130;201300045094;0;7;0;0.0;1.0;2.0;1.0;A01
68131;201300045095;0;7;0;3.0;0.0;9.0;14.0;A01
68132;201300045097;1;10;0;0.0;1.0;0.0;1.0;Z01
68133;201300045098;0;7;0;0.0;2.0;1.0;1.0;A01
68134;201300045098;0;10;0;0.0;2.0;4.0;2.0;B01
68135;201300045099;0;7;0;0.0;2.0;7.0;1.0;A01
68136;201300045099;0;7;0;0.0;2.0;1.0;23.0;C01
68137;201300045099;0;7;0;0.0;2.0;1.0;1.0;B01
68138;201300045100;0;33;0;0.0;2.0;1.0;1.0;A01
68139;201300045100;0;7;0;0.0;2.0;2.0;15.0;B01
68140;201300045102;0;7;0;0.0;2.0;4.0;4.0;B01
68141;201300045102;0;2;0;0.0;2.0;2.0;18.0;A01
68142;201300045103;0;7;0;0.0;1.0;3.0;1.0;A01
68143;201300045104;0;1;0;0.0;1.0;1.0;1.0;A01
68144;201300045105;0;33;0;0.0;2.0;1.0;1.0;A01
68145;201300045105;0;7;0;0.0;2.0;8.0;1.0;B01
68146;201300045106;0;7;0;0.0;2.0;9.0;23.0;B01
68147;201300045106;0;7;0;0.0;2.0;9.0;23.0;C01
68148;201300045106;0;13;0;0.0;2.0;1.0;1.0;A01
68149;201300045106;0;7;0;0.0;2.0;9.0;23.0;D01
68150;201300045106;0;7;0;0.0;0.0;4.0;23.0;E01
68151;201300045107;0;7;0;0.0;2.0;8.0;10.0;A01
68152;201300045107;0;33;0;0.0;2.0;1.0;1.0;B01
68153;201300045108;0;7;0;0.0;2.0;3.0;15.0;B01
68154;201300045108;0;7;0;0.0;2.0;2.0;0.0;A01
68155;201300045109;0;7;0;0.0;1.0;1.0;0.0;A01
68156;201300045110;0;7;0;0.0;1.0;1.0;0.0;A01
68157;201300045111;0;7;0;0.0;2.0;8.0;0.0;A01
68158;201300045111;0;7;0;0.0;0.0;2.0;0.0;B01
68159;201300045112;0;7;0;0.0;1.0;8.0;0.0;A01
68160;201300045113;0;7;0;0.0;1.0;7.0;20.0;A01
68161;201300045114;0;7;0;0.0;2.0;1.0;1.0;A01
68162;201300045114;0;7;0;0.0;2.0;7.0;13.0;B01
68163;201300045115;0;17;0;3.0;1.0;0.0;2.0;A01
68164;201300045116;0;7;0;0.0;2.0;7.0;0.0;A01
68165;201300045116;0;7;0;0.0;2.0;1.0;0.0;B01
68166;201300045117;0;7;0;0.0;2.0;3.0;0.0;A01
68167;201300045117;0;15;0;0.0;2.0;3.0;0.0;B01
68168;201300045117;0;7;0;0.0;2.0;1.0;0.0;C01
68169;201300045118;0;7;0;0.0;1.0;1.0;1.0;A01
68170;201300045119;0;7;0;0.0;2.0;8.0;5.0;B01
68171;201300045119;0;7;0;0.0;2.0;8.0;1.0;A01
68172;201300045119;0;7;0;0.0;2.0;2.0;1.0;C01
68173;201300045120;0;7;0;0.0;2.0;4.0;2.0;C01
68174;201300045120;0;7;0;0.0;2.0;4.0;2.0;B01
68175;201300045120;0;7;0;0.0;2.0;1.0;1.0;A01
68176;201300045121;0;7;0;0.0;2.0;4.0;2.0;B01
68177;201300045121;0;7;0;0.0;2.0;1.0;1.0;A01
68178;201300045123;0;7;0;0.0;1.0;1.0;1.0;A01
68179;201300045124;0;7;0;0.0;1.0;7.0;1.0;A01
68180;201300045125;0;7;0;0.0;1.0;2.0;1.0;A01
68181;201300045126;0;7;0;0.0;1.0;1.0;1.0;A01
68182;201300045127;0;7;0;0.0;2.0;3.0;9.0;A01
68183;201300045127;0;33;0;0.0;2.0;1.0;1.0;B01
68184;201300045129;1;7;0;0.0;1.0;1.0;15.0;Z01
68185;201300045130;0;7;0;0.0;1.0;3.0;1.0;A01
68186;201300045131;0;37;1;0.0;2.0;6.0;2.0;B01
68187;201300045131;0;34;0;0.0;2.0;1.0;1.0;A01
68188;201300045133;0;7;0;2.0;0.0;1.0;12.0;A01
68189;201300045134;0;7;0;0.0;1.0;1.0;1.0;A01
68190;201300045135;1;7;0;0.0;2.0;0.0;0.0;Z01
68191;201300045135;0;34;0;0.0;2.0;3.0;1.0;A01
68192;201300045136;0;7;0;0.0;1.0;1.0;1.0;A01
68193;201300045137;0;7;0;0.0;1.0;6.0;20.0;A01
68194;201300045138;0;7;0;0.0;2.0;1.0;1.0;A01
68195;201300045138;0;7;0;0.0;2.0;4.0;2.0;C01
68196;201300045138;0;7;0;0.0;2.0;4.0;2.0;B01
68197;201300045139;0;7;0;0.0;1.0;1.0;1.0;A01
68198;201300045140;0;7;0;0.0;1.0;3.0;18.0;A01
68199;201300045141;0;7;0;0.0;2.0;5.0;15.0;A01
68200;201300045141;0;33;0;8.0;2.0;1.0;2.0;B01
68201;201300045142;0;7;0;0.0;1.0;2.0;1.0;A01
68202;201300045143;0;7;0;0.0;1.0;1.0;1.0;A01
68203;201300045144;0;7;0;3.0;2.0;1.0;6.0;B01
68204;201300045144;0;7;0;0.0;2.0;1.0;1.0;A01
68205;201300045145;0;7;0;9.0;1.0;1.0;1.0;A01
68206;201300045146;0;7;0;0.0;2.0;4.0;1.0;B01
68207;201300045146;0;7;0;0.0;2.0;1.0;1.0;A01
68208;201300045147;0;7;0;0.0;1.0;1.0;1.0;A01
68209;201300045148;0;7;0;0.0;2.0;3.0;15.0;B01
68210;201300045148;0;7;0;0.0;2.0;2.0;16.0;A01
68211;201300045149;0;7;0;0.0;1.0;1.0;1.0;A01
68212;201300045150;0;10;0;0.0;2.0;3.0;9.0;A01
68213;201300045150;0;1;0;0.0;2.0;7.0;1.0;B01
68214;201300045151;0;1;0;0.0;2.0;1.0;1.0;A01
68215;201300045151;0;7;0;0.0;2.0;4.0;1.0;B01
68216;201300045154;0;7;0;0.0;1.0;2.0;1.0;A01
68217;201300045155;0;21;0;0.0;2.0;3.0;1.0;A01
68218;201300045155;0;7;0;0.0;2.0;4.0;23.0;B01
68219;201300045156;0;7;0;0.0;2.0;2.0;15.0;B01
68220;201300045156;0;30;0;0.0;2.0;1.0;1.0;A01
68221;201300045157;0;30;0;0.0;2.0;1.0;1.0;B01
68222;201300045157;0;1;0;0.0;2.0;6.0;15.0;A01
68223;201300045158;0;33;0;8.0;0.0;1.0;1.0;A01
68224;201300045159;0;33;0;0.0;2.0;8.0;1.0;B01
68225;201300045159;0;7;0;0.0;2.0;7.0;15.0;A01
68226;201300045160;0;30;0;8.0;0.0;8.0;17.0;A01
68227;201300045161;0;7;0;0.0;2.0;5.0;15.0;A01
68228;201300045161;0;30;0;0.0;2.0;1.0;1.0;B01
68229;201300045162;0;7;0;0.0;1.0;1.0;1.0;A01
68230;201300045163;0;30;0;0.0;2.0;1.0;1.0;B01
68231;201300045163;0;7;0;0.0;2.0;5.0;15.0;A01
68232;201300045166;0;14;0;0.0;1.0;2.0;1.0;A01
68233;201300045167;0;7;0;0.0;2.0;1.0;1.0;A01
68234;201300045167;0;10;0;0.0;2.0;1.0;2.0;B01
68235;201300045167;0;14;0;0.0;2.0;4.0;2.0;C01
68236;201300045168;0;7;0;0.0;1.0;1.0;1.0;A01
68237;201300045169;0;2;0;0.0;2.0;3.0;19.0;A01
68238;201300045169;0;33;0;0.0;2.0;1.0;1.0;B01
68239;201300045171;0;7;0;0.0;0.0;1.0;1.0;A01
68240;201300045172;0;7;0;8.0;0.0;1.0;1.0;A01
68241;201300045173;0;7;0;0.0;2.0;2.0;1.0;A01
68242;201300045173;0;7;0;0.0;2.0;3.0;9.0;B01
68243;201300045174;0;7;0;0.0;1.0;2.0;15.0;A01
68244;201300045175;0;32;0;0.0;2.0;1.0;17.0;A01
68245;201300045175;0;7;0;0.0;2.0;3.0;15.0;B01
68246;201300045177;0;7;0;0.0;2.0;3.0;11.0;A01
68247;201300045177;0;30;0;0.0;2.0;7.0;1.0;B01
68248;201300045178;0;7;0;13.0;2.0;1.0;1.0;A01
68249;201300045178;0;2;0;0.0;2.0;1.0;1.0;B01
68250;201300045179;0;7;0;0.0;2.0;1.0;1.0;A01
68251;201300045179;0;10;0;0.0;2.0;4.0;1.0;B01
68252;201300045180;0;33;0;10.0;0.0;1.0;1.0;A01
68253;201300045181;0;31;0;0.0;1.0;3.0;3.0;A01
68254;201300045182;0;7;0;0.0;1.0;1.0;1.0;A01
68255;201300045183;0;7;0;0.0;2.0;2.0;5.0;A01
68256;201300045183;0;10;0;0.0;2.0;1.0;1.0;B01
68257;201300045184;0;7;0;0.0;2.0;2.0;12.0;A01
68258;201300045184;0;2;0;0.0;2.0;6.0;1.0;B01
68259;201300045185;0;7;0;14.0;0.0;1.0;1.0;A01
68260;201300045186;0;31;0;0.0;2.0;1.0;17.0;A01
68261;201300045186;0;7;0;0.0;2.0;1.0;1.0;B01
68262;201300045188;0;7;0;4.0;2.0;4.0;1.0;B01
68263;201300045189;0;32;0;0.0;1.0;1.0;17.0;A01
68264;201300045190;0;2;0;0.0;2.0;3.0;1.0;A01
68265;201300045190;0;7;0;0.0;2.0;4.0;1.0;B01
68266;201300045191;0;10;0;0.0;1.0;2.0;1.0;A01
68267;201300045192;0;7;0;0.0;2.0;3.0;15.0;A01
68268;201300045192;0;33;0;0.0;2.0;1.0;17.0;B01
68269;201300045193;0;7;0;0.0;2.0;1.0;13.0;A01
68270;201300045193;0;7;0;0.0;2.0;3.0;1.0;B01
68271;201300045193;0;7;0;0.0;2.0;3.0;1.0;C01
68272;201300045194;0;10;0;0.0;2.0;2.0;1.0;A01
68273;201300045194;0;7;0;0.0;2.0;3.0;9.0;B01
68274;201300045197;0;7;0;0.0;2.0;1.0;15.0;A01
68275;201300045197;0;33;0;0.0;2.0;1.0;1.0;B01
68276;201300045198;0;7;0;0.0;2.0;1.0;2.0;A01
68277;201300045198;0;7;0;0.0;0.0;4.0;1.0;B01
68278;201300045199;0;7;0;0.0;2.0;3.0;15.0;A01
68279;201300045199;0;32;0;0.0;2.0;1.0;1.0;B01
68280;201300045200;0;33;0;0.0;1.0;1.0;17.0;A01
68281;201300045201;0;7;0;0.0;2.0;8.0;11.0;A01
68282;201300045201;0;7;0;4.0;2.0;2.0;1.0;B01
68283;201300045201;0;7;0;0.0;2.0;8.0;9.0;C01
68284;201300045202;0;7;0;0.0;1.0;4.0;4.0;A01
68285;201300045203;0;30;0;0.0;2.0;4.0;1.0;B01
68286;201300045204;0;7;0;8.0;2.0;1.0;2.0;A01
68287;201300045204;0;7;0;0.0;2.0;4.0;2.0;B01
68288;201300045205;0;7;0;0.0;2.0;1.0;2.0;A01
68289;201300045205;0;7;0;0.0;2.0;1.0;1.0;B01
68290;201300045205;0;7;0;0.0;2.0;4.0;2.0;C01
68291;201300045206;0;37;1;0.0;1.0;7.0;16.0;A01
68292;201300045207;0;33;0;0.0;2.0;3.0;1.0;A01
68293;201300045207;0;33;0;0.0;2.0;0.0;1.0;B01
68294;201300045207;0;7;0;0.0;2.0;6.0;1.0;C01
68295;201300045208;0;7;0;0.0;2.0;6.0;15.0;A01
68296;201300045208;0;33;0;0.0;2.0;1.0;17.0;B01
68297;201300045209;0;33;0;0.0;2.0;9.0;1.0;A01
68298;201300045210;0;32;0;8.0;0.0;1.0;1.0;A01
68299;201300045211;0;7;0;0.0;2.0;1.0;2.0;A01
68300;201300045211;0;31;0;0.0;2.0;4.0;23.0;B01
68301;201300045212;0;7;0;0.0;2.0;1.0;9.0;A01
68302;201300045212;0;31;0;0.0;2.0;7.0;1.0;B01
68303;201300045213;0;31;0;0.0;2.0;1.0;1.0;A01
68304;201300045213;0;7;0;0.0;2.0;7.0;1.0;B01
68305;201300045214;0;33;0;0.0;2.0;7.0;12.0;A01
68306;201300045214;0;7;0;0.0;2.0;3.0;1.0;B01
68307;201300045215;0;33;0;0.0;2.0;7.0;17.0;A01
68308;201300045215;0;7;0;0.0;2.0;3.0;9.0;B01
68309;201300045216;0;7;0;1.0;0.0;1.0;1.0;A01
68310;201300045217;0;7;0;9.0;2.0;3.0;21.0;A01
68311;201300045217;0;7;0;0.0;2.0;3.0;15.0;B01
68312;201300045218;0;2;0;0.0;2.0;1.0;17.0;A01
68313;201300045218;0;7;0;0.0;2.0;8.0;15.0;B01
68314;201300045219;0;7;0;0.0;2.0;3.0;15.0;A01
68315;201300045219;0;33;0;0.0;2.0;0.0;1.0;B01
68316;201300045220;0;30;0;12.0;0.0;1.0;1.0;A01
68317;201300045221;0;7;0;0.0;2.0;3.0;9.0;A01
68318;201300045221;0;34;0;0.0;2.0;2.0;1.0;B01
68319;201300045222;0;7;0;0.0;1.0;7.0;1.0;A01
68320;201300045224;0;2;0;0.0;0.0;0.0;1.0;A01
68321;201300045224;0;10;0;0.0;0.0;0.0;1.0;B01
68322;201300045225;0;7;0;9.0;0.0;9.0;1.0;A01
68323;201300045226;0;32;0;0.0;0.0;0.0;1.0;A01
68324;201300045226;0;10;0;0.0;0.0;0.0;1.0;B01
68325;201300045227;0;7;0;0.0;2.0;1.0;9.0;A01
68326;201300045227;0;34;0;0.0;2.0;7.0;1.0;B01
68327;201300045228;0;7;0;0.0;2.0;3.0;15.0;A01
68328;201300045228;0;34;0;0.0;2.0;7.0;17.0;B01
68329;201300045229;0;10;0;0.0;2.0;4.0;4.0;A01
68330;201300045229;0;33;0;0.0;2.0;1.0;1.0;B01
68331;201300045231;0;33;0;0.0;2.0;2.0;1.0;B01
68332;201300045232;0;31;0;0.0;2.0;2.0;17.0;A01
68333;201300045232;0;7;0;0.0;2.0;3.0;15.0;B01
68334;201300045233;0;7;0;1.0;2.0;9.0;0.0;A01
68335;201300045233;0;7;0;1.0;2.0;0.0;0.0;B01
68336;201300045234;0;33;0;0.0;2.0;1.0;1.0;A01
68337;201300045234;0;7;0;0.0;2.0;3.0;23.0;B01
68338;201300045235;0;7;0;0.0;2.0;1.0;2.0;A01
68339;201300045235;0;7;0;0.0;2.0;5.0;2.0;B01
68340;201300045235;0;7;0;0.0;2.0;4.0;2.0;C01
68341;201300045236;0;2;0;0.0;2.0;8.0;15.0;A01
68342;201300045236;0;10;0;0.0;2.0;1.0;1.0;B01
68343;201300045237;0;7;0;0.0;1.0;1.0;16.0;A01
68344;201300045239;0;7;0;0.0;2.0;1.0;1.0;B01
68345;201300045239;0;7;0;0.0;2.0;7.0;1.0;A01
68346;201300045240;1;7;0;0.0;2.0;0.0;0.0;Z01
68347;201300045240;0;1;0;0.0;2.0;4.0;1.0;A01
68348;201300045241;0;7;0;0.0;2.0;4.0;23.0;C01
68349;201300045241;0;7;0;0.0;2.0;4.0;23.0;B01
68350;201300045241;0;7;0;0.0;2.0;1.0;1.0;A01
68351;201300045242;0;7;0;0.0;2.0;2.0;1.0;A01
68352;201300045242;0;7;0;0.0;2.0;1.0;21.0;B01
68353;201300045243;0;7;0;0.0;2.0;8.0;15.0;A01
68354;201300045243;0;32;0;0.0;2.0;1.0;12.0;B01
68355;201300045244;0;1;0;0.0;2.0;0.0;15.0;A01
68356;201300045244;0;33;0;0.0;9.0;0.0;21.0;B01
68357;201300045245;0;7;0;0.0;2.0;1.0;19.0;A01
68358;201300045245;0;7;0;0.0;2.0;1.0;1.0;B01
68359;201300045246;0;7;0;0.0;2.0;2.0;1.0;B01
68360;201300045246;0;1;0;0.0;2.0;7.0;0.0;A01
68361;201300045247;0;2;0;1.0;2.0;6.0;1.0;B01
68362;201300045247;0;7;0;0.0;2.0;2.0;9.0;A01
68363;201300045248;0;1;0;0.0;2.0;1.0;1.0;A01
68364;201300045248;0;7;0;0.0;2.0;6.0;1.0;B01
68365;201300045249;0;7;0;0.0;2.0;3.0;23.0;C01
68366;201300045249;0;2;0;0.0;1.0;8.0;21.0;A01
68367;201300045250;0;1;0;0.0;2.0;1.0;1.0;A01
68368;201300045250;0;10;0;0.0;2.0;8.0;1.0;B01
68369;201300045251;0;32;0;0.0;2.0;1.0;1.0;B01
68370;201300045251;0;7;0;0.0;2.0;7.0;14.0;A01
68371;201300045252;0;7;0;0.0;1.0;3.0;1.0;A01
68372;201300045253;0;7;0;8.0;0.0;1.0;0.0;A01
68373;201300045254;0;10;0;0.0;1.0;6.0;4.0;A01
68374;201300045255;0;7;0;0.0;2.0;2.0;13.0;A01
68375;201300045255;0;7;0;1.0;2.0;3.0;1.0;B01
68376;201300045256;0;7;0;0.0;2.0;4.0;2.0;B01
68377;201300045256;0;1;0;0.0;2.0;1.0;2.0;A01
68378;201300045257;0;33;0;0.0;1.0;0.0;1.0;A01
68379;201300045258;0;7;0;0.0;2.0;1.0;2.0;A01
68380;201300045258;0;10;0;0.0;2.0;4.0;23.0;C01
68381;201300045258;0;7;0;0.0;2.0;4.0;2.0;B01
68382;201300045259;0;7;0;0.0;1.0;8.0;1.0;A01
68383;201300045260;0;30;0;0.0;2.0;0.0;0.0;B01
68384;201300045260;0;7;0;0.0;2.0;3.0;11.0;A01
68385;201300045261;0;7;0;0.0;1.0;2.0;1.0;A01
68386;201300045262;0;7;0;0.0;1.0;3.0;1.0;A01
68387;201300045263;0;10;0;0.0;2.0;2.0;2.0;A01
68388;201300045263;0;7;0;0.0;2.0;4.0;2.0;B01
68389;201300045264;0;7;0;0.0;2.0;1.0;1.0;A01
68390;201300045264;0;2;0;0.0;2.0;1.0;1.0;B01
68391;201300045265;0;7;0;0.0;2.0;3.0;0.0;B01
68392;201300045265;0;33;0;0.0;2.0;8.0;1.0;A01
68393;201300045266;0;7;0;14.0;0.0;2.0;1.0;A01
68394;201300045267;0;7;0;0.0;1.0;1.0;15.0;A01
68395;201300045268;1;31;0;0.0;1.0;0.0;0.0;Z01
68396;201300045269;0;7;0;0.0;2.0;6.0;10.0;A01
68397;201300045269;0;31;0;0.0;2.0;7.0;17.0;B01
68398;201300045270;0;10;0;0.0;1.0;5.0;4.0;A01
68399;201300045272;0;7;0;0.0;2.0;3.0;15.0;A01
68400;201300045272;0;1;0;0.0;2.0;8.0;0.0;B01
68401;201300045273;0;7;0;0.0;1.0;3.0;1.0;A01
68402;201300045274;0;1;0;0.0;2.0;8.0;19.0;A01
68403;201300045274;0;7;0;0.0;2.0;2.0;1.0;B01
68404;201300045275;0;7;0;0.0;1.0;2.0;1.0;A01
68405;201300045276;0;7;0;0.0;2.0;3.0;9.0;A01
68406;201300045276;0;1;0;0.0;0.0;0.0;0.0;B01
68407;201300045277;0;7;0;3.0;0.0;1.0;2.0;A01
68408;201300045278;0;7;0;3.0;0.0;1.0;1.0;A01
68409;201300045279;0;7;0;4.0;0.0;1.0;1.0;A01
68410;201300045280;0;7;0;14.0;2.0;4.0;1.0;A01
68411;201300045280;1;7;0;0.0;2.0;1.0;2.0;Z01
68412;201300045281;0;7;0;0.0;0.0;9.0;0.0;A01
68413;201300045282;0;31;0;3.0;0.0;1.0;13.0;A01
68414;201300045283;0;7;0;0.0;2.0;8.0;2.0;B01
68415;201300045283;0;7;0;0.0;2.0;6.0;1.0;A01
68416;201300045283;0;10;0;0.0;2.0;2.0;3.0;C01
68417;201300045284;0;32;0;0.0;2.0;1.0;1.0;B01
68418;201300045284;0;7;0;0.0;2.0;8.0;11.0;A01
68419;201300045285;0;7;0;4.0;0.0;1.0;1.0;A01
68420;201300045286;0;7;0;0.0;2.0;3.0;11.0;C01
68421;201300045286;0;7;0;0.0;2.0;2.0;1.0;B01
68422;201300045286;0;33;0;0.0;2.0;5.0;1.0;A01
68423;201300045287;0;7;0;0.0;2.0;1.0;1.0;B01
68424;201300045287;0;7;0;0.0;2.0;4.0;14.0;A01
68425;201300045288;0;33;0;0.0;2.0;2.0;3.0;A01
68426;201300045288;0;32;0;0.0;2.0;6.0;11.0;B01
68427;201300045289;0;7;0;0.0;2.0;4.0;2.0;B01
68428;201300045289;0;7;0;0.0;2.0;4.0;1.0;A01
68429;201300045289;0;10;0;0.0;2.0;1.0;2.0;C01
68430;201300045290;0;14;0;0.0;0.0;4.0;1.0;A01
68431;201300045290;0;7;0;0.0;0.0;4.0;1.0;B01
68432;201300045290;0;7;0;0.0;2.0;1.0;1.0;C01
68433;201300045292;0;7;0;4.0;0.0;2.0;1.0;A01
68434;201300045293;0;7;0;0.0;2.0;4.0;2.0;A01
68435;201300045293;0;7;0;0.0;2.0;1.0;2.0;B01
68436;201300045294;0;7;0;3.0;0.0;2.0;1.0;A01
68437;201300045294;0;7;0;14.0;0.0;1.0;1.0;B01
68438;201300045294;0;7;0;0.0;2.0;1.0;1.0;C01
68439;201300045295;0;33;0;0.0;0.0;8.0;1.0;B01
68440;201300045295;0;7;0;4.0;0.0;1.0;1.0;C01
68441;201300045295;0;7;0;3.0;0.0;1.0;1.0;A01
68442;201300045296;0;7;0;3.0;0.0;0.0;0.0;A01
68443;201300045297;0;17;0;0.0;2.0;4.0;1.0;A01
68444;201300045297;0;14;0;0.0;2.0;1.0;2.0;B01