;Num_Acc;senc;catv;occutc;obs;obsm;choc;manv;num_veh
68867;201300045521;0;7;0;0.0;0.0;4.0;1.0;C01
68868;201300045522;0;7;0;0.0;2.0;1.0;1.0;A01
68869;201300045522;0;7;0;0.0;2.0;4.0;1.0;B01
68870;201300045523;0;33;0;0.0;2.0;1.0;3.0;A01
68871;201300045523;0;7;0;0.0;2.0;5.0;1.0;B01
68872;201300045523;0;7;0;0.0;2.0;6.0;13.0;C01
68873;201300045524;0;10;0;16.0;0.0;9.0;14.0;A01
68874;201300045525;0;15;0;0.0;2.0;2.0;12.0;A01
68875;201300045525;0;7;0;0.0;2.0;3.0;1.0;B01
68876;201300045526;0;7;0;14.0;2.0;2.0;12.0;A01
68877;201300045526;0;34;0;14.0;2.0;8.0;3.0;B01
68878;201300045527;0;7;0;0.0;2.0;1.0;2.0;B01
68879;201300045527;0;7;0;0.0;2.0;4.0;1.0;A01
68880;201300045529;0;7;0;0.0;2.0;2.0;12.0;A01
68881;201300045529;0;31;0;0.0;2.0;3.0;3.0;B01
68882;201300045530;0;7;0;0.0;2.0;6.0;9.0;A01
68883;201300045530;0;15;0;0.0;2.0;2.0;1.0;B01
68884;201300045531;0;7;0;0.0;2.0;4.0;1.0;A01
68885;201300045531;0;7;0;0.0;2.0;1.0;2.0;B01
68886;201300045532;0;33;0;0.0;0.0;8.0;3.0;A01
68887;201300045533;0;7;0;3.0;0.0;3.0;1.0;A01
68888;201300045534;0;7;0;0.0;2.0;7.0;1.0;A01
68889;201300045534;0;7;0;0.0;2.0;1.0;0.0;B01
68890;201300045535;0;7;0;0.0;2.0;6.0;1.0;A01
68891;201300045535;1;7;0;0.0;2.0;2.0;12.0;Z01
68892;201300045535;0;31;0;0.0;2.0;8.0;1.0;B01
68893;201300045536;0;7;0;0.0;2.0;4.0;1.0;C01
68894;201300045536;0;32;0;0.0;2.0;1.0;3.0;B01
68895;201300045536;0;38;1;0.0;2.0;5.0;1.0;A01
68896;201300045539;0;7;0;0.0;2.0;1.0;21.0;B01
68897;201300045539;0;7;0;0.0;2.0;4.0;21.0;C01
68898;201300045539;0;10;0;4.0;0.0;3.0;1.0;A01
68899;201300045540;0;7;0;4.0;0.0;1.0;12.0;A01
68900;201300045541;0;31;0;0.0;2.0;8.0;3.0;A01
68901;201300045541;0;7;0;0.0;2.0;6.0;1.0;B01
68902;201300045542;0;15;0;1.0;2.0;6.0;23.0;A01
68903;201300045542;0;10;0;15.0;2.0;2.0;1.0;B01
68904;201300045543;0;7;0;0.0;2.0;4.0;1.0;A01
68905;201300045543;0;7;0;0.0;2.0;9.0;2.0;B01
68906;201300045543;0;10;0;0.0;2.0;1.0;2.0;C01
68907;201300045544;0;7;0;0.0;0.0;9.0;1.0;A01
68908;201300045545;0;7;0;13.0;0.0;7.0;1.0;A01
68909;201300045546;0;32;0;0.0;0.0;7.0;1.0;A01
68910;201300045547;0;32;0;0.0;0.0;8.0;1.0;A01
68911;201300045548;0;7;0;0.0;2.0;4.0;9.0;B01
68912;201300045548;0;17;0;0.0;2.0;4.0;1.0;C01
68913;201300045548;0;7;0;0.0;2.0;5.0;1.0;E01
68914;201300045548;0;17;0;0.0;2.0;3.0;21.0;F01
68915;201300045548;0;7;0;0.0;2.0;8.0;1.0;G01
68916;201300045548;0;7;0;0.0;2.0;4.0;23.0;A02
68917;201300045548;0;15;0;0.0;2.0;1.0;1.0;D02
68918;201300045549;0;7;0;14.0;2.0;1.0;2.0;C01
68919;201300045549;0;10;0;14.0;2.0;4.0;2.0;A01
68920;201300045549;0;7;0;14.0;2.0;9.0;2.0;B01
68921;201300045550;0;7;0;0.0;2.0;2.0;12.0;A01
68922;201300045550;0;33;0;0.0;2.0;8.0;1.0;B01
68923;201300045551;0;7;0;0.0;2.0;5.0;12.0;B01
68924;201300045551;0;33;0;0.0;2.0;8.0;1.0;A01
68925;201300045552;0;31;0;0.0;0.0;7.0;3.0;A01
68926;201300045553;0;33;0;0.0;2.0;8.0;1.0;A01
68927;201300045553;1;7;0;0.0;2.0;7.0;12.0;Z01
68928;201300045554;0;33;0;0.0;0.0;0.0;2.0;A01
68929;201300045555;0;31;0;0.0;0.0;0.0;1.0;A01
68930;201300045556;0;33;0;0.0;2.0;2.0;9.0;A01
68931;201300045557;0;7;0;0.0;2.0;2.0;21.0;B01
68932;201300045557;0;10;0;0.0;2.0;4.0;23.0;A01
68933;201300045558;0;7;0;0.0;2.0;5.0;12.0;A01
68934;201300045558;0;7;0;0.0;2.0;1.0;1.0;C01
68935;201300045558;0;33;0;0.0;2.0;3.0;1.0;B01
68936;201300045559;0;7;0;0.0;2.0;3.0;11.0;A01
68937;201300045559;0;7;0;0.0;2.0;8.0;1.0;C01
68938;201300045559;0;7;0;0.0;2.0;7.0;1.0;B01
68939;201300045560;0;15;0;0.0;2.0;2.0;1.0;A01
68940;201300045560;0;7;0;9.0;2.0;6.0;23.0;B01
68941;201300045561;0;7;0;0.0;2.0;4.0;21.0;A01
68942;201300045561;0;10;0;0.0;2.0;1.0;1.0;B01
68943;201300045562;0;33;0;0.0;2.0;3.0;3.0;B01
68944;201300045562;0;10;0;0.0;2.0;5.0;1.0;A01
68945;201300045563;0;7;0;0.0;2.0;7.0;12.0;A01
68946;201300045563;0;33;0;0.0;2.0;1.0;3.0;B01
68947;201300045564;0;33;0;0.0;2.0;1.0;3.0;B01
68948;201300045564;0;7;0;0.0;2.0;4.0;11.0;A01
68949;201300045565;0;33;0;0.0;0.0;1.0;2.0;A01
68950;201300045565;0;33;0;0.0;0.0;5.0;12.0;B01
68951;201300045566;0;34;0;13.0;0.0;1.0;1.0;A01
68952;201300045567;0;7;0;0.0;2.0;0.0;17.0;A01
68953;201300045567;0;7;0;0.0;2.0;8.0;1.0;B01
68954;201300045568;0;7;0;4.0;0.0;1.0;1.0;A01
68955;201300045569;0;7;0;0.0;2.0;0.0;0.0;A01
68956;201300045569;0;7;0;0.0;2.0;0.0;0.0;B01
68957;201300045569;0;7;0;0.0;2.0;0.0;0.0;C01
68958;201300045569;2;7;0;0.0;2.0;0.0;0.0;D01
68959;201300045570;0;7;0;0.0;2.0;1.0;21.0;A01
68960;201300045570;0;7;0;0.0;0.0;0.0;13.0;B01
68961;201300045570;1;7;0;0.0;2.0;4.0;21.0;Z01
68962;201300045571;0;33;0;0.0;0.0;7.0;1.0;A01
68963;201300045572;0;7;0;0.0;2.0;4.0;12.0;A01
68964;201300045572;0;33;0;0.0;2.0;1.0;3.0;B01
68965;201300045574;0;7;0;0.0;2.0;1.0;2.0;B01
68966;201300045574;0;7;0;0.0;2.0;4.0;2.0;A01
68967;201300045575;0;33;0;0.0;2.0;1.0;21.0;B01
68968;201300045575;0;7;0;0.0;2.0;4.0;1.0;A01
68969;201300045576;0;7;0;0.0;2.0;4.0;1.0;A01
68970;201300045576;0;33;0;0.0;2.0;1.0;14.0;B01
68971;201300045577;0;33;0;0.0;0.0;7.0;3.0;A01
68972;201300045578;0;7;0;0.0;2.0;9.0;2.0;C01
68973;201300045578;0;7;0;0.0;2.0;1.0;2.0;A01
68974;201300045578;0;7;0;0.0;2.0;9.0;2.0;B01
68975;201300045578;0;7;0;0.0;2.0;4.0;1.0;D01
68976;201300045579;0;13;0;0.0;2.0;1.0;1.0;D01
68977;201300045579;0;7;0;0.0;2.0;4.0;12.0;A01
68978;201300045579;0;10;0;0.0;2.0;1.0;1.0;C01
68979;201300045579;0;7;0;0.0;2.0;1.0;1.0;B01
68980;201300045580;0;7;0;0.0;2.0;1.0;1.0;A01
68981;201300045580;0;7;0;6.0;2.0;4.0;1.0;B01
68982;201300045581;0;7;0;2.0;0.0;4.0;0.0;A01
68983;201300045582;0;7;0;0.0;2.0;4.0;23.0;A01
68984;201300045582;0;10;0;0.0;2.0;1.0;21.0;B01
68985;201300045584;0;7;0;14.0;9.0;1.0;1.0;A01
68986;201300045584;0;7;0;14.0;0.0;2.0;1.0;B01
68987;201300045585;0;7;0;0.0;2.0;6.0;9.0;A01
68988;201300045585;0;14;0;0.0;2.0;2.0;1.0;B01
68989;201300045586;0;7;0;0.0;9.0;1.0;1.0;A01
68990;201300045586;0;3;0;0.0;0.0;4.0;0.0;B01
68991;201300045586;0;33;0;0.0;2.0;1.0;0.0;C01
68992;201300045587;0;7;0;0.0;0.0;3.0;11.0;A01
68993;201300045587;0;33;0;0.0;0.0;7.0;3.0;B01
68994;201300045588;0;15;0;0.0;2.0;2.0;12.0;A01
68995;201300045588;0;7;0;0.0;2.0;6.0;1.0;B01
68996;201300045589;0;7;0;4.0;2.0;8.0;13.0;A01
68997;201300045589;0;10;0;0.0;2.0;7.0;23.0;C01
68998;201300045589;0;7;0;0.0;2.0;7.0;1.0;B01
68999;201300045590;0;7;0;0.0;2.0;5.0;1.0;A01
69000;201300045590;0;7;0;0.0;2.0;3.0;13.0;B01
69001;201300045591;0;7;0;0.0;0.0;4.0;2.0;C01
69002;201300045591;0;7;0;0.0;2.0;4.0;2.0;B01
69003;201300045591;0;10;0;0.0;2.0;1.0;2.0;A01
69004;201300045592;0;7;0;3.0;0.0;2.0;1.0;A01
69005;201300045593;0;7;0;0.0;2.0;4.0;1.0;E01
69006;201300045593;0;7;0;0.0;2.0;2.0;23.0;A01
69007;201300045593;0;33;0;0.0;2.0;1.0;3.0;C01
69008;201300045593;0;7;0;0.0;0.0;0.0;11.0;B01
69009;201300045593;0;15;0;0.0;2.0;8.0;1.0;D01
69010;201300045594;0;7;0;0.0;2.0;1.0;2.0;A01
69011;201300045594;0;7;0;0.0;2.0;4.0;23.0;B01
69012;201300045594;0;7;0;0.0;2.0;4.0;23.0;C01
69013;201300045595;0;34;0;0.0;2.0;1.0;1.0;A01
69014;201300045595;0;7;0;0.0;2.0;5.0;11.0;B01
69015;201300045596;0;10;0;0.0;0.0;4.0;2.0;A01
69016;201300045596;0;10;0;0.0;2.0;1.0;2.0;B01
69017;201300045597;0;33;0;0.0;2.0;3.0;18.0;A01
69018;201300045597;0;7;0;0.0;2.0;2.0;1.0;B01
69019;201300045598;0;7;0;0.0;2.0;4.0;1.0;A01
69020;201300045598;0;15;0;0.0;2.0;2.0;1.0;B01
69021;201300045598;1;15;0;0.0;2.0;1.0;1.0;Z01
69022;201300045600;0;7;0;0.0;2.0;2.0;12.0;A01
69023;201300045600;0;33;0;0.0;2.0;1.0;3.0;B01
69024;201300045601;0;7;0;0.0;2.0;8.0;2.0;B01
69025;201300045601;0;7;0;5.0;0.0;3.0;13.0;A01
69026;201300045602;0;7;0;0.0;0.0;1.0;14.0;B01
69027;201300045602;0;7;0;0.0;0.0;4.0;2.0;A01
69028;201300045602;0;7;0;0.0;0.0;1.0;2.0;C01
69029;201300045602;0;7;0;0.0;0.0;1.0;2.0;D01
69030;201300045603;0;33;0;0.0;2.0;2.0;1.0;A01
69031;201300045603;1;7;0;0.0;2.0;6.0;11.0;Z01
69032;201300045604;0;7;0;4.0;0.0;9.0;0.0;A01
69033;201300045605;0;7;0;0.0;2.0;4.0;2.0;C01
69034;201300045605;0;7;0;0.0;0.0;0.0;2.0;T01
69035;201300045605;0;33;0;1.0;2.0;1.0;2.0;A01
69036;201300045605;0;7;0;0.0;2.0;4.0;2.0;B01
69037;201300045606;0;31;0;14.0;0.0;1.0;1.0;A01
69038;201300045607;0;33;0;0.0;2.0;6.0;1.0;A01
69039;201300045607;0;33;0;0.0;2.0;2.0;21.0;B01
69040;201300045610;1;7;0;0.0;2.0;2.0;0.0;Z01
69041;201300045610;0;7;0;0.0;9.0;5.0;1.0;A01
69042;201300045612;0;7;0;3.0;0.0;0.0;1.0;A01
69043;201300045613;0;7;0;0.0;2.0;8.0;18.0;A01
69044;201300045613;0;31;0;0.0;2.0;8.0;1.0;B01
69045;201300045614;0;33;0;0.0;0.0;0.0;1.0;A01
69046;201300045615;0;33;0;0.0;2.0;1.0;3.0;A01
69047;201300045615;0;7;0;0.0;2.0;5.0;1.0;B01
69048;201300045617;0;7;0;4.0;0.0;3.0;1.0;A01
69049;201300045618;0;7;0;0.0;0.0;3.0;2.0;A01
69050;201300045618;0;7;0;0.0;0.0;1.0;14.0;B01
69051;201300045618;0;7;0;0.0;0.0;4.0;2.0;C01
69052;201300045618;0;7;0;0.0;2.0;1.0;2.0;D01
69053;201300045619;0;15;0;0.0;2.0;1.0;1.0;A01
69054;201300045619;0;7;0;0.0;2.0;6.0;11.0;B01
69055;201300045620;0;7;0;0.0;2.0;1.0;2.0;A01
69056;201300045620;0;7;0;0.0;2.0;4.0;2.0;B01
69057;201300045620;0;7;0;0.0;2.0;4.0;2.0;C01
69058;201300045620;0;7;0;0.0;2.0;4.0;2.0;D01
69059;201300045621;0;7;0;0.0;2.0;2.0;1.0;A01
69060;201300045621;0;7;0;0.0;2.0;4.0;21.0;B01
69061;201300045621;0;7;0;0.0;2.0;8.0;1.0;C01
69062;201300045622;0;7;0;0.0;2.0;3.0;13.0;A01
69063;201300045622;0;7;0;0.0;2.0;2.0;1.0;B01
69064;201300045623;0;7;0;4.0;0.0;3.0;1.0;A01
69065;201300045624;0;7;0;0.0;2.0;4.0;2.0;A01
69066;201300045624;0;7;0;0.0;2.0;4.0;2.0;B01
69067;201300045624;0;7;0;0.0;2.0;1.0;2.0;C01
69068;201300045625;0;10;0;0.0;2.0;8.0;11.0;A01
69069;201300045625;0;33;0;0.0;2.0;7.0;1.0;B01
69070;201300045626;0;7;0;0.0;2.0;1.0;2.0;A01
69071;201300045626;1;13;0;0.0;2.0;4.0;1.0;Z01
69072;201300045627;0;7;0;0.0;0.0;9.0;9.0;A01
69073;201300045627;0;7;0;0.0;2.0;9.0;1.0;C01
69074;201300045627;0;17;0;0.0;2.0;2.0;1.0;B01
69075;201300045629;0;33;0;0.0;0.0;0.0;1.0;A01
69076;201300045630;0;33;0;0.0;2.0;1.0;3.0;A01
69077;201300045630;0;7;0;0.0;2.0;5.0;1.0;B01
69078;201300045630;0;7;0;0.0;0.0;0.0;11.0;C01
69079;201300045630;0;7;0;0.0;2.0;6.0;1.0;D01
69080;201300045633;0;7;0;0.0;2.0;1.0;2.0;A01
69081;201300045633;0;7;0;0.0;2.0;4.0;2.0;B01
69082;201300045634;0;7;0;0.0;2.0;7.0;19.0;A01
69083;201300045634;0;14;0;0.0;2.0;5.0;2.0;C01
69084;201300045634;1;7;0;0.0;2.0;1.0;2.0;B01
69085;201300045635;0;7;0;0.0;2.0;4.0;23.0;A01
69086;201300045635;0;7;0;0.0;2.0;9.0;23.0;B01
69087;201300045635;0;7;0;0.0;2.0;1.0;2.0;C01
69088;201300045636;0;7;0;0.0;2.0;4.0;3.0;A01
69089;201300045636;0;7;0;0.0;2.0;1.0;2.0;B01
69090;201300045637;0;7;0;4.0;0.0;3.0;2.0;A01
69091;201300045638;0;7;0;0.0;2.0;4.0;1.0;A01
69092;201300045638;0;7;0;0.0;2.0;4.0;2.0;B01
69093;201300045638;0;7;0;0.0;2.0;1.0;2.0;C01
69094;201300045639;0;7;0;0.0;2.0;4.0;1.0;A01
69095;201300045639;0;7;0;0.0;2.0;1.0;2.0;B01
69096;201300045640;0;32;0;0.0;2.0;8.0;3.0;A01
69097;201300045640;0;7;0;0.0;2.0;7.0;23.0;B01
69098;201300045641;0;32;0;0.0;2.0;9.0;3.0;A01
69099;201300045641;0;7;0;0.0;2.0;8.0;11.0;B01
69100;201300045642;0;10;0;0.0;2.0;4.0;12.0;A01
69101;201300045642;0;33;0;0.0;2.0;1.0;3.0;B01
69102;201300045643;0;15;0;0.0;2.0;2.0;1.0;A01
69103;201300045643;0;7;0;0.0;2.0;8.0;11.0;B01
69104;201300045645;0;33;0;0.0;0.0;1.0;3.0;A01
69105;201300045645;0;7;0;0.0;0.0;6.0;11.0;B01
69106;201300045646;0;7;0;0.0;2.0;1.0;2.0;A01
69107;201300045646;0;7;0;0.0;0.0;4.0;2.0;B01
69108;201300045649;0;7;0;4.0;0.0;3.0;1.0;A01
69109;201300045649;0;7;0;0.0;2.0;1.0;21.0;D01
69110;201300045649;0;7;0;0.0;2.0;1.0;0.0;C01
69111;201300045649;0;7;0;0.0;2.0;1.0;21.0;B01
69112;201300045650;0;7;0;4.0;0.0;3.0;1.0;A01
69113;201300045651;0;10;0;4.0;0.0;9.0;1.0;A01
69114;201300045652;0;31;0;0.0;0.0;7.0;1.0;A01
69115;201300045653;0;7;0;0.0;2.0;1.0;9.0;A01
69116;201300045653;0;7;0;0.0;2.0;7.0;1.0;B01
69117;201300045654;0;7;0;0.0;2.0;1.0;11.0;C01
69118;201300045654;0;7;0;0.0;2.0;4.0;23.0;B01
69119;201300045654;0;7;0;0.0;2.0;4.0;23.0;A01
69120;201300045655;0;7;0;0.0;2.0;1.0;1.0;A01
69121;201300045655;0;7;0;0.0;2.0;7.0;23.0;B01
69122;201300045657;0;10;0;0.0;2.0;5.0;1.0;A01
69123;201300045657;0;31;0;0.0;2.0;3.0;3.0;B01
69124;201300045658;0;7;0;4.0;0.0;1.0;1.0;A01
69125;201300045659;0;31;0;0.0;0.0;8.0;1.0;A01
69126;201300045660;0;7;0;3.0;2.0;3.0;12.0;B01
69127;201300045660;0;7;0;0.0;0.0;7.0;2.0;A01
69128;201300045661;0;7;0;0.0;2.0;5.0;1.0;A01
69129;201300045661;0;7;0;0.0;2.0;8.0;12.0;B01
69130;201300045661;0;32;0;0.0;2.0;2.0;3.0;C01
69131;201300045662;0;10;0;0.0;2.0;3.0;9.0;A01
69132;201300045662;0;15;0;0.0;2.0;2.0;1.0;B01
69133;201300045663;0;7;0;4.0;0.0;1.0;0.0;A01
69134;201300045663;0;7;0;0.0;2.0;4.0;21.0;B01
69135;201300045663;0;7;0;0.0;2.0;1.0;21.0;C01
69136;201300045664;0;7;0;0.0;2.0;1.0;2.0;C01
69137;201300045664;0;7;0;0.0;0.0;4.0;2.0;B01
69138;201300045664;0;7;0;0.0;0.0;4.0;2.0;A01
69139;201300045665;0;7;0;3.0;0.0;8.0;6.0;A01
69140;201300045665;0;7;0;3.0;0.0;1.0;1.0;B01
69141;201300045665;0;7;0;3.0;0.0;8.0;1.0;C01
69142;201300045666;0;7;0;0.0;2.0;4.0;1.0;A01
69143;201300045666;1;7;0;0.0;2.0;1.0;2.0;Z01
69144;201300045667;0;7;0;0.0;0.0;4.0;1.0;A01
69145;201300045667;1;7;0;0.0;2.0;1.0;2.0;B01
69146;201300045669;0;31;0;0.0;0.0;0.0;3.0;A01
69147;201300045670;0;33;0;3.0;0.0;1.0;2.0;A01
69148;201300045671;0;7;0;0.0;2.0;4.0;1.0;A01
69149;201300045671;0;10;0;0.0;2.0;1.0;2.0;C01
69150;201300045671;1;7;0;0.0;2.0;9.0;2.0;Z01
69151;201300045672;0;33;0;0.0;0.0;7.0;1.0;A01
69152;201300045673;0;7;0;0.0;2.0;0.0;1.0;B01
69153;201300045673;0;33;0;0.0;2.0;0.0;11.0;A01
69154;201300045674;0;7;0;0.0;2.0;4.0;2.0;B01
69155;201300045674;0;7;0;0.0;2.0;0.0;2.0;C01
69156;201300045674;0;7;0;0.0;2.0;1.0;2.0;A01
69157;201300045674;0;10;0;0.0;2.0;0.0;2.0;D01
69158;201300045675;0;17;0;0.0;2.0;3.0;21.0;B01
69159;201300045675;0;17;0;0.0;2.0;4.0;2.0;A01
69160;201300045676;0;7;0;0.0;2.0;4.0;1.0;A01
69161;201300045676;0;7;0;0.0;2.0;1.0;2.0;B01
69162;201300045678;0;7;0;0.0;0.0;5.0;12.0;A01
69163;201300045678;0;31;0;0.0;2.0;1.0;3.0;B01
69164;201300045679;0;7;0;0.0;2.0;4.0;1.0;A01
69165;201300045679;0;7;0;0.0;2.0;9.0;2.0;B01
69166;201300045679;0;7;0;0.0;2.0;1.0;2.0;C01
69167;201300045680;0;7;0;0.0;0.0;4.0;2.0;A01
69168;201300045680;0;7;0;0.0;0.0;1.0;1.0;C01
69169;201300045680;0;7;0;0.0;0.0;4.0;2.0;B01
69170;201300045681;0;31;0;0.0;0.0;7.0;1.0;A01
69171;201300045681;0;7;0;0.0;0.0;0.0;11.0;B01
69172;201300045682;0;7;0;0.0;2.0;4.0;1.0;A01
69173;201300045682;1;15;0;0.0;2.0;1.0;2.0;Z01
69174;201300045684;0;7;0;0.0;2.0;6.0;11.0;A01
69175;201300045684;0;33;0;0.0;2.0;1.0;17.0;B01
69176;201300045685;0;7;0;0.0;2.0;7.0;12.0;A01
69177;201300045685;0;33;0;0.0;2.0;8.0;1.0;B01
69178;201300045685;0;7;0;0.0;2.0;8.0;1.0;C01
69179;201300045686;0;7;0;0.0;2.0;9.0;1.0;A01
69180;201300045686;0;7;0;0.0;2.0;1.0;1.0;B01
69181;201300045686;0;17;0;0.0;2.0;3.0;1.0;C01
69182;201300045688;0;7;0;0.0;2.0;4.0;1.0;A01
69183;201300045688;0;7;0;0.0;2.0;8.0;1.0;B01
69184;201300045688;0;7;0;0.0;2.0;1.0;2.0;C01
69185;201300045688;0;7;0;0.0;2.0;1.0;2.0;D01
69186;201300045688;0;7;0;0.0;2.0;1.0;2.0;E01
69187;201300045688;0;7;0;0.0;2.0;1.0;2.0;F01
69188;201300045689;0;7;0;0.0;2.0;1.0;1.0;A01
69189;201300045689;0;10;0;3.0;2.0;4.0;1.0;B01
69190;201300045689;0;7;0;0.0;2.0;4.0;1.0;C01
69191;201300045691;0;33;0;0.0;0.0;8.0;1.0;A01
69192;201300045692;0;10;0;0.0;2.0;4.0;2.0;A01
69193;201300045692;0;10;0;0.0;2.0;1.0;2.0;B01
69194;201300045693;0;7;0;3.0;0.0;1.0;0.0;A01
69195;201300045694;0;7;0;4.0;0.0;1.0;21.0;A01
69196;201300045694;0;7;0;0.0;0.0;0.0;18.0;Z01
69197;201300045695;0;33;0;0.0;2.0;8.0;9.0;A01
69198;201300045695;0;14;0;0.0;2.0;7.0;1.0;B01
69199;201300045696;0;33;0;0.0;0.0;0.0;2.0;A01
69200;201300045697;0;31;0;0.0;0.0;7.0;3.0;A01
69201;201300045698;0;33;0;0.0;0.0;7.0;1.0;A01
69202;201300045699;0;7;0;0.0;2.0;3.0;13.0;A01
69203;201300045699;0;7;0;0.0;2.0;1.0;1.0;B01
69204;201300045700;0;7;0;0.0;2.0;8.0;11.0;A01
69205;201300045700;0;33;0;0.0;2.0;7.0;1.0;B01
69206;201300045701;0;7;0;0.0;2.0;8.0;1.0;A01
69207;201300045701;1;7;0;0.0;2.0;2.0;12.0;Z01
69208;201300045704;0;15;0;0.0;0.0;4.0;2.0;A01
69209;201300045704;0;7;0;0.0;2.0;1.0;2.0;B01
69210;201300045707;0;17;0;4.0;2.0;3.0;1.0;A01
69211;201300045707;0;17;0;0.0;2.0;1.0;1.0;B01
69212;201300045708;0;31;0;0.0;2.0;7.0;3.0;A01
69213;201300045708;0;7;0;0.0;2.0;7.0;1.0;B01
69214;201300045708;0;7;0;0.0;2.0;8.0;13.0;C01
69215;201300045709;0;99;0;0.0;2.0;1.0;0.0;A01
69216;201300045709;0;15;0;0.0;2.0;9.0;0.0;B01
69217;201300045710;0;33;0;0.0;0.0;7.0;2.0;A01
69218;201300045712;0;7;0;0.0;2.0;1.0;2.0;B01
69219;201300045712;0;7;0;0.0;0.0;4.0;2.0;A01
69220;201300045713;0;7;0;0.0;2.0;4.0;2.0;A01
69221;201300045713;0;7;0;0.0;2.0;1.0;2.0;D01
69222;201300045713;0;7;0;0.0;2.0;4.0;2.0;B01
69223;201300045713;0;7;0;0.0;2.0;4.0;2.0;C01
69224;201300045714;0;15;0;0.0;2.0;2.0;12.0;A01
69225;201300045714;0;7;0;3.0;2.0;8.0;1.0;B01
69226;201300045714;0;7;0;0.0;2.0;1.0;1.0;C01
69227;201300045715;0;7;0;0.0;2.0;8.0;11.0;A01
69228;201300045715;0;33;0;0.0;2.0;7.0;1.0;B01
69229;201300045716;0;7;0;0.0;2.0;6.0;11.0;A01
69230;201300045716;0;31;0;0.0;2.0;1.0;12.0;B01
69231;201300045717;0;7;0;0.0;0.0;1.0;2.0;D01
69232;201300045717;0;7;0;0.0;0.0;9.0;2.0;B01
69233;201300045717;0;7;0;0.0;0.0;9.0;2.0;C01
69234;201300045717;0;7;0;0.0;0.0;4.0;2.0;A01
69235;201300045718;0;7;0;0.0;0.0;5.0;12.0;A01
69236;201300045718;0;34;0;0.0;0.0;1.0;3.0;B01
69237;201300045719;0;7;0;0.0;2.0;8.0;11.0;A01
69238;201300045719;0;33;0;0.0;2.0;7.0;2.0;B01
69239;201300045720;0;15;0;0.0;2.0;5.0;12.0;B01
69240;201300045720;0;7;0;0.0;2.0;6.0;1.0;A01
69241;201300045721;0;7;0;0.0;0.0;0.0;2.0;A01
69242;201300045722;0;7;0;0.0;2.0;4.0;2.0;A01
69243;201300045722;0;7;0;0.0;2.0;1.0;2.0;B01
69244;201300045723;0;7;0;0.0;0.0;3.0;9.0;B01
69245;201300045723;0;7;0;0.0;0.0;5.0;2.0;A01
69246;201300045724;0;33;0;0.0;2.0;4.0;11.0;A01
69247;201300045724;0;7;0;0.0;2.0;1.0;11.0;B01
69248;201300045725;0;31;0;0.0;2.0;1.0;1.0;A01
69249;201300045725;1;7;0;0.0;2.0;5.0;12.0;Z01
69250;201300045726;0;7;0;0.0;0.0;4.0;2.0;B01
69251;201300045726;0;7;0;3.0;2.0;1.0;2.0;A01
69252;201300045727;0;7;0;0.0;2.0;5.0;12.0;A01
69253;201300045727;0;33;0;0.0;2.0;3.0;3.0;B01
69254;201300045728;0;7;0;0.0;2.0;4.0;1.0;A01
69255;201300045728;0;33;0;0.0;2.0;1.0;2.0;B01
69256;201300045729;0;7;0;0.0;2.0;8.0;11.0;A01
69257;201300045729;0;33;0;0.0;2.0;7.0;3.0;B01
69258;201300045730;0;10;0;2.0;0.0;2.0;14.0;A01
69259;201300045732;0;7;0;4.0;0.0;3.0;1.0;A01
69260;201300045733;0;7;0;4.0;2.0;6.0;1.0;A01
69261;201300045733;1;7;0;0.0;2.0;2.0;2.0;Z01
69262;201300045734;0;7;0;4.0;0.0;3.0;0.0;A01
69263;201300045735;0;7;0;3.0;2.0;4.0;1.0;C01
69264;201300045735;0;7;0;0.0;2.0;1.0;1.0;A01
69265;201300045735;0;7;0;3.0;2.0;4.0;1.0;B01
69266;201300045736;0;10;0;0.0;2.0;4.0;23.0;A01
69267;201300045736;0;7;0;0.0;2.0;1.0;14.0;B01
69268;201300045737;0;7;0;0.0;0.0;1.0;2.0;C01
69269;201300045737;0;7;0;0.0;0.0;4.0;23.0;A01
69270;201300045737;0;7;0;0.0;0.0;4.0;23.0;B01
69271;201300045738;0;7;0;0.0;2.0;8.0;1.0;A01
69272;201300045738;0;15;0;0.0;2.0;2.0;14.0;B01
69273;201300045739;0;7;0;4.0;0.0;1.0;1.0;A01
69274;201300045740;0;34;0;0.0;0.0;7.0;1.0;A01
69275;201300045741;0;16;0;3.0;0.0;2.0;1.0;A01
69276;201300045742;0;7;0;4.0;0.0;3.0;1.0;A01
69277;201300045743;0;34;0;0.0;0.0;7.0;1.0;A01
69278;201300045744;0;7;0;0.0;2.0;1.0;14.0;A01
69279;201300045744;0;7;0;3.0;2.0;4.0;23.0;B01
69280;201300045746;0;7;0;4.0;0.0;2.0;14.0;A01
69281;201300045747;0;7;0;0.0;2.0;8.0;1.0;A01
69282;201300045747;1;7;0;0.0;2.0;2.0;12.0;Z01
69283;201300045748;0;7;0;3.0;0.0;1.0;15.0;A01
69284;201300045749;0;7;0;4.0;0.0;1.0;13.0;A01
69285;201300045750;0;33;0;16.0;0.0;8.0;21.0;A01
69286;201300045751;0;31;0;0.0;2.0;2.0;0.0;B01