;Num_Acc;senc;catv;occutc;obs;obsm;choc;manv;num_veh
70132;201300046250;0;7;0;0.0;2.0;8.0;11.0;A01
70133;201300046251;0;32;0;0.0;0.0;8.0;0.0;A01
70134;201300046253;0;7;0;0.0;2.0;1.0;1.0;A01
70135;201300046253;0;7;0;0.0;2.0;4.0;2.0;B01
70136;201300046254;0;2;0;0.0;2.0;4.0;2.0;A01
70137;201300046254;0;7;0;0.0;2.0;2.0;1.0;B01
70138;201300046255;0;7;0;2.0;0.0;1.0;14.0;A01
70139;201300046256;0;32;0;0.0;0.0;0.0;0.0;A01
70140;201300046257;0;33;0;0.0;2.0;7.0;1.0;A01
70141;201300046257;0;7;0;0.0;2.0;8.0;2.0;B01
70142;201300046258;0;33;0;0.0;2.0;7.0;3.0;A01
70143;201300046258;0;7;0;0.0;2.0;3.0;11.0;B01
70144;201300046259;0;33;0;0.0;9.0;1.0;0.0;B01
70145;201300046259;0;7;0;0.0;9.0;0.0;0.0;A01
70146;201300046260;1;33;0;0.0;2.0;5.0;2.0;Z01
70147;201300046260;0;34;0;0.0;2.0;0.0;2.0;A01
70148;201300046261;0;33;0;0.0;2.0;9.0;2.0;B01
70149;201300046261;0;32;0;1.0;2.0;1.0;3.0;A01
70150;201300046261;0;33;0;0.0;2.0;4.0;2.0;D01
70151;201300046261;0;33;0;0.0;2.0;9.0;2.0;C01
70152;201300046262;0;33;0;0.0;0.0;0.0;0.0;A01
70153;201300046262;0;7;0;0.0;0.0;0.0;0.0;B01
70154;201300046264;0;7;0;0.0;2.0;2.0;1.0;A01
70155;201300046264;0;7;0;0.0;2.0;9.0;12.0;B01
70156;201300046264;0;15;0;0.0;2.0;2.0;21.0;C01
70157;201300046265;0;7;0;0.0;2.0;3.0;1.0;A01
70158;201300046265;0;15;0;0.0;2.0;2.0;11.0;B01
70159;201300046266;0;7;0;0.0;2.0;3.0;11.0;A01
70160;201300046266;0;32;0;0.0;2.0;1.0;3.0;B01
70161;201300046267;0;7;0;0.0;2.0;1.0;1.0;A01
70162;201300046267;0;7;0;0.0;2.0;4.0;2.0;B01
70163;201300046267;0;7;0;0.0;2.0;4.0;2.0;C01
70164;201300046268;0;33;0;0.0;2.0;1.0;1.0;B01
70165;201300046268;0;10;0;0.0;2.0;2.0;14.0;A01
70166;201300046269;0;7;0;0.0;2.0;4.0;1.0;B01
70167;201300046269;0;7;0;0.0;2.0;4.0;1.0;D01
70168;201300046269;0;7;0;0.0;2.0;1.0;1.0;A01
70169;201300046269;0;7;0;0.0;2.0;4.0;2.0;E01
70170;201300046269;0;7;0;0.0;2.0;4.0;1.0;C01
70171;201300046270;0;7;0;4.0;0.0;8.0;0.0;A01
70172;201300046271;0;7;0;0.0;0.0;7.0;0.0;A01
70173;201300046271;0;33;0;0.0;0.0;8.0;3.0;B01
70174;201300046272;0;7;0;0.0;2.0;4.0;0.0;C01
70175;201300046272;0;7;0;0.0;2.0;1.0;0.0;A01
70176;201300046272;0;7;0;0.0;2.0;4.0;0.0;B01
70177;201300046273;0;7;0;3.0;2.0;3.0;1.0;B01
70178;201300046273;1;7;0;0.0;2.0;2.0;0.0;Z01
70179;201300046273;0;37;1;0.0;2.0;5.0;1.0;A01
70180;201300046274;0;10;0;0.0;0.0;4.0;2.0;A01
70181;201300046274;0;7;0;0.0;2.0;4.0;2.0;B01
70182;201300046275;0;33;0;0.0;2.0;0.0;3.0;A01
70183;201300046275;0;7;0;0.0;2.0;0.0;1.0;B01
70184;201300046276;0;7;0;0.0;2.0;1.0;0.0;B01
70185;201300046276;0;7;0;0.0;2.0;1.0;0.0;A01
70186;201300046277;0;7;0;3.0;0.0;7.0;11.0;A01
70187;201300046278;0;7;0;0.0;2.0;2.0;1.0;A01
70188;201300046278;0;7;0;4.0;2.0;4.0;11.0;B01
70189;201300046279;0;33;0;16.0;0.0;7.0;3.0;A01
70190;201300046280;0;7;0;0.0;2.0;4.0;2.0;A01
70191;201300046280;0;32;0;0.0;2.0;1.0;1.0;B01
70192;201300046281;0;7;0;0.0;2.0;1.0;1.0;B01
70193;201300046281;0;7;0;0.0;2.0;4.0;2.0;A01
70194;201300046282;0;10;0;0.0;2.0;2.0;0.0;D01
70195;201300046282;0;10;0;0.0;2.0;2.0;0.0;C01
70196;201300046282;0;7;0;0.0;2.0;1.0;2.0;B01
70197;201300046282;0;7;0;0.0;2.0;4.0;0.0;A01
70198;201300046283;0;31;0;0.0;0.0;7.0;21.0;A01
70199;201300046284;0;7;0;4.0;0.0;3.0;13.0;A01
70200;201300046285;0;10;0;0.0;2.0;1.0;1.0;A01
70201;201300046285;0;7;0;0.0;2.0;4.0;2.0;B01
70202;201300046286;0;7;0;0.0;0.0;3.0;2.0;A01
70203;201300046287;0;7;0;0.0;2.0;3.0;1.0;C01
70204;201300046287;0;7;0;0.0;2.0;1.0;1.0;B01
70205;201300046287;0;7;0;0.0;2.0;9.0;13.0;A01
70206;201300046288;0;7;0;4.0;0.0;1.0;13.0;A01
70207;201300046289;0;7;0;4.0;0.0;3.0;13.0;A01
70208;201300046290;0;7;0;0.0;2.0;3.0;0.0;A01
70209;201300046290;0;15;0;0.0;2.0;0.0;0.0;C01
70210;201300046290;0;7;0;0.0;2.0;2.0;0.0;B01
70211;201300046291;0;7;0;0.0;2.0;4.0;2.0;A01
70212;201300046291;0;33;0;0.0;2.0;1.0;1.0;B01
70213;201300046292;0;2;0;14.0;0.0;9.0;1.0;A01
70214;201300046293;0;33;0;4.0;0.0;8.0;13.0;A01
70215;201300046294;0;33;0;16.0;0.0;8.0;21.0;A01
70216;201300046295;0;7;0;0.0;2.0;5.0;12.0;A01
70217;201300046295;0;33;0;0.0;0.0;3.0;3.0;B01
70218;201300046296;0;7;0;0.0;0.0;4.0;2.0;A01
70219;201300046296;0;7;0;0.0;2.0;1.0;2.0;B01
70220;201300046297;0;10;0;0.0;2.0;1.0;1.0;C01
70221;201300046297;0;7;0;0.0;2.0;6.0;13.0;A01
70222;201300046297;0;7;0;0.0;2.0;7.0;1.0;B01
70223;201300046298;0;7;0;0.0;2.0;5.0;0.0;A01
70224;201300046298;0;10;0;0.0;0.0;0.0;0.0;B01
70225;201300046299;0;7;0;0.0;2.0;2.0;12.0;C01
70226;201300046299;0;10;0;0.0;2.0;3.0;0.0;D01
70227;201300046299;0;7;0;0.0;2.0;0.0;0.0;A01
70228;201300046299;0;7;0;0.0;2.0;3.0;0.0;E01
70229;201300046299;0;7;0;0.0;2.0;1.0;0.0;B01
70230;201300046300;0;7;0;5.0;0.0;1.0;0.0;A01
70231;201300046301;0;14;0;0.0;2.0;2.0;12.0;A01
70232;201300046301;0;7;0;0.0;2.0;6.0;2.0;B01
70233;201300046303;0;7;0;4.0;0.0;1.0;13.0;A01
70234;201300046304;0;7;0;0.0;0.0;0.0;0.0;C01
70235;201300046304;0;31;0;0.0;0.0;0.0;0.0;A01
70236;201300046304;0;7;0;0.0;0.0;0.0;0.0;B01
70237;201300046305;0;31;0;0.0;0.0;0.0;0.0;A01
70238;201300046306;0;34;0;0.0;0.0;0.0;1.0;A01
70239;201300046308;0;7;0;4.0;0.0;9.0;0.0;A01
70240;201300046310;0;7;0;0.0;2.0;4.0;2.0;A01
70241;201300046311;0;33;0;0.0;2.0;7.0;18.0;A01
70242;201300046311;0;7;0;0.0;2.0;8.0;1.0;B01
70243;201300046312;0;7;0;4.0;0.0;1.0;0.0;A01
70244;201300046313;0;7;0;0.0;2.0;6.0;1.0;A01
70245;201300046313;0;7;0;0.0;2.0;7.0;14.0;B01
70246;201300046314;0;7;0;5.0;0.0;1.0;11.0;A01
70247;201300046315;0;33;0;4.0;0.0;9.0;13.0;A01
70248;201300046317;0;15;0;0.0;2.0;2.0;0.0;A01
70249;201300046317;0;7;0;0.0;2.0;4.0;1.0;B01
70250;201300046318;0;33;0;0.0;0.0;8.0;0.0;A01
70251;201300046319;0;7;0;4.0;2.0;8.0;2.0;B01
70252;201300046319;0;15;0;0.0;2.0;2.0;12.0;A01
70253;201300046321;0;7;0;4.0;0.0;1.0;14.0;A01
70254;201300046323;0;14;0;1.0;0.0;2.0;21.0;A01
70255;201300046323;0;7;0;0.0;2.0;3.0;23.0;B01
70256;201300046324;0;7;0;0.0;2.0;1.0;13.0;A01
70257;201300046324;0;14;0;0.0;2.0;5.0;2.0;B01
70258;201300046325;0;7;0;0.0;2.0;7.0;12.0;B01
70259;201300046325;0;33;0;0.0;2.0;8.0;3.0;A01
70260;201300046326;0;33;0;16.0;0.0;7.0;14.0;A01
70261;201300046327;0;7;0;4.0;0.0;3.0;13.0;A01
70262;201300046328;0;7;0;4.0;0.0;4.0;0.0;A01
70263;201300046329;0;7;0;4.0;0.0;3.0;0.0;A01
70264;201300046330;0;7;0;0.0;0.0;4.0;24.0;B01
70265;201300046330;0;7;0;1.0;0.0;2.0;14.0;A01
70266;201300046331;0;7;0;0.0;2.0;1.0;0.0;A01
70267;201300046332;0;7;0;0.0;2.0;1.0;1.0;A01
70268;201300046332;0;7;0;0.0;2.0;0.0;1.0;B01
70269;201300046332;0;7;0;0.0;2.0;4.0;1.0;C01
70270;201300046333;0;7;0;16.0;0.0;9.0;1.0;A01
70271;201300046335;0;7;0;0.0;2.0;4.0;2.0;B01
70272;201300046335;0;7;0;0.0;2.0;1.0;1.0;A01
70273;201300046336;0;7;0;0.0;2.0;1.0;1.0;B01
70274;201300046336;0;7;0;4.0;2.0;4.0;2.0;A01
70275;201300046337;0;10;0;3.0;0.0;4.0;21.0;A01
70276;201300046338;0;7;0;4.0;0.0;3.0;1.0;A01
70277;201300046340;0;7;0;4.0;0.0;8.0;13.0;A01
70278;201300046341;0;7;0;4.0;0.0;1.0;0.0;A01
70279;201300046342;0;7;0;0.0;2.0;4.0;1.0;B01
70280;201300046342;0;7;0;4.0;2.0;7.0;14.0;A01
70281;201300046343;0;7;0;16.0;0.0;9.0;1.0;A01
70282;201300046344;0;7;0;4.0;0.0;1.0;1.0;A01
70283;201300046345;0;7;0;4.0;0.0;2.0;1.0;A01
70284;201300046347;0;7;0;4.0;0.0;3.0;0.0;A01
70285;201300046348;0;7;0;0.0;2.0;5.0;0.0;C01
70286;201300046348;0;32;0;0.0;2.0;8.0;3.0;A01
70287;201300046348;0;32;0;0.0;2.0;5.0;3.0;B01
70288;201300046349;0;7;0;0.0;2.0;4.0;2.0;A01
70289;201300046349;0;7;0;0.0;2.0;1.0;1.0;D01
70290;201300046349;0;7;0;0.0;2.0;4.0;2.0;C01
70291;201300046349;0;7;0;0.0;2.0;4.0;2.0;B01
70292;201300046350;0;13;0;0.0;2.0;4.0;2.0;B01
70293;201300046350;0;13;0;0.0;0.0;4.0;2.0;E01
70294;201300046350;0;13;0;0.0;2.0;1.0;2.0;A01
70295;201300046350;0;7;0;0.0;2.0;4.0;2.0;C01
70296;201300046350;0;7;0;0.0;2.0;4.0;2.0;D01
70297;201300046352;0;7;0;0.0;2.0;4.0;1.0;A01
70298;201300046352;0;7;0;0.0;2.0;1.0;1.0;B01
70299;201300046353;0;7;0;0.0;0.0;4.0;2.0;C01
70300;201300046353;0;7;0;0.0;0.0;4.0;2.0;A01
70301;201300046353;0;7;0;0.0;0.0;1.0;2.0;B01
70302;201300046354;0;33;0;4.0;0.0;9.0;13.0;A01
70303;201300046355;0;7;0;0.0;0.0;4.0;2.0;B01
70304;201300046355;0;7;0;0.0;0.0;1.0;2.0;A01
70305;201300046355;0;7;0;0.0;0.0;4.0;2.0;C01
70306;201300046355;0;7;0;0.0;0.0;4.0;2.0;D01
70307;201300046356;0;7;0;0.0;2.0;1.0;1.0;A01
70308;201300046356;0;15;0;0.0;2.0;5.0;2.0;B01
70309;201300046357;0;33;0;0.0;2.0;1.0;12.0;A01
70310;201300046357;0;7;0;0.0;2.0;5.0;1.0;B01
70311;201300046358;0;7;0;0.0;2.0;1.0;0.0;B01
70312;201300046358;0;7;0;0.0;2.0;4.0;1.0;A01
70313;201300046359;0;10;0;3.0;0.0;3.0;0.0;A01
70314;201300046360;0;33;0;16.0;0.0;9.0;1.0;A01
70315;201300046361;0;7;0;0.0;2.0;9.0;0.0;C01
70316;201300046361;0;15;0;0.0;2.0;2.0;1.0;B01
70317;201300046361;0;7;0;0.0;2.0;3.0;11.0;A01
70318;201300046362;0;7;0;0.0;2.0;9.0;1.0;B01
70319;201300046362;0;7;0;0.0;2.0;1.0;1.0;A01
70320;201300046362;0;7;0;0.0;2.0;4.0;1.0;C01
70321;201300046363;0;7;0;4.0;0.0;1.0;1.0;A01
70322;201300046364;0;7;0;4.0;0.0;9.0;0.0;A01
70323;201300046365;0;7;0;4.0;0.0;1.0;13.0;A01
70324;201300046366;0;7;0;0.0;2.0;4.0;2.0;A01
70325;201300046366;0;33;0;0.0;2.0;1.0;1.0;B01
70326;201300046367;0;7;0;0.0;2.0;4.0;2.0;B01
70327;201300046367;0;10;0;0.0;0.0;4.0;2.0;D01
70328;201300046367;0;7;0;0.0;2.0;1.0;2.0;A01
70329;201300046367;0;7;0;0.0;2.0;4.0;2.0;C01
70330;201300046368;0;33;0;0.0;2.0;8.0;3.0;A01
70331;201300046368;0;7;0;0.0;2.0;7.0;12.0;B01
70332;201300046369;0;7;0;3.0;0.0;1.0;1.0;A01
70333;201300046370;0;7;0;16.0;0.0;2.0;1.0;A01
70334;201300046372;0;15;0;4.0;0.0;2.0;14.0;A01
70335;201300046373;0;7;0;0.0;2.0;7.0;12.0;A01
70336;201300046373;0;7;0;0.0;2.0;8.0;1.0;B01
70337;201300046373;0;7;0;0.0;2.0;4.0;1.0;C01
70338;201300046373;0;33;0;0.0;2.0;1.0;3.0;D01
70339;201300046374;0;7;0;0.0;2.0;9.0;2.0;A01
70340;201300046374;2;7;0;0.0;2.0;3.0;1.0;Z01
70341;201300046374;0;7;0;1.0;0.0;4.0;2.0;B01
70342;201300046375;0;10;0;3.0;0.0;9.0;1.0;A01
70343;201300046377;1;7;0;0.0;2.0;1.0;2.0;Z01
70344;201300046377;0;7;0;0.0;2.0;4.0;2.0;A01
70345;201300046377;0;7;0;0.0;2.0;4.0;2.0;B01
70346;201300046378;0;7;0;0.0;2.0;4.0;2.0;A01
70347;201300046378;0;7;0;0.0;2.0;7.0;12.0;B01
70348;201300046379;0;7;0;0.0;2.0;1.0;1.0;A01
70349;201300046379;0;7;0;0.0;2.0;4.0;2.0;B01
70350;201300046380;0;14;0;3.0;0.0;1.0;14.0;A01
70351;201300046381;0;7;0;4.0;0.0;3.0;13.0;A01
70352;201300046382;0;7;0;16.0;0.0;9.0;1.0;A01
70353;201300046383;0;7;0;4.0;0.0;2.0;0.0;A01
70354;201300046385;0;14;0;0.0;2.0;7.0;0.0;A01
70355;201300046385;0;33;0;0.0;2.0;8.0;3.0;C01
70356;201300046385;0;7;0;0.0;2.0;6.0;0.0;B01
70357;201300046386;0;34;0;4.0;0.0;1.0;1.0;A01
70358;201300046387;0;7;0;4.0;0.0;1.0;0.0;A01
70359;201300046388;0;33;0;4.0;0.0;9.0;1.0;A01
70360;201300046389;0;34;0;0.0;2.0;1.0;0.0;B01
70361;201300046389;0;7;0;0.0;2.0;8.0;0.0;A01
70362;201300046390;0;7;0;0.0;2.0;4.0;2.0;C01
70363;201300046390;0;7;0;0.0;2.0;4.0;2.0;B01
70364;201300046390;0;10;0;0.0;2.0;1.0;2.0;A01
70365;201300046392;0;7;0;0.0;2.0;6.0;11.0;B01
70366;201300046392;0;33;0;0.0;2.0;7.0;0.0;A01
70367;201300046394;0;7;0;0.0;2.0;1.0;1.0;A01
70368;201300046394;0;7;0;0.0;2.0;4.0;2.0;B01
70369;201300046395;0;7;0;4.0;0.0;3.0;11.0;A01
70370;201300046396;0;33;0;0.0;2.0;1.0;3.0;A01
70371;201300046396;0;7;0;0.0;2.0;4.0;1.0;B01
70372;201300046397;0;7;0;0.0;0.0;4.0;2.0;A01
70373;201300046397;0;7;0;0.0;0.0;1.0;2.0;B01
70374;201300046398;0;7;0;4.0;0.0;1.0;0.0;A01
70375;201300046399;0;7;0;0.0;0.0;9.0;0.0;A01
70376;201300046400;0;17;0;4.0;0.0;1.0;1.0;A01
70377;201300046401;0;7;0;4.0;0.0;1.0;0.0;A01
70378;201300046402;0;7;0;3.0;0.0;2.0;1.0;A01
70379;201300046403;0;7;0;0.0;2.0;1.0;2.0;A01
70380;201300046403;0;7;0;0.0;2.0;4.0;2.0;C01
70381;201300046403;0;7;0;0.0;2.0;4.0;2.0;B01
70382;201300046404;0;10;0;0.0;0.0;1.0;14.0;A01
70383;201300046405;0;7;0;4.0;0.0;1.0;1.0;A01
70384;201300046407;0;7;0;4.0;0.0;1.0;1.0;A01
70385;201300046408;0;7;0;16.0;0.0;1.0;1.0;A01
70386;201300046410;1;7;0;0.0;2.0;2.0;0.0;Z01
70387;201300046410;0;33;0;3.0;0.0;9.0;1.0;A01
70388;201300046411;0;7;0;0.0;2.0;4.0;0.0;A01
70389;201300046411;0;7;0;0.0;2.0;1.0;0.0;C01
70390;201300046411;0;33;0;0.0;2.0;1.0;0.0;B01
70391;201300046412;0;7;0;0.0;2.0;1.0;1.0;B01
70392;201300046412;0;7;0;0.0;2.0;9.0;2.0;C01
70393;201300046412;0;7;0;0.0;2.0;4.0;2.0;D01
70394;201300046412;0;31;0;0.0;2.0;4.0;2.0;A01
70395;201300046413;1;7;0;0.0;0.0;5.0;14.0;A01
70396;201300046414;0;7;0;3.0;0.0;1.0;0.0;A01
70397;201300046415;0;34;0;3.0;0.0;8.0;1.0;A01
70398;201300046416;0;10;0;13.0;0.0;9.0;14.0;A01
70399;201300046417;0;7;0;3.0;0.0;4.0;2.0;A01
70400;201300046418;0;7;0;0.0;2.0;4.0;2.0;A01
70401;201300046418;0;32;0;0.0;2.0;1.0;2.0;B01
70402;201300046419;0;7;0;0.0;2.0;3.0;0.0;A01
70403;201300046419;0;10;0;0.0;2.0;2.0;0.0;B01
70404;201300046420;0;7;0;0.0;2.0;8.0;0.0;A01
70405;201300046420;0;7;0;0.0;2.0;2.0;0.0;B01
70406;201300046421;0;33;0;0.0;2.0;1.0;2.0;A01
70407;201300046421;0;7;0;0.0;9.0;2.0;12.0;B01
70408;201300046422;0;33;0;16.0;0.0;8.0;13.0;A01
70409;201300046424;0;7;0;4.0;0.0;2.0;14.0;A01
70410;201300046425;0;7;0;0.0;2.0;1.0;1.0;A01
70411;201300046425;0;7;0;0.0;2.0;9.0;2.0;C01
70412;201300046425;0;7;0;0.0;2.0;2.0;2.0;B01
70413;201300046426;0;7;0;4.0;0.0;1.0;13.0;A01
70414;201300046427;0;7;0;0.0;0.0;6.0;2.0;B01
70415;201300046427;0;7;0;0.0;2.0;9.0;12.0;A01
70416;201300046428;0;7;0;4.0;0.0;1.0;0.0;A01
70417;201300046429;0;7;0;4.0;0.0;1.0;1.0;A01
70418;201300046430;0;7;0;4.0;0.0;1.0;14.0;A01
70419;201300046432;0;7;0;0.0;0.0;4.0;2.0;B01
70420;201300046432;0;7;0;0.0;2.0;1.0;2.0;A01
70421;201300046433;0;33;0;4.0;2.0;7.0;17.0;A01
70422;201300046434;0;7;0;13.0;0.0;1.0;14.0;A01
70423;201300046435;0;7;0;4.0;0.0;3.0;15.0;A01
70424;201300046436;0;33;0;0.0;2.0;8.0;3.0;A01
70425;201300046436;0;7;0;0.0;2.0;7.0;12.0;B01
70426;201300046437;0;7;0;0.0;2.0;1.0;0.0;A01
70427;201300046437;0;7;0;0.0;2.0;2.0;0.0;B01
70428;201300046437;0;7;0;0.0;2.0;5.0;2.0;C01
70429;201300046437;0;33;0;0.0;2.0;1.0;2.0;D01
70430;201300046437;0;7;0;0.0;2.0;8.0;0.0;E01
70431;201300046437;0;7;0;0.0;2.0;6.0;2.0;F02
70432;201300046438;0;33;0;0.0;0.0;0.0;0.0;A01
70433;201300046439;0;15;0;0.0;2.0;1.0;12.0;C01
70434;201300046439;0;7;0;0.0;2.0;3.0;0.0;A01
70435;201300046439;0;7;0;3.0;2.0;4.0;11.0;B01
70436;201300046440;0;7;0;3.0;0.0;2.0;0.0;A01
70437;201300046441;0;7;0;0.0;2.0;7.0;12.0;A01
70438;201300046441;0;33;0;0.0;2.0;8.0;1.0;B01
70439;201300046442;0;33;0;0.0;2.0;1.0;2.0;A01
70440;201300046442;0;15;0;0.0;0.0;0.0;2.0;B01
70441;201300046443;0;7;0;3.0;0.0;1.0;0.0;A01
70442;201300046444;0;7;0;0.0;2.0;0.0;0.0;C01
70443;201300046444;0;15;0;0.0;2.0;1.0;0.0;A01
70444;201300046444;0;7;0;0.0;2.0;0.0;0.0;B01
70445;201300046445;0;7;0;3.0;0.0;1.0;13.0;A01
70446;201300046446;0;7;0;0.0;2.0;4.0;23.0;C01
70447;201300046446;0;7;0;0.0;2.0;1.0;1.0;A01
70448;201300046446;0;7;0;0.0;2.0;4.0;23.0;B01
70449;201300046447;0;33;0;0.0;0.0;0.0;0.0;A01
70450;201300046448;0;15;0;0.0;2.0;1.0;1.0;B01
70451;201300046448;0;7;0;0.0;0.0;4.0;3.0;A01
70452;201300046449;0;15;0;14.0;0.0;1.0;2.0;A01
70453;201300046449;0;33;0;0.0;0.0;4.0;2.0;B01
70454;201300046450;0;7;0;0.0;2.0;1.0;2.0;A01
70455;201300046450;0;7;0;0.0;2.0;4.0;2.0;B01
70456;201300046451;0;7;0;4.0;0.0;1.0;13.0;A01
70457;201300046452;0;7;0;4.0;0.0;1.0;13.0;A01
70458;201300046453;0;31;0;0.0;2.0;4.0;2.0;C01
70459;201300046453;0;31;0;0.0;2.0;7.0;2.0;D01
70460;201300046453;0;31;0;0.0;2.0;4.0;2.0;E01
70461;201300046453;0;7;0;0.0;2.0;1.0;21.0;A01
70462;201300046453;0;7;0;0.0;2.0;4.0;2.0;B01
70463;201300046454;0;7;0;4.0;0.0;3.0;13.0;A01
70464;201300046455;0;7;0;0.0;2.0;2.0;0.0;B01
70465;201300046455;0;7;0;0.0;2.0;3.0;0.0;A01
70466;201300046458;0;31;0;0.0;2.0;1.0;2.0;A01
70467;201300046458;0;7;0;0.0;2.0;6.0;2.0;B01
70468;201300046459;0;34;0;0.0;2.0;1.0;3.0;B01
70469;201300046459;0;7;0;0.0;2.0;1.0;1.0;C01
70470;201300046459;0;10;0;0.0;2.0;7.0;12.0;A01
70471;201300046460;0;31;0;0.0;0.0;0.0;21.0;A01
70472;201300046461;0;7;0;5.0;0.0;1.0;14.0;A01
70473;201300046462;0;34;0;0.0;2.0;1.0;1.0;A01
70474;201300046462;0;15;0;0.0;2.0;7.0;12.0;C01
70475;201300046462;0;7;0;0.0;2.0;6.0;1.0;B01
70476;201300046463;0;7;0;3.0;0.0;3.0;1.0;A01
70477;201300046464;0;7;0;0.0;2.0;5.0;1.0;A01
70478;201300046464;0;33;0;0.0;2.0;1.0;2.0;B01
70479;201300046466;0;33;0;0.0;2.0;1.0;0.0;B01
70480;201300046466;0;7;0;0.0;2.0;4.0;0.0;A01
70481;201300046467;0;34;0;16.0;2.0;1.0;12.0;A01
70482;201300046468;0;7;0;0.0;2.0;8.0;1.0;B01
70483;201300046468;0;17;0;0.0;2.0;2.0;12.0;A01
70484;201300046469;0;7;0;0.0;2.0;4.0;2.0;B01
70485;201300046469;0;7;0;0.0;2.0;1.0;2.0;A01
70486;201300046471;0;7;0;0.0;2.0;3.0;1.0;A01
70487;201300046471;0;33;0;0.0;0.0;2.0;12.0;B01
70488;201300046472;0;31;0;0.0;2.0;1.0;2.0;E01
70489;201300046472;0;7;0;0.0;2.0;0.0;2.0;C01
70490;201300046472;0;7;0;0.0;2.0;1.0;2.0;A01
70491;201300046472;0;7;0;0.0;2.0;4.0;2.0;B01
70492;201300046472;0;7;0;0.0;2.0;0.0;2.0;D01
70493;201300046473;0;33;0;0.0;0.0;0.0;0.0;A01
70494;201300046474;0;7;0;0.0;2.0;2.0;0.0;B01
70495;201300046474;0;33;0;0.0;2.0;0.0;0.0;A01
70496;201300046475;0;16;0;0.0;2.0;0.0;0.0;C01
70497;201300046475;0;7;0;0.0;2.0;1.0;0.0;A01
70498;201300046475;0;7;0;0.0;2.0;0.0;0.0;B01
70499;201300046476;0;14;0;0.0;2.0;2.0;1.0;B01
70500;201300046476;0;7;0;14.0;2.0;3.0;11.0;A01
70501;201300046477;0;17;0;0.0;2.0;2.0;12.0;A01
70502;201300046477;0;7;0;0.0;2.0;3.0;1.0;B01
70503;201300046478;0;7;0;0.0;2.0;7.0;0.0;A01
70504;201300046478;0;37;1;0.0;2.0;6.0;0.0;B01
70505;201300046479;0;33;0;0.0;2.0;0.0;0.0;B01
70506;201300046479;0;7;0;0.0;2.0;0.0;0.0;A01
70507;201300046480;0;7;0;4.0;0.0;2.0;0.0;A01
70508;201300046481;0;33;0;0.0;2.0;3.0;1.0;A01
70509;201300046481;0;10;0;0.0;2.0;7.0;12.0;B01
70510;201300046482;0;7;0;0.0;2.0;4.0;2.0;A01
70511;201300046482;0;7;0;0.0;2.0;1.0;1.0;B01
70512;201300046483;0;7;0;4.0;0.0;2.0;0.0;A01
70513;201300046484;0;10;0;0.0;2.0;2.0;12.0;A01
70514;201300046484;0;15;0;0.0;2.0;6.0;1.0;B01
70515;201300046486;0;7;0;6.0;0.0;9.0;14.0;A01
70516;201300046488;0;10;0;0.0;2.0;8.0;1.0;A01
70517;201300046488;0;34;0;0.0;2.0;2.0;3.0;B01
70518;201300046489;0;32;0;0.0;2.0;1.0;0.0;A01
70519;201300046489;0;10;0;0.0;0.0;2.0;0.0;B01
70520;201300046491;0;33;0;0.0;2.0;1.0;0.0;A01
70521;201300046491;0;7;0;0.0;2.0;4.0;0.0;B01
70522;201300046492;0;7;0;0.0;0.0;0.0;1.0;C01
70523;201300046492;0;33;0;0.0;2.0;1.0;3.0;A01
70524;201300046492;0;7;0;0.0;0.0;4.0;1.0;B01
70525;201300046493;0;7;0;0.0;2.0;1.0;1.0;B01
70526;201300046493;0;7;0;0.0;2.0;6.0;2.0;C01
70527;201300046493;0;7;0;0.0;2.0;9.0;1.0;A01
70528;201300046494;0;7;0;0.0;2.0;0.0;0.0;A01
70529;201300046494;1;99;0;0.0;2.0;2.0;0.0;Z01
70530;201300046495;0;7;0;0.0;1.0;1.0;1.0;A01
70531;201300046495;1;99;0;0.0;2.0;2.0;0.0;Z01
70532;201300046496;0;7;0;16.0;0.0;2.0;14.0;A01
70533;201300046497;0;7;0;0.0;2.0;1.0;1.0;A01
70534;201300046497;0;7;0;0.0;2.0;4.0;2.0;B01
70535;201300046498;0;7;0;0.0;2.0;4.0;2.0;A01
70536;201300046498;0;7;0;0.0;2.0;1.0;2.0;B01
70537;201300046499;0;7;0;0.0;2.0;1.0;2.0;A01
70538;201300046499;0;7;0;0.0;0.0;0.0;0.0;B01
70539;201300046500;0;7;0;4.0;0.0;3.0;1.0;A01
70540;201300046501;0;7;0;4.0;0.0;4.0;14.0;A01
70541;201300046502;0;7;0;0.0;2.0;7.0;1.0;C01
70542;201300046502;0;33;0;0.0;0.0;7.0;3.0;D01
70543;201300046502;0;7;0;0.0;0.0;0.0;11.0;A01
70544;201300046502;0;7;0;0.0;2.0;8.0;1.0;B01
70545;201300046503;0;7;0;10.0;0.0;3.0;13.0;A01
70546;201300046504;0;7;0;0.0;2.0;4.0;0.0;C01
70547;201300046504;2;10;0;0.0;2.0;1.0;2.0;Z01
70548;201300046504;0;7;0;0.0;0.0;4.0;2.0;B01
70549;201300046505;0;7;0;0.0;2.0;5.0;12.0;A01
70550;201300046505;0;33;0;4.0;2.0;3.0;2.0;B01
70551;201300046506;0;7;0;0.0;2.0;7.0;1.0;A01
70552;201300046506;0;33;0;0.0;2.0;8.0;3.0;B01