;Num_Acc;senc;catv;occutc;obs;obsm;choc;manv;num_veh
71820;201300047248;1;7;0;0.0;0.0;4.0;0.0;A01
71821;201300047249;0;7;0;0.0;0.0;9.0;1.0;A01
71822;201300047250;0;31;0;0.0;0.0;8.0;3.0;A01
71823;201300047251;1;7;0;0.0;2.0;3.0;0.0;Z01
71824;201300047251;0;7;0;0.0;2.0;5.0;2.0;A01
71825;201300047252;0;33;0;0.0;0.0;7.0;3.0;A01
71826;201300047253;0;7;0;4.0;0.0;2.0;1.0;A01
71827;201300047254;0;33;0;0.0;2.0;1.0;3.0;A01
71828;201300047254;1;7;0;;0.0;2.0;;Z01
71829;201300047255;0;7;0;3.0;0.0;0.0;0.0;A01
71830;201300047256;0;7;0;0.0;2.0;0.0;12.0;B01
71831;201300047256;0;32;0;0.0;2.0;0.0;3.0;A01
71832;201300047257;0;7;0;0.0;0.0;7.0;0.0;A01
71833;201300047258;0;7;0;0.0;2.0;1.0;2.0;A01
71834;201300047258;0;7;0;0.0;2.0;4.0;2.0;B01
71835;201300047259;0;33;0;0.0;0.0;7.0;0.0;A01
71836;201300047260;0;7;0;4.0;0.0;1.0;13.0;A01
71837;201300047261;0;10;0;0.0;2.0;5.0;12.0;A01
71838;201300047261;0;10;0;0.0;2.0;6.0;1.0;B01
71839;201300047262;0;7;0;0.0;2.0;8.0;11.0;B01
71840;201300047262;0;32;0;0.0;2.0;7.0;12.0;A01
71841;201300047263;0;7;0;0.0;2.0;1.0;12.0;A01
71842;201300047263;0;7;0;0.0;2.0;4.0;2.0;B01
71843;201300047264;0;7;0;0.0;2.0;3.0;21.0;A01
71844;201300047264;0;7;0;0.0;2.0;5.0;1.0;C01
71845;201300047264;0;7;0;0.0;2.0;1.0;1.0;B01
71846;201300047265;0;14;0;0.0;2.0;8.0;1.0;B01
71847;201300047265;0;34;0;3.0;2.0;7.0;3.0;A01
71848;201300047265;0;7;0;0.0;2.0;5.0;1.0;C01
71849;201300047266;0;10;0;4.0;0.0;1.0;21.0;A01
71850;201300047266;0;7;0;0.0;0.0;1.0;1.0;B01
71851;201300047267;0;7;0;4.0;0.0;1.0;16.0;A01
71852;201300047268;0;7;0;0.0;2.0;2.0;0.0;A01
71853;201300047268;0;7;0;0.0;2.0;3.0;1.0;B01
71854;201300047269;0;14;0;0.0;2.0;3.0;1.0;C01
71855;201300047269;0;33;0;0.0;2.0;3.0;3.0;A01
71856;201300047269;0;7;0;0.0;2.0;5.0;1.0;B01
71857;201300047270;0;7;0;0.0;2.0;4.0;2.0;C01
71858;201300047270;0;7;0;0.0;2.0;4.0;2.0;B01
71859;201300047270;0;10;0;0.0;2.0;1.0;2.0;A01
71860;201300047271;0;7;0;0.0;2.0;6.0;11.0;B01
71861;201300047271;0;33;0;0.0;2.0;1.0;1.0;A01
71862;201300047272;0;7;0;0.0;0.0;3.0;21.0;A01
71863;201300047273;0;33;0;0.0;2.0;1.0;0.0;A01
71864;201300047273;0;33;0;0.0;2.0;4.0;0.0;B01
71865;201300047273;0;10;0;0.0;2.0;6.0;1.0;C01
71866;201300047274;0;34;0;0.0;2.0;1.0;0.0;A01
71867;201300047274;0;7;0;0.0;2.0;5.0;12.0;B01
71868;201300047275;0;10;0;0.0;0.0;5.0;2.0;B01
71869;201300047275;0;33;0;0.0;2.0;3.0;2.0;A01
71870;201300047277;0;7;0;13.0;0.0;3.0;1.0;A01
71871;201300047278;0;7;0;4.0;0.0;3.0;0.0;A01
71872;201300047279;0;33;0;0.0;0.0;2.0;0.0;A01
71873;201300047280;0;34;0;0.0;2.0;7.0;3.0;A01
71874;201300047280;0;7;0;0.0;2.0;8.0;11.0;B01
71875;201300047281;0;10;0;0.0;0.0;0.0;0.0;A01
71876;201300047282;0;7;0;0.0;0.0;5.0;0.0;B01
71877;201300047282;0;7;0;0.0;2.0;3.0;2.0;A01
71878;201300047283;0;33;0;4.0;2.0;1.0;1.0;A01
71879;201300047283;0;7;0;0.0;2.0;4.0;2.0;B01
71880;201300047284;0;7;0;4.0;0.0;1.0;0.0;A01
71881;201300047285;0;31;0;0.0;2.0;1.0;0.0;A01
71882;201300047285;0;7;0;0.0;2.0;8.0;12.0;B01
71883;201300047286;0;7;0;0.0;2.0;1.0;0.0;A01
71884;201300047286;0;7;0;0.0;0.0;4.0;0.0;B01
71885;201300047287;0;10;0;0.0;2.0;6.0;2.0;A01
71886;201300047287;0;33;0;0.0;2.0;1.0;2.0;B01
71887;201300047288;0;7;0;4.0;0.0;3.0;0.0;A01
71888;201300047289;0;33;0;3.0;0.0;3.0;14.0;A01
71889;201300047290;0;7;0;0.0;2.0;1.0;2.0;A01
71890;201300047290;0;10;0;0.0;0.0;4.0;2.0;B01
71891;201300047291;0;7;0;0.0;2.0;1.0;5.0;A01
71892;201300047291;0;10;0;0.0;2.0;1.0;1.0;B01
71893;201300047292;0;7;0;0.0;2.0;2.0;12.0;A01
71894;201300047292;0;33;0;0.0;2.0;8.0;3.0;B01
71895;201300047293;0;7;0;0.0;2.0;2.0;12.0;B01
71896;201300047293;0;33;0;0.0;2.0;3.0;1.0;A01
71897;201300047293;0;7;0;0.0;0.0;4.0;1.0;C01
71898;201300047294;0;7;0;4.0;0.0;2.0;0.0;A01
71899;201300047295;0;33;0;0.0;2.0;3.0;3.0;B01
71900;201300047295;0;7;0;0.0;2.0;2.0;12.0;A01
71901;201300047297;0;7;0;3.0;0.0;1.0;16.0;A01
71902;201300047298;0;7;0;3.0;0.0;2.0;1.0;A01
71903;201300047299;0;7;0;0.0;2.0;4.0;2.0;B01
71904;201300047299;0;7;0;0.0;2.0;1.0;2.0;A01
71905;201300047300;0;34;0;0.0;0.0;8.0;0.0;A01
71906;201300047301;0;10;0;0.0;2.0;4.0;2.0;B01
71907;201300047301;0;15;0;0.0;2.0;1.0;2.0;A01
71908;201300047301;0;7;0;0.0;2.0;4.0;2.0;C01
71909;201300047302;0;34;0;0.0;2.0;1.0;2.0;A01
71910;201300047302;0;7;0;0.0;2.0;4.0;2.0;B01
71911;201300047303;0;10;0;0.0;2.0;5.0;12.0;B01
71912;201300047303;0;32;0;0.0;2.0;8.0;3.0;A01
71913;201300047304;0;7;0;0.0;2.0;5.0;12.0;B01
71914;201300047304;0;33;0;0.0;2.0;1.0;1.0;A01
71915;201300047305;0;7;0;0.0;2.0;4.0;2.0;B01
71916;201300047305;0;7;0;0.0;2.0;1.0;2.0;A01
71917;201300047306;0;7;0;0.0;2.0;4.0;2.0;B01
71918;201300047306;0;7;0;0.0;2.0;1.0;2.0;A01
71919;201300047307;0;33;0;0.0;2.0;1.0;2.0;A01
71920;201300047307;0;7;0;0.0;2.0;5.0;2.0;B01
71921;201300047308;0;33;0;0.0;0.0;3.0;0.0;A01
71922;201300047310;0;7;0;0.0;0.0;4.0;2.0;B01
71923;201300047310;0;7;0;0.0;2.0;1.0;2.0;A01
71924;201300047311;0;7;0;4.0;0.0;3.0;2.0;A01
71925;201300047313;0;7;0;0.0;2.0;1.0;2.0;A01
71926;201300047313;0;14;0;0.0;2.0;4.0;2.0;B01
71927;201300047314;0;7;0;0.0;0.0;6.0;2.0;C01
71928;201300047314;0;31;0;0.0;2.0;3.0;21.0;B01
71929;201300047314;0;7;0;0.0;2.0;2.0;12.0;A01
71930;201300047316;0;7;0;0.0;2.0;1.0;2.0;A01
71931;201300047316;0;15;0;0.0;2.0;4.0;1.0;B01
71932;201300047317;0;7;0;3.0;0.0;1.0;0.0;A01
71933;201300047318;0;7;0;4.0;0.0;2.0;13.0;A01
71934;201300047319;0;10;0;0.0;0.0;0.0;0.0;E01
71935;201300047319;0;7;0;0.0;2.0;4.0;2.0;B01
71936;201300047319;0;7;0;0.0;0.0;4.0;2.0;D01
71937;201300047319;0;7;0;0.0;2.0;4.0;2.0;C01
71938;201300047319;0;10;0;0.0;2.0;1.0;2.0;A01
71939;201300047320;0;7;0;0.0;0.0;9.0;2.0;A01
71940;201300047321;0;7;0;10.0;0.0;2.0;4.0;A01
71941;201300047323;0;7;0;0.0;2.0;1.0;2.0;A01
71942;201300047323;0;7;0;0.0;0.0;4.0;2.0;B01
71943;201300047324;0;7;0;0.0;2.0;4.0;2.0;B01
71944;201300047324;0;7;0;0.0;2.0;1.0;2.0;A01
71945;201300047325;0;7;0;0.0;0.0;3.0;0.0;A01
71946;201300047326;0;7;0;4.0;0.0;3.0;0.0;A01
71947;201300047329;0;7;0;0.0;2.0;1.0;2.0;A01
71948;201300047329;0;7;0;0.0;2.0;4.0;2.0;B01
71949;201300047329;0;7;0;0.0;0.0;4.0;0.0;C01
71950;201300047330;0;7;0;0.0;2.0;7.0;12.0;B01
71951;201300047330;0;32;0;0.0;2.0;8.0;3.0;A01
71952;201300047332;0;7;0;0.0;0.0;4.0;2.0;B01
71953;201300047332;0;7;0;0.0;2.0;1.0;1.0;A01
71954;201300047333;0;7;0;0.0;2.0;1.0;1.0;A01
71955;201300047333;0;7;0;14.0;0.0;4.0;21.0;B01
71956;201300047334;0;7;0;0.0;2.0;4.0;12.0;B01
71957;201300047334;0;31;0;0.0;2.0;1.0;3.0;A01
71958;201300047335;0;10;0;0.0;2.0;1.0;2.0;D01
71959;201300047335;0;7;0;0.0;2.0;1.0;2.0;C01
71960;201300047335;0;10;0;0.0;2.0;1.0;2.0;B01
71961;201300047335;0;10;0;0.0;2.0;1.0;1.0;A01
71962;201300047335;0;7;0;0.0;0.0;4.0;2.0;E01
71963;201300047337;0;7;0;1.0;0.0;2.0;2.0;A01
71964;201300047337;0;7;0;0.0;0.0;5.0;23.0;B01
71965;201300047338;0;7;0;4.0;0.0;1.0;0.0;A01
71966;201300047339;0;7;0;4.0;0.0;8.0;0.0;A01
71967;201300047340;0;7;0;4.0;0.0;1.0;1.0;A01
71968;201300047341;0;7;0;4.0;0.0;1.0;1.0;A01
71969;201300047342;0;7;0;4.0;2.0;1.0;1.0;A01
71970;201300047343;0;7;0;0.0;0.0;4.0;2.0;B01
71971;201300047343;0;7;0;0.0;2.0;1.0;2.0;A01
71972;201300047344;0;10;0;4.0;0.0;1.0;2.0;A01
71973;201300047345;0;7;0;0.0;2.0;5.0;1.0;B01
71974;201300047345;1;7;0;0.0;2.0;3.0;1.0;Z01
71975;201300047346;0;7;0;0.0;0.0;9.0;1.0;A01
71976;201300047348;0;7;0;0.0;0.0;2.0;1.0;A01
71977;201300047349;0;7;0;0.0;2.0;4.0;1.0;B01
71978;201300047349;0;7;0;0.0;2.0;1.0;1.0;A01
71979;201300047350;0;7;0;4.0;0.0;3.0;1.0;A01
71980;201300047351;0;7;0;0.0;2.0;1.0;2.0;B01
71981;201300047351;0;7;0;0.0;2.0;4.0;1.0;A01
71982;201300047351;0;7;0;0.0;2.0;1.0;2.0;C01
71983;201300047352;0;7;0;0.0;2.0;2.0;21.0;B01
71984;201300047352;0;7;0;0.0;2.0;6.0;23.0;A01
71985;201300047352;0;10;0;0.0;2.0;1.0;1.0;C01
71986;201300047353;0;7;0;0.0;2.0;8.0;1.0;A01
71987;201300047353;0;7;0;0.0;2.0;1.0;2.0;B01
71988;201300047353;0;7;0;0.0;2.0;1.0;2.0;C01
71989;201300047353;0;7;0;0.0;2.0;4.0;2.0;E01
71990;201300047353;0;7;0;0.0;2.0;1.0;2.0;D01
71991;201300047354;0;7;0;0.0;2.0;8.0;11.0;B01
71992;201300047354;0;7;0;0.0;2.0;2.0;1.0;A01
71993;201300047354;0;7;0;0.0;2.0;4.0;2.0;C01
71994;201300047355;0;10;0;0.0;2.0;4.0;2.0;B01
71995;201300047355;0;14;0;0.0;2.0;6.0;1.0;A01
71996;201300047355;0;13;0;0.0;2.0;1.0;2.0;C01
71997;201300047356;0;7;0;0.0;0.0;1.0;21.0;A01
71998;201300047357;0;33;0;0.0;0.0;7.0;1.0;A01
71999;201300047358;0;10;0;0.0;2.0;1.0;2.0;B01
72000;201300047358;0;7;0;0.0;2.0;4.0;1.0;A01
72001;201300047358;0;7;0;0.0;2.0;1.0;2.0;C01
72002;201300047359;0;14;0;0.0;2.0;2.0;21.0;C01
72003;201300047359;0;7;0;0.0;2.0;6.0;2.0;B01
72004;201300047359;0;7;0;0.0;2.0;4.0;1.0;A01
72005;201300047360;0;7;0;0.0;2.0;4.0;11.0;B01
72006;201300047360;0;33;0;0.0;2.0;1.0;1.0;A01
72007;201300047361;0;7;0;0.0;0.0;1.0;1.0;A01
72008;201300047362;0;14;0;0.0;2.0;2.0;13.0;B01
72009;201300047362;0;10;0;0.0;2.0;1.0;1.0;A01
72010;201300047363;0;7;0;0.0;2.0;4.0;2.0;B01
72011;201300047363;0;7;0;0.0;2.0;1.0;2.0;C01
72012;201300047363;0;7;0;0.0;2.0;4.0;1.0;A01
72013;201300047364;0;7;0;0.0;2.0;4.0;1.0;A01
72014;201300047364;0;7;0;0.0;2.0;1.0;2.0;B01
72015;201300047365;0;7;0;0.0;2.0;7.0;1.0;A01
72016;201300047365;0;33;0;0.0;2.0;1.0;1.0;B01
72017;201300047366;0;7;0;0.0;2.0;4.0;2.0;B01
72018;201300047366;0;14;0;0.0;2.0;1.0;1.0;A01
72019;201300047367;0;7;0;0.0;2.0;1.0;5.0;C01
72020;201300047367;0;7;0;0.0;2.0;3.0;11.0;A01
72021;201300047367;0;7;0;0.0;2.0;7.0;1.0;B01
72022;201300047367;0;7;0;0.0;2.0;1.0;5.0;D01
72023;201300047368;0;7;0;0.0;0.0;9.0;0.0;A01
72024;201300047368;0;10;0;0.0;0.0;3.0;0.0;B01
72025;201300047368;0;7;0;0.0;0.0;0.0;0.0;C01
72026;201300047369;0;7;0;0.0;2.0;1.0;1.0;A01
72027;201300047369;0;7;0;0.0;2.0;4.0;2.0;B01
72028;201300047369;0;7;0;0.0;2.0;4.0;2.0;C01
72029;201300047370;0;7;0;0.0;0.0;9.0;1.0;A01
72030;201300047371;0;7;0;0.0;2.0;3.0;9.0;A01
72031;201300047371;0;34;0;0.0;2.0;2.0;1.0;B01
72032;201300047372;0;7;0;2.0;0.0;1.0;1.0;A01
72033;201300047373;0;37;1;0.0;2.0;4.0;1.0;B01
72034;201300047373;0;15;0;0.0;2.0;1.0;2.0;A01
72035;201300047374;0;7;0;3.0;0.0;3.0;13.0;A01
72036;201300047375;0;7;0;3.0;0.0;1.0;1.0;A01
72037;201300047377;0;10;0;0.0;1.0;3.0;1.0;A01
72038;201300047378;0;7;0;0.0;2.0;3.0;11.0;B01
72039;201300047378;0;34;0;0.0;2.0;2.0;1.0;A01
72040;201300047379;0;7;0;0.0;0.0;1.0;0.0;A01
72041;201300047380;0;7;0;0.0;2.0;1.0;1.0;A01
72042;201300047380;0;7;0;0.0;2.0;8.0;1.0;B01
72043;201300047381;0;7;0;4.0;2.0;6.0;1.0;A01
72044;201300047381;1;7;0;0.0;2.0;1.0;1.0;Z01
72045;201300047382;0;7;0;0.0;0.0;7.0;1.0;A01
72046;201300047383;0;7;0;0.0;0.0;1.0;1.0;A01
72047;201300047384;0;33;0;0.0;2.0;7.0;3.0;A01
72048;201300047384;0;7;0;0.0;2.0;8.0;11.0;B01
72049;201300047385;0;34;0;0.0;2.0;1.0;1.0;A01
72050;201300047385;0;7;0;0.0;2.0;8.0;11.0;B01
72051;201300047386;0;7;0;0.0;2.0;4.0;1.0;A01
72052;201300047386;0;7;0;0.0;2.0;1.0;2.0;C01
72053;201300047386;0;7;0;0.0;2.0;4.0;2.0;B01
72054;201300047387;0;7;0;4.0;0.0;1.0;1.0;A01
72055;201300047389;0;7;0;0.0;2.0;2.0;12.0;A01
72056;201300047389;0;7;0;0.0;2.0;4.0;1.0;B01
72057;201300047389;0;33;0;0.0;2.0;8.0;3.0;C01
72058;201300047390;0;7;0;3.0;0.0;1.0;1.0;A01
72059;201300047391;0;7;0;0.0;2.0;3.0;1.0;A01
72060;201300047391;0;7;0;0.0;2.0;2.0;15.0;B01
72061;201300047392;0;7;0;0.0;2.0;8.0;13.0;A01
72062;201300047392;0;7;0;0.0;2.0;8.0;1.0;B01
72063;201300047393;0;7;0;3.0;2.0;2.0;12.0;B01
72064;201300047393;0;15;0;0.0;2.0;3.0;1.0;A01
72065;201300047394;0;33;0;0.0;2.0;7.0;3.0;A01
72066;201300047394;0;7;0;0.0;2.0;8.0;11.0;B01
72067;201300047395;0;10;0;0.0;2.0;4.0;2.0;C01
72068;201300047395;0;7;0;0.0;2.0;4.0;2.0;B01
72069;201300047395;0;7;0;0.0;2.0;1.0;1.0;A01
72070;201300047396;0;33;0;0.0;0.0;0.0;3.0;A01
72071;201300047397;0;34;0;0.0;0.0;8.0;3.0;A01
72072;201300047398;0;14;0;0.0;2.0;3.0;1.0;B01
72073;201300047398;0;7;0;0.0;2.0;2.0;1.0;A01
72074;201300047399;0;7;0;4.0;0.0;1.0;1.0;A01
72075;201300047400;0;34;0;0.0;2.0;1.0;3.0;A01
72076;201300047400;0;7;0;0.0;2.0;6.0;11.0;B01
72077;201300047401;0;31;0;0.0;2.0;7.0;1.0;A01
72078;201300047401;0;7;0;0.0;2.0;4.0;12.0;B01
72079;201300047402;0;7;0;4.0;0.0;2.0;1.0;A01
72080;201300047403;0;34;0;0.0;2.0;7.0;1.0;A01
72081;201300047403;0;7;0;0.0;2.0;8.0;13.0;B01
72082;201300047404;0;7;0;0.0;0.0;7.0;0.0;A01
72083;201300047405;0;7;0;0.0;2.0;2.0;12.0;A01
72084;201300047405;0;31;0;0.0;2.0;8.0;3.0;B01
72085;201300047406;0;7;0;0.0;2.0;4.0;2.0;A01
72086;201300047406;2;7;0;0.0;2.0;1.0;1.0;B01
72087;201300047407;0;33;0;0.0;0.0;9.0;1.0;A01
72088;201300047408;0;33;0;0.0;2.0;9.0;0.0;B01
72089;201300047408;0;7;0;0.0;2.0;2.0;1.0;A01
72090;201300047409;0;7;0;0.0;2.0;1.0;2.0;A01
72091;201300047409;0;7;0;0.0;2.0;8.0;11.0;B01
72092;201300047410;0;33;0;0.0;0.0;8.0;13.0;A01
72093;201300047411;0;7;0;0.0;2.0;6.0;1.0;C01
72094;201300047411;0;33;0;0.0;2.0;9.0;3.0;A01
72095;201300047411;0;7;0;0.0;2.0;7.0;12.0;B01
72096;201300047412;0;7;0;0.0;2.0;8.0;11.0;B01
72097;201300047412;0;33;0;0.0;2.0;7.0;3.0;A01
72098;201300047412;0;7;0;0.0;2.0;4.0;1.0;C01
72099;201300047413;0;33;0;0.0;2.0;9.0;3.0;A01
72100;201300047413;0;7;0;0.0;2.0;3.0;1.0;B01
72101;201300047414;0;33;0;0.0;2.0;9.0;21.0;B01
72102;201300047414;0;10;0;0.0;2.0;4.0;12.0;A01
72103;201300047414;0;33;0;0.0;2.0;1.0;21.0;C01
72104;201300047415;0;38;1;0.0;2.0;4.0;2.0;B01
72105;201300047415;0;7;0;0.0;2.0;1.0;1.0;A01
72106;201300047417;0;7;0;0.0;0.0;0.0;1.0;A01
72107;201300047418;0;7;0;3.0;0.0;1.0;21.0;A01
72108;201300047419;0;7;0;0.0;2.0;2.0;1.0;B01
72109;201300047419;0;7;0;0.0;2.0;3.0;11.0;A01
72110;201300047420;0;10;0;4.0;2.0;1.0;12.0;A01
72111;201300047420;0;10;0;0.0;2.0;6.0;1.0;B01
72112;201300047422;0;7;0;0.0;9.0;1.0;1.0;A01
72113;201300047423;0;7;0;4.0;0.0;7.0;1.0;A01
72114;201300047424;0;7;0;0.0;2.0;3.0;1.0;B01
72115;201300047424;0;7;0;3.0;2.0;2.0;12.0;A01
72116;201300047425;0;7;0;0.0;2.0;4.0;2.0;A01
72117;201300047425;0;7;0;0.0;2.0;4.0;2.0;B01
72118;201300047425;0;7;0;0.0;2.0;1.0;1.0;C01
72119;201300047426;0;7;0;0.0;2.0;4.0;2.0;B01
72120;201300047426;0;7;0;0.0;2.0;2.0;2.0;A01
72121;201300047428;0;10;0;0.0;2.0;7.0;1.0;A01
72122;201300047428;0;15;0;0.0;2.0;1.0;1.0;B01
72123;201300047430;2;7;0;0.0;2.0;1.0;1.0;Z01
72124;201300047430;0;7;0;0.0;2.0;4.0;1.0;A01
72125;201300047430;0;7;0;4.0;2.0;1.0;2.0;B01
72126;201300047431;0;7;0;0.0;0.0;1.0;1.0;A01
72127;201300047432;0;7;0;0.0;0.0;9.0;0.0;A01
72128;201300047433;0;7;0;0.0;2.0;6.0;1.0;A01
72129;201300047433;1;14;0;0.0;2.0;2.0;1.0;Z01
72130;201300047434;0;7;0;4.0;0.0;1.0;6.0;A01
72131;201300047435;0;7;0;0.0;2.0;1.0;2.0;A01
72132;201300047435;0;7;0;0.0;2.0;4.0;1.0;B01
72133;201300047436;0;7;0;0.0;0.0;1.0;0.0;A01
72134;201300047437;0;7;0;3.0;0.0;1.0;6.0;A01
72135;201300047438;0;7;0;0.0;0.0;1.0;0.0;A01
72136;201300047439;0;7;0;0.0;2.0;5.0;1.0;C01
72137;201300047439;0;33;0;0.0;2.0;9.0;3.0;A01
72138;201300047439;0;7;0;0.0;2.0;8.0;11.0;B01
72139;201300047440;0;7;0;0.0;2.0;1.0;1.0;B01
72140;201300047440;0;7;0;0.0;2.0;4.0;1.0;A01
72141;201300047441;0;7;0;0.0;2.0;1.0;2.0;B01
72142;201300047441;0;10;0;0.0;2.0;4.0;1.0;A01
72143;201300047442;0;7;0;4.0;0.0;7.0;1.0;A01
72144;201300047443;0;33;0;0.0;2.0;9.0;1.0;B01
72145;201300047443;0;7;0;0.0;2.0;8.0;10.0;A01
72146;201300047444;0;7;0;0.0;2.0;1.0;2.0;B01
72147;201300047444;0;7;0;0.0;2.0;4.0;1.0;A01
72148;201300047445;0;10;0;0.0;0.0;1.0;0.0;A01
72149;201300047445;0;7;0;0.0;0.0;4.0;0.0;B01
72150;201300047446;0;7;0;0.0;2.0;4.0;2.0;C01
72151;201300047446;0;7;0;0.0;2.0;4.0;1.0;A01
72152;201300047446;0;7;0;0.0;2.0;1.0;2.0;B01
72153;201300047447;0;7;0;0.0;2.0;1.0;1.0;A01
72154;201300047447;0;15;0;0.0;2.0;4.0;2.0;B01
72155;201300047448;0;7;0;0.0;0.0;9.0;1.0;A01
72156;201300047449;0;7;0;6.0;0.0;1.0;1.0;A01
72157;201300047451;0;7;0;4.0;0.0;2.0;1.0;A01
72158;201300047453;0;33;0;0.0;2.0;4.0;3.0;B01
72159;201300047453;0;33;0;0.0;2.0;4.0;3.0;A01
72160;201300047453;0;33;0;0.0;2.0;1.0;3.0;C01
72161;201300047455;0;33;0;0.0;2.0;1.0;9.0;A01
72162;201300047455;0;7;0;0.0;2.0;4.0;1.0;B01
72163;201300047456;0;7;0;0.0;2.0;4.0;1.0;B01
72164;201300047456;0;10;0;0.0;2.0;1.0;11.0;A01
72165;201300047457;0;7;0;0.0;0.0;1.0;1.0;A01
72166;201300047458;0;7;0;0.0;0.0;0.0;0.0;A01
72167;201300047459;0;7;0;0.0;2.0;4.0;2.0;C01
72168;201300047459;0;10;0;0.0;2.0;4.0;2.0;B01
72169;201300047459;0;33;0;0.0;2.0;1.0;1.0;A01
72170;201300047460;0;7;0;0.0;2.0;1.0;2.0;B01
72171;201300047460;0;10;0;0.0;2.0;8.0;1.0;C01
72172;201300047460;0;7;0;0.0;2.0;7.0;1.0;A01
72173;201300047461;0;7;0;4.0;0.0;8.0;13.0;A01
72174;201300047462;0;7;0;0.0;2.0;1.0;2.0;E01
72175;201300047462;0;7;0;0.0;2.0;4.0;1.0;A01
72176;201300047462;0;7;0;0.0;2.0;1.0;2.0;F02
72177;201300047462;0;7;0;0.0;2.0;1.0;2.0;B01
72178;201300047462;0;7;0;0.0;2.0;1.0;2.0;C01
72179;201300047462;0;7;0;0.0;2.0;1.0;2.0;D01
72180;201300047463;0;7;0;0.0;0.0;1.0;1.0;A01
72181;201300047466;0;7;0;0.0;2.0;5.0;12.0;A01
72182;201300047466;0;14;0;0.0;2.0;3.0;1.0;B01
72183;201300047467;0;33;0;0.0;2.0;1.0;17.0;B01
72184;201300047467;0;7;0;0.0;2.0;3.0;10.0;A01
72185;201300047468;0;7;0;0.0;2.0;4.0;11.0;A01
72186;201300047468;0;33;0;0.0;2.0;1.0;3.0;B01
72187;201300047469;0;33;0;0.0;2.0;1.0;1.0;A01
72188;201300047469;0;10;0;0.0;2.0;4.0;24.0;B01
72189;201300047469;0;7;0;1.0;0.0;1.0;2.0;C01
72190;201300047470;0;7;0;0.0;2.0;4.0;1.0;A01
72191;201300047470;0;13;0;0.0;2.0;2.0;12.0;B01
72192;201300047471;0;7;0;0.0;2.0;4.0;2.0;E01
72193;201300047471;0;7;0;0.0;2.0;4.0;2.0;B01
72194;201300047471;0;7;0;0.0;2.0;4.0;1.0;D01
72195;201300047471;0;7;0;0.0;2.0;1.0;1.0;A01
72196;201300047471;0;7;0;0.0;2.0;4.0;1.0;C01
72197;201300047473;0;7;0;0.0;2.0;1.0;2.0;A01
72198;201300047473;0;7;0;0.0;2.0;4.0;1.0;B01
72199;201300047474;0;7;0;1.0;0.0;9.0;1.0;A01
72200;201300047475;0;33;0;0.0;0.0;7.0;1.0;A01
72201;201300047476;0;7;0;0.0;2.0;4.0;1.0;B01
72202;201300047476;1;15;0;0.0;2.0;1.0;2.0;Z01
72203;201300047476;0;7;0;0.0;2.0;4.0;1.0;A01
72204;201300047477;0;15;0;0.0;2.0;3.0;1.0;C01
72205;201300047477;0;7;0;0.0;2.0;7.0;1.0;A01
72206;201300047477;0;33;0;0.0;2.0;1.0;3.0;B01
72207;201300047478;0;7;0;0.0;2.0;4.0;1.0;A01
72208;201300047478;0;7;0;0.0;2.0;1.0;2.0;B01
72209;201300047480;0;7;0;0.0;2.0;9.0;13.0;B01
72210;201300047480;0;14;0;0.0;2.0;2.0;14.0;A01
72211;201300047481;0;7;0;0.0;0.0;9.0;0.0;A01
72212;201300047482;0;33;0;0.0;2.0;3.0;0.0;A01
72213;201300047482;0;7;0;0.0;0.0;4.0;0.0;B01
72214;201300047483;0;7;0;0.0;2.0;9.0;1.0;A01
72215;201300047483;0;7;0;0.0;2.0;1.0;2.0;B01
72216;201300047483;0;7;0;0.0;2.0;4.0;1.0;C01
72217;201300047484;0;7;0;0.0;2.0;8.0;11.0;A01
72218;201300047484;0;33;0;0.0;2.0;9.0;1.0;B01
72219;201300047485;0;7;0;0.0;2.0;8.0;11.0;A01
72220;201300047485;0;33;0;0.0;2.0;7.0;3.0;B01
72221;201300047486;0;33;0;0.0;0.0;8.0;1.0;A01
72222;201300047488;0;7;0;0.0;2.0;2.0;12.0;A01
72223;201300047488;0;33;0;0.0;2.0;8.0;3.0;B01
72224;201300047489;0;10;0;0.0;2.0;1.0;2.0;B01
72225;201300047489;0;7;0;0.0;2.0;4.0;1.0;A01
72226;201300047490;0;33;0;0.0;0.0;1.0;1.0;A01
72227;201300047491;0;10;0;0.0;2.0;1.0;2.0;C01
72228;201300047491;0;10;0;0.0;2.0;4.0;2.0;D01
72229;201300047491;0;10;0;0.0;2.0;1.0;2.0;E01
72230;201300047491;0;10;0;0.0;2.0;1.0;2.0;B01
72231;201300047491;0;7;0;0.0;2.0;4.0;1.0;A01
72232;201300047492;0;7;0;0.0;2.0;6.0;9.0;A01
72233;201300047492;0;14;0;0.0;2.0;2.0;1.0;B01
72234;201300047493;0;33;0;0.0;2.0;4.0;3.0;A01
72235;201300047493;0;7;0;0.0;2.0;1.0;11.0;B01
72236;201300047493;0;7;0;0.0;2.0;4.0;1.0;C01
72237;201300047494;0;10;0;0.0;2.0;4.0;2.0;C01
72238;201300047494;0;14;0;0.0;2.0;4.0;2.0;B01
72239;201300047494;0;7;0;0.0;2.0;1.0;1.0;A01
72240;201300047495;0;7;0;0.0;0.0;1.0;2.0;C01
72241;201300047495;0;7;0;0.0;0.0;4.0;2.0;A01