;Num_Acc;senc;catv;occutc;obs;obsm;choc;manv;num_veh
72242;201300047495;0;7;0;0.0;0.0;4.0;2.0;B01
72243;201300047495;0;7;0;0.0;0.0;1.0;2.0;D01
72244;201300047496;0;7;0;0.0;2.0;7.0;1.0;A01
72245;201300047496;0;7;0;0.0;2.0;8.0;1.0;B01
72246;201300047497;0;7;0;0.0;2.0;4.0;12.0;A01
72247;201300047497;0;33;0;0.0;2.0;1.0;3.0;B01
72248;201300047498;0;7;0;0.0;0.0;1.0;1.0;A01
72249;201300047499;0;7;0;0.0;2.0;4.0;23.0;A01
72250;201300047499;0;34;0;0.0;2.0;1.0;14.0;B01
72251;201300047501;0;15;0;0.0;2.0;7.0;1.0;B01
72252;201300047501;0;7;0;0.0;2.0;8.0;11.0;A01
72253;201300047502;0;7;0;0.0;2.0;1.0;1.0;A01
72254;201300047502;0;7;0;0.0;2.0;4.0;2.0;B01
72255;201300047503;0;7;0;0.0;2.0;4.0;2.0;C01
72256;201300047503;0;7;0;0.0;2.0;1.0;1.0;A01
72257;201300047503;0;7;0;0.0;2.0;4.0;2.0;D01
72258;201300047503;0;7;0;0.0;2.0;4.0;2.0;B01
72259;201300047504;0;7;0;0.0;2.0;4.0;0.0;B01
72260;201300047504;0;33;0;0.0;2.0;1.0;0.0;A01
72261;201300047505;0;10;0;0.0;2.0;7.0;1.0;A01
72262;201300047505;0;33;0;0.0;2.0;1.0;3.0;B01
72263;201300047506;0;7;0;0.0;2.0;3.0;1.0;A01
72264;201300047506;0;7;0;0.0;2.0;2.0;1.0;B01
72265;201300047506;0;7;0;0.0;2.0;8.0;1.0;C01
72266;201300047507;0;7;0;3.0;0.0;3.0;1.0;A01
72267;201300047508;0;10;0;0.0;2.0;1.0;1.0;A01
72268;201300047508;0;33;0;0.0;2.0;4.0;2.0;B01
72269;201300047509;0;33;0;0.0;0.0;7.0;1.0;A01
72270;201300047510;0;7;0;0.0;2.0;4.0;1.0;A01
72271;201300047510;0;33;0;0.0;2.0;1.0;2.0;B01
72272;201300047511;0;10;0;0.0;2.0;8.0;1.0;B01
72273;201300047511;0;7;0;0.0;2.0;2.0;1.0;A01
72274;201300047512;0;7;0;4.0;0.0;1.0;1.0;A01
72275;201300047513;0;10;0;13.0;0.0;1.0;1.0;A01
72276;201300047514;0;7;0;0.0;2.0;8.0;11.0;B01
72277;201300047514;0;33;0;0.0;2.0;7.0;3.0;A01
72278;201300047516;0;7;0;0.0;2.0;4.0;2.0;A01
72279;201300047516;0;7;0;0.0;2.0;1.0;2.0;B01
72280;201300047518;0;7;0;0.0;0.0;3.0;1.0;A01
72281;201300047519;0;7;0;0.0;2.0;4.0;2.0;B01
72282;201300047519;0;7;0;0.0;2.0;4.0;1.0;A01
72283;201300047519;0;7;0;0.0;2.0;1.0;2.0;C01
72284;201300047520;0;7;0;0.0;2.0;8.0;1.0;B01
72285;201300047520;0;33;0;0.0;2.0;7.0;1.0;A01
72286;201300047521;0;31;0;15.0;0.0;3.0;16.0;A01
72287;201300047522;0;7;0;0.0;2.0;3.0;2.0;C01
72288;201300047522;0;7;0;0.0;2.0;5.0;1.0;A01
72289;201300047522;0;7;0;0.0;2.0;4.0;2.0;B01
72290;201300047524;0;7;0;0.0;2.0;1.0;2.0;A01
72291;201300047524;0;7;0;0.0;2.0;4.0;23.0;B01
72292;201300047525;0;7;0;0.0;2.0;4.0;2.0;B01
72293;201300047525;0;7;0;0.0;2.0;9.0;2.0;D01
72294;201300047525;0;7;0;0.0;2.0;4.0;2.0;C01
72295;201300047525;0;7;0;0.0;2.0;4.0;2.0;E01
72296;201300047525;0;10;0;0.0;2.0;2.0;1.0;A01
72297;201300047526;0;10;0;0.0;2.0;1.0;2.0;C01
72298;201300047526;0;10;0;0.0;2.0;4.0;2.0;B01
72299;201300047526;0;7;0;0.0;2.0;4.0;1.0;A01
72300;201300047527;0;99;0;0.0;2.0;6.0;3.0;A01
72301;201300047527;0;7;0;0.0;2.0;2.0;1.0;B01
72302;201300047528;0;33;0;0.0;2.0;1.0;1.0;B01
72303;201300047528;0;7;0;0.0;2.0;6.0;11.0;A01
72304;201300047529;0;7;0;6.0;0.0;1.0;1.0;A01
72305;201300047530;0;7;0;4.0;0.0;2.0;1.0;A01
72306;201300047531;0;7;0;13.0;0.0;2.0;1.0;A01
72307;201300047532;0;7;0;0.0;2.0;6.0;1.0;B01
72308;201300047532;0;7;0;0.0;2.0;2.0;12.0;A01
72309;201300047533;0;7;0;0.0;0.0;1.0;1.0;A01
72310;201300047534;0;7;0;0.0;2.0;1.0;1.0;B01
72311;201300047534;0;7;0;0.0;2.0;1.0;11.0;A01
72312;201300047535;0;7;0;0.0;2.0;1.0;1.0;A01
72313;201300047535;0;7;0;0.0;2.0;8.0;1.0;B01
72314;201300047536;0;7;0;0.0;0.0;9.0;1.0;A01
72315;201300047537;0;7;0;0.0;2.0;4.0;2.0;C01
72316;201300047537;0;7;0;0.0;2.0;4.0;2.0;B01
72317;201300047537;0;7;0;0.0;2.0;1.0;1.0;A01
72318;201300047538;0;15;0;0.0;2.0;2.0;1.0;B01
72319;201300047538;0;7;0;0.0;2.0;9.0;1.0;C01
72320;201300047538;0;7;0;0.0;2.0;8.0;11.0;A01
72321;201300047539;0;7;0;16.0;0.0;0.0;1.0;A01
72322;201300047541;0;31;0;0.0;2.0;1.0;3.0;B01
72323;201300047541;0;7;0;0.0;2.0;4.0;1.0;A01
72324;201300047543;0;7;0;0.0;2.0;4.0;1.0;B01
72325;201300047543;0;7;0;0.0;2.0;1.0;1.0;A01
72326;201300047544;0;7;0;0.0;2.0;4.0;2.0;B01
72327;201300047544;0;7;0;0.0;2.0;4.0;2.0;C01
72328;201300047544;0;7;0;0.0;2.0;1.0;1.0;A01
72329;201300047544;0;7;0;0.0;2.0;4.0;2.0;D01
72330;201300047544;0;7;0;0.0;2.0;1.0;1.0;E01
72331;201300047545;0;33;0;0.0;0.0;1.0;3.0;A01
72332;201300047546;0;33;0;0.0;2.0;7.0;3.0;A01
72333;201300047546;0;7;0;0.0;2.0;3.0;1.0;B01
72334;201300047547;0;7;0;0.0;2.0;7.0;12.0;B01
72335;201300047547;0;33;0;0.0;2.0;8.0;3.0;A01
72336;201300047548;0;15;0;0.0;2.0;7.0;12.0;B01
72337;201300047548;0;33;0;0.0;2.0;3.0;3.0;A01
72338;201300047549;0;7;0;0.0;2.0;7.0;12.0;B01
72339;201300047549;0;33;0;0.0;2.0;8.0;1.0;A01
72340;201300047550;0;7;0;0.0;2.0;5.0;2.0;B01
72341;201300047550;0;31;0;0.0;2.0;8.0;3.0;A01
72342;201300047551;0;33;0;0.0;2.0;8.0;3.0;A01
72343;201300047551;0;7;0;0.0;2.0;7.0;1.0;B01
72344;201300047552;0;15;0;0.0;2.0;7.0;1.0;B01
72345;201300047552;0;31;0;0.0;2.0;4.0;9.0;A01
72346;201300047554;0;34;0;0.0;2.0;1.0;3.0;A01
72347;201300047554;0;7;0;0.0;2.0;3.0;1.0;B01
72348;201300047555;0;7;0;9.0;0.0;1.0;1.0;A01
72349;201300047556;0;31;0;0.0;0.0;8.0;21.0;A01
72350;201300047556;0;17;0;0.0;0.0;0.0;21.0;B01
72351;201300047557;0;14;0;0.0;2.0;5.0;12.0;A01
72352;201300047557;0;33;0;0.0;2.0;1.0;3.0;B01
72353;201300047558;0;7;0;0.0;2.0;1.0;1.0;A01
72354;201300047558;0;7;0;0.0;2.0;4.0;2.0;B01
72355;201300047559;0;7;0;0.0;2.0;8.0;11.0;A01
72356;201300047559;0;33;0;0.0;2.0;7.0;17.0;B01
72357;201300047560;0;7;0;0.0;2.0;4.0;1.0;A01
72358;201300047560;0;7;0;0.0;2.0;4.0;2.0;B01
72359;201300047560;0;7;0;0.0;2.0;1.0;2.0;C01
72360;201300047561;0;7;0;9.0;0.0;1.0;1.0;A01
72361;201300047562;0;7;0;0.0;2.0;8.0;11.0;B01
72362;201300047562;0;33;0;0.0;0.0;7.0;1.0;A01
72363;201300047562;0;7;0;0.0;0.0;4.0;1.0;C01
72364;201300047563;0;33;0;0.0;2.0;8.0;18.0;A01
72365;201300047563;0;7;0;0.0;2.0;1.0;9.0;B01
72366;201300047564;0;7;0;0.0;0.0;9.0;1.0;A01
72367;201300047565;0;33;0;0.0;2.0;1.0;3.0;A01
72368;201300047565;0;14;0;0.0;2.0;6.0;1.0;B01
72369;201300047565;0;7;0;0.0;2.0;4.0;1.0;C01
72370;201300047567;0;7;0;0.0;0.0;7.0;1.0;A01
72371;201300047567;0;10;0;0.0;2.0;8.0;1.0;C01
72372;201300047567;0;7;0;0.0;2.0;8.0;1.0;B01
72373;201300047567;0;33;0;0.0;2.0;7.0;3.0;D01
72374;201300047568;0;34;0;0.0;2.0;8.0;3.0;A01
72375;201300047568;0;10;0;0.0;2.0;5.0;1.0;B01
72376;201300047569;0;33;0;0.0;0.0;8.0;3.0;A01
72377;201300047570;0;33;0;0.0;2.0;7.0;3.0;B01
72378;201300047570;0;13;0;0.0;2.0;8.0;13.0;A01
72379;201300047571;0;34;0;0.0;0.0;7.0;1.0;A01
72380;201300047572;0;7;0;0.0;2.0;4.0;1.0;A01
72381;201300047572;0;7;0;0.0;2.0;1.0;2.0;B01
72382;201300047573;0;33;0;0.0;2.0;1.0;3.0;A01
72383;201300047573;0;7;0;0.0;2.0;8.0;11.0;B01
72384;201300047574;0;7;0;0.0;2.0;4.0;2.0;B01
72385;201300047574;0;7;0;0.0;2.0;4.0;2.0;C01
72386;201300047574;0;7;0;0.0;2.0;1.0;9.0;A01
72387;201300047575;0;10;0;0.0;5.0;1.0;21.0;A01
72388;201300047576;0;33;0;0.0;2.0;3.0;3.0;A01
72389;201300047576;0;7;0;0.0;2.0;4.0;1.0;B01
72390;201300047577;0;33;0;0.0;2.0;1.0;3.0;A01
72391;201300047577;0;7;0;0.0;2.0;6.0;11.0;B01
72392;201300047578;0;10;0;0.0;2.0;4.0;2.0;B01
72393;201300047578;0;7;0;0.0;2.0;1.0;2.0;C01
72394;201300047578;0;7;0;0.0;2.0;4.0;1.0;A01
72395;201300047579;0;7;0;0.0;2.0;4.0;2.0;A01
72396;201300047579;0;7;0;0.0;2.0;4.0;2.0;B01
72397;201300047579;0;7;0;0.0;2.0;1.0;2.0;C01
72398;201300047581;0;7;0;3.0;0.0;7.0;1.0;A01
72399;201300047583;0;34;0;0.0;0.0;7.0;3.0;A01
72400;201300047584;0;14;0;0.0;2.0;7.0;12.0;A01
72401;201300047584;0;7;0;0.0;2.0;8.0;1.0;B01
72402;201300047586;0;34;0;0.0;2.0;8.0;3.0;A01
72403;201300047586;0;7;0;0.0;2.0;7.0;12.0;B01
72404;201300047587;0;33;0;0.0;0.0;8.0;3.0;A01
72405;201300047588;0;32;0;0.0;2.0;7.0;1.0;A01
72406;201300047589;0;33;0;4.0;2.0;1.0;2.0;A01
72407;201300047589;0;7;0;4.0;2.0;4.0;1.0;B01
72408;201300047590;0;7;0;0.0;2.0;4.0;2.0;B01
72409;201300047590;0;14;0;0.0;2.0;1.0;1.0;A01
72410;201300047591;0;7;0;0.0;2.0;4.0;1.0;A01
72411;201300047591;2;7;0;0.0;2.0;1.0;2.0;C01
72412;201300047591;0;7;0;0.0;2.0;4.0;1.0;B01
72413;201300047592;0;7;0;0.0;2.0;8.0;11.0;B01
72414;201300047592;0;33;0;0.0;2.0;8.0;3.0;A01
72415;201300047593;0;7;0;0.0;2.0;8.0;1.0;A01
72416;201300047593;0;33;0;0.0;2.0;8.0;9.0;E01
72417;201300047593;0;15;0;0.0;2.0;4.0;1.0;B01
72418;201300047593;0;10;0;0.0;2.0;1.0;2.0;D01
72419;201300047593;0;15;0;0.0;2.0;1.0;2.0;C01
72420;201300047594;0;33;0;3.0;0.0;1.0;17.0;A01
72421;201300047595;0;33;0;0.0;2.0;7.0;3.0;A01
72422;201300047595;0;7;0;0.0;2.0;6.0;11.0;B01
72423;201300047596;0;7;0;0.0;2.0;8.0;11.0;B01
72424;201300047596;0;32;0;0.0;2.0;7.0;3.0;A01
72425;201300047597;0;7;0;0.0;2.0;1.0;1.0;A01
72426;201300047597;0;10;0;0.0;2.0;9.0;2.0;B01
72427;201300047597;0;7;0;0.0;2.0;4.0;2.0;C01
72428;201300047599;0;7;0;0.0;2.0;7.0;12.0;A01
72429;201300047599;0;33;0;0.0;2.0;8.0;3.0;B01
72430;201300047600;0;34;0;0.0;2.0;1.0;3.0;A01
72431;201300047600;0;7;0;0.0;0.0;6.0;1.0;B01
72432;201300047601;0;7;0;0.0;0.0;1.0;0.0;A01
72433;201300047602;0;7;0;0.0;2.0;9.0;12.0;A01
72434;201300047602;0;33;0;0.0;2.0;9.0;3.0;B01
72435;201300047603;0;7;0;0.0;2.0;1.0;2.0;A01
72436;201300047603;0;7;0;0.0;2.0;4.0;1.0;B01
72437;201300047604;0;10;0;0.0;2.0;1.0;1.0;A01
72438;201300047604;0;7;0;0.0;2.0;8.0;13.0;B01
72439;201300047605;0;7;0;4.0;0.0;0.0;1.0;A01
72440;201300047606;0;33;0;0.0;2.0;8.0;3.0;B01
72441;201300047606;0;10;0;0.0;2.0;5.0;12.0;A01
72442;201300047607;0;7;0;3.0;0.0;1.0;9.0;A01
72443;201300047608;0;33;0;0.0;2.0;8.0;3.0;A01
72444;201300047608;0;10;0;0.0;2.0;7.0;12.0;B01
72445;201300047608;0;7;0;0.0;2.0;1.0;1.0;C01
72446;201300047609;0;10;0;0.0;2.0;4.0;2.0;B01
72447;201300047609;0;7;0;0.0;2.0;1.0;1.0;A01
72448;201300047611;0;32;0;0.0;2.0;8.0;1.0;B01
72449;201300047611;0;13;0;0.0;2.0;5.0;1.0;A01
72450;201300047612;0;7;0;0.0;2.0;7.0;12.0;C01
72451;201300047612;0;33;0;0.0;2.0;1.0;3.0;B01
72452;201300047612;0;7;0;0.0;2.0;4.0;1.0;A01
72453;201300047613;0;7;0;0.0;2.0;8.0;11.0;A01
72454;201300047613;0;34;0;0.0;2.0;1.0;1.0;B01
72455;201300047614;0;7;0;0.0;2.0;1.0;17.0;A01
72456;201300047614;0;7;0;0.0;2.0;4.0;2.0;B01
72457;201300047615;0;33;0;0.0;2.0;1.0;1.0;A01
72458;201300047615;0;7;0;0.0;2.0;5.0;12.0;B01
72459;201300047616;0;7;0;0.0;2.0;0.0;1.0;A01
72460;201300047617;0;33;0;0.0;2.0;1.0;1.0;A01
72461;201300047617;0;7;0;0.0;2.0;7.0;12.0;B01
72462;201300047618;0;7;0;0.0;0.0;1.0;1.0;A01
72463;201300047619;0;15;0;0.0;2.0;1.0;2.0;B01
72464;201300047619;0;15;0;0.0;2.0;4.0;1.0;A01
72465;201300047619;0;14;0;0.0;2.0;1.0;2.0;C01
72466;201300047620;0;7;0;0.0;2.0;1.0;1.0;A01
72467;201300047620;0;15;0;0.0;2.0;4.0;2.0;B01
72468;201300047621;0;7;0;0.0;2.0;4.0;1.0;A01
72469;201300047621;0;10;0;0.0;2.0;1.0;2.0;B01
72470;201300047622;0;7;0;0.0;2.0;2.0;12.0;B01
72471;201300047622;0;7;0;0.0;2.0;4.0;1.0;A01
72472;201300047622;0;33;0;0.0;2.0;8.0;1.0;C01
72473;201300047623;0;10;0;0.0;2.0;1.0;6.0;A01
72474;201300047623;0;7;0;0.0;2.0;1.0;1.0;B01
72475;201300047623;0;7;0;0.0;2.0;1.0;1.0;C01
72476;201300047625;0;33;0;0.0;0.0;8.0;1.0;A01
72477;201300047628;0;33;0;4.0;0.0;1.0;11.0;A01
72478;201300047629;0;10;0;0.0;2.0;1.0;1.0;A01
72479;201300047629;0;7;0;0.0;2.0;9.0;2.0;C01
72480;201300047629;0;7;0;0.0;2.0;0.0;2.0;B01
72481;201300047629;0;7;0;0.0;2.0;6.0;2.0;E01
72482;201300047629;0;7;0;0.0;2.0;3.0;2.0;F02
72483;201300047629;0;33;0;0.0;2.0;9.0;2.0;D01
72484;201300047630;0;33;0;0.0;2.0;8.0;3.0;C01
72485;201300047630;0;7;0;0.0;2.0;9.0;12.0;A01
72486;201300047630;0;7;0;0.0;2.0;8.0;1.0;B01
72487;201300047631;0;10;0;0.0;2.0;2.0;1.0;A01
72488;201300047631;0;7;0;0.0;2.0;3.0;11.0;B01
72489;201300047632;0;7;0;0.0;0.0;0.0;0.0;A01
72490;201300047632;0;7;0;0.0;2.0;1.0;0.0;B01
72491;201300047633;0;33;0;0.0;2.0;0.0;1.0;B01
72492;201300047633;0;7;0;0.0;2.0;1.0;0.0;A01
72493;201300047634;0;7;0;0.0;2.0;7.0;14.0;A01
72494;201300047634;0;7;0;0.0;2.0;8.0;21.0;B01
72495;201300047635;0;33;0;0.0;2.0;1.0;1.0;B01
72496;201300047635;0;7;0;0.0;2.0;4.0;1.0;A01
72497;201300047636;0;7;0;0.0;2.0;4.0;2.0;B01
72498;201300047636;0;7;0;0.0;2.0;4.0;1.0;A01
72499;201300047636;0;7;0;0.0;2.0;1.0;2.0;C01
72500;201300047637;0;14;0;0.0;2.0;4.0;2.0;C01
72501;201300047637;0;7;0;0.0;2.0;1.0;1.0;A01
72502;201300047637;0;7;0;0.0;9.0;1.0;2.0;D01
72503;201300047637;0;15;0;0.0;2.0;4.0;2.0;B01
72504;201300047638;0;7;0;0.0;2.0;1.0;14.0;B01
72505;201300047638;0;33;0;0.0;2.0;8.0;1.0;C01
72506;201300047638;0;7;0;0.0;2.0;4.0;1.0;A01
72507;201300047639;0;7;0;0.0;2.0;2.0;1.0;A01
72508;201300047639;0;15;0;0.0;2.0;6.0;12.0;B01
72509;201300047640;0;7;0;0.0;2.0;0.0;1.0;B01
72510;201300047640;0;15;0;0.0;2.0;0.0;0.0;A01
72511;201300047641;0;7;0;4.0;0.0;8.0;13.0;A01
72512;201300047642;0;7;0;4.0;0.0;3.0;1.0;A01
72513;201300047644;0;7;0;0.0;2.0;1.0;2.0;C01
72514;201300047644;0;7;0;0.0;2.0;4.0;1.0;A01
72515;201300047644;0;7;0;0.0;2.0;4.0;2.0;B01
72516;201300047645;0;7;0;0.0;0.0;0.0;1.0;A01
72517;201300047646;0;1;0;0.0;2.0;8.0;19.0;B01
72518;201300047646;0;7;0;0.0;2.0;1.0;1.0;A01
72519;201300047647;0;7;0;3.0;0.0;8.0;1.0;A01
72520;201300047648;0;10;0;0.0;0.0;9.0;0.0;A01
72521;201300047649;0;7;0;0.0;2.0;8.0;11.0;A01
72522;201300047649;0;33;0;0.0;2.0;1.0;3.0;B01
72523;201300047650;0;33;0;0.0;2.0;8.0;0.0;A01
72524;201300047650;0;7;0;0.0;2.0;8.0;0.0;B01
72525;201300047651;0;33;0;0.0;2.0;8.0;3.0;A01
72526;201300047651;0;7;0;0.0;2.0;7.0;12.0;B01
72527;201300047652;0;7;0;0.0;2.0;0.0;0.0;A01
72528;201300047652;0;33;0;0.0;2.0;0.0;1.0;B01
72529;201300047653;0;10;0;0.0;2.0;9.0;2.0;C01
72530;201300047653;0;7;0;0.0;2.0;1.0;2.0;D01
72531;201300047653;0;7;0;0.0;2.0;9.0;2.0;B01
72532;201300047653;0;7;0;0.0;2.0;4.0;1.0;A01
72533;201300047654;0;7;0;0.0;0.0;0.0;0.0;A01
72534;201300047655;0;7;0;4.0;0.0;1.0;1.0;A01
72535;201300047656;0;7;0;0.0;2.0;4.0;1.0;A01
72536;201300047656;0;7;0;0.0;2.0;1.0;2.0;B01
72537;201300047658;0;34;0;0.0;0.0;8.0;1.0;A01
72538;201300047660;0;7;0;0.0;2.0;4.0;2.0;C01
72539;201300047660;0;7;0;0.0;2.0;4.0;2.0;B01
72540;201300047660;0;7;0;0.0;2.0;1.0;1.0;A01
72541;201300047663;0;7;0;13.0;0.0;1.0;14.0;A01
72542;201300047664;0;7;0;0.0;2.0;8.0;1.0;B01
72543;201300047664;0;31;0;0.0;2.0;7.0;17.0;A01
72544;201300047665;0;7;0;0.0;2.0;1.0;1.0;A01
72545;201300047665;0;7;0;0.0;2.0;4.0;1.0;C01
72546;201300047665;0;7;0;0.0;2.0;1.0;1.0;B01
72547;201300047666;0;7;0;0.0;2.0;4.0;1.0;B01
72548;201300047666;0;7;0;0.0;2.0;1.0;2.0;A01
72549;201300047667;0;7;0;0.0;2.0;7.0;12.0;B01
72550;201300047667;0;34;0;0.0;2.0;8.0;3.0;A01
72551;201300047669;0;7;0;0.0;2.0;7.0;1.0;A01
72552;201300047669;0;7;0;0.0;2.0;8.0;11.0;B01
72553;201300047670;0;7;0;0.0;2.0;4.0;1.0;B01
72554;201300047670;0;15;0;0.0;2.0;1.0;2.0;A01
72555;201300047671;0;7;0;0.0;2.0;8.0;18.0;A01
72556;201300047671;0;7;0;0.0;2.0;7.0;12.0;B01
72557;201300047674;0;7;0;0.0;2.0;4.0;1.0;A01
72558;201300047674;0;33;0;0.0;2.0;1.0;2.0;B01
72559;201300047675;0;7;0;0.0;2.0;4.0;1.0;B01
72560;201300047675;0;33;0;0.0;2.0;7.0;12.0;A01
72561;201300047675;2;7;0;0.0;2.0;3.0;11.0;Z01
72562;201300047677;0;7;0;0.0;0.0;9.0;0.0;A01
72563;201300047678;0;7;0;0.0;2.0;6.0;1.0;A01
72564;201300047678;0;7;0;0.0;2.0;8.0;11.0;B01
72565;201300047679;0;10;0;4.0;0.0;8.0;13.0;A01
72566;201300047680;0;7;0;4.0;0.0;1.0;1.0;A01
72567;201300047681;0;7;0;0.0;2.0;4.0;1.0;B01
72568;201300047681;0;7;0;0.0;2.0;7.0;12.0;A01
72569;201300047682;0;7;0;0.0;0.0;9.0;0.0;A01
72570;201300047684;0;7;0;4.0;0.0;1.0;1.0;A01
72571;201300047685;0;7;0;0.0;0.0;1.0;0.0;A01
72572;201300047686;0;7;0;0.0;0.0;4.0;0.0;A01
72573;201300047687;0;7;0;0.0;2.0;4.0;1.0;B01
72574;201300047687;0;33;0;0.0;2.0;1.0;2.0;A01
72575;201300047689;0;15;0;0.0;2.0;2.0;0.0;A01
72576;201300047689;0;7;0;0.0;2.0;8.0;0.0;B01
72577;201300047690;0;10;0;0.0;2.0;4.0;1.0;B01
72578;201300047690;0;7;0;0.0;2.0;1.0;2.0;C01
72579;201300047690;0;7;0;0.0;2.0;4.0;1.0;A01
72580;201300047691;0;7;0;0.0;2.0;4.0;1.0;A01
72581;201300047691;0;7;0;0.0;2.0;1.0;2.0;C01
72582;201300047691;0;7;0;0.0;2.0;4.0;1.0;B01
72583;201300047692;0;15;0;0.0;2.0;4.0;1.0;A01
72584;201300047692;0;15;0;0.0;2.0;1.0;2.0;B01
72585;201300047693;0;7;0;0.0;0.0;4.0;0.0;A01
72586;201300047694;0;10;0;0.0;2.0;4.0;1.0;B01
72587;201300047694;0;7;0;0.0;2.0;1.0;2.0;A01
72588;201300047695;0;10;0;0.0;2.0;1.0;2.0;B01
72589;201300047695;0;7;0;0.0;2.0;4.0;1.0;A01
72590;201300047696;0;14;0;0.0;2.0;3.0;1.0;B01
72591;201300047696;0;7;0;0.0;2.0;3.0;13.0;A01
72592;201300047698;0;33;0;0.0;2.0;3.0;1.0;B01
72593;201300047698;0;7;0;0.0;2.0;5.0;2.0;A01
72594;201300047700;0;10;0;0.0;2.0;5.0;2.0;B01
72595;201300047700;0;10;0;0.0;2.0;3.0;11.0;A01
72596;201300047701;0;31;0;0.0;0.0;7.0;14.0;A01
72597;201300047702;1;10;0;0.0;2.0;1.0;14.0;Z01
72598;201300047702;0;10;0;0.0;2.0;4.0;1.0;B01
72599;201300047703;0;10;0;0.0;2.0;4.0;2.0;B01
72600;201300047703;0;14;0;0.0;2.0;2.0;1.0;A01
72601;201300047704;0;10;0;0.0;2.0;1.0;11.0;B01
72602;201300047704;0;31;0;0.0;2.0;1.0;3.0;A01
72603;201300047705;0;10;0;0.0;2.0;4.0;2.0;B01
72604;201300047705;0;10;0;0.0;2.0;1.0;1.0;A01
72605;201300047706;0;10;0;0.0;2.0;1.0;21.0;B01
72606;201300047706;0;10;0;0.0;2.0;4.0;23.0;A01
72607;201300047706;0;10;0;0.0;2.0;1.0;21.0;C01
72608;201300047707;0;10;0;0.0;2.0;6.0;11.0;B01
72609;201300047707;0;31;0;0.0;2.0;1.0;3.0;A01
72610;201300047708;0;10;0;0.0;2.0;1.0;12.0;A01
72611;201300047708;0;32;0;0.0;2.0;4.0;2.0;B01
72612;201300047709;0;10;0;0.0;2.0;4.0;1.0;A01
72613;201300047709;0;10;0;0.0;2.0;1.0;2.0;B01
72614;201300047710;0;31;0;0.0;0.0;7.0;1.0;A01
72615;201300047711;0;10;0;0.0;2.0;1.0;2.0;C01
72616;201300047711;0;10;0;0.0;2.0;4.0;1.0;A01
72617;201300047711;0;10;0;0.0;2.0;4.0;2.0;B01
72618;201300047712;0;31;0;0.0;0.0;0.0;0.0;A01
72619;201300047713;0;10;0;0.0;2.0;1.0;13.0;A01
72620;201300047713;0;10;0;0.0;2.0;6.0;2.0;B01
72621;201300047714;0;10;0;0.0;2.0;5.0;2.0;B01
72622;201300047714;0;31;0;0.0;2.0;1.0;2.0;A01
72623;201300047715;0;10;0;0.0;2.0;1.0;13.0;A01
72624;201300047715;0;10;0;0.0;2.0;8.0;2.0;B01
72625;201300047716;0;7;0;0.0;2.0;1.0;5.0;A01
72626;201300047716;0;7;0;0.0;2.0;1.0;1.0;B01
72627;201300047717;0;31;0;0.0;0.0;8.0;3.0;A01
72628;201300047718;0;7;0;0.0;0.0;9.0;0.0;A01
72629;201300047719;0;7;0;0.0;2.0;7.0;1.0;A01
72630;201300047719;0;31;0;0.0;2.0;8.0;18.0;B01
72631;201300047720;0;31;0;0.0;2.0;2.0;3.0;A01
72632;201300047720;0;7;0;0.0;2.0;4.0;12.0;B01
72633;201300047721;0;10;0;0.0;2.0;7.0;3.0;A01
72634;201300047721;0;31;0;0.0;2.0;3.0;2.0;B01
72635;201300047722;0;7;0;4.0;0.0;3.0;1.0;A01
72636;201300047724;0;7;0;0.0;2.0;3.0;13.0;A01
72637;201300047724;0;7;0;0.0;2.0;2.0;1.0;B01
72638;201300047725;0;7;0;4.0;0.0;9.0;0.0;A01
72639;201300047726;0;7;0;1.0;0.0;0.0;0.0;C01
72640;201300047726;0;10;0;0.0;2.0;0.0;24.0;B01
72641;201300047726;0;7;0;16.0;0.0;0.0;0.0;A01
72642;201300047727;0;7;0;0.0;2.0;5.0;1.0;A01
72643;201300047727;0;7;0;0.0;2.0;3.0;1.0;B01
72644;201300047727;2;33;0;0.0;2.0;3.0;3.0;Z01
72645;201300047728;0;7;0;6.0;0.0;1.0;0.0;A01
72646;201300047729;0;31;0;0.0;2.0;7.0;3.0;A01
72647;201300047729;0;7;0;0.0;2.0;8.0;11.0;B01
72648;201300047730;0;31;0;0.0;2.0;8.0;3.0;A01
72649;201300047730;0;7;0;0.0;2.0;2.0;12.0;B01
72650;201300047731;0;7;0;0.0;2.0;1.0;11.0;A01
72651;201300047731;0;7;0;0.0;2.0;6.0;1.0;B01
72652;201300047732;0;31;0;0.0;2.0;7.0;3.0;A01
72653;201300047732;0;7;0;0.0;2.0;5.0;12.0;B01
72654;201300047733;0;7;0;0.0;2.0;0.0;1.0;B01
72655;201300047733;0;7;0;0.0;2.0;0.0;1.0;A01
72656;201300047734;0;31;0;0.0;0.0;8.0;1.0;A01
72657;201300047735;0;7;0;0.0;2.0;4.0;13.0;A01
72658;201300047735;0;31;0;0.0;2.0;1.0;2.0;B01
72659;201300047736;0;7;0;0.0;2.0;7.0;12.0;A01
72660;201300047736;0;31;0;0.0;2.0;8.0;1.0;B01
72661;201300047737;0;7;0;0.0;2.0;2.0;12.0;B01