;Num_Acc;senc;catv;occutc;obs;obsm;choc;manv;num_veh
73929;201300048512;0;7;0;0.0;2.0;6.0;15.0;B01
73930;201300048512;0;33;0;0.0;2.0;1.0;2.0;A01
73931;201300048513;0;7;0;0.0;1.0;1.0;15.0;A01
73932;201300048515;0;7;0;0.0;2.0;2.0;1.0;B01
73933;201300048515;0;7;0;0.0;2.0;2.0;15.0;A01
73934;201300048518;0;7;0;0.0;2.0;2.0;1.0;B01
73935;201300048518;0;7;0;0.0;2.0;3.0;15.0;A01
73936;201300048519;0;7;0;0.0;1.0;7.0;1.0;A01
73937;201300048520;0;7;0;0.0;2.0;8.0;15.0;B01
73938;201300048520;0;33;0;0.0;2.0;1.0;3.0;A01
73939;201300048521;0;33;0;0.0;2.0;1.0;1.0;B01
73940;201300048521;0;7;0;0.0;2.0;3.0;2.0;A01
73941;201300048522;0;7;0;0.0;1.0;1.0;15.0;A01
73942;201300048523;0;7;0;8.0;0.0;9.0;0.0;A01
73943;201300048523;0;7;0;0.0;0.0;4.0;0.0;B01
73944;201300048524;0;7;0;0.0;1.0;4.0;4.0;A01
73945;201300048525;0;7;0;0.0;1.0;2.0;2.0;A01
73946;201300048526;0;7;0;0.0;2.0;3.0;1.0;A01
73947;201300048526;0;1;0;0.0;2.0;1.0;15.0;B01
73948;201300048527;0;7;0;0.0;1.0;7.0;1.0;A01
73949;201300048528;0;7;0;0.0;2.0;1.0;1.0;A01
73950;201300048528;0;30;0;0.0;2.0;0.0;1.0;B01
73951;201300048529;0;30;0;0.0;2.0;2.0;19.0;A01
73952;201300048529;0;7;0;0.0;2.0;2.0;1.0;B01
73953;201300048530;0;2;0;0.0;2.0;7.0;1.0;A01
73954;201300048531;0;7;0;0.0;1.0;1.0;15.0;A01
73955;201300048532;0;7;0;0.0;1.0;3.0;15.0;A01
73956;201300048535;0;7;0;0.0;2.0;1.0;1.0;A01
73957;201300048535;0;7;0;8.0;2.0;3.0;1.0;B01
73958;201300048536;0;7;0;0.0;2.0;7.0;1.0;A01
73959;201300048536;0;7;0;0.0;2.0;1.0;1.0;B01
73960;201300048537;0;2;0;0.0;2.0;3.0;1.0;B01
73961;201300048537;0;7;0;0.0;2.0;1.0;1.0;A01
73962;201300048538;0;32;0;0.0;2.0;1.0;2.0;A01
73963;201300048538;0;7;0;0.0;2.0;6.0;2.0;B01
73964;201300048539;0;7;0;0.0;1.0;1.0;1.0;A01
73965;201300048540;1;7;0;0.0;1.0;0.0;0.0;Z01
73966;201300048541;0;7;0;0.0;1.0;2.0;15.0;A01
73967;201300048542;0;1;0;0.0;2.0;1.0;1.0;B01
73968;201300048542;0;7;0;0.0;2.0;4.0;1.0;A01
73969;201300048543;0;32;0;0.0;0.0;0.0;16.0;A01
73970;201300048544;0;7;0;0.0;1.0;3.0;1.0;A01
73971;201300048545;0;7;0;0.0;2.0;3.0;1.0;B01
73972;201300048545;0;7;0;0.0;2.0;3.0;1.0;A01
73973;201300048546;0;32;0;0.0;0.0;0.0;21.0;A01
73974;201300048547;0;32;0;0.0;2.0;2.0;17.0;B01
73975;201300048547;0;7;0;0.0;2.0;3.0;0.0;A01
73976;201300048548;0;1;0;0.0;2.0;0.0;1.0;B01
73977;201300048548;0;7;0;0.0;2.0;7.0;16.0;A01
73978;201300048550;0;33;0;0.0;1.0;3.0;2.0;A01
73979;201300048551;0;7;0;0.0;2.0;5.0;1.0;A01
73980;201300048551;0;1;0;0.0;2.0;1.0;2.0;B01
73981;201300048552;0;33;0;0.0;2.0;6.0;1.0;B01
73982;201300048552;0;1;0;0.0;2.0;6.0;11.0;A01
73983;201300048553;0;7;0;0.0;9.0;2.0;15.0;A01
73984;201300048553;0;1;0;0.0;2.0;0.0;1.0;B01
73985;201300048554;0;14;0;0.0;2.0;2.0;2.0;A01
73986;201300048554;0;7;0;0.0;0.0;4.0;2.0;B01
73987;201300048555;0;7;0;9.0;2.0;6.0;1.0;B01
73988;201300048555;0;10;0;0.0;2.0;2.0;1.0;A01
73989;201300048556;0;7;0;0.0;2.0;3.0;9.0;A01
73990;201300048556;0;30;0;0.0;2.0;1.0;1.0;B01
73991;201300048557;0;7;0;0.0;2.0;3.0;1.0;B01
73992;201300048557;0;2;0;0.0;2.0;8.0;13.0;A01
73993;201300048558;0;7;0;0.0;1.0;3.0;0.0;A01
73994;201300048560;0;7;0;0.0;1.0;1.0;1.0;A01
73995;201300048561;0;7;0;0.0;2.0;2.0;1.0;B01
73996;201300048561;0;7;0;0.0;2.0;2.0;15.0;A01
73997;201300048562;0;7;0;0.0;2.0;1.0;15.0;B01
73998;201300048562;0;1;0;0.0;2.0;1.0;1.0;A01
73999;201300048564;0;7;0;0.0;9.0;5.0;15.0;A01
74000;201300048564;0;30;0;0.0;2.0;1.0;2.0;B01
74001;201300048565;0;7;0;0.0;1.0;6.0;4.0;B01
74002;201300048566;0;32;0;0.0;2.0;1.0;1.0;B01
74003;201300048566;0;7;0;0.0;2.0;7.0;15.0;A01
74004;201300048567;0;7;0;0.0;1.0;0.0;15.0;A01
74005;201300048568;0;7;0;0.0;2.0;1.0;2.0;A01
74006;201300048568;0;7;0;0.0;2.0;4.0;2.0;B01
74007;201300048568;0;7;0;0.0;2.0;4.0;2.0;C01
74008;201300048569;0;33;0;0.0;2.0;8.0;2.0;B01
74009;201300048569;0;7;0;0.0;2.0;2.0;14.0;A01
74010;201300048570;0;7;0;0.0;0.0;1.0;0.0;A01
74011;201300048571;0;7;0;4.0;0.0;1.0;1.0;A01
74012;201300048572;0;7;0;0.0;0.0;4.0;2.0;D01
74013;201300048572;0;7;0;0.0;2.0;1.0;2.0;A02
74014;201300048572;0;7;0;0.0;0.0;4.0;2.0;C01
74015;201300048572;0;7;0;0.0;0.0;4.0;2.0;B02
74016;201300048572;0;7;0;0.0;0.0;4.0;2.0;F01
74017;201300048572;0;7;0;0.0;0.0;4.0;2.0;E01
74018;201300048572;0;33;0;0.0;2.0;1.0;2.0;G01
74019;201300048573;1;99;0;0.0;0.0;0.0;0.0;Z01
74020;201300048573;0;10;0;3.0;0.0;4.0;21.0;B01
74021;201300048573;0;17;0;0.0;2.0;1.0;1.0;A01
74022;201300048574;0;7;0;3.0;0.0;4.0;2.0;D01
74023;201300048574;0;13;0;0.0;2.0;1.0;2.0;F01
74024;201300048574;0;17;0;0.0;2.0;6.0;2.0;A01
74025;201300048574;0;17;0;0.0;0.0;4.0;2.0;B01
74026;201300048574;0;10;0;0.0;2.0;2.0;2.0;C02
74027;201300048574;0;14;0;0.0;2.0;1.0;2.0;E01
74028;201300048575;0;10;0;0.0;2.0;4.0;2.0;B01
74029;201300048575;0;7;0;0.0;0.0;4.0;2.0;C01
74030;201300048575;0;15;0;0.0;2.0;1.0;2.0;A01
74031;201300048576;0;7;0;0.0;0.0;3.0;11.0;A01
74032;201300048576;0;7;0;0.0;2.0;1.0;1.0;C01
74033;201300048576;0;7;0;0.0;2.0;2.0;1.0;B01
74034;201300048576;0;7;0;0.0;0.0;6.0;1.0;D01
74035;201300048577;0;33;0;0.0;0.0;0.0;0.0;B01
74036;201300048577;0;7;0;0.0;0.0;3.0;0.0;A01
74037;201300048578;0;7;0;4.0;0.0;1.0;1.0;A01
74038;201300048579;0;7;0;4.0;0.0;1.0;2.0;A01
74039;201300048580;1;99;0;0.0;0.0;;;Z01
74040;201300048580;0;7;0;0.0;0.0;7.0;1.0;A01
74041;201300048581;0;17;0;0.0;2.0;2.0;12.0;A01
74042;201300048581;0;7;0;0.0;2.0;8.0;1.0;B01
74043;201300048583;0;7;0;0.0;2.0;4.0;2.0;C01
74044;201300048583;0;7;0;0.0;2.0;1.0;2.0;B01
74045;201300048583;0;7;0;0.0;2.0;1.0;2.0;A01
74046;201300048583;0;7;0;0.0;0.0;4.0;2.0;D01
74047;201300048584;0;17;0;0.0;0.0;6.0;0.0;D01
74048;201300048584;0;7;0;0.0;2.0;4.0;0.0;B01
74049;201300048584;0;7;0;0.0;2.0;5.0;0.0;C01
74050;201300048584;0;10;0;0.0;2.0;1.0;1.0;A01
74051;201300048585;0;7;0;6.0;0.0;1.0;1.0;A01
74052;201300048586;0;7;0;0.0;2.0;4.0;11.0;B01
74053;201300048586;0;33;0;0.0;2.0;1.0;3.0;A01
74054;201300048587;0;7;0;0.0;2.0;2.0;0.0;C01
74055;201300048587;0;7;0;0.0;2.0;1.0;1.0;A01
74056;201300048587;0;7;0;0.0;2.0;4.0;0.0;B01
74057;201300048588;0;10;0;0.0;2.0;6.0;9.0;B01
74058;201300048588;0;7;0;0.0;2.0;2.0;9.0;A01
74059;201300048589;0;7;0;4.0;2.0;1.0;1.0;A01
74060;201300048589;0;14;0;0.0;2.0;2.0;1.0;B01
74061;201300048590;0;7;0;0.0;2.0;3.0;21.0;A01
74062;201300048590;0;7;0;0.0;0.0;8.0;0.0;B01
74063;201300048591;0;7;0;4.0;0.0;0.0;0.0;A01
74064;201300048592;0;7;0;3.0;0.0;2.0;0.0;A01
74065;201300048593;0;7;0;4.0;0.0;1.0;0.0;A01
74066;201300048596;0;7;0;0.0;0.0;4.0;1.0;B01
74067;201300048596;0;7;0;0.0;2.0;1.0;1.0;A01
74068;201300048597;0;7;0;4.0;2.0;1.0;1.0;A01
74069;201300048597;0;7;0;0.0;0.0;4.0;1.0;B01
74070;201300048598;0;15;0;0.0;2.0;2.0;12.0;A01
74071;201300048598;0;7;0;3.0;2.0;8.0;2.0;B01
74072;201300048599;0;32;0;0.0;2.0;1.0;5.0;A01
74073;201300048599;0;30;0;0.0;2.0;1.0;0.0;B01
74074;201300048600;0;7;0;4.0;0.0;1.0;0.0;A01
74075;201300048601;0;7;0;0.0;0.0;6.0;1.0;B01
74076;201300048601;0;16;0;0.0;2.0;2.0;12.0;A01
74077;201300048602;0;99;0;3.0;2.0;1.0;12.0;A01
74078;201300048602;0;99;0;0.0;2.0;8.0;1.0;B01
74079;201300048603;0;33;0;0.0;2.0;8.0;3.0;A01
74080;201300048603;0;7;0;0.0;2.0;7.0;12.0;B01
74081;201300048605;0;7;0;0.0;2.0;1.0;1.0;A01
74082;201300048605;0;7;0;0.0;0.0;4.0;1.0;B01
74083;201300048606;0;7;0;4.0;0.0;2.0;0.0;A01
74084;201300048606;0;7;0;0.0;0.0;8.0;0.0;B01
74085;201300048608;0;15;0;0.0;2.0;4.0;2.0;C01
74086;201300048608;0;7;0;0.0;2.0;4.0;2.0;B01
74087;201300048608;0;15;0;0.0;2.0;1.0;2.0;A01
74088;201300048609;0;17;0;0.0;2.0;1.0;14.0;B01
74089;201300048609;0;7;0;4.0;0.0;0.0;1.0;A01
74090;201300048610;0;10;0;0.0;2.0;3.0;1.0;B01
74091;201300048610;0;15;0;0.0;2.0;1.0;12.0;A01
74092;201300048611;0;7;0;0.0;2.0;1.0;1.0;B01
74093;201300048611;0;33;0;0.0;2.0;1.0;1.0;A01
74094;201300048612;0;7;0;0.0;0.0;4.0;1.0;B01
74095;201300048612;0;7;0;0.0;2.0;1.0;2.0;A01
74096;201300048613;0;7;0;0.0;0.0;6.0;1.0;B01
74097;201300048613;0;7;0;0.0;2.0;1.0;12.0;A01
74098;201300048614;0;7;0;4.0;0.0;3.0;0.0;A01
74099;201300048615;0;17;0;0.0;0.0;8.0;1.0;D01
74100;201300048615;0;7;0;0.0;2.0;1.0;1.0;A01
74101;201300048615;0;15;0;0.0;2.0;5.0;1.0;B01
74102;201300048615;0;31;0;0.0;0.0;8.0;1.0;C01
74103;201300048616;0;33;0;0.0;2.0;1.0;2.0;A01
74104;201300048616;0;7;0;0.0;0.0;4.0;2.0;B01
74105;201300048617;0;7;0;0.0;2.0;4.0;2.0;B01
74106;201300048617;0;7;0;0.0;2.0;1.0;2.0;A01
74107;201300048617;0;7;0;0.0;0.0;4.0;2.0;C01
74108;201300048618;0;17;0;0.0;0.0;3.0;0.0;B01
74109;201300048618;0;7;0;0.0;0.0;8.0;0.0;A01
74110;201300048619;0;7;0;0.0;0.0;4.0;1.0;B01
74111;201300048619;0;7;0;0.0;2.0;1.0;1.0;A01
74112;201300048620;0;14;0;9.0;0.0;1.0;2.0;A01
74113;201300048621;0;7;0;0.0;2.0;1.0;2.0;A01
74114;201300048621;0;10;0;3.0;2.0;4.0;2.0;B01
74115;201300048621;0;7;0;0.0;0.0;4.0;2.0;C01
74116;201300048622;0;10;0;0.0;2.0;6.0;1.0;B01
74117;201300048622;0;33;0;0.0;2.0;1.0;0.0;A01
74118;201300048622;0;7;0;0.0;2.0;5.0;1.0;C01
74119;201300048623;0;7;0;4.0;0.0;0.0;0.0;A01
74120;201300048624;0;7;0;0.0;2.0;4.0;2.0;B01
74121;201300048624;0;10;0;0.0;2.0;1.0;2.0;A01
74122;201300048624;0;7;0;14.0;0.0;4.0;2.0;C01
74123;201300048625;0;7;0;3.0;0.0;3.0;0.0;A01
74124;201300048626;0;7;0;0.0;2.0;4.0;0.0;A01
74125;201300048626;0;7;0;0.0;0.0;7.0;0.0;C01
74126;201300048626;0;14;0;0.0;2.0;6.0;0.0;B01
74127;201300048627;0;7;0;0.0;2.0;1.0;2.0;A01
74128;201300048627;0;10;0;0.0;2.0;4.0;2.0;B01
74129;201300048627;0;7;0;0.0;0.0;4.0;2.0;C01
74130;201300048628;0;33;0;0.0;0.0;7.0;0.0;A01
74131;201300048629;0;7;0;0.0;2.0;2.0;12.0;A01
74132;201300048629;0;7;0;0.0;2.0;3.0;23.0;C01
74133;201300048629;0;33;0;0.0;2.0;3.0;3.0;B01
74134;201300048630;0;7;0;5.0;0.0;1.0;21.0;A01
74135;201300048631;0;7;0;4.0;0.0;1.0;2.0;A01
74136;201300048633;0;7;0;10.0;0.0;2.0;0.0;A01
74137;201300048634;0;7;0;4.0;0.0;6.0;2.0;B01
74138;201300048634;0;16;0;0.0;2.0;2.0;12.0;A01
74139;201300048634;0;7;0;0.0;2.0;1.0;2.0;C01
74140;201300048635;0;10;0;0.0;2.0;4.0;2.0;B01
74141;201300048635;0;7;0;0.0;2.0;1.0;2.0;A01
74142;201300048635;0;7;0;0.0;0.0;4.0;2.0;C01
74143;201300048636;1;33;0;0.0;0.0;1.0;21.0;A01
74144;201300048637;0;7;0;14.0;0.0;1.0;0.0;A01
74145;201300048638;0;7;0;3.0;0.0;1.0;0.0;A01
74146;201300048638;0;7;0;0.0;0.0;0.0;21.0;B01
74147;201300048639;0;7;0;0.0;2.0;1.0;1.0;C01
74148;201300048639;0;10;0;0.0;2.0;1.0;1.0;A01
74149;201300048639;0;7;0;0.0;0.0;0.0;9.0;B01
74150;201300048640;1;7;0;0.0;2.0;1.0;9.0;Z01
74151;201300048640;0;7;0;4.0;0.0;7.0;1.0;B01
74152;201300048640;0;10;0;0.0;2.0;7.0;1.0;A01
74153;201300048641;0;17;0;0.0;0.0;2.0;2.0;B01
74154;201300048641;0;7;0;0.0;2.0;1.0;9.0;A01
74155;201300048642;0;7;0;3.0;0.0;1.0;0.0;A01
74156;201300048643;1;7;0;0.0;2.0;1.0;1.0;Z01
74157;201300048643;0;7;0;0.0;0.0;4.0;1.0;A01
74158;201300048644;0;7;0;0.0;0.0;8.0;2.0;B01
74159;201300048644;0;7;0;3.0;2.0;7.0;12.0;A01
74160;201300048645;0;33;0;0.0;2.0;3.0;2.0;A01
74161;201300048645;0;7;0;0.0;0.0;5.0;2.0;B01
74162;201300048646;0;7;0;0.0;2.0;8.0;11.0;A01
74163;201300048646;0;7;0;0.0;0.0;4.0;0.0;C01
74164;201300048646;0;7;0;0.0;2.0;2.0;1.0;B01
74165;201300048647;0;33;0;0.0;0.0;8.0;21.0;A01
74166;201300048648;0;7;0;0.0;0.0;7.0;9.0;A01
74167;201300048648;0;7;0;0.0;2.0;2.0;1.0;B01
74168;201300048649;0;7;0;0.0;0.0;4.0;2.0;B01
74169;201300048649;0;7;0;0.0;2.0;1.0;2.0;A01
74170;201300048649;1;99;0;0.0;0.0;0.0;0.0;Z01
74171;201300048650;0;7;0;0.0;0.0;4.0;0.0;A01
74172;201300048651;0;7;0;0.0;2.0;1.0;2.0;A01
74173;201300048651;0;7;0;0.0;0.0;4.0;2.0;B01
74174;201300048652;0;33;0;12.0;0.0;1.0;2.0;A01
74175;201300048653;1;7;0;0.0;0.0;;;Z01
74176;201300048653;0;33;0;0.0;0.0;9.0;2.0;A01
74177;201300048654;0;7;0;0.0;2.0;1.0;2.0;B01
74178;201300048654;0;7;0;0.0;0.0;1.0;2.0;C01
74179;201300048654;0;7;0;0.0;0.0;4.0;2.0;A01
74180;201300048654;0;7;0;0.0;0.0;1.0;2.0;D01
74181;201300048655;0;7;0;0.0;2.0;1.0;2.0;A01
74182;201300048655;0;7;0;0.0;2.0;4.0;2.0;C01
74183;201300048655;0;7;0;0.0;2.0;4.0;2.0;B01
74184;201300048656;0;13;0;3.0;0.0;0.0;0.0;A01
74185;201300048657;0;7;0;0.0;2.0;7.0;9.0;A01
74186;201300048657;0;10;0;0.0;2.0;7.0;1.0;B01
74187;201300048658;0;10;0;0.0;0.0;8.0;2.0;C01
74188;201300048658;0;7;0;0.0;0.0;2.0;2.0;B01
74189;201300048658;0;10;0;0.0;2.0;3.0;11.0;A01
74190;201300048659;0;17;0;4.0;0.0;1.0;1.0;A01
74191;201300048660;0;15;0;0.0;0.0;4.0;2.0;C01
74192;201300048660;0;15;0;0.0;2.0;1.0;2.0;A01
74193;201300048660;0;10;0;0.0;2.0;4.0;2.0;B01
74194;201300048661;0;7;0;0.0;0.0;1.0;2.0;A01
74195;201300048661;0;7;0;0.0;0.0;4.0;2.0;B01
74196;201300048662;0;7;0;0.0;0.0;6.0;2.0;B01
74197;201300048662;0;17;0;0.0;2.0;2.0;12.0;A01
74198;201300048663;0;33;0;0.0;0.0;8.0;2.0;A01
74199;201300048665;0;10;0;0.0;2.0;1.0;2.0;A01
74200;201300048665;0;7;0;0.0;0.0;4.0;2.0;B01
74201;201300048666;0;7;0;0.0;0.0;5.0;2.0;B01
74202;201300048666;0;33;0;14.0;2.0;1.0;2.0;A01
74203;201300048667;0;32;0;0.0;2.0;8.0;18.0;B01
74204;201300048667;0;10;0;0.0;2.0;7.0;16.0;A01
74205;201300048668;0;10;0;0.0;0.0;2.0;2.0;B01
74206;201300048668;0;33;0;14.0;2.0;7.0;0.0;A01
74207;201300048668;0;7;0;0.0;0.0;8.0;0.0;C01
74208;201300048668;0;7;0;0.0;0.0;5.0;0.0;D01
74209;201300048669;0;33;0;0.0;0.0;8.0;21.0;A01
74210;201300048671;0;32;0;0.0;0.0;7.0;2.0;A01
74211;201300048673;0;7;0;0.0;2.0;9.0;2.0;B01
74212;201300048673;0;7;0;0.0;2.0;1.0;2.0;A01
74213;201300048673;0;7;0;0.0;2.0;4.0;2.0;C01
74214;201300048674;0;37;1;0.0;2.0;6.0;2.0;A01
74215;201300048674;0;7;0;0.0;2.0;7.0;0.0;B01
74216;201300048675;0;2;0;3.0;0.0;9.0;2.0;A01
74217;201300048676;0;14;0;0.0;0.0;0.0;2.0;A01
74218;201300048678;0;14;0;0.0;2.0;7.0;2.0;B01
74219;201300048678;0;7;0;0.0;2.0;3.0;9.0;A01
74220;201300048679;0;7;0;0.0;0.0;4.0;2.0;B01
74221;201300048679;0;10;0;0.0;2.0;1.0;2.0;A01
74222;201300048680;0;7;0;0.0;0.0;6.0;11.0;B01
74223;201300048680;0;33;0;0.0;2.0;2.0;3.0;A01
74224;201300048681;0;7;0;4.0;2.0;6.0;1.0;B01
74225;201300048681;0;17;0;0.0;2.0;2.0;2.0;A01
74226;201300048682;0;7;0;0.0;0.0;8.0;2.0;B01
74227;201300048682;0;15;0;0.0;2.0;2.0;12.0;A01
74228;201300048683;0;7;0;0.0;0.0;4.0;4.0;D01
74229;201300048683;0;10;0;0.0;2.0;1.0;2.0;A01
74230;201300048683;0;7;0;0.0;0.0;4.0;2.0;C01
74231;201300048683;0;7;0;0.0;2.0;6.0;2.0;B01
74232;201300048685;0;7;0;0.0;0.0;4.0;2.0;B01
74233;201300048685;0;7;0;0.0;0.0;4.0;2.0;C01
74234;201300048685;0;7;0;0.0;0.0;1.0;2.0;A01
74235;201300048686;0;7;0;0.0;0.0;4.0;2.0;B01
74236;201300048686;0;14;0;0.0;2.0;1.0;2.0;A01
74237;201300048687;0;7;0;0.0;0.0;4.0;2.0;B01
74238;201300048687;0;7;0;0.0;2.0;1.0;2.0;A01
74239;201300048688;0;7;0;0.0;2.0;3.0;11.0;A01
74240;201300048688;0;10;0;0.0;0.0;2.0;0.0;B01
74241;201300048689;0;7;0;4.0;0.0;9.0;0.0;A01
74242;201300048689;1;15;0;0.0;0.0;;;Z01
74243;201300048690;0;7;0;3.0;0.0;1.0;2.0;A01
74244;201300048691;0;7;0;0.0;0.0;1.0;2.0;B01
74245;201300048691;0;7;0;0.0;2.0;1.0;2.0;A01
74246;201300048691;0;7;0;0.0;0.0;4.0;2.0;C01
74247;201300048692;0;10;0;0.0;2.0;4.0;2.0;C01
74248;201300048692;0;7;0;0.0;0.0;1.0;2.0;A01
74249;201300048692;0;10;0;0.0;0.0;4.0;2.0;B01
74250;201300048693;0;7;0;0.0;0.0;6.0;2.0;B01
74251;201300048693;0;7;0;0.0;2.0;3.0;2.0;A01
74252;201300048693;0;7;0;0.0;0.0;5.0;2.0;C01
74253;201300048694;0;7;0;5.0;0.0;1.0;0.0;A01
74254;201300048696;0;7;0;0.0;2.0;7.0;0.0;B01
74255;201300048696;0;33;0;0.0;2.0;8.0;0.0;A01
74256;201300048697;0;7;0;0.0;2.0;4.0;2.0;B01
74257;201300048697;0;7;0;0.0;2.0;4.0;2.0;D01
74258;201300048697;0;7;0;0.0;2.0;4.0;2.0;C01
74259;201300048697;0;7;0;0.0;2.0;1.0;2.0;A01
74260;201300048698;0;33;0;0.0;2.0;1.0;2.0;A01
74261;201300048698;0;7;0;0.0;0.0;4.0;2.0;B01
74262;201300048699;0;14;0;0.0;1.0;2.0;1.0;A01
74263;201300048700;0;7;0;0.0;2.0;1.0;2.0;A01
74264;201300048700;0;7;0;0.0;0.0;4.0;2.0;B01
74265;201300048701;0;7;0;0.0;0.0;4.0;2.0;B01
74266;201300048701;0;7;0;0.0;2.0;1.0;2.0;A01
74267;201300048702;0;7;0;0.0;0.0;5.0;2.0;A01
74268;201300048702;0;7;0;0.0;0.0;1.0;2.0;C01
74269;201300048702;0;7;0;0.0;0.0;4.0;2.0;B01
74270;201300048703;0;7;0;0.0;0.0;4.0;0.0;B01
74271;201300048703;0;7;0;0.0;2.0;1.0;0.0;A01
74272;201300048705;0;7;0;1.0;0.0;1.0;0.0;A01
74273;201300048705;0;15;0;0.0;0.0;4.0;0.0;B01
74274;201300048706;0;7;0;5.0;0.0;6.0;0.0;A01
74275;201300048707;0;7;0;4.0;0.0;1.0;0.0;A01
74276;201300048708;0;7;0;0.0;0.0;4.0;2.0;B01
74277;201300048708;0;7;0;0.0;2.0;1.0;2.0;A01
74278;201300048709;0;33;0;0.0;0.0;0.0;0.0;A01
74279;201300048709;0;7;0;0.0;0.0;0.0;0.0;B01
74280;201300048712;0;7;0;0.0;0.0;1.0;0.0;A01
74281;201300048713;0;7;0;0.0;0.0;1.0;0.0;B01
74282;201300048713;0;7;0;0.0;9.0;3.0;0.0;A01
74283;201300048714;0;7;0;4.0;0.0;1.0;1.0;A01
74284;201300048715;0;7;0;0.0;2.0;1.0;0.0;B01
74285;201300048715;0;7;0;0.0;2.0;1.0;0.0;A01
74286;201300048716;0;7;0;0.0;2.0;1.0;0.0;B01
74287;201300048716;0;7;0;1.0;0.0;1.0;0.0;A01
74288;201300048716;0;7;0;0.0;0.0;4.0;0.0;C01
74289;201300048717;0;7;0;3.0;0.0;3.0;0.0;A01
74290;201300048718;0;33;0;0.0;2.0;1.0;3.0;B01
74291;201300048718;0;7;0;0.0;2.0;2.0;14.0;A01
74292;201300048719;0;7;0;0.0;0.0;6.0;2.0;B01
74293;201300048719;0;33;0;0.0;2.0;0.0;2.0;A01
74294;201300048720;0;7;0;0.0;0.0;2.0;2.0;B01
74295;201300048720;0;33;0;0.0;2.0;1.0;2.0;A01
74296;201300048721;0;7;0;0.0;2.0;5.0;0.0;A01
74297;201300048721;0;33;0;0.0;2.0;8.0;0.0;B01
74298;201300048722;0;7;0;0.0;2.0;1.0;2.0;A01
74299;201300048722;0;7;0;0.0;0.0;4.0;2.0;B01
74300;201300048723;0;33;0;0.0;0.0;0.0;0.0;B01
74301;201300048723;0;7;0;14.0;0.0;1.0;0.0;A01
74302;201300048724;0;7;0;0.0;0.0;0.0;0.0;A01
74303;201300048724;0;33;0;0.0;0.0;7.0;0.0;B01
74304;201300048726;0;32;0;0.0;0.0;0.0;0.0;A01
74305;201300048727;0;7;0;0.0;2.0;5.0;2.0;B01
74306;201300048727;0;7;0;0.0;0.0;0.0;2.0;C01
74307;201300048727;0;7;0;0.0;0.0;4.0;2.0;D01
74308;201300048727;0;7;0;0.0;2.0;1.0;2.0;A01
74309;201300048728;0;31;0;0.0;0.0;0.0;1.0;A01
74310;201300048729;0;32;0;0.0;0.0;8.0;1.0;A01
74311;201300048730;0;7;0;0.0;2.0;2.0;2.0;A01
74312;201300048730;0;33;0;0.0;0.0;4.0;2.0;B01
74313;201300048732;0;7;0;0.0;0.0;8.0;0.0;B01
74314;201300048732;0;17;0;0.0;2.0;7.0;9.0;A01
74315;201300048733;0;7;0;2.0;0.0;9.0;2.0;A01
74316;201300048734;0;7;0;0.0;0.0;4.0;0.0;B01
74317;201300048734;0;7;0;0.0;2.0;1.0;0.0;A01
74318;201300048735;0;10;0;0.0;0.0;8.0;0.0;B01
74319;201300048735;0;7;0;0.0;0.0;6.0;0.0;A01
74320;201300048735;0;15;0;0.0;0.0;8.0;0.0;C01
74321;201300048735;0;7;0;0.0;2.0;3.0;0.0;D01
74322;201300048736;1;99;0;0.0;0.0;0.0;0.0;Z01
74323;201300048736;0;7;0;0.0;2.0;3.0;0.0;A01
74324;201300048737;0;7;0;0.0;2.0;8.0;12.0;A01
74325;201300048737;0;7;0;0.0;2.0;1.0;1.0;C01
74326;201300048737;0;15;0;0.0;2.0;2.0;1.0;B01
74327;201300048738;0;31;0;0.0;2.0;1.0;1.0;A01
74328;201300048738;0;7;0;0.0;0.0;4.0;23.0;B01
74329;201300048739;0;33;0;3.0;0.0;1.0;2.0;A01
74330;201300048739;0;33;0;0.0;1.0;1.0;2.0;B01
74331;201300048740;0;7;0;16.0;0.0;2.0;21.0;A01
74332;201300048741;0;14;0;0.0;0.0;0.0;0.0;D01
74333;201300048741;0;7;0;0.0;2.0;5.0;0.0;B01
74334;201300048741;0;7;0;0.0;0.0;3.0;0.0;A01
74335;201300048741;0;7;0;0.0;0.0;6.0;0.0;C01
74336;201300048742;0;7;0;4.0;0.0;7.0;9.0;A01
74337;201300048743;0;10;0;4.0;0.0;1.0;0.0;A01
74338;201300048744;0;7;0;0.0;0.0;1.0;0.0;A01
74339;201300048744;0;7;0;0.0;0.0;4.0;0.0;C01
74340;201300048744;0;7;0;0.0;0.0;1.0;0.0;B01
74341;201300048745;0;16;0;0.0;2.0;1.0;0.0;A01
74342;201300048745;0;7;0;0.0;0.0;4.0;2.0;C01
74343;201300048745;0;10;0;0.0;0.0;4.0;0.0;B01
74344;201300048746;0;15;0;0.0;2.0;1.0;0.0;A01
74345;201300048746;0;7;0;0.0;0.0;8.0;0.0;B01
74346;201300048747;0;7;0;0.0;2.0;1.0;0.0;A01
74347;201300048747;0;7;0;0.0;2.0;4.0;0.0;B01
74348;201300048748;0;10;0;0.0;2.0;1.0;0.0;A01
74349;201300048748;0;7;0;0.0;2.0;1.0;0.0;B01
74350;201300048748;0;7;0;0.0;2.0;1.0;1.0;C01