;Num_Acc;senc;catv;occutc;obs;obsm;choc;manv;num_veh
74351;201300048749;0;7;0;3.0;2.0;1.0;2.0;B01
74352;201300048749;0;10;0;0.0;2.0;1.0;0.0;A01
74353;201300048750;0;7;0;3.0;0.0;2.0;0.0;A01
74354;201300048751;0;34;0;0.0;0.0;7.0;2.0;A01
74355;201300048752;0;7;0;0.0;2.0;7.0;0.0;A01
74356;201300048752;0;33;0;0.0;0.0;1.0;0.0;B01
74357;201300048753;0;33;0;3.0;0.0;9.0;0.0;A01
74358;201300048754;0;7;0;0.0;0.0;4.0;2.0;B01
74359;201300048754;0;7;0;0.0;2.0;1.0;0.0;A01
74360;201300048755;0;7;0;0.0;2.0;4.0;0.0;B01
74361;201300048755;0;7;0;0.0;2.0;1.0;0.0;A01
74362;201300048756;0;7;0;4.0;0.0;1.0;0.0;A01
74363;201300048757;0;7;0;0.0;0.0;4.0;0.0;B01
74364;201300048757;0;7;0;0.0;0.0;4.0;0.0;A01
74365;201300048757;0;7;0;0.0;0.0;1.0;0.0;C01
74366;201300048758;0;33;0;0.0;0.0;7.0;1.0;A01
74367;201300048759;0;7;0;4.0;0.0;8.0;9.0;A01
74368;201300048759;0;7;0;0.0;2.0;1.0;2.0;B01
74369;201300048760;0;7;0;0.0;0.0;1.0;0.0;A01
74370;201300048761;0;7;0;0.0;0.0;0.0;2.0;D01
74371;201300048761;0;7;0;0.0;0.0;7.0;0.0;B01
74372;201300048761;0;7;0;0.0;0.0;1.0;0.0;A01
74373;201300048761;0;7;0;0.0;0.0;4.0;0.0;C01
74374;201300048762;0;7;0;0.0;0.0;4.0;0.0;C01
74375;201300048762;0;7;0;0.0;2.0;1.0;0.0;A01
74376;201300048762;0;10;0;0.0;2.0;1.0;0.0;B01
74377;201300048763;0;7;0;0.0;2.0;1.0;0.0;A01
74378;201300048763;0;7;0;0.0;0.0;4.0;0.0;D01
74379;201300048763;0;7;0;0.0;2.0;1.0;0.0;B01
74380;201300048763;0;7;0;0.0;2.0;1.0;0.0;C01
74381;201300048764;0;7;0;0.0;0.0;4.0;2.0;C01
74382;201300048764;0;10;0;0.0;2.0;1.0;0.0;A01
74383;201300048764;0;7;0;0.0;0.0;4.0;0.0;B01
74384;201300048765;0;17;0;0.0;2.0;1.0;0.0;A01
74385;201300048765;0;7;0;0.0;0.0;4.0;0.0;B01
74386;201300048765;0;7;0;0.0;2.0;4.0;0.0;D01
74387;201300048765;0;7;0;0.0;2.0;6.0;0.0;C01
74388;201300048766;0;15;0;0.0;2.0;1.0;0.0;A01
74389;201300048766;0;7;0;0.0;2.0;4.0;0.0;B01
74390;201300048767;0;33;0;9.0;0.0;8.0;2.0;A01
74391;201300048768;0;7;0;0.0;2.0;6.0;0.0;A01
74392;201300048768;0;33;0;0.0;0.0;5.0;1.0;B01
74393;201300048769;0;7;0;0.0;9.0;1.0;0.0;A01
74394;201300048769;1;17;0;0.0;2.0;2.0;12.0;Z01
74395;201300048769;0;7;0;0.0;2.0;1.0;0.0;B01
74396;201300048770;0;7;0;0.0;2.0;1.0;0.0;A01
74397;201300048770;0;7;0;0.0;2.0;4.0;0.0;C01
74398;201300048770;0;7;0;0.0;2.0;1.0;0.0;B01
74399;201300048771;0;7;0;0.0;2.0;1.0;0.0;A01
74400;201300048771;0;7;0;0.0;0.0;4.0;0.0;C01
74401;201300048771;0;7;0;0.0;0.0;4.0;0.0;B01
74402;201300048772;0;7;0;0.0;2.0;1.0;0.0;A01
74403;201300048772;0;15;0;0.0;2.0;2.0;0.0;B01
74404;201300048772;0;10;0;0.0;2.0;1.0;0.0;C01
74405;201300048773;0;7;0;0.0;2.0;4.0;0.0;B01
74406;201300048773;0;7;0;0.0;2.0;1.0;0.0;A01
74407;201300048773;0;7;0;0.0;0.0;4.0;0.0;C01
74408;201300048774;0;7;0;0.0;0.0;1.0;0.0;A01
74409;201300048774;0;10;0;0.0;0.0;6.0;0.0;B01
74410;201300048775;0;7;0;0.0;0.0;4.0;1.0;B01
74411;201300048775;0;10;0;0.0;2.0;1.0;1.0;A01
74412;201300048777;0;7;0;0.0;0.0;8.0;0.0;B01
74413;201300048777;0;7;0;0.0;2.0;1.0;0.0;A01
74414;201300048778;0;7;0;0.0;0.0;4.0;0.0;C01
74415;201300048778;0;7;0;0.0;0.0;4.0;0.0;B01
74416;201300048778;0;10;0;0.0;2.0;3.0;0.0;A01
74417;201300048779;0;7;0;0.0;2.0;1.0;0.0;A01
74418;201300048779;0;17;0;0.0;2.0;1.0;0.0;B01
74419;201300048780;0;33;0;0.0;2.0;1.0;0.0;A01
74420;201300048780;0;17;0;0.0;0.0;6.0;0.0;C01
74421;201300048780;0;10;0;0.0;0.0;5.0;0.0;B01
74422;201300048781;0;7;0;0.0;2.0;1.0;0.0;B01
74423;201300048781;0;10;0;0.0;2.0;1.0;0.0;A01
74424;201300048781;0;7;0;0.0;0.0;4.0;0.0;C01
74425;201300048782;1;10;0;0.0;0.0;0.0;1.0;A01
74426;201300048782;0;7;0;0.0;0.0;1.0;0.0;B01
74427;201300048783;0;15;0;0.0;2.0;1.0;0.0;A01
74428;201300048783;0;7;0;0.0;2.0;4.0;0.0;C01
74429;201300048783;0;10;0;0.0;2.0;1.0;0.0;B01
74430;201300048784;0;7;0;0.0;0.0;4.0;0.0;B01
74431;201300048784;0;33;0;0.0;2.0;1.0;0.0;A01
74432;201300048786;0;15;0;0.0;0.0;4.0;2.0;B01
74433;201300048786;0;17;0;0.0;2.0;1.0;2.0;A01
74434;201300048787;0;33;0;0.0;2.0;1.0;2.0;A01
74435;201300048787;0;7;0;0.0;0.0;4.0;1.0;B01
74436;201300048788;0;33;0;0.0;0.0;8.0;1.0;A01
74437;201300048789;0;7;0;0.0;0.0;0.0;12.0;A01
74438;201300048789;0;7;0;4.0;0.0;2.0;2.0;B01
74439;201300048789;0;7;0;0.0;2.0;1.0;2.0;C01
74440;201300048790;0;7;0;0.0;2.0;4.0;2.0;B01
74441;201300048790;0;7;0;0.0;2.0;4.0;0.0;C01
74442;201300048790;0;7;0;0.0;0.0;4.0;0.0;D01
74443;201300048790;0;7;0;0.0;2.0;1.0;0.0;A01
74444;201300048791;0;10;0;0.0;0.0;0.0;0.0;A01
74445;201300048791;0;33;0;0.0;0.0;1.0;0.0;B01
74446;201300048792;0;7;0;4.0;0.0;3.0;2.0;A01
74447;201300048795;0;31;0;0.0;0.0;7.0;0.0;A01
74448;201300048796;0;10;0;0.0;0.0;2.0;0.0;A01
74449;201300048796;0;7;0;3.0;2.0;8.0;0.0;C01
74450;201300048796;0;7;0;3.0;0.0;5.0;0.0;B01
74451;201300048797;0;7;0;4.0;0.0;1.0;0.0;A01
74452;201300048798;0;7;0;0.0;0.0;3.0;1.0;B01
74453;201300048798;0;7;0;0.0;2.0;2.0;12.0;A01
74454;201300048799;0;7;0;0.0;0.0;4.0;0.0;B01
74455;201300048799;0;7;0;0.0;2.0;1.0;0.0;A01
74456;201300048799;0;7;0;0.0;0.0;4.0;0.0;C01
74457;201300048800;0;33;0;0.0;2.0;1.0;0.0;A01
74458;201300048800;0;7;0;0.0;0.0;3.0;0.0;B01
74459;201300048801;0;17;0;0.0;0.0;4.0;1.0;B01
74460;201300048801;0;17;0;0.0;2.0;1.0;1.0;A01
74461;201300048802;0;7;0;3.0;0.0;1.0;2.0;A01
74462;201300048803;0;34;0;0.0;0.0;7.0;15.0;A01
74463;201300048805;0;7;0;14.0;0.0;1.0;14.0;A01
74464;201300048806;0;7;0;0.0;2.0;0.0;1.0;B01
74465;201300048806;0;7;0;0.0;2.0;1.0;1.0;A01
74466;201300048807;0;7;0;0.0;1.0;8.0;1.0;A01
74467;201300048808;0;7;0;1.0;0.0;3.0;13.0;A01
74468;201300048809;0;7;0;0.0;2.0;3.0;1.0;C01
74469;201300048809;0;1;0;0.0;2.0;1.0;2.0;A01
74470;201300048809;0;7;0;0.0;2.0;6.0;2.0;B01
74471;201300048810;0;33;0;0.0;2.0;1.0;1.0;B01
74472;201300048810;0;7;0;0.0;2.0;3.0;19.0;A01
74473;201300048811;0;33;0;15.0;0.0;1.0;13.0;A01
74474;201300048812;0;7;0;0.0;1.0;1.0;15.0;A01
74475;201300048813;0;7;0;0.0;2.0;8.0;20.0;B01
74476;201300048813;0;2;0;0.0;2.0;2.0;17.0;A01
74477;201300048814;0;7;0;0.0;1.0;6.0;4.0;A01
74478;201300048815;0;2;0;0.0;0.0;3.0;1.0;A01
74479;201300048816;0;7;0;0.0;1.0;2.0;0.0;A01
74480;201300048817;0;7;0;0.0;2.0;1.0;15.0;A01
74481;201300048817;0;32;0;0.0;2.0;5.0;1.0;B01
74482;201300048818;0;1;0;9.0;0.0;1.0;14.0;A01
74483;201300048818;0;1;0;9.0;0.0;1.0;13.0;B01
74484;201300048820;0;7;0;0.0;1.0;2.0;17.0;A01
74485;201300048821;0;7;0;0.0;2.0;3.0;24.0;B01
74486;201300048821;0;7;0;1.0;0.0;2.0;1.0;A01
74487;201300048822;0;2;0;1.0;0.0;1.0;1.0;A01
74488;201300048823;0;7;0;0.0;0.0;4.0;2.0;B01
74489;201300048823;0;7;0;0.0;2.0;1.0;2.0;A01
74490;201300048825;0;1;0;0.0;9.0;1.0;5.0;B01
74491;201300048825;0;1;0;0.0;9.0;1.0;1.0;A01
74492;201300048826;0;7;0;14.0;2.0;4.0;2.0;B01
74493;201300048826;0;7;0;14.0;2.0;1.0;2.0;A01
74494;201300048826;0;7;0;0.0;0.0;4.0;2.0;C01
74495;201300048827;0;1;0;0.0;2.0;1.0;15.0;B01
74496;201300048827;0;1;0;12.0;2.0;1.0;15.0;A01
74497;201300048828;0;32;0;0.0;2.0;2.0;1.0;B01
74498;201300048828;0;7;0;0.0;2.0;2.0;15.0;A01
74499;201300048829;0;7;0;0.0;0.0;1.0;1.0;B01
74500;201300048829;0;7;0;0.0;0.0;5.0;15.0;A01
74501;201300048830;0;7;0;11.0;0.0;8.0;15.0;B01
74502;201300048830;0;30;0;11.0;0.0;7.0;17.0;A01
74503;201300048833;0;7;0;0.0;2.0;3.0;10.0;A01
74504;201300048833;0;7;0;0.0;2.0;1.0;1.0;B01
74505;201300048834;0;37;6;0.0;1.0;2.0;1.0;A01
74506;201300048835;0;7;0;0.0;1.0;1.0;1.0;A01
74507;201300048836;0;7;0;0.0;2.0;2.0;15.0;A01
74508;201300048836;0;2;0;0.0;2.0;1.0;1.0;B01
74509;201300048837;0;7;0;0.0;2.0;7.0;0.0;B01
74510;201300048837;0;30;0;0.0;2.0;8.0;13.0;A01
74511;201300048838;0;7;0;0.0;2.0;8.0;15.0;B01
74512;201300048838;0;2;0;0.0;2.0;1.0;17.0;A01
74513;201300048839;0;7;0;0.0;1.0;1.0;1.0;A01
74514;201300048841;0;7;0;11.0;0.0;1.0;1.0;A01
74515;201300048842;0;10;0;0.0;1.0;4.0;4.0;A01
74516;201300048843;0;10;0;0.0;1.0;1.0;1.0;A01
74517;201300048844;1;7;0;0.0;1.0;1.0;1.0;Z01
74518;201300048845;1;7;0;0.0;1.0;2.0;1.0;Z01
74519;201300048846;0;7;0;0.0;1.0;1.0;15.0;A01
74520;201300048848;0;30;0;8.0;0.0;1.0;1.0;A01
74521;201300048849;0;10;0;0.0;2.0;3.0;2.0;B01
74522;201300048849;0;7;0;0.0;0.0;5.0;2.0;A01
74523;201300048850;0;7;0;0.0;0.0;8.0;21.0;B01
74524;201300048850;0;7;0;0.0;2.0;1.0;1.0;C01
74525;201300048850;0;7;0;0.0;0.0;0.0;12.0;A01
74526;201300048851;0;7;0;3.0;2.0;6.0;1.0;B01
74527;201300048851;0;7;0;3.0;2.0;2.0;11.0;A01
74528;201300048852;0;7;0;3.0;0.0;3.0;1.0;A01
74529;201300048853;0;17;0;0.0;0.0;6.0;1.0;A01
74530;201300048853;0;7;0;0.0;2.0;2.0;1.0;B01
74531;201300048855;0;7;0;0.0;0.0;4.0;2.0;A01
74532;201300048855;0;7;0;0.0;2.0;4.0;2.0;B01
74533;201300048855;0;7;0;0.0;2.0;1.0;2.0;C01
74534;201300048856;0;99;0;4.0;2.0;2.0;13.0;B01
74535;201300048856;0;7;0;0.0;2.0;8.0;1.0;A01
74536;201300048857;0;7;0;0.0;0.0;0.0;11.0;A01
74537;201300048857;0;7;0;0.0;0.0;6.0;21.0;B01
74538;201300048857;0;33;0;4.0;2.0;7.0;2.0;C01
74539;201300048859;0;7;0;2.0;0.0;1.0;1.0;A01
74540;201300048860;0;33;0;0.0;2.0;7.0;12.0;A01
74541;201300048860;0;7;0;0.0;0.0;8.0;1.0;B01
74542;201300048861;0;7;0;6.0;0.0;3.0;13.0;A01
74543;201300048862;0;32;0;0.0;0.0;8.0;1.0;A01
74544;201300048863;0;7;0;0.0;2.0;2.0;2.0;B01
74545;201300048863;0;33;0;0.0;2.0;4.0;2.0;A01
74546;201300048864;0;7;0;0.0;0.0;4.0;1.0;A01
74547;201300048864;0;10;0;0.0;2.0;1.0;2.0;B01
74548;201300048865;0;17;0;0.0;2.0;7.0;12.0;A01
74549;201300048865;0;7;0;0.0;0.0;8.0;1.0;B01
74550;201300048866;0;33;0;14.0;0.0;5.0;12.0;A01
74551;201300048867;0;7;0;4.0;0.0;5.0;1.0;A01
74552;201300048867;0;7;0;4.0;2.0;3.0;13.0;B01
74553;201300048868;0;7;0;4.0;0.0;6.0;1.0;A01
74554;201300048868;0;17;0;0.0;2.0;2.0;12.0;B01
74555;201300048869;0;15;0;0.0;2.0;2.0;12.0;B01
74556;201300048869;0;7;0;0.0;2.0;6.0;1.0;A01
74557;201300048870;0;7;0;0.0;0.0;4.0;1.0;A01
74558;201300048870;0;7;0;1.0;2.0;2.0;11.0;B01
74559;201300048871;0;7;0;3.0;0.0;1.0;1.0;A01
74560;201300048872;0;7;0;3.0;2.0;2.0;2.0;A01
74561;201300048872;0;7;0;0.0;2.0;4.0;2.0;B01
74562;201300048873;0;7;0;5.0;2.0;2.0;1.0;B01
74563;201300048873;0;7;0;0.0;2.0;3.0;11.0;A01
74564;201300048874;0;10;0;3.0;2.0;3.0;11.0;A01
74565;201300048874;0;10;0;13.0;2.0;8.0;1.0;B01
74566;201300048876;0;7;0;3.0;2.0;8.0;3.0;A01
74567;201300048876;0;7;0;3.0;2.0;8.0;1.0;B01
74568;201300048877;0;7;0;0.0;2.0;3.0;1.0;B01
74569;201300048877;0;17;0;0.0;2.0;7.0;12.0;A01
74570;201300048878;0;7;0;2.0;0.0;1.0;14.0;A01
74571;201300048879;0;7;0;0.0;2.0;8.0;2.0;D01
74572;201300048879;0;7;0;0.0;2.0;1.0;2.0;A01
74573;201300048879;0;7;0;3.0;2.0;4.0;2.0;B01
74574;201300048879;0;7;0;0.0;2.0;2.0;2.0;C01
74575;201300048880;0;7;0;0.0;0.0;4.0;2.0;B01
74576;201300048880;0;7;0;0.0;2.0;1.0;2.0;A01
74577;201300048881;0;7;0;0.0;2.0;4.0;12.0;B01
74578;201300048881;0;7;0;3.0;2.0;1.0;12.0;A01
74579;201300048882;0;99;0;0.0;2.0;4.0;2.0;B01
74580;201300048882;0;7;0;0.0;2.0;4.0;2.0;E01
74581;201300048882;0;7;0;14.0;0.0;4.0;2.0;F02
74582;201300048882;0;7;0;0.0;2.0;6.0;2.0;G02
74583;201300048882;0;7;0;0.0;2.0;4.0;2.0;D01
74584;201300048882;0;7;0;0.0;2.0;4.0;2.0;C01
74585;201300048882;0;7;0;0.0;2.0;1.0;2.0;A01
74586;201300048883;0;7;0;0.0;2.0;4.0;2.0;A01
74587;201300048884;0;7;0;3.0;2.0;3.0;2.0;B01
74588;201300048884;0;7;0;3.0;2.0;5.0;17.0;A01
74589;201300048885;0;14;0;0.0;2.0;2.0;12.0;A01
74590;201300048885;0;7;0;0.0;0.0;8.0;1.0;B01
74591;201300048886;0;15;0;0.0;2.0;3.0;2.0;A01
74592;201300048886;0;15;0;0.0;0.0;5.0;1.0;B01
74593;201300048888;1;14;0;1.0;1.0;2.0;1.0;A01
74594;201300048888;0;7;0;0.0;0.0;8.0;24.0;B01
74595;201300048889;0;7;0;8.0;0.0;3.0;2.0;A01
74596;201300048890;0;7;0;0.0;0.0;4.0;2.0;B01
74597;201300048890;0;7;0;0.0;2.0;1.0;2.0;A01
74598;201300048891;0;7;0;3.0;0.0;1.0;21.0;A01
74599;201300048894;0;7;0;0.0;0.0;9.0;2.0;B01
74600;201300048894;0;7;0;13.0;0.0;9.0;0.0;A01
74601;201300048895;0;7;0;13.0;0.0;1.0;1.0;A01
74602;201300048896;0;7;0;7.0;0.0;9.0;17.0;A01
74603;201300048897;0;15;0;0.0;2.0;2.0;12.0;A01
74604;201300048897;0;7;0;4.0;2.0;8.0;1.0;B01
74605;201300048898;0;7;0;4.0;9.0;9.0;21.0;B01
74606;201300048898;0;15;0;0.0;0.0;0.0;1.0;A01
74607;201300048899;0;7;0;4.0;0.0;1.0;21.0;A01
74608;201300048900;0;33;0;1.0;2.0;1.0;2.0;A01
74609;201300048900;0;7;0;1.0;0.0;4.0;2.0;B01
74610;201300048901;0;33;0;4.0;0.0;7.0;14.0;A01
74611;201300048902;0;7;0;0.0;0.0;4.0;2.0;B01
74612;201300048902;0;17;0;0.0;2.0;1.0;2.0;A01
74613;201300048903;0;10;0;0.0;2.0;4.0;2.0;C01
74614;201300048903;0;14;0;0.0;2.0;1.0;2.0;A01
74615;201300048903;0;10;0;0.0;2.0;4.0;2.0;E01
74616;201300048903;0;10;0;0.0;2.0;4.0;2.0;B01
74617;201300048903;0;10;0;0.0;2.0;4.0;2.0;D01
74618;201300048904;0;33;0;0.0;0.0;7.0;1.0;A01
74619;201300048905;0;7;0;0.0;2.0;1.0;1.0;B01
74620;201300048905;0;7;0;0.0;2.0;2.0;11.0;A01
74621;201300048906;0;7;0;0.0;2.0;5.0;13.0;A01
74622;201300048906;0;7;0;0.0;2.0;1.0;1.0;B01
74623;201300048907;0;7;0;0.0;0.0;7.0;5.0;A01
74624;201300048907;0;7;0;0.0;2.0;1.0;1.0;B01
74625;201300048908;0;7;0;4.0;0.0;9.0;1.0;A01
74626;201300048909;0;7;0;3.0;0.0;3.0;1.0;A01
74627;201300048910;0;7;0;0.0;2.0;2.0;1.0;B01
74628;201300048910;0;7;0;0.0;2.0;2.0;0.0;A01
74629;201300048911;0;7;0;4.0;0.0;3.0;0.0;A01
74630;201300048912;1;15;0;0.0;1.0;0.0;0.0;A01
74631;201300048913;0;10;0;0.0;2.0;1.0;1.0;A01
74632;201300048913;0;7;0;0.0;0.0;4.0;1.0;B01
74633;201300048914;0;7;0;7.0;0.0;1.0;1.0;A01
74634;201300048915;0;7;0;0.0;1.0;1.0;0.0;B01
74635;201300048915;1;13;0;0.0;1.0;4.0;4.0;Z01
74636;201300048916;0;7;0;0.0;2.0;4.0;2.0;B01
74637;201300048916;0;7;0;0.0;2.0;1.0;2.0;A01
74638;201300048917;0;14;0;0.0;2.0;4.0;4.0;A01
74639;201300048917;0;37;15;0.0;2.0;3.0;23.0;B01
74640;201300048918;0;1;0;0.0;2.0;1.0;1.0;B01
74641;201300048918;0;14;0;0.0;2.0;6.0;1.0;A01
74642;201300048919;0;33;0;0.0;2.0;1.0;1.0;B01
74643;201300048919;1;7;0;0.0;2.0;1.0;5.0;Z01
74644;201300048920;0;7;0;0.0;2.0;3.0;10.0;A01
74645;201300048920;0;33;0;0.0;2.0;1.0;1.0;B01
74646;201300048922;0;7;0;0.0;2.0;3.0;1.0;A01
74647;201300048922;0;7;0;0.0;2.0;1.0;1.0;B01
74648;201300048923;0;7;0;0.0;1.0;2.0;1.0;A01
74649;201300048924;0;10;0;0.0;2.0;8.0;1.0;B01
74650;201300048924;0;7;0;0.0;2.0;1.0;19.0;A01
74651;201300048925;0;7;0;0.0;1.0;1.0;15.0;A01
74652;201300048926;0;7;0;0.0;2.0;3.0;1.0;B01
74653;201300048926;0;7;0;0.0;2.0;2.0;1.0;A01
74654;201300048927;0;7;0;1.0;2.0;8.0;1.0;B01
74655;201300048927;0;7;0;0.0;2.0;1.0;1.0;A01
74656;201300048928;0;30;0;0.0;0.0;0.0;0.0;A01
74657;201300048929;0;7;0;0.0;2.0;8.0;1.0;B01
74658;201300048929;0;7;0;0.0;2.0;1.0;1.0;A01
74659;201300048930;0;10;0;0.0;1.0;1.0;1.0;A01
74660;201300048932;0;30;0;0.0;2.0;1.0;1.0;B01
74661;201300048932;0;7;0;0.0;2.0;8.0;15.0;A01
74662;201300048933;0;7;0;8.0;0.0;1.0;0.0;A01
74663;201300048934;0;7;0;0.0;2.0;2.0;1.0;B01
74664;201300048934;0;7;0;0.0;2.0;1.0;1.0;A01
74665;201300048935;0;7;0;0.0;2.0;3.0;2.0;A01
74666;201300048935;0;7;0;0.0;2.0;5.0;15.0;B01
74667;201300048936;0;7;0;0.0;2.0;3.0;15.0;B01
74668;201300048936;1;7;0;0.0;0.0;0.0;0.0;Z01
74669;201300048937;0;10;0;0.0;1.0;1.0;15.0;A01
74670;201300048938;0;2;0;0.0;0.0;0.0;0.0;A01
74671;201300048939;0;7;0;0.0;1.0;1.0;1.0;A01
74672;201300048940;0;7;0;0.0;2.0;2.0;15.0;A01
74673;201300048940;0;30;0;0.0;2.0;1.0;16.0;B01
74674;201300048941;0;7;0;0.0;2.0;2.0;16.0;B01
74675;201300048941;0;30;0;0.0;2.0;3.0;18.0;A01
74676;201300048942;0;7;0;0.0;1.0;1.0;1.0;A01
74677;201300048943;0;7;0;0.0;1.0;0.0;1.0;A01
74678;201300048944;0;7;0;0.0;2.0;1.0;1.0;A01
74679;201300048944;0;7;0;9.0;2.0;7.0;1.0;B01
74680;201300048945;0;7;0;0.0;2.0;1.0;1.0;A01
74681;201300048945;0;7;0;8.0;2.0;3.0;1.0;B01
74682;201300048946;0;30;0;0.0;0.0;0.0;0.0;A01
74683;201300048947;0;40;60;0.0;1.0;1.0;1.0;A01
74684;201300048948;0;7;0;0.0;2.0;1.0;1.0;B01
74685;201300048948;0;7;0;0.0;2.0;1.0;15.0;A01
74686;201300048949;0;7;0;0.0;1.0;1.0;16.0;A01
74687;201300048950;0;7;0;0.0;2.0;6.0;8.0;A01
74688;201300048950;0;33;0;0.0;2.0;1.0;3.0;B01
74689;201300048950;0;7;0;0.0;2.0;7.0;1.0;C01
74690;201300048952;0;10;0;0.0;2.0;7.0;9.0;A01
74691;201300048952;0;32;0;0.0;2.0;1.0;1.0;B01
74692;201300048953;0;7;0;0.0;2.0;8.0;2.0;A01
74693;201300048953;0;33;0;0.0;2.0;7.0;2.0;B01
74694;201300048955;0;7;0;0.0;2.0;3.0;0.0;B01
74695;201300048955;0;33;0;0.0;2.0;1.0;0.0;A01
74696;201300048956;0;7;0;0.0;2.0;4.0;2.0;B01
74697;201300048956;0;37;25;0.0;2.0;1.0;2.0;A01
74698;201300048957;0;7;0;0.0;2.0;8.0;1.0;B01
74699;201300048957;0;30;0;0.0;2.0;2.0;1.0;A01
74700;201300048958;0;7;0;0.0;2.0;4.0;2.0;B01
74701;201300048958;0;7;0;0.0;2.0;1.0;2.0;A01
74702;201300048959;0;7;0;0.0;2.0;1.0;2.0;A01
74703;201300048959;0;7;0;0.0;2.0;4.0;2.0;B01
74704;201300048960;0;7;0;0.0;2.0;5.0;9.0;A01
74705;201300048960;0;7;0;0.0;2.0;3.0;21.0;B01
74706;201300048961;0;7;0;0.0;2.0;2.0;15.0;A01
74707;201300048961;0;32;0;0.0;2.0;1.0;1.0;B01
74708;201300048962;0;7;0;0.0;2.0;2.0;1.0;B01
74709;201300048962;0;7;0;0.0;2.0;1.0;1.0;A01
74710;201300048962;0;7;0;0.0;2.0;8.0;1.0;C01
74711;201300048963;0;7;0;8.0;0.0;2.0;1.0;A01
74712;201300048964;0;7;0;0.0;2.0;3.0;1.0;B01
74713;201300048964;0;10;0;0.0;2.0;2.0;1.0;A01
74714;201300048965;0;1;0;0.0;2.0;1.0;1.0;A01
74715;201300048965;0;7;0;0.0;2.0;5.0;20.0;B01
74716;201300048966;0;10;0;0.0;0.0;0.0;23.0;B01
74717;201300048966;0;30;0;0.0;0.0;0.0;17.0;A01
74718;201300048967;0;7;0;0.0;2.0;5.0;15.0;A01
74719;201300048967;0;33;0;0.0;2.0;1.0;1.0;B01
74720;201300048968;0;10;0;0.0;2.0;1.0;1.0;B01
74721;201300048968;0;7;0;0.0;2.0;3.0;7.0;A01
74722;201300048969;0;37;2;0.0;2.0;3.0;7.0;B01
74723;201300048969;1;7;0;0.0;9.0;7.0;16.0;A01
74724;201300048970;0;30;0;0.0;2.0;0.0;1.0;B01
74725;201300048970;0;7;0;0.0;2.0;3.0;15.0;A01
74726;201300048971;0;33;0;0.0;2.0;3.0;7.0;A01
74727;201300048971;0;7;0;0.0;2.0;5.0;16.0;B01
74728;201300048972;0;7;0;0.0;1.0;1.0;15.0;A01
74729;201300048974;0;10;0;0.0;2.0;1.0;2.0;A01
74730;201300048974;0;13;0;0.0;2.0;4.0;2.0;B01
74731;201300048975;0;33;0;0.0;0.0;7.0;1.0;A01
74732;201300048976;0;30;0;0.0;2.0;8.0;1.0;A01
74733;201300048976;0;7;0;0.0;2.0;1.0;1.0;B01
74734;201300048977;0;7;0;0.0;2.0;1.0;19.0;A01
74735;201300048977;0;7;0;0.0;2.0;2.0;19.0;B01
74736;201300048978;0;1;0;0.0;2.0;8.0;1.0;A01
74737;201300048978;0;7;0;0.0;2.0;2.0;1.0;B01
74738;201300048979;0;32;0;0.0;2.0;1.0;1.0;A01
74739;201300048979;0;7;0;0.0;2.0;6.0;2.0;B01
74740;201300048980;0;7;0;0.0;2.0;3.0;10.0;A01
74741;201300048980;0;33;0;0.0;2.0;7.0;17.0;B01
74742;201300048981;0;7;0;0.0;2.0;6.0;15.0;B01
74743;201300048981;0;30;0;0.0;2.0;1.0;17.0;A01
74744;201300048982;0;31;0;0.0;2.0;0.0;1.0;B01
74745;201300048982;0;7;0;0.0;2.0;0.0;1.0;A01
74746;201300048983;0;7;0;0.0;2.0;5.0;1.0;B01
74747;201300048983;0;7;0;0.0;2.0;1.0;16.0;A01
74748;201300048984;0;1;0;0.0;1.0;1.0;1.0;A01
74749;201300048985;0;1;0;0.0;0.0;0.0;21.0;B01
74750;201300048985;0;7;0;0.0;0.0;0.0;23.0;A01
74751;201300048986;0;7;0;0.0;1.0;3.0;17.0;A01
74752;201300048987;0;10;0;0.0;2.0;2.0;2.0;A01
74753;201300048987;0;33;0;0.0;2.0;4.0;2.0;B01
74754;201300048988;0;7;0;0.0;2.0;2.0;15.0;A01
74755;201300048988;0;32;0;0.0;2.0;1.0;1.0;B01
74756;201300048989;0;7;0;0.0;1.0;1.0;2.0;A01
74757;201300048990;0;7;0;15.0;0.0;3.0;0.0;A01
74758;201300048991;0;7;0;0.0;2.0;3.0;0.0;A01
74759;201300048991;0;31;0;0.0;2.0;1.0;1.0;B01
74760;201300048992;0;7;0;0.0;1.0;1.0;1.0;A01
74761;201300048993;0;40;40;0.0;9.0;2.0;1.0;B01
74762;201300048993;0;1;0;0.0;4.0;9.0;1.0;A01
74763;201300048994;0;7;0;1.0;0.0;1.0;13.0;A01
74764;201300048995;0;7;0;4.0;2.0;1.0;1.0;B01
74765;201300048995;1;7;0;0.0;2.0;0.0;2.0;Z01
74766;201300048996;0;7;0;0.0;2.0;8.0;1.0;A01
74767;201300048996;0;7;0;0.0;2.0;7.0;1.0;B01
74768;201300048997;0;3;0;0.0;0.0;8.0;1.0;A01
74769;201300048998;0;34;0;14.0;0.0;1.0;1.0;A01
74770;201300048999;0;7;0;0.0;1.0;5.0;4.0;A01
74771;201300049001;0;7;0;0.0;2.0;1.0;1.0;A01
74772;201300049001;0;1;0;0.0;2.0;7.0;1.0;B01