;Num_Acc;senc;catv;occutc;obs;obsm;choc;manv;num_veh
74773;201300049002;0;7;0;0.0;2.0;4.0;23.0;B01
74774;201300049002;0;7;0;0.0;2.0;4.0;23.0;C01
74775;201300049002;0;7;0;0.0;2.0;1.0;2.0;A01
74776;201300049003;0;7;0;0.0;2.0;1.0;1.0;A01
74777;201300049003;0;33;0;0.0;2.0;8.0;1.0;B01
74778;201300049004;1;7;0;0.0;1.0;2.0;0.0;Z01
74779;201300049005;0;7;0;0.0;2.0;1.0;2.0;A01
74780;201300049005;0;7;0;0.0;2.0;4.0;1.0;B01
74781;201300049006;0;33;0;0.0;2.0;1.0;1.0;B01
74782;201300049006;0;1;0;0.0;2.0;7.0;19.0;A01
74783;201300049007;0;7;0;0.0;2.0;3.0;19.0;B01
74784;201300049007;0;34;0;0.0;2.0;7.0;15.0;A01
74785;201300049008;0;1;0;0.0;2.0;7.0;1.0;B01
74786;201300049008;0;7;0;0.0;2.0;1.0;1.0;A01
74787;201300049009;0;7;0;0.0;2.0;2.0;1.0;B01
74788;201300049009;0;7;0;0.0;2.0;5.0;10.0;A01
74789;201300049010;0;7;0;0.0;9.0;1.0;1.0;A01
74790;201300049010;0;1;0;0.0;2.0;7.0;1.0;B01
74791;201300049011;0;7;0;0.0;2.0;8.0;1.0;B01
74792;201300049011;0;7;0;0.0;2.0;1.0;15.0;A01
74793;201300049012;0;7;0;0.0;2.0;2.0;15.0;B01
74794;201300049012;0;33;0;0.0;2.0;1.0;1.0;A01
74795;201300049013;0;32;0;0.0;2.0;1.0;1.0;B01
74796;201300049013;0;7;0;0.0;2.0;7.0;10.0;A01
74797;201300049014;0;7;0;0.0;2.0;1.0;1.0;B01
74798;201300049014;0;1;0;0.0;2.0;7.0;19.0;A01
74799;201300049015;1;7;0;0.0;2.0;1.0;1.0;Z01
74800;201300049015;0;7;0;1.0;2.0;8.0;1.0;A01
74801;201300049016;0;7;0;0.0;2.0;1.0;2.0;A01
74802;201300049016;0;7;0;0.0;2.0;4.0;2.0;B01
74803;201300049017;0;7;0;0.0;2.0;6.0;15.0;B01
74804;201300049017;0;33;0;0.0;2.0;0.0;2.0;A01
74805;201300049018;1;7;0;0.0;1.0;1.0;1.0;Z01
74806;201300049019;0;7;0;0.0;2.0;4.0;23.0;A01
74807;201300049019;1;7;0;0.0;2.0;1.0;2.0;Z01
74808;201300049020;0;7;0;0.0;1.0;2.0;8.0;A01
74809;201300049021;0;1;0;0.0;2.0;1.0;13.0;A01
74810;201300049021;0;1;0;0.0;2.0;1.0;1.0;B01
74811;201300049022;0;7;0;0.0;1.0;0.0;1.0;A01
74812;201300049023;1;7;0;0.0;1.0;1.0;1.0;Z01
74813;201300049024;0;7;0;0.0;2.0;1.0;1.0;A01
74814;201300049024;0;1;0;0.0;2.0;4.0;2.0;B01
74815;201300049025;0;7;0;0.0;1.0;1.0;16.0;A01
74816;201300049026;0;7;0;0.0;1.0;1.0;1.0;A01
74817;201300049027;0;7;0;0.0;1.0;1.0;1.0;A01
74818;201300049028;0;7;0;0.0;1.0;2.0;1.0;A01
74819;201300049029;0;7;0;0.0;2.0;1.0;2.0;A01
74820;201300049029;0;7;0;0.0;0.0;4.0;2.0;B01
74821;201300049032;2;7;0;0.0;2.0;1.0;15.0;A01
74822;201300049032;0;7;0;0.0;4.0;2.0;1.0;B01
74823;201300049033;0;30;0;0.0;1.0;1.0;2.0;A01
74824;201300049034;0;7;0;0.0;0.0;4.0;2.0;B01
74825;201300049034;0;7;0;0.0;0.0;1.0;2.0;A01
74826;201300049035;0;37;15;0.0;1.0;7.0;1.0;A01
74827;201300049038;0;7;0;0.0;2.0;2.0;15.0;A01
74828;201300049038;0;7;0;0.0;2.0;1.0;1.0;B01
74829;201300049040;0;30;0;0.0;2.0;4.0;15.0;B01
74830;201300049040;0;7;0;0.0;2.0;1.0;2.0;A01
74831;201300049041;0;7;0;0.0;2.0;6.0;1.0;B01
74832;201300049041;0;32;0;0.0;2.0;1.0;1.0;A01
74833;201300049042;0;7;0;7.0;1.0;0.0;15.0;A01
74834;201300049043;0;7;0;0.0;2.0;4.0;24.0;C01
74835;201300049043;0;30;0;1.0;2.0;1.0;1.0;B01
74836;201300049043;0;7;0;0.0;2.0;8.0;20.0;A01
74837;201300049044;0;1;0;0.0;2.0;7.0;1.0;B01
74838;201300049044;0;7;0;0.0;2.0;1.0;5.0;A01
74839;201300049046;0;7;0;0.0;2.0;4.0;2.0;C01
74840;201300049046;0;7;0;0.0;2.0;4.0;2.0;B01
74841;201300049046;0;7;0;0.0;2.0;1.0;2.0;A01
74842;201300049047;0;7;0;0.0;2.0;1.0;1.0;A01
74843;201300049047;0;7;0;0.0;2.0;7.0;10.0;B01
74844;201300049049;0;7;0;0.0;2.0;1.0;2.0;A01
74845;201300049049;0;7;0;0.0;2.0;4.0;2.0;B01
74846;201300049050;0;20;0;0.0;1.0;1.0;1.0;A01
74847;201300049051;0;7;0;0.0;2.0;1.0;1.0;A01
74848;201300049051;0;7;0;0.0;0.0;0.0;1.0;C01
74849;201300049051;0;7;0;1.0;2.0;1.0;1.0;B01
74850;201300049052;0;7;0;0.0;2.0;1.0;1.0;A01
74851;201300049052;0;7;0;0.0;2.0;5.0;1.0;B01
74852;201300049053;0;1;0;0.0;2.0;8.0;15.0;B01
74853;201300049053;0;7;0;0.0;0.0;1.0;15.0;A01
74854;201300049054;0;1;0;1.0;0.0;1.0;1.0;B01
74855;201300049054;2;7;0;0.0;2.0;3.0;22.0;A01
74856;201300049055;0;7;0;0.0;2.0;3.0;10.0;B01
74857;201300049055;0;31;0;0.0;2.0;2.0;1.0;A01
74858;201300049056;0;7;0;0.0;2.0;2.0;9.0;B01
74859;201300049056;0;1;0;0.0;2.0;1.0;1.0;A01
74860;201300049058;0;7;0;0.0;1.0;1.0;1.0;A01
74861;201300049059;0;7;0;0.0;1.0;1.0;20.0;A01
74862;201300049060;0;7;0;0.0;2.0;3.0;1.0;A01
74863;201300049061;0;7;0;0.0;2.0;7.0;1.0;B01
74864;201300049061;0;7;0;0.0;0.0;0.0;0.0;A01
74865;201300049062;0;7;0;0.0;2.0;6.0;15.0;A01
74866;201300049062;0;7;0;0.0;2.0;3.0;1.0;B01
74867;201300049064;0;7;0;0.0;1.0;4.0;4.0;A01
74868;201300049065;0;7;0;0.0;2.0;4.0;2.0;D01
74869;201300049065;0;7;0;0.0;2.0;4.0;2.0;B01
74870;201300049065;0;99;0;0.0;2.0;1.0;2.0;A01
74871;201300049065;0;7;0;0.0;2.0;4.0;2.0;C01
74872;201300049066;0;7;0;0.0;1.0;3.0;1.0;A01
74873;201300049067;0;7;0;0.0;2.0;3.0;15.0;B01
74874;201300049067;0;33;0;0.0;2.0;1.0;1.0;C01
74875;201300049067;0;33;0;0.0;2.0;1.0;1.0;A01
74876;201300049068;0;7;0;0.0;1.0;1.0;1.0;A01
74877;201300049069;0;7;0;0.0;1.0;1.0;2.0;B01
74878;201300049070;0;1;0;0.0;2.0;1.0;2.0;B01
74879;201300049070;0;7;0;0.0;2.0;6.0;9.0;A01
74880;201300049071;0;14;0;8.0;2.0;3.0;15.0;A01
74881;201300049071;0;37;25;8.0;2.0;2.0;1.0;B01
74882;201300049072;0;33;0;0.0;2.0;0.0;0.0;A01
74883;201300049072;0;33;0;0.0;2.0;0.0;0.0;B01
74884;201300049074;0;7;0;0.0;9.0;1.0;1.0;A01
74885;201300049074;0;1;0;0.0;2.0;8.0;1.0;Y01
74886;201300049075;0;1;0;0.0;0.0;0.0;0.0;B01
74887;201300049075;0;7;0;0.0;2.0;3.0;15.0;A01
74888;201300049076;0;7;0;0.0;2.0;2.0;15.0;A01
74889;201300049076;0;38;1;0.0;2.0;1.0;1.0;B01
74890;201300049076;0;7;0;0.0;2.0;5.0;1.0;C01
74891;201300049077;0;7;0;0.0;2.0;7.0;1.0;B01
74892;201300049077;0;7;0;0.0;2.0;3.0;15.0;A01
74893;201300049078;2;7;0;1.0;2.0;1.0;2.0;A01
74894;201300049078;0;7;0;1.0;2.0;4.0;2.0;B01
74895;201300049079;0;7;0;0.0;1.0;6.0;4.0;A01
74896;201300049080;0;37;15;12.0;2.0;3.0;1.0;B01
74897;201300049080;0;7;0;0.0;2.0;1.0;15.0;A01
74898;201300049080;0;7;0;0.0;2.0;5.0;1.0;C01
74899;201300049081;0;7;0;0.0;2.0;4.0;23.0;B01
74900;201300049081;0;32;0;0.0;2.0;1.0;1.0;A01
74901;201300049082;0;7;0;0.0;2.0;8.0;1.0;A01
74902;201300049082;0;7;0;0.0;2.0;2.0;1.0;B01
74903;201300049083;0;31;0;0.0;2.0;8.0;2.0;B01
74904;201300049083;1;7;0;0.0;0.0;0.0;0.0;Z01
74905;201300049084;0;7;0;0.0;2.0;6.0;1.0;A01
74906;201300049084;1;7;0;0.0;2.0;1.0;15.0;Z01
74907;201300049086;0;33;0;0.0;0.0;0.0;21.0;B01
74908;201300049086;0;37;1;0.0;0.0;0.0;16.0;A01
74909;201300049087;0;10;0;0.0;1.0;1.0;15.0;A01
74910;201300049088;0;7;0;8.0;2.0;1.0;1.0;B01
74911;201300049088;0;7;0;8.0;2.0;1.0;15.0;A01
74912;201300049089;0;33;0;0.0;2.0;1.0;2.0;A01
74913;201300049089;0;14;0;0.0;2.0;6.0;23.0;B01
74914;201300049091;0;7;0;0.0;2.0;0.0;12.0;A01
74915;201300049091;0;7;0;0.0;2.0;5.0;23.0;B01
74916;201300049091;0;7;0;0.0;2.0;7.0;2.0;C01
74917;201300049092;0;7;0;15.0;1.0;5.0;4.0;A01
74918;201300049093;1;32;0;12.0;0.0;0.0;0.0;A01
74919;201300049094;0;7;0;0.0;2.0;1.0;16.0;A01
74920;201300049094;0;7;0;0.0;1.0;4.0;2.0;B01
74921;201300049095;0;7;0;0.0;2.0;6.0;1.0;A01
74922;201300049095;0;7;0;0.0;2.0;1.0;1.0;B01
74923;201300049096;0;7;0;0.0;2.0;1.0;1.0;A01
74924;201300049096;0;33;0;6.0;2.0;5.0;1.0;B01
74925;201300049097;0;7;0;0.0;2.0;2.0;1.0;B01
74926;201300049097;0;30;0;0.0;2.0;1.0;1.0;A01
74927;201300049099;0;10;0;0.0;1.0;4.0;4.0;A01
74928;201300049100;0;7;0;0.0;2.0;1.0;1.0;A01
74929;201300049100;0;7;0;0.0;2.0;1.0;1.0;B01
74930;201300049101;0;7;0;0.0;2.0;3.0;2.0;A01
74931;201300049101;0;7;0;0.0;2.0;1.0;1.0;B01
74932;201300049102;0;1;0;0.0;2.0;0.0;1.0;B01
74933;201300049102;1;30;0;0.0;2.0;0.0;0.0;Z01
74934;201300049103;0;10;0;0.0;2.0;4.0;23.0;B01
74935;201300049103;0;7;0;0.0;2.0;1.0;2.0;A01
74936;201300049104;0;7;0;0.0;2.0;1.0;15.0;B01
74937;201300049104;0;1;0;0.0;2.0;7.0;2.0;A01
74938;201300049105;0;7;0;0.0;2.0;3.0;15.0;A01
74939;201300049105;0;33;0;0.0;2.0;8.0;2.0;B01
74940;201300049106;0;10;0;0.0;2.0;2.0;15.0;A01
74941;201300049106;0;7;0;0.0;2.0;3.0;1.0;B01
74942;201300049107;0;7;0;0.0;2.0;3.0;1.0;B01
74943;201300049107;0;2;0;0.0;2.0;1.0;19.0;A01
74944;201300049108;0;7;0;0.0;2.0;5.0;1.0;B01
74945;201300049108;0;7;0;0.0;2.0;1.0;2.0;A01
74946;201300049109;0;1;0;0.0;2.0;1.0;2.0;B01
74947;201300049109;0;7;0;0.0;2.0;5.0;16.0;A01
74948;201300049110;0;30;0;0.0;2.0;9.0;1.0;B01
74949;201300049110;0;7;0;0.0;2.0;1.0;5.0;A01
74950;201300049112;0;7;0;0.0;2.0;1.0;2.0;A01
74951;201300049112;0;7;0;0.0;2.0;4.0;2.0;B01
74952;201300049113;0;31;0;0.0;2.0;7.0;15.0;B01
74953;201300049113;0;7;0;0.0;2.0;8.0;15.0;A01
74954;201300049114;0;7;0;0.0;1.0;1.0;15.0;A01
74955;201300049115;0;40;40;0.0;1.0;2.0;1.0;A01
74956;201300049116;0;7;0;0.0;2.0;3.0;24.0;A01
74957;201300049116;0;1;0;1.0;0.0;1.0;2.0;B01
74958;201300049117;0;7;0;0.0;9.0;7.0;16.0;B01
74959;201300049117;0;1;0;0.0;2.0;1.0;19.0;A01
74960;201300049118;0;7;0;0.0;1.0;2.0;1.0;Z01
74961;201300049119;0;7;0;0.0;2.0;2.0;1.0;B01
74962;201300049119;0;7;0;0.0;1.0;1.0;15.0;A01
74963;201300049120;0;7;0;0.0;1.0;1.0;15.0;A01
74964;201300049121;0;7;0;0.0;2.0;5.0;2.0;B01
74965;201300049121;0;30;0;0.0;2.0;1.0;2.0;A01
74966;201300049122;0;32;0;0.0;2.0;7.0;17.0;B01
74967;201300049122;0;7;0;0.0;2.0;3.0;9.0;A01
74968;201300049124;0;7;0;0.0;2.0;3.0;15.0;B01
74969;201300049124;0;33;0;0.0;2.0;2.0;1.0;A01
74970;201300049126;0;7;0;0.0;2.0;1.0;2.0;A01
74971;201300049126;0;7;0;0.0;2.0;4.0;1.0;C01
74972;201300049126;0;7;0;0.0;2.0;4.0;1.0;B01
74973;201300049127;0;7;0;0.0;2.0;8.0;15.0;B01
74974;201300049127;0;30;0;0.0;2.0;1.0;1.0;A01
74975;201300049128;0;7;0;0.0;2.0;7.0;1.0;B01
74976;201300049128;0;33;0;0.0;2.0;8.0;3.0;A01
74977;201300049129;0;7;0;0.0;2.0;3.0;15.0;A01
74978;201300049129;0;33;0;0.0;2.0;7.0;2.0;B01
74979;201300049130;0;7;0;0.0;1.0;5.0;4.0;A01
74980;201300049131;0;7;0;0.0;2.0;8.0;22.0;A01
74981;201300049131;0;1;0;1.0;0.0;1.0;1.0;B01
74982;201300049132;0;33;0;0.0;2.0;1.0;0.0;B01
74983;201300049132;0;1;0;0.0;2.0;8.0;0.0;A01
74984;201300049134;0;10;0;0.0;1.0;2.0;2.0;A01
74985;201300049135;0;7;0;0.0;1.0;1.0;1.0;A01
74986;201300049136;0;7;0;0.0;1.0;1.0;2.0;B01
74987;201300049136;0;7;0;0.0;2.0;2.0;1.0;C01
74988;201300049136;0;7;0;0.0;2.0;3.0;15.0;A01
74989;201300049137;0;2;0;0.0;2.0;1.0;1.0;A01
74990;201300049137;1;7;0;0.0;2.0;2.0;15.0;Z01
74991;201300049138;0;7;0;0.0;2.0;1.0;15.0;A01
74992;201300049138;0;1;0;0.0;0.0;0.0;13.0;B01
74993;201300049140;0;7;0;0.0;1.0;1.0;1.0;A01
74994;201300049141;0;7;0;0.0;2.0;2.0;20.0;A01
74995;201300049141;0;7;0;0.0;2.0;3.0;1.0;B01
74996;201300049143;0;7;0;0.0;2.0;2.0;15.0;B01
74997;201300049143;1;1;0;0.0;2.0;1.0;1.0;A01
74998;201300049145;0;7;0;6.0;2.0;1.0;15.0;A01
74999;201300049146;0;30;0;0.0;2.0;1.0;1.0;A01
75000;201300049146;0;7;0;0.0;2.0;8.0;15.0;B01
75001;201300049147;0;40;60;0.0;2.0;2.0;1.0;B01
75002;201300049147;0;7;0;0.0;2.0;3.0;10.0;A01
75003;201300049148;0;31;0;0.0;2.0;1.0;1.0;A01
75004;201300049148;0;7;0;0.0;2.0;7.0;15.0;B01
75005;201300049149;0;7;0;0.0;2.0;3.0;1.0;B01
75006;201300049150;0;7;0;12.0;1.0;1.0;1.0;A01
75007;201300049151;0;40;1;0.0;1.0;2.0;1.0;A01
75008;201300049152;0;10;0;0.0;2.0;6.0;10.0;A01
75009;201300049152;0;30;0;0.0;2.0;1.0;2.0;B01
75010;201300049153;0;7;0;0.0;1.0;3.0;1.0;A01
75011;201300049154;0;33;0;0.0;2.0;2.0;17.0;B01
75012;201300049154;0;7;0;0.0;2.0;3.0;10.0;A01
75013;201300049155;0;7;0;9.0;2.0;6.0;1.0;A01
75014;201300049155;0;7;0;0.0;2.0;1.0;1.0;B01
75015;201300049156;0;37;10;0.0;1.0;1.0;1.0;A01
75016;201300049157;0;7;0;0.0;1.0;4.0;4.0;A01
75017;201300049158;0;7;0;0.0;1.0;1.0;1.0;A01
75018;201300049160;0;7;0;0.0;2.0;1.0;19.0;B01
75019;201300049160;0;7;0;0.0;2.0;8.0;19.0;A01
75020;201300049161;0;40;50;0.0;2.0;1.0;1.0;B01
75021;201300049161;0;7;0;0.0;4.0;8.0;15.0;A01
75022;201300049162;0;7;0;0.0;1.0;1.0;1.0;A01
75023;201300049163;0;7;0;0.0;1.0;3.0;2.0;A01
75024;201300049165;0;7;0;4.0;0.0;7.0;0.0;A01
75025;201300049167;0;7;0;4.0;0.0;1.0;19.0;A01
75026;201300049169;0;7;0;5.0;0.0;1.0;14.0;A01
75027;201300049169;0;7;0;0.0;2.0;1.0;2.0;B01
75028;201300049169;0;7;0;0.0;2.0;7.0;0.0;C01
75029;201300049170;0;17;0;5.0;2.0;2.0;2.0;B01
75030;201300049170;0;7;0;3.0;0.0;2.0;1.0;A01
75031;201300049171;0;7;0;3.0;0.0;0.0;2.0;A01
75032;201300049172;0;7;0;4.0;0.0;3.0;1.0;A01
75033;201300049173;1;99;0;0.0;0.0;0.0;12.0;Z01
75034;201300049173;0;17;0;4.0;0.0;3.0;1.0;A01
75035;201300049174;0;7;0;11.0;0.0;3.0;1.0;A01
75036;201300049175;0;7;0;0.0;2.0;1.0;2.0;A01
75037;201300049175;0;7;0;0.0;0.0;4.0;2.0;B01
75038;201300049176;0;7;0;0.0;0.0;6.0;1.0;A01
75039;201300049176;0;14;0;0.0;2.0;2.0;2.0;B01
75040;201300049177;0;7;0;14.0;0.0;3.0;21.0;B01
75041;201300049177;0;7;0;4.0;0.0;3.0;0.0;A01
75042;201300049177;1;7;0;0.0;0.0;0.0;0.0;Z01
75043;201300049178;0;7;0;0.0;0.0;4.0;2.0;B01
75044;201300049178;0;7;0;0.0;2.0;1.0;2.0;A01
75045;201300049179;0;7;0;0.0;2.0;3.0;14.0;B01
75046;201300049179;0;7;0;0.0;2.0;3.0;5.0;A01
75047;201300049180;0;7;0;3.0;2.0;6.0;2.0;B01
75048;201300049180;0;17;0;0.0;2.0;2.0;13.0;A01
75049;201300049181;0;7;0;4.0;0.0;3.0;0.0;A01
75050;201300049182;0;7;0;3.0;0.0;3.0;21.0;B01
75051;201300049182;0;15;0;0.0;0.0;0.0;1.0;A01
75052;201300049183;0;7;0;0.0;2.0;1.0;2.0;A01
75053;201300049183;0;7;0;0.0;0.0;4.0;1.0;B01
75054;201300049184;0;7;0;4.0;2.0;3.0;1.0;B01
75055;201300049184;0;14;0;0.0;2.0;5.0;17.0;A01
75056;201300049185;0;33;0;0.0;0.0;7.0;2.0;A01
75057;201300049186;0;10;0;0.0;2.0;2.0;12.0;A01
75058;201300049186;0;15;0;0.0;0.0;6.0;1.0;B01
75059;201300049187;0;7;0;0.0;0.0;4.0;0.0;B01
75060;201300049187;0;7;0;0.0;2.0;1.0;2.0;A01
75061;201300049188;0;7;0;4.0;0.0;9.0;12.0;A01
75062;201300049188;1;7;0;0.0;0.0;0.0;9.0;Z01
75063;201300049189;0;17;0;0.0;2.0;2.0;1.0;B01
75064;201300049189;0;7;0;4.0;0.0;3.0;1.0;A01
75065;201300049190;0;7;0;3.0;0.0;3.0;1.0;A01
75066;201300049191;0;7;0;4.0;2.0;6.0;11.0;A01
75067;201300049191;0;7;0;0.0;2.0;2.0;2.0;B01
75068;201300049192;0;7;0;0.0;2.0;1.0;1.0;B01
75069;201300049192;0;7;0;0.0;2.0;2.0;9.0;A01
75070;201300049193;0;7;0;0.0;2.0;1.0;5.0;A01
75071;201300049193;0;7;0;0.0;2.0;1.0;1.0;B01
75072;201300049194;0;7;0;0.0;2.0;7.0;17.0;B01
75073;201300049194;0;33;0;0.0;2.0;8.0;3.0;A01
75074;201300049195;0;10;0;4.0;0.0;2.0;1.0;A01
75075;201300049196;0;37;25;0.0;2.0;1.0;2.0;A01
75076;201300049196;0;7;0;0.0;0.0;4.0;23.0;B01
75077;201300049197;0;7;0;0.0;2.0;8.0;1.0;B01
75078;201300049197;0;7;0;3.0;2.0;7.0;14.0;A01
75079;201300049198;0;10;0;0.0;2.0;4.0;23.0;B01
75080;201300049198;0;10;0;0.0;2.0;1.0;2.0;A01
75081;201300049199;0;7;0;0.0;0.0;4.0;2.0;B01
75082;201300049199;0;7;0;0.0;2.0;1.0;2.0;A01
75083;201300049201;0;7;0;0.0;2.0;1.0;5.0;A01
75084;201300049201;0;7;0;0.0;9.0;3.0;1.0;E01
75085;201300049201;0;7;0;0.0;2.0;1.0;1.0;B01
75086;201300049201;0;7;0;0.0;9.0;1.0;21.0;F02
75087;201300049201;0;7;0;0.0;2.0;3.0;1.0;C01
75088;201300049201;0;7;0;0.0;2.0;8.0;1.0;D01
75089;201300049202;0;7;0;0.0;2.0;1.0;2.0;A01
75090;201300049202;0;7;0;0.0;2.0;3.0;2.0;B01
75091;201300049204;0;10;0;5.0;0.0;9.0;0.0;A01
75092;201300049204;1;99;0;0.0;2.0;2.0;0.0;Z01
75093;201300049205;0;7;0;0.0;2.0;7.0;1.0;A01
75094;201300049205;1;7;0;0.0;2.0;3.0;9.0;X01
75095;201300049206;0;32;0;0.0;9.0;7.0;17.0;A01
75096;201300049209;0;7;0;4.0;0.0;1.0;1.0;A01
75097;201300049210;0;7;0;0.0;0.0;0.0;0.0;C01
75098;201300049210;0;7;0;4.0;2.0;4.0;1.0;B01
75099;201300049210;0;7;0;4.0;2.0;1.0;11.0;A01
75100;201300049211;0;7;0;14.0;0.0;1.0;2.0;A01
75101;201300049211;0;7;0;14.0;0.0;4.0;2.0;B01
75102;201300049211;0;7;0;0.0;0.0;4.0;2.0;C01
75103;201300049212;0;7;0;4.0;0.0;3.0;17.0;A01
75104;201300049213;0;7;0;0.0;2.0;8.0;1.0;B01
75105;201300049213;0;7;0;4.0;2.0;2.0;15.0;A01
75106;201300049214;0;7;0;0.0;2.0;3.0;2.0;A01
75107;201300049214;0;7;0;0.0;0.0;5.0;2.0;B01
75108;201300049215;0;7;0;0.0;2.0;5.0;1.0;B01
75109;201300049215;1;7;0;0.0;2.0;3.0;14.0;A01
75110;201300049216;0;7;0;15.0;0.0;1.0;9.0;A01
75111;201300049217;0;7;0;0.0;2.0;1.0;1.0;A01
75112;201300049217;0;7;0;0.0;0.0;4.0;1.0;B01
75113;201300049218;0;7;0;4.0;2.0;1.0;21.0;A01
75114;201300049218;0;7;0;0.0;2.0;1.0;1.0;B01
75115;201300049219;0;7;0;3.0;0.0;8.0;0.0;A01
75116;201300049220;0;7;0;4.0;0.0;1.0;1.0;A01
75117;201300049222;0;7;0;0.0;2.0;3.0;2.0;A01
75118;201300049222;0;7;0;0.0;2.0;5.0;2.0;B01
75119;201300049222;0;7;0;0.0;0.0;4.0;2.0;C01
75120;201300049223;0;7;0;4.0;0.0;1.0;1.0;A01
75121;201300049224;0;7;0;0.0;2.0;4.0;2.0;B01
75122;201300049224;0;7;0;0.0;2.0;4.0;2.0;C01
75123;201300049224;0;7;0;0.0;2.0;1.0;2.0;A01
75124;201300049225;0;7;0;0.0;0.0;0.0;1.0;A01
75125;201300049226;0;33;0;0.0;0.0;7.0;0.0;A01
75126;201300049227;0;7;0;0.0;2.0;1.0;2.0;A01
75127;201300049227;0;10;0;0.0;0.0;6.0;2.0;B01
75128;201300049228;0;7;0;0.0;0.0;4.0;1.0;B01
75129;201300049228;0;7;0;0.0;2.0;1.0;2.0;A01
75130;201300049229;0;7;0;0.0;2.0;1.0;2.0;A01
75131;201300049229;0;15;0;0.0;2.0;4.0;2.0;B01
75132;201300049230;0;7;0;3.0;0.0;1.0;1.0;A01
75133;201300049232;0;7;0;0.0;0.0;0.0;0.0;A01
75134;201300049233;0;7;0;4.0;2.0;3.0;17.0;A01
75135;201300049233;0;17;0;0.0;2.0;8.0;1.0;B01
75136;201300049235;0;7;0;0.0;2.0;8.0;13.0;A01
75137;201300049235;0;7;0;3.0;2.0;1.0;13.0;B01
75138;201300049236;0;7;0;4.0;2.0;6.0;1.0;B01
75139;201300049236;0;15;0;0.0;2.0;2.0;12.0;A01
75140;201300049237;0;10;0;0.0;2.0;6.0;1.0;B01
75141;201300049237;0;10;0;0.0;2.0;8.0;2.0;C01
75142;201300049237;0;7;0;4.0;2.0;2.0;1.0;A01
75143;201300049238;0;7;0;0.0;2.0;1.0;14.0;B01
75144;201300049238;0;7;0;0.0;2.0;4.0;1.0;A01
75145;201300049239;0;17;0;3.0;2.0;1.0;17.0;A01
75146;201300049239;0;7;0;3.0;2.0;1.0;21.0;B01
75147;201300049240;0;7;0;0.0;0.0;2.0;14.0;A01
75148;201300049240;0;7;0;0.0;2.0;8.0;1.0;B01
75149;201300049241;0;7;0;4.0;0.0;1.0;1.0;A01
75150;201300049242;0;10;0;4.0;0.0;1.0;9.0;A01
75151;201300049243;0;7;0;4.0;0.0;3.0;12.0;A01
75152;201300049244;0;17;0;4.0;0.0;1.0;20.0;A01
75153;201300049247;0;7;0;0.0;2.0;2.0;1.0;B01
75154;201300049247;0;7;0;14.0;2.0;2.0;13.0;A01
75155;201300049249;0;10;0;0.0;0.0;2.0;1.0;A01
75156;201300049251;0;2;0;12.0;0.0;1.0;15.0;A01
75157;201300049252;0;7;0;0.0;2.0;1.0;2.0;A01
75158;201300049252;0;7;0;0.0;2.0;2.0;1.0;C01
75159;201300049252;0;7;0;0.0;2.0;4.0;2.0;B01
75160;201300049253;0;7;0;0.0;2.0;1.0;1.0;A01
75161;201300049253;0;7;0;0.0;2.0;4.0;1.0;B01
75162;201300049253;0;7;0;0.0;0.0;4.0;1.0;C01
75163;201300049254;0;7;0;0.0;9.0;6.0;1.0;B01
75164;201300049254;0;15;0;0.0;2.0;2.0;12.0;A01
75165;201300049255;0;7;0;4.0;0.0;3.0;13.0;A01
75166;201300049256;0;7;0;0.0;2.0;1.0;2.0;A01
75167;201300049256;0;7;0;0.0;0.0;4.0;2.0;B01
75168;201300049257;0;7;0;4.0;0.0;3.0;19.0;A01
75169;201300049258;0;7;0;0.0;2.0;1.0;1.0;A01
75170;201300049258;0;7;0;0.0;2.0;4.0;1.0;B01
75171;201300049259;0;15;0;0.0;2.0;2.0;12.0;A01
75172;201300049259;0;10;0;0.0;2.0;8.0;2.0;B01
75173;201300049260;0;7;0;4.0;0.0;6.0;13.0;A01
75174;201300049261;0;15;0;3.0;0.0;3.0;13.0;A01
75175;201300049262;0;7;0;0.0;2.0;1.0;2.0;A01
75176;201300049262;0;7;0;0.0;0.0;4.0;2.0;B01
75177;201300049263;0;7;0;0.0;2.0;4.0;2.0;B01
75178;201300049263;0;7;0;0.0;2.0;1.0;2.0;A01
75179;201300049263;0;7;0;0.0;2.0;4.0;2.0;C01
75180;201300049264;0;10;0;0.0;2.0;4.0;2.0;B01
75181;201300049264;0;7;0;0.0;0.0;4.0;2.0;C01
75182;201300049264;0;7;0;0.0;2.0;1.0;2.0;A01
75183;201300049266;0;7;0;0.0;0.0;4.0;2.0;C01
75184;201300049266;0;7;0;0.0;2.0;4.0;2.0;B01
75185;201300049266;0;14;0;0.0;2.0;1.0;2.0;A01
75186;201300049268;0;10;0;4.0;0.0;1.0;1.0;A01
75187;201300049269;0;7;0;14.0;0.0;1.0;1.0;B01
75188;201300049269;0;7;0;0.0;0.0;6.0;23.0;A01
75189;201300049270;0;15;0;0.0;0.0;6.0;11.0;B01
75190;201300049270;0;7;0;0.0;2.0;2.0;17.0;A01
75191;201300049271;0;7;0;0.0;2.0;1.0;2.0;A01
75192;201300049271;0;7;0;0.0;2.0;4.0;1.0;B01
75193;201300049272;0;10;0;0.0;0.0;7.0;23.0;B01