;Num_Acc;senc;catv;occutc;obs;obsm;choc;manv;num_veh
75194;201300049272;0;10;0;0.0;2.0;1.0;2.0;A01
75195;201300049275;0;7;0;4.0;0.0;3.0;13.0;A01
75196;201300049276;1;7;0;0.0;2.0;0.0;9.0;Z01
75197;201300049276;0;7;0;0.0;2.0;4.0;2.0;A01
75198;201300049277;0;15;0;3.0;0.0;1.0;14.0;A01
75199;201300049278;0;7;0;0.0;2.0;8.0;11.0;A01
75200;201300049278;0;7;0;0.0;2.0;2.0;1.0;B01
75201;201300049278;0;10;0;14.0;0.0;1.0;1.0;C01
75202;201300049279;0;7;0;0.0;2.0;4.0;2.0;B01
75203;201300049279;0;10;0;0.0;2.0;1.0;2.0;A01
75204;201300049279;0;7;0;0.0;0.0;8.0;1.0;C01
75205;201300049280;0;7;0;4.0;9.0;3.0;0.0;A01
75206;201300049281;0;7;0;0.0;2.0;4.0;2.0;A01
75207;201300049281;0;7;0;0.0;2.0;4.0;2.0;C01
75208;201300049281;0;7;0;0.0;0.0;4.0;2.0;B01
75209;201300049282;0;7;0;0.0;2.0;2.0;14.0;A01
75210;201300049282;0;7;0;0.0;2.0;6.0;2.0;B01
75211;201300049283;0;7;0;4.0;0.0;1.0;14.0;A01
75212;201300049284;0;33;0;4.0;0.0;3.0;1.0;A01
75213;201300049285;0;15;0;0.0;0.0;2.0;12.0;A01
75214;201300049285;0;7;0;0.0;0.0;8.0;1.0;B01
75215;201300049285;0;10;0;0.0;0.0;0.0;1.0;T01
75216;201300049286;0;7;0;0.0;0.0;6.0;2.0;B01
75217;201300049286;0;15;0;0.0;0.0;2.0;12.0;A01
75218;201300049288;0;7;0;0.0;0.0;6.0;1.0;C01
75219;201300049288;0;7;0;0.0;2.0;8.0;1.0;B01
75220;201300049288;0;7;0;0.0;2.0;7.0;1.0;A01
75221;201300049289;0;7;0;4.0;2.0;1.0;1.0;A01
75222;201300049289;0;7;0;4.0;2.0;7.0;1.0;B01
75223;201300049291;0;7;0;0.0;0.0;3.0;11.0;A01
75224;201300049292;0;7;0;0.0;2.0;6.0;13.0;A01
75225;201300049292;0;33;0;0.0;0.0;1.0;1.0;B01
75226;201300049293;0;7;0;0.0;2.0;1.0;1.0;B01
75227;201300049293;0;7;0;0.0;0.0;4.0;23.0;A01
75228;201300049294;0;7;0;0.0;2.0;5.0;9.0;B01
75229;201300049294;0;33;0;3.0;2.0;1.0;9.0;A01
75230;201300049295;0;7;0;4.0;0.0;2.0;21.0;B01
75231;201300049295;0;7;0;0.0;0.0;0.0;1.0;A01
75232;201300049296;0;7;0;6.0;0.0;1.0;0.0;A01
75233;201300049296;0;7;0;1.0;2.0;4.0;1.0;B01
75234;201300049297;0;33;0;0.0;0.0;7.0;1.0;A01
75235;201300049297;1;7;0;0.0;2.0;2.0;0.0;Z01
75236;201300049298;0;7;0;0.0;2.0;8.0;1.0;B01
75237;201300049298;0;7;0;0.0;2.0;2.0;5.0;A01
75238;201300049298;0;7;0;0.0;2.0;2.0;1.0;C01
75239;201300049299;0;7;0;0.0;0.0;4.0;2.0;B01
75240;201300049299;0;7;0;0.0;0.0;1.0;2.0;A01
75241;201300049300;0;7;0;0.0;2.0;2.0;2.0;A01
75242;201300049300;0;17;0;0.0;2.0;6.0;2.0;B01
75243;201300049303;0;7;0;0.0;2.0;1.0;1.0;B01
75244;201300049303;0;7;0;4.0;2.0;1.0;13.0;A01
75245;201300049304;0;10;0;13.0;0.0;1.0;0.0;A01
75246;201300049305;0;10;0;4.0;0.0;1.0;1.0;A01
75247;201300049306;0;33;0;0.0;0.0;0.0;1.0;A01
75248;201300049308;0;7;0;0.0;2.0;4.0;2.0;C01
75249;201300049308;0;7;0;0.0;2.0;1.0;2.0;A01
75250;201300049308;0;7;0;0.0;2.0;4.0;2.0;B01
75251;201300049309;0;33;0;0.0;0.0;8.0;1.0;A01
75252;201300049310;0;33;0;0.0;2.0;1.0;3.0;A01
75253;201300049310;0;7;0;0.0;2.0;5.0;12.0;B01
75254;201300049311;0;7;0;12.0;0.0;1.0;1.0;A01
75255;201300049313;0;7;0;0.0;2.0;4.0;2.0;A01
75256;201300049313;1;13;0;0.0;2.0;1.0;2.0;Z01
75257;201300049313;0;7;0;0.0;0.0;4.0;2.0;B01
75258;201300049314;0;10;0;13.0;0.0;1.0;14.0;A01
75259;201300049315;0;7;0;0.0;2.0;4.0;1.0;B01
75260;201300049315;0;7;0;0.0;2.0;1.0;14.0;A01
75261;201300049316;0;7;0;0.0;2.0;8.0;12.0;A01
75262;201300049316;0;33;0;0.0;2.0;3.0;1.0;B01
75263;201300049317;0;10;0;0.0;2.0;1.0;1.0;A01
75264;201300049317;0;10;0;0.0;0.0;4.0;1.0;B01
75265;201300049318;0;14;0;0.0;2.0;2.0;12.0;A01
75266;201300049318;0;7;0;0.0;2.0;3.0;1.0;B01
75267;201300049319;0;14;0;0.0;2.0;2.0;12.0;A01
75268;201300049319;0;7;0;0.0;2.0;3.0;1.0;B01
75269;201300049320;0;7;0;0.0;2.0;3.0;11.0;A01
75270;201300049320;0;7;0;1.0;2.0;5.0;2.0;B01
75271;201300049321;0;14;0;15.0;0.0;1.0;21.0;A01
75272;201300049322;0;7;0;0.0;2.0;1.0;1.0;A01
75273;201300049322;0;15;0;0.0;0.0;4.0;1.0;B01
75274;201300049323;0;7;0;0.0;9.0;3.0;1.0;A01
75275;201300049324;0;7;0;0.0;0.0;4.0;2.0;C01
75276;201300049324;0;7;0;0.0;0.0;1.0;2.0;A01
75277;201300049324;0;7;0;0.0;0.0;1.0;2.0;B01
75278;201300049325;0;7;0;0.0;0.0;4.0;2.0;A01
75279;201300049325;1;15;0;0.0;2.0;1.0;0.0;Z01
75280;201300049326;0;10;0;0.0;2.0;1.0;2.0;A01
75281;201300049326;0;7;0;0.0;2.0;4.0;2.0;B01
75282;201300049327;1;99;0;0.0;2.0;1.0;2.0;Z01
75283;201300049327;0;7;0;0.0;2.0;2.0;2.0;B01
75284;201300049327;0;7;0;0.0;2.0;6.0;1.0;A01
75285;201300049328;0;7;0;3.0;0.0;3.0;0.0;A01
75286;201300049328;0;7;0;0.0;0.0;0.0;0.0;T01
75287;201300049329;0;7;0;4.0;0.0;3.0;0.0;A01
75288;201300049330;0;7;0;0.0;0.0;1.0;0.0;A01
75289;201300049331;0;7;0;0.0;0.0;0.0;1.0;A01
75290;201300049332;0;7;0;0.0;2.0;8.0;22.0;A01
75291;201300049332;0;7;0;0.0;2.0;2.0;21.0;B01
75292;201300049333;0;17;0;0.0;2.0;2.0;12.0;A01
75293;201300049333;0;7;0;0.0;2.0;6.0;1.0;B01
75294;201300049334;0;15;0;0.0;0.0;3.0;13.0;A01
75295;201300049334;0;15;0;0.0;2.0;2.0;2.0;B01
75296;201300049335;0;7;0;4.0;2.0;9.0;0.0;A01
75297;201300049335;1;7;0;0.0;0.0;0.0;0.0;Z01
75298;201300049336;0;10;0;3.0;0.0;9.0;1.0;A01
75299;201300049337;0;7;0;0.0;2.0;6.0;1.0;A01
75300;201300049337;0;7;0;3.0;2.0;2.0;1.0;B01
75301;201300049338;0;7;0;0.0;2.0;5.0;1.0;C01
75302;201300049338;0;7;0;0.0;2.0;2.0;1.0;B01
75303;201300049338;0;7;0;0.0;0.0;0.0;1.0;T01
75304;201300049338;0;7;0;0.0;2.0;6.0;11.0;A01
75305;201300049339;0;7;0;4.0;0.0;3.0;11.0;A01
75306;201300049340;0;7;0;4.0;0.0;9.0;0.0;A01
75307;201300049341;0;7;0;0.0;2.0;2.0;14.0;A01
75308;201300049341;0;7;0;0.0;2.0;6.0;0.0;B01
75309;201300049342;0;7;0;3.0;0.0;1.0;16.0;A01
75310;201300049343;0;15;0;0.0;2.0;2.0;12.0;A01
75311;201300049343;0;7;0;0.0;2.0;8.0;1.0;B01
75312;201300049344;0;10;0;0.0;2.0;1.0;5.0;A01
75313;201300049344;0;10;0;0.0;2.0;1.0;2.0;C01
75314;201300049344;0;10;0;0.0;2.0;7.0;21.0;B01
75315;201300049345;0;10;0;0.0;2.0;1.0;1.0;A01
75316;201300049345;0;7;0;0.0;0.0;4.0;1.0;B01
75317;201300049346;0;14;0;0.0;2.0;2.0;12.0;A01
75318;201300049346;0;7;0;0.0;2.0;8.0;0.0;B01
75319;201300049347;0;10;0;0.0;2.0;5.0;1.0;B01
75320;201300049347;0;33;0;0.0;2.0;1.0;17.0;A01
75321;201300049348;0;7;0;0.0;2.0;2.0;2.0;A01
75322;201300049348;0;10;0;0.0;0.0;4.0;2.0;B01
75323;201300049349;0;33;0;0.0;2.0;4.0;2.0;B01
75324;201300049349;0;7;0;0.0;9.0;3.0;2.0;A01
75325;201300049350;0;7;0;0.0;2.0;9.0;1.0;B01
75326;201300049350;0;7;0;4.0;2.0;3.0;12.0;A01
75327;201300049351;0;33;0;0.0;0.0;7.0;21.0;B01
75328;201300049351;0;7;0;0.0;0.0;0.0;19.0;A01
75329;201300049352;0;7;0;0.0;0.0;0.0;16.0;A01
75330;201300049353;0;7;0;0.0;0.0;9.0;1.0;A01
75331;201300049354;0;7;0;0.0;2.0;5.0;12.0;A01
75332;201300049354;0;33;0;0.0;2.0;1.0;3.0;B01
75333;201300049355;0;10;0;12.0;0.0;2.0;1.0;A01
75334;201300049356;0;7;0;4.0;2.0;4.0;1.0;A01
75335;201300049356;0;10;0;0.0;2.0;0.0;1.0;B01
75336;201300049357;0;7;0;3.0;2.0;2.0;2.0;A01
75337;201300049357;0;7;0;0.0;2.0;6.0;23.0;B01
75338;201300049358;0;15;0;3.0;0.0;2.0;1.0;A01
75339;201300049359;1;99;0;0.0;2.0;2.0;17.0;Z01
75340;201300049359;1;10;0;12.0;2.0;4.0;9.0;A01
75341;201300049360;0;7;0;0.0;2.0;2.0;12.0;A01
75342;201300049360;0;7;0;4.0;2.0;6.0;1.0;B01
75343;201300049361;0;33;0;0.0;2.0;1.0;17.0;B01
75344;201300049361;0;7;0;0.0;2.0;6.0;10.0;A01
75345;201300049362;0;7;0;3.0;0.0;1.0;1.0;A01
75346;201300049363;0;7;0;0.0;2.0;1.0;2.0;A01
75347;201300049363;0;7;0;0.0;2.0;4.0;2.0;B01
75348;201300049364;0;7;0;0.0;2.0;0.0;9.0;A01
75349;201300049364;0;7;0;0.0;2.0;3.0;1.0;C02
75350;201300049364;0;7;0;0.0;0.0;7.0;1.0;B02
75351;201300049365;0;7;0;4.0;2.0;1.0;1.0;B01
75352;201300049365;0;7;0;0.0;2.0;2.0;9.0;A01
75353;201300049365;0;7;0;0.0;2.0;3.0;1.0;C01
75354;201300049366;0;7;0;4.0;0.0;2.0;2.0;A01
75355;201300049368;0;7;0;0.0;2.0;4.0;2.0;C01
75356;201300049368;0;7;0;0.0;2.0;4.0;2.0;B01
75357;201300049368;0;7;0;0.0;0.0;4.0;2.0;D01
75358;201300049368;0;7;0;0.0;2.0;1.0;2.0;A01
75359;201300049369;0;17;0;0.0;0.0;6.0;2.0;B01
75360;201300049369;0;10;0;0.0;2.0;1.0;2.0;A01
75361;201300049370;1;7;0;0.0;2.0;3.0;18.0;A01
75362;201300049370;0;7;0;0.0;0.0;5.0;1.0;B01
75363;201300049371;0;10;0;0.0;2.0;4.0;2.0;B01
75364;201300049371;0;10;0;0.0;2.0;1.0;2.0;A01
75365;201300049372;0;7;0;4.0;2.0;8.0;1.0;B01
75366;201300049372;0;17;0;0.0;2.0;2.0;12.0;A01
75367;201300049373;0;10;0;4.0;0.0;1.0;0.0;A01
75368;201300049374;0;7;0;4.0;0.0;4.0;2.0;A01
75369;201300049375;0;7;0;0.0;2.0;1.0;2.0;A01
75370;201300049375;0;7;0;0.0;0.0;4.0;1.0;B01
75371;201300049377;0;10;0;0.0;0.0;8.0;1.0;B01
75372;201300049377;0;17;0;0.0;2.0;2.0;12.0;A01
75373;201300049378;0;7;0;4.0;0.0;9.0;0.0;A01
75374;201300049379;0;7;0;4.0;2.0;7.0;17.0;A01
75375;201300049379;0;7;0;4.0;2.0;8.0;1.0;B01
75376;201300049380;0;7;0;3.0;0.0;2.0;17.0;A01
75377;201300049381;0;34;0;0.0;0.0;8.0;1.0;A01
75378;201300049382;0;10;0;;2.0;6.0;1.0;D04
75379;201300049382;2;7;0;;2.0;2.0;12.0;E01
75380;201300049382;0;7;0;;2.0;3.0;1.0;B02
75381;201300049382;0;7;0;;2.0;3.0;1.0;C03
75382;201300049382;1;7;0;3.0;2.0;2.0;12.0;A01
75383;201300049383;1;10;0;0.0;2.0;1.0;2.0;Z01
75384;201300049383;0;7;0;0.0;0.0;4.0;2.0;A01
75385;201300049384;0;7;0;0.0;2.0;8.0;1.0;B01
75386;201300049384;0;7;0;0.0;2.0;1.0;1.0;C01
75387;201300049384;0;14;0;0.0;2.0;2.0;12.0;A01
75388;201300049385;0;7;0;4.0;0.0;3.0;1.0;A01
75389;201300049386;0;33;0;0.0;0.0;0.0;0.0;A01
75390;201300049387;0;7;0;0.0;0.0;5.0;12.0;B01
75391;201300049387;0;33;0;0.0;2.0;5.0;0.0;A01
75392;201300049388;0;10;0;0.0;2.0;1.0;2.0;A01
75393;201300049388;0;10;0;0.0;0.0;4.0;1.0;B01
75394;201300049389;0;7;0;0.0;0.0;8.0;2.0;A01
75395;201300049389;0;10;0;0.0;0.0;0.0;21.0;C01
75396;201300049389;0;7;0;0.0;2.0;8.0;21.0;B01
75397;201300049390;2;7;0;0.0;2.0;1.0;2.0;Y01
75398;201300049390;0;7;0;0.0;0.0;6.0;2.0;F02
75399;201300049390;0;10;0;0.0;0.0;4.0;2.0;B01
75400;201300049390;2;7;0;0.0;2.0;1.0;2.0;Z01
75401;201300049390;0;10;0;0.0;2.0;8.0;2.0;E01
75402;201300049390;0;7;0;0.0;2.0;4.0;2.0;A01
75403;201300049391;0;7;0;0.0;2.0;7.0;21.0;A01
75404;201300049391;0;10;0;0.0;2.0;1.0;1.0;B01
75405;201300049392;0;33;0;0.0;2.0;7.0;2.0;B01
75406;201300049392;0;7;0;0.0;2.0;8.0;13.0;A01
75407;201300049393;0;17;0;0.0;2.0;1.0;2.0;A01
75408;201300049393;0;17;0;0.0;0.0;4.0;2.0;B01
75409;201300049395;0;7;0;0.0;2.0;1.0;2.0;A01
75410;201300049395;0;7;0;0.0;0.0;4.0;2.0;B01
75411;201300049396;0;10;0;0.0;2.0;4.0;2.0;C01
75412;201300049396;0;17;0;0.0;2.0;1.0;2.0;A01
75413;201300049396;0;7;0;0.0;0.0;5.0;2.0;D01
75414;201300049396;0;7;0;0.0;2.0;4.0;2.0;B01
75415;201300049397;0;7;0;4.0;0.0;3.0;0.0;A01
75416;201300049398;0;7;0;0.0;2.0;1.0;1.0;A01
75417;201300049398;0;7;0;0.0;2.0;4.0;2.0;C01
75418;201300049398;0;7;0;0.0;2.0;4.0;2.0;B01
75419;201300049399;0;7;0;4.0;0.0;7.0;1.0;A01
75420;201300049400;0;2;0;0.0;0.0;0.0;13.0;A01
75421;201300049401;0;7;0;4.0;0.0;1.0;11.0;A01
75422;201300049402;0;7;0;0.0;2.0;1.0;2.0;A01
75423;201300049402;0;7;0;0.0;0.0;4.0;2.0;B01
75424;201300049402;0;7;0;0.0;0.0;4.0;2.0;C01
75425;201300049403;0;7;0;4.0;0.0;9.0;1.0;A01
75426;201300049404;0;7;0;4.0;0.0;2.0;1.0;A01
75427;201300049405;0;7;0;0.0;2.0;1.0;2.0;B01
75428;201300049405;0;17;0;0.0;2.0;4.0;1.0;C01
75429;201300049405;0;7;0;0.0;9.0;1.0;2.0;A01
75430;201300049406;0;33;0;0.0;2.0;6.0;1.0;B01
75431;201300049406;0;7;0;0.0;2.0;2.0;12.0;A01
75432;201300049406;0;7;0;0.0;2.0;4.0;1.0;C01
75433;201300049407;0;33;0;0.0;2.0;1.0;11.0;A01
75434;201300049407;0;7;0;0.0;2.0;6.0;2.0;B01
75435;201300049408;0;7;0;0.0;2.0;4.0;2.0;C01
75436;201300049408;0;7;0;0.0;2.0;4.0;2.0;D01
75437;201300049408;0;7;0;0.0;2.0;1.0;9.0;A01
75438;201300049408;0;7;0;0.0;2.0;4.0;2.0;B01
75439;201300049409;0;7;0;0.0;2.0;2.0;14.0;A01
75440;201300049409;0;15;0;0.0;2.0;5.0;1.0;C01
75441;201300049409;0;7;0;0.0;2.0;4.0;1.0;B01
75442;201300049410;0;7;0;0.0;2.0;1.0;2.0;A01
75443;201300049410;0;7;0;0.0;2.0;4.0;2.0;B01
75444;201300049411;0;10;0;0.0;2.0;2.0;2.0;A01
75445;201300049411;0;33;0;0.0;2.0;6.0;1.0;B01
75446;201300049412;0;33;0;0.0;0.0;0.0;1.0;A01
75447;201300049413;0;10;0;0.0;2.0;1.0;3.0;A01
75448;201300049413;0;15;0;0.0;0.0;6.0;1.0;B01
75449;201300049414;0;7;0;0.0;2.0;2.0;17.0;A01
75450;201300049414;0;7;0;0.0;0.0;4.0;1.0;B01
75451;201300049415;0;7;0;0.0;2.0;1.0;2.0;A01
75452;201300049415;0;7;0;0.0;0.0;4.0;2.0;B01
75453;201300049416;0;7;0;0.0;0.0;4.0;1.0;F02
75454;201300049416;0;7;0;0.0;2.0;4.0;23.0;E01
75455;201300049416;0;7;0;0.0;2.0;4.0;23.0;D01
75456;201300049416;0;7;0;0.0;2.0;4.0;23.0;C01
75457;201300049416;0;7;0;0.0;2.0;4.0;2.0;B01
75458;201300049416;0;10;0;0.0;2.0;1.0;2.0;A01
75459;201300049417;0;7;0;4.0;0.0;1.0;0.0;A01
75460;201300049418;0;7;0;0.0;2.0;2.0;14.0;A01
75461;201300049418;0;17;0;0.0;0.0;6.0;1.0;B01
75462;201300049419;0;15;0;4.0;0.0;7.0;1.0;A01
75463;201300049420;0;7;0;0.0;0.0;4.0;1.0;B01
75464;201300049420;0;7;0;0.0;2.0;1.0;2.0;A01
75465;201300049421;0;10;0;4.0;0.0;1.0;1.0;A01
75466;201300049422;1;7;0;0.0;2.0;1.0;12.0;Z01
75467;201300049422;0;7;0;0.0;2.0;4.0;2.0;A01
75468;201300049423;0;31;0;0.0;0.0;1.0;1.0;A01
75469;201300049424;0;7;0;4.0;0.0;3.0;12.0;A01
75470;201300049424;0;33;0;0.0;2.0;0.0;21.0;B01
75471;201300049425;0;7;0;0.0;2.0;7.0;2.0;D01
75472;201300049425;0;17;0;0.0;2.0;6.0;1.0;B01
75473;201300049425;0;7;0;0.0;2.0;2.0;12.0;A01
75474;201300049425;0;7;0;0.0;2.0;2.0;1.0;C01
75475;201300049426;0;10;0;0.0;2.0;1.0;2.0;A01
75476;201300049426;0;7;0;0.0;2.0;4.0;0.0;B01
75477;201300049427;0;33;0;0.0;0.0;0.0;1.0;A01
75478;201300049427;1;33;0;0.0;2.0;1.0;3.0;Z01
75479;201300049428;0;7;0;0.0;0.0;1.0;1.0;A01
75480;201300049429;0;7;0;4.0;0.0;3.0;13.0;A01
75481;201300049430;0;15;0;0.0;2.0;1.0;2.0;A01
75482;201300049430;0;15;0;0.0;2.0;4.0;2.0;B01
75483;201300049431;0;15;0;0.0;2.0;3.0;0.0;B01
75484;201300049431;0;10;0;0.0;2.0;1.0;13.0;A01
75485;201300049432;0;7;0;0.0;2.0;1.0;2.0;A01
75486;201300049432;0;7;0;0.0;0.0;4.0;2.0;C01
75487;201300049432;0;7;0;0.0;2.0;4.0;2.0;B01
75488;201300049433;0;34;0;9.0;0.0;1.0;21.0;B01
75489;201300049433;1;30;0;0.0;0.0;0.0;9.0;A01
75490;201300049435;0;15;0;6.0;0.0;1.0;1.0;A01
75491;201300049436;0;7;0;0.0;2.0;8.0;1.0;B01
75492;201300049436;0;15;0;0.0;2.0;7.0;12.0;A01
75493;201300049437;0;7;0;0.0;2.0;4.0;2.0;C01
75494;201300049437;0;10;0;0.0;2.0;1.0;2.0;B01
75495;201300049437;0;10;0;0.0;2.0;1.0;2.0;A01
75496;201300049438;0;7;0;14.0;0.0;1.0;1.0;A01
75497;201300049439;0;10;0;4.0;2.0;2.0;2.0;A01
75498;201300049439;0;99;0;4.0;0.0;6.0;2.0;B01
75499;201300049440;0;7;0;4.0;0.0;1.0;11.0;A01
75500;201300049442;0;7;0;0.0;2.0;1.0;2.0;A01
75501;201300049442;0;7;0;0.0;0.0;4.0;0.0;B01
75502;201300049443;0;7;0;0.0;0.0;3.0;1.0;A01
75503;201300049443;0;7;0;0.0;0.0;5.0;14.0;B01
75504;201300049444;0;33;0;4.0;0.0;8.0;2.0;A01
75505;201300049445;0;7;0;4.0;0.0;2.0;1.0;A01
75506;201300049446;0;7;0;0.0;0.0;7.0;1.0;B01
75507;201300049446;0;17;0;0.0;2.0;1.0;9.0;A01
75508;201300049447;0;7;0;4.0;0.0;0.0;14.0;A01
75509;201300049448;0;7;0;0.0;0.0;6.0;1.0;B01
75510;201300049448;0;7;0;4.0;2.0;3.0;17.0;A01
75511;201300049449;0;10;0;4.0;0.0;3.0;1.0;A01
75512;201300049450;0;7;0;4.0;0.0;3.0;21.0;A01
75513;201300049451;0;15;0;0.0;0.0;5.0;23.0;B01
75514;201300049451;0;7;0;14.0;0.0;3.0;2.0;A01
75515;201300049452;0;7;0;0.0;2.0;0.0;0.0;A01
75516;201300049452;0;7;0;0.0;2.0;0.0;0.0;B01
75517;201300049453;0;7;0;0.0;0.0;4.0;0.0;A01
75518;201300049453;1;7;0;0.0;2.0;2.0;11.0;Z01
75519;201300049454;0;33;0;4.0;0.0;8.0;0.0;A01
75520;201300049455;0;7;0;0.0;2.0;1.0;1.0;A01
75521;201300049455;0;7;0;0.0;2.0;4.0;1.0;B01
75522;201300049455;0;7;0;0.0;0.0;4.0;23.0;C01
75523;201300049456;0;7;0;0.0;2.0;3.0;1.0;A01
75524;201300049456;0;7;0;0.0;0.0;4.0;1.0;B01
75525;201300049458;0;7;0;0.0;0.0;0.0;2.0;T01
75526;201300049458;0;7;0;4.0;0.0;2.0;2.0;A01
75527;201300049458;0;7;0;4.0;2.0;6.0;2.0;B01
75528;201300049459;0;7;0;0.0;2.0;1.0;1.0;B01
75529;201300049459;0;7;0;0.0;2.0;1.0;1.0;C01
75530;201300049459;0;7;0;0.0;0.0;8.0;23.0;A01
75531;201300049460;0;7;0;4.0;0.0;1.0;1.0;A01
75532;201300049461;0;33;0;0.0;0.0;8.0;1.0;A01
75533;201300049462;0;7;0;3.0;2.0;1.0;2.0;A01
75534;201300049462;0;7;0;0.0;0.0;4.0;2.0;B01
75535;201300049463;0;7;0;4.0;0.0;3.0;1.0;A01
75536;201300049464;0;33;0;3.0;0.0;8.0;14.0;A01
75537;201300049465;0;17;0;0.0;2.0;6.0;11.0;A01
75538;201300049465;0;10;0;4.0;2.0;2.0;20.0;B01
75539;201300049466;0;17;0;6.0;0.0;2.0;14.0;A01
75540;201300049467;0;7;0;0.0;2.0;4.0;2.0;A01
75541;201300049467;0;7;0;0.0;2.0;6.0;2.0;B01
75542;201300049467;0;7;0;;2.0;4.0;2.0;C01
75543;201300049467;0;7;0;0.0;2.0;4.0;2.0;D01
75544;201300049467;1;7;0;;;;;Z01
75545;201300049468;0;33;0;0.0;0.0;1.0;14.0;A01
75546;201300049470;0;7;0;0.0;0.0;4.0;2.0;B01
75547;201300049470;0;7;0;0.0;0.0;1.0;13.0;A01
75548;201300049471;0;7;0;1.0;0.0;8.0;21.0;C01
75549;201300049471;0;7;0;4.0;0.0;2.0;1.0;A01
75550;201300049471;0;38;67;1.0;0.0;1.0;1.0;B01
75551;201300049472;0;7;0;4.0;0.0;2.0;1.0;A01
75552;201300049474;0;17;0;0.0;2.0;2.0;12.0;A01
75553;201300049474;0;7;0;4.0;2.0;6.0;1.0;B01
75554;201300049475;0;10;0;0.0;2.0;4.0;2.0;C01
75555;201300049475;0;10;0;0.0;2.0;1.0;2.0;A01
75556;201300049475;0;10;0;0.0;2.0;4.0;2.0;B01
75557;201300049475;0;10;0;0.0;0.0;4.0;0.0;D01
75558;201300049476;0;7;0;0.0;2.0;1.0;2.0;A01
75559;201300049476;0;7;0;0.0;2.0;4.0;2.0;B01
75560;201300049477;0;7;0;0.0;2.0;4.0;2.0;C01
75561;201300049477;0;7;0;0.0;2.0;4.0;2.0;B01
75562;201300049477;0;7;0;0.0;2.0;1.0;2.0;A01
75563;201300049478;0;7;0;0.0;2.0;1.0;2.0;A01
75564;201300049478;0;10;0;0.0;0.0;4.0;2.0;B01
75565;201300049479;0;7;0;0.0;2.0;1.0;2.0;A01
75566;201300049479;0;7;0;0.0;0.0;4.0;2.0;B01
75567;201300049480;0;7;0;3.0;0.0;2.0;21.0;A01
75568;201300049481;0;99;0;0.0;0.0;4.0;1.0;B01
75569;201300049481;0;15;0;0.0;0.0;2.0;13.0;C01
75570;201300049481;0;15;0;0.0;2.0;2.0;11.0;A01
75571;201300049482;0;7;0;0.0;2.0;1.0;2.0;A01
75572;201300049482;0;7;0;0.0;2.0;4.0;1.0;B01
75573;201300049482;0;7;0;0.0;2.0;4.0;2.0;D01
75574;201300049482;0;7;0;0.0;2.0;4.0;2.0;C01
75575;201300049483;0;7;0;0.0;2.0;2.0;5.0;A01
75576;201300049483;0;7;0;0.0;2.0;7.0;21.0;B01
75577;201300049484;0;7;0;4.0;2.0;8.0;1.0;B01
75578;201300049484;0;7;0;0.0;2.0;7.0;14.0;A01
75579;201300049485;0;7;0;0.0;2.0;7.0;1.0;D01
75580;201300049485;0;7;0;0.0;2.0;1.0;1.0;B01
75581;201300049485;0;7;0;0.0;2.0;4.0;2.0;C01
75582;201300049485;0;10;0;0.0;2.0;1.0;1.0;A01
75583;201300049486;0;7;0;4.0;0.0;1.0;1.0;A01
75584;201300049487;0;7;0;0.0;2.0;4.0;2.0;C01
75585;201300049487;0;7;0;0.0;2.0;4.0;2.0;B01
75586;201300049487;0;7;0;0.0;2.0;1.0;2.0;A01
75587;201300049488;0;33;0;0.0;2.0;1.0;2.0;A01
75588;201300049488;0;7;0;0.0;2.0;4.0;2.0;B01
75589;201300049490;0;7;0;0.0;0.0;4.0;2.0;B01
75590;201300049490;0;7;0;0.0;2.0;1.0;2.0;A01
75591;201300049491;0;7;0;0.0;2.0;1.0;2.0;A01
75592;201300049491;0;7;0;0.0;2.0;4.0;2.0;B01
75593;201300049492;0;7;0;14.0;2.0;7.0;1.0;C01
75594;201300049492;0;7;0;0.0;2.0;1.0;1.0;A01
75595;201300049492;0;7;0;0.0;0.0;4.0;2.0;B01
75596;201300049492;0;7;0;1.0;2.0;2.0;1.0;D01
75597;201300049493;1;10;0;0.0;2.0;1.0;2.0;Z01
75598;201300049493;0;7;0;4.0;0.0;4.0;1.0;A01
75599;201300049494;0;7;0;4.0;0.0;1.0;0.0;A01
75600;201300049495;0;7;0;0.0;0.0;5.0;2.0;B01
75601;201300049495;0;7;0;0.0;2.0;1.0;2.0;A01
75602;201300049496;0;7;0;3.0;2.0;2.0;17.0;A01
75603;201300049496;0;7;0;0.0;2.0;3.0;1.0;B01
75604;201300049497;0;7;0;0.0;2.0;1.0;1.0;B01
75605;201300049497;0;7;0;0.0;2.0;7.0;19.0;A01
75606;201300049498;0;7;0;4.0;0.0;1.0;0.0;A01
75607;201300049500;0;10;0;0.0;2.0;4.0;2.0;B01
75608;201300049500;0;7;0;0.0;2.0;1.0;1.0;A01
75609;201300049500;0;99;0;0.0;2.0;4.0;2.0;C01
75610;201300049501;0;7;0;0.0;2.0;1.0;2.0;A01
75611;201300049501;0;7;0;0.0;2.0;4.0;2.0;D01
75612;201300049501;0;7;0;0.0;2.0;4.0;2.0;B01
75613;201300049501;0;7;0;0.0;2.0;4.0;2.0;C01
75614;201300049502;0;7;0;4.0;2.0;6.0;0.0;B01
75615;201300049502;0;17;0;0.0;2.0;2.0;12.0;A01