;Num_Acc;senc;catv;occutc;obs;obsm;choc;manv;num_veh
75616;201300049503;0;7;0;0.0;2.0;8.0;1.0;B01
75617;201300049503;0;7;0;3.0;2.0;9.0;14.0;A01
75618;201300049504;0;7;0;4.0;0.0;7.0;14.0;A01
75619;201300049507;0;33;0;0.0;2.0;2.0;17.0;B01
75620;201300049507;0;7;0;0.0;2.0;8.0;10.0;A01
75621;201300049508;0;7;0;0.0;2.0;1.0;2.0;A01
75622;201300049508;0;7;0;0.0;0.0;4.0;2.0;B01
75623;201300049509;0;7;0;4.0;0.0;1.0;0.0;A01
75624;201300049510;0;7;0;0.0;0.0;1.0;21.0;A01
75625;201300049511;0;10;0;0.0;2.0;1.0;2.0;A01
75626;201300049511;0;14;0;0.0;2.0;4.0;2.0;B01
75627;201300049512;0;7;0;0.0;0.0;4.0;2.0;C01
75628;201300049512;0;7;0;0.0;2.0;1.0;2.0;A01
75629;201300049512;0;7;0;0.0;2.0;4.0;2.0;B01
75630;201300049514;0;33;0;0.0;0.0;0.0;15.0;A01
75631;201300049516;0;7;0;0.0;0.0;0.0;0.0;B01
75632;201300049516;0;7;0;0.0;0.0;0.0;0.0;A01
75633;201300049517;0;7;0;0.0;2.0;1.0;2.0;A01
75634;201300049517;0;10;0;0.0;2.0;2.0;2.0;C01
75635;201300049517;0;7;0;0.0;0.0;4.0;0.0;B01
75636;201300049518;0;10;0;0.0;0.0;4.0;2.0;D01
75637;201300049518;0;14;0;0.0;2.0;1.0;2.0;A01
75638;201300049518;0;10;0;0.0;0.0;4.0;2.0;C01
75639;201300049518;0;17;0;0.0;0.0;4.0;2.0;E01
75640;201300049518;0;10;0;0.0;0.0;4.0;2.0;B01
75641;201300049520;0;7;0;4.0;0.0;8.0;11.0;A01
75642;201300049521;0;31;0;14.0;0.0;2.0;1.0;A01
75643;201300049522;0;7;0;0.0;0.0;6.0;1.0;B01
75644;201300049522;0;10;0;0.0;2.0;3.0;1.0;A01
75645;201300049523;0;33;0;0.0;0.0;8.0;17.0;A01
75646;201300049524;0;7;0;4.0;0.0;1.0;15.0;A01
75647;201300049525;0;7;0;0.0;2.0;1.0;1.0;C01
75648;201300049525;0;7;0;14.0;2.0;3.0;9.0;A01
75649;201300049525;0;7;0;0.0;2.0;7.0;1.0;B01
75650;201300049526;0;7;0;6.0;0.0;1.0;0.0;A01
75651;201300049527;0;7;0;0.0;0.0;4.0;2.0;D01
75652;201300049527;0;7;0;0.0;0.0;4.0;2.0;B01
75653;201300049527;0;7;0;0.0;2.0;1.0;2.0;A01
75654;201300049527;0;7;0;0.0;0.0;4.0;2.0;C01
75655;201300049528;0;33;0;0.0;0.0;0.0;1.0;A01
75656;201300049529;0;7;0;3.0;0.0;1.0;0.0;A01
75657;201300049530;0;7;0;0.0;2.0;1.0;2.0;A01
75658;201300049530;0;7;0;0.0;0.0;4.0;2.0;B01
75659;201300049531;0;7;0;4.0;0.0;3.0;16.0;A01
75660;201300049532;0;7;0;0.0;2.0;1.0;2.0;A01
75661;201300049532;0;7;0;0.0;2.0;4.0;2.0;B01
75662;201300049532;0;7;0;0.0;0.0;4.0;2.0;C01
75663;201300049533;0;7;0;0.0;2.0;8.0;1.0;B01
75664;201300049533;0;15;0;0.0;2.0;2.0;12.0;A01
75665;201300049534;0;7;0;0.0;2.0;5.0;21.0;B01
75666;201300049534;0;7;0;4.0;2.0;4.0;11.0;A01
75667;201300049535;0;7;0;13.0;0.0;9.0;1.0;A01
75668;201300049536;0;10;0;0.0;0.0;0.0;24.0;B01
75669;201300049536;0;7;0;0.0;1.0;1.0;0.0;A01
75670;201300049537;0;7;0;0.0;2.0;1.0;2.0;A01
75671;201300049537;0;7;0;0.0;2.0;4.0;2.0;B01
75672;201300049537;0;7;0;0.0;2.0;4.0;2.0;C01
75673;201300049538;0;7;0;0.0;2.0;2.0;14.0;A01
75674;201300049538;0;7;0;0.0;0.0;8.0;1.0;B01
75675;201300049539;0;7;0;0.0;2.0;8.0;13.0;A01
75676;201300049539;0;16;0;0.0;2.0;8.0;1.0;B01
75677;201300049540;0;7;0;0.0;0.0;4.0;2.0;B01
75678;201300049540;0;7;0;0.0;2.0;1.0;2.0;A01
75679;201300049541;0;10;0;4.0;0.0;4.0;2.0;B01
75680;201300049541;0;10;0;0.0;2.0;3.0;2.0;A01
75681;201300049542;0;33;0;0.0;2.0;8.0;1.0;B01
75682;201300049542;0;7;0;0.0;2.0;3.0;11.0;A01
75683;201300049543;0;7;0;0.0;0.0;8.0;11.0;A01
75684;201300049543;0;17;0;0.0;2.0;1.0;15.0;B01
75685;201300049544;0;7;0;0.0;2.0;1.0;13.0;A01
75686;201300049544;0;7;0;0.0;2.0;1.0;14.0;B01
75687;201300049544;0;15;0;0.0;2.0;8.0;1.0;C01
75688;201300049545;0;14;0;;2.0;2.0;1.0;A01
75689;201300049545;0;7;0;;2.0;6.0;1.0;B02
75690;201300049546;0;7;0;0.0;0.0;4.0;2.0;B01
75691;201300049546;0;7;0;0.0;0.0;4.0;2.0;C01
75692;201300049546;0;7;0;0.0;0.0;1.0;2.0;A01
75693;201300049547;0;7;0;4.0;0.0;4.0;1.0;A01
75694;201300049548;0;7;0;4.0;6.0;3.0;21.0;A01
75695;201300049550;0;10;0;0.0;0.0;6.0;2.0;B01
75696;201300049550;0;15;0;0.0;2.0;2.0;12.0;A01
75697;201300049551;0;99;0;0.0;2.0;1.0;1.0;A01
75698;201300049551;0;7;0;0.0;2.0;9.0;0.0;B01
75699;201300049551;0;7;0;0.0;2.0;0.0;0.0;C01
75700;201300049551;0;7;0;0.0;0.0;0.0;0.0;D01
75701;201300049551;0;7;0;0.0;2.0;0.0;0.0;E01
75702;201300049551;0;7;0;0.0;2.0;6.0;0.0;F02
75703;201300049551;0;7;0;0.0;0.0;0.0;0.0;G02
75704;201300049552;0;14;0;0.0;2.0;1.0;2.0;A01
75705;201300049552;0;10;0;0.0;2.0;4.0;2.0;C01
75706;201300049552;0;7;0;0.0;2.0;4.0;2.0;B01
75707;201300049553;0;10;0;0.0;2.0;1.0;2.0;A01
75708;201300049553;0;17;0;0.0;2.0;4.0;2.0;B01
75709;201300049554;0;7;0;0.0;0.0;6.0;23.0;B01
75710;201300049554;0;33;0;1.0;0.0;1.0;2.0;A01
75711;201300049555;0;33;0;13.0;0.0;7.0;13.0;A01
75712;201300049556;0;15;0;12.0;0.0;7.0;15.0;A01
75713;201300049557;0;7;0;4.0;;8.0;;A01
75714;201300049557;1;7;0;;;;;Z02
75715;201300049558;0;7;0;4.0;2.0;5.0;12.0;A01
75716;201300049558;0;7;0;0.0;2.0;8.0;1.0;B01
75717;201300049560;0;7;0;4.0;0.0;3.0;0.0;A01
75718;201300049562;0;7;0;4.0;0.0;7.0;1.0;A01
75719;201300049563;0;7;0;13.0;0.0;2.0;0.0;A01
75720;201300049564;0;7;0;0.0;0.0;7.0;14.0;A01
75721;201300049565;0;7;0;3.0;9.0;2.0;1.0;A01
75722;201300049565;0;17;0;0.0;2.0;8.0;1.0;B01
75723;201300049566;0;7;0;3.0;0.0;1.0;1.0;A01
75724;201300049567;0;7;0;4.0;0.0;3.0;2.0;A01
75725;201300049568;0;37;1;0.0;1.0;2.0;1.0;A01
75726;201300049569;0;10;0;0.0;2.0;1.0;13.0;A01
75727;201300049569;0;7;0;0.0;2.0;6.0;1.0;B01
75728;201300049569;0;32;0;0.0;2.0;1.0;1.0;C01
75729;201300049570;0;7;0;6.0;0.0;1.0;14.0;A01
75730;201300049571;0;7;0;0.0;2.0;3.0;1.0;B01
75731;201300049571;0;7;0;0.0;2.0;3.0;13.0;A01
75732;201300049572;0;31;0;0.0;1.0;1.0;17.0;A01
75733;201300049573;0;7;0;0.0;1.0;1.0;1.0;A01
75734;201300049574;0;7;0;2.0;0.0;0.0;1.0;A01
75735;201300049576;0;7;0;0.0;1.0;8.0;2.0;A01
75736;201300049577;0;7;0;0.0;2.0;3.0;10.0;A01
75737;201300049577;0;33;0;0.0;2.0;1.0;2.0;B01
75738;201300049578;0;7;0;4.0;0.0;3.0;16.0;A01
75739;201300049579;0;14;0;0.0;2.0;3.0;13.0;A01
75740;201300049579;0;37;5;0.0;2.0;8.0;0.0;B01
75741;201300049580;0;7;0;1.0;2.0;3.0;5.0;A01
75742;201300049580;0;7;0;0.0;2.0;3.0;1.0;B01
75743;201300049581;0;7;0;0.0;1.0;0.0;4.0;A01
75744;201300049583;0;33;0;8.0;0.0;1.0;14.0;A01
75745;201300049585;0;7;0;0.0;2.0;3.0;1.0;B01
75746;201300049585;0;10;0;0.0;2.0;1.0;1.0;A01
75747;201300049586;0;7;0;0.0;1.0;1.0;1.0;A01
75748;201300049587;0;1;0;0.0;2.0;1.0;1.0;B01
75749;201300049587;0;7;0;0.0;2.0;2.0;15.0;A01
75750;201300049588;0;30;0;0.0;2.0;1.0;1.0;B01
75751;201300049588;0;7;0;0.0;2.0;8.0;9.0;A01
75752;201300049589;0;7;0;0.0;2.0;1.0;1.0;B01
75753;201300049589;0;7;0;0.0;2.0;3.0;19.0;A01
75754;201300049590;0;7;0;6.0;0.0;1.0;1.0;A01
75755;201300049591;0;7;0;7.0;0.0;1.0;16.0;A01
75756;201300049592;0;7;0;4.0;0.0;1.0;1.0;A01
75757;201300049593;0;32;0;0.0;2.0;8.0;1.0;B01
75758;201300049593;0;7;0;0.0;2.0;8.0;9.0;A01
75759;201300049594;0;7;0;0.0;2.0;3.0;16.0;A01
75760;201300049594;0;7;0;0.0;2.0;8.0;1.0;B01
75761;201300049595;0;7;0;3.0;0.0;1.0;14.0;A01
75762;201300049597;0;7;0;0.0;1.0;1.0;15.0;A01
75763;201300049598;0;7;0;0.0;2.0;2.0;1.0;A01
75764;201300049598;0;32;0;0.0;2.0;6.0;2.0;B01
75765;201300049600;0;7;0;1.0;2.0;4.0;2.0;B01
75766;201300049600;0;7;0;0.0;2.0;1.0;2.0;A01
75767;201300049602;0;34;0;0.0;2.0;1.0;1.0;B01
75768;201300049602;0;7;0;0.0;2.0;1.0;15.0;A01
75769;201300049603;0;10;0;0.0;2.0;2.0;0.0;A01
75770;201300049603;0;7;0;0.0;2.0;8.0;0.0;B01
75771;201300049604;0;7;0;0.0;2.0;1.0;15.0;A01
75772;201300049604;0;33;0;0.0;2.0;7.0;1.0;B01
75773;201300049605;0;7;0;8.0;1.0;1.0;20.0;A01
75774;201300049606;0;33;0;0.0;2.0;2.0;14.0;B01
75775;201300049606;0;7;0;0.0;2.0;3.0;1.0;A01
75776;201300049607;0;7;0;0.0;2.0;3.0;2.0;A01
75777;201300049607;0;7;0;0.0;2.0;4.0;2.0;B01
75778;201300049608;0;33;0;0.0;0.0;8.0;15.0;A01
75779;201300049611;0;7;0;0.0;1.0;1.0;0.0;A01
75780;201300049612;0;7;0;0.0;1.0;0.0;0.0;A01
75781;201300049613;0;7;0;0.0;1.0;3.0;1.0;A01
75782;201300049614;0;38;1;0.0;1.0;0.0;1.0;A01
75783;201300049615;0;7;0;0.0;1.0;1.0;16.0;A01
75784;201300049616;0;7;0;0.0;2.0;3.0;10.0;A01
75785;201300049616;0;33;0;0.0;2.0;2.0;1.0;B01
75786;201300049617;1;7;0;0.0;1.0;0.0;0.0;Z01
75787;201300049618;0;7;0;0.0;2.0;3.0;1.0;A01
75788;201300049618;0;2;0;0.0;2.0;2.0;14.0;B01
75789;201300049619;0;31;0;0.0;0.0;7.0;17.0;A01
75790;201300049620;0;7;0;0.0;1.0;1.0;1.0;A01
75791;201300049621;0;7;0;0.0;1.0;6.0;1.0;A01
75792;201300049622;0;7;0;0.0;2.0;1.0;15.0;A01
75793;201300049622;0;30;0;0.0;2.0;3.0;2.0;B01
75794;201300049624;0;7;0;6.0;0.0;1.0;1.0;A01
75795;201300049625;0;7;0;0.0;2.0;2.0;1.0;A01
75796;201300049625;0;7;0;0.0;2.0;3.0;0.0;B01
75797;201300049626;0;7;0;2.0;0.0;1.0;1.0;A01
75798;201300049627;0;30;0;0.0;2.0;8.0;1.0;B01
75799;201300049627;0;7;0;0.0;2.0;2.0;14.0;A01
75800;201300049628;0;30;0;0.0;0.0;7.0;1.0;A01
75801;201300049629;0;7;0;0.0;9.0;1.0;2.0;A01
75802;201300049629;0;30;0;0.0;0.0;4.0;24.0;B01
75803;201300049630;0;7;0;8.0;2.0;7.0;1.0;B01
75804;201300049630;2;7;0;8.0;2.0;1.0;1.0;Z01
75805;201300049631;0;32;0;0.0;2.0;1.0;1.0;B01
75806;201300049631;1;7;0;0.0;2.0;8.0;1.0;A01
75807;201300049632;0;7;0;0.0;9.0;3.0;16.0;A01
75808;201300049632;0;1;0;0.0;2.0;2.0;15.0;B01
75809;201300049634;0;7;0;0.0;1.0;7.0;9.0;A01
75810;201300049635;0;7;0;8.0;2.0;4.0;23.0;B01
75811;201300049635;0;10;0;0.0;2.0;2.0;1.0;A01
75812;201300049636;0;1;0;1.0;0.0;1.0;14.0;A01
75813;201300049638;0;7;0;0.0;1.0;2.0;15.0;A01
75814;201300049639;0;34;0;0.0;0.0;0.0;0.0;A01
75815;201300049640;0;7;0;0.0;1.0;1.0;1.0;A01
75816;201300049641;0;7;0;0.0;2.0;2.0;1.0;B01
75817;201300049641;0;30;0;0.0;2.0;8.0;9.0;A01
75818;201300049642;0;30;0;0.0;0.0;0.0;1.0;A01
75819;201300049643;0;2;0;0.0;1.0;1.0;13.0;A01
75820;201300049644;0;7;0;0.0;2.0;1.0;1.0;A01
75821;201300049644;0;7;0;0.0;2.0;4.0;1.0;B01
75822;201300049647;0;7;0;1.0;0.0;2.0;1.0;A01
75823;201300049648;0;7;0;0.0;2.0;3.0;9.0;A01
75824;201300049648;0;30;0;0.0;2.0;1.0;1.0;B01
75825;201300049649;0;10;0;0.0;2.0;4.0;1.0;B01
75826;201300049649;0;7;0;0.0;2.0;1.0;1.0;A01
75827;201300049650;0;7;0;0.0;1.0;1.0;0.0;A01
75828;201300049651;0;7;0;0.0;1.0;1.0;15.0;A01
75829;201300049652;0;33;0;0.0;2.0;0.0;15.0;B01
75830;201300049652;0;7;0;0.0;2.0;2.0;15.0;A01
75831;201300049654;0;7;0;0.0;2.0;3.0;1.0;B01
75832;201300049654;0;7;0;0.0;0.0;0.0;13.0;C01
75833;201300049654;0;31;0;0.0;2.0;1.0;21.0;A01
75834;201300049655;0;10;0;0.0;2.0;4.0;4.0;A01
75835;201300049655;0;32;0;0.0;2.0;1.0;1.0;B01
75836;201300049656;0;7;0;0.0;2.0;3.0;1.0;B01
75837;201300049656;0;7;0;6.0;2.0;1.0;5.0;A01
75838;201300049657;1;7;0;0.0;2.0;0.0;13.0;Z01
75839;201300049657;0;7;0;12.0;2.0;5.0;1.0;B01
75840;201300049658;0;7;0;0.0;1.0;1.0;1.0;A01
75841;201300049659;0;31;0;0.0;2.0;1.0;1.0;B01
75842;201300049659;0;7;0;0.0;2.0;1.0;15.0;A01
75843;201300049660;0;7;0;0.0;1.0;3.0;1.0;B01
75844;201300049660;0;7;0;0.0;1.0;3.0;1.0;A01
75845;201300049661;0;7;0;0.0;2.0;1.0;2.0;A01
75846;201300049661;0;7;0;3.0;2.0;4.0;9.0;B01
75847;201300049662;0;7;0;0.0;2.0;3.0;15.0;A01
75848;201300049662;0;32;0;0.0;2.0;3.0;1.0;B01
75849;201300049663;0;7;0;0.0;0.0;1.0;15.0;A01
75850;201300049663;0;30;0;0.0;2.0;8.0;1.0;B01
75851;201300049664;0;7;0;14.0;1.0;1.0;7.0;A01
75852;201300049665;0;13;0;0.0;1.0;3.0;15.0;A01
75853;201300049666;0;31;0;0.0;0.0;7.0;0.0;B01
75854;201300049666;0;7;0;0.0;2.0;1.0;2.0;A01
75855;201300049667;0;7;0;0.0;0.0;4.0;23.0;C01
75856;201300049667;0;7;0;0.0;2.0;4.0;23.0;B01
75857;201300049667;0;7;0;0.0;2.0;2.0;9.0;A01
75858;201300049668;0;34;0;0.0;0.0;3.0;0.0;A01
75859;201300049669;0;7;0;0.0;2.0;1.0;2.0;A01
75860;201300049669;0;7;0;0.0;2.0;4.0;23.0;B01
75861;201300049669;0;7;0;0.0;0.0;4.0;23.0;C01
75862;201300049670;0;7;0;0.0;0.0;5.0;23.0;B01
75863;201300049670;0;7;0;0.0;0.0;8.0;23.0;C01
75864;201300049670;2;7;0;0.0;2.0;3.0;3.0;A01
75865;201300049673;0;7;0;0.0;2.0;1.0;1.0;A01
75866;201300049673;0;7;0;0.0;2.0;4.0;23.0;B01
75867;201300049673;0;7;0;0.0;0.0;4.0;23.0;C01
75868;201300049674;0;7;0;0.0;2.0;1.0;2.0;A01
75869;201300049674;0;7;0;0.0;0.0;4.0;1.0;B01
75870;201300049675;0;7;0;1.0;2.0;1.0;21.0;A01
75871;201300049675;0;7;0;0.0;0.0;5.0;23.0;B01
75872;201300049675;0;7;0;0.0;0.0;8.0;1.0;C01
75873;201300049676;0;7;0;0.0;1.0;2.0;23.0;A01
75874;201300049677;0;10;0;0.0;2.0;1.0;2.0;A01
75875;201300049677;0;7;0;0.0;0.0;4.0;1.0;B01
75876;201300049678;0;10;0;4.0;0.0;1.0;13.0;A01
75877;201300049679;0;10;0;0.0;2.0;1.0;1.0;A01
75878;201300049679;0;7;0;0.0;0.0;4.0;1.0;B01
75879;201300049681;0;7;0;0.0;2.0;4.0;2.0;B01
75880;201300049681;0;7;0;3.0;0.0;8.0;1.0;C01
75881;201300049681;0;7;0;0.0;2.0;1.0;2.0;A01
75882;201300049682;0;7;0;0.0;2.0;1.0;1.0;A01
75883;201300049682;0;7;0;0.0;2.0;4.0;23.0;B01
75884;201300049682;0;7;0;0.0;2.0;4.0;23.0;C01
75885;201300049682;0;7;0;0.0;0.0;4.0;23.0;D01
75886;201300049683;0;7;0;4.0;0.0;3.0;21.0;A01
75887;201300049684;0;7;0;0.0;2.0;1.0;1.0;A01
75888;201300049684;0;7;0;0.0;0.0;4.0;23.0;C01
75889;201300049684;0;7;0;0.0;2.0;4.0;23.0;B01
75890;201300049685;0;7;0;0.0;2.0;2.0;2.0;A01
75891;201300049685;0;7;0;0.0;0.0;6.0;23.0;B01
75892;201300049687;0;7;0;0.0;0.0;4.0;23.0;B01
75893;201300049687;0;7;0;0.0;2.0;1.0;2.0;A01
75894;201300049688;0;33;0;0.0;0.0;7.0;1.0;A01
75895;201300049689;0;10;0;0.0;2.0;3.0;2.0;A01
75896;201300049689;0;10;0;4.0;0.0;4.0;1.0;B01
75897;201300049690;0;7;0;15.0;0.0;3.0;13.0;A01
75898;201300049691;0;10;0;0.0;0.0;8.0;2.0;B01
75899;201300049691;0;10;0;0.0;2.0;1.0;2.0;A01
75900;201300049692;0;7;0;0.0;2.0;5.0;2.0;B01
75901;201300049692;0;7;0;0.0;0.0;4.0;2.0;A01
75902;201300049692;0;7;0;0.0;2.0;1.0;1.0;C01
75903;201300049693;0;10;0;0.0;2.0;4.0;2.0;C01
75904;201300049693;0;10;0;0.0;2.0;4.0;2.0;B01
75905;201300049693;0;10;0;0.0;2.0;3.0;2.0;A01
75906;201300049694;0;7;0;0.0;0.0;4.0;2.0;B01
75907;201300049694;0;7;0;0.0;2.0;1.0;1.0;A01
75908;201300049695;0;7;0;3.0;0.0;1.0;14.0;A01
75909;201300049696;0;33;0;0.0;2.0;1.0;2.0;A01
75910;201300049696;0;10;0;0.0;9.0;5.0;1.0;B01
75911;201300049697;0;7;0;0.0;2.0;4.0;2.0;C01
75912;201300049697;0;7;0;0.0;0.0;4.0;2.0;D01
75913;201300049697;0;10;0;0.0;2.0;4.0;2.0;B01
75914;201300049697;0;38;1;0.0;2.0;1.0;2.0;A01
75915;201300049698;0;7;0;4.0;2.0;7.0;17.0;B01
75916;201300049698;0;7;0;4.0;2.0;8.0;11.0;A01
75917;201300049700;0;33;0;0.0;9.0;1.0;1.0;B01
75918;201300049700;0;1;0;0.0;0.0;4.0;19.0;A01
75919;201300049701;0;34;0;0.0;0.0;2.0;1.0;A01
75920;201300049702;0;7;0;0.0;2.0;1.0;2.0;A01
75921;201300049702;0;7;0;0.0;0.0;4.0;23.0;B01
75922;201300049703;0;7;0;0.0;2.0;2.0;21.0;A01
75923;201300049703;0;7;0;0.0;2.0;6.0;23.0;B01
75924;201300049703;0;7;0;0.0;2.0;4.0;23.0;C01
75925;201300049703;0;7;0;0.0;0.0;4.0;23.0;D01
75926;201300049704;0;33;0;0.0;0.0;7.0;1.0;A01
75927;201300049705;0;7;0;15.0;2.0;1.0;2.0;A01
75928;201300049705;0;7;0;0.0;0.0;4.0;1.0;B01
75929;201300049706;0;7;0;4.0;0.0;1.0;17.0;A01
75930;201300049707;0;33;0;0.0;0.0;7.0;17.0;A01
75931;201300049708;0;7;0;0.0;0.0;8.0;9.0;B01
75932;201300049708;1;14;0;0.0;2.0;2.0;1.0;A01
75933;201300049709;0;34;0;0.0;2.0;1.0;21.0;C01
75934;201300049709;0;7;0;0.0;0.0;4.0;23.0;B01
75935;201300049709;0;7;0;0.0;2.0;1.0;2.0;A01
75936;201300049710;0;7;0;4.0;0.0;6.0;21.0;A01
75937;201300049711;0;7;0;0.0;2.0;1.0;2.0;A01
75938;201300049711;0;7;0;0.0;0.0;4.0;23.0;B01
75939;201300049712;0;10;0;0.0;2.0;1.0;2.0;A01
75940;201300049712;0;7;0;0.0;0.0;4.0;1.0;B01
75941;201300049713;1;7;0;0.0;2.0;1.0;11.0;A01
75942;201300049713;0;7;0;3.0;0.0;6.0;1.0;B01
75943;201300049713;0;10;0;14.0;0.0;1.0;1.0;C01
75944;201300049714;2;7;0;7.0;2.0;3.0;2.0;A01
75945;201300049714;0;7;0;0.0;0.0;4.0;12.0;B01
75946;201300049714;0;7;0;0.0;2.0;1.0;1.0;C01
75947;201300049715;0;33;0;0.0;0.0;8.0;1.0;B01
75948;201300049715;1;7;0;0.0;2.0;7.0;12.0;A01
75949;201300049716;0;10;0;0.0;2.0;2.0;14.0;A01
75950;201300049716;0;7;0;0.0;0.0;3.0;1.0;B01
75951;201300049717;0;7;0;0.0;2.0;1.0;2.0;A01
75952;201300049717;0;7;0;0.0;2.0;4.0;2.0;B01
75953;201300049717;0;7;0;0.0;0.0;4.0;2.0;C01
75954;201300049718;2;7;0;0.0;2.0;1.0;2.0;A01
75955;201300049718;0;7;0;0.0;0.0;4.0;1.0;B01
75956;201300049719;0;33;0;0.0;2.0;1.0;1.0;A01
75957;201300049719;0;7;0;0.0;0.0;5.0;17.0;B01
75958;201300049720;0;7;0;0.0;0.0;4.0;1.0;B01
75959;201300049720;0;7;0;0.0;2.0;1.0;2.0;A01
75960;201300049721;0;33;0;0.0;0.0;8.0;1.0;C01
75961;201300049721;0;10;0;0.0;0.0;4.0;23.0;B01
75962;201300049721;0;7;0;0.0;2.0;1.0;1.0;A01
75963;201300049723;0;7;0;0.0;0.0;8.0;1.0;B01
75964;201300049723;0;7;0;0.0;2.0;2.0;17.0;A01
75965;201300049725;0;7;0;4.0;0.0;7.0;13.0;A01
75966;201300049726;0;34;0;0.0;2.0;7.0;21.0;B01
75967;201300049726;0;7;0;0.0;0.0;6.0;23.0;A01
75968;201300049727;0;7;0;0.0;2.0;4.0;2.0;C01
75969;201300049727;0;7;0;0.0;2.0;1.0;2.0;A01
75970;201300049727;0;7;0;0.0;0.0;4.0;2.0;D01
75971;201300049727;0;7;0;0.0;2.0;4.0;2.0;B01
75972;201300049728;0;34;0;5.0;0.0;2.0;14.0;A01
75973;201300049729;0;7;0;4.0;0.0;8.0;13.0;A01
75974;201300049730;0;34;0;0.0;0.0;0.0;3.0;A01
75975;201300049731;0;7;0;0.0;0.0;8.0;1.0;C01
75976;201300049731;0;7;0;0.0;0.0;4.0;23.0;D01
75977;201300049731;0;7;0;0.0;2.0;3.0;21.0;B01
75978;201300049731;0;7;0;4.0;0.0;1.0;17.0;A01
75979;201300049731;0;7;0;0.0;2.0;1.0;21.0;E01
75980;201300049732;0;7;0;0.0;0.0;8.0;1.0;B01
75981;201300049732;0;7;0;0.0;2.0;2.0;14.0;A01
75982;201300049733;0;7;0;0.0;0.0;4.0;1.0;B01
75983;201300049733;0;7;0;0.0;2.0;1.0;12.0;A01
75984;201300049734;0;7;0;0.0;2.0;4.0;23.0;B01
75985;201300049734;0;7;0;0.0;0.0;4.0;23.0;C01
75986;201300049734;0;7;0;0.0;2.0;1.0;2.0;A01
75987;201300049735;0;7;0;3.0;0.0;7.0;1.0;B01
75988;201300049735;0;7;0;4.0;2.0;2.0;1.0;A01
75989;201300049735;0;7;0;3.0;2.0;1.0;1.0;C01
75990;201300049736;0;7;0;0.0;2.0;1.0;1.0;A01
75991;201300049736;0;32;0;0.0;0.0;4.0;23.0;B01
75992;201300049737;0;7;0;0.0;2.0;1.0;2.0;A01
75993;201300049737;0;7;0;0.0;2.0;4.0;2.0;B01
75994;201300049737;0;7;0;0.0;0.0;4.0;2.0;C01
75995;201300049738;0;7;0;13.0;0.0;7.0;1.0;A01
75996;201300049739;0;7;0;0.0;0.0;3.0;1.0;A01
75997;201300049740;0;7;0;0.0;2.0;1.0;2.0;B01
75998;201300049740;0;7;0;0.0;0.0;4.0;2.0;A01
75999;201300049742;0;7;0;0.0;2.0;1.0;1.0;C01
76000;201300049742;0;7;0;0.0;2.0;4.0;1.0;B01
76001;201300049742;0;7;0;0.0;0.0;4.0;1.0;A01
76002;201300049743;0;10;0;0.0;2.0;4.0;2.0;A01
76003;201300049743;0;7;0;0.0;2.0;1.0;2.0;B01
76004;201300049744;0;10;0;3.0;0.0;1.0;21.0;A01
76005;201300049746;0;33;0;5.0;0.0;1.0;2.0;A01
76006;201300049747;0;10;0;0.0;0.0;4.0;1.0;A01
76007;201300049747;0;7;0;0.0;2.0;1.0;2.0;B01
76008;201300049748;0;34;0;0.0;0.0;1.0;1.0;A01
76009;201300049749;0;33;0;0.0;0.0;0.0;1.0;A01
76010;201300049750;0;7;0;0.0;2.0;4.0;2.0;A01
76011;201300049750;0;7;0;0.0;2.0;4.0;2.0;B01
76012;201300049750;0;7;0;0.0;2.0;1.0;2.0;C01
76013;201300049751;0;7;0;0.0;2.0;4.0;2.0;B01
76014;201300049751;0;7;0;0.0;2.0;8.0;1.0;C01
76015;201300049751;0;7;0;0.0;2.0;1.0;1.0;A01
76016;201300049753;0;14;0;0.0;0.0;6.0;0.0;A01
76017;201300049753;0;7;0;0.0;2.0;2.0;21.0;B01
76018;201300049754;0;7;0;0.0;2.0;4.0;2.0;A01
76019;201300049754;0;7;0;0.0;2.0;1.0;2.0;B01
76020;201300049755;0;7;0;0.0;2.0;1.0;2.0;B01
76021;201300049755;0;7;0;0.0;2.0;4.0;2.0;A01
76022;201300049756;0;7;0;0.0;0.0;1.0;2.0;B01
76023;201300049756;0;7;0;0.0;0.0;4.0;2.0;A01
76024;201300049757;0;7;0;0.0;0.0;9.0;1.0;A01
76025;201300049758;0;7;0;4.0;0.0;9.0;1.0;A01
76026;201300049759;0;33;0;0.0;0.0;0.0;1.0;A01
76027;201300049760;0;10;0;0.0;0.0;4.0;2.0;A01
76028;201300049760;0;10;0;0.0;2.0;1.0;2.0;B01
76029;201300049761;0;7;0;0.0;2.0;1.0;2.0;A01
76030;201300049761;0;33;0;0.0;2.0;4.0;2.0;B01
76031;201300049762;0;7;0;0.0;0.0;6.0;23.0;A01
76032;201300049762;0;10;0;1.0;0.0;2.0;14.0;B01
76033;201300049762;0;10;0;0.0;2.0;1.0;21.0;C01
76034;201300049763;0;7;0;0.0;2.0;4.0;1.0;B01
76035;201300049763;0;7;0;0.0;2.0;3.0;1.0;C01
76036;201300049763;0;7;0;0.0;2.0;4.0;1.0;A01
76037;201300049764;0;7;0;0.0;0.0;4.0;2.0;A01