;Num_Acc;senc;catv;occutc;obs;obsm;choc;manv;num_veh
76461;201300049992;2;7;0;0.0;2.0;2.0;2.0;B01
76462;201300049993;0;7;0;0.0;0.0;4.0;1.0;B01
76463;201300049993;0;7;0;0.0;2.0;1.0;1.0;A01
76464;201300049994;0;7;0;3.0;0.0;8.0;14.0;A01
76465;201300049994;1;99;0;0.0;0.0;0.0;0.0;Z01
76466;201300049995;0;10;0;0.0;0.0;4.0;2.0;A01
76467;201300049995;0;10;0;0.0;0.0;1.0;2.0;B01
76468;201300049997;0;7;0;0.0;2.0;3.0;2.0;B01
76469;201300049997;0;7;0;0.0;2.0;1.0;2.0;C01
76470;201300049997;0;7;0;0.0;2.0;5.0;2.0;A01
76471;201300049998;0;7;0;0.0;2.0;8.0;1.0;A01
76472;201300049998;0;7;0;0.0;2.0;2.0;2.0;B01
76473;201300049999;0;7;0;0.0;2.0;4.0;2.0;B01
76474;201300049999;0;7;0;0.0;0.0;6.0;2.0;A01
76475;201300049999;0;7;0;0.0;2.0;1.0;2.0;C01
76476;201300050000;0;7;0;0.0;0.0;9.0;1.0;A01
76477;201300050001;0;7;0;0.0;0.0;4.0;1.0;A01
76478;201300050001;1;99;0;0.0;2.0;2.0;0.0;Z01
76479;201300050002;0;10;0;0.0;2.0;1.0;2.0;B01
76480;201300050002;0;7;0;0.0;0.0;4.0;0.0;A01
76481;201300050003;0;7;0;0.0;0.0;1.0;18.0;C01
76482;201300050003;0;38;1;0.0;0.0;7.0;2.0;A01
76483;201300050003;0;7;0;0.0;0.0;4.0;23.0;B01
76484;201300050004;0;7;0;4.0;0.0;1.0;11.0;A01
76485;201300050005;0;7;0;0.0;0.0;6.0;1.0;A01
76486;201300050005;0;7;0;0.0;2.0;2.0;17.0;B01
76487;201300050006;0;7;0;0.0;2.0;1.0;2.0;C01
76488;201300050006;2;7;0;0.0;2.0;7.0;2.0;B01
76489;201300050006;0;7;0;0.0;2.0;9.0;14.0;A01
76490;201300050008;0;7;0;15.0;0.0;2.0;1.0;A01
76491;201300050010;0;7;0;13.0;0.0;3.0;1.0;A01
76492;201300050011;0;7;0;4.0;0.0;1.0;2.0;A01
76493;201300050012;0;7;0;0.0;0.0;1.0;2.0;A01
76494;201300050013;0;34;0;0.0;0.0;0.0;0.0;A01
76495;201300050014;0;14;0;0.0;2.0;1.0;21.0;C01
76496;201300050014;0;7;0;0.0;2.0;1.0;21.0;B01
76497;201300050014;0;7;0;4.0;0.0;3.0;1.0;A01
76498;201300050015;0;7;0;0.0;2.0;7.0;12.0;A01
76499;201300050015;0;34;0;0.0;2.0;8.0;1.0;B01
76500;201300050017;0;7;0;0.0;0.0;1.0;0.0;A01
76501;201300050017;0;7;0;0.0;0.0;1.0;0.0;B01
76502;201300050018;0;7;0;3.0;0.0;3.0;1.0;A01
76503;201300050018;0;7;0;0.0;2.0;1.0;1.0;B01
76504;201300050019;0;10;0;0.0;2.0;1.0;2.0;D01
76505;201300050019;0;10;0;0.0;2.0;4.0;2.0;A01
76506;201300050019;0;10;0;0.0;2.0;9.0;2.0;C01
76507;201300050019;0;10;0;0.0;2.0;9.0;2.0;B01
76508;201300050020;0;7;0;0.0;9.0;1.0;2.0;B01
76509;201300050020;0;7;0;0.0;9.0;4.0;2.0;A01
76510;201300050021;0;16;0;0.0;2.0;1.0;2.0;B01
76511;201300050021;0;7;0;0.0;2.0;4.0;2.0;A01
76512;201300050022;0;7;0;4.0;0.0;3.0;1.0;A01
76513;201300050023;0;7;0;0.0;0.0;4.0;1.0;A01
76514;201300050023;1;7;0;0.0;2.0;1.0;2.0;Z01
76515;201300050024;2;10;0;0.0;2.0;1.0;0.0;B01
76516;201300050024;0;7;0;0.0;2.0;4.0;2.0;A01
76517;201300050025;0;33;0;0.0;2.0;4.0;2.0;A01
76518;201300050025;1;99;0;0.0;2.0;2.0;0.0;Z01
76519;201300050026;0;7;0;4.0;0.0;1.0;1.0;A01
76520;201300050027;0;33;0;0.0;2.0;0.0;1.0;A01
76521;201300050029;0;14;0;6.0;0.0;1.0;0.0;B01
76522;201300050029;0;7;0;13.0;0.0;8.0;0.0;C01
76523;201300050029;0;7;0;4.0;0.0;2.0;0.0;A01
76524;201300050030;0;7;0;0.0;0.0;4.0;1.0;B01
76525;201300050030;0;7;0;0.0;2.0;1.0;0.0;A01
76526;201300050031;0;7;0;0.0;0.0;5.0;1.0;A01
76527;201300050031;0;7;0;0.0;2.0;1.0;1.0;B01
76528;201300050032;0;7;0;13.0;0.0;8.0;0.0;A01
76529;201300050033;0;32;0;0.0;0.0;1.0;2.0;B01
76530;201300050033;0;7;0;0.0;0.0;6.0;2.0;A01
76531;201300050034;0;17;0;0.0;0.0;6.0;23.0;A01
76532;201300050034;0;10;0;1.0;0.0;2.0;0.0;B01
76533;201300050035;0;7;0;0.0;2.0;1.0;2.0;C01
76534;201300050035;0;10;0;0.0;2.0;4.0;0.0;A01
76535;201300050035;0;10;0;0.0;2.0;4.0;2.0;B01
76536;201300050036;0;33;0;0.0;2.0;7.0;1.0;A01
76537;201300050036;0;7;0;0.0;2.0;8.0;9.0;B01
76538;201300050037;0;7;0;0.0;2.0;4.0;2.0;A01
76539;201300050037;0;7;0;0.0;2.0;1.0;14.0;C01
76540;201300050037;0;7;0;0.0;2.0;6.0;2.0;B01
76541;201300050038;0;7;0;0.0;0.0;4.0;2.0;A01
76542;201300050038;0;7;0;0.0;2.0;1.0;2.0;B01
76543;201300050039;0;13;0;0.0;2.0;4.0;2.0;A01
76544;201300050039;0;7;0;0.0;2.0;1.0;2.0;B01
76545;201300050039;0;10;0;0.0;2.0;1.0;2.0;C01
76546;201300050039;0;10;0;3.0;0.0;1.0;2.0;D01
76547;201300050040;0;7;0;0.0;0.0;4.0;2.0;A01
76548;201300050040;0;7;0;0.0;2.0;1.0;1.0;B01
76549;201300050042;0;7;0;14.0;0.0;1.0;1.0;C01
76550;201300050042;0;10;0;4.0;0.0;3.0;1.0;A01
76551;201300050042;0;7;0;14.0;0.0;1.0;1.0;B01
76552;201300050043;0;7;0;0.0;0.0;1.0;2.0;B01
76553;201300050043;0;7;0;0.0;0.0;4.0;2.0;A01
76554;201300050044;1;99;0;0.0;2.0;2.0;0.0;Z01
76555;201300050044;1;7;0;4.0;2.0;3.0;0.0;A01
76556;201300050045;0;7;0;0.0;0.0;4.0;2.0;A01
76557;201300050045;0;7;0;0.0;0.0;4.0;2.0;D01
76558;201300050045;0;7;0;0.0;0.0;1.0;2.0;C01
76559;201300050045;0;7;0;0.0;0.0;4.0;2.0;B01
76560;201300050046;0;7;0;0.0;0.0;3.0;1.0;A01
76561;201300050046;0;7;0;0.0;2.0;2.0;1.0;B01
76562;201300050047;0;7;0;0.0;0.0;4.0;23.0;A01
76563;201300050047;0;7;0;0.0;2.0;1.0;2.0;B01
76564;201300050048;0;7;0;0.0;2.0;4.0;2.0;B01
76565;201300050048;0;7;0;0.0;0.0;4.0;2.0;A01
76566;201300050048;0;7;0;0.0;2.0;1.0;2.0;C01
76567;201300050049;0;14;0;0.0;0.0;6.0;14.0;A01
76568;201300050049;0;33;0;3.0;0.0;8.0;18.0;B01
76569;201300050050;0;33;0;0.0;2.0;3.0;2.0;B01
76570;201300050050;0;7;0;0.0;2.0;6.0;1.0;A01
76571;201300050052;0;34;0;0.0;0.0;9.0;0.0;A01
76572;201300050053;0;10;0;0.0;2.0;4.0;0.0;A01
76573;201300050053;0;15;0;0.0;2.0;3.0;2.0;D01
76574;201300050053;0;7;0;0.0;2.0;4.0;2.0;B01
76575;201300050053;0;10;0;0.0;2.0;5.0;2.0;C01
76576;201300050054;0;99;0;0.0;0.0;0.0;0.0;A01
76577;201300050054;0;7;0;0.0;0.0;0.0;0.0;B01
76578;201300050055;0;7;0;0.0;2.0;4.0;2.0;A01
76579;201300050055;0;7;0;0.0;2.0;1.0;2.0;B01
76580;201300050056;0;7;0;0.0;2.0;4.0;2.0;A01
76581;201300050056;0;7;0;0.0;2.0;1.0;2.0;B01
76582;201300050057;0;7;0;0.0;2.0;4.0;2.0;A01
76583;201300050057;0;7;0;0.0;2.0;1.0;2.0;C01
76584;201300050057;0;7;0;0.0;2.0;4.0;2.0;B01
76585;201300050057;0;7;0;0.0;2.0;1.0;2.0;D01
76586;201300050058;0;7;0;0.0;0.0;5.0;1.0;A01
76587;201300050058;0;31;0;0.0;2.0;1.0;2.0;B01
76588;201300050059;0;7;0;0.0;0.0;1.0;2.0;A01
76589;201300050060;0;7;0;0.0;0.0;1.0;2.0;B01
76590;201300050060;0;14;0;0.0;0.0;4.0;2.0;A01
76591;201300050061;0;7;0;0.0;2.0;1.0;1.0;B01
76592;201300050061;0;7;0;5.0;0.0;1.0;1.0;A01
76593;201300050061;0;10;0;0.0;2.0;1.0;1.0;C01
76594;201300050062;0;7;0;3.0;0.0;6.0;2.0;A01
76595;201300050063;0;7;0;0.0;0.0;1.0;2.0;E01
76596;201300050063;0;7;0;0.0;0.0;4.0;2.0;D01
76597;201300050063;0;7;0;0.0;0.0;4.0;2.0;A01
76598;201300050063;0;7;0;0.0;0.0;4.0;2.0;B01
76599;201300050063;0;7;0;0.0;0.0;1.0;2.0;F02
76600;201300050063;0;7;0;0.0;0.0;4.0;2.0;C01
76601;201300050064;0;7;0;6.0;0.0;1.0;0.0;A01
76602;201300050065;0;7;0;0.0;0.0;4.0;2.0;A01
76603;201300050065;0;7;0;0.0;0.0;1.0;2.0;B01
76604;201300050066;0;7;0;5.0;0.0;1.0;1.0;A01
76605;201300050067;0;34;0;0.0;0.0;9.0;1.0;A01
76606;201300050068;0;7;0;0.0;5.0;1.0;2.0;A01
76607;201300050068;0;7;0;0.0;9.0;1.0;2.0;B01
76608;201300050069;0;7;0;0.0;0.0;3.0;2.0;A01
76609;201300050072;0;7;0;0.0;0.0;9.0;0.0;A01
76610;201300050073;0;7;0;3.0;0.0;3.0;2.0;A01
76611;201300050074;0;7;0;0.0;0.0;9.0;1.0;A01
76612;201300050075;0;7;0;3.0;0.0;1.0;0.0;A01
76613;201300050076;1;99;0;0.0;2.0;2.0;0.0;Z01
76614;201300050076;0;7;0;15.0;2.0;4.0;1.0;A01
76615;201300050077;0;7;0;0.0;0.0;6.0;1.0;A01
76616;201300050077;0;7;0;0.0;2.0;1.0;2.0;B01
76617;201300050078;0;7;0;0.0;0.0;4.0;0.0;B01
76618;201300050078;0;7;0;0.0;0.0;7.0;2.0;A01
76619;201300050080;0;7;0;0.0;2.0;1.0;1.0;B01
76620;201300050080;0;7;0;0.0;2.0;1.0;1.0;A01
76621;201300050081;0;7;0;13.0;0.0;1.0;14.0;A01
76622;201300050082;0;7;0;4.0;0.0;3.0;1.0;A01
76623;201300050083;0;7;0;0.0;0.0;4.0;1.0;A01
76624;201300050083;0;7;0;0.0;2.0;1.0;1.0;B01
76625;201300050084;0;7;0;0.0;2.0;3.0;1.0;C01
76626;201300050084;0;7;0;0.0;2.0;3.0;2.0;A01
76627;201300050084;0;15;0;0.0;2.0;2.0;12.0;B01
76628;201300050085;0;7;0;0.0;2.0;4.0;1.0;D01
76629;201300050085;0;7;0;0.0;2.0;4.0;1.0;C01
76630;201300050085;0;7;0;0.0;2.0;1.0;1.0;A01
76631;201300050085;0;7;0;0.0;2.0;4.0;1.0;B01
76632;201300050086;0;7;0;0.0;2.0;4.0;23.0;A01
76633;201300050086;0;7;0;0.0;2.0;1.0;2.0;C01
76634;201300050086;0;7;0;0.0;2.0;4.0;23.0;B01
76635;201300050087;0;7;0;4.0;0.0;3.0;13.0;A01
76636;201300050088;0;7;0;0.0;2.0;6.0;2.0;A01
76637;201300050088;0;7;0;0.0;2.0;2.0;3.0;B01
76638;201300050089;0;7;0;3.0;0.0;3.0;1.0;A01
76639;201300050090;0;32;0;0.0;0.0;8.0;1.0;A01
76640;201300050091;0;7;0;0.0;0.0;4.0;2.0;A01
76641;201300050091;0;7;0;14.0;0.0;1.0;2.0;B01
76642;201300050093;0;7;0;7.0;0.0;7.0;0.0;A01
76643;201300050094;0;7;0;4.0;0.0;3.0;1.0;A01
76644;201300050095;0;7;0;0.0;2.0;4.0;2.0;B01
76645;201300050095;0;7;0;0.0;0.0;4.0;2.0;A01
76646;201300050095;0;10;0;0.0;2.0;1.0;2.0;C01
76647;201300050097;0;7;0;0.0;0.0;6.0;1.0;B01
76648;201300050097;0;7;0;0.0;2.0;2.0;12.0;A01
76649;201300050098;0;7;0;0.0;0.0;1.0;2.0;A01
76650;201300050099;0;7;0;0.0;2.0;1.0;1.0;B01
76651;201300050099;0;7;0;0.0;2.0;4.0;1.0;A01
76652;201300050100;0;7;0;4.0;0.0;1.0;13.0;A01
76653;201300050101;0;7;0;0.0;2.0;1.0;2.0;B01
76654;201300050101;0;7;0;0.0;2.0;4.0;2.0;A01
76655;201300050102;0;34;0;0.0;2.0;1.0;3.0;A01
76656;201300050102;0;7;0;0.0;0.0;8.0;22.0;B01
76657;201300050102;0;7;0;0.0;0.0;2.0;1.0;C01
76658;201300050103;0;7;0;0.0;2.0;4.0;2.0;A01
76659;201300050103;0;31;0;0.0;2.0;1.0;2.0;C01
76660;201300050103;0;7;0;0.0;2.0;1.0;2.0;B01
76661;201300050104;0;7;0;0.0;2.0;4.0;2.0;B01
76662;201300050104;0;7;0;0.0;2.0;1.0;2.0;C01
76663;201300050104;0;7;0;0.0;0.0;4.0;1.0;A01
76664;201300050105;0;7;0;0.0;0.0;1.0;2.0;A01
76665;201300050107;0;7;0;3.0;2.0;3.0;17.0;A01
76666;201300050107;0;7;0;0.0;2.0;3.0;1.0;B01
76667;201300050108;0;7;0;0.0;0.0;1.0;2.0;B01
76668;201300050108;0;7;0;0.0;0.0;6.0;1.0;A01
76669;201300050109;0;7;0;0.0;2.0;2.0;2.0;B01
76670;201300050109;0;7;0;3.0;0.0;6.0;2.0;A01
76671;201300050110;0;7;0;6.0;0.0;9.0;0.0;A01
76672;201300050111;0;7;0;0.0;0.0;4.0;0.0;A01
76673;201300050111;0;7;0;1.0;2.0;1.0;14.0;B01
76674;201300050112;0;7;0;0.0;2.0;4.0;1.0;B01
76675;201300050112;0;7;0;0.0;2.0;1.0;1.0;A01
76676;201300050113;0;7;0;0.0;2.0;4.0;2.0;B01
76677;201300050113;0;7;0;0.0;2.0;4.0;2.0;A01
76678;201300050113;0;7;0;0.0;2.0;1.0;2.0;C01
76679;201300050114;0;7;0;3.0;0.0;1.0;16.0;A01
76680;201300050116;0;7;0;0.0;0.0;4.0;2.0;A01
76681;201300050116;0;7;0;0.0;2.0;1.0;2.0;B01
76682;201300050117;0;7;0;0.0;2.0;3.0;1.0;B01
76683;201300050117;0;7;0;0.0;2.0;3.0;5.0;A01
76684;201300050118;0;10;0;4.0;0.0;5.0;2.0;A01
76685;201300050118;0;7;0;0.0;2.0;3.0;2.0;B01
76686;201300050119;0;7;0;3.0;0.0;2.0;1.0;A01
76687;201300050120;0;33;0;5.0;0.0;1.0;12.0;A01
76688;201300050121;0;7;0;3.0;2.0;6.0;2.0;A01
76689;201300050121;0;7;0;3.0;2.0;2.0;2.0;B01
76690;201300050122;0;7;0;3.0;0.0;0.0;2.0;A01
76691;201300050123;0;7;0;0.0;0.0;6.0;4.0;A01
76692;201300050123;0;32;0;0.0;2.0;1.0;23.0;B01
76693;201300050124;0;7;0;3.0;0.0;2.0;21.0;A01
76694;201300050126;0;7;0;4.0;0.0;8.0;13.0;A01
76695;201300050127;0;7;0;0.0;2.0;4.0;1.0;B01
76696;201300050127;0;7;0;0.0;2.0;1.0;1.0;A01
76697;201300050129;0;7;0;0.0;0.0;7.0;1.0;A01
76698;201300050129;1;7;0;0.0;0.0;0.0;0.0;Z01
76699;201300050129;0;7;0;0.0;2.0;1.0;1.0;B01
76700;201300050130;0;7;0;0.0;2.0;1.0;1.0;A01
76701;201300050130;0;7;0;0.0;2.0;4.0;1.0;C01
76702;201300050130;0;7;0;0.0;2.0;4.0;1.0;B01
76703;201300050132;0;7;0;0.0;0.0;4.0;23.0;A01
76704;201300050132;0;7;0;0.0;2.0;1.0;2.0;B01
76705;201300050134;0;7;0;0.0;2.0;1.0;2.0;B01
76706;201300050134;0;7;0;0.0;2.0;4.0;2.0;A01
76707;201300050135;0;7;0;0.0;0.0;4.0;23.0;A01
76708;201300050135;0;7;0;0.0;2.0;1.0;2.0;B01
76709;201300050136;0;33;0;0.0;2.0;1.0;2.0;B01
76710;201300050136;0;7;0;0.0;2.0;4.0;1.0;A01
76711;201300050137;0;7;0;0.0;2.0;4.0;2.0;B01
76712;201300050137;0;7;0;0.0;2.0;4.0;1.0;C01
76713;201300050137;0;7;0;0.0;0.0;8.0;1.0;D01
76714;201300050137;0;34;0;0.0;9.0;4.0;2.0;E01
76715;201300050137;0;7;0;0.0;2.0;1.0;1.0;A01
76716;201300050138;0;7;0;0.0;2.0;8.0;1.0;B01
76717;201300050138;0;7;0;4.0;2.0;7.0;12.0;A01
76718;201300050139;0;7;0;0.0;2.0;2.0;2.0;C01
76719;201300050139;0;7;0;0.0;2.0;3.0;2.0;B01
76720;201300050139;0;7;0;0.0;0.0;4.0;2.0;A01
76721;201300050140;0;2;0;0.0;0.0;7.0;1.0;A01
76722;201300050141;0;7;0;3.0;0.0;1.0;14.0;A01
76723;201300050142;0;7;0;0.0;2.0;1.0;2.0;B01
76724;201300050142;0;10;0;0.0;0.0;4.0;1.0;A01
76725;201300050143;0;7;0;3.0;0.0;3.0;13.0;A01
76726;201300050144;0;33;0;0.0;0.0;9.0;0.0;A01
76727;201300050145;0;7;0;4.0;0.0;3.0;0.0;A01
76728;201300050146;0;7;0;0.0;0.0;8.0;1.0;A01
76729;201300050146;0;33;0;0.0;2.0;7.0;14.0;B01
76730;201300050147;0;10;0;4.0;0.0;1.0;1.0;A01
76731;201300050148;0;1;0;0.0;0.0;6.0;14.0;B01
76732;201300050148;0;7;0;0.0;0.0;2.0;12.0;A01
76733;201300050149;0;7;0;0.0;2.0;4.0;0.0;B01
76734;201300050149;0;7;0;0.0;2.0;1.0;1.0;A01
76735;201300050150;0;7;0;0.0;2.0;5.0;0.0;B01
76736;201300050150;0;7;0;0.0;2.0;1.0;0.0;A01
76737;201300050152;0;7;0;0.0;0.0;4.0;1.0;A01
76738;201300050152;0;7;0;0.0;2.0;4.0;1.0;B01
76739;201300050152;0;7;0;0.0;2.0;1.0;1.0;C01
76740;201300050153;0;15;0;0.0;2.0;1.0;1.0;B01
76741;201300050153;0;14;0;0.0;2.0;3.0;2.0;C01
76742;201300050153;0;7;0;0.0;2.0;8.0;11.0;A01
76743;201300050155;0;7;0;0.0;2.0;1.0;2.0;B01
76744;201300050155;0;7;0;0.0;0.0;4.0;1.0;A01
76745;201300050156;0;7;0;0.0;1.0;1.0;1.0;A01
76746;201300050156;0;7;0;0.0;1.0;1.0;1.0;C01
76747;201300050156;0;7;0;0.0;1.0;1.0;1.0;D01
76748;201300050156;0;7;0;0.0;1.0;1.0;1.0;B01
76749;201300050156;0;7;0;0.0;1.0;1.0;1.0;E01
76750;201300050157;0;31;0;0.0;0.0;0.0;2.0;A01
76751;201300050158;0;7;0;0.0;2.0;1.0;1.0;A01
76752;201300050158;0;7;0;0.0;2.0;4.0;1.0;B01
76753;201300050158;0;7;0;0.0;2.0;4.0;1.0;D01
76754;201300050158;0;7;0;0.0;2.0;4.0;1.0;C01
76755;201300050159;0;7;0;3.0;0.0;2.0;1.0;A01
76756;201300050160;0;7;0;0.0;2.0;4.0;2.0;A01
76757;201300050160;0;33;0;0.0;2.0;1.0;2.0;B01
76758;201300050161;0;7;0;0.0;2.0;4.0;2.0;B01
76759;201300050161;0;7;0;0.0;2.0;1.0;2.0;A01
76760;201300050162;0;33;0;0.0;0.0;7.0;17.0;B01
76761;201300050162;0;7;0;0.0;0.0;8.0;14.0;A01
76762;201300050163;0;7;0;0.0;2.0;2.0;1.0;A01
76763;201300050163;0;7;0;0.0;0.0;4.0;1.0;B01
76764;201300050164;0;10;0;0.0;2.0;1.0;2.0;A01
76765;201300050164;0;30;0;0.0;2.0;4.0;2.0;B01
76766;201300050165;0;33;0;0.0;2.0;8.0;1.0;B01
76767;201300050165;0;7;0;0.0;2.0;2.0;1.0;A01
76768;201300050166;1;7;0;0.0;1.0;2.0;16.0;Z01
76769;201300050167;0;10;0;0.0;2.0;4.0;1.0;A01
76770;201300050167;0;34;0;0.0;2.0;2.0;1.0;B01
76771;201300050168;0;7;0;0.0;2.0;8.0;22.0;A01
76772;201300050168;0;30;0;0.0;2.0;8.0;17.0;B01
76773;201300050169;0;33;0;0.0;1.0;1.0;1.0;A01
76774;201300050172;0;10;0;0.0;2.0;8.0;15.0;A01
76775;201300050172;0;33;0;0.0;2.0;2.0;15.0;B01
76776;201300050173;0;34;0;11.0;0.0;1.0;17.0;A01
76777;201300050174;0;1;0;0.0;2.0;3.0;19.0;A01
76778;201300050174;0;33;0;0.0;9.0;1.0;1.0;B01
76779;201300050175;0;7;0;12.0;0.0;3.0;13.0;A01
76780;201300050176;0;37;1;0.0;2.0;5.0;7.0;A01
76781;201300050176;0;1;0;0.0;2.0;1.0;7.0;B01
76782;201300050178;0;7;0;0.0;2.0;3.0;11.0;A01
76783;201300050178;0;31;0;0.0;2.0;3.0;1.0;B01
76784;201300050179;0;34;0;0.0;0.0;6.0;23.0;B01
76785;201300050179;0;30;0;0.0;2.0;2.0;1.0;A01
76786;201300050180;0;32;0;0.0;2.0;4.0;1.0;B01
76787;201300050180;0;7;0;0.0;2.0;1.0;1.0;A01
76788;201300050181;0;34;0;0.0;2.0;3.0;1.0;A01
76789;201300050181;1;7;0;0.0;2.0;6.0;1.0;Z01
76790;201300050182;0;7;0;0.0;0.0;5.0;23.0;B01
76791;201300050182;0;33;0;0.0;2.0;5.0;1.0;A01
76792;201300050183;0;7;0;0.0;9.0;3.0;15.0;A01
76793;201300050183;0;32;0;0.0;2.0;2.0;17.0;B01
76794;201300050184;0;34;0;0.0;2.0;6.0;11.0;B01
76795;201300050184;0;7;0;0.0;2.0;2.0;1.0;A01
76796;201300050185;0;7;0;0.0;1.0;1.0;1.0;A01
76797;201300050186;0;7;0;8.0;2.0;1.0;1.0;A01
76798;201300050186;0;33;0;0.0;2.0;4.0;1.0;B01
76799;201300050188;0;7;0;0.0;2.0;6.0;13.0;A01
76800;201300050188;0;32;0;0.0;2.0;1.0;1.0;B01
76801;201300050189;0;7;0;0.0;1.0;2.0;16.0;A01
76802;201300050190;0;10;0;0.0;2.0;1.0;5.0;A01
76803;201300050190;0;33;0;0.0;2.0;1.0;1.0;B01
76804;201300050191;0;33;0;0.0;0.0;1.0;1.0;B01
76805;201300050191;0;10;0;0.0;0.0;3.0;1.0;A01
76806;201300050193;0;7;0;0.0;0.0;3.0;11.0;A01
76807;201300050193;0;2;0;0.0;0.0;7.0;17.0;B01
76808;201300050196;0;7;0;0.0;2.0;3.0;15.0;B01
76809;201300050196;0;2;0;0.0;2.0;2.0;17.0;A01
76810;201300050197;0;7;0;0.0;2.0;1.0;1.0;B01
76811;201300050197;0;33;0;0.0;2.0;4.0;23.0;A01
76812;201300050198;0;1;0;0.0;2.0;4.0;7.0;B01
76813;201300050198;0;32;0;0.0;2.0;1.0;14.0;A01
76814;201300050199;0;7;0;0.0;1.0;2.0;1.0;A01
76815;201300050200;0;30;0;0.0;2.0;1.0;2.0;A01
76816;201300050200;0;1;0;0.0;2.0;4.0;15.0;B01
76817;201300050201;0;7;0;0.0;1.0;1.0;1.0;A01
76818;201300050202;0;10;0;0.0;1.0;6.0;4.0;A01
76819;201300050203;0;31;0;14.0;0.0;0.0;13.0;A01
76820;201300050204;0;7;0;0.0;2.0;1.0;15.0;A01
76821;201300050204;0;33;0;0.0;2.0;1.0;1.0;B01
76822;201300050205;0;7;0;0.0;1.0;2.0;1.0;A01
76823;201300050206;0;7;0;0.0;2.0;2.0;9.0;A01
76824;201300050206;0;30;0;0.0;2.0;3.0;1.0;B01
76825;201300050207;0;33;0;0.0;1.0;3.0;1.0;A01
76826;201300050208;0;1;0;0.0;1.0;0.0;1.0;A01
76827;201300050209;0;7;0;8.0;2.0;7.0;1.0;B01
76828;201300050209;0;7;0;0.0;2.0;1.0;1.0;A01
76829;201300050210;0;33;0;0.0;1.0;8.0;5.0;A01
76830;201300050211;0;7;0;0.0;1.0;2.0;1.0;A01
76831;201300050212;0;10;0;0.0;2.0;5.0;23.0;B01
76832;201300050212;0;2;0;0.0;2.0;1.0;2.0;A01
76833;201300050213;0;10;0;0.0;2.0;3.0;11.0;A01
76834;201300050213;0;2;0;0.0;2.0;7.0;17.0;B01
76835;201300050214;0;7;0;0.0;1.0;7.0;1.0;A01
76836;201300050215;0;1;0;0.0;0.0;0.0;7.0;A01
76837;201300050216;0;7;0;0.0;1.0;2.0;1.0;A01
76838;201300050217;0;1;0;0.0;2.0;4.0;2.0;B01
76839;201300050217;0;7;0;0.0;2.0;1.0;2.0;A01
76840;201300050219;1;7;0;1.0;1.0;7.0;5.0;A01
76841;201300050220;0;7;0;0.0;2.0;5.0;22.0;A01
76842;201300050220;0;33;0;0.0;2.0;7.0;18.0;B01
76843;201300050221;0;7;0;0.0;2.0;6.0;1.0;B01
76844;201300050221;0;32;0;0.0;2.0;9.0;3.0;C01
76845;201300050221;0;7;0;0.0;2.0;2.0;1.0;A01
76846;201300050222;0;10;0;0.0;1.0;7.0;15.0;A01
76847;201300050223;0;30;0;0.0;1.0;9.0;1.0;A01
76848;201300050224;0;38;0;0.0;2.0;0.0;15.0;B01
76849;201300050224;0;32;0;0.0;2.0;0.0;17.0;A01
76850;201300050225;0;1;0;0.0;1.0;8.0;7.0;A01
76851;201300050227;0;7;0;0.0;2.0;7.0;16.0;A01
76852;201300050227;0;33;0;0.0;2.0;1.0;16.0;B01
76853;201300050228;0;7;0;0.0;1.0;7.0;15.0;A01
76854;201300050229;0;7;0;0.0;2.0;4.0;2.0;B01
76855;201300050229;0;14;0;0.0;2.0;1.0;2.0;A01
76856;201300050230;0;7;0;0.0;1.0;3.0;13.0;A01
76857;201300050231;0;30;0;0.0;0.0;1.0;1.0;A01
76858;201300050232;1;1;0;0.0;1.0;0.0;1.0;Z01
76859;201300050233;0;33;0;0.0;2.0;5.0;23.0;B01
76860;201300050233;0;7;0;0.0;2.0;3.0;23.0;C01
76861;201300050233;0;31;0;0.0;2.0;3.0;2.0;A01
76862;201300050234;0;31;0;0.0;2.0;3.0;15.0;A01
76863;201300050234;1;7;0;0.0;2.0;2.0;17.0;Z01
76864;201300050235;0;34;0;0.0;1.0;0.0;7.0;A01
76865;201300050236;0;7;0;0.0;2.0;8.0;13.0;B01
76866;201300050236;0;31;0;0.0;2.0;7.0;17.0;A01
76867;201300050237;0;7;0;0.0;2.0;3.0;15.0;A01
76868;201300050237;0;2;0;0.0;2.0;7.0;17.0;B01
76869;201300050238;0;32;0;0.0;1.0;2.0;1.0;A01
76870;201300050239;0;32;0;0.0;1.0;0.0;1.0;A01
76871;201300050240;0;7;0;0.0;0.0;8.0;22.0;A01
76872;201300050240;0;34;0;1.0;0.0;1.0;1.0;B01
76873;201300050241;0;2;0;0.0;0.0;1.0;23.0;B01
76874;201300050241;0;10;0;0.0;0.0;6.0;1.0;A01
76875;201300050242;0;15;0;0.0;2.0;3.0;15.0;A01
76876;201300050242;0;33;0;0.0;2.0;2.0;1.0;B01
76877;201300050243;0;7;0;0.0;2.0;1.0;23.0;C01
76878;201300050243;0;7;0;0.0;2.0;4.0;23.0;D01
76879;201300050243;0;7;0;0.0;2.0;6.0;23.0;B01
76880;201300050243;0;7;0;0.0;2.0;0.0;2.0;A01
76881;201300050244;0;7;0;0.0;0.0;2.0;17.0;A01
76882;201300050244;0;1;0;0.0;0.0;0.0;15.0;B01