;Num_Acc;senc;catv;occutc;obs;obsm;choc;manv;num_veh
76883;201300050245;0;1;0;0.0;1.0;1.0;7.0;A01
76884;201300050246;0;10;0;0.0;1.0;4.0;20.0;A01
76885;201300050247;0;7;0;0.0;2.0;5.0;5.0;A01
76886;201300050247;0;31;0;0.0;2.0;1.0;1.0;B01
76887;201300050248;0;1;0;0.0;2.0;1.0;1.0;B01
76888;201300050248;0;7;0;0.0;2.0;8.0;22.0;A01
76889;201300050250;0;7;0;1.0;0.0;6.0;15.0;A01
76890;201300050250;0;7;0;0.0;0.0;1.0;1.0;B01
76891;201300050251;0;32;0;0.0;0.0;7.0;1.0;A01
76892;201300050252;0;7;0;0.0;2.0;1.0;7.0;A01
76893;201300050252;0;7;0;0.0;2.0;4.0;7.0;B01
76894;201300050252;0;7;0;0.0;0.0;4.0;7.0;C01
76895;201300050253;0;10;0;0.0;1.0;3.0;1.0;A01
76896;201300050254;0;7;0;0.0;2.0;4.0;23.0;B01
76897;201300050254;0;7;0;0.0;2.0;1.0;1.0;A01
76898;201300050254;0;7;0;0.0;0.0;4.0;23.0;C01
76899;201300050255;0;7;0;0.0;1.0;2.0;1.0;A01
76900;201300050256;0;30;0;0.0;0.0;1.0;1.0;B01
76901;201300050256;0;7;0;0.0;0.0;8.0;1.0;A01
76902;201300050257;0;2;0;0.0;2.0;8.0;15.0;A01
76903;201300050257;0;1;0;0.0;2.0;1.0;15.0;B01
76904;201300050258;0;7;0;0.0;1.0;7.0;16.0;A01
76905;201300050260;0;33;0;0.0;2.0;1.0;1.0;B01
76906;201300050260;0;7;0;0.0;2.0;6.0;15.0;A01
76907;201300050261;0;32;0;0.0;1.0;0.0;1.0;A01
76908;201300050262;2;7;0;0.0;2.0;1.0;2.0;Z01
76909;201300050262;0;7;0;4.0;2.0;6.0;2.0;A01
76910;201300050263;0;32;0;0.0;2.0;1.0;7.0;A01
76911;201300050263;0;7;0;0.0;2.0;3.0;15.0;B01
76912;201300050264;0;10;0;14.0;0.0;2.0;1.0;A01
76913;201300050265;0;1;0;0.0;2.0;8.0;13.0;B01
76914;201300050265;0;32;0;0.0;2.0;7.0;1.0;A01
76915;201300050266;0;7;0;0.0;2.0;4.0;2.0;B01
76916;201300050266;0;31;0;0.0;2.0;1.0;2.0;A01
76917;201300050267;0;7;0;0.0;2.0;3.0;23.0;B01
76918;201300050267;0;31;0;0.0;2.0;4.0;2.0;A01
76919;201300050268;0;31;0;0.0;0.0;0.0;21.0;A01
76920;201300050269;0;1;0;0.0;0.0;7.0;1.0;B01
76921;201300050269;0;10;0;0.0;0.0;3.0;15.0;A01
76922;201300050270;0;32;0;0.0;1.0;7.0;16.0;A01
76923;201300050271;0;30;0;0.0;2.0;3.0;1.0;B01
76924;201300050271;0;33;0;0.0;2.0;2.0;14.0;A01
76925;201300050272;0;38;42;1.0;0.0;7.0;7.0;A01
76926;201300050272;0;37;15;0.0;0.0;0.0;24.0;B01
76927;201300050273;0;7;0;0.0;1.0;2.0;1.0;A01
76928;201300050274;0;7;0;0.0;1.0;6.0;20.0;A01
76929;201300050275;0;32;0;0.0;0.0;4.0;1.0;B01
76930;201300050275;1;10;0;0.0;0.0;0.0;0.0;A01
76931;201300050276;0;30;0;0.0;0.0;0.0;1.0;A01
76932;201300050277;0;7;0;0.0;0.0;1.0;15.0;A01
76933;201300050277;0;32;0;0.0;0.0;8.0;7.0;B01
76934;201300050278;0;7;0;0.0;2.0;4.0;23.0;A01
76935;201300050278;0;30;0;0.0;2.0;0.0;2.0;B01
76936;201300050279;0;7;0;0.0;2.0;6.0;2.0;A01
76937;201300050279;0;30;0;0.0;2.0;1.0;2.0;B01
76938;201300050280;0;1;0;0.0;0.0;1.0;1.0;A01
76939;201300050281;0;1;0;0.0;2.0;7.0;1.0;B01
76940;201300050281;0;7;0;0.0;2.0;8.0;22.0;A01
76941;201300050282;0;10;0;0.0;2.0;8.0;15.0;A01
76942;201300050282;1;1;0;0.0;2.0;0.0;17.0;B01
76943;201300050283;0;31;0;14.0;2.0;8.0;13.0;B01
76944;201300050283;0;7;0;0.0;2.0;2.0;1.0;A01
76945;201300050284;0;32;0;14.0;0.0;0.0;13.0;A01
76946;201300050286;0;31;0;0.0;2.0;1.0;2.0;B01
76947;201300050286;0;33;0;15.0;2.0;1.0;2.0;A01
76948;201300050287;0;32;0;14.0;0.0;0.0;21.0;A01
76949;201300050288;0;34;0;0.0;2.0;1.0;1.0;A01
76950;201300050288;0;7;0;0.0;2.0;3.0;1.0;B01
76951;201300050289;0;32;0;0.0;0.0;0.0;21.0;A01
76952;201300050290;0;32;0;0.0;2.0;1.0;3.0;B01
76953;201300050290;0;14;0;0.0;2.0;6.0;1.0;A01
76954;201300050291;0;32;0;0.0;2.0;0.0;1.0;A01
76955;201300050292;0;2;0;0.0;0.0;1.0;1.0;A01
76956;201300050293;0;7;0;0.0;2.0;4.0;23.0;E01
76957;201300050293;0;7;0;0.0;2.0;4.0;23.0;D01
76958;201300050293;0;32;0;0.0;2.0;4.0;23.0;B01
76959;201300050293;2;10;0;0.0;2.0;0.0;2.0;Z02
76960;201300050293;0;7;0;0.0;2.0;4.0;23.0;C01
76961;201300050293;0;7;0;0.0;2.0;1.0;23.0;A01
76962;201300050295;0;1;0;0.0;2.0;6.0;7.0;A01
76963;201300050295;1;10;0;0.0;2.0;0.0;7.0;Z01
76964;201300050296;1;37;1;0.0;0.0;0.0;14.0;A01
76965;201300050296;0;1;0;0.0;0.0;0.0;7.0;B01
76966;201300050297;0;30;0;0.0;2.0;0.0;1.0;A01
76967;201300050298;0;33;0;0.0;1.0;7.0;17.0;A01
76968;201300050299;0;7;0;0.0;2.0;1.0;2.0;A01
76969;201300050299;0;30;0;0.0;2.0;4.0;2.0;B01
76970;201300050300;0;1;0;0.0;1.0;1.0;1.0;A01
76971;201300050301;0;7;0;0.0;2.0;3.0;15.0;A01
76972;201300050301;0;30;0;0.0;2.0;2.0;17.0;B01
76973;201300050302;0;7;0;0.0;1.0;6.0;4.0;A01
76974;201300050303;0;2;0;0.0;1.0;1.0;3.0;A01
76975;201300050303;0;7;0;0.0;2.0;8.0;1.0;C01
76976;201300050303;0;7;0;0.0;2.0;5.0;1.0;B01
76977;201300050304;0;34;0;0.0;2.0;2.0;1.0;B01
76978;201300050304;0;7;0;0.0;0.0;6.0;11.0;A01
76979;201300050305;0;33;0;0.0;1.0;1.0;1.0;A01
76980;201300050306;0;7;0;0.0;2.0;3.0;15.0;A01
76981;201300050306;0;32;0;0.0;2.0;2.0;17.0;B01
76982;201300050308;0;7;0;6.0;0.0;8.0;13.0;A01
76983;201300050309;0;1;0;0.0;0.0;0.0;1.0;A01
76984;201300050310;0;7;0;0.0;2.0;5.0;12.0;A01
76985;201300050310;0;37;0;0.0;2.0;3.0;7.0;B01
76986;201300050311;0;1;0;0.0;2.0;4.0;13.0;B01
76987;201300050311;0;7;0;0.0;2.0;2.0;1.0;A01
76988;201300050312;0;7;0;0.0;1.0;2.0;15.0;A01
76989;201300050313;0;32;0;0.0;0.0;0.0;1.0;A01
76990;201300050314;0;34;0;0.0;2.0;7.0;1.0;B01
76991;201300050314;0;10;0;0.0;2.0;0.0;11.0;A01
76992;201300050315;0;32;0;0.0;2.0;7.0;1.0;A01
76993;201300050315;1;7;0;0.0;2.0;0.0;13.0;Z01
76994;201300050316;0;32;0;0.0;2.0;0.0;1.0;A01
76995;201300050316;0;7;0;0.0;2.0;0.0;13.0;B01
76996;201300050318;0;33;0;0.0;2.0;4.0;1.0;A01
76997;201300050318;0;33;0;0.0;2.0;0.0;23.0;B01
76998;201300050319;0;33;0;0.0;2.0;1.0;1.0;A01
76999;201300050319;0;7;0;0.0;2.0;4.0;23.0;B01
77000;201300050319;0;7;0;0.0;2.0;6.0;23.0;C01
77001;201300050320;0;7;0;0.0;2.0;7.0;1.0;A01
77002;201300050320;0;32;0;0.0;2.0;1.0;16.0;B01
77003;201300050321;0;32;0;0.0;0.0;1.0;1.0;C01
77004;201300050321;0;2;0;0.0;0.0;4.0;1.0;A01
77005;201300050321;0;32;0;0.0;0.0;4.0;23.0;B01
77006;201300050322;0;34;0;12.0;0.0;1.0;1.0;A01
77007;201300050323;0;32;0;0.0;1.0;0.0;1.0;A01
77008;201300050326;1;7;0;0.0;2.0;0.0;15.0;Z01
77009;201300050326;0;32;0;0.0;0.0;8.0;1.0;A01
77010;201300050327;0;34;0;0.0;2.0;8.0;1.0;B01
77011;201300050327;0;7;0;0.0;2.0;7.0;14.0;A01
77012;201300050328;0;7;0;0.0;1.0;7.0;7.0;A01
77013;201300050329;0;33;0;14.0;0.0;3.0;13.0;A01
77014;201300050330;0;37;45;0.0;1.0;7.0;8.0;A01
77015;201300050331;0;33;0;0.0;1.0;2.0;1.0;A01
77016;201300050332;0;7;0;0.0;2.0;3.0;11.0;A01
77017;201300050332;0;1;0;0.0;2.0;2.0;1.0;B01
77018;201300050333;0;33;0;0.0;0.0;0.0;0.0;A01
77019;201300050334;0;7;0;0.0;2.0;1.0;1.0;B01
77020;201300050334;0;7;0;0.0;2.0;4.0;23.0;A01
77021;201300050336;0;32;0;0.0;0.0;0.0;1.0;A01
77022;201300050337;0;32;0;0.0;0.0;0.0;1.0;A01
77023;201300050338;0;7;0;9.0;2.0;1.0;1.0;A01
77024;201300050338;0;7;0;9.0;2.0;6.0;1.0;B01
77025;201300050339;0;7;0;0.0;1.0;3.0;15.0;A01
77026;201300050340;0;7;0;0.0;1.0;1.0;1.0;A01
77027;201300050341;0;7;0;0.0;2.0;2.0;15.0;A01
77028;201300050341;0;32;0;0.0;2.0;1.0;1.0;B01
77029;201300050342;0;7;0;0.0;1.0;5.0;15.0;A01
77030;201300050344;0;7;0;0.0;2.0;8.0;1.0;B01
77031;201300050344;0;30;0;0.0;2.0;0.0;1.0;A01
77032;201300050345;0;32;0;0.0;2.0;2.0;1.0;B01
77033;201300050345;0;7;0;0.0;2.0;3.0;9.0;A01
77034;201300050346;0;33;0;0.0;1.0;8.0;1.0;A01
77035;201300050348;0;1;0;0.0;1.0;0.0;7.0;A01
77036;201300050349;0;1;0;0.0;2.0;3.0;13.0;A01
77037;201300050349;0;34;0;0.0;2.0;2.0;1.0;B01
77038;201300050350;0;7;0;0.0;2.0;8.0;15.0;A01
77039;201300050350;0;31;0;0.0;2.0;0.0;1.0;B01
77040;201300050351;0;7;0;0.0;2.0;5.0;23.0;B01
77041;201300050351;0;7;0;0.0;2.0;3.0;2.0;A01
77042;201300050352;0;2;0;0.0;2.0;7.0;1.0;A01
77043;201300050352;0;7;0;0.0;2.0;0.0;1.0;B01
77044;201300050353;0;7;0;11.0;0.0;2.0;1.0;A01
77045;201300050354;0;32;0;0.0;2.0;3.0;1.0;B01
77046;201300050354;0;7;0;0.0;9.0;2.0;1.0;A01
77047;201300050355;0;7;0;0.0;1.0;3.0;15.0;A01
77048;201300050356;0;1;0;0.0;2.0;0.0;1.0;B01
77049;201300050356;0;7;0;0.0;2.0;0.0;1.0;A01
77050;201300050357;0;13;0;0.0;0.0;4.0;24.0;A01
77051;201300050357;0;32;0;1.0;0.0;8.0;9.0;B01
77052;201300050358;0;7;0;9.0;1.0;1.0;13.0;A01
77053;201300050360;0;7;0;0.0;0.0;3.0;15.0;A01
77054;201300050360;0;2;0;0.0;2.0;3.0;17.0;B01
77055;201300050361;0;7;0;0.0;2.0;8.0;22.0;A01
77056;201300050361;0;1;0;1.0;0.0;0.0;17.0;B01
77057;201300050362;0;33;0;0.0;2.0;1.0;1.0;A01
77058;201300050362;0;32;0;0.0;0.0;4.0;15.0;B01
77059;201300050363;0;30;0;0.0;0.0;4.0;23.0;B01
77060;201300050363;0;7;0;0.0;2.0;1.0;2.0;A01
77061;201300050364;0;7;0;0.0;1.0;1.0;15.0;A01
77062;201300050365;0;7;0;0.0;1.0;1.0;0.0;A01
77063;201300050366;1;7;0;0.0;2.0;3.0;23.0;B01
77064;201300050366;0;7;0;0.0;2.0;3.0;1.0;A01
77065;201300050367;1;7;0;0.0;1.0;0.0;1.0;Z01
77066;201300050368;0;7;0;0.0;2.0;2.0;1.0;B01
77067;201300050368;0;10;0;0.0;2.0;3.0;1.0;A01
77068;201300050369;0;32;0;0.0;2.0;6.0;17.0;A01
77069;201300050369;0;7;0;0.0;0.0;6.0;11.0;B01
77070;201300050370;0;7;0;0.0;2.0;2.0;1.0;B01
77071;201300050370;0;1;0;0.0;2.0;1.0;1.0;A01
77072;201300050371;0;32;0;0.0;0.0;8.0;1.0;A01
77073;201300050372;0;7;0;0.0;1.0;5.0;17.0;A01
77074;201300050373;0;7;0;0.0;2.0;5.0;23.0;B01
77075;201300050373;0;7;0;0.0;2.0;3.0;2.0;A01
77076;201300050374;0;32;0;0.0;2.0;1.0;2.0;A01
77077;201300050374;0;7;0;0.0;2.0;5.0;23.0;B01
77078;201300050377;0;7;0;0.0;0.0;6.0;23.0;C01
77079;201300050377;0;2;0;0.0;2.0;6.0;5.0;A01
77080;201300050377;0;2;0;0.0;2.0;8.0;1.0;B01
77081;201300050378;0;1;0;1.0;0.0;1.0;1.0;B01
77082;201300050378;0;7;0;0.0;0.0;5.0;22.0;A01
77083;201300050379;0;7;0;0.0;2.0;5.0;22.0;A01
77084;201300050379;0;32;0;0.0;2.0;8.0;18.0;B01
77085;201300050380;0;7;0;0.0;1.0;1.0;1.0;A01
77086;201300050381;0;7;0;0.0;1.0;7.0;1.0;A01
77087;201300050382;0;7;0;0.0;2.0;2.0;1.0;A01
77088;201300050382;0;33;0;0.0;2.0;1.0;1.0;B01
77089;201300050383;1;10;0;0.0;1.0;5.0;4.0;Z01
77090;201300050384;0;30;0;0.0;2.0;3.0;2.0;A01
77091;201300050384;0;32;0;0.0;2.0;0.0;15.0;B01
77092;201300050385;0;7;0;0.0;1.0;1.0;1.0;A01
77093;201300050386;0;7;0;0.0;1.0;2.0;15.0;A01
77094;201300050387;0;33;0;1.0;1.0;1.0;1.0;A01
77095;201300050388;0;31;0;0.0;1.0;1.0;1.0;A01
77096;201300050389;0;7;0;0.0;2.0;2.0;1.0;B01
77097;201300050389;0;30;0;0.0;2.0;1.0;1.0;A01
77098;201300050390;0;10;0;0.0;1.0;4.0;4.0;A01
77099;201300050391;0;10;0;0.0;2.0;3.0;11.0;A01
77100;201300050391;0;2;0;0.0;2.0;1.0;17.0;B01
77101;201300050392;0;7;0;8.0;0.0;1.0;14.0;A01
77102;201300050394;1;33;0;0.0;2.0;0.0;17.0;Z01
77103;201300050394;0;32;0;0.0;2.0;1.0;1.0;A01
77104;201300050395;0;7;0;0.0;2.0;7.0;16.0;B01
77105;201300050395;0;32;0;0.0;2.0;1.0;18.0;A01
77106;201300050397;0;7;0;0.0;1.0;4.0;4.0;A01
77107;201300050398;0;7;0;0.0;0.0;4.0;23.0;B01
77108;201300050398;0;7;0;0.0;2.0;1.0;1.0;A01
77109;201300050399;0;34;0;6.0;1.0;1.0;1.0;A01
77110;201300050400;0;32;0;0.0;2.0;3.0;15.0;A01
77111;201300050400;0;2;0;0.0;2.0;1.0;1.0;B01
77112;201300050401;0;1;0;0.0;2.0;1.0;7.0;B01
77113;201300050401;0;7;0;0.0;2.0;2.0;16.0;A01
77114;201300050402;0;34;0;0.0;1.0;7.0;1.0;A01
77115;201300050403;0;7;0;14.0;0.0;1.0;13.0;A01
77116;201300050404;0;37;0;0.0;2.0;2.0;1.0;A01
77117;201300050404;0;34;0;0.0;2.0;8.0;13.0;B01
77118;201300050405;0;7;0;1.0;0.0;1.0;1.0;A01
77119;201300050406;0;32;0;0.0;2.0;3.0;15.0;B01
77120;201300050406;0;7;0;0.0;2.0;2.0;1.0;A01
77121;201300050407;0;7;0;14.0;0.0;3.0;1.0;A01
77122;201300050408;0;37;20;0.0;2.0;7.0;17.0;A01
77123;201300050408;0;33;0;0.0;2.0;0.0;1.0;B01
77124;201300050409;0;7;0;0.0;1.0;2.0;16.0;A01
77125;201300050410;0;34;0;0.0;2.0;3.0;1.0;B01
77126;201300050410;0;7;0;0.0;2.0;7.0;14.0;A01
77127;201300050411;0;30;0;0.0;0.0;0.0;1.0;A01
77128;201300050412;0;32;0;0.0;2.0;9.0;1.0;B01
77129;201300050412;0;10;0;0.0;2.0;8.0;1.0;A01
77130;201300050413;0;10;0;0.0;1.0;4.0;4.0;A01
77131;201300050414;0;7;0;7.0;2.0;2.0;1.0;B01
77132;201300050414;0;7;0;0.0;2.0;3.0;15.0;A01
77133;201300050415;0;1;0;0.0;2.0;1.0;3.0;A01
77134;201300050415;0;7;0;0.0;2.0;7.0;23.0;B01
77135;201300050415;0;7;0;0.0;2.0;3.0;23.0;C01
77136;201300050416;0;2;0;0.0;0.0;0.0;1.0;A01
77137;201300050418;0;1;0;0.0;2.0;8.0;13.0;A01
77138;201300050418;1;2;0;0.0;2.0;0.0;1.0;Z01
77139;201300050419;0;31;0;0.0;1.0;1.0;1.0;A01
77140;201300050420;0;7;0;0.0;1.0;2.0;1.0;A01
77141;201300050421;0;31;0;0.0;0.0;0.0;1.0;A01
77142;201300050422;0;10;0;0.0;1.0;2.0;15.0;A01
77143;201300050423;0;2;0;0.0;0.0;0.0;1.0;A01
77144;201300050423;0;32;0;0.0;0.0;0.0;23.0;B01
77145;201300050424;0;30;0;16.0;0.0;3.0;9.0;A01
77146;201300050424;0;7;0;0.0;0.0;2.0;23.0;B01
77147;201300050425;0;32;0;0.0;2.0;1.0;1.0;B01
77148;201300050425;0;7;0;0.0;0.0;5.0;16.0;A01
77149;201300050426;0;7;0;0.0;2.0;3.0;15.0;A01
77150;201300050426;0;32;0;0.0;2.0;2.0;17.0;B01
77151;201300050427;0;32;0;0.0;1.0;5.0;1.0;A01
77152;201300050428;1;30;0;0.0;1.0;0.0;1.0;Z01
77153;201300050429;0;7;0;0.0;1.0;3.0;15.0;A01
77154;201300050430;0;30;0;0.0;2.0;8.0;1.0;A01
77155;201300050430;0;7;0;0.0;2.0;1.0;1.0;B01
77156;201300050431;1;1;0;0.0;1.0;0.0;1.0;Z01
77157;201300050432;0;33;0;0.0;2.0;2.0;5.0;A01
77158;201300050432;0;10;0;0.0;2.0;3.0;15.0;B01
77159;201300050434;0;10;0;0.0;1.0;3.0;1.0;A01
77160;201300050435;0;10;0;0.0;1.0;6.0;15.0;A01
77161;201300050436;0;32;0;14.0;9.0;2.0;1.0;A01
77162;201300050437;0;30;0;0.0;2.0;1.0;1.0;A01
77163;201300050437;0;7;0;0.0;2.0;1.0;1.0;B01
77164;201300050438;0;1;0;0.0;2.0;8.0;2.0;C01
77165;201300050438;0;7;0;0.0;2.0;0.0;22.0;A01
77166;201300050438;0;7;0;0.0;2.0;2.0;2.0;B01
77167;201300050439;0;32;0;14.0;0.0;6.0;1.0;A01
77168;201300050440;0;7;0;0.0;2.0;3.0;16.0;B01
77169;201300050440;0;1;0;0.0;2.0;2.0;1.0;A01
77170;201300050441;0;10;0;0.0;1.0;2.0;1.0;A01
77171;201300050442;1;33;0;0.0;1.0;0.0;1.0;Z01
77172;201300050443;0;7;0;0.0;2.0;1.0;1.0;A01
77173;201300050443;0;32;0;0.0;2.0;3.0;1.0;B01
77174;201300050443;0;7;0;0.0;2.0;8.0;1.0;C01
77175;201300050444;0;10;0;0.0;1.0;1.0;15.0;A01
77176;201300050445;0;32;0;0.0;1.0;1.0;1.0;A01
77177;201300050446;0;7;0;0.0;1.0;4.0;20.0;A01
77178;201300050447;0;32;0;0.0;2.0;8.0;18.0;A01
77179;201300050447;0;13;0;0.0;2.0;5.0;16.0;B01
77180;201300050448;0;33;0;0.0;1.0;2.0;1.0;A01
77181;201300050449;1;7;0;0.0;0.0;3.0;10.0;A01
77182;201300050449;0;32;0;0.0;2.0;1.0;1.0;B01
77183;201300050450;0;34;0;0.0;2.0;3.0;17.0;A01
77184;201300050450;0;7;0;0.0;2.0;3.0;9.0;B01
77185;201300050451;0;32;0;0.0;1.0;2.0;1.0;A01
77186;201300050452;0;7;0;0.0;1.0;5.0;1.0;A01
77187;201300050453;0;2;0;0.0;2.0;8.0;16.0;A01
77188;201300050453;0;31;0;0.0;2.0;0.0;1.0;B01
77189;201300050454;0;32;0;0.0;1.0;1.0;2.0;A01
77190;201300050455;0;10;0;0.0;1.0;0.0;4.0;A01
77191;201300050456;0;7;0;0.0;2.0;3.0;10.0;A01
77192;201300050456;0;33;0;1.0;2.0;1.0;1.0;B01
77193;201300050457;0;34;0;0.0;1.0;1.0;1.0;A01
77194;201300050458;0;7;0;0.0;2.0;5.0;14.0;A01
77195;201300050458;0;31;0;0.0;2.0;3.0;1.0;B01
77196;201300050459;0;34;0;1.0;2.0;1.0;13.0;A01
77197;201300050459;0;7;0;0.0;2.0;8.0;17.0;B01
77198;201300050460;0;32;0;0.0;1.0;2.0;17.0;A01
77199;201300050461;0;30;0;0.0;0.0;0.0;1.0;A01
77200;201300050462;0;32;0;0.0;0.0;0.0;21.0;A01
77201;201300050463;0;33;0;0.0;2.0;1.0;1.0;B01
77202;201300050463;0;7;0;0.0;2.0;2.0;15.0;A01
77203;201300050464;0;34;0;0.0;2.0;1.0;2.0;A01
77204;201300050464;0;2;0;0.0;2.0;4.0;23.0;B01
77205;201300050465;0;7;0;0.0;1.0;2.0;1.0;A01
77206;201300050466;0;7;0;0.0;2.0;1.0;7.0;A01
77207;201300050466;0;1;0;0.0;2.0;0.0;7.0;B01
77208;201300050467;0;31;0;0.0;0.0;7.0;1.0;A01
77209;201300050468;0;2;0;0.0;1.0;1.0;7.0;A01
77210;201300050469;0;32;0;0.0;2.0;2.0;17.0;B01
77211;201300050469;0;7;0;0.0;2.0;6.0;15.0;A01
77212;201300050470;0;32;0;0.0;1.0;4.0;23.0;B01
77213;201300050470;0;7;0;0.0;2.0;1.0;2.0;A01
77214;201300050471;0;34;0;0.0;2.0;7.0;14.0;A01
77215;201300050471;0;7;0;0.0;2.0;3.0;1.0;B01
77216;201300050473;1;7;0;0.0;0.0;1.0;15.0;Z01
77217;201300050473;0;2;0;0.0;0.0;8.0;1.0;A01
77218;201300050474;0;2;0;12.0;1.0;1.0;14.0;A01
77219;201300050475;0;1;0;0.0;0.0;0.0;1.0;A01
77220;201300050476;0;7;0;0.0;0.0;4.0;23.0;B01
77221;201300050476;0;32;0;0.0;2.0;1.0;1.0;A01
77222;201300050477;0;32;0;0.0;2.0;8.0;1.0;B01
77223;201300050477;0;7;0;0.0;2.0;2.0;16.0;A01
77224;201300050478;0;7;0;0.0;1.0;1.0;1.0;A01
77225;201300050479;0;33;0;0.0;2.0;6.0;1.0;B01
77226;201300050479;0;7;0;0.0;2.0;1.0;15.0;A01
77227;201300050480;0;7;0;0.0;2.0;7.0;16.0;B01
77228;201300050480;0;2;0;0.0;2.0;1.0;7.0;A01
77229;201300050481;0;37;20;0.0;2.0;3.0;7.0;A01
77230;201300050481;0;10;0;0.0;2.0;2.0;12.0;B01
77231;201300050482;0;7;0;1.0;0.0;7.0;4.0;A01
77232;201300050483;0;10;0;0.0;1.0;1.0;7.0;A01
77233;201300050485;0;32;0;0.0;0.0;7.0;1.0;A01
77234;201300050488;0;1;0;0.0;2.0;1.0;7.0;A01
77235;201300050488;0;7;0;0.0;2.0;4.0;7.0;B01
77236;201300050489;0;31;0;0.0;2.0;0.0;21.0;A01
77237;201300050491;0;7;0;0.0;1.0;1.0;1.0;A01
77238;201300050492;0;33;0;0.0;2.0;1.0;1.0;B01
77239;201300050492;0;1;0;0.0;2.0;7.0;19.0;A01
77240;201300050493;0;10;0;0.0;1.0;1.0;15.0;A01
77241;201300050494;0;7;0;0.0;2.0;3.0;16.0;B01
77242;201300050494;0;32;0;0.0;2.0;8.0;1.0;A01
77243;201300050495;0;7;0;0.0;1.0;4.0;4.0;A01
77244;201300050496;0;7;0;0.0;2.0;3.0;1.0;B01
77245;201300050496;0;1;0;0.0;2.0;7.0;1.0;A01
77246;201300050497;0;31;0;12.0;0.0;2.0;14.0;A01
77247;201300050498;0;10;0;0.0;2.0;8.0;15.0;B01
77248;201300050498;0;30;0;0.0;2.0;8.0;1.0;A01
77249;201300050499;0;1;0;0.0;2.0;7.0;1.0;A01
77250;201300050499;0;10;0;0.0;2.0;3.0;1.0;B01
77251;201300050500;0;1;0;12.0;0.0;7.0;1.0;A01
77252;201300050501;0;7;0;0.0;2.0;8.0;15.0;A01
77253;201300050501;0;32;0;0.0;2.0;1.0;17.0;B01
77254;201300050502;0;2;0;0.0;2.0;8.0;13.0;A01
77255;201300050502;0;30;0;0.0;2.0;7.0;5.0;B01
77256;201300050503;0;1;0;0.0;2.0;4.0;16.0;B01
77257;201300050503;0;7;0;0.0;2.0;2.0;2.0;A01
77258;201300050504;0;1;0;0.0;0.0;1.0;13.0;B01
77259;201300050504;0;7;0;0.0;0.0;5.0;12.0;A01
77260;201300050505;0;32;0;0.0;1.0;3.0;1.0;A01
77261;201300050506;0;7;0;0.0;2.0;8.0;9.0;A01
77262;201300050506;0;7;0;6.0;2.0;3.0;1.0;B01
77263;201300050506;0;7;0;0.0;2.0;1.0;1.0;C01
77264;201300050507;0;7;0;0.0;2.0;2.0;2.0;B01
77265;201300050507;0;1;0;0.0;2.0;8.0;2.0;A01
77266;201300050508;0;7;0;0.0;2.0;1.0;7.0;B01
77267;201300050508;0;7;0;0.0;2.0;7.0;16.0;A01
77268;201300050509;0;7;0;0.0;2.0;2.0;16.0;A01
77269;201300050509;0;32;0;0.0;2.0;3.0;18.0;B01
77270;201300050510;0;7;0;0.0;2.0;6.0;24.0;C01
77271;201300050510;0;7;0;0.0;2.0;7.0;12.0;A01
77272;201300050510;0;31;0;0.0;2.0;8.0;1.0;B01
77273;201300050511;0;10;0;0.0;1.0;4.0;4.0;A01
77274;201300050513;0;10;0;0.0;2.0;1.0;2.0;A01
77275;201300050513;0;10;0;0.0;2.0;4.0;23.0;B01
77276;201300050514;0;7;0;0.0;2.0;8.0;10.0;A01
77277;201300050514;0;33;0;0.0;2.0;1.0;1.0;B01
77278;201300050516;0;7;0;0.0;1.0;1.0;15.0;A01
77279;201300050517;0;7;0;0.0;2.0;6.0;15.0;B01
77280;201300050517;0;32;0;0.0;2.0;1.0;2.0;A01
77281;201300050518;0;32;0;11.0;0.0;1.0;1.0;A01
77282;201300050519;0;32;0;0.0;0.0;7.0;21.0;A01
77283;201300050520;0;2;0;14.0;0.0;7.0;1.0;A01
77284;201300050521;0;10;0;0.0;2.0;1.0;1.0;B01
77285;201300050521;0;1;0;0.0;2.0;4.0;15.0;A01
77286;201300050522;0;1;0;14.0;0.0;1.0;18.0;B01
77287;201300050522;0;7;0;0.0;2.0;5.0;22.0;A01
77288;201300050524;0;2;0;0.0;2.0;1.0;1.0;B01
77289;201300050524;0;1;0;0.0;2.0;7.0;15.0;A01
77290;201300050526;0;31;0;0.0;0.0;7.0;21.0;A01
77291;201300050527;0;7;0;0.0;2.0;1.0;1.0;A01
77292;201300050527;0;31;0;0.0;2.0;8.0;1.0;B01
77293;201300050528;0;10;0;0.0;2.0;3.0;1.0;B01
77294;201300050528;0;1;0;0.0;2.0;7.0;7.0;A01
77295;201300050529;0;2;0;0.0;0.0;0.0;21.0;A01
77296;201300050530;0;2;0;0.0;2.0;3.0;18.0;A01
77297;201300050530;0;7;0;0.0;2.0;2.0;1.0;B01
77298;201300050532;0;1;0;0.0;1.0;1.0;16.0;A01
77299;201300050533;1;2;0;0.0;1.0;1.0;1.0;Z01
77300;201300050534;0;2;0;0.0;2.0;1.0;2.0;A01