;Num_Acc;senc;catv;occutc;obs;obsm;choc;manv;num_veh
78138;201300051132;0;7;0;0.0;1.0;8.0;1.0;A01
78139;201300051133;0;7;0;0.0;2.0;4.0;1.0;A01
78140;201300051133;0;7;0;0.0;0.0;4.0;1.0;B01
78141;201300051134;0;7;0;0.0;2.0;4.0;23.0;C01
78142;201300051134;0;7;0;0.0;2.0;1.0;1.0;A01
78143;201300051134;0;7;0;0.0;2.0;4.0;23.0;B01
78144;201300051135;0;7;0;0.0;2.0;6.0;1.0;C01
78145;201300051135;0;7;0;0.0;2.0;3.0;15.0;B01
78146;201300051135;0;7;0;0.0;2.0;3.0;2.0;A01
78147;201300051136;0;7;0;0.0;2.0;2.0;1.0;B01
78148;201300051136;0;30;0;0.0;2.0;7.0;15.0;A01
78149;201300051137;0;30;0;0.0;2.0;0.0;21.0;A01
78150;201300051138;0;7;0;0.0;2.0;3.0;15.0;A01
78151;201300051138;0;33;0;0.0;0.0;2.0;17.0;B01
78152;201300051139;0;7;0;0.0;2.0;6.0;1.0;A01
78153;201300051139;0;30;0;0.0;2.0;1.0;1.0;B01
78154;201300051140;0;7;0;0.0;2.0;5.0;15.0;A01
78155;201300051140;0;30;0;0.0;2.0;1.0;1.0;B01
78156;201300051141;0;7;0;0.0;2.0;6.0;1.0;B01
78157;201300051141;0;32;0;0.0;2.0;1.0;1.0;A01
78158;201300051142;0;7;0;14.0;0.0;9.0;13.0;A01
78159;201300051143;0;7;0;0.0;2.0;7.0;1.0;A01
78160;201300051143;0;38;1;0.0;2.0;1.0;15.0;B01
78161;201300051144;0;7;0;0.0;2.0;3.0;15.0;B01
78162;201300051144;0;33;0;0.0;2.0;7.0;17.0;A01
78163;201300051145;0;2;0;0.0;2.0;0.0;1.0;A01
78164;201300051146;0;10;0;0.0;2.0;1.0;2.0;A01
78165;201300051146;0;7;0;0.0;2.0;4.0;23.0;B01
78166;201300051147;0;7;0;0.0;1.0;3.0;15.0;A01
78167;201300051148;0;7;0;0.0;1.0;1.0;1.0;A01
78168;201300051149;0;7;0;0.0;2.0;3.0;15.0;B01
78169;201300051149;0;33;0;0.0;2.0;7.0;17.0;A01
78170;201300051150;0;31;0;0.0;2.0;0.0;17.0;B01
78171;201300051150;0;7;0;0.0;2.0;0.0;15.0;A01
78172;201300051151;0;31;0;0.0;2.0;8.0;18.0;A01
78173;201300051151;0;33;0;0.0;2.0;5.0;14.0;B01
78174;201300051152;0;7;0;0.0;2.0;2.0;15.0;A01
78175;201300051152;0;7;0;0.0;2.0;3.0;1.0;B01
78176;201300051154;0;7;0;0.0;2.0;1.0;1.0;A01
78177;201300051154;0;32;0;0.0;2.0;3.0;1.0;B01
78178;201300051155;0;1;0;0.0;1.0;1.0;1.0;A01
78179;201300051156;0;7;0;0.0;2.0;4.0;23.0;C01
78180;201300051156;0;7;0;0.0;2.0;1.0;2.0;A01
78181;201300051156;0;7;0;0.0;2.0;4.0;23.0;B01
78182;201300051157;0;7;0;0.0;2.0;2.0;16.0;B01
78183;201300051157;0;1;0;0.0;2.0;1.0;19.0;A01
78184;201300051158;0;7;0;0.0;2.0;2.0;14.0;A01
78185;201300051158;0;31;0;0.0;2.0;7.0;1.0;B01
78186;201300051159;0;7;0;0.0;1.0;3.0;1.0;A01
78187;201300051160;0;7;0;0.0;2.0;8.0;4.0;A01
78188;201300051160;0;7;0;0.0;2.0;2.0;24.0;B01
78189;201300051162;0;34;0;0.0;2.0;7.0;1.0;A01
78190;201300051162;0;7;0;0.0;2.0;7.0;16.0;B01
78191;201300051163;0;7;0;0.0;0.0;2.0;15.0;A01
78192;201300051163;0;2;0;0.0;0.0;1.0;1.0;B01
78193;201300051165;0;33;0;0.0;2.0;3.0;3.0;B01
78194;201300051165;0;7;0;0.0;2.0;2.0;1.0;A01
78195;201300051166;0;32;0;0.0;2.0;1.0;1.0;A01
78196;201300051166;0;10;0;0.0;2.0;5.0;15.0;B01
78197;201300051167;0;33;0;0.0;0.0;1.0;15.0;A01
78198;201300051167;0;7;0;0.0;2.0;3.0;1.0;B01
78199;201300051168;0;32;0;0.0;2.0;3.0;18.0;A01
78200;201300051168;0;7;0;0.0;2.0;5.0;22.0;B01
78201;201300051169;0;33;0;0.0;2.0;4.0;23.0;B01
78202;201300051169;0;7;0;0.0;2.0;2.0;1.0;A01
78203;201300051170;0;1;0;0.0;0.0;0.0;1.0;A01
78204;201300051171;0;7;0;0.0;1.0;3.0;16.0;A01
78205;201300051172;0;30;0;0.0;2.0;2.0;17.0;A01
78206;201300051172;0;7;0;0.0;2.0;8.0;15.0;B01
78207;201300051174;0;32;0;0.0;0.0;0.0;1.0;A01
78208;201300051175;0;1;0;0.0;2.0;1.0;7.0;A01
78209;201300051175;0;32;0;0.0;2.0;5.0;1.0;B01
78210;201300051176;0;7;0;0.0;1.0;3.0;15.0;A01
78211;201300051177;0;10;0;0.0;1.0;6.0;4.0;A01
78212;201300051178;0;10;0;0.0;1.0;6.0;1.0;A01
78213;201300051179;0;32;0;12.0;0.0;8.0;14.0;A01
78214;201300051180;0;7;0;0.0;2.0;3.0;15.0;A01
78215;201300051180;0;33;0;0.0;2.0;9.0;1.0;B01
78216;201300051181;0;31;0;0.0;2.0;1.0;2.0;A01
78217;201300051181;0;10;0;0.0;2.0;6.0;2.0;B01
78218;201300051182;0;32;0;0.0;2.0;5.0;16.0;A01
78219;201300051182;0;33;0;0.0;2.0;8.0;1.0;B01
78220;201300051183;0;32;0;0.0;0.0;8.0;1.0;A01
78221;201300051184;0;7;0;0.0;2.0;3.0;10.0;B01
78222;201300051184;0;33;0;0.0;2.0;7.0;5.0;A01
78223;201300051185;0;7;0;0.0;2.0;1.0;1.0;B01
78224;201300051185;0;7;0;0.0;2.0;7.0;1.0;A01
78225;201300051186;0;30;0;0.0;2.0;0.0;7.0;B01
78226;201300051186;0;7;0;0.0;2.0;0.0;9.0;A01
78227;201300051187;0;33;0;0.0;0.0;7.0;16.0;A01
78228;201300051188;0;7;0;0.0;2.0;4.0;2.0;C01
78229;201300051188;0;33;0;0.0;2.0;1.0;2.0;A01
78230;201300051188;0;10;0;0.0;2.0;9.0;2.0;B01
78231;201300051189;0;32;0;0.0;2.0;1.0;1.0;B01
78232;201300051189;0;7;0;0.0;2.0;3.0;1.0;A01
78233;201300051190;0;7;0;0.0;0.0;6.0;23.0;B01
78234;201300051190;0;30;0;0.0;2.0;2.0;1.0;A01
78235;201300051191;0;7;0;0.0;2.0;7.0;1.0;A01
78236;201300051191;0;7;0;0.0;2.0;6.0;16.0;B01
78237;201300051192;1;14;0;0.0;2.0;0.0;16.0;A01
78238;201300051192;0;31;0;0.0;2.0;8.0;1.0;B01
78239;201300051193;0;1;0;1.0;2.0;1.0;7.0;A01
78240;201300051193;0;7;0;1.0;0.0;4.0;23.0;B01
78241;201300051194;0;30;0;0.0;2.0;3.0;2.0;B01
78242;201300051194;0;30;0;0.0;2.0;7.0;2.0;A01
78243;201300051195;0;30;0;14.0;0.0;1.0;13.0;A01
78244;201300051196;0;2;0;0.0;2.0;0.0;1.0;B01
78245;201300051196;0;7;0;0.0;2.0;0.0;10.0;A01
78246;201300051197;0;1;0;0.0;2.0;1.0;1.0;A01
78247;201300051197;0;7;0;0.0;2.0;5.0;23.0;B01
78248;201300051198;0;7;0;0.0;2.0;2.0;1.0;B01
78249;201300051198;0;32;0;0.0;2.0;7.0;1.0;A01
78250;201300051199;0;2;0;0.0;2.0;3.0;18.0;B01
78251;201300051199;0;7;0;0.0;2.0;2.0;16.0;A01
78252;201300051200;0;1;0;12.0;2.0;8.0;1.0;A01
78253;201300051200;1;13;0;0.0;2.0;0.0;14.0;Z01
78254;201300051202;0;1;0;0.0;0.0;1.0;1.0;B01
78255;201300051202;0;7;0;0.0;0.0;5.0;15.0;A01
78256;201300051203;0;34;0;0.0;2.0;1.0;8.0;A01
78257;201300051203;0;7;0;0.0;0.0;8.0;1.0;B01
78258;201300051204;0;32;0;0.0;0.0;0.0;21.0;A01
78259;201300051206;1;7;0;0.0;1.0;2.0;1.0;Z01
78260;201300051207;0;10;0;0.0;2.0;8.0;11.0;A01
78261;201300051207;0;31;0;0.0;2.0;7.0;17.0;B01
78262;201300051208;0;7;0;0.0;2.0;1.0;2.0;A01
78263;201300051208;0;7;0;0.0;2.0;4.0;2.0;B01
78264;201300051209;0;1;0;1.0;0.0;3.0;1.0;B01
78265;201300051209;0;7;0;0.0;0.0;2.0;22.0;A01
78266;201300051210;1;7;0;0.0;1.0;2.0;1.0;Z01
78267;201300051211;0;7;0;0.0;1.0;1.0;1.0;A01
78268;201300051212;0;33;0;0.0;0.0;8.0;1.0;A01
78269;201300051213;0;7;0;0.0;2.0;8.0;17.0;A01
78270;201300051213;0;1;0;0.0;2.0;3.0;1.0;B01
78271;201300051214;0;1;0;0.0;0.0;7.0;1.0;A01
78272;201300051215;0;7;0;0.0;0.0;5.0;15.0;A01
78273;201300051215;0;34;0;0.0;0.0;1.0;1.0;B01
78274;201300051216;0;2;0;0.0;0.0;4.0;23.0;A01
78275;201300051216;1;7;0;0.0;2.0;1.0;1.0;Z01
78276;201300051217;0;7;0;0.0;1.0;5.0;4.0;A01
78277;201300051218;0;10;0;0.0;1.0;2.0;1.0;A01
78278;201300051219;0;2;0;0.0;2.0;1.0;2.0;A01
78279;201300051219;0;7;0;0.0;2.0;4.0;23.0;B01
78280;201300051220;0;7;0;0.0;0.0;7.0;10.0;A01
78281;201300051220;0;32;0;0.0;0.0;3.0;1.0;B01
78282;201300051221;0;7;0;0.0;2.0;7.0;2.0;B01
78283;201300051221;0;32;0;0.0;2.0;1.0;2.0;A01
78284;201300051222;0;32;0;12.0;0.0;1.0;16.0;A01
78285;201300051223;0;32;0;8.0;0.0;1.0;1.0;A01
78286;201300051224;0;7;0;15.0;0.0;2.0;14.0;A01
78287;201300051225;0;2;0;0.0;0.0;8.0;1.0;A01
78288;201300051226;0;33;0;0.0;1.0;8.0;1.0;A01
78289;201300051227;0;7;0;0.0;2.0;5.0;16.0;A01
78290;201300051227;0;33;0;0.0;2.0;3.0;1.0;B01
78291;201300051228;0;32;0;0.0;1.0;3.0;1.0;A01
78292;201300051229;0;7;0;0.0;2.0;6.0;1.0;B01
78293;201300051229;0;7;0;14.0;2.0;1.0;1.0;A01
78294;201300051230;0;34;0;1.0;0.0;7.0;14.0;A01
78295;201300051231;0;7;0;0.0;2.0;6.0;15.0;A01
78296;201300051231;0;33;0;0.0;2.0;0.0;1.0;B01
78297;201300051232;0;30;0;0.0;0.0;7.0;21.0;A01
78298;201300051233;0;7;0;0.0;1.0;1.0;1.0;A01
78299;201300051234;0;30;0;0.0;2.0;1.0;2.0;A01
78300;201300051234;0;7;0;0.0;2.0;4.0;2.0;B01
78301;201300051235;0;7;0;0.0;2.0;3.0;13.0;A01
78302;201300051235;0;34;0;14.0;2.0;2.0;1.0;B01
78303;201300051236;0;7;0;0.0;0.0;4.0;1.0;C01
78304;201300051236;0;7;0;0.0;2.0;1.0;1.0;A01
78305;201300051236;0;3;0;0.0;2.0;1.0;1.0;B01
78306;201300051237;0;7;0;0.0;2.0;8.0;1.0;B01
78307;201300051237;0;10;0;0.0;2.0;1.0;1.0;A01
78308;201300051238;0;1;0;0.0;2.0;3.0;1.0;B01
78309;201300051238;0;14;0;0.0;2.0;2.0;16.0;A01
78310;201300051239;0;30;0;0.0;2.0;7.0;17.0;B01
78311;201300051239;0;7;0;0.0;2.0;1.0;10.0;A01
78312;201300051240;0;33;0;0.0;2.0;1.0;1.0;B01
78313;201300051240;0;32;0;0.0;2.0;7.0;15.0;A01
78314;201300051241;0;33;0;0.0;2.0;7.0;1.0;A01
78315;201300051241;0;10;0;0.0;2.0;3.0;1.0;B01
78316;201300051242;0;7;0;0.0;2.0;6.0;2.0;B01
78317;201300051242;0;33;0;0.0;2.0;3.0;2.0;A01
78318;201300051244;0;7;0;0.0;1.0;2.0;1.0;A01
78319;201300051245;0;7;0;0.0;1.0;2.0;1.0;A01
78320;201300051246;0;7;0;0.0;1.0;4.0;20.0;A01
78321;201300051247;0;32;0;0.0;2.0;8.0;21.0;A01
78322;201300051248;0;32;0;0.0;0.0;8.0;21.0;A01
78323;201300051249;0;7;0;0.0;2.0;3.0;15.0;A01
78324;201300051249;0;33;0;0.0;2.0;2.0;17.0;B01
78325;201300051250;0;33;0;0.0;1.0;1.0;18.0;A01
78326;201300051252;0;32;0;0.0;2.0;7.0;1.0;A01
78327;201300051252;0;7;0;0.0;2.0;2.0;1.0;B01
78328;201300051253;0;33;0;0.0;2.0;1.0;1.0;B01
78329;201300051253;0;7;0;0.0;0.0;3.0;15.0;A01
78330;201300051254;0;7;0;0.0;2.0;3.0;22.0;A01
78331;201300051254;0;1;0;0.0;2.0;1.0;1.0;B01
78332;201300051255;0;30;0;0.0;2.0;4.0;2.0;B01
78333;201300051255;0;33;0;0.0;2.0;1.0;2.0;A01
78334;201300051256;0;32;0;12.0;0.0;0.0;1.0;A01
78335;201300051257;0;7;0;0.0;2.0;5.0;4.0;A01
78336;201300051257;0;33;0;0.0;2.0;1.0;16.0;B01
78337;201300051258;0;32;0;0.0;2.0;1.0;1.0;B01
78338;201300051258;0;7;0;0.0;2.0;4.0;4.0;A01
78339;201300051259;0;2;0;0.0;2.0;1.0;18.0;A01
78340;201300051259;0;10;0;0.0;0.0;2.0;16.0;B01
78341;201300051260;0;7;0;0.0;1.0;3.0;1.0;A01
78342;201300051261;0;10;0;0.0;1.0;4.0;4.0;A01
78343;201300051262;0;33;0;0.0;2.0;2.0;1.0;B01
78344;201300051262;0;7;0;0.0;2.0;3.0;1.0;A01
78345;201300051264;0;1;0;0.0;2.0;1.0;3.0;A01
78346;201300051264;0;7;0;0.0;2.0;3.0;1.0;B01
78347;201300051265;0;7;0;0.0;1.0;3.0;13.0;A01
78348;201300051266;0;7;0;0.0;2.0;8.0;1.0;A01
78349;201300051266;0;7;0;0.0;2.0;1.0;1.0;B01
78350;201300051268;0;7;0;0.0;2.0;6.0;10.0;A01
78351;201300051268;0;34;0;0.0;2.0;1.0;1.0;B01
78352;201300051269;0;7;0;12.0;0.0;1.0;14.0;A01
78353;201300051270;0;2;0;0.0;0.0;8.0;1.0;A01
78354;201300051272;0;10;0;0.0;2.0;6.0;4.0;A01
78355;201300051272;0;32;0;0.0;2.0;8.0;23.0;B01
78356;201300051273;0;30;0;0.0;0.0;0.0;1.0;A01
78357;201300051274;1;30;0;0.0;1.0;1.0;5.0;Z01
78358;201300051275;0;32;0;8.0;0.0;0.0;1.0;A01
78359;201300051276;0;33;0;0.0;0.0;0.0;1.0;A01
78360;201300051277;0;30;0;0.0;2.0;1.0;2.0;A01
78361;201300051277;0;7;0;0.0;2.0;5.0;23.0;B01
78362;201300051278;1;10;0;0.0;2.0;0.0;17.0;Z01
78363;201300051278;0;7;0;0.0;2.0;3.0;23.0;A01
78364;201300051279;0;7;0;0.0;1.0;1.0;1.0;A01
78365;201300051280;0;34;0;0.0;0.0;0.0;9.0;A01
78366;201300051281;0;7;0;0.0;2.0;2.0;7.0;A01
78367;201300051281;0;7;0;0.0;2.0;6.0;23.0;B01
78368;201300051283;0;7;0;0.0;2.0;2.0;1.0;B01
78369;201300051283;0;7;0;0.0;2.0;2.0;13.0;A01
78370;201300051284;0;7;0;0.0;1.0;2.0;16.0;A01
78371;201300051285;0;10;0;0.0;2.0;2.0;2.0;A01
78372;201300051285;0;32;0;0.0;2.0;4.0;23.0;B01
78373;201300051286;0;10;0;0.0;2.0;3.0;15.0;A01
78374;201300051286;0;30;0;0.0;2.0;1.0;1.0;B01
78375;201300051287;0;30;0;0.0;2.0;5.0;1.0;A01
78376;201300051287;0;7;0;0.0;2.0;1.0;7.0;B01
78377;201300051288;0;7;0;0.0;2.0;8.0;10.0;A01
78378;201300051288;0;30;0;0.0;2.0;1.0;1.0;B01
78379;201300051289;0;30;0;0.0;2.0;7.0;1.0;B01
78380;201300051289;0;7;0;0.0;2.0;0.0;11.0;A01
78381;201300051290;0;1;0;0.0;2.0;6.0;1.0;C01
78382;201300051290;0;7;0;7.0;2.0;1.0;17.0;A01
78383;201300051290;0;7;0;0.0;2.0;1.0;1.0;B01
78384;201300051291;0;7;0;0.0;2.0;8.0;22.0;A01
78385;201300051291;0;31;0;0.0;2.0;1.0;3.0;B01
78386;201300051291;0;7;0;0.0;2.0;7.0;1.0;C01
78387;201300051292;0;7;0;0.0;1.0;5.0;1.0;B01
78388;201300051292;0;7;0;0.0;2.0;2.0;1.0;A01
78389;201300051294;0;7;0;0.0;2.0;7.0;17.0;A01
78390;201300051294;0;1;0;0.0;2.0;8.0;7.0;B01
78391;201300051295;0;7;0;0.0;2.0;4.0;23.0;B01
78392;201300051295;0;7;0;0.0;2.0;1.0;2.0;A01
78393;201300051296;0;7;0;0.0;2.0;4.0;2.0;B01
78394;201300051296;0;32;0;0.0;2.0;1.0;2.0;A01
78395;201300051297;0;7;0;0.0;1.0;1.0;1.0;A01
78396;201300051298;0;32;0;14.0;0.0;2.0;14.0;A01
78397;201300051299;0;30;0;0.0;0.0;0.0;1.0;A01
78398;201300051300;0;7;0;0.0;1.0;7.0;17.0;A01
78399;201300051301;0;2;0;0.0;0.0;2.0;0.0;A01
78400;201300051301;0;3;0;0.0;0.0;3.0;0.0;B01
78401;201300051302;0;1;0;0.0;0.0;1.0;1.0;B01
78402;201300051302;0;7;0;0.0;0.0;2.0;1.0;A01
78403;201300051305;0;7;0;0.0;2.0;7.0;1.0;B01
78404;201300051305;0;7;0;0.0;2.0;1.0;1.0;A01
78405;201300051306;0;7;0;0.0;2.0;6.0;1.0;B01
78406;201300051306;0;7;0;0.0;2.0;1.0;1.0;A01
78407;201300051307;0;7;0;0.0;1.0;1.0;1.0;A01
78408;201300051308;0;1;0;0.0;2.0;8.0;1.0;A01
78409;201300051308;0;7;0;0.0;2.0;1.0;1.0;B01
78410;201300051309;0;7;0;0.0;2.0;3.0;15.0;A01
78411;201300051309;0;32;0;0.0;2.0;1.0;17.0;B01
78412;201300051310;0;7;0;0.0;1.0;1.0;1.0;A01
78413;201300051311;0;7;0;0.0;1.0;2.0;1.0;A01
78414;201300051312;0;7;0;0.0;2.0;4.0;2.0;B01
78415;201300051312;0;32;0;0.0;2.0;1.0;2.0;A01
78416;201300051313;0;33;0;0.0;2.0;1.0;1.0;B01
78417;201300051313;0;7;0;0.0;2.0;3.0;9.0;A01
78418;201300051314;0;7;0;0.0;1.0;1.0;1.0;A01
78419;201300051315;0;33;0;0.0;1.0;1.0;1.0;A01
78420;201300051317;0;33;0;0.0;2.0;1.0;1.0;A01
78421;201300051317;0;34;0;0.0;2.0;4.0;23.0;B01
78422;201300051318;0;7;0;0.0;0.0;4.0;2.0;B01
78423;201300051318;0;7;0;0.0;2.0;1.0;2.0;A01
78424;201300051318;0;7;0;0.0;0.0;4.0;2.0;C01
78425;201300051319;0;7;0;2.0;0.0;1.0;1.0;A01
78426;201300051320;0;7;0;0.0;2.0;6.0;1.0;B01
78427;201300051320;0;34;0;0.0;2.0;1.0;3.0;A01
78428;201300051321;0;30;0;0.0;2.0;2.0;1.0;A01
78429;201300051321;0;7;0;0.0;2.0;3.0;20.0;B01
78430;201300051322;0;32;0;0.0;0.0;6.0;1.0;A01
78431;201300051323;0;7;0;0.0;1.0;1.0;15.0;A01
78432;201300051324;0;7;0;0.0;1.0;4.0;4.0;A01
78433;201300051325;0;30;0;0.0;0.0;0.0;1.0;A01
78434;201300051326;0;7;0;0.0;2.0;3.0;9.0;A01
78435;201300051326;0;2;0;0.0;2.0;1.0;1.0;B01
78436;201300051327;0;32;0;0.0;2.0;3.0;18.0;B01
78437;201300051327;0;14;0;0.0;2.0;2.0;16.0;A01
78438;201300051329;0;7;0;0.0;2.0;2.0;7.0;B01
78439;201300051329;0;30;0;0.0;2.0;8.0;12.0;A01
78440;201300051330;0;32;0;0.0;0.0;0.0;1.0;A01
78441;201300051332;0;10;0;0.0;1.0;1.0;1.0;A01
78442;201300051333;1;7;0;0.0;1.0;0.0;1.0;Z01
78443;201300051334;0;7;0;0.0;0.0;1.0;15.0;B01
78444;201300051334;0;2;0;1.0;0.0;7.0;1.0;A01
78445;201300051335;0;7;0;0.0;1.0;1.0;1.0;A01
78446;201300051336;0;7;0;0.0;2.0;1.0;15.0;A01
78447;201300051336;0;2;0;0.0;2.0;1.0;1.0;B01
78448;201300051337;0;1;0;0.0;2.0;2.0;1.0;B01
78449;201300051337;0;7;0;0.0;2.0;3.0;10.0;A01
78450;201300051338;0;7;0;0.0;1.0;2.0;1.0;A01
78451;201300051338;0;7;0;0.0;2.0;3.0;1.0;B01
78452;201300051340;0;2;0;0.0;1.0;1.0;1.0;A01
78453;201300051341;0;33;0;0.0;2.0;1.0;1.0;A01
78454;201300051341;0;7;0;0.0;0.0;6.0;23.0;B01
78455;201300051343;0;30;0;0.0;2.0;1.0;5.0;A01
78456;201300051343;0;7;0;0.0;2.0;2.0;1.0;B01
78457;201300051346;0;33;0;0.0;2.0;1.0;1.0;B01
78458;201300051346;0;7;0;0.0;2.0;6.0;10.0;A01
78459;201300051347;0;33;0;0.0;2.0;1.0;1.0;B01
78460;201300051347;0;7;0;0.0;2.0;6.0;13.0;A01
78461;201300051348;0;30;0;0.0;1.0;1.0;16.0;A01
78462;201300051349;0;1;0;0.0;1.0;1.0;1.0;A01
78463;201300051350;0;7;0;0.0;2.0;1.0;1.0;A01
78464;201300051350;0;7;0;0.0;2.0;8.0;1.0;B01
78465;201300051351;1;10;0;0.0;2.0;0.0;16.0;Z01
78466;201300051351;0;1;0;0.0;2.0;1.0;18.0;A01
78467;201300051352;0;2;0;0.0;2.0;2.0;1.0;B01
78468;201300051352;0;7;0;0.0;2.0;5.0;15.0;A01
78469;201300051353;0;32;0;0.0;0.0;8.0;21.0;A01
78470;201300051355;0;7;0;0.0;2.0;5.0;1.0;B01
78471;201300051355;0;7;0;0.0;0.0;1.0;1.0;A01
78472;201300051356;0;7;0;0.0;2.0;8.0;1.0;B01
78473;201300051356;0;33;0;0.0;2.0;1.0;1.0;A01
78474;201300051357;0;32;0;0.0;2.0;1.0;1.0;B01
78475;201300051357;0;31;0;0.0;2.0;3.0;9.0;A01
78476;201300051358;0;33;0;0.0;1.0;1.0;1.0;A01
78477;201300051359;0;32;0;0.0;2.0;1.0;1.0;B01
78478;201300051359;0;31;0;0.0;2.0;0.0;1.0;C01
78479;201300051359;0;13;0;0.0;2.0;8.0;10.0;A01
78480;201300051360;0;32;0;0.0;2.0;6.0;1.0;B01
78481;201300051360;0;7;0;0.0;2.0;1.0;1.0;A01
78482;201300051361;0;7;0;0.0;1.0;2.0;1.0;A01
78483;201300051362;0;7;0;11.0;0.0;1.0;14.0;A01
78484;201300051363;0;7;0;0.0;2.0;1.0;2.0;A01
78485;201300051363;0;7;0;0.0;2.0;6.0;23.0;B01
78486;201300051365;0;7;0;0.0;2.0;1.0;1.0;A01
78487;201300051365;0;7;0;0.0;0.0;4.0;23.0;B01
78488;201300051366;0;34;0;0.0;0.0;8.0;1.0;A01
78489;201300051367;0;30;0;0.0;0.0;0.0;1.0;A01
78490;201300051368;0;7;0;0.0;2.0;3.0;1.0;A01
78491;201300051368;0;33;0;1.0;0.0;8.0;1.0;B01
78492;201300051369;0;31;0;0.0;2.0;1.0;17.0;B01
78493;201300051369;0;7;0;0.0;2.0;3.0;13.0;A01
78494;201300051370;0;30;0;0.0;1.0;1.0;17.0;A01
78495;201300051371;0;30;0;0.0;0.0;0.0;1.0;A01
78496;201300051373;1;32;0;0.0;2.0;2.0;18.0;Z01
78497;201300051373;0;1;0;0.0;2.0;8.0;1.0;A01
78498;201300051373;0;1;0;0.0;2.0;3.0;1.0;B01
78499;201300051374;0;37;0;0.0;1.0;2.0;16.0;A01
78500;201300051375;0;7;0;8.0;0.0;2.0;1.0;A01
78501;201300051376;0;34;0;0.0;0.0;7.0;16.0;A01
78502;201300051377;0;7;0;0.0;2.0;4.0;1.0;A01
78503;201300051377;1;7;0;0.0;2.0;1.0;1.0;Z01
78504;201300051378;0;30;0;4.0;2.0;3.0;1.0;A01
78505;201300051378;0;7;0;0.0;2.0;6.0;23.0;B01
78506;201300051379;0;33;0;15.0;2.0;8.0;1.0;A01
78507;201300051379;1;7;0;0.0;2.0;0.0;15.0;Z01
78508;201300051380;1;7;0;0.0;2.0;0.0;1.0;Z01
78509;201300051380;0;34;0;0.0;2.0;7.0;13.0;A01
78510;201300051381;0;32;0;0.0;2.0;3.0;1.0;B01
78511;201300051381;0;7;0;0.0;2.0;2.0;1.0;A01
78512;201300051382;0;7;0;0.0;2.0;3.0;10.0;A01
78513;201300051382;0;1;0;0.0;2.0;8.0;1.0;B01
78514;201300051383;0;7;0;9.0;0.0;1.0;13.0;A01
78515;201300051384;0;7;0;0.0;1.0;2.0;15.0;A01
78516;201300051385;0;32;0;0.0;1.0;1.0;1.0;A01
78517;201300051386;0;7;0;0.0;2.0;3.0;13.0;A01
78518;201300051386;0;7;0;0.0;2.0;3.0;23.0;B01
78519;201300051386;0;7;0;0.0;2.0;3.0;2.0;F01
78520;201300051386;0;7;0;0.0;2.0;3.0;2.0;C01
78521;201300051386;0;7;0;0.0;2.0;3.0;2.0;G02
78522;201300051386;0;7;0;0.0;2.0;3.0;2.0;D01
78523;201300051386;0;10;0;0.0;2.0;3.0;2.0;E02
78524;201300051387;0;33;0;0.0;2.0;1.0;16.0;B01
78525;201300051387;0;7;0;0.0;2.0;5.0;1.0;A01
78526;201300051388;0;1;0;0.0;2.0;8.0;1.0;A01
78527;201300051388;1;7;0;0.0;2.0;0.0;15.0;Z01
78528;201300051389;0;10;0;0.0;2.0;1.0;2.0;A01
78529;201300051389;0;7;0;0.0;2.0;4.0;2.0;B01
78530;201300051390;0;10;0;0.0;2.0;1.0;2.0;A01
78531;201300051390;0;7;0;0.0;1.0;4.0;23.0;B01
78532;201300051391;0;33;0;0.0;2.0;3.0;2.0;A01
78533;201300051391;0;7;0;0.0;2.0;5.0;12.0;B01
78534;201300051392;0;33;0;0.0;1.0;0.0;1.0;A01
78535;201300051393;0;7;0;0.0;2.0;5.0;22.0;B01
78536;201300051393;0;32;0;0.0;2.0;2.0;18.0;A01
78537;201300051394;0;7;0;0.0;2.0;3.0;1.0;B01
78538;201300051394;0;31;0;0.0;2.0;2.0;16.0;A01
78539;201300051395;0;7;0;0.0;2.0;2.0;2.0;A01
78540;201300051395;0;14;0;0.0;2.0;6.0;23.0;B01
78541;201300051396;0;32;0;0.0;2.0;2.0;1.0;B01
78542;201300051396;0;7;0;0.0;2.0;3.0;11.0;A01
78543;201300051397;0;31;0;1.0;2.0;2.0;1.0;A01
78544;201300051397;0;7;0;0.0;2.0;3.0;1.0;B01
78545;201300051398;0;33;0;0.0;2.0;1.0;1.0;A01
78546;201300051398;0;7;0;0.0;2.0;5.0;1.0;B01
78547;201300051400;0;32;0;0.0;0.0;7.0;1.0;A01
78548;201300051401;0;33;0;0.0;1.0;2.0;1.0;A01
78549;201300051404;0;7;0;0.0;2.0;3.0;15.0;A01
78550;201300051404;0;32;0;0.0;2.0;8.0;1.0;B01
78551;201300051405;0;7;0;0.0;1.0;1.0;1.0;A01
78552;201300051406;0;7;0;0.0;2.0;1.0;1.0;B01
78553;201300051406;0;7;0;0.0;2.0;2.0;1.0;A01
78554;201300051407;0;1;0;0.0;2.0;1.0;11.0;A01
78555;201300051407;0;33;0;0.0;2.0;2.0;1.0;B01
78556;201300051408;1;7;0;0.0;1.0;1.0;1.0;Z01