;Num_Acc;senc;catv;occutc;obs;obsm;choc;manv;num_veh
78976;201300051672;0;7;0;0.0;2.0;1.0;1.0;A01
78977;201300051672;0;7;0;0.0;2.0;7.0;1.0;B01
78978;201300051673;0;30;0;0.0;0.0;0.0;1.0;A01
78979;201300051674;0;30;0;0.0;1.0;1.0;1.0;A01
78980;201300051675;0;33;0;0.0;2.0;3.0;18.0;B01
78981;201300051675;0;10;0;0.0;2.0;7.0;16.0;A01
78982;201300051676;0;7;0;0.0;2.0;1.0;1.0;A01
78983;201300051676;0;7;0;0.0;2.0;3.0;15.0;B01
78984;201300051677;0;33;0;0.0;2.0;5.0;1.0;B01
78985;201300051677;0;7;0;0.0;2.0;3.0;1.0;A01
78986;201300051678;0;7;0;0.0;2.0;2.0;15.0;A01
78987;201300051678;0;33;0;0.0;2.0;8.0;1.0;B01
78988;201300051679;0;10;0;0.0;2.0;7.0;16.0;A01
78989;201300051679;0;1;0;0.0;2.0;1.0;7.0;B01
78990;201300051680;0;33;0;0.0;2.0;1.0;13.0;A01
78991;201300051680;0;7;0;0.0;2.0;8.0;1.0;C01
78992;201300051680;0;10;0;0.0;2.0;1.0;1.0;B01
78993;201300051681;0;7;0;0.0;2.0;1.0;0.0;A01
78994;201300051681;0;7;0;0.0;2.0;4.0;20.0;B01
78995;201300051682;0;7;0;0.0;2.0;7.0;16.0;A01
78996;201300051682;0;7;0;0.0;2.0;3.0;1.0;B01
78997;201300051683;0;7;0;0.0;2.0;6.0;23.0;B01
78998;201300051683;0;7;0;0.0;2.0;3.0;23.0;C01
78999;201300051683;0;7;0;0.0;2.0;1.0;2.0;A01
79000;201300051685;0;31;0;0.0;0.0;0.0;1.0;A01
79001;201300051686;0;34;0;1.0;0.0;3.0;13.0;A01
79002;201300051687;0;34;0;0.0;2.0;7.0;17.0;B01
79003;201300051687;0;7;0;0.0;2.0;3.0;10.0;A01
79004;201300051688;0;7;0;0.0;2.0;2.0;15.0;A01
79005;201300051688;0;31;0;0.0;2.0;0.0;1.0;B01
79006;201300051689;1;7;0;0.0;1.0;0.0;1.0;Z01
79007;201300051690;0;34;0;0.0;2.0;3.0;1.0;B01
79008;201300051690;0;7;0;0.0;2.0;7.0;16.0;A01
79009;201300051691;0;32;0;0.0;0.0;3.0;1.0;A01
79010;201300051692;0;7;0;0.0;2.0;8.0;22.0;A01
79011;201300051692;0;1;0;0.0;2.0;1.0;1.0;B01
79012;201300051694;0;34;0;0.0;2.0;1.0;1.0;A01
79013;201300051694;0;13;0;0.0;2.0;3.0;1.0;B01
79014;201300051696;0;33;0;0.0;2.0;1.0;18.0;B01
79015;201300051696;0;7;0;0.0;2.0;2.0;16.0;A01
79016;201300051697;0;30;0;1.0;2.0;1.0;1.0;A01
79017;201300051697;1;7;0;0.0;2.0;7.0;16.0;Z01
79018;201300051698;0;1;0;0.0;1.0;1.0;16.0;A01
79019;201300051699;0;30;0;0.0;2.0;1.0;1.0;A01
79020;201300051699;1;7;0;0.0;2.0;5.0;1.0;Z01
79021;201300051700;0;30;0;0.0;2.0;1.0;1.0;A01
79022;201300051700;0;30;0;0.0;2.0;7.0;1.0;B01
79023;201300051701;0;7;0;0.0;1.0;3.0;15.0;A01
79024;201300051703;0;1;0;0.0;0.0;0.0;1.0;A01
79025;201300051704;0;32;0;0.0;0.0;0.0;21.0;A01
79026;201300051705;0;37;3;0.0;1.0;6.0;15.0;A01
79027;201300051706;1;7;0;0.0;1.0;1.0;1.0;Z01
79028;201300051708;0;7;0;0.0;2.0;3.0;1.0;C01
79029;201300051708;0;7;0;0.0;2.0;1.0;1.0;B01
79030;201300051708;0;1;0;0.0;2.0;8.0;1.0;A01
79031;201300051709;0;32;0;1.0;2.0;3.0;13.0;A01
79032;201300051710;0;31;0;0.0;0.0;8.0;16.0;A01
79033;201300051711;0;10;0;0.0;1.0;3.0;1.0;A01
79034;201300051712;0;7;0;0.0;1.0;1.0;16.0;A01
79035;201300051713;0;7;0;0.0;1.0;2.0;1.0;A01
79036;201300051714;0;32;0;0.0;2.0;8.0;7.0;B01
79037;201300051714;0;7;0;0.0;2.0;5.0;14.0;A01
79038;201300051715;0;7;0;0.0;2.0;2.0;1.0;A01
79039;201300051715;0;33;0;0.0;0.0;4.0;23.0;B01
79040;201300051716;0;34;0;0.0;1.0;3.0;1.0;A01
79041;201300051717;0;7;0;0.0;2.0;2.0;1.0;A01
79042;201300051717;1;10;0;0.0;2.0;0.0;5.0;Z01
79043;201300051719;0;1;0;1.0;0.0;1.0;7.0;A01
79044;201300051720;0;32;0;0.0;0.0;0.0;21.0;A01
79045;201300051721;0;7;0;0.0;1.0;1.0;15.0;A01
79046;201300051722;0;7;0;0.0;2.0;0.0;22.0;A01
79047;201300051722;0;1;0;1.0;0.0;0.0;18.0;B01
79048;201300051723;0;7;0;0.0;0.0;2.0;15.0;B01
79049;201300051723;0;7;0;0.0;0.0;3.0;1.0;A01
79050;201300051724;0;7;0;0.0;2.0;2.0;12.0;A01
79051;201300051724;0;32;0;0.0;2.0;8.0;1.0;B01
79052;201300051725;0;7;0;0.0;2.0;3.0;15.0;A01
79053;201300051725;0;33;0;0.0;2.0;5.0;17.0;B01
79054;201300051727;0;30;0;0.0;1.0;1.0;1.0;A01
79055;201300051728;0;33;0;0.0;0.0;0.0;15.0;A01
79056;201300051729;0;10;0;0.0;2.0;8.0;23.0;B01
79057;201300051729;0;32;0;0.0;2.0;7.0;3.0;A01
79058;201300051730;0;7;0;0.0;1.0;5.0;20.0;A01
79059;201300051731;0;2;0;0.0;2.0;1.0;3.0;A01
79060;201300051731;0;7;0;0.0;2.0;5.0;23.0;C01
79061;201300051731;0;7;0;0.0;2.0;2.0;22.0;B01
79062;201300051732;0;34;0;0.0;0.0;0.0;21.0;A01
79063;201300051733;0;30;0;0.0;0.0;4.0;23.0;B01
79064;201300051733;0;7;0;0.0;2.0;1.0;1.0;A01
79065;201300051734;0;30;0;0.0;1.0;1.0;1.0;A01
79066;201300051735;0;7;0;0.0;0.0;0.0;16.0;A01
79067;201300051735;0;32;0;0.0;0.0;8.0;1.0;B01
79068;201300051736;0;30;0;0.0;1.0;7.0;1.0;B01
79069;201300051736;0;7;0;0.0;2.0;1.0;7.0;A01
79070;201300051737;0;34;0;0.0;1.0;5.0;17.0;A01
79071;201300051738;0;37;0;0.0;1.0;2.0;7.0;A01
79072;201300051739;0;32;0;12.0;0.0;7.0;13.0;A01
79073;201300051740;0;2;0;0.0;0.0;0.0;0.0;A01
79074;201300051741;0;31;0;0.0;2.0;1.0;1.0;B01
79075;201300051741;0;7;0;0.0;2.0;3.0;1.0;A01
79076;201300051742;0;30;0;0.0;2.0;3.0;18.0;A01
79077;201300051742;0;7;0;0.0;2.0;5.0;22.0;B01
79078;201300051743;0;7;0;0.0;2.0;3.0;15.0;A01
79079;201300051743;0;30;0;0.0;2.0;2.0;17.0;B01
79080;201300051744;0;37;1;0.0;1.0;0.0;7.0;A01
79081;201300051745;0;30;0;0.0;0.0;0.0;21.0;A01
79082;201300051746;0;32;0;0.0;2.0;8.0;1.0;A01
79083;201300051746;0;1;0;0.0;2.0;4.0;11.0;B01
79084;201300051747;0;33;0;0.0;2.0;1.0;23.0;B01
79085;201300051747;0;33;0;1.0;2.0;1.0;2.0;A01
79086;201300051748;0;34;0;0.0;1.0;2.0;1.0;A01
79087;201300051750;0;34;0;0.0;2.0;4.0;23.0;B01
79088;201300051750;0;37;1;1.0;0.0;5.0;8.0;A01
79089;201300051751;0;7;0;0.0;2.0;8.0;22.0;B01
79090;201300051751;0;34;0;0.0;2.0;2.0;18.0;A01
79091;201300051751;0;7;0;0.0;2.0;7.0;1.0;C01
79092;201300051752;0;7;0;0.0;1.0;1.0;1.0;A01
79093;201300051753;0;10;0;0.0;1.0;1.0;16.0;A01
79094;201300051754;1;7;0;0.0;1.0;0.0;1.0;Z01
79095;201300051755;1;7;0;0.0;2.0;3.0;10.0;A01
79096;201300051755;0;32;0;0.0;2.0;2.0;1.0;B01
79097;201300051756;0;7;0;0.0;2.0;3.0;15.0;A01
79098;201300051756;0;33;0;0.0;2.0;2.0;17.0;B01
79099;201300051757;1;7;0;1.0;1.0;0.0;5.0;Z01
79100;201300051758;0;30;0;0.0;2.0;7.0;15.0;A01
79101;201300051758;0;7;0;0.0;2.0;1.0;1.0;B01
79102;201300051759;0;30;0;0.0;2.0;2.0;1.0;A01
79103;201300051759;0;7;0;0.0;2.0;6.0;16.0;B01
79104;201300051760;0;14;0;0.0;2.0;8.0;1.0;B01
79105;201300051760;0;1;0;0.0;2.0;7.0;18.0;A01
79106;201300051761;0;37;0;0.0;1.0;2.0;7.0;A01
79107;201300051762;0;30;0;0.0;0.0;3.0;13.0;A01
79108;201300051764;0;7;0;0.0;2.0;3.0;15.0;A01
79109;201300051764;0;32;0;0.0;2.0;2.0;1.0;B01
79110;201300051766;0;30;0;0.0;1.0;1.0;1.0;A01
79111;201300051767;0;2;0;0.0;2.0;3.0;18.0;B01
79112;201300051767;0;7;0;0.0;2.0;5.0;16.0;A01
79113;201300051768;0;1;0;0.0;2.0;1.0;18.0;B01
79114;201300051768;0;37;36;0.0;2.0;7.0;16.0;A01
79115;201300051769;0;7;0;0.0;2.0;3.0;1.0;C01
79116;201300051769;0;3;0;0.0;2.0;2.0;13.0;A01
79117;201300051769;0;7;0;0.0;2.0;3.0;1.0;B01
79118;201300051770;0;7;0;0.0;2.0;8.0;22.0;A01
79119;201300051770;0;32;0;1.0;2.0;9.0;3.0;B01
79120;201300051770;0;7;0;0.0;2.0;7.0;1.0;C01
79121;201300051771;0;31;0;0.0;1.0;1.0;1.0;A01
79122;201300051773;0;7;0;0.0;2.0;4.0;2.0;B01
79123;201300051773;0;7;0;0.0;2.0;1.0;2.0;A01
79124;201300051774;0;1;0;0.0;2.0;3.0;1.0;A01
79125;201300051774;0;7;0;0.0;9.0;2.0;1.0;B01
79126;201300051775;0;2;0;0.0;0.0;7.0;1.0;A01
79127;201300051775;1;7;0;0.0;0.0;0.0;1.0;Z01
79128;201300051776;0;32;0;0.0;1.0;3.0;1.0;A01
79129;201300051777;0;33;0;0.0;2.0;3.0;16.0;B01
79130;201300051777;0;7;0;0.0;2.0;2.0;16.0;A01
79131;201300051778;0;32;0;0.0;2.0;1.0;1.0;B01
79132;201300051778;0;33;0;0.0;2.0;2.0;15.0;A01
79133;201300051779;0;30;0;0.0;0.0;8.0;1.0;A01
79134;201300051780;0;33;0;0.0;1.0;1.0;1.0;A01
79135;201300051781;0;1;0;0.0;2.0;3.0;1.0;A01
79136;201300051781;0;32;0;0.0;2.0;0.0;1.0;B01
79137;201300051782;0;30;0;0.0;2.0;8.0;1.0;B01
79138;201300051782;0;7;0;0.0;2.0;1.0;1.0;A01
79139;201300051783;0;30;0;0.0;2.0;8.0;1.0;B01
79140;201300051783;0;7;0;0.0;2.0;1.0;1.0;A01
79141;201300051784;0;7;0;0.0;1.0;3.0;7.0;A01
79142;201300051785;0;7;0;0.0;2.0;7.0;15.0;A01
79143;201300051785;0;32;0;0.0;2.0;7.0;1.0;B01
79144;201300051786;0;7;0;0.0;1.0;1.0;15.0;A01
79145;201300051787;0;7;0;0.0;1.0;4.0;4.0;A01
79146;201300051788;0;30;0;0.0;2.0;2.0;1.0;B01
79147;201300051788;0;10;0;0.0;2.0;3.0;15.0;A01
79148;201300051790;0;7;0;0.0;2.0;2.0;15.0;B01
79149;201300051790;0;34;0;0.0;2.0;1.0;1.0;A01
79150;201300051791;0;37;76;12.0;2.0;2.0;7.0;A01
79151;201300051791;0;1;0;14.0;2.0;8.0;19.0;B01
79152;201300051792;0;7;0;0.0;1.0;3.0;17.0;A01
79153;201300051793;0;32;0;0.0;2.0;1.0;1.0;A01
79154;201300051793;0;7;0;0.0;0.0;4.0;23.0;B01
79155;201300051794;1;7;0;0.0;1.0;0.0;1.0;Z01
79156;201300051795;0;1;0;0.0;0.0;0.0;1.0;A01
79157;201300051796;0;30;0;0.0;2.0;1.0;2.0;A01
79158;201300051796;0;32;0;0.0;2.0;4.0;2.0;B01
79159;201300051797;0;7;0;8.0;0.0;3.0;13.0;A01
79160;201300051798;0;31;0;0.0;2.0;1.0;1.0;A01
79161;201300051798;0;37;1;0.0;2.0;2.0;7.0;B01
79162;201300051799;0;7;0;0.0;1.0;2.0;15.0;A01
79163;201300051801;0;7;0;0.0;2.0;3.0;16.0;B01
79164;201300051801;0;7;0;1.0;2.0;4.0;4.0;A01
79165;201300051802;0;7;0;0.0;1.0;1.0;1.0;A01
79166;201300051803;0;10;0;0.0;2.0;0.0;16.0;A01
79167;201300051803;0;37;3;0.0;2.0;0.0;7.0;B01
79168;201300051804;0;7;0;0.0;2.0;7.0;15.0;A01
79169;201300051804;0;33;0;0.0;2.0;8.0;1.0;B01
79170;201300051805;0;7;0;0.0;1.0;2.0;1.0;A01
79171;201300051807;0;10;0;0.0;0.0;2.0;16.0;A01
79172;201300051807;0;31;0;0.0;2.0;1.0;7.0;B01
79173;201300051808;0;32;0;0.0;2.0;4.0;23.0;A01
79174;201300051808;1;7;0;0.0;2.0;1.0;1.0;Z01
79175;201300051809;0;7;0;0.0;1.0;8.0;7.0;A01
79176;201300051810;0;7;0;0.0;1.0;6.0;1.0;A01
79177;201300051811;0;7;0;0.0;1.0;1.0;1.0;A01
79178;201300051813;0;38;1;0.0;2.0;6.0;15.0;A01
79179;201300051813;0;33;0;0.0;2.0;8.0;1.0;B01
79180;201300051814;0;34;0;0.0;2.0;5.0;1.0;A01
79181;201300051814;0;30;0;0.0;2.0;1.0;1.0;B01
79182;201300051816;0;7;0;0.0;2.0;7.0;1.0;A01
79183;201300051816;0;1;0;0.0;2.0;1.0;16.0;B01
79184;201300051817;0;1;0;0.0;2.0;3.0;14.0;A01
79185;201300051817;0;7;0;0.0;2.0;6.0;1.0;B01
79186;201300051818;0;37;1;0.0;1.0;2.0;8.0;A01
79187;201300051819;1;7;0;0.0;2.0;1.0;1.0;Z01
79188;201300051819;0;32;0;0.0;2.0;4.0;1.0;A01
79189;201300051820;0;10;0;0.0;2.0;3.0;1.0;B01
79190;201300051820;0;30;0;0.0;2.0;8.0;1.0;C01
79191;201300051820;0;33;0;0.0;2.0;1.0;1.0;A01
79192;201300051821;0;33;0;0.0;2.0;0.0;15.0;B01
79193;201300051821;0;30;0;0.0;2.0;0.0;17.0;A01
79194;201300051822;0;33;0;0.0;0.0;0.0;1.0;A01
79195;201300051823;0;30;0;0.0;1.0;1.0;1.0;A01
79196;201300051824;1;7;0;0.0;1.0;3.0;1.0;Z01
79197;201300051825;0;37;0;0.0;1.0;7.0;7.0;A01
79198;201300051828;0;7;0;0.0;2.0;7.0;22.0;B01
79199;201300051828;0;32;0;1.0;0.0;5.0;18.0;A01
79200;201300051829;0;30;0;0.0;2.0;7.0;16.0;A01
79201;201300051829;0;7;0;0.0;2.0;1.0;7.0;B01
79202;201300051830;0;32;0;0.0;0.0;0.0;1.0;A01
79203;201300051830;0;7;0;0.0;0.0;5.0;1.0;B01
79204;201300051831;0;38;1;0.0;1.0;2.0;1.0;A01
79205;201300051832;0;7;0;0.0;2.0;2.0;15.0;A01
79206;201300051832;0;1;0;0.0;2.0;1.0;1.0;B01
79207;201300051833;0;1;0;0.0;0.0;0.0;21.0;A01
79208;201300051834;0;13;0;0.0;2.0;3.0;22.0;A01
79209;201300051834;0;30;0;0.0;2.0;2.0;1.0;B01
79210;201300051835;0;7;0;0.0;1.0;4.0;4.0;A01
79211;201300051836;0;2;0;0.0;1.0;2.0;1.0;A01
79212;201300051838;0;2;0;0.0;2.0;2.0;5.0;A01
79213;201300051838;0;10;0;0.0;2.0;3.0;10.0;B01
79214;201300051839;0;7;0;0.0;2.0;7.0;15.0;A01
79215;201300051839;0;34;0;0.0;2.0;3.0;1.0;B01
79216;201300051841;0;7;0;0.0;0.0;8.0;22.0;A01
79217;201300051841;0;1;0;1.0;0.0;1.0;1.0;B01
79218;201300051842;0;7;0;0.0;2.0;3.0;23.0;C01
79219;201300051842;0;7;0;0.0;2.0;2.0;22.0;A01
79220;201300051842;0;31;0;0.0;2.0;3.0;18.0;B01
79221;201300051843;0;30;0;0.0;2.0;1.0;1.0;B01
79222;201300051843;0;7;0;0.0;2.0;8.0;22.0;A01
79223;201300051844;0;10;0;0.0;2.0;1.0;2.0;A01
79224;201300051844;0;33;0;0.0;2.0;4.0;23.0;B01
79225;201300051845;0;1;0;0.0;1.0;1.0;1.0;A01
79226;201300051846;0;7;0;1.0;2.0;1.0;17.0;A01
79227;201300051846;0;7;0;0.0;2.0;3.0;15.0;B01
79228;201300051848;0;30;0;0.0;2.0;3.0;7.0;A01
79229;201300051848;0;10;0;0.0;2.0;7.0;15.0;B01
79230;201300051849;0;32;0;0.0;0.0;0.0;21.0;A01
79231;201300051850;0;7;0;0.0;1.0;5.0;20.0;A01
79232;201300051851;1;30;0;0.0;1.0;0.0;1.0;Z01
79233;201300051852;0;31;0;0.0;2.0;2.0;1.0;B01
79234;201300051852;0;1;0;0.0;2.0;3.0;15.0;A01
79235;201300051853;0;32;0;0.0;2.0;4.0;1.0;A01
79236;201300051853;0;10;0;0.0;2.0;4.0;23.0;B01
79237;201300051854;0;31;0;0.0;2.0;4.0;2.0;B01
79238;201300051854;0;7;0;0.0;2.0;1.0;2.0;A01
79239;201300051855;0;10;0;0.0;1.0;5.0;4.0;A01
79240;201300051858;0;7;0;0.0;0.0;1.0;7.0;A01
79241;201300051859;0;37;0;0.0;1.0;1.0;7.0;A01
79242;201300051860;0;30;0;0.0;1.0;1.0;1.0;A01
79243;201300051861;0;2;0;14.0;0.0;1.0;13.0;A01
79244;201300051862;0;7;0;0.0;2.0;1.0;1.0;A01
79245;201300051862;0;7;0;0.0;2.0;3.0;1.0;B01
79246;201300051863;0;31;0;0.0;0.0;8.0;15.0;B01
79247;201300051863;0;7;0;0.0;0.0;0.0;17.0;A01
79248;201300051864;0;10;0;0.0;2.0;1.0;2.0;A01
79249;201300051864;0;7;0;0.0;2.0;4.0;2.0;B01
79250;201300051865;0;7;0;0.0;1.0;3.0;15.0;A01
79251;201300051866;0;32;0;0.0;0.0;0.0;1.0;A01
79252;201300051867;0;2;0;0.0;1.0;1.0;16.0;A01
79253;201300051868;0;33;0;14.0;0.0;2.0;1.0;A01
79254;201300051869;0;10;0;0.0;0.0;8.0;15.0;A01
79255;201300051869;0;30;0;0.0;2.0;2.0;1.0;B01
79256;201300051870;0;7;0;0.0;1.0;1.0;15.0;A01
79257;201300051871;0;34;0;0.0;1.0;1.0;1.0;A01
79258;201300051872;0;32;0;0.0;1.0;1.0;1.0;A01
79259;201300051873;0;32;0;0.0;2.0;1.0;1.0;B01
79260;201300051873;0;7;0;0.0;2.0;5.0;1.0;A01
79261;201300051874;0;7;0;0.0;1.0;0.0;1.0;A01
79262;201300051875;0;33;0;0.0;2.0;6.0;1.0;B01
79263;201300051875;0;7;0;0.0;2.0;3.0;15.0;A01
79264;201300051876;0;33;0;0.0;0.0;1.0;1.0;A01
79265;201300051877;0;10;0;0.0;2.0;2.0;1.0;A01
79266;201300051877;0;7;0;0.0;2.0;3.0;1.0;B01
79267;201300051878;0;7;0;0.0;0.0;0.0;1.0;A01
79268;201300051878;0;1;0;0.0;0.0;7.0;1.0;B01
79269;201300051880;0;32;0;0.0;0.0;0.0;21.0;A01
79270;201300051882;0;33;0;0.0;1.0;1.0;1.0;A01
79271;201300051883;0;10;0;0.0;2.0;8.0;15.0;A01
79272;201300051883;0;33;0;9.0;2.0;7.0;17.0;B01
79273;201300051884;0;34;0;0.0;2.0;8.0;2.0;A01
79274;201300051884;0;7;0;0.0;2.0;7.0;23.0;B01
79275;201300051885;1;32;0;0.0;1.0;1.0;1.0;Z01
79276;201300051886;0;7;0;0.0;2.0;2.0;9.0;A01
79277;201300051886;0;32;0;0.0;2.0;1.0;1.0;B01
79278;201300051887;0;7;0;0.0;2.0;2.0;16.0;B01
79279;201300051887;0;1;0;0.0;2.0;3.0;18.0;A01
79280;201300051889;0;31;0;0.0;0.0;0.0;1.0;A01
79281;201300051890;0;7;0;0.0;2.0;3.0;15.0;B01
79282;201300051890;0;33;0;0.0;2.0;1.0;17.0;A01
79283;201300051891;0;32;0;0.0;2.0;3.0;18.0;A01
79284;201300051891;0;10;0;0.0;2.0;2.0;16.0;B01
79285;201300051892;0;32;0;0.0;2.0;1.0;17.0;A01
79286;201300051892;0;7;0;0.0;0.0;6.0;10.0;B01
79287;201300051893;0;14;0;0.0;1.0;3.0;15.0;A01
79288;201300051894;0;10;0;11.0;0.0;1.0;14.0;A01
79289;201300051895;0;7;0;0.0;2.0;2.0;7.0;A01
79290;201300051895;1;7;0;0.0;2.0;3.0;15.0;Z01
79291;201300051896;0;32;0;0.0;0.0;8.0;1.0;A01
79292;201300051897;0;10;0;0.0;1.0;2.0;1.0;A01
79293;201300051898;0;34;0;14.0;0.0;2.0;14.0;A01
79294;201300051899;0;1;0;0.0;2.0;3.0;7.0;A01
79295;201300051899;0;30;0;0.0;2.0;2.0;1.0;B01
79296;201300051900;0;32;0;0.0;2.0;2.0;1.0;A01
79297;201300051900;1;7;0;0.0;2.0;6.0;13.0;Z01
79298;201300051901;0;30;0;14.0;0.0;1.0;13.0;A01
79299;201300051902;0;33;0;0.0;2.0;1.0;1.0;A01
79300;201300051902;0;7;0;0.0;2.0;3.0;15.0;B01
79301;201300051903;0;33;0;0.0;2.0;1.0;2.0;A01
79302;201300051903;0;7;0;0.0;2.0;6.0;23.0;B01
79303;201300051904;0;31;0;0.0;2.0;3.0;1.0;B01
79304;201300051904;0;7;0;0.0;2.0;2.0;14.0;A01
79305;201300051905;0;7;0;0.0;2.0;2.0;1.0;B01
79306;201300051905;0;7;0;0.0;2.0;5.0;9.0;A01
79307;201300051906;0;30;0;0.0;1.0;1.0;1.0;A01
79308;201300051907;0;7;0;0.0;2.0;1.0;1.0;A01
79309;201300051907;0;1;0;0.0;2.0;8.0;9.0;B01
79310;201300051908;1;32;0;0.0;1.0;1.0;9.0;Z01
79311;201300051909;0;13;0;0.0;2.0;2.0;1.0;B01
79312;201300051909;0;7;0;0.0;2.0;3.0;1.0;A01
79313;201300051910;0;7;0;0.0;1.0;0.0;4.0;A01
79314;201300051911;0;7;0;0.0;1.0;1.0;1.0;A01
79315;201300051912;0;2;0;0.0;0.0;0.0;1.0;A01
79316;201300051913;0;31;0;0.0;1.0;2.0;1.0;A01
79317;201300051914;0;33;0;0.0;0.0;2.0;1.0;A01
79318;201300051915;0;1;0;0.0;2.0;1.0;11.0;A01
79319;201300051915;0;37;60;0.0;2.0;7.0;7.0;B01
79320;201300051916;0;7;0;0.0;2.0;7.0;16.0;A01
79321;201300051916;0;34;0;0.0;2.0;8.0;7.0;B01
79322;201300051917;0;7;0;11.0;0.0;1.0;13.0;A01
79323;201300051918;0;7;0;11.0;0.0;3.0;13.0;A01
79324;201300051919;0;10;0;0.0;1.0;1.0;1.0;A01
79325;201300051920;0;30;0;0.0;2.0;9.0;1.0;B01
79326;201300051920;0;10;0;0.0;2.0;8.0;22.0;A01
79327;201300051922;0;1;0;12.0;0.0;7.0;1.0;A01
79328;201300051923;0;7;0;0.0;2.0;3.0;1.0;B01
79329;201300051923;0;7;0;0.0;2.0;2.0;10.0;A01
79330;201300051924;0;7;0;0.0;1.0;1.0;1.0;A01
79331;201300051925;0;7;0;0.0;2.0;9.0;23.0;B01
79332;201300051925;0;7;0;0.0;2.0;1.0;2.0;A01
79333;201300051926;0;7;0;11.0;0.0;1.0;14.0;A01
79334;201300051927;0;32;0;0.0;1.0;1.0;1.0;A01
79335;201300051928;0;31;0;0.0;0.0;0.0;21.0;A01
79336;201300051929;0;33;0;0.0;2.0;1.0;7.0;A01
79337;201300051929;0;7;0;0.0;2.0;2.0;16.0;B01
79338;201300051930;0;7;0;0.0;1.0;1.0;1.0;A01
79339;201300051931;0;7;0;14.0;0.0;1.0;1.0;A01
79340;201300051932;0;7;0;14.0;0.0;1.0;1.0;A01
79341;201300051934;0;34;0;0.0;1.0;1.0;16.0;A01
79342;201300051935;0;7;0;0.0;2.0;3.0;16.0;B01
79343;201300051935;0;32;0;0.0;2.0;1.0;1.0;A01
79344;201300051936;0;7;0;0.0;1.0;4.0;20.0;A01
79345;201300051937;0;30;0;0.0;2.0;1.0;1.0;A01
79346;201300051937;0;7;0;0.0;2.0;4.0;23.0;B01
79347;201300051938;0;7;0;0.0;0.0;8.0;10.0;A01
79348;201300051938;0;34;0;0.0;2.0;7.0;1.0;B01
79349;201300051940;0;14;0;0.0;9.0;5.0;17.0;A01
79350;201300051940;0;1;0;0.0;2.0;0.0;1.0;B01
79351;201300051941;0;34;0;0.0;0.0;8.0;1.0;A01
79352;201300051942;0;33;0;0.0;1.0;1.0;1.0;A01
79353;201300051943;1;7;0;0.0;2.0;1.0;1.0;Z01
79354;201300051943;0;30;0;0.0;2.0;1.0;1.0;A01
79355;201300051944;0;7;0;0.0;1.0;4.0;4.0;A01
79356;201300051945;0;1;0;1.0;0.0;2.0;1.0;B01
79357;201300051945;0;7;0;0.0;2.0;7.0;22.0;A01
79358;201300051947;0;1;0;0.0;2.0;6.0;1.0;B01
79359;201300051947;0;7;0;0.0;2.0;1.0;15.0;A01
79360;201300051948;0;34;0;0.0;0.0;4.0;23.0;A01
79361;201300051948;0;7;0;0.0;2.0;1.0;1.0;B01
79362;201300051949;0;33;0;0.0;2.0;3.0;1.0;B01
79363;201300051949;0;7;0;0.0;2.0;2.0;15.0;A01
79364;201300051950;0;32;0;0.0;2.0;7.0;1.0;B01
79365;201300051950;0;7;0;0.0;2.0;6.0;1.0;A01
79366;201300051951;0;32;0;0.0;0.0;1.0;21.0;A01
79367;201300051952;0;7;0;1.0;0.0;3.0;1.0;A01
79368;201300051953;0;34;0;14.0;0.0;1.0;1.0;A01
79369;201300051954;0;33;0;0.0;2.0;3.0;1.0;A01
79370;201300051954;0;1;0;0.0;2.0;3.0;16.0;B01
79371;201300051955;0;32;0;8.0;0.0;1.0;14.0;A01
79372;201300051956;0;33;0;12.0;0.0;1.0;13.0;A01
79373;201300051957;0;30;0;14.0;0.0;8.0;1.0;A01
79374;201300051958;0;7;0;0.0;2.0;2.0;1.0;B01
79375;201300051958;0;32;0;0.0;2.0;3.0;13.0;A01
79376;201300051959;0;1;0;0.0;1.0;1.0;1.0;A01
79377;201300051960;0;7;0;0.0;2.0;2.0;7.0;B01
79378;201300051960;0;7;0;0.0;0.0;0.0;12.0;A01
79379;201300051961;0;7;0;0.0;1.0;2.0;1.0;A01
79380;201300051962;1;30;0;0.0;0.0;0.0;1.0;Z01
79381;201300051963;0;1;0;0.0;0.0;0.0;7.0;A01
79382;201300051964;1;7;0;0.0;2.0;2.0;15.0;Z01
79383;201300051964;0;1;0;0.0;2.0;3.0;5.0;A01
79384;201300051965;0;7;0;11.0;0.0;3.0;1.0;A01
79385;201300051966;0;1;0;0.0;2.0;3.0;13.0;A01
79386;201300051966;0;10;0;0.0;2.0;5.0;17.0;B01
79387;201300051967;0;32;0;0.0;2.0;1.0;1.0;B01
79388;201300051967;0;7;0;0.0;2.0;1.0;15.0;A01
79389;201300051968;0;32;0;0.0;2.0;1.0;1.0;B01
79390;201300051968;0;7;0;0.0;2.0;3.0;10.0;A01
79391;201300051969;0;7;0;0.0;1.0;2.0;1.0;A01
79392;201300051970;0;7;0;0.0;2.0;1.0;15.0;A01
79393;201300051970;0;1;0;0.0;2.0;0.0;1.0;B01