;Num_Acc;senc;catv;occutc;obs;obsm;choc;manv;num_veh
79394;201300051971;0;34;0;0.0;2.0;1.0;1.0;B01
79395;201300051971;0;7;0;0.0;2.0;8.0;10.0;A01
79396;201300051972;0;7;0;0.0;2.0;8.0;22.0;A01
79397;201300051972;0;1;0;0.0;2.0;1.0;1.0;B01
79398;201300051973;0;1;0;0.0;2.0;3.0;1.0;B01
79399;201300051973;0;7;0;0.0;2.0;7.0;22.0;A01
79400;201300051974;0;7;0;0.0;2.0;2.0;14.0;A01
79401;201300051974;0;31;0;14.0;2.0;8.0;1.0;B01
79402;201300051975;1;30;0;0.0;1.0;1.0;1.0;Z01
79403;201300051976;0;33;0;0.0;1.0;1.0;17.0;A01
79404;201300051977;0;10;0;0.0;1.0;3.0;1.0;A01
79405;201300051978;0;33;0;14.0;0.0;1.0;23.0;A01
79406;201300051978;0;7;0;0.0;0.0;4.0;1.0;B01
79407;201300051979;0;30;0;14.0;0.0;2.0;1.0;A01
79408;201300051980;0;7;0;0.0;1.0;0.0;1.0;A01
79409;201300051981;0;31;0;0.0;0.0;0.0;7.0;A01
79410;201300051982;0;10;0;0.0;2.0;1.0;2.0;A01
79411;201300051982;0;7;0;0.0;2.0;4.0;23.0;B01
79412;201300051983;0;7;0;0.0;2.0;4.0;23.0;B01
79413;201300051983;0;7;0;0.0;2.0;4.0;23.0;D01
79414;201300051983;0;7;0;0.0;2.0;1.0;1.0;A01
79415;201300051983;0;34;0;0.0;2.0;4.0;23.0;C01
79416;201300051985;0;30;0;0.0;0.0;0.0;1.0;A01
79417;201300051988;0;33;0;1.0;0.0;6.0;16.0;A01
79418;201300051989;0;1;0;0.0;2.0;0.0;1.0;B01
79419;201300051989;0;10;0;0.0;2.0;2.0;22.0;A01
79420;201300051990;0;1;0;0.0;1.0;8.0;5.0;A01
79421;201300051991;0;31;0;0.0;1.0;1.0;1.0;A01
79422;201300051992;0;7;0;1.0;2.0;6.0;23.0;B01
79423;201300051992;0;7;0;14.0;2.0;3.0;13.0;A01
79424;201300051993;0;30;0;0.0;2.0;2.0;15.0;B01
79425;201300051993;0;7;0;0.0;2.0;6.0;10.0;A01
79426;201300051994;0;1;0;0.0;2.0;6.0;1.0;B01
79427;201300051994;0;1;0;0.0;2.0;2.0;17.0;A01
79428;201300051995;0;32;0;0.0;0.0;0.0;21.0;A01
79429;201300051996;1;7;0;0.0;2.0;1.0;2.0;Z01
79430;201300051996;0;7;0;0.0;2.0;4.0;23.0;A01
79431;201300051997;0;7;0;0.0;2.0;3.0;1.0;B01
79432;201300051997;0;30;0;0.0;2.0;7.0;13.0;A01
79433;201300051998;0;32;0;11.0;0.0;3.0;13.0;A01
79434;201300052000;0;33;0;0.0;2.0;8.0;18.0;B01
79435;201300052000;0;7;0;0.0;2.0;2.0;16.0;A01
79436;201300052001;0;30;0;0.0;2.0;7.0;17.0;A01
79437;201300052001;0;7;0;0.0;2.0;3.0;15.0;B01
79438;201300052002;1;7;0;0.0;2.0;1.0;2.0;Z01
79439;201300052002;0;7;0;0.0;2.0;6.0;23.0;A01
79440;201300052003;0;7;0;0.0;2.0;0.0;9.0;A01
79441;201300052003;0;33;0;12.0;2.0;8.0;1.0;B01
79442;201300052004;0;33;0;14.0;0.0;1.0;13.0;A01
79443;201300052005;0;30;0;0.0;2.0;2.0;17.0;B01
79444;201300052005;0;7;0;0.0;2.0;3.0;10.0;A01
79445;201300052006;0;7;0;9.0;0.0;2.0;1.0;A01
79446;201300052007;0;32;0;0.0;2.0;8.0;7.0;A01
79447;201300052007;0;1;0;0.0;2.0;7.0;12.0;B01
79448;201300052008;0;1;0;0.0;1.0;0.0;1.0;A01
79449;201300052009;0;7;0;1.0;0.0;2.0;1.0;A01
79450;201300052010;0;7;0;0.0;2.0;8.0;1.0;B01
79451;201300052010;0;30;0;0.0;2.0;3.0;13.0;A01
79452;201300052011;0;30;0;0.0;2.0;1.0;1.0;A01
79453;201300052011;0;7;0;0.0;2.0;2.0;1.0;B01
79454;201300052012;0;2;0;0.0;2.0;1.0;1.0;B01
79455;201300052012;0;7;0;0.0;2.0;8.0;22.0;A01
79456;201300052013;0;7;0;0.0;2.0;7.0;22.0;A01
79457;201300052013;0;1;0;0.0;2.0;1.0;1.0;B01
79458;201300052014;0;7;0;0.0;2.0;5.0;1.0;A01
79459;201300052014;2;7;0;0.0;2.0;2.0;1.0;Z01
79460;201300052015;0;31;0;0.0;0.0;0.0;1.0;A01
79461;201300052016;0;1;0;0.0;1.0;0.0;1.0;A01
79462;201300052017;0;10;0;0.0;2.0;0.0;1.0;C01
79463;201300052017;0;1;0;0.0;2.0;9.0;17.0;B01
79464;201300052017;0;10;0;0.0;2.0;8.0;22.0;A01
79465;201300052018;0;30;0;0.0;0.0;7.0;17.0;A01
79466;201300052019;0;1;0;0.0;2.0;1.0;1.0;B01
79467;201300052019;0;7;0;0.0;2.0;6.0;1.0;A01
79468;201300052021;0;31;0;0.0;1.0;8.0;17.0;A01
79469;201300052022;1;30;0;0.0;1.0;0.0;1.0;Z01
79470;201300052023;0;7;0;1.0;2.0;1.0;2.0;A01
79471;201300052023;0;7;0;0.0;2.0;1.0;2.0;B01
79472;201300052024;0;33;0;1.0;0.0;7.0;14.0;A01
79473;201300052025;0;7;0;0.0;0.0;4.0;23.0;B01
79474;201300052025;0;32;0;0.0;2.0;1.0;1.0;A01
79475;201300052026;0;30;0;0.0;1.0;7.0;5.0;A01
79476;201300052027;0;2;0;1.0;1.0;1.0;7.0;A01
79477;201300052028;0;7;0;0.0;2.0;6.0;1.0;B01
79478;201300052028;0;7;0;0.0;2.0;5.0;9.0;A01
79479;201300052028;0;32;0;0.0;2.0;9.0;1.0;C01
79480;201300052029;0;32;0;14.0;0.0;1.0;16.0;A01
79481;201300052030;0;32;0;0.0;2.0;1.0;1.0;A01
79482;201300052030;1;1;0;0.0;2.0;6.0;10.0;Z01
79483;201300052031;0;32;0;0.0;1.0;8.0;1.0;A01
79484;201300052032;0;13;0;0.0;2.0;8.0;23.0;B01
79485;201300052032;0;34;0;0.0;2.0;8.0;17.0;A01
79486;201300052032;1;7;0;0.0;2.0;3.0;1.0;Z01
79487;201300052034;0;1;0;0.0;1.0;0.0;1.0;A01
79488;201300052035;0;7;0;0.0;1.0;2.0;7.0;A01
79489;201300052036;0;7;0;0.0;2.0;8.0;15.0;A01
79490;201300052036;0;14;0;0.0;2.0;2.0;13.0;B01
79491;201300052037;1;7;0;0.0;1.0;0.0;1.0;Z01
79492;201300052038;1;7;0;0.0;1.0;1.0;1.0;Z01
79493;201300052039;0;31;0;0.0;2.0;4.0;2.0;B01
79494;201300052039;0;10;0;0.0;2.0;1.0;2.0;A01
79495;201300052041;1;7;0;0.0;1.0;1.0;1.0;Z01
79496;201300052042;0;32;0;0.0;2.0;1.0;18.0;A01
79497;201300052042;0;7;0;0.0;2.0;2.0;16.0;B01
79498;201300052043;0;30;0;0.0;2.0;1.0;1.0;B01
79499;201300052043;0;7;0;0.0;2.0;3.0;15.0;A01
79500;201300052044;0;2;0;0.0;0.0;1.0;1.0;A01
79501;201300052045;0;7;0;0.0;1.0;2.0;1.0;A01
79502;201300052046;0;30;0;12.0;2.0;3.0;1.0;A01
79503;201300052046;1;7;0;0.0;2.0;0.0;13.0;Z01
79504;201300052048;0;30;0;0.0;2.0;1.0;1.0;B01
79505;201300052048;0;13;0;0.0;2.0;8.0;10.0;A01
79506;201300052049;0;10;0;0.0;2.0;1.0;1.0;A01
79507;201300052049;0;33;0;0.0;2.0;4.0;23.0;B01
79508;201300052050;0;7;0;0.0;4.0;6.0;1.0;A01
79509;201300052050;1;7;0;0.0;2.0;1.0;15.0;Z01
79510;201300052051;0;30;0;0.0;0.0;7.0;1.0;A01
79511;201300052051;1;30;0;0.0;0.0;0.0;5.0;Z01
79512;201300052052;0;31;0;0.0;0.0;0.0;1.0;A01
79513;201300052053;0;10;0;0.0;1.0;1.0;16.0;A01
79514;201300052054;0;7;0;0.0;1.0;2.0;15.0;A01
79515;201300052055;0;1;0;0.0;0.0;0.0;21.0;A01
79516;201300052056;0;1;0;0.0;2.0;1.0;13.0;B01
79517;201300052056;0;37;0;0.0;0.0;8.0;1.0;A01
79518;201300052057;0;31;0;0.0;0.0;0.0;1.0;A01
79519;201300052058;0;7;0;0.0;2.0;3.0;22.0;A01
79520;201300052058;0;32;0;0.0;2.0;2.0;1.0;B01
79521;201300052059;0;30;0;0.0;1.0;1.0;1.0;A01
79522;201300052060;0;7;0;0.0;0.0;0.0;16.0;A01
79523;201300052060;0;1;0;0.0;0.0;0.0;18.0;B01
79524;201300052061;0;7;0;0.0;0.0;0.0;12.0;A01
79525;201300052061;0;33;0;0.0;2.0;4.0;1.0;B01
79526;201300052061;0;33;0;0.0;2.0;1.0;1.0;C01
79527;201300052062;0;38;1;0.0;2.0;2.0;16.0;B01
79528;201300052062;0;33;0;0.0;2.0;8.0;18.0;A01
79529;201300052063;0;7;0;0.0;1.0;1.0;1.0;A01
79530;201300052064;1;7;0;0.0;2.0;0.0;17.0;Z01
79531;201300052064;0;1;0;0.0;2.0;8.0;1.0;A01
79532;201300052065;0;14;0;0.0;1.0;2.0;1.0;A01
79533;201300052066;0;31;0;0.0;1.0;1.0;1.0;A01
79534;201300052067;0;10;0;0.0;2.0;3.0;22.0;A01
79535;201300052067;0;1;0;0.0;2.0;1.0;1.0;B01
79536;201300052068;0;10;0;0.0;2.0;2.0;1.0;A01
79537;201300052068;0;30;0;0.0;2.0;8.0;23.0;B01
79538;201300052069;0;30;0;0.0;2.0;1.0;1.0;A01
79539;201300052069;0;1;0;0.0;2.0;7.0;1.0;B01
79540;201300052071;0;7;0;0.0;1.0;6.0;4.0;A01
79541;201300052072;1;7;0;0.0;2.0;4.0;4.0;Z01
79542;201300052072;0;10;0;0.0;2.0;8.0;22.0;A01
79543;201300052072;0;31;0;0.0;2.0;2.0;17.0;B01
79544;201300052073;0;33;0;0.0;1.0;3.0;1.0;A01
79545;201300052075;0;30;0;14.0;0.0;1.0;14.0;A01
79546;201300052076;0;7;0;0.0;2.0;5.0;15.0;B01
79547;201300052076;0;7;0;0.0;2.0;1.0;1.0;C01
79548;201300052076;0;31;0;0.0;2.0;0.0;2.0;A01
79549;201300052077;0;33;0;0.0;0.0;8.0;1.0;A01
79550;201300052078;0;7;0;0.0;2.0;7.0;1.0;B01
79551;201300052078;0;2;0;0.0;2.0;1.0;1.0;A01
79552;201300052079;0;7;0;0.0;2.0;1.0;1.0;A01
79553;201300052079;0;2;0;0.0;2.0;4.0;23.0;B01
79554;201300052080;0;2;0;0.0;1.0;1.0;1.0;A01
79555;201300052081;0;10;0;0.0;2.0;1.0;16.0;A01
79556;201300052081;0;34;0;0.0;2.0;5.0;16.0;B01
79557;201300052082;0;30;0;0.0;1.0;2.0;1.0;A01
79558;201300052082;0;30;0;0.0;2.0;3.0;1.0;B01
79559;201300052083;0;7;0;8.0;0.0;1.0;13.0;A01
79560;201300052084;0;7;0;0.0;2.0;7.0;16.0;A01
79561;201300052084;0;7;0;0.0;2.0;3.0;7.0;B01
79562;201300052085;0;2;0;0.0;2.0;2.0;1.0;B01
79563;201300052085;0;2;0;0.0;2.0;3.0;13.0;A01
79564;201300052086;0;31;0;0.0;2.0;1.0;1.0;A01
79565;201300052086;0;2;0;0.0;2.0;3.0;23.0;B01
79566;201300052088;0;33;0;0.0;2.0;3.0;1.0;B01
79567;201300052088;0;7;0;0.0;2.0;1.0;1.0;A01
79568;201300052089;0;7;0;12.0;0.0;3.0;13.0;A01
79569;201300052090;0;1;0;0.0;2.0;3.0;1.0;B01
79570;201300052090;0;33;0;0.0;2.0;2.0;16.0;A01
79571;201300052091;0;10;0;0.0;1.0;1.0;15.0;A01
79572;201300052092;1;30;0;0.0;1.0;0.0;0.0;Z01
79573;201300052093;0;31;0;14.0;0.0;3.0;13.0;A01
79574;201300052094;0;7;0;0.0;2.0;3.0;10.0;A01
79575;201300052094;0;30;0;0.0;2.0;5.0;1.0;B01
79576;201300052095;1;30;0;0.0;1.0;4.0;1.0;Z01
79577;201300052097;0;10;0;0.0;2.0;2.0;16.0;A01
79578;201300052097;0;1;0;0.0;2.0;1.0;7.0;B01
79579;201300052098;0;33;0;0.0;2.0;1.0;1.0;B01
79580;201300052098;0;1;0;0.0;2.0;3.0;15.0;A01
79581;201300052099;0;7;0;0.0;1.0;4.0;4.0;A01
79582;201300052100;0;7;0;0.0;1.0;2.0;1.0;A01
79583;201300052102;0;7;0;0.0;2.0;2.0;2.0;A01
79584;201300052102;0;7;0;0.0;2.0;4.0;2.0;B01
79585;201300052103;0;30;0;0.0;0.0;7.0;1.0;A01
79586;201300052104;0;33;0;0.0;2.0;1.0;2.0;A01
79587;201300052104;0;10;0;0.0;2.0;5.0;23.0;B01
79588;201300052105;0;2;0;0.0;2.0;1.0;1.0;A01
79589;201300052105;0;7;0;0.0;2.0;4.0;16.0;B01
79590;201300052106;0;7;0;0.0;2.0;8.0;1.0;B01
79591;201300052106;0;1;0;0.0;2.0;1.0;1.0;A01
79592;201300052107;0;2;0;14.0;0.0;1.0;1.0;A01
79593;201300052108;0;37;0;0.0;1.0;2.0;1.0;A01
79594;201300052109;0;32;0;14.0;0.0;8.0;14.0;A01
79595;201300052110;0;1;0;0.0;1.0;7.0;1.0;A01
79596;201300052111;0;1;0;0.0;1.0;1.0;1.0;A01
79597;201300052112;0;32;0;0.0;2.0;1.0;1.0;B01
79598;201300052112;0;1;0;0.0;2.0;8.0;11.0;A01
79599;201300052113;0;1;0;0.0;0.0;0.0;1.0;A01
79600;201300052114;0;33;0;0.0;1.0;1.0;1.0;A01
79601;201300052115;0;31;0;0.0;1.0;1.0;1.0;A01
79602;201300052116;0;7;0;0.0;1.0;1.0;15.0;A01
79603;201300052117;0;7;0;0.0;1.0;1.0;1.0;A01
79604;201300052118;0;7;0;0.0;1.0;1.0;1.0;A01
79605;201300052119;0;7;0;0.0;1.0;2.0;1.0;A01
79606;201300052120;0;7;0;0.0;0.0;6.0;23.0;B01
79607;201300052120;0;2;0;14.0;0.0;2.0;7.0;A01
79608;201300052121;0;7;0;0.0;2.0;1.0;15.0;A01
79609;201300052121;0;7;0;0.0;2.0;7.0;1.0;B01
79610;201300052122;0;37;1;0.0;1.0;5.0;1.0;A01
79611;201300052123;0;32;0;0.0;2.0;1.0;1.0;B01
79612;201300052123;0;7;0;0.0;2.0;6.0;10.0;A01
79613;201300052125;0;7;0;0.0;2.0;3.0;15.0;A01
79614;201300052125;0;33;0;0.0;2.0;8.0;1.0;B01
79615;201300052127;0;32;0;14.0;0.0;8.0;1.0;A01
79616;201300052127;1;7;0;0.0;9.0;0.0;1.0;Z01
79617;201300052128;1;7;0;0.0;2.0;3.0;1.0;A01
79618;201300052128;0;2;0;0.0;2.0;8.0;1.0;B01
79619;201300052129;0;1;0;0.0;2.0;1.0;1.0;B01
79620;201300052129;0;7;0;0.0;2.0;7.0;22.0;A01
79621;201300052130;0;30;0;0.0;0.0;0.0;7.0;A01
79622;201300052131;0;7;0;0.0;1.0;8.0;15.0;A01
79623;201300052132;0;1;0;0.0;2.0;8.0;18.0;B01
79624;201300052132;0;7;0;0.0;2.0;2.0;1.0;A01
79625;201300052133;1;1;0;0.0;1.0;0.0;1.0;Z01
79626;201300052134;0;30;0;0.0;2.0;1.0;2.0;A01
79627;201300052134;0;10;0;0.0;2.0;4.0;23.0;B01
79628;201300052135;0;1;0;0.0;0.0;0.0;21.0;A01
79629;201300052136;0;31;0;0.0;0.0;7.0;1.0;A01
79630;201300052137;0;7;0;0.0;2.0;7.0;16.0;A01
79631;201300052137;0;1;0;0.0;2.0;1.0;7.0;B01
79632;201300052138;0;32;0;0.0;1.0;1.0;1.0;A01
79633;201300052139;0;7;0;0.0;2.0;3.0;22.0;A01
79634;201300052139;0;1;0;0.0;2.0;1.0;1.0;B01
79635;201300052140;0;32;0;0.0;2.0;1.0;17.0;A01
79636;201300052140;0;7;0;0.0;0.0;6.0;15.0;B01
79637;201300052141;0;7;0;0.0;2.0;2.0;7.0;A01
79638;201300052141;0;1;0;0.0;2.0;8.0;7.0;B01
79639;201300052142;0;2;0;0.0;2.0;1.0;17.0;A01
79640;201300052142;0;13;0;0.0;2.0;3.0;22.0;B01
79641;201300052143;1;33;0;0.0;1.0;0.0;1.0;Z01
79642;201300052144;1;32;0;0.0;1.0;1.0;1.0;Z01
79643;201300052145;0;1;0;0.0;1.0;1.0;1.0;A01
79644;201300052146;0;34;0;11.0;0.0;1.0;1.0;A01
79645;201300052147;0;7;0;11.0;0.0;9.0;1.0;A01
79646;201300052148;0;7;0;0.0;2.0;5.0;2.0;B01
79647;201300052148;0;32;0;0.0;2.0;6.0;23.0;A01
79648;201300052149;0;7;0;0.0;2.0;8.0;1.0;B01
79649;201300052149;0;30;0;0.0;2.0;1.0;1.0;A01
79650;201300052150;0;30;0;0.0;2.0;2.0;15.0;A01
79651;201300052150;0;7;0;0.0;2.0;1.0;1.0;B01
79652;201300052151;0;30;0;0.0;2.0;3.0;1.0;A01
79653;201300052151;1;10;0;0.0;0.0;0.0;12.0;Z01
79654;201300052152;0;33;0;0.0;2.0;3.0;1.0;B01
79655;201300052152;0;1;0;0.0;2.0;0.0;15.0;A01
79656;201300052153;0;7;0;0.0;2.0;3.0;7.0;A01
79657;201300052153;0;7;0;0.0;2.0;2.0;15.0;B01
79658;201300052154;0;33;0;0.0;2.0;3.0;1.0;A01
79659;201300052154;1;7;0;0.0;2.0;0.0;9.0;Z01
79660;201300052155;0;2;0;0.0;0.0;2.0;20.0;A01
79661;201300052156;0;7;0;14.0;0.0;1.0;13.0;A01
79662;201300052157;1;7;0;1.0;1.0;0.0;1.0;Z01
79663;201300052158;0;7;0;0.0;1.0;1.0;7.0;A01
79664;201300052159;0;7;0;0.0;1.0;3.0;1.0;A01
79665;201300052160;0;7;0;0.0;0.0;4.0;1.0;C01
79666;201300052160;0;7;0;0.0;2.0;1.0;1.0;A01
79667;201300052160;0;7;0;0.0;2.0;9.0;1.0;B01
79668;201300052161;0;13;0;0.0;1.0;7.0;1.0;A01
79669;201300052162;0;1;0;0.0;2.0;7.0;19.0;B01
79670;201300052162;0;7;0;0.0;2.0;2.0;1.0;A01
79671;201300052163;0;7;0;9.0;0.0;8.0;7.0;A01
79672;201300052164;0;32;0;1.0;2.0;1.0;13.0;A01
79673;201300052164;0;1;0;1.0;2.0;1.0;5.0;B01
79674;201300052165;0;10;0;0.0;2.0;5.0;15.0;A01
79675;201300052165;0;33;0;0.0;2.0;1.0;1.0;B01
79676;201300052166;0;30;0;14.0;0.0;1.0;1.0;A01
79677;201300052167;0;7;0;0.0;2.0;3.0;15.0;B01
79678;201300052167;0;32;0;0.0;2.0;1.0;17.0;A01
79679;201300052168;0;33;0;15.0;9.0;1.0;11.0;A01
79680;201300052169;0;10;0;14.0;0.0;3.0;1.0;A01
79681;201300052170;0;7;0;8.0;0.0;3.0;7.0;A01
79682;201300052171;0;7;0;14.0;0.0;1.0;11.0;A01
79683;201300052172;0;7;0;0.0;2.0;1.0;1.0;B01
79684;201300052172;0;31;0;0.0;2.0;7.0;15.0;A01
79685;201300052173;0;10;0;0.0;2.0;3.0;13.0;A01
79686;201300052173;0;30;0;0.0;2.0;7.0;1.0;B01
79687;201300052174;0;32;0;0.0;1.0;1.0;1.0;A01
79688;201300052175;0;32;0;14.0;0.0;0.0;11.0;A01
79689;201300052176;0;1;0;0.0;0.0;1.0;16.0;B01
79690;201300052176;0;32;0;0.0;0.0;5.0;1.0;A01
79691;201300052177;0;31;0;0.0;0.0;0.0;1.0;A01
79692;201300052178;0;7;0;0.0;2.0;3.0;10.0;A01
79693;201300052178;0;34;0;0.0;2.0;1.0;1.0;B01
79694;201300052179;0;7;0;11.0;0.0;1.0;7.0;A01
79695;201300052180;0;7;0;8.0;0.0;1.0;1.0;A01
79696;201300052181;0;7;0;14.0;0.0;2.0;14.0;A01
79697;201300052182;0;32;0;0.0;0.0;0.0;1.0;A01
79698;201300052183;0;7;0;14.0;0.0;2.0;12.0;A01
79699;201300052184;0;34;0;0.0;2.0;7.0;17.0;A01
79700;201300052184;0;7;0;0.0;2.0;8.0;15.0;B01
79701;201300052185;0;31;0;0.0;2.0;7.0;17.0;A01
79702;201300052185;0;7;0;0.0;2.0;8.0;13.0;B01
79703;201300052187;0;7;0;11.0;0.0;2.0;21.0;A01
79704;201300052188;0;31;0;11.0;0.0;2.0;1.0;A01
79705;201300052189;0;7;0;8.0;0.0;1.0;1.0;A01
79706;201300052190;0;2;0;0.0;0.0;7.0;1.0;A01
79707;201300052192;0;2;0;0.0;2.0;1.0;1.0;B01
79708;201300052192;0;7;0;0.0;2.0;3.0;15.0;A01
79709;201300052193;0;7;0;0.0;1.0;7.0;1.0;A01
79710;201300052194;0;1;0;1.0;0.0;8.0;1.0;B01
79711;201300052194;0;7;0;0.0;2.0;5.0;22.0;A01
79712;201300052195;0;1;0;0.0;2.0;4.0;11.0;B01
79713;201300052195;0;7;0;0.0;2.0;1.0;1.0;A01
79714;201300052196;0;10;0;0.0;1.0;8.0;1.0;A01
79715;201300052197;0;7;0;0.0;1.0;3.0;1.0;A01
79716;201300052198;0;32;0;12.0;0.0;1.0;18.0;A01
79717;201300052199;0;33;0;0.0;0.0;2.0;1.0;A01
79718;201300052200;0;7;0;0.0;1.0;2.0;1.0;A01
79719;201300052203;0;10;0;0.0;1.0;3.0;1.0;A01
79720;201300052204;0;7;0;0.0;1.0;8.0;1.0;A01
79721;201300052205;1;7;0;0.0;1.0;4.0;4.0;Z01
79722;201300052206;0;7;0;0.0;1.0;1.0;15.0;A01
79723;201300052207;0;7;0;11.0;0.0;1.0;11.0;A01
79724;201300052208;0;31;0;0.0;2.0;4.0;2.0;A01
79725;201300052208;0;31;0;0.0;2.0;1.0;2.0;B01
79726;201300052209;1;7;0;0.0;2.0;1.0;2.0;B01
79727;201300052209;0;7;0;0.0;2.0;6.0;23.0;A01
79728;201300052210;0;30;0;0.0;1.0;1.0;1.0;A01
79729;201300052211;0;7;0;0.0;1.0;2.0;1.0;A01
79730;201300052212;0;31;0;0.0;2.0;1.0;1.0;B01
79731;201300052212;0;7;0;0.0;2.0;8.0;10.0;A01
79732;201300052213;0;32;0;14.0;0.0;1.0;14.0;A01
79733;201300052214;0;7;0;0.0;2.0;0.0;9.0;A01
79734;201300052214;0;33;0;0.0;2.0;7.0;1.0;B01
79735;201300052215;0;1;0;0.0;1.0;2.0;1.0;A01
79736;201300052216;0;30;0;0.0;2.0;2.0;17.0;A01
79737;201300052216;0;7;0;0.0;2.0;3.0;15.0;B01
79738;201300052217;1;2;0;0.0;1.0;0.0;1.0;Z01
79739;201300052218;0;1;0;0.0;2.0;8.0;15.0;A01
79740;201300052218;0;7;0;0.0;2.0;2.0;17.0;B01
79741;201300052219;1;34;0;0.0;1.0;1.0;10.0;Z01
79742;201300052220;1;7;0;0.0;1.0;0.0;4.0;Z01
79743;201300052221;0;32;0;0.0;2.0;7.0;1.0;A01
79744;201300052221;0;7;0;0.0;2.0;1.0;1.0;B01
79745;201300052222;0;33;0;0.0;0.0;7.0;16.0;A01
79746;201300052224;1;7;0;0.0;1.0;3.0;1.0;Z01
79747;201300052225;0;7;0;0.0;1.0;1.0;1.0;A01
79748;201300052226;0;7;0;0.0;2.0;6.0;15.0;B01
79749;201300052226;0;2;0;0.0;2.0;7.0;17.0;A01
79750;201300052227;0;32;0;12.0;0.0;0.0;13.0;A01
79751;201300052228;0;7;0;0.0;1.0;2.0;1.0;A01
79752;201300052229;0;30;0;0.0;1.0;1.0;1.0;A01
79753;201300052230;0;31;0;0.0;2.0;1.0;1.0;B01
79754;201300052230;0;7;0;0.0;2.0;2.0;15.0;A01
79755;201300052232;1;7;0;0.0;2.0;0.0;2.0;Z01
79756;201300052232;0;1;0;1.0;2.0;4.0;2.0;A01
79757;201300052233;0;30;0;0.0;2.0;2.0;1.0;B01
79758;201300052233;0;7;0;0.0;2.0;3.0;15.0;A01
79759;201300052234;0;7;0;0.0;2.0;3.0;15.0;B01
79760;201300052234;0;2;0;0.0;2.0;7.0;17.0;A01
79761;201300052235;0;7;0;0.0;2.0;3.0;10.0;A01
79762;201300052235;0;2;0;0.0;2.0;1.0;1.0;B01
79763;201300052236;0;7;0;0.0;2.0;3.0;15.0;B01
79764;201300052236;0;7;0;0.0;2.0;2.0;1.0;A01
79765;201300052237;1;2;0;0.0;1.0;0.0;3.0;Z01
79766;201300052238;0;31;0;0.0;1.0;1.0;1.0;A01
79767;201300052239;0;7;0;14.0;2.0;1.0;2.0;A01
79768;201300052239;0;32;0;0.0;2.0;4.0;23.0;B01
79769;201300052240;0;33;0;0.0;2.0;2.0;10.0;B01
79770;201300052240;0;32;0;0.0;2.0;6.0;1.0;A01
79771;201300052241;0;7;0;0.0;2.0;1.0;1.0;A01
79772;201300052241;0;7;0;1.0;2.0;3.0;1.0;B01
79773;201300052243;1;7;0;0.0;2.0;0.0;15.0;Z01
79774;201300052243;0;34;0;0.0;2.0;0.0;1.0;A01
79775;201300052244;0;7;0;0.0;1.0;3.0;15.0;A01
79776;201300052245;0;34;0;0.0;2.0;3.0;18.0;A01
79777;201300052245;0;7;0;0.0;2.0;5.0;16.0;B01
79778;201300052246;0;30;0;0.0;2.0;7.0;1.0;B01
79779;201300052246;0;7;0;0.0;2.0;8.0;18.0;A01
79780;201300052247;0;30;0;0.0;2.0;1.0;15.0;A01
79781;201300052247;0;7;0;0.0;2.0;3.0;1.0;B01
79782;201300052248;0;7;0;0.0;1.0;3.0;15.0;A01
79783;201300052249;0;7;0;0.0;2.0;6.0;11.0;B01
79784;201300052249;0;32;0;0.0;2.0;3.0;1.0;A01
79785;201300052250;0;7;0;0.0;1.0;0.0;1.0;A01
79786;201300052251;0;7;0;0.0;2.0;3.0;15.0;B01
79787;201300052251;0;30;0;0.0;2.0;7.0;17.0;A01
79788;201300052252;0;7;0;0.0;1.0;3.0;1.0;A01
79789;201300052253;0;14;0;0.0;2.0;5.0;16.0;A01
79790;201300052253;0;1;0;0.0;2.0;1.0;1.0;B01
79791;201300052254;0;7;0;0.0;2.0;8.0;1.0;B01
79792;201300052254;0;33;0;0.0;2.0;1.0;15.0;A01
79793;201300052255;0;7;0;0.0;2.0;7.0;10.0;A01
79794;201300052255;0;33;0;0.0;2.0;1.0;1.0;B01
79795;201300052256;0;30;0;14.0;2.0;0.0;21.0;A01
79796;201300052257;0;7;0;0.0;1.0;6.0;4.0;A01
79797;201300052258;0;2;0;0.0;2.0;3.0;1.0;A01
79798;201300052258;1;10;0;0.0;0.0;5.0;14.0;Z01
79799;201300052260;0;7;0;0.0;2.0;3.0;16.0;B01
79800;201300052260;0;33;0;0.0;0.0;8.0;17.0;A01
79801;201300052261;0;32;0;12.0;0.0;7.0;1.0;A01
79802;201300052262;0;32;0;0.0;0.0;4.0;1.0;B01
79803;201300052262;0;10;0;0.0;2.0;3.0;1.0;A01
79804;201300052263;0;7;0;0.0;2.0;2.0;23.0;A01
79805;201300052263;0;7;0;0.0;2.0;4.0;1.0;B01
79806;201300052264;0;34;0;0.0;0.0;0.0;1.0;A01
79807;201300052266;0;30;0;0.0;2.0;6.0;18.0;B01
79808;201300052266;0;7;0;0.0;2.0;2.0;16.0;A01
79809;201300052267;0;10;0;0.0;2.0;3.0;22.0;B01
79810;201300052267;0;2;0;0.0;2.0;2.0;1.0;A01
79811;201300052268;0;1;0;0.0;1.0;1.0;1.0;A01