;Num_Acc;senc;catv;occutc;obs;obsm;choc;manv;num_veh
79812;201300052269;0;7;0;0.0;0.0;3.0;9.0;A01
79813;201300052269;0;34;0;0.0;0.0;3.0;17.0;B01
79814;201300052270;0;7;0;0.0;2.0;3.0;16.0;A01
79815;201300052270;0;31;0;0.0;2.0;8.0;1.0;B01
79816;201300052272;0;3;0;0.0;2.0;3.0;16.0;B01
79817;201300052272;0;33;0;0.0;2.0;1.0;1.0;A01
79818;201300052273;0;1;0;0.0;2.0;1.0;1.0;B01
79819;201300052273;0;30;0;0.0;2.0;1.0;17.0;A01
79820;201300052274;0;2;0;0.0;0.0;0.0;21.0;A01
79821;201300052275;0;33;0;0.0;2.0;1.0;18.0;B01
79822;201300052275;0;7;0;2.0;2.0;2.0;15.0;A01
79823;201300052276;0;7;0;0.0;1.0;5.0;1.0;A01
79824;201300052277;0;1;0;0.0;2.0;1.0;1.0;A01
79825;201300052277;0;7;0;0.0;2.0;3.0;1.0;B01
79826;201300052278;0;7;0;0.0;2.0;7.0;16.0;A01
79827;201300052278;0;1;0;0.0;2.0;1.0;1.0;B01
79828;201300052279;0;34;0;0.0;2.0;1.0;2.0;C01
79829;201300052279;0;7;0;0.0;2.0;0.0;23.0;B01
79830;201300052279;0;34;0;0.0;2.0;1.0;2.0;A01
79831;201300052281;0;2;0;1.0;0.0;9.0;14.0;A01
79832;201300052282;0;7;0;0.0;2.0;1.0;1.0;A01
79833;201300052282;0;7;0;0.0;2.0;3.0;1.0;B01
79834;201300052283;0;30;0;0.0;2.0;6.0;18.0;B01
79835;201300052283;0;7;0;0.0;2.0;7.0;22.0;A01
79836;201300052284;0;1;0;0.0;2.0;8.0;14.0;B01
79837;201300052284;0;7;0;0.0;2.0;2.0;1.0;A01
79838;201300052285;0;7;0;15.0;2.0;1.0;1.0;B01
79839;201300052285;0;7;0;0.0;2.0;2.0;1.0;A01
79840;201300052286;1;10;0;0.0;1.0;2.0;15.0;Z01
79841;201300052288;1;7;0;0.0;2.0;0.0;1.0;Z01
79842;201300052288;0;32;0;0.0;2.0;1.0;1.0;A01
79843;201300052289;0;7;0;0.0;2.0;1.0;2.0;A01
79844;201300052289;0;33;0;0.0;2.0;4.0;23.0;B01
79845;201300052290;1;30;0;0.0;1.0;0.0;1.0;Z01
79846;201300052291;0;33;0;0.0;0.0;7.0;1.0;A01
79847;201300052292;0;7;0;0.0;2.0;7.0;1.0;B01
79848;201300052292;0;34;0;0.0;2.0;1.0;1.0;A01
79849;201300052293;0;2;0;0.0;2.0;1.0;17.0;A01
79850;201300052293;0;7;0;0.0;0.0;3.0;1.0;B01
79851;201300052294;0;7;0;0.0;0.0;8.0;22.0;A01
79852;201300052294;0;1;0;1.0;0.0;8.0;17.0;B01
79853;201300052295;0;30;0;0.0;2.0;1.0;1.0;B01
79854;201300052295;0;7;0;0.0;2.0;1.0;10.0;A01
79855;201300052296;0;7;0;0.0;2.0;6.0;4.0;A01
79856;201300052296;0;33;0;0.0;2.0;2.0;2.0;B01
79857;201300052297;0;37;1;0.0;0.0;8.0;1.0;C01
79858;201300052297;0;7;0;1.0;0.0;2.0;22.0;A01
79859;201300052297;0;33;0;1.0;0.0;1.0;3.0;B01
79860;201300052298;0;7;0;0.0;9.0;8.0;22.0;A01
79861;201300052298;0;1;0;1.0;0.0;0.0;1.0;B01
79862;201300052299;0;7;0;0.0;1.0;8.0;10.0;A01
79863;201300052300;0;7;0;0.0;2.0;3.0;22.0;A01
79864;201300052300;0;1;0;0.0;2.0;3.0;1.0;B01
79865;201300052301;0;2;0;6.0;2.0;7.0;1.0;B01
79866;201300052301;0;7;0;0.0;2.0;2.0;1.0;A01
79867;201300052302;0;32;0;0.0;1.0;3.0;1.0;A01
79868;201300052303;0;34;0;0.0;2.0;2.0;1.0;A01
79869;201300052303;0;7;0;0.0;2.0;8.0;10.0;B01
79870;201300052305;0;32;0;0.0;1.0;2.0;17.0;A01
79871;201300052306;0;7;0;0.0;2.0;3.0;15.0;A01
79872;201300052306;0;32;0;0.0;2.0;6.0;1.0;B01
79873;201300052307;0;1;0;1.0;0.0;6.0;13.0;A01
79874;201300052308;0;7;0;6.0;1.0;2.0;16.0;A01
79875;201300052309;0;32;0;0.0;2.0;1.0;1.0;A01
79876;201300052309;1;7;0;0.0;2.0;0.0;15.0;Z01
79877;201300052310;1;30;0;0.0;1.0;1.0;1.0;Z01
79878;201300052311;0;33;0;0.0;2.0;1.0;2.0;A01
79879;201300052311;0;37;0;0.0;2.0;6.0;2.0;B01
79880;201300052312;2;7;0;14.0;1.0;1.0;1.0;Z01
79881;201300052313;1;7;0;0.0;2.0;3.0;17.0;Z01
79882;201300052313;0;1;0;0.0;2.0;3.0;1.0;A01
79883;201300052314;0;1;0;0.0;1.0;1.0;5.0;A01
79884;201300052315;0;32;0;6.0;0.0;7.0;1.0;A01
79885;201300052316;0;2;0;1.0;2.0;6.0;1.0;A01
79886;201300052316;1;7;0;0.0;2.0;5.0;17.0;Z01
79887;201300052317;0;30;0;0.0;2.0;7.0;1.0;A01
79888;201300052317;1;7;0;0.0;2.0;0.0;1.0;Z01
79889;201300052318;0;33;0;0.0;2.0;3.0;18.0;A01
79890;201300052318;0;10;0;0.0;2.0;2.0;16.0;B01
79891;201300052319;0;10;0;0.0;2.0;4.0;4.0;A01
79892;201300052319;0;31;0;0.0;2.0;1.0;2.0;B01
79893;201300052320;0;7;0;0.0;2.0;5.0;16.0;B01
79894;201300052320;0;30;0;0.0;2.0;1.0;7.0;A01
79895;201300052321;0;1;0;0.0;2.0;7.0;12.0;B01
79896;201300052321;0;7;0;0.0;2.0;3.0;1.0;A01
79897;201300052322;0;7;0;11.0;2.0;9.0;13.0;A01
79898;201300052322;0;7;0;0.0;2.0;1.0;1.0;B01
79899;201300052323;0;30;0;0.0;2.0;1.0;1.0;B01
79900;201300052323;0;10;0;0.0;2.0;6.0;10.0;A01
79901;201300052324;0;33;0;0.0;2.0;1.0;18.0;A01
79902;201300052324;0;7;0;0.0;2.0;2.0;16.0;B01
79903;201300052325;0;30;0;0.0;2.0;1.0;1.0;B01
79904;201300052325;0;7;0;0.0;2.0;8.0;10.0;A01
79905;201300052326;0;7;0;0.0;2.0;1.0;1.0;B01
79906;201300052326;0;7;0;1.0;2.0;2.0;1.0;A01
79907;201300052327;0;2;0;0.0;2.0;1.0;1.0;B01
79908;201300052327;0;7;0;0.0;2.0;8.0;10.0;A01
79909;201300052328;0;30;0;0.0;1.0;1.0;16.0;A01
79910;201300052329;0;1;0;0.0;2.0;7.0;1.0;A01
79911;201300052329;0;10;0;0.0;2.0;1.0;1.0;B01
79912;201300052330;0;30;0;0.0;1.0;1.0;7.0;A01
79913;201300052331;0;7;0;0.0;1.0;2.0;1.0;A01
79914;201300052332;0;13;0;0.0;2.0;3.0;22.0;A01
79915;201300052332;0;32;0;0.0;2.0;1.0;17.0;B01
79916;201300052332;0;7;0;0.0;2.0;6.0;1.0;C01
79917;201300052333;0;33;0;0.0;2.0;7.0;1.0;A01
79918;201300052333;0;7;0;0.0;2.0;8.0;16.0;B01
79919;201300052334;0;34;0;0.0;2.0;3.0;7.0;B01
79920;201300052334;0;7;0;0.0;2.0;2.0;16.0;A01
79921;201300052335;0;2;0;0.0;2.0;8.0;1.0;B01
79922;201300052335;0;7;0;0.0;2.0;3.0;1.0;A01
79923;201300052336;0;10;0;0.0;2.0;6.0;23.0;B01
79924;201300052336;0;31;0;0.0;2.0;4.0;23.0;A01
79925;201300052336;1;7;0;0.0;2.0;1.0;15.0;Z01
79926;201300052337;1;7;0;0.0;2.0;0.0;16.0;Z01
79927;201300052337;0;32;0;0.0;2.0;1.0;1.0;A01
79928;201300052338;0;2;0;0.0;2.0;0.0;7.0;B01
79929;201300052338;0;7;0;0.0;2.0;4.0;10.0;A01
79930;201300052339;0;7;0;0.0;2.0;4.0;23.0;B01
79931;201300052339;0;10;0;0.0;2.0;1.0;1.0;A01
79932;201300052340;0;1;0;0.0;1.0;1.0;1.0;A01
79933;201300052341;0;32;0;0.0;2.0;4.0;23.0;B01
79934;201300052341;0;32;0;0.0;2.0;8.0;2.0;A01
79935;201300052342;0;7;0;0.0;1.0;6.0;1.0;A01
79936;201300052343;0;1;0;0.0;1.0;2.0;1.0;A01
79937;201300052344;0;30;0;0.0;0.0;0.0;21.0;A01
79938;201300052345;0;1;0;0.0;2.0;1.0;18.0;A01
79939;201300052345;0;13;0;0.0;2.0;2.0;16.0;B01
79940;201300052346;0;2;0;0.0;1.0;2.0;1.0;A01
79941;201300052347;0;1;0;1.0;0.0;2.0;1.0;A01
79942;201300052350;0;7;0;0.0;1.0;1.0;1.0;A01
79943;201300052351;0;1;0;0.0;2.0;7.0;1.0;B01
79944;201300052351;0;10;0;0.0;2.0;1.0;1.0;A01
79945;201300052352;0;1;0;0.0;0.0;0.0;21.0;A01
79946;201300052353;0;7;0;0.0;2.0;3.0;1.0;B01
79947;201300052353;0;7;0;1.0;2.0;2.0;1.0;A01
79948;201300052354;0;1;0;0.0;2.0;4.0;1.0;B01
79949;201300052354;0;7;0;0.0;2.0;3.0;10.0;A01
79950;201300052355;0;7;0;0.0;2.0;3.0;9.0;B01
79951;201300052355;0;32;0;0.0;2.0;1.0;1.0;A01
79952;201300052356;0;32;0;0.0;2.0;4.0;23.0;B01
79953;201300052356;0;30;0;0.0;2.0;1.0;2.0;A01
79954;201300052358;0;7;0;0.0;2.0;7.0;1.0;A01
79955;201300052358;0;34;0;0.0;2.0;1.0;1.0;B01
79956;201300052359;0;7;0;0.0;2.0;2.0;16.0;A01
79957;201300052359;0;32;0;0.0;2.0;3.0;18.0;B01
79958;201300052360;1;7;0;0.0;1.0;1.0;1.0;Z01
79959;201300052362;0;31;0;11.0;0.0;0.0;21.0;A01
79960;201300052363;0;10;0;8.0;2.0;1.0;1.0;A01
79961;201300052363;0;7;0;0.0;2.0;9.0;1.0;B01
79962;201300052364;0;30;0;0.0;1.0;5.0;1.0;A01
79963;201300052365;0;30;0;0.0;2.0;7.0;2.0;A01
79964;201300052365;0;7;0;0.0;2.0;8.0;23.0;B01
79965;201300052366;0;10;0;0.0;2.0;5.0;16.0;A01
79966;201300052366;0;31;0;0.0;2.0;1.0;1.0;B01
79967;201300052367;0;7;0;0.0;2.0;2.0;1.0;B01
79968;201300052367;0;1;0;0.0;2.0;1.0;5.0;A01
79969;201300052368;2;30;0;0.0;1.0;1.0;1.0;Z01
79970;201300052369;0;7;0;0.0;0.0;3.0;9.0;A01
79971;201300052369;0;33;0;0.0;2.0;1.0;1.0;B01
79972;201300052370;0;7;0;0.0;0.0;1.0;15.0;A01
79973;201300052370;0;2;0;0.0;2.0;1.0;1.0;B01
79974;201300052371;0;14;0;0.0;0.0;1.0;1.0;A01
79975;201300052371;0;7;0;0.0;0.0;4.0;23.0;B01
79976;201300052372;0;34;0;0.0;1.0;1.0;1.0;A01
79977;201300052373;0;10;0;0.0;0.0;4.0;4.0;A01
79978;201300052373;0;1;0;0.0;2.0;1.0;23.0;B01
79979;201300052374;0;7;0;0.0;1.0;1.0;15.0;A01
79980;201300052375;0;2;0;0.0;2.0;8.0;1.0;B01
79981;201300052375;0;2;0;0.0;2.0;7.0;17.0;A01
79982;201300052377;0;7;0;1.0;2.0;3.0;24.0;B01
79983;201300052377;0;10;0;0.0;2.0;7.0;23.0;C01
79984;201300052377;0;13;0;0.0;0.0;0.0;23.0;D01
79985;201300052377;0;33;0;1.0;2.0;1.0;1.0;A01
79986;201300052379;1;33;0;0.0;1.0;0.0;1.0;Z01
79987;201300052380;0;1;0;1.0;0.0;8.0;1.0;B01
79988;201300052380;0;7;0;0.0;2.0;8.0;22.0;A01
79989;201300052381;1;7;0;0.0;0.0;1.0;17.0;Z01
79990;201300052381;0;1;0;0.0;0.0;4.0;1.0;B01
79991;201300052382;0;2;0;0.0;1.0;2.0;17.0;A01
79992;201300052383;0;7;0;0.0;0.0;7.0;16.0;A01
79993;201300052383;0;34;0;0.0;0.0;3.0;18.0;B01
79994;201300052384;0;37;1;0.0;0.0;5.0;1.0;A01
79995;201300052384;0;1;0;12.0;2.0;1.0;13.0;B01
79996;201300052385;0;33;0;8.0;0.0;1.0;0.0;A01
79997;201300052386;0;32;0;0.0;1.0;1.0;1.0;A01
79998;201300052387;0;32;0;8.0;9.0;7.0;17.0;A01
79999;201300052387;0;1;0;0.0;2.0;3.0;15.0;B01
80000;201300052388;0;30;0;0.0;0.0;0.0;1.0;A01
80001;201300052389;0;32;0;0.0;0.0;0.0;1.0;B01
80002;201300052389;0;7;0;0.0;9.0;6.0;10.0;A01
80003;201300052390;0;34;0;0.0;9.0;6.0;1.0;B01
80004;201300052390;0;1;0;0.0;2.0;7.0;19.0;A01
80005;201300052391;1;7;0;0.0;1.0;4.0;4.0;A01
80006;201300052392;0;7;0;0.0;1.0;3.0;1.0;A01
80007;201300052394;1;2;0;0.0;1.0;0.0;5.0;Z01
80008;201300052395;0;1;0;0.0;2.0;8.0;1.0;B01
80009;201300052395;0;1;0;0.0;2.0;1.0;16.0;A01
80010;201300052396;0;10;0;0.0;1.0;1.0;15.0;A01
80011;201300052397;1;34;0;0.0;1.0;1.0;1.0;Z01
80012;201300052398;0;7;0;0.0;2.0;8.0;10.0;A01
80013;201300052398;0;33;0;0.0;2.0;1.0;1.0;B01
80014;201300052399;0;33;0;1.0;2.0;3.0;1.0;B01
80015;201300052399;0;10;0;0.0;2.0;5.0;4.0;A01
80016;201300052400;0;7;0;0.0;1.0;2.0;1.0;A01
80017;201300052402;0;7;0;0.0;2.0;8.0;1.0;B01
80018;201300052402;0;32;0;0.0;2.0;2.0;17.0;A01
80019;201300052403;1;33;0;0.0;1.0;1.0;1.0;Z01
80020;201300052404;0;32;0;0.0;2.0;1.0;1.0;B01
80021;201300052404;0;7;0;0.0;2.0;2.0;1.0;A01
80022;201300052405;0;7;0;0.0;2.0;8.0;22.0;A01
80023;201300052405;0;32;0;1.0;2.0;1.0;17.0;B01
80024;201300052406;0;30;0;0.0;2.0;1.0;1.0;B01
80025;201300052406;0;1;0;0.0;2.0;1.0;5.0;A01
80026;201300052407;0;7;0;0.0;2.0;3.0;2.0;B01
80027;201300052407;0;7;0;0.0;2.0;2.0;2.0;A01
80028;201300052408;0;34;0;0.0;2.0;3.0;1.0;A01
80029;201300052408;0;1;0;0.0;2.0;7.0;12.0;B01
80030;201300052409;0;30;0;0.0;2.0;1.0;1.0;B01
80031;201300052409;0;10;0;0.0;2.0;3.0;10.0;A01
80032;201300052410;0;10;0;11.0;0.0;1.0;13.0;A01
80033;201300052411;0;32;0;0.0;2.0;1.0;1.0;A01
80034;201300052411;0;7;0;0.0;2.0;3.0;1.0;B01
80035;201300052412;0;32;0;0.0;2.0;1.0;5.0;A01
80036;201300052412;0;7;0;0.0;2.0;6.0;15.0;B01
80037;201300052413;0;7;0;0.0;2.0;0.0;13.0;A01
80038;201300052413;0;7;0;0.0;2.0;3.0;1.0;C01
80039;201300052413;0;32;0;0.0;2.0;1.0;17.0;B01
80040;201300052414;0;37;1;0.0;0.0;0.0;1.0;A01
80041;201300052415;0;1;0;0.0;2.0;7.0;1.0;A01
80042;201300052415;1;7;0;0.0;2.0;8.0;22.0;Z01
80043;201300052416;0;30;0;0.0;2.0;1.0;17.0;A01
80044;201300052416;0;7;0;0.0;2.0;4.0;24.0;B01
80045;201300052417;0;2;0;0.0;2.0;0.0;1.0;B01
80046;201300052417;0;7;0;0.0;2.0;0.0;10.0;A01
80047;201300052418;0;1;0;0.0;2.0;1.0;19.0;B01
80048;201300052418;0;7;0;0.0;2.0;1.0;1.0;A01
80049;201300052419;1;7;0;0.0;1.0;2.0;1.0;Z01
80050;201300052420;0;10;0;7.0;2.0;3.0;1.0;A01
80051;201300052420;1;32;0;0.0;2.0;0.0;14.0;Z01
80052;201300052421;0;7;0;0.0;1.0;2.0;1.0;A01
80053;201300052422;0;10;0;0.0;1.0;4.0;4.0;A01
80054;201300052423;0;30;0;12.0;0.0;0.0;1.0;A01
80055;201300052424;0;30;0;0.0;2.0;1.0;1.0;B01
80056;201300052424;0;7;0;0.0;2.0;7.0;1.0;A01
80057;201300052425;0;2;0;0.0;0.0;8.0;1.0;A01
80058;201300052426;0;32;0;0.0;2.0;1.0;1.0;B01
80059;201300052426;0;7;0;0.0;2.0;5.0;15.0;A01
80060;201300052427;0;30;0;0.0;2.0;2.0;5.0;A01
80061;201300052427;0;7;0;0.0;2.0;3.0;1.0;B01
80062;201300052428;0;30;0;0.0;2.0;1.0;1.0;A01
80063;201300052428;1;3;0;0.0;2.0;2.0;16.0;Z01
80064;201300052429;0;7;0;0.0;1.0;2.0;1.0;A01
80065;201300052430;0;2;0;0.0;2.0;3.0;18.0;B01
80066;201300052430;0;7;0;0.0;2.0;7.0;16.0;A01
80067;201300052431;0;10;0;0.0;9.0;2.0;16.0;A01
80068;201300052431;0;1;0;0.0;2.0;2.0;18.0;B01
80069;201300052432;0;7;0;0.0;1.0;0.0;20.0;A01
80070;201300052433;0;1;0;0.0;2.0;8.0;15.0;B01
80071;201300052433;0;7;0;0.0;2.0;2.0;17.0;A01
80072;201300052435;0;2;0;0.0;1.0;2.0;1.0;A01
80073;201300052436;0;2;0;0.0;2.0;0.0;21.0;A01
80074;201300052437;1;32;0;0.0;1.0;0.0;1.0;Z01
80075;201300052439;0;7;0;0.0;2.0;4.0;2.0;B01
80076;201300052439;0;33;0;0.0;2.0;1.0;2.0;A01
80077;201300052440;0;32;0;0.0;1.0;0.0;1.0;A01
80078;201300052441;0;7;0;0.0;2.0;3.0;22.0;A01
80079;201300052441;0;30;0;1.0;0.0;1.0;1.0;B01
80080;201300052442;1;7;0;0.0;2.0;1.0;2.0;Z01
80081;201300052442;0;7;0;0.0;2.0;4.0;2.0;A01
80082;201300052443;0;7;0;0.0;2.0;1.0;15.0;A01
80083;201300052443;0;30;0;0.0;2.0;1.0;1.0;B01
80084;201300052445;0;7;0;0.0;2.0;4.0;2.0;A01
80085;201300052445;0;7;0;0.0;1.0;1.0;2.0;B01
80086;201300052446;0;1;0;1.0;0.0;1.0;1.0;A01
80087;201300052447;0;2;0;0.0;1.0;2.0;20.0;A01
80088;201300052448;0;32;0;0.0;2.0;3.0;1.0;B01
80089;201300052448;0;30;0;0.0;2.0;2.0;1.0;A01
80090;201300052449;1;30;0;0.0;2.0;0.0;1.0;Z01
80091;201300052449;0;32;0;0.0;2.0;0.0;1.0;A01
80092;201300052452;0;7;0;0.0;2.0;8.0;15.0;B01
80093;201300052452;0;30;0;0.0;2.0;7.0;17.0;A01
80094;201300052453;0;30;0;0.0;0.0;2.0;1.0;A01
80095;201300052454;0;30;0;0.0;0.0;0.0;1.0;A01
80096;201300052455;0;10;0;0.0;2.0;6.0;20.0;A01
80097;201300052455;0;7;0;0.0;2.0;2.0;1.0;B01
80098;201300052456;0;7;0;0.0;2.0;1.0;2.0;B01
80099;201300052456;0;7;0;0.0;2.0;4.0;4.0;A01
80100;201300052457;0;7;0;0.0;1.0;3.0;1.0;A01
80101;201300052458;0;7;0;0.0;2.0;1.0;1.0;A01
80102;201300052458;0;32;0;0.0;2.0;8.0;1.0;B01
80103;201300052460;0;33;0;0.0;1.0;2.0;1.0;A01
80104;201300052461;0;33;0;0.0;2.0;2.0;17.0;B01
80105;201300052461;0;7;0;0.0;2.0;3.0;15.0;A01
80106;201300052462;0;2;0;1.0;2.0;2.0;1.0;B01
80107;201300052462;0;10;0;0.0;2.0;3.0;11.0;A01
80108;201300052463;0;1;0;0.0;2.0;7.0;1.0;B01
80109;201300052463;0;10;0;0.0;2.0;8.0;22.0;A01
80110;201300052464;1;33;0;0.0;1.0;0.0;1.0;Z01
80111;201300052465;0;7;0;0.0;2.0;6.0;1.0;B01
80112;201300052465;0;10;0;0.0;2.0;2.0;1.0;A01
80113;201300052466;0;30;0;0.0;2.0;1.0;1.0;B01
80114;201300052466;0;7;0;0.0;2.0;2.0;16.0;A01
80115;201300052467;0;10;0;0.0;2.0;6.0;23.0;B01
80116;201300052467;0;32;0;0.0;2.0;1.0;2.0;A01
80117;201300052468;0;30;0;0.0;0.0;0.0;15.0;A01
80118;201300052469;0;33;0;0.0;2.0;8.0;16.0;B01
80119;201300052469;0;7;0;0.0;2.0;2.0;16.0;A01
80120;201300052471;2;7;0;0.0;1.0;3.0;15.0;A01
80121;201300052472;0;7;0;0.0;2.0;7.0;1.0;A01
80122;201300052472;0;30;0;0.0;2.0;1.0;1.0;B01
80123;201300052473;0;33;0;1.0;2.0;8.0;18.0;B01
80124;201300052473;0;7;0;0.0;2.0;7.0;1.0;A01
80125;201300052474;0;33;0;0.0;1.0;1.0;1.0;A01
80126;201300052475;0;1;0;0.0;2.0;1.0;18.0;A01
80127;201300052475;0;1;0;0.0;2.0;8.0;19.0;B01
80128;201300052476;0;34;0;0.0;2.0;8.0;1.0;B01
80129;201300052476;0;13;0;0.0;2.0;3.0;15.0;A01
80130;201300052477;0;30;0;0.0;0.0;0.0;15.0;B01
80131;201300052477;0;34;0;0.0;0.0;2.0;17.0;A01
80132;201300052478;0;7;0;0.0;2.0;1.0;1.0;A01
80133;201300052478;0;7;0;0.0;2.0;8.0;1.0;B01
80134;201300052479;0;32;0;0.0;0.0;4.0;23.0;B01
80135;201300052479;0;7;0;0.0;0.0;1.0;1.0;A01
80136;201300052480;0;2;0;0.0;0.0;0.0;1.0;A01
80137;201300052481;0;33;0;0.0;2.0;7.0;1.0;B01
80138;201300052481;0;7;0;0.0;2.0;7.0;15.0;A01
80139;201300052482;0;7;0;0.0;2.0;6.0;10.0;B01
80140;201300052482;0;33;0;0.0;2.0;8.0;23.0;A01
80141;201300052483;0;10;0;0.0;0.0;4.0;20.0;A01
80142;201300052483;0;32;0;0.0;2.0;1.0;1.0;B01
80143;201300052484;0;7;0;0.0;1.0;4.0;4.0;A01
80144;201300052485;0;30;0;0.0;1.0;1.0;1.0;A01
80145;201300052486;0;33;0;0.0;2.0;1.0;1.0;A01
80146;201300052486;0;7;0;0.0;2.0;3.0;1.0;B01
80147;201300052487;0;7;0;0.0;0.0;0.0;15.0;A01
80148;201300052487;0;1;0;0.0;0.0;0.0;17.0;B01
80149;201300052488;0;7;0;0.0;1.0;3.0;1.0;A01
80150;201300052489;0;34;0;0.0;2.0;1.0;1.0;B01
80151;201300052489;0;7;0;0.0;2.0;3.0;10.0;A01
80152;201300052490;0;14;0;0.0;2.0;0.0;22.0;A01
80153;201300052490;0;1;0;0.0;2.0;1.0;1.0;B01
80154;201300052491;0;31;0;0.0;2.0;1.0;2.0;A01
80155;201300052491;0;7;0;0.0;2.0;5.0;2.0;B01
80156;201300052492;0;10;0;0.0;1.0;4.0;4.0;A01
80157;201300052493;0;7;0;0.0;2.0;3.0;13.0;A01
80158;201300052493;0;2;0;0.0;2.0;3.0;1.0;B01
80159;201300052494;0;33;0;0.0;1.0;2.0;1.0;A01
80160;201300052495;0;10;0;0.0;2.0;3.0;10.0;A01
80161;201300052495;0;33;0;0.0;2.0;1.0;1.0;B01
80162;201300052496;0;1;0;0.0;2.0;3.0;1.0;A01
80163;201300052496;0;13;0;0.0;2.0;6.0;1.0;B01
80164;201300052497;0;34;0;0.0;2.0;4.0;2.0;B01
80165;201300052497;0;7;0;0.0;2.0;1.0;2.0;A01
80166;201300052498;0;30;0;0.0;2.0;1.0;1.0;B01
80167;201300052498;0;7;0;0.0;2.0;3.0;15.0;A01
80168;201300052499;0;32;0;0.0;0.0;0.0;21.0;A01
80169;201300052501;0;2;0;0.0;2.0;1.0;15.0;A01
80170;201300052501;0;32;0;0.0;2.0;1.0;1.0;B01
80171;201300052502;0;7;0;0.0;2.0;7.0;1.0;B01
80172;201300052502;0;7;0;0.0;2.0;1.0;1.0;A01
80173;201300052503;0;1;0;0.0;2.0;1.0;1.0;B01
80174;201300052503;0;10;0;0.0;2.0;3.0;22.0;A01
80175;201300052504;0;7;0;0.0;2.0;2.0;1.0;A01
80176;201300052504;0;33;0;0.0;2.0;1.0;1.0;B01
80177;201300052506;0;7;0;0.0;2.0;8.0;15.0;B01
80178;201300052506;0;32;0;8.0;2.0;2.0;17.0;A01
80179;201300052508;0;32;0;0.0;1.0;3.0;1.0;A01
80180;201300052510;0;7;0;0.0;1.0;1.0;15.0;A01
80181;201300052511;0;10;0;0.0;1.0;4.0;4.0;A01
80182;201300052512;0;30;0;1.0;0.0;2.0;14.0;A01
80183;201300052513;0;32;0;8.0;2.0;2.0;17.0;B01
80184;201300052513;0;7;0;0.0;2.0;3.0;15.0;A01
80185;201300052514;0;7;0;0.0;1.0;0.0;1.0;A01
80186;201300052515;0;30;0;0.0;1.0;0.0;1.0;A01
80187;201300052516;0;31;0;1.0;0.0;1.0;14.0;A01
80188;201300052517;0;31;0;0.0;2.0;1.0;1.0;A01
80189;201300052517;0;7;0;0.0;2.0;2.0;15.0;B01
80190;201300052519;0;1;0;0.0;2.0;4.0;1.0;A01
80191;201300052519;0;7;0;0.0;2.0;1.0;1.0;B01
80192;201300052520;0;7;0;0.0;1.0;3.0;1.0;A01
80193;201300052521;0;7;0;1.0;0.0;9.0;16.0;A01
80194;201300052522;0;1;0;0.0;2.0;4.0;2.0;A01
80195;201300052522;0;10;0;0.0;2.0;4.0;23.0;B01
80196;201300052523;0;7;0;0.0;2.0;8.0;22.0;A01
80197;201300052523;0;1;0;0.0;2.0;1.0;1.0;B01
80198;201300052524;0;32;0;0.0;2.0;1.0;17.0;C01
80199;201300052524;0;7;0;0.0;0.0;3.0;9.0;B01
80200;201300052524;0;34;0;0.0;2.0;3.0;17.0;A01
80201;201300052525;0;32;0;14.0;0.0;8.0;1.0;A01
80202;201300052526;0;30;0;0.0;2.0;1.0;1.0;A01
80203;201300052526;0;10;0;0.0;2.0;3.0;1.0;B01
80204;201300052527;0;2;0;0.0;1.0;1.0;7.0;A01
80205;201300052528;0;7;0;0.0;2.0;6.0;15.0;A01
80206;201300052528;0;31;0;0.0;2.0;1.0;1.0;B01
80207;201300052529;0;1;0;0.0;2.0;1.0;2.0;A01
80208;201300052529;0;7;0;0.0;2.0;5.0;23.0;B01
80209;201300052530;0;30;0;0.0;1.0;3.0;1.0;A01
80210;201300052531;0;30;0;0.0;2.0;0.0;17.0;A01
80211;201300052531;0;10;0;0.0;0.0;6.0;13.0;B01
80212;201300052532;0;7;0;0.0;0.0;1.0;1.0;A01
80213;201300052532;0;7;0;0.0;0.0;3.0;15.0;B01
80214;201300052533;0;33;0;0.0;2.0;8.0;1.0;B01
80215;201300052533;0;7;0;0.0;2.0;1.0;1.0;A01
80216;201300052535;0;2;0;0.0;2.0;2.0;17.0;B01
80217;201300052535;0;7;0;0.0;2.0;3.0;10.0;A01
80218;201300052536;0;7;0;0.0;0.0;6.0;9.0;A01
80219;201300052536;0;33;0;0.0;2.0;1.0;1.0;B01
80220;201300052537;0;32;0;0.0;0.0;7.0;1.0;A01
80221;201300052538;0;32;0;0.0;2.0;2.0;1.0;A01
80222;201300052538;1;7;0;0.0;2.0;6.0;13.0;Z01
80223;201300052540;1;7;0;0.0;2.0;1.0;2.0;Z01
80224;201300052540;0;7;0;0.0;2.0;4.0;2.0;A01
80225;201300052542;0;30;0;1.0;1.0;2.0;18.0;A01
80226;201300052543;0;7;0;0.0;1.0;2.0;1.0;A01
80227;201300052544;0;7;0;0.0;2.0;3.0;1.0;B01
80228;201300052544;0;34;0;0.0;2.0;2.0;16.0;A01
80229;201300052545;0;31;0;0.0;2.0;1.0;1.0;A01