;Num_Acc;senc;catv;occutc;obs;obsm;choc;manv;num_veh
80230;201300052545;0;7;0;0.0;2.0;3.0;15.0;B01
80231;201300052546;0;7;0;0.0;2.0;2.0;15.0;A01
80232;201300052546;0;32;0;0.0;2.0;8.0;1.0;B01
80233;201300052547;0;1;0;0.0;0.0;1.0;21.0;A01
80234;201300052548;0;30;0;0.0;1.0;1.0;1.0;A01
80235;201300052549;0;1;0;0.0;2.0;7.0;5.0;A01
80236;201300052549;0;7;0;0.0;2.0;1.0;1.0;B01
80237;201300052550;0;7;0;0.0;2.0;3.0;16.0;B01
80238;201300052550;0;2;0;0.0;2.0;7.0;1.0;A01
80239;201300052552;0;2;0;0.0;2.0;1.0;1.0;A01
80240;201300052552;0;7;0;0.0;2.0;3.0;15.0;B01
80241;201300052553;0;7;0;0.0;2.0;8.0;22.0;A01
80242;201300052553;0;30;0;0.0;0.0;1.0;2.0;B01
80243;201300052554;0;7;0;0.0;2.0;1.0;1.0;A01
80244;201300052554;0;7;0;0.0;2.0;4.0;23.0;B01
80245;201300052556;0;32;0;0.0;2.0;3.0;1.0;B01
80246;201300052556;0;10;0;0.0;2.0;7.0;16.0;A01
80247;201300052557;0;32;0;0.0;9.0;2.0;16.0;B01
80248;201300052557;0;1;0;0.0;2.0;1.0;18.0;A01
80249;201300052558;0;2;0;0.0;2.0;1.0;7.0;A01
80250;201300052558;0;7;0;0.0;2.0;8.0;10.0;B01
80251;201300052559;0;10;0;0.0;1.0;3.0;15.0;A01
80252;201300052560;0;33;0;0.0;2.0;1.0;1.0;A01
80253;201300052560;0;7;0;0.0;0.0;0.0;23.0;B01
80254;201300052561;0;33;0;0.0;0.0;8.0;15.0;A01
80255;201300052562;0;30;0;0.0;2.0;1.0;1.0;B01
80256;201300052562;0;10;0;0.0;2.0;3.0;15.0;A01
80257;201300052563;0;34;0;0.0;1.0;1.0;16.0;A01
80258;201300052564;0;7;0;0.0;2.0;2.0;23.0;A01
80259;201300052564;0;32;0;0.0;2.0;1.0;1.0;B01
80260;201300052565;0;33;0;0.0;1.0;5.0;1.0;A01
80261;201300052566;0;14;0;0.0;2.0;8.0;15.0;A01
80262;201300052566;0;33;0;0.0;2.0;1.0;17.0;B01
80263;201300052567;0;7;0;0.0;2.0;4.0;23.0;B01
80264;201300052567;0;7;0;0.0;2.0;1.0;1.0;A01
80265;201300052568;1;2;0;0.0;1.0;1.0;1.0;Z01
80266;201300052569;0;7;0;0.0;2.0;3.0;9.0;A01
80267;201300052569;0;1;0;0.0;2.0;1.0;1.0;B01
80268;201300052570;0;7;0;0.0;1.0;3.0;1.0;A01
80269;201300052571;0;7;0;0.0;2.0;3.0;1.0;B01
80270;201300052571;0;7;0;0.0;2.0;1.0;1.0;A01
80271;201300052572;0;7;0;0.0;2.0;7.0;17.0;A01
80272;201300052572;0;30;0;0.0;2.0;8.0;1.0;B01
80273;201300052573;0;32;0;0.0;2.0;1.0;1.0;A01
80274;201300052573;0;7;0;0.0;2.0;2.0;15.0;B01
80275;201300052574;0;30;0;0.0;0.0;7.0;19.0;A01
80276;201300052574;0;32;0;0.0;0.0;1.0;1.0;B01
80277;201300052575;0;1;0;0.0;0.0;0.0;1.0;A01
80278;201300052576;0;10;0;0.0;2.0;2.0;15.0;A01
80279;201300052576;0;32;0;0.0;2.0;1.0;1.0;B01
80280;201300052577;0;30;0;0.0;1.0;1.0;1.0;A01
80281;201300052578;0;7;0;0.0;0.0;2.0;16.0;A01
80282;201300052578;0;32;0;0.0;2.0;6.0;1.0;B01
80283;201300052579;0;2;0;0.0;2.0;0.0;17.0;A01
80284;201300052580;0;7;0;0.0;2.0;2.0;1.0;A01
80285;201300052580;0;32;0;0.0;2.0;1.0;1.0;B01
80286;201300052581;0;2;0;0.0;2.0;3.0;18.0;A01
80287;201300052581;0;7;0;0.0;2.0;2.0;16.0;B01
80288;201300052582;0;32;0;0.0;2.0;5.0;1.0;B01
80289;201300052582;0;7;0;0.0;2.0;1.0;1.0;A01
80290;201300052583;1;7;0;0.0;1.0;1.0;1.0;Z01
80291;201300052584;0;10;0;0.0;2.0;0.0;15.0;A01
80292;201300052584;0;32;0;0.0;2.0;0.0;17.0;B01
80293;201300052585;0;7;0;0.0;2.0;1.0;1.0;C01
80294;201300052585;0;7;0;0.0;2.0;0.0;1.0;B01
80295;201300052585;0;7;0;0.0;2.0;0.0;23.0;A01
80296;201300052586;0;37;1;0.0;1.0;6.0;1.0;A01
80297;201300052587;0;7;0;0.0;2.0;6.0;1.0;B01
80298;201300052587;0;7;0;0.0;2.0;1.0;15.0;A01
80299;201300052588;0;7;0;14.0;0.0;1.0;14.0;A01
80300;201300052589;0;7;0;0.0;2.0;5.0;9.0;A01
80301;201300052589;0;33;0;0.0;2.0;1.0;1.0;B01
80302;201300052590;0;2;0;0.0;1.0;1.0;1.0;A01
80303;201300052591;0;32;0;0.0;2.0;5.0;1.0;B01
80304;201300052591;0;7;0;0.0;2.0;3.0;13.0;A01
80305;201300052593;0;33;0;0.0;2.0;0.0;1.0;A01
80306;201300052593;0;10;0;0.0;2.0;0.0;15.0;B01
80307;201300052594;0;32;0;0.0;2.0;1.0;1.0;B01
80308;201300052594;0;7;0;0.0;2.0;6.0;15.0;A01
80309;201300052595;0;33;0;0.0;1.0;1.0;1.0;A01
80310;201300052596;0;32;0;12.0;0.0;7.0;1.0;A01
80311;201300052597;0;1;0;0.0;2.0;8.0;1.0;A01
80312;201300052597;1;37;0;0.0;2.0;6.0;17.0;Z01
80313;201300052598;0;32;0;0.0;2.0;8.0;1.0;B01
80314;201300052598;0;7;0;0.0;2.0;0.0;1.0;A01
80315;201300052599;0;7;0;14.0;0.0;2.0;13.0;A01
80316;201300052600;0;7;0;0.0;2.0;3.0;11.0;A01
80317;201300052600;0;7;0;0.0;2.0;8.0;1.0;B01
80318;201300052601;0;7;0;0.0;1.0;2.0;1.0;A01
80319;201300052602;0;32;0;0.0;0.0;0.0;1.0;A01
80320;201300052603;0;10;0;0.0;2.0;6.0;2.0;B01
80321;201300052603;0;34;0;0.0;2.0;1.0;2.0;A01
80322;201300052604;0;34;0;14.0;0.0;1.0;18.0;A01
80323;201300052605;0;32;0;0.0;1.0;2.0;1.0;A01
80324;201300052606;1;2;0;0.0;1.0;0.0;16.0;Z01
80325;201300052607;0;7;0;0.0;2.0;3.0;10.0;A01
80326;201300052607;0;2;0;0.0;2.0;1.0;17.0;B01
80327;201300052608;0;2;0;0.0;2.0;1.0;17.0;B01
80328;201300052608;0;7;0;0.0;2.0;3.0;10.0;A01
80329;201300052609;0;7;0;0.0;2.0;1.0;2.0;A01
80330;201300052609;0;33;0;0.0;2.0;4.0;2.0;B01
80331;201300052610;0;33;0;0.0;2.0;0.0;2.0;B01
80332;201300052610;0;33;0;0.0;2.0;6.0;2.0;A01
80333;201300052611;0;7;0;0.0;2.0;1.0;2.0;A01
80334;201300052611;0;7;0;0.0;2.0;4.0;23.0;B01
80335;201300052612;0;30;0;12.0;0.0;1.0;13.0;A01
80336;201300052613;0;34;0;0.0;1.0;2.0;1.0;A01
80337;201300052614;0;34;0;0.0;2.0;3.0;1.0;A01
80338;201300052614;0;30;0;0.0;2.0;7.0;16.0;B01
80339;201300052615;0;7;0;0.0;2.0;1.0;2.0;A01
80340;201300052615;0;7;0;0.0;2.0;4.0;23.0;B01
80341;201300052616;0;32;0;0.0;0.0;0.0;1.0;A01
80342;201300052617;1;7;0;0.0;2.0;3.0;15.0;Z01
80343;201300052617;0;30;0;0.0;2.0;8.0;1.0;A01
80344;201300052618;0;7;0;0.0;2.0;4.0;23.0;B01
80345;201300052618;0;7;0;0.0;2.0;1.0;2.0;A01
80346;201300052619;0;13;0;0.0;1.0;8.0;15.0;A01
80347;201300052620;0;32;0;0.0;1.0;1.0;1.0;A01
80348;201300052621;0;33;0;1.0;2.0;1.0;17.0;A01
80349;201300052621;0;7;0;0.0;2.0;6.0;13.0;B01
80350;201300052622;0;30;0;0.0;1.0;0.0;1.0;A01
80351;201300052623;0;7;0;0.0;2.0;8.0;1.0;C01
80352;201300052623;0;34;0;0.0;2.0;1.0;1.0;A01
80353;201300052623;0;1;0;0.0;2.0;3.0;19.0;B01
80354;201300052624;0;34;0;0.0;0.0;7.0;21.0;A01
80355;201300052625;0;30;0;0.0;2.0;1.0;5.0;B01
80356;201300052625;0;7;0;0.0;2.0;3.0;10.0;A01
80357;201300052626;0;7;0;0.0;1.0;2.0;15.0;A01
80358;201300052628;0;32;0;0.0;2.0;2.0;1.0;A01
80359;201300052628;0;7;0;0.0;2.0;8.0;13.0;B01
80360;201300052629;0;34;0;0.0;0.0;0.0;21.0;A01
80361;201300052630;0;7;0;0.0;2.0;1.0;1.0;C01
80362;201300052630;0;7;0;0.0;2.0;1.0;1.0;B01
80363;201300052630;0;7;0;0.0;2.0;9.0;10.0;A01
80364;201300052631;0;2;0;0.0;0.0;0.0;21.0;A01
80365;201300052632;0;32;0;0.0;1.0;1.0;1.0;A01
80366;201300052633;0;31;0;0.0;2.0;1.0;2.0;A01
80367;201300052633;0;31;0;0.0;2.0;4.0;15.0;B01
80368;201300052634;0;1;0;0.0;2.0;6.0;1.0;A01
80369;201300052634;1;13;0;0.0;2.0;2.0;17.0;Z01
80370;201300052635;0;10;0;1.0;1.0;4.0;4.0;A01
80371;201300052636;0;32;0;0.0;1.0;1.0;17.0;A01
80372;201300052637;0;1;0;0.0;2.0;8.0;2.0;B01
80373;201300052637;0;33;0;0.0;2.0;8.0;2.0;A01
80374;201300052639;0;7;0;0.0;2.0;4.0;2.0;A01
80375;201300052639;2;10;0;0.0;2.0;2.0;2.0;Z01
80376;201300052640;0;7;0;8.0;0.0;1.0;21.0;A01
80377;201300052641;0;7;0;0.0;2.0;2.0;1.0;B01
80378;201300052641;0;1;0;0.0;2.0;8.0;15.0;A01
80379;201300052642;1;33;0;0.0;1.0;0.0;1.0;Z01
80380;201300052643;0;32;0;0.0;0.0;8.0;1.0;A01
80381;201300052644;0;33;0;0.0;0.0;7.0;16.0;A01
80382;201300052645;0;32;0;0.0;1.0;1.0;3.0;A01
80383;201300052646;0;32;0;4.0;0.0;1.0;1.0;A01
80384;201300052647;0;10;0;0.0;1.0;3.0;1.0;A01
80385;201300052648;0;32;0;0.0;2.0;1.0;1.0;A01
80386;201300052648;0;7;0;0.0;0.0;2.0;1.0;B01
80387;201300052649;0;7;0;0.0;2.0;3.0;7.0;A01
80388;201300052649;0;30;0;0.0;2.0;2.0;15.0;B01
80389;201300052650;0;7;0;0.0;2.0;4.0;23.0;B01
80390;201300052650;0;7;0;0.0;2.0;1.0;1.0;A01
80391;201300052650;0;7;0;0.0;0.0;4.0;23.0;C01
80392;201300052651;0;7;0;0.0;2.0;6.0;1.0;B01
80393;201300052651;0;7;0;9.0;2.0;2.0;1.0;A01
80394;201300052652;0;7;0;8.0;0.0;1.0;1.0;A01
80395;201300052653;0;7;0;0.0;0.0;2.0;1.0;A01
80396;201300052653;0;33;0;0.0;2.0;3.0;1.0;B01
80397;201300052654;0;7;0;0.0;2.0;3.0;1.0;B01
80398;201300052654;0;7;0;14.0;2.0;1.0;13.0;A01
80399;201300052656;0;7;0;0.0;1.0;0.0;15.0;A01
80400;201300052657;0;30;0;14.0;0.0;1.0;11.0;A01
80401;201300052658;0;30;0;2.0;0.0;1.0;0.0;A01
80402;201300052660;0;10;0;0.0;1.0;4.0;4.0;A01
80403;201300052661;0;7;0;1.0;0.0;2.0;14.0;A01
80404;201300052662;0;7;0;0.0;2.0;8.0;22.0;A01
80405;201300052662;0;1;0;0.0;2.0;1.0;1.0;B01
80406;201300052664;0;7;0;0.0;2.0;1.0;1.0;A01
80407;201300052664;0;7;0;0.0;2.0;1.0;1.0;B01
80408;201300052665;0;7;0;0.0;2.0;4.0;2.0;A01
80409;201300052665;0;7;0;14.0;2.0;1.0;2.0;B01
80410;201300052666;0;33;0;0.0;2.0;8.0;1.0;A01
80411;201300052668;0;7;0;1.0;0.0;2.0;1.0;A01
80412;201300052668;0;7;0;0.0;0.0;6.0;24.0;B01
80413;201300052669;0;7;0;11.0;0.0;3.0;13.0;A01
80414;201300052670;0;31;0;0.0;2.0;2.0;17.0;B01
80415;201300052670;0;7;0;0.0;2.0;3.0;15.0;A01
80416;201300052672;0;7;0;0.0;2.0;5.0;23.0;C01
80417;201300052672;0;7;0;0.0;2.0;3.0;22.0;A01
80418;201300052672;0;34;0;0.0;2.0;1.0;3.0;B01
80419;201300052673;0;7;0;0.0;1.0;3.0;1.0;A01
80420;201300052674;0;7;0;0.0;1.0;1.0;1.0;A01
80421;201300052675;0;7;0;0.0;0.0;4.0;1.0;B01
80422;201300052675;0;7;0;0.0;2.0;4.0;1.0;A01
80423;201300052677;0;7;0;0.0;1.0;7.0;1.0;A01
80424;201300052678;0;7;0;0.0;2.0;2.0;12.0;A01
80425;201300052678;1;7;0;0.0;2.0;0.0;11.0;Z01
80426;201300052679;0;7;0;0.0;2.0;1.0;1.0;A01
80427;201300052679;0;32;0;0.0;2.0;6.0;1.0;B01
80428;201300052680;0;33;0;0.0;2.0;1.0;17.0;A01
80429;201300052680;0;10;0;0.0;2.0;3.0;15.0;B01
80430;201300052681;0;30;0;0.0;2.0;1.0;2.0;A01
80431;201300052681;0;7;0;0.0;2.0;0.0;23.0;B01
80432;201300052682;0;34;0;0.0;0.0;7.0;1.0;A01
80433;201300052683;0;7;0;0.0;1.0;2.0;1.0;A01
80434;201300052684;0;7;0;0.0;2.0;5.0;23.0;B01
80435;201300052684;0;32;0;0.0;2.0;1.0;17.0;A01
80436;201300052685;0;1;0;0.0;2.0;0.0;1.0;B01
80437;201300052685;0;7;0;0.0;2.0;0.0;15.0;A01
80438;201300052686;0;7;0;0.0;2.0;1.0;1.0;A01
80439;201300052686;0;34;0;0.0;0.0;4.0;23.0;B01
80440;201300052687;0;7;0;0.0;2.0;8.0;13.0;B01
80441;201300052687;0;33;0;0.0;2.0;1.0;17.0;A01
80442;201300052688;0;7;0;1.0;0.0;3.0;16.0;A01
80443;201300052690;0;7;0;0.0;2.0;1.0;1.0;A01
80444;201300052690;0;7;0;8.0;2.0;5.0;1.0;B01
80445;201300052691;0;30;0;0.0;2.0;5.0;17.0;B01
80446;201300052691;1;7;0;0.0;2.0;0.0;13.0;A01
80447;201300052692;0;7;0;0.0;2.0;4.0;2.0;B01
80448;201300052692;0;7;0;0.0;2.0;1.0;2.0;A01
80449;201300052693;0;1;0;1.0;9.0;4.0;1.0;A01
80450;201300052693;0;1;0;0.0;2.0;1.0;1.0;B01
80451;201300052694;0;7;0;0.0;2.0;3.0;9.0;A01
80452;201300052694;0;33;0;0.0;2.0;2.0;1.0;B01
80453;201300052695;0;7;0;11.0;0.0;1.0;4.0;A01
80454;201300052695;0;7;0;0.0;0.0;6.0;23.0;B01
80455;201300052696;0;1;0;0.0;1.0;1.0;5.0;A01
80456;201300052697;0;7;0;0.0;0.0;6.0;1.0;B01
80457;201300052697;0;33;0;0.0;2.0;1.0;1.0;A01
80458;201300052698;0;1;0;0.0;2.0;1.0;1.0;B01
80459;201300052698;0;7;0;0.0;2.0;1.0;15.0;A01
80460;201300052699;0;7;0;0.0;2.0;5.0;16.0;B01
80461;201300052699;0;30;0;0.0;2.0;8.0;18.0;A01
80462;201300052700;0;10;0;0.0;1.0;4.0;4.0;A01
80463;201300052701;0;7;0;0.0;2.0;6.0;15.0;B01
80464;201300052701;0;30;0;0.0;2.0;2.0;17.0;A01
80465;201300052702;0;7;0;0.0;2.0;1.0;1.0;A01
80466;201300052702;0;1;0;0.0;2.0;7.0;15.0;B01
80467;201300052703;0;1;0;0.0;0.0;1.0;1.0;A01
80468;201300052704;0;10;0;0.0;2.0;8.0;22.0;A01
80469;201300052704;0;1;0;0.0;2.0;1.0;1.0;B01
80470;201300052705;0;31;0;4.0;0.0;1.0;13.0;A01
80471;201300052707;0;1;0;0.0;1.0;1.0;1.0;A01
80472;201300052708;0;7;0;0.0;2.0;4.0;2.0;B01
80473;201300052708;0;7;0;0.0;2.0;1.0;2.0;A01
80474;201300052709;0;31;0;0.0;2.0;5.0;17.0;B01
80475;201300052709;0;7;0;0.0;2.0;3.0;13.0;A01
80476;201300052710;0;10;0;0.0;2.0;2.0;2.0;A01
80477;201300052710;0;7;0;8.0;1.0;0.0;23.0;B01
80478;201300052711;0;7;0;0.0;2.0;2.0;15.0;A01
80479;201300052711;0;30;0;0.0;2.0;1.0;1.0;B01
80480;201300052712;0;32;0;0.0;0.0;7.0;1.0;A01
80481;201300052713;0;10;0;0.0;2.0;1.0;2.0;A01
80482;201300052713;0;7;0;0.0;2.0;4.0;23.0;B01
80483;201300052714;0;32;0;14.0;0.0;8.0;13.0;A01
80484;201300052715;0;31;0;0.0;0.0;0.0;1.0;A01
80485;201300052716;0;33;0;0.0;2.0;4.0;23.0;B01
80486;201300052716;0;31;0;0.0;2.0;1.0;2.0;A01
80487;201300052717;0;7;0;0.0;2.0;1.0;15.0;A01
80488;201300052717;0;32;0;0.0;2.0;1.0;1.0;B01
80489;201300052718;0;32;0;0.0;1.0;1.0;1.0;A01
80490;201300052719;0;30;0;0.0;2.0;7.0;1.0;A01
80491;201300052719;1;7;0;0.0;2.0;8.0;15.0;Z01
80492;201300052720;0;7;0;0.0;1.0;1.0;15.0;A01
80493;201300052721;0;10;0;8.0;1.0;1.0;13.0;A01
80494;201300052722;0;33;0;14.0;2.0;8.0;1.0;C01
80495;201300052722;0;34;0;0.0;2.0;1.0;1.0;A01
80496;201300052722;0;7;0;0.0;2.0;6.0;9.0;B01
80497;201300052723;0;1;0;0.0;2.0;0.0;2.0;A01
80498;201300052723;0;1;0;0.0;2.0;0.0;23.0;B01
80499;201300052724;1;1;0;0.0;1.0;1.0;1.0;Z01
80500;201300052725;0;7;0;0.0;2.0;2.0;15.0;A01
80501;201300052725;0;30;0;0.0;2.0;3.0;1.0;B01
80502;201300052726;0;10;0;0.0;2.0;1.0;2.0;A01
80503;201300052726;0;7;0;0.0;2.0;4.0;23.0;B01
80504;201300052727;1;10;0;0.0;2.0;7.0;1.0;Z01
80505;201300052727;0;31;0;0.0;2.0;8.0;1.0;A01
80506;201300052729;0;33;0;0.0;1.0;1.0;1.0;A01
80507;201300052730;0;7;0;4.0;0.0;2.0;1.0;A01
80508;201300052731;0;7;0;0.0;2.0;7.0;15.0;B01
80509;201300052731;0;7;0;0.0;2.0;1.0;1.0;A01
80510;201300052732;0;7;0;0.0;1.0;1.0;15.0;A01
80511;201300052733;0;31;0;14.0;0.0;7.0;14.0;A01
80512;201300052734;0;7;0;0.0;2.0;3.0;15.0;B01
80513;201300052734;0;30;0;0.0;2.0;7.0;17.0;A01
80514;201300052735;0;7;0;0.0;2.0;1.0;1.0;B01
80515;201300052735;0;10;0;0.0;2.0;2.0;1.0;A01
80516;201300052736;0;30;0;0.0;0.0;8.0;21.0;A01
80517;201300052737;0;32;0;0.0;2.0;1.0;1.0;B01
80518;201300052737;0;7;0;0.0;2.0;2.0;10.0;A01
80519;201300052739;0;7;0;1.0;0.0;2.0;1.0;A01
80520;201300052740;0;10;0;0.0;0.0;1.0;1.0;B01
80521;201300052740;0;33;0;0.0;0.0;7.0;1.0;A01
80522;201300052741;0;7;0;0.0;1.0;6.0;20.0;A01
80523;201300052742;0;30;0;7.0;0.0;1.0;13.0;A01
80524;201300052743;0;30;0;1.0;0.0;1.0;1.0;A01
80525;201300052744;0;7;0;0.0;2.0;2.0;14.0;A01
80526;201300052744;0;32;0;0.0;2.0;1.0;13.0;B01
80527;201300052746;0;1;0;0.0;2.0;1.0;1.0;B01
80528;201300052746;0;1;0;0.0;2.0;1.0;5.0;A01
80529;201300052747;1;7;0;0.0;1.0;3.0;1.0;Z01
80530;201300052748;0;15;0;0.0;2.0;2.0;16.0;A01
80531;201300052748;0;7;0;0.0;2.0;6.0;16.0;B01
80532;201300052749;0;7;0;0.0;2.0;2.0;1.0;B01
80533;201300052749;0;30;0;0.0;2.0;1.0;13.0;A01
80534;201300052750;0;10;0;0.0;1.0;1.0;15.0;A01
80535;201300052751;0;7;0;0.0;1.0;1.0;1.0;A01
80536;201300052752;0;33;0;0.0;2.0;1.0;1.0;B01
80537;201300052752;0;7;0;0.0;2.0;5.0;15.0;A01
80538;201300052753;1;7;0;0.0;2.0;1.0;9.0;Z01
80539;201300052753;0;2;0;0.0;2.0;1.0;1.0;A01
80540;201300052754;0;2;0;1.0;0.0;2.0;16.0;A01
80541;201300052756;0;7;0;0.0;2.0;8.0;16.0;A01
80542;201300052756;0;1;0;0.0;2.0;1.0;1.0;B01
80543;201300052757;0;31;0;0.0;2.0;7.0;1.0;B01
80544;201300052757;0;7;0;0.0;2.0;8.0;15.0;A01
80545;201300052758;0;7;0;0.0;2.0;8.0;11.0;A01
80546;201300052758;0;34;0;0.0;2.0;7.0;3.0;B01
80547;201300052759;0;7;0;0.0;2.0;1.0;9.0;A01
80548;201300052759;0;10;0;0.0;2.0;8.0;1.0;B01
80549;201300052760;0;31;0;0.0;2.0;1.0;1.0;B01
80550;201300052760;0;7;0;0.0;2.0;3.0;10.0;A01
80551;201300052762;0;1;0;0.0;0.0;0.0;1.0;A01
80552;201300052763;0;1;0;0.0;1.0;1.0;1.0;A01
80553;201300052764;0;33;0;0.0;1.0;1.0;1.0;A01
80554;201300052765;0;1;0;0.0;2.0;1.0;1.0;A01
80555;201300052765;0;1;0;0.0;2.0;1.0;1.0;B01
80556;201300052766;0;30;0;0.0;1.0;2.0;1.0;A01
80557;201300052767;0;10;0;0.0;2.0;1.0;15.0;A01
80558;201300052767;0;32;0;0.0;2.0;2.0;23.0;B01
80559;201300052768;0;7;0;0.0;2.0;6.0;23.0;B01
80560;201300052768;0;33;0;0.0;2.0;1.0;1.0;A01
80561;201300052769;0;30;0;0.0;2.0;0.0;16.0;A01
80562;201300052769;1;7;0;0.0;2.0;2.0;16.0;Z01
80563;201300052772;0;1;0;0.0;2.0;1.0;13.0;B01
80564;201300052772;0;10;0;0.0;0.0;0.0;24.0;A01
80565;201300052772;0;1;0;0.0;2.0;1.0;1.0;C01
80566;201300052773;1;30;0;0.0;1.0;1.0;1.0;Z01
80567;201300052774;0;1;0;0.0;2.0;1.0;1.0;A01
80568;201300052774;0;7;0;0.0;9.0;2.0;16.0;B01
80569;201300052775;0;32;0;0.0;1.0;1.0;17.0;A01
80570;201300052776;0;1;0;0.0;2.0;8.0;15.0;B01
80571;201300052776;0;32;0;0.0;2.0;1.0;17.0;A01
80572;201300052777;0;32;0;12.0;0.0;1.0;1.0;A01
80573;201300052778;0;7;0;0.0;2.0;3.0;15.0;B01
80574;201300052778;0;31;0;0.0;2.0;7.0;17.0;A01
80575;201300052779;0;10;0;6.0;0.0;1.0;1.0;A01
80576;201300052780;0;33;0;15.0;0.0;1.0;21.0;A01
80577;201300052783;0;32;0;0.0;2.0;7.0;14.0;A01
80578;201300052783;0;33;0;0.0;2.0;7.0;1.0;B01
80579;201300052784;0;33;0;0.0;0.0;1.0;1.0;A01
80580;201300052785;0;31;0;8.0;0.0;1.0;13.0;A01
80581;201300052786;0;33;0;0.0;2.0;0.0;2.0;B01
80582;201300052786;0;7;0;0.0;2.0;0.0;2.0;A01
80583;201300052786;0;7;0;0.0;2.0;0.0;2.0;C01
80584;201300052787;0;30;0;0.0;0.0;8.0;1.0;A01
80585;201300052788;0;7;0;0.0;2.0;3.0;15.0;A01
80586;201300052788;0;30;0;0.0;2.0;1.0;17.0;B01
80587;201300052791;0;31;0;0.0;2.0;8.0;17.0;B01
80588;201300052791;0;7;0;0.0;2.0;8.0;13.0;A01
80589;201300052792;0;1;0;0.0;2.0;1.0;17.0;A01
80590;201300052792;0;1;0;0.0;2.0;7.0;1.0;B01
80591;201300052793;0;2;0;11.0;0.0;1.0;16.0;A01
80592;201300052794;0;7;0;0.0;2.0;1.0;16.0;A01
80593;201300052794;0;1;0;0.0;2.0;1.0;19.0;B01
80594;201300052795;0;32;0;0.0;0.0;2.0;21.0;A01
80595;201300052796;0;34;0;0.0;2.0;7.0;1.0;A01
80596;201300052796;0;7;0;0.0;2.0;3.0;1.0;B01
80597;201300052797;0;1;0;0.0;2.0;0.0;21.0;A01
80598;201300052798;0;1;0;0.0;2.0;1.0;1.0;B01
80599;201300052798;0;7;0;0.0;9.0;3.0;1.0;A01
80600;201300052799;0;7;0;0.0;0.0;4.0;23.0;B01
80601;201300052799;0;37;6;14.0;0.0;1.0;1.0;A01
80602;201300052800;0;33;0;0.0;0.0;0.0;1.0;A01
80603;201300052801;0;1;0;0.0;0.0;8.0;21.0;A01
80604;201300052802;0;30;0;0.0;2.0;1.0;1.0;A01
80605;201300052802;0;7;0;0.0;0.0;6.0;1.0;B01
80606;201300052803;0;7;0;0.0;1.0;3.0;1.0;A01
80607;201300052804;0;33;0;1.0;2.0;2.0;1.0;A01
80608;201300052804;1;7;0;0.0;2.0;6.0;9.0;Z01
80609;201300052805;0;7;0;0.0;1.0;1.0;1.0;A01
80610;201300052806;0;7;0;0.0;2.0;8.0;10.0;B01
80611;201300052806;0;32;0;1.0;2.0;2.0;17.0;A01
80612;201300052807;0;30;0;0.0;2.0;4.0;12.0;A01
80613;201300052807;0;7;0;0.0;2.0;0.0;23.0;B01
80614;201300052808;0;7;0;0.0;2.0;5.0;2.0;B01
80615;201300052808;0;31;0;0.0;2.0;3.0;2.0;A01
80616;201300052809;0;7;0;0.0;2.0;8.0;1.0;B01
80617;201300052809;0;7;0;0.0;2.0;3.0;15.0;A01
80618;201300052811;0;33;0;0.0;1.0;8.0;1.0;A01
80619;201300052812;0;30;0;0.0;2.0;1.0;1.0;A01
80620;201300052812;0;7;0;0.0;2.0;3.0;1.0;B01
80621;201300052813;0;1;0;0.0;2.0;1.0;1.0;A01
80622;201300052813;0;7;0;0.0;2.0;1.0;15.0;B01
80623;201300052814;0;1;0;0.0;0.0;0.0;1.0;A01
80624;201300052815;0;32;0;0.0;2.0;4.0;23.0;A01
80625;201300052815;1;7;0;0.0;2.0;1.0;2.0;Z01
80626;201300052816;0;7;0;0.0;2.0;2.0;15.0;A01
80627;201300052816;0;33;0;0.0;2.0;8.0;1.0;B01
80628;201300052817;0;7;0;0.0;2.0;5.0;16.0;A01
80629;201300052817;0;1;0;0.0;2.0;1.0;1.0;B01
80630;201300052818;0;7;0;0.0;2.0;1.0;1.0;A01
80631;201300052818;0;37;1;0.0;2.0;3.0;1.0;B01
80632;201300052819;0;7;0;15.0;1.0;1.0;16.0;A01
80633;201300052820;0;33;0;0.0;2.0;5.0;1.0;A01
80634;201300052820;0;7;0;0.0;2.0;5.0;23.0;B01
80635;201300052821;0;2;0;0.0;1.0;1.0;1.0;A01
80636;201300052822;0;33;0;0.0;2.0;1.0;17.0;A01
80637;201300052822;0;7;0;0.0;0.0;3.0;15.0;B01
80638;201300052823;0;1;0;0.0;0.0;5.0;1.0;A01
80639;201300052823;0;7;0;0.0;9.0;2.0;16.0;B01
80640;201300052824;0;1;0;0.0;2.0;8.0;1.0;A01
80641;201300052824;0;38;1;0.0;2.0;2.0;16.0;B01
80642;201300052825;0;7;0;0.0;1.0;1.0;15.0;A01
80643;201300052826;0;32;0;0.0;0.0;7.0;1.0;A01
80644;201300052827;1;7;0;0.0;1.0;0.0;15.0;Z01
80645;201300052828;0;32;0;0.0;2.0;2.0;2.0;A01
80646;201300052828;0;7;0;0.0;2.0;8.0;23.0;B01
80647;201300052829;0;7;0;0.0;2.0;3.0;15.0;A01
80648;201300052829;0;30;0;0.0;2.0;7.0;17.0;B01