;Num_Acc;senc;catv;occutc;obs;obsm;choc;manv;num_veh
80649;201300052830;0;10;0;0.0;2.0;2.0;10.0;A01
80650;201300052830;0;30;0;1.0;2.0;9.0;2.0;B01
80651;201300052831;1;7;0;0.0;1.0;0.0;1.0;Z01
80652;201300052832;0;10;0;0.0;2.0;1.0;1.0;A01
80653;201300052832;0;7;0;0.0;0.0;4.0;23.0;B01
80654;201300052833;0;10;0;0.0;1.0;1.0;16.0;A01
80655;201300052835;0;32;0;1.0;2.0;2.0;17.0;A01
80656;201300052835;0;7;0;1.0;2.0;6.0;20.0;B01
80657;201300052837;0;10;0;0.0;2.0;3.0;1.0;A01
80658;201300052837;0;7;0;0.0;0.0;4.0;23.0;B01
80659;201300052838;0;33;0;1.0;2.0;1.0;1.0;B01
80660;201300052838;0;7;0;0.0;2.0;2.0;15.0;A01
80661;201300052839;0;7;0;12.0;0.0;1.0;15.0;A01
80662;201300052840;0;7;0;0.0;2.0;2.0;15.0;A01
80663;201300052840;0;34;0;0.0;2.0;1.0;1.0;B01
80664;201300052841;0;30;0;0.0;2.0;8.0;1.0;A01
80665;201300052841;0;7;0;0.0;2.0;2.0;16.0;B01
80666;201300052842;0;1;0;0.0;2.0;7.0;1.0;B01
80667;201300052842;0;7;0;0.0;2.0;3.0;22.0;A01
80668;201300052844;0;10;0;0.0;2.0;3.0;2.0;A01
80669;201300052844;0;7;0;0.0;2.0;5.0;2.0;B01
80670;201300052845;0;7;0;0.0;0.0;5.0;23.0;B01
80671;201300052845;0;1;0;0.0;2.0;1.0;1.0;A01
80672;201300052846;0;31;0;0.0;1.0;1.0;1.0;A01
80673;201300052847;0;7;0;0.0;2.0;3.0;1.0;A01
80674;201300052847;0;7;0;0.0;2.0;1.0;1.0;B01
80675;201300052848;1;10;0;0.0;1.0;5.0;10.0;Z01
80676;201300052849;0;7;0;0.0;2.0;1.0;15.0;A01
80677;201300052849;0;33;0;0.0;2.0;7.0;1.0;B01
80678;201300052851;0;7;0;7.0;0.0;3.0;1.0;A01
80679;201300052852;0;7;0;0.0;2.0;8.0;1.0;C01
80680;201300052852;0;7;0;0.0;2.0;7.0;1.0;B01
80681;201300052852;0;7;0;4.0;2.0;3.0;1.0;A01
80682;201300052853;0;33;0;0.0;2.0;7.0;17.0;A01
80683;201300052853;0;1;0;0.0;2.0;6.0;15.0;B01
80684;201300052855;0;3;0;0.0;2.0;4.0;2.0;B01
80685;201300052855;0;7;0;0.0;2.0;1.0;2.0;A01
80686;201300052857;0;7;0;0.0;2.0;2.0;16.0;A01
80687;201300052857;0;1;0;0.0;2.0;1.0;1.0;B01
80688;201300052858;0;30;0;0.0;2.0;1.0;2.0;A01
80689;201300052858;0;10;0;0.0;2.0;4.0;23.0;B01
80690;201300052860;0;2;0;12.0;0.0;1.0;18.0;A01
80691;201300052861;0;7;0;0.0;2.0;4.0;13.0;B01
80692;201300052861;0;33;0;0.0;2.0;1.0;1.0;A01
80693;201300052862;1;7;0;0.0;2.0;2.0;16.0;Z01
80694;201300052862;0;30;0;0.0;2.0;1.0;1.0;A01
80695;201300052863;0;1;0;0.0;2.0;4.0;15.0;B01
80696;201300052863;0;30;0;0.0;2.0;1.0;1.0;A01
80697;201300052864;0;30;0;0.0;2.0;1.0;17.0;A01
80698;201300052864;0;10;0;0.0;2.0;6.0;15.0;B01
80699;201300052865;0;1;0;0.0;2.0;3.0;1.0;B01
80700;201300052865;0;7;0;0.0;2.0;1.0;15.0;A01
80701;201300052867;0;30;0;0.0;1.0;1.0;1.0;A01
80702;201300052868;0;32;0;0.0;2.0;1.0;18.0;A01
80703;201300052868;0;7;0;0.0;2.0;7.0;16.0;B01
80704;201300052869;0;1;0;0.0;2.0;0.0;1.0;B01
80705;201300052869;0;7;0;0.0;9.0;3.0;15.0;A01
80706;201300052870;0;7;0;0.0;2.0;3.0;1.0;B01
80707;201300052870;0;7;0;0.0;2.0;7.0;15.0;A01
80708;201300052871;0;7;0;14.0;2.0;6.0;7.0;B01
80709;201300052871;1;7;0;0.0;2.0;2.0;16.0;Z01
80710;201300052872;0;7;0;11.0;0.0;2.0;15.0;A01
80711;201300052873;0;7;0;0.0;0.0;3.0;10.0;B01
80712;201300052873;0;34;0;0.0;2.0;7.0;17.0;A01
80713;201300052874;0;32;0;0.0;1.0;7.0;1.0;A01
80714;201300052876;0;1;0;0.0;2.0;1.0;18.0;A01
80715;201300052876;0;7;0;0.0;2.0;7.0;22.0;B01
80716;201300052878;0;10;0;0.0;9.0;2.0;16.0;A01
80717;201300052878;0;1;0;0.0;2.0;0.0;16.0;B01
80718;201300052879;0;7;0;0.0;2.0;2.0;16.0;A01
80719;201300052879;0;1;0;0.0;2.0;1.0;16.0;B01
80720;201300052880;0;30;0;0.0;2.0;1.0;1.0;B01
80721;201300052880;0;7;0;0.0;2.0;3.0;10.0;A01
80722;201300052881;0;32;0;0.0;0.0;8.0;15.0;A01
80723;201300052882;0;32;0;0.0;2.0;1.0;1.0;A01
80724;201300052882;1;7;0;0.0;2.0;6.0;15.0;Z01
80725;201300052883;1;7;0;0.0;2.0;7.0;15.0;Z01
80726;201300052883;0;30;0;0.0;2.0;1.0;1.0;A01
80727;201300052884;0;30;0;0.0;0.0;0.0;1.0;A01
80728;201300052885;0;33;0;0.0;2.0;2.0;3.0;A01
80729;201300052885;0;7;0;0.0;2.0;5.0;1.0;C01
80730;201300052885;0;33;0;0.0;2.0;6.0;3.0;B01
80731;201300052886;0;32;0;0.0;1.0;0.0;1.0;A01
80732;201300052887;0;31;0;0.0;2.0;7.0;1.0;A01
80733;201300052887;0;7;0;0.0;2.0;3.0;11.0;B01
80734;201300052888;0;37;0;0.0;2.0;3.0;23.0;B01
80735;201300052888;0;7;0;0.0;2.0;5.0;14.0;A01
80736;201300052889;0;7;0;6.0;0.0;2.0;1.0;A01
80737;201300052889;1;7;0;0.0;0.0;0.0;12.0;Z01
80738;201300052891;0;1;0;8.0;0.0;1.0;1.0;A01
80739;201300052892;0;7;0;0.0;2.0;1.0;1.0;B01
80740;201300052892;0;33;0;0.0;1.0;7.0;17.0;A01
80741;201300052893;0;32;0;0.0;2.0;1.0;1.0;A01
80742;201300052893;0;34;0;0.0;2.0;4.0;1.0;B01
80743;201300052894;1;7;0;0.0;2.0;0.0;13.0;Z01
80744;201300052894;0;33;0;0.0;2.0;0.0;1.0;A01
80745;201300052895;0;31;0;0.0;2.0;7.0;3.0;A01
80746;201300052895;0;7;0;0.0;2.0;8.0;1.0;B01
80747;201300052896;0;7;0;0.0;2.0;4.0;23.0;C01
80748;201300052896;0;7;0;0.0;2.0;1.0;2.0;A01
80749;201300052896;0;7;0;0.0;2.0;4.0;23.0;B01
80750;201300052897;0;10;0;0.0;1.0;1.0;1.0;A01
80751;201300052898;0;1;0;0.0;2.0;8.0;1.0;B01
80752;201300052898;0;7;0;0.0;2.0;2.0;16.0;A01
80753;201300052900;0;7;0;0.0;1.0;1.0;1.0;A01
80754;201300052901;0;7;0;0.0;1.0;1.0;1.0;A01
80755;201300052902;0;10;0;0.0;2.0;3.0;22.0;A01
80756;201300052902;0;1;0;0.0;2.0;1.0;1.0;B01
80757;201300052903;0;30;0;0.0;0.0;7.0;1.0;A01
80758;201300052904;0;32;0;0.0;0.0;0.0;21.0;A01
80759;201300052906;0;10;0;0.0;9.0;3.0;22.0;A01
80760;201300052906;0;1;0;1.0;0.0;1.0;1.0;B01
80761;201300052908;0;32;0;0.0;2.0;0.0;21.0;B01
80762;201300052908;0;33;0;0.0;2.0;0.0;21.0;A01
80763;201300052909;0;7;0;0.0;2.0;4.0;1.0;B01
80764;201300052909;0;34;0;0.0;2.0;2.0;1.0;A01
80765;201300052911;0;7;0;0.0;2.0;3.0;9.0;A01
80766;201300052911;0;32;0;0.0;2.0;1.0;1.0;B01
80767;201300052913;0;2;0;0.0;2.0;3.0;1.0;B01
80768;201300052913;0;7;0;0.0;2.0;2.0;16.0;A01
80769;201300052914;0;7;0;0.0;1.0;1.0;16.0;A01
80770;201300052916;0;30;0;14.0;0.0;1.0;1.0;A01
80771;201300052917;0;7;0;0.0;2.0;2.0;15.0;A01
80772;201300052917;0;1;0;0.0;2.0;1.0;1.0;B01
80773;201300052918;0;7;0;0.0;1.0;3.0;1.0;A01
80774;201300052919;0;7;0;0.0;2.0;1.0;15.0;A01
80775;201300052919;0;1;0;0.0;2.0;8.0;1.0;B01
80776;201300052920;0;32;0;7.0;0.0;1.0;13.0;A01
80777;201300052921;0;7;0;0.0;2.0;2.0;1.0;B01
80778;201300052921;0;2;0;0.0;2.0;7.0;10.0;A01
80779;201300052923;0;7;0;0.0;1.0;2.0;15.0;A01
80780;201300052924;0;31;0;0.0;0.0;8.0;1.0;A01
80781;201300052926;0;33;0;0.0;2.0;2.0;17.0;A01
80782;201300052926;0;7;0;0.0;2.0;3.0;10.0;B01
80783;201300052927;0;7;0;0.0;2.0;6.0;15.0;B01
80784;201300052927;0;33;0;0.0;2.0;7.0;1.0;A01
80785;201300052928;0;7;0;8.0;2.0;4.0;23.0;B01
80786;201300052928;0;7;0;0.0;2.0;2.0;2.0;A01
80787;201300052929;0;2;0;0.0;0.0;7.0;1.0;A01
80788;201300052930;0;2;0;0.0;0.0;8.0;1.0;A01
80789;201300052931;0;32;0;0.0;0.0;0.0;15.0;A01
80790;201300052932;0;32;0;0.0;2.0;7.0;17.0;A01
80791;201300052932;0;7;0;0.0;2.0;6.0;15.0;B01
80792;201300052933;0;1;0;1.0;0.0;1.0;21.0;A01
80793;201300052934;1;7;0;0.0;1.0;0.0;16.0;Z01
80794;201300052935;0;7;0;0.0;0.0;8.0;10.0;B01
80795;201300052935;0;33;0;0.0;2.0;1.0;17.0;A01
80796;201300052936;0;10;0;6.0;2.0;3.0;15.0;B01
80797;201300052936;0;33;0;0.0;2.0;2.0;17.0;A01
80798;201300052937;0;37;0;0.0;0.0;1.0;21.0;A01
80799;201300052938;0;1;0;0.0;2.0;8.0;17.0;B01
80800;201300052938;0;7;0;0.0;2.0;8.0;22.0;A01
80801;201300052939;0;7;0;0.0;2.0;6.0;24.0;B01
80802;201300052939;0;7;0;1.0;1.0;1.0;1.0;A01
80803;201300052940;0;7;0;0.0;2.0;1.0;13.0;A01
80804;201300052940;0;32;0;0.0;2.0;4.0;23.0;B01
80805;201300052941;0;7;0;0.0;2.0;8.0;9.0;A01
80806;201300052941;0;34;0;0.0;2.0;1.0;1.0;B01
80807;201300052942;0;34;0;0.0;1.0;3.0;3.0;A01
80808;201300052942;0;7;0;0.0;1.0;5.0;23.0;B01
80809;201300052943;0;7;0;0.0;1.0;1.0;1.0;A01
80810;201300052944;1;31;0;0.0;2.0;7.0;1.0;A01
80811;201300052944;2;7;0;0.0;2.0;3.0;13.0;Z01
80812;201300052945;0;7;0;0.0;1.0;3.0;15.0;A01
80813;201300052946;0;7;0;0.0;2.0;0.0;1.0;A01
80814;201300052946;0;32;0;0.0;2.0;1.0;1.0;B01
80815;201300052947;0;7;0;0.0;2.0;2.0;15.0;A01
80816;201300052947;0;32;0;0.0;2.0;1.0;1.0;B01
80817;201300052950;0;32;0;0.0;0.0;2.0;17.0;B01
80818;201300052950;0;7;0;0.0;0.0;3.0;10.0;A01
80819;201300052951;0;10;0;0.0;2.0;2.0;1.0;A01
80820;201300052951;0;1;0;0.0;2.0;3.0;19.0;B01
80821;201300052952;0;7;0;0.0;9.0;2.0;15.0;A01
80822;201300052952;0;1;0;0.0;2.0;1.0;5.0;B01
80823;201300052953;0;10;0;0.0;2.0;3.0;9.0;A01
80824;201300052953;0;34;0;0.0;2.0;1.0;1.0;B01
80825;201300052954;0;33;0;0.0;1.0;8.0;1.0;A01
80826;201300052955;0;7;0;1.0;0.0;1.0;16.0;A01
80827;201300052956;0;7;0;0.0;0.0;5.0;22.0;A01
80828;201300052956;0;32;0;1.0;0.0;7.0;18.0;B01
80829;201300052957;0;7;0;0.0;2.0;1.0;9.0;A01
80830;201300052957;0;7;0;1.0;0.0;6.0;24.0;D01
80831;201300052957;0;7;0;0.0;2.0;3.0;1.0;B01
80832;201300052957;0;7;0;1.0;0.0;1.0;24.0;C01
80833;201300052958;0;7;0;0.0;2.0;6.0;23.0;C01
80834;201300052958;0;32;0;0.0;2.0;3.0;3.0;A01
80835;201300052958;0;7;0;0.0;2.0;7.0;1.0;B01
80836;201300052959;0;7;0;0.0;2.0;7.0;15.0;A01
80837;201300052959;0;7;0;0.0;2.0;1.0;1.0;B01
80838;201300052960;0;7;0;15.0;0.0;1.0;1.0;A01
80839;201300052961;0;32;0;1.0;0.0;1.0;12.0;A01
80840;201300052961;0;7;0;0.0;2.0;4.0;23.0;B01
80841;201300052962;0;7;0;14.0;0.0;3.0;15.0;A01
80842;201300052963;1;7;0;0.0;1.0;1.0;1.0;Z01
80843;201300052964;0;7;0;0.0;1.0;2.0;16.0;A01
80844;201300052965;0;34;0;0.0;1.0;0.0;16.0;A01
80845;201300052966;0;7;0;0.0;1.0;2.0;1.0;A01
80846;201300052967;0;32;0;0.0;2.0;3.0;1.0;B01
80847;201300052967;0;7;0;0.0;2.0;1.0;1.0;A01
80848;201300052968;0;2;0;0.0;2.0;0.0;1.0;A01
80849;201300052968;1;7;0;0.0;0.0;0.0;1.0;Z01
80850;201300052970;0;33;0;0.0;2.0;7.0;16.0;A01
80851;201300052970;0;7;0;0.0;2.0;3.0;1.0;B01
80852;201300052971;0;10;0;0.0;2.0;8.0;15.0;B01
80853;201300052971;0;30;0;0.0;2.0;1.0;17.0;A01
80854;201300052972;0;2;0;0.0;2.0;8.0;15.0;A01
80855;201300052972;0;32;0;0.0;2.0;0.0;17.0;B01
80856;201300052973;0;7;0;0.0;2.0;2.0;15.0;A01
80857;201300052973;0;7;0;0.0;2.0;3.0;1.0;B01
80858;201300052974;0;14;0;0.0;2.0;3.0;22.0;A01
80859;201300052974;0;10;0;0.0;2.0;7.0;1.0;B01
80860;201300052975;0;30;0;0.0;2.0;1.0;2.0;A01
80861;201300052975;0;7;0;0.0;2.0;2.0;16.0;B01
80862;201300052978;0;1;0;0.0;0.0;8.0;1.0;B01
80863;201300052978;0;7;0;0.0;0.0;8.0;22.0;A01
80864;201300052979;0;7;0;0.0;1.0;2.0;1.0;A01
80865;201300052980;0;7;0;0.0;1.0;4.0;4.0;A01
80866;201300052981;0;33;0;0.0;2.0;6.0;15.0;B01
80867;201300052981;0;31;0;0.0;2.0;1.0;1.0;A01
80868;201300052982;0;31;0;0.0;2.0;7.0;1.0;B01
80869;201300052982;0;7;0;0.0;2.0;1.0;9.0;A01
80870;201300052984;0;30;0;12.0;0.0;1.0;13.0;A01
80871;201300052985;0;7;0;0.0;2.0;3.0;10.0;A01
80872;201300052985;0;34;0;0.0;2.0;1.0;1.0;B01
80873;201300052986;1;1;0;0.0;1.0;1.0;1.0;Z01
80874;201300052987;0;34;0;14.0;0.0;8.0;1.0;A01
80875;201300052988;0;33;0;0.0;0.0;0.0;21.0;A01
80876;201300052989;0;7;0;0.0;2.0;7.0;1.0;A01
80877;201300052989;0;7;0;0.0;2.0;8.0;1.0;B01
80878;201300052990;0;7;0;7.0;0.0;2.0;14.0;A01
80879;201300052991;0;30;0;0.0;2.0;1.0;1.0;B01
80880;201300052991;0;7;0;0.0;2.0;2.0;15.0;A01
80881;201300052992;0;33;0;0.0;2.0;4.0;23.0;B01
80882;201300052992;0;7;0;0.0;2.0;1.0;2.0;A01
80883;201300052993;0;7;0;0.0;2.0;7.0;1.0;A01
80884;201300052993;0;7;0;0.0;2.0;1.0;1.0;B01
80885;201300052994;0;33;0;8.0;0.0;8.0;21.0;A01
80886;201300052996;0;7;0;0.0;1.0;1.0;1.0;A01
80887;201300052997;0;30;0;0.0;0.0;8.0;21.0;A01
80888;201300052998;0;7;0;0.0;1.0;1.0;16.0;A01
80889;201300052999;0;3;0;14.0;0.0;9.0;14.0;A01
80890;201300053001;0;30;0;0.0;2.0;1.0;2.0;B01
80891;201300053001;0;7;0;0.0;2.0;4.0;2.0;A01
80892;201300053002;0;7;0;0.0;2.0;6.0;13.0;A01
80893;201300053002;0;30;0;0.0;2.0;4.0;17.0;B01
80894;201300053003;0;1;0;0.0;1.0;8.0;1.0;A01
80895;201300053004;0;34;0;0.0;1.0;7.0;1.0;A01
80896;201300053005;0;10;0;0.0;2.0;8.0;15.0;A01
80897;201300053005;0;33;0;0.0;2.0;1.0;17.0;B01
80898;201300053006;0;30;0;0.0;2.0;1.0;2.0;A01
80899;201300053006;1;7;0;0.0;2.0;4.0;4.0;Z01
80900;201300053007;0;7;0;0.0;1.0;2.0;16.0;A01
80901;201300053008;0;37;1;1.0;1.0;1.0;1.0;A01
80902;201300053009;0;7;0;0.0;2.0;2.0;15.0;A01
80903;201300053009;0;1;0;0.0;2.0;1.0;1.0;B01
80904;201300053010;0;7;0;0.0;1.0;1.0;1.0;A01
80905;201300053011;0;37;1;0.0;2.0;4.0;23.0;B01
80906;201300053011;0;37;1;0.0;2.0;1.0;2.0;A01
80907;201300053012;1;2;0;0.0;1.0;1.0;1.0;Z01
80908;201300053013;0;7;0;0.0;2.0;8.0;22.0;A01
80909;201300053013;0;1;0;0.0;2.0;2.0;1.0;B01
80910;201300053015;0;7;0;0.0;2.0;8.0;1.0;C01
80911;201300053015;0;32;0;0.0;2.0;1.0;17.0;B01
80912;201300053015;0;7;0;0.0;2.0;8.0;10.0;A01
80913;201300053016;0;7;0;0.0;2.0;1.0;2.0;A01
80914;201300053016;0;30;0;0.0;2.0;1.0;23.0;B01
80915;201300053017;0;7;0;0.0;1.0;1.0;1.0;A01
80916;201300053018;1;10;0;0.0;1.0;0.0;15.0;Z01
80917;201300053019;0;1;0;0.0;0.0;0.0;21.0;A01
80918;201300053020;0;7;0;1.0;2.0;2.0;1.0;B01
80919;201300053020;0;7;0;0.0;2.0;3.0;9.0;A01
80920;201300053021;0;37;0;0.0;1.0;7.0;1.0;A01
80921;201300053022;0;7;0;0.0;1.0;7.0;16.0;A01
80922;201300053023;0;7;0;0.0;2.0;3.0;10.0;A01
80923;201300053023;0;33;0;0.0;2.0;2.0;17.0;B01
80924;201300053024;0;32;0;0.0;1.0;2.0;1.0;A01
80925;201300053026;0;10;0;0.0;2.0;3.0;18.0;A01
80926;201300053026;0;7;0;0.0;2.0;7.0;16.0;B01
80927;201300053027;0;7;0;0.0;1.0;3.0;16.0;A01
80928;201300053028;0;7;0;0.0;1.0;1.0;7.0;A01
80929;201300053029;0;7;0;0.0;1.0;5.0;1.0;A01
80930;201300053031;0;1;0;0.0;1.0;1.0;17.0;A01
80931;201300053032;0;30;0;12.0;0.0;2.0;1.0;A01
80932;201300053033;0;2;0;0.0;0.0;3.0;9.0;A01
80933;201300053034;0;7;0;0.0;1.0;2.0;1.0;A01
80934;201300053035;0;7;0;0.0;1.0;3.0;9.0;A01
80935;201300053037;0;7;0;0.0;2.0;4.0;23.0;A01
80936;201300053037;0;30;0;0.0;2.0;1.0;2.0;B01
80937;201300053038;0;7;0;0.0;2.0;3.0;10.0;A01
80938;201300053038;0;32;0;0.0;2.0;2.0;1.0;B01
80939;201300053039;0;1;0;0.0;2.0;1.0;8.0;B01
80940;201300053039;0;37;2;0.0;2.0;2.0;8.0;C01
80941;201300053039;0;30;0;0.0;2.0;1.0;7.0;A01
80942;201300053040;0;7;0;14.0;0.0;2.0;1.0;A01
80943;201300053041;0;7;0;0.0;1.0;1.0;1.0;A01
80944;201300053043;0;1;0;1.0;0.0;1.0;1.0;B01
80945;201300053043;0;10;0;0.0;0.0;8.0;22.0;A01
80946;201300053044;0;7;0;0.0;0.0;6.0;15.0;B01
80947;201300053044;0;33;0;0.0;2.0;1.0;11.0;A01
80948;201300053045;0;33;0;0.0;2.0;1.0;13.0;A01
80949;201300053045;0;37;1;0.0;0.0;6.0;7.0;B01
80950;201300053046;0;2;0;0.0;0.0;2.0;1.0;A01
80951;201300053047;0;30;0;0.0;2.0;1.0;1.0;B01
80952;201300053047;0;7;0;0.0;2.0;2.0;15.0;A01
80953;201300053048;0;7;0;0.0;2.0;4.0;23.0;B01
80954;201300053048;0;32;0;0.0;2.0;1.0;1.0;A01
80955;201300053049;0;7;0;0.0;2.0;3.0;13.0;A01
80956;201300053049;0;33;0;0.0;0.0;7.0;17.0;B01
80957;201300053050;0;7;0;0.0;1.0;1.0;1.0;A01
80958;201300053051;0;7;0;0.0;0.0;8.0;1.0;B01
80959;201300053051;0;15;0;0.0;0.0;1.0;12.0;A01
80960;201300053052;0;33;0;0.0;2.0;0.0;1.0;A01
80961;201300053052;0;7;0;0.0;2.0;0.0;16.0;B01
80962;201300053053;0;33;0;0.0;1.0;1.0;1.0;A01
80963;201300053054;0;7;0;0.0;1.0;2.0;16.0;A01
80964;201300053055;1;1;0;0.0;1.0;1.0;1.0;Z01
80965;201300053056;0;34;0;0.0;0.0;0.0;21.0;A01
80966;201300053058;0;7;0;0.0;2.0;3.0;22.0;A01
80967;201300053058;0;1;0;1.0;0.0;1.0;1.0;B01
80968;201300053059;0;7;0;0.0;2.0;1.0;2.0;A01
80969;201300053059;0;7;0;0.0;2.0;4.0;2.0;B01
80970;201300053060;0;37;0;0.0;1.0;7.0;7.0;A01
80971;201300053061;0;7;0;0.0;1.0;3.0;1.0;A01
80972;201300053062;0;7;0;0.0;1.0;3.0;1.0;A01
80973;201300053063;0;37;62;0.0;0.0;3.0;7.0;A01
80974;201300053063;0;1;0;0.0;0.0;7.0;7.0;B01
80975;201300053064;0;7;0;4.0;0.0;1.0;14.0;A01
80976;201300053065;0;31;0;5.0;0.0;1.0;13.0;A01
80977;201300053066;0;10;0;0.0;1.0;1.0;16.0;A01
80978;201300053067;0;7;0;0.0;2.0;5.0;23.0;B01
80979;201300053067;0;33;0;0.0;2.0;1.0;2.0;A01
80980;201300053068;0;7;0;0.0;1.0;3.0;1.0;A01
80981;201300053069;1;2;0;0.0;1.0;1.0;17.0;Z01
80982;201300053070;0;7;0;0.0;1.0;2.0;1.0;A01
80983;201300053071;0;7;0;0.0;1.0;8.0;1.0;A01
80984;201300053072;0;33;0;0.0;2.0;7.0;1.0;B01
80985;201300053072;0;7;0;0.0;2.0;3.0;15.0;A01
80986;201300053073;0;15;0;0.0;2.0;6.0;15.0;B01
80987;201300053073;0;7;0;0.0;2.0;2.0;15.0;A01
80988;201300053074;0;7;0;0.0;1.0;3.0;1.0;A01
80989;201300053075;1;7;0;0.0;0.0;0.0;1.0;Z01
80990;201300053075;0;34;0;0.0;2.0;3.0;1.0;A01
80991;201300053077;0;7;0;0.0;2.0;8.0;11.0;A01
80992;201300053077;0;33;0;0.0;2.0;7.0;3.0;B01
80993;201300053078;0;7;0;0.0;2.0;5.0;16.0;A01
80994;201300053078;0;33;0;0.0;2.0;1.0;1.0;B01
80995;201300053079;0;7;0;0.0;2.0;7.0;15.0;A01
80996;201300053079;0;7;0;0.0;2.0;1.0;1.0;B01
80997;201300053080;0;7;0;11.0;0.0;2.0;14.0;A01
80998;201300053081;0;7;0;0.0;1.0;2.0;15.0;A01
80999;201300053082;0;32;0;0.0;2.0;1.0;1.0;B01
81000;201300053082;0;7;0;0.0;2.0;7.0;15.0;A01
81001;201300053085;0;7;0;1.0;0.0;1.0;14.0;A01
81002;201300053086;0;10;0;0.0;2.0;0.0;15.0;A01
81003;201300053086;0;30;0;0.0;2.0;1.0;1.0;B01
81004;201300053087;1;7;0;0.0;2.0;5.0;15.0;Z01
81005;201300053087;0;33;0;1.0;2.0;3.0;1.0;A01
81006;201300053088;0;34;0;0.0;1.0;3.0;16.0;A01
81007;201300053089;0;7;0;0.0;1.0;1.0;17.0;A01
81008;201300053091;0;13;0;8.0;0.0;2.0;14.0;A01
81009;201300053092;1;7;0;0.0;2.0;3.0;15.0;Z01
81010;201300053092;0;30;0;0.0;2.0;4.0;1.0;A01
81011;201300053093;1;7;0;0.0;2.0;0.0;16.0;Z01
81012;201300053093;0;7;0;6.0;2.0;1.0;1.0;A01
81013;201300053094;0;1;0;6.0;2.0;1.0;1.0;A01
81014;201300053094;0;7;0;0.0;2.0;3.0;1.0;B01
81015;201300053095;0;32;0;0.0;2.0;1.0;1.0;A01
81016;201300053095;0;10;0;0.0;2.0;1.0;15.0;B01
81017;201300053096;0;31;0;0.0;2.0;1.0;1.0;A01
81018;201300053096;0;10;0;0.0;2.0;8.0;9.0;B01
81019;201300053097;0;10;0;0.0;2.0;8.0;1.0;B01
81020;201300053097;0;32;0;0.0;2.0;1.0;1.0;A01
81021;201300053098;0;37;10;0.0;2.0;1.0;15.0;B01
81022;201300053098;0;1;0;0.0;2.0;1.0;7.0;A01
81023;201300053099;0;7;0;0.0;2.0;0.0;9.0;A01
81024;201300053099;0;7;0;1.0;2.0;3.0;1.0;B01
81025;201300053101;0;7;0;0.0;1.0;2.0;17.0;A01
81026;201300053102;0;30;0;0.0;0.0;8.0;1.0;A01
81027;201300053105;0;7;0;0.0;2.0;1.0;1.0;A01
81028;201300053105;0;7;0;0.0;2.0;8.0;1.0;B01
81029;201300053106;0;2;0;0.0;2.0;1.0;17.0;A01
81030;201300053106;0;7;0;0.0;2.0;8.0;15.0;B01
81031;201300053107;0;30;0;0.0;0.0;0.0;21.0;A01
81032;201300053109;0;7;0;0.0;2.0;2.0;15.0;A01
81033;201300053109;0;2;0;0.0;2.0;1.0;7.0;B01
81034;201300053110;0;7;0;0.0;2.0;1.0;1.0;B01
81035;201300053110;0;7;0;0.0;2.0;2.0;1.0;A01
81036;201300053111;0;10;0;0.0;2.0;3.0;15.0;A01
81037;201300053111;0;33;0;0.0;2.0;1.0;1.0;B01
81038;201300053112;0;7;0;0.0;2.0;4.0;23.0;B01
81039;201300053112;0;30;0;0.0;2.0;1.0;2.0;A01
81040;201300053113;0;7;0;0.0;2.0;1.0;2.0;A01
81041;201300053113;0;32;0;0.0;2.0;4.0;23.0;B01
81042;201300053114;0;1;0;0.0;1.0;8.0;1.0;A01
81043;201300053115;0;7;0;1.0;2.0;2.0;1.0;A01
81044;201300053115;0;7;0;0.0;2.0;3.0;16.0;B01
81045;201300053116;0;7;0;0.0;1.0;3.0;1.0;A01
81046;201300053117;0;30;0;0.0;1.0;1.0;1.0;A01
81047;201300053119;0;10;0;0.0;2.0;2.0;10.0;A01
81048;201300053119;0;33;0;0.0;2.0;3.0;1.0;B01
81049;201300053120;0;7;0;0.0;2.0;5.0;16.0;A01
81050;201300053120;0;30;0;0.0;2.0;1.0;9.0;B01
81051;201300053121;0;7;0;0.0;2.0;2.0;12.0;A01
81052;201300053121;0;33;0;12.0;2.0;8.0;1.0;B01
81053;201300053122;0;7;0;0.0;2.0;2.0;1.0;B01
81054;201300053122;0;1;0;0.0;2.0;1.0;11.0;A01
81055;201300053123;0;7;0;0.0;2.0;4.0;1.0;B01
81056;201300053123;0;7;0;0.0;2.0;1.0;1.0;C01
81057;201300053123;0;7;0;0.0;0.0;4.0;1.0;A01
81058;201300053124;0;7;0;0.0;2.0;6.0;15.0;A01
81059;201300053124;0;33;0;0.0;2.0;2.0;17.0;B01
81060;201300053125;0;7;0;0.0;2.0;2.0;9.0;A01
81061;201300053125;0;33;0;0.0;2.0;1.0;1.0;B01
81062;201300053126;0;7;0;0.0;2.0;4.0;23.0;D01
81063;201300053126;0;7;0;0.0;2.0;4.0;23.0;B01
81064;201300053126;0;7;0;0.0;2.0;1.0;1.0;A01
81065;201300053126;0;7;0;0.0;2.0;4.0;23.0;C01
81066;201300053127;0;7;0;0.0;1.0;3.0;1.0;A01