;Num_Acc;senc;catv;occutc;obs;obsm;choc;manv;num_veh
81486;201300053420;0;34;0;0.0;1.0;1.0;1.0;A01
81487;201300053421;0;10;0;0.0;1.0;1.0;1.0;A01
81488;201300053422;1;7;0;0.0;2.0;0.0;15.0;Z01
81489;201300053422;0;30;0;0.0;2.0;1.0;1.0;A01
81490;201300053425;0;7;0;0.0;2.0;6.0;1.0;B01
81491;201300053425;0;31;0;0.0;2.0;8.0;1.0;A01
81492;201300053425;1;7;0;0.0;2.0;0.0;22.0;Z01
81493;201300053426;0;7;0;0.0;1.0;1.0;1.0;A01
81494;201300053427;0;7;0;0.0;0.0;1.0;1.0;A01
81495;201300053427;0;7;0;0.0;1.0;4.0;23.0;B01
81496;201300053428;0;10;0;0.0;9.0;6.0;1.0;A01
81497;201300053428;0;1;0;0.0;2.0;7.0;1.0;B01
81498;201300053429;0;7;0;0.0;1.0;1.0;15.0;A01
81499;201300053430;0;7;0;0.0;2.0;2.0;16.0;B01
81500;201300053430;0;1;0;0.0;2.0;1.0;1.0;A01
81501;201300053431;0;7;0;0.0;1.0;8.0;1.0;A01
81502;201300053432;0;7;0;0.0;1.0;2.0;1.0;A01
81503;201300053433;0;7;0;0.0;1.0;1.0;1.0;A01
81504;201300053434;0;10;0;0.0;2.0;7.0;1.0;A01
81505;201300053434;0;37;2;0.0;2.0;3.0;1.0;B01
81506;201300053435;0;7;0;0.0;2.0;8.0;17.0;B01
81507;201300053435;0;31;0;0.0;2.0;7.0;1.0;A01
81508;201300053436;0;32;0;0.0;2.0;0.0;1.0;A01
81509;201300053436;1;1;0;0.0;2.0;0.0;5.0;Z01
81510;201300053437;0;1;0;0.0;0.0;0.0;1.0;A01
81511;201300053438;2;7;0;6.0;1.0;1.0;1.0;Z01
81512;201300053439;0;7;0;12.0;0.0;1.0;1.0;A01
81513;201300053440;0;31;0;0.0;2.0;7.0;17.0;B01
81514;201300053440;0;7;0;0.0;2.0;3.0;15.0;A01
81515;201300053441;0;7;0;0.0;2.0;7.0;2.0;A01
81516;201300053441;0;32;0;0.0;2.0;6.0;2.0;B01
81517;201300053442;0;32;0;12.0;0.0;2.0;14.0;A01
81518;201300053443;0;7;0;0.0;2.0;8.0;1.0;C01
81519;201300053443;0;10;0;0.0;2.0;5.0;2.0;B01
81520;201300053443;0;33;0;0.0;2.0;1.0;2.0;A01
81521;201300053444;0;7;0;0.0;2.0;3.0;15.0;A01
81522;201300053444;0;32;0;0.0;2.0;1.0;1.0;B01
81523;201300053445;0;30;0;0.0;2.0;6.0;1.0;A01
81524;201300053445;0;7;0;0.0;9.0;6.0;23.0;B01
81525;201300053446;0;7;0;0.0;2.0;6.0;24.0;C01
81526;201300053446;0;7;0;0.0;2.0;2.0;1.0;A01
81527;201300053446;0;7;0;0.0;2.0;8.0;9.0;B01
81528;201300053447;0;7;0;0.0;2.0;7.0;16.0;B01
81529;201300053447;0;1;0;0.0;2.0;0.0;7.0;A01
81530;201300053448;0;7;0;1.0;2.0;8.0;1.0;B01
81531;201300053448;0;2;0;0.0;2.0;1.0;1.0;A01
81532;201300053449;0;30;0;0.0;2.0;1.0;7.0;A01
81533;201300053449;0;33;0;0.0;2.0;2.0;15.0;B01
81534;201300053450;0;37;1;0.0;2.0;2.0;7.0;B01
81535;201300053450;0;7;0;0.0;2.0;3.0;16.0;A01
81536;201300053452;0;1;0;0.0;2.0;1.0;1.0;B01
81537;201300053452;0;10;0;0.0;2.0;8.0;22.0;A01
81538;201300053453;0;10;0;0.0;2.0;7.0;1.0;B01
81539;201300053453;0;33;0;0.0;2.0;8.0;18.0;A01
81540;201300053454;1;7;0;0.0;2.0;2.0;16.0;Z01
81541;201300053454;0;30;0;0.0;2.0;8.0;1.0;A01
81542;201300053455;0;37;0;0.0;1.0;7.0;7.0;A01
81543;201300053456;0;7;0;0.0;1.0;2.0;15.0;A01
81544;201300053457;0;31;0;0.0;0.0;8.0;16.0;A01
81545;201300053458;0;10;0;0.0;1.0;3.0;15.0;A01
81546;201300053459;1;14;0;0.0;1.0;5.0;4.0;Z01
81547;201300053460;0;7;0;0.0;2.0;0.0;15.0;C01
81548;201300053460;0;7;0;0.0;2.0;4.0;23.0;B01
81549;201300053460;0;1;0;0.0;2.0;1.0;7.0;A01
81550;201300053462;0;7;0;0.0;2.0;0.0;15.0;A01
81551;201300053462;0;34;0;0.0;2.0;0.0;1.0;B01
81552;201300053463;0;7;0;0.0;2.0;2.0;16.0;B01
81553;201300053463;0;31;0;0.0;2.0;3.0;18.0;A01
81554;201300053464;0;1;0;0.0;1.0;2.0;1.0;A01
81555;201300053465;0;10;0;14.0;0.0;1.0;13.0;A01
81556;201300053466;0;2;0;14.0;0.0;1.0;13.0;A01
81557;201300053467;0;7;0;0.0;0.0;5.0;15.0;A01
81558;201300053467;0;33;0;0.0;2.0;7.0;1.0;B01
81559;201300053468;0;7;0;0.0;1.0;2.0;1.0;A01
81560;201300053469;0;30;0;0.0;0.0;4.0;1.0;A01
81561;201300053470;0;7;0;0.0;1.0;3.0;15.0;A01
81562;201300053471;0;7;0;0.0;2.0;2.0;1.0;B01
81563;201300053471;0;32;0;0.0;2.0;3.0;1.0;A01
81564;201300053472;0;32;0;0.0;1.0;7.0;16.0;A01
81565;201300053473;0;1;0;0.0;2.0;1.0;1.0;B01
81566;201300053473;0;7;0;0.0;2.0;7.0;15.0;A01
81567;201300053474;0;1;0;0.0;1.0;4.0;1.0;A01
81568;201300053475;0;17;0;0.0;0.0;0.0;1.0;B01
81569;201300053475;0;33;0;0.0;0.0;0.0;1.0;A01
81570;201300053476;0;1;0;0.0;2.0;8.0;7.0;B01
81571;201300053476;0;7;0;0.0;9.0;2.0;16.0;A01
81572;201300053477;0;7;0;0.0;1.0;2.0;7.0;A01
81573;201300053478;0;7;0;0.0;2.0;3.0;15.0;B01
81574;201300053478;0;33;0;0.0;2.0;1.0;17.0;A01
81575;201300053479;0;7;0;0.0;0.0;0.0;15.0;A01
81576;201300053479;0;32;0;0.0;2.0;3.0;17.0;B01
81577;201300053481;0;33;0;0.0;2.0;1.0;1.0;B01
81578;201300053481;0;7;0;0.0;2.0;4.0;11.0;A01
81579;201300053482;0;7;0;0.0;2.0;3.0;15.0;A01
81580;201300053482;0;10;0;0.0;2.0;6.0;1.0;B01
81581;201300053483;0;1;0;0.0;2.0;1.0;1.0;B01
81582;201300053483;0;7;0;0.0;2.0;8.0;22.0;A01
81583;201300053485;0;33;0;0.0;2.0;0.0;18.0;A01
81584;201300053485;0;7;0;0.0;2.0;0.0;16.0;B01
81585;201300053487;0;33;0;0.0;0.0;7.0;1.0;A01
81586;201300053488;0;7;0;0.0;2.0;1.0;2.0;A01
81587;201300053488;0;7;0;0.0;2.0;4.0;23.0;B01
81588;201300053489;0;7;0;7.0;0.0;2.0;14.0;A01
81589;201300053490;0;30;0;15.0;0.0;3.0;13.0;A01
81590;201300053491;1;7;0;0.0;1.0;0.0;1.0;Z01
81591;201300053492;0;10;0;0.0;2.0;1.0;2.0;A01
81592;201300053492;0;32;0;0.0;2.0;4.0;23.0;B01
81593;201300053494;0;31;0;0.0;1.0;1.0;1.0;A01
81594;201300053495;0;30;0;0.0;2.0;3.0;1.0;B01
81595;201300053495;0;33;0;0.0;2.0;7.0;15.0;A01
81596;201300053496;0;33;0;0.0;2.0;7.0;1.0;A01
81597;201300053496;1;34;0;0.0;2.0;8.0;13.0;Z01
81598;201300053497;0;32;0;0.0;2.0;2.0;17.0;B01
81599;201300053497;0;7;0;0.0;2.0;3.0;10.0;A01
81600;201300053498;0;7;0;0.0;2.0;1.0;2.0;A01
81601;201300053498;0;7;0;0.0;2.0;4.0;23.0;B01
81602;201300053499;0;2;0;0.0;2.0;6.0;16.0;B01
81603;201300053499;0;30;0;0.0;2.0;2.0;1.0;A01
81604;201300053500;0;17;0;0.0;2.0;6.0;16.0;A01
81605;201300053500;0;7;0;0.0;2.0;4.0;1.0;B01
81606;201300053501;0;30;0;0.0;2.0;1.0;1.0;B01
81607;201300053501;0;7;0;0.0;2.0;5.0;16.0;A01
81608;201300053502;0;30;0;0.0;1.0;1.0;1.0;A01
81609;201300053503;0;33;0;0.0;1.0;1.0;1.0;A01
81610;201300053504;0;32;0;0.0;0.0;1.0;21.0;A01
81611;201300053505;0;30;0;0.0;2.0;0.0;18.0;B01
81612;201300053505;0;7;0;0.0;2.0;2.0;16.0;A01
81613;201300053507;0;1;0;0.0;0.0;0.0;1.0;A01
81614;201300053508;0;30;0;0.0;2.0;1.0;1.0;A01
81615;201300053509;0;7;0;0.0;1.0;3.0;1.0;A01
81616;201300053510;0;30;0;12.0;0.0;1.0;13.0;A01
81617;201300053511;0;7;0;0.0;2.0;7.0;14.0;A01
81618;201300053511;0;1;0;0.0;2.0;8.0;1.0;B01
81619;201300053512;1;7;0;1.0;2.0;1.0;15.0;A01
81620;201300053512;0;30;0;0.0;2.0;8.0;1.0;B01
81621;201300053513;1;37;1;0.0;1.0;2.0;7.0;Z01
81622;201300053514;0;32;0;0.0;2.0;1.0;1.0;A01
81623;201300053514;0;32;0;0.0;2.0;2.0;1.0;B01
81624;201300053515;0;1;0;0.0;2.0;8.0;19.0;B01
81625;201300053515;0;7;0;0.0;9.0;2.0;1.0;A01
81626;201300053516;0;34;0;11.0;2.0;1.0;1.0;A01
81627;201300053516;0;7;0;0.0;2.0;8.0;1.0;B01
81628;201300053517;0;7;0;0.0;2.0;1.0;15.0;A01
81629;201300053517;0;1;0;0.0;2.0;4.0;15.0;B01
81630;201300053518;0;33;0;0.0;1.0;1.0;16.0;A01
81631;201300053519;0;32;0;0.0;0.0;8.0;1.0;A01
81632;201300053520;0;34;0;0.0;2.0;7.0;1.0;B01
81633;201300053520;0;7;0;0.0;4.0;3.0;11.0;A01
81634;201300053521;0;7;0;0.0;2.0;5.0;1.0;A01
81635;201300053521;0;33;0;0.0;2.0;1.0;1.0;B01
81636;201300053522;0;7;0;1.0;0.0;3.0;1.0;A01
81637;201300053522;0;7;0;0.0;2.0;2.0;23.0;B01
81638;201300053523;0;2;0;1.0;0.0;1.0;14.0;A01
81639;201300053524;0;7;0;0.0;2.0;2.0;1.0;C01
81640;201300053524;0;32;0;0.0;2.0;8.0;3.0;B01
81641;201300053524;0;7;0;0.0;2.0;5.0;12.0;A01
81642;201300053525;0;7;0;0.0;2.0;2.0;9.0;A01
81643;201300053525;0;2;0;0.0;2.0;1.0;1.0;B01
81644;201300053526;0;7;0;0.0;2.0;4.0;23.0;C01
81645;201300053526;0;7;0;0.0;2.0;2.0;2.0;A01
81646;201300053526;0;7;0;0.0;2.0;6.0;23.0;B01
81647;201300053527;0;7;0;0.0;2.0;2.0;15.0;A01
81648;201300053527;0;32;0;0.0;2.0;6.0;16.0;B01
81649;201300053528;0;7;0;0.0;1.0;1.0;1.0;A01
81650;201300053529;0;7;0;0.0;2.0;6.0;15.0;A01
81651;201300053529;0;30;0;0.0;2.0;1.0;17.0;B01
81652;201300053530;0;2;0;0.0;2.0;0.0;21.0;A01
81653;201300053531;0;2;0;0.0;0.0;0.0;1.0;A01
81654;201300053532;0;13;0;0.0;1.0;2.0;1.0;A01
81655;201300053533;0;2;0;0.0;0.0;8.0;1.0;A01
81656;201300053534;0;7;0;0.0;0.0;6.0;9.0;A01
81657;201300053534;0;32;0;0.0;2.0;1.0;1.0;B01
81658;201300053535;0;7;0;0.0;9.0;2.0;12.0;A01
81659;201300053535;0;1;0;0.0;0.0;4.0;1.0;B01
81660;201300053536;0;7;0;0.0;2.0;6.0;15.0;A01
81661;201300053536;0;33;0;0.0;2.0;7.0;17.0;B01
81662;201300053537;1;37;0;0.0;1.0;2.0;1.0;Z01
81663;201300053538;0;34;0;14.0;0.0;1.0;13.0;A01
81664;201300053539;0;32;0;0.0;2.0;4.0;1.0;B01
81665;201300053539;0;10;0;0.0;2.0;5.0;14.0;A01
81666;201300053540;1;7;0;0.0;2.0;3.0;13.0;Z01
81667;201300053540;0;33;0;0.0;1.0;5.0;1.0;A01
81668;201300053541;0;2;0;1.0;0.0;1.0;15.0;A01
81669;201300053542;0;1;0;0.0;1.0;1.0;5.0;A01
81670;201300053543;0;7;0;0.0;2.0;5.0;16.0;B01
81671;201300053543;0;37;45;0.0;2.0;3.0;18.0;A01
81672;201300053544;0;32;0;0.0;2.0;0.0;15.0;B01
81673;201300053544;0;7;0;0.0;2.0;0.0;9.0;A01
81674;201300053546;0;2;0;12.0;0.0;8.0;1.0;A01
81675;201300053547;0;34;0;0.0;2.0;0.0;1.0;B01
81676;201300053547;0;7;0;0.0;2.0;0.0;1.0;A01
81677;201300053548;0;31;0;0.0;2.0;7.0;1.0;B01
81678;201300053548;0;7;0;0.0;2.0;2.0;15.0;A01
81679;201300053549;0;37;1;0.0;9.0;7.0;17.0;A01
81680;201300053549;0;1;0;0.0;2.0;8.0;7.0;B01
81681;201300053550;0;37;1;0.0;1.0;2.0;1.0;A01
81682;201300053551;0;30;0;0.0;1.0;1.0;17.0;A01
81683;201300053552;0;7;0;0.0;2.0;1.0;15.0;B01
81684;201300053552;0;33;0;0.0;2.0;1.0;7.0;A01
81685;201300053553;0;10;0;0.0;1.0;1.0;15.0;A01
81686;201300053554;0;33;0;0.0;2.0;5.0;1.0;A01
81687;201300053554;1;7;0;0.0;2.0;0.0;13.0;Z01
81688;201300053556;0;7;0;11.0;0.0;2.0;1.0;A01
81689;201300053557;0;7;0;0.0;0.0;3.0;22.0;A01
81690;201300053557;0;1;0;1.0;0.0;8.0;1.0;B01
81691;201300053558;0;7;0;0.0;1.0;4.0;1.0;A01
81692;201300053559;0;1;0;0.0;2.0;7.0;17.0;B01
81693;201300053559;0;10;0;0.0;2.0;8.0;22.0;A01
81694;201300053560;0;30;0;0.0;2.0;2.0;17.0;A01
81695;201300053560;0;7;0;0.0;2.0;3.0;1.0;B01
81696;201300053561;0;7;0;0.0;1.0;1.0;16.0;A01
81697;201300053562;0;7;0;0.0;2.0;1.0;7.0;A01
81698;201300053562;0;1;0;0.0;2.0;7.0;7.0;B01
81699;201300053563;0;7;0;0.0;2.0;7.0;16.0;A01
81700;201300053563;0;1;0;0.0;2.0;3.0;1.0;B01
81701;201300053564;0;1;0;0.0;1.0;2.0;1.0;A01
81702;201300053565;0;7;0;0.0;2.0;6.0;15.0;B01
81703;201300053565;0;2;0;0.0;2.0;3.0;17.0;A01
81704;201300053566;0;32;0;0.0;0.0;8.0;1.0;A01
81705;201300053567;0;7;0;0.0;2.0;1.0;13.0;A01
81706;201300053567;0;33;0;0.0;2.0;1.0;1.0;B01
81707;201300053568;0;10;0;0.0;1.0;1.0;9.0;A01
81708;201300053569;0;1;0;1.0;0.0;8.0;1.0;A01
81709;201300053570;0;32;0;0.0;9.0;1.0;1.0;A01
81710;201300053570;0;1;0;0.0;0.0;4.0;1.0;B01
81711;201300053571;0;7;0;0.0;2.0;3.0;15.0;A01
81712;201300053571;0;33;0;0.0;2.0;7.0;1.0;B01
81713;201300053572;0;7;0;0.0;1.0;7.0;7.0;A01
81714;201300053573;0;31;0;0.0;2.0;8.0;15.0;A01
81715;201300053573;0;7;0;0.0;2.0;1.0;1.0;B01
81716;201300053574;0;7;0;0.0;1.0;3.0;1.0;A01
81717;201300053575;0;32;0;0.0;2.0;0.0;1.0;A01
81718;201300053575;0;7;0;0.0;2.0;0.0;12.0;B01
81719;201300053576;0;7;0;0.0;2.0;6.0;2.0;B01
81720;201300053576;0;30;0;0.0;2.0;1.0;2.0;A01
81721;201300053577;0;30;0;11.0;9.0;1.0;7.0;A01
81722;201300053578;0;7;0;0.0;1.0;1.0;15.0;A01
81723;201300053579;0;10;0;0.0;2.0;3.0;10.0;A01
81724;201300053579;0;32;0;0.0;2.0;2.0;17.0;B01
81725;201300053580;0;34;0;1.0;0.0;1.0;7.0;A01
81726;201300053581;0;7;0;1.0;0.0;3.0;13.0;A01
81727;201300053582;0;7;0;0.0;2.0;0.0;15.0;B01
81728;201300053582;0;32;0;0.0;2.0;8.0;17.0;A01
81729;201300053583;0;7;0;0.0;2.0;6.0;10.0;A01
81730;201300053583;0;33;0;0.0;2.0;7.0;17.0;B01
81731;201300053585;0;7;0;0.0;4.0;4.0;23.0;C01
81732;201300053585;0;7;0;0.0;2.0;4.0;23.0;B01
81733;201300053585;0;7;0;0.0;2.0;1.0;1.0;A01
81734;201300053586;0;7;0;0.0;2.0;1.0;2.0;A01
81735;201300053586;0;7;0;0.0;0.0;4.0;2.0;B01
81736;201300053587;2;7;0;9.0;0.0;1.0;1.0;A01
81737;201300053588;0;7;0;8.0;0.0;1.0;1.0;A01
81738;201300053589;0;33;0;0.0;1.0;1.0;17.0;A01
81739;201300053590;0;7;0;0.0;2.0;2.0;15.0;B01
81740;201300053590;0;32;0;0.0;2.0;1.0;7.0;A01
81741;201300053591;0;33;0;0.0;1.0;1.0;5.0;A01
81742;201300053592;0;30;0;0.0;1.0;7.0;1.0;A01
81743;201300053593;0;33;0;0.0;0.0;7.0;1.0;A01
81744;201300053594;0;7;0;0.0;1.0;2.0;1.0;A01
81745;201300053595;0;1;0;0.0;1.0;1.0;5.0;A01
81746;201300053596;0;31;0;0.0;0.0;7.0;1.0;A01
81747;201300053597;0;32;0;0.0;2.0;1.0;1.0;A01
81748;201300053597;0;7;0;0.0;2.0;6.0;1.0;B01
81749;201300053598;0;30;0;1.0;0.0;3.0;1.0;A01
81750;201300053599;0;7;0;0.0;2.0;2.0;15.0;A01
81751;201300053599;0;32;0;0.0;2.0;1.0;1.0;B01
81752;201300053601;0;33;0;0.0;2.0;1.0;17.0;B01
81753;201300053601;0;10;0;0.0;2.0;8.0;13.0;A01
81754;201300053602;0;33;0;0.0;1.0;1.0;1.0;A01
81755;201300053603;1;7;0;0.0;1.0;7.0;1.0;Z01
81756;201300053604;0;30;0;0.0;2.0;0.0;9.0;A01
81757;201300053604;0;7;0;0.0;2.0;3.0;1.0;B01
81758;201300053605;0;30;0;0.0;0.0;8.0;21.0;A01
81759;201300053606;0;33;0;0.0;0.0;2.0;21.0;A01
81760;201300053607;0;2;0;0.0;1.0;1.0;7.0;A01
81761;201300053608;0;33;0;4.0;0.0;2.0;13.0;A01
81762;201300053609;0;7;0;0.0;1.0;3.0;1.0;A01
81763;201300053610;0;7;0;0.0;1.0;3.0;15.0;A01
81764;201300053611;0;34;0;0.0;2.0;1.0;1.0;A01
81765;201300053611;0;34;0;0.0;2.0;4.0;23.0;B01
81766;201300053612;0;7;0;0.0;1.0;3.0;1.0;A01
81767;201300053614;0;33;0;0.0;0.0;1.0;1.0;A01
81768;201300053617;0;33;0;0.0;0.0;7.0;1.0;B01
81769;201300053617;0;7;0;0.0;2.0;3.0;9.0;A01
81770;201300053619;0;10;0;0.0;2.0;7.0;10.0;A01
81771;201300053619;0;33;0;0.0;2.0;1.0;1.0;B01
81772;201300053620;0;2;0;1.0;2.0;7.0;2.0;A01
81773;201300053620;0;7;0;0.0;2.0;7.0;20.0;B01
81774;201300053621;0;33;0;0.0;0.0;3.0;7.0;A01
81775;201300053622;0;7;0;0.0;1.0;3.0;15.0;A01
81776;201300053623;0;7;0;0.0;1.0;6.0;4.0;A01
81777;201300053624;0;7;0;0.0;2.0;2.0;14.0;A01
81778;201300053624;0;33;0;1.0;2.0;3.0;1.0;B01
81779;201300053625;0;7;0;0.0;1.0;1.0;1.0;A01
81780;201300053626;0;30;0;0.0;2.0;7.0;17.0;A01
81781;201300053626;0;7;0;0.0;2.0;8.0;15.0;B01
81782;201300053627;0;7;0;8.0;0.0;1.0;1.0;A01
81783;201300053628;0;7;0;14.0;2.0;2.0;14.0;A01
81784;201300053628;0;7;0;0.0;2.0;8.0;1.0;B01
81785;201300053629;0;30;0;0.0;2.0;1.0;17.0;B01
81786;201300053629;0;7;0;0.0;2.0;3.0;10.0;A01
81787;201300053630;0;33;0;0.0;2.0;8.0;15.0;B01
81788;201300053630;0;30;0;0.0;2.0;1.0;1.0;A01
81789;201300053631;0;31;0;0.0;1.0;2.0;1.0;A01
81790;201300053632;0;32;0;0.0;0.0;7.0;16.0;A01
81791;201300053633;0;7;0;0.0;2.0;1.0;2.0;A01
81792;201300053633;0;7;0;0.0;2.0;4.0;2.0;B01
81793;201300053634;0;33;0;0.0;0.0;1.0;1.0;A01
81794;201300053635;0;14;0;0.0;2.0;5.0;1.0;A01
81795;201300053635;0;7;0;0.0;2.0;5.0;22.0;B01
81796;201300053636;0;7;0;0.0;2.0;6.0;23.0;B01
81797;201300053636;0;30;0;0.0;1.0;1.0;1.0;A01
81798;201300053637;0;32;0;0.0;0.0;8.0;15.0;A01
81799;201300053638;0;7;0;0.0;1.0;1.0;1.0;A01
81800;201300053640;0;37;0;0.0;2.0;3.0;1.0;B01
81801;201300053640;0;7;0;9.0;2.0;1.0;13.0;A01
81802;201300053641;0;30;0;0.0;1.0;1.0;1.0;A01
81803;201300053642;0;34;0;0.0;2.0;1.0;1.0;B01
81804;201300053642;0;7;0;0.0;2.0;1.0;15.0;A01
81805;201300053643;0;7;0;0.0;1.0;2.0;1.0;A01
81806;201300053644;0;34;0;0.0;1.0;3.0;1.0;A01
81807;201300053645;0;7;0;0.0;2.0;1.0;1.0;A01
81808;201300053645;0;7;0;0.0;2.0;5.0;1.0;B01
81809;201300053646;0;32;0;0.0;0.0;0.0;1.0;A01
81810;201300053647;0;1;0;0.0;2.0;5.0;2.0;A01
81811;201300053647;1;7;0;0.0;2.0;0.0;2.0;Z01
81812;201300053648;0;7;0;0.0;2.0;7.0;1.0;A01
81813;201300053648;0;1;0;0.0;2.0;1.0;1.0;B01
81814;201300053649;0;7;0;0.0;2.0;1.0;1.0;B01
81815;201300053649;0;7;0;0.0;2.0;2.0;1.0;A01
81816;201300053650;0;7;0;14.0;0.0;1.0;13.0;A01
81817;201300053651;0;7;0;0.0;1.0;1.0;1.0;A01
81818;201300053652;0;32;0;0.0;0.0;8.0;1.0;A01
81819;201300053653;0;7;0;0.0;1.0;4.0;4.0;A01
81820;201300053654;0;7;0;0.0;2.0;2.0;16.0;A01
81821;201300053654;0;30;0;0.0;2.0;1.0;1.0;B01
81822;201300053655;0;37;0;0.0;2.0;3.0;1.0;B01
81823;201300053655;0;7;0;0.0;2.0;2.0;15.0;A01
81824;201300053656;0;7;0;0.0;2.0;7.0;12.0;B01
81825;201300053656;0;32;0;0.0;2.0;2.0;3.0;A01
81826;201300053657;0;32;0;0.0;1.0;1.0;1.0;A01
81827;201300053658;0;7;0;0.0;1.0;1.0;15.0;A01
81828;201300053660;0;7;0;0.0;1.0;1.0;16.0;A01
81829;201300053661;0;32;0;0.0;2.0;7.0;1.0;B01
81830;201300053661;0;7;0;0.0;2.0;1.0;1.0;A01
81831;201300053662;0;10;0;0.0;2.0;2.0;1.0;B01
81832;201300053662;0;30;0;0.0;2.0;3.0;1.0;A01
81833;201300053663;0;7;0;0.0;1.0;1.0;1.0;A01
81834;201300053664;0;7;0;0.0;2.0;3.0;9.0;A01
81835;201300053664;0;31;0;0.0;2.0;2.0;1.0;B01
81836;201300053665;0;7;0;0.0;1.0;1.0;1.0;A01
81837;201300053666;0;7;0;0.0;1.0;3.0;1.0;A01
81838;201300053669;0;7;0;0.0;1.0;1.0;0.0;A01
81839;201300053671;0;7;0;0.0;1.0;3.0;15.0;A01
81840;201300053672;0;7;0;0.0;2.0;2.0;15.0;A01
81841;201300053672;0;2;0;0.0;2.0;8.0;1.0;B01
81842;201300053673;1;7;0;0.0;1.0;0.0;0.0;Z01
81843;201300053674;0;32;0;1.0;2.0;1.0;1.0;A01
81844;201300053674;0;32;0;0.0;0.0;4.0;1.0;B01
81845;201300053675;0;32;0;0.0;0.0;8.0;1.0;B01
81846;201300053675;0;7;0;0.0;0.0;2.0;15.0;A01
81847;201300053676;0;30;0;0.0;0.0;8.0;1.0;A01
81848;201300053677;0;7;0;0.0;2.0;2.0;15.0;B01
81849;201300053677;0;7;0;7.0;2.0;3.0;1.0;A01
81850;201300053678;0;30;0;0.0;2.0;3.0;18.0;A01
81851;201300053678;0;7;0;0.0;9.0;2.0;16.0;B01
81852;201300053679;0;7;0;0.0;1.0;1.0;1.0;A01
81853;201300053680;0;1;0;0.0;1.0;1.0;1.0;A01
81854;201300053681;0;10;0;0.0;1.0;4.0;4.0;A01
81855;201300053682;0;7;0;0.0;1.0;4.0;4.0;A01
81856;201300053683;0;7;0;0.0;1.0;1.0;15.0;A01
81857;201300053684;0;37;3;0.0;1.0;3.0;9.0;A01
81858;201300053685;0;37;2;1.0;2.0;8.0;1.0;B01
81859;201300053685;0;15;0;0.0;2.0;2.0;1.0;A01
81860;201300053685;0;13;0;0.0;2.0;6.0;24.0;C01
81861;201300053687;0;33;0;0.0;2.0;1.0;2.0;A01
81862;201300053687;0;32;0;0.0;2.0;4.0;23.0;B01
81863;201300053688;0;32;0;0.0;2.0;7.0;17.0;B01
81864;201300053688;1;7;0;0.0;0.0;0.0;13.0;Z01
81865;201300053689;0;7;0;0.0;2.0;1.0;2.0;A01
81866;201300053689;0;31;0;0.0;2.0;4.0;23.0;B01
81867;201300053690;0;10;0;0.0;1.0;4.0;20.0;A01
81868;201300053691;0;10;0;0.0;2.0;3.0;13.0;A01
81869;201300053691;0;1;0;0.0;2.0;4.0;15.0;B01
81870;201300053692;0;7;0;0.0;2.0;1.0;1.0;A01
81871;201300053692;0;10;0;0.0;2.0;7.0;1.0;B01
81872;201300053693;0;7;0;0.0;1.0;2.0;7.0;A01
81873;201300053694;0;32;0;0.0;1.0;0.0;1.0;A01
81874;201300053695;0;7;0;0.0;1.0;3.0;15.0;A01
81875;201300053696;0;7;0;0.0;1.0;1.0;1.0;A01
81876;201300053697;0;7;0;0.0;2.0;0.0;1.0;B01
81877;201300053697;0;31;0;0.0;2.0;1.0;7.0;A01
81878;201300053698;0;1;0;0.0;1.0;1.0;1.0;A01
81879;201300053699;0;1;0;0.0;0.0;0.0;1.0;B01
81880;201300053699;0;7;0;0.0;9.0;2.0;17.0;A01
81881;201300053700;0;7;0;0.0;2.0;3.0;16.0;B01
81882;201300053700;0;32;0;0.0;2.0;1.0;1.0;A01
81883;201300053701;0;15;0;1.0;1.0;4.0;17.0;A01
81884;201300053702;0;33;0;0.0;2.0;1.0;1.0;A01
81885;201300053702;0;7;0;0.0;2.0;2.0;15.0;B01
81886;201300053703;0;2;0;14.0;0.0;1.0;1.0;A01
81887;201300053704;0;7;0;0.0;1.0;1.0;1.0;A01
81888;201300053705;0;1;0;12.0;2.0;1.0;1.0;B01
81889;201300053705;0;7;0;0.0;2.0;0.0;22.0;A01
81890;201300053706;0;7;0;0.0;2.0;3.0;10.0;A01
81891;201300053706;0;32;0;0.0;2.0;3.0;17.0;B01
81892;201300053707;0;7;0;0.0;1.0;2.0;1.0;A01
81893;201300053708;0;7;0;0.0;2.0;1.0;2.0;A01
81894;201300053708;0;33;0;0.0;2.0;4.0;23.0;B01
81895;201300053709;0;10;0;0.0;2.0;1.0;1.0;B01
81896;201300053709;0;10;0;0.0;2.0;2.0;1.0;A01
81897;201300053710;0;7;0;0.0;2.0;0.0;16.0;B01
81898;201300053710;0;32;0;1.0;2.0;1.0;18.0;A01
81899;201300053711;0;31;0;0.0;2.0;1.0;1.0;B01
81900;201300053711;0;7;0;0.0;2.0;7.0;15.0;A01
81901;201300053712;0;7;0;0.0;1.0;1.0;1.0;A01
81902;201300053714;0;30;0;0.0;2.0;1.0;2.0;A01
81903;201300053714;0;31;0;0.0;2.0;6.0;15.0;B01