;Num_Acc;senc;catv;occutc;obs;obsm;choc;manv;num_veh
81904;201300053715;0;7;0;0.0;2.0;3.0;20.0;B01
81905;201300053715;0;2;0;0.0;2.0;6.0;2.0;A01
81906;201300053716;0;10;0;0.0;1.0;4.0;4.0;A01
81907;201300053719;0;7;0;0.0;2.0;3.0;1.0;B01
81908;201300053719;0;2;0;0.0;2.0;2.0;17.0;A01
81909;201300053720;0;7;0;14.0;0.0;2.0;15.0;A01
81910;201300053721;0;7;0;0.0;1.0;4.0;4.0;A01
81911;201300053722;0;7;0;0.0;1.0;1.0;1.0;A01
81912;201300053723;0;7;0;0.0;2.0;6.0;23.0;C01
81913;201300053723;0;7;0;0.0;2.0;2.0;22.0;A01
81914;201300053723;0;30;0;0.0;2.0;3.0;1.0;B01
81915;201300053724;0;7;0;0.0;2.0;4.0;23.0;B01
81916;201300053724;0;7;0;0.0;2.0;1.0;2.0;A01
81917;201300053726;0;7;0;0.0;1.0;1.0;16.0;A01
81918;201300053727;0;7;0;0.0;1.0;6.0;4.0;A01
81919;201300053730;0;7;0;8.0;0.0;1.0;14.0;A01
81920;201300053731;0;7;0;0.0;1.0;6.0;4.0;A01
81921;201300053732;0;32;0;0.0;1.0;1.0;17.0;A01
81922;201300053733;0;33;0;0.0;2.0;7.0;1.0;B01
81923;201300053733;0;7;0;0.0;2.0;1.0;9.0;A01
81924;201300053734;0;7;0;0.0;2.0;3.0;15.0;B01
81925;201300053734;0;7;0;0.0;2.0;1.0;1.0;A01
81926;201300053735;0;32;0;0.0;1.0;1.0;1.0;A01
81927;201300053736;0;34;0;0.0;2.0;2.0;17.0;B01
81928;201300053736;0;7;0;0.0;9.0;3.0;15.0;A01
81929;201300053737;0;2;0;0.0;2.0;8.0;1.0;B01
81930;201300053737;0;7;0;0.0;2.0;1.0;15.0;A01
81931;201300053738;0;7;0;0.0;2.0;8.0;9.0;A01
81932;201300053738;0;32;0;0.0;2.0;1.0;1.0;B01
81933;201300053739;0;7;0;0.0;0.0;3.0;15.0;B01
81934;201300053739;0;2;0;0.0;2.0;1.0;17.0;A01
81935;201300053741;0;7;0;0.0;2.0;4.0;1.0;A01
81936;201300053741;1;7;0;0.0;2.0;1.0;1.0;Z01
81937;201300053742;0;7;0;0.0;2.0;2.0;15.0;B01
81938;201300053742;0;30;0;0.0;2.0;2.0;17.0;A01
81939;201300053743;0;30;0;0.0;1.0;1.0;1.0;A01
81940;201300053744;0;7;0;9.0;1.0;2.0;1.0;A01
81941;201300053745;0;31;0;0.0;2.0;1.0;1.0;A01
81942;201300053745;0;1;0;0.0;2.0;8.0;19.0;B01
81943;201300053746;0;7;0;0.0;2.0;6.0;15.0;A01
81944;201300053746;0;31;0;0.0;2.0;1.0;1.0;B01
81945;201300053747;1;7;0;0.0;2.0;2.0;1.0;Z01
81946;201300053747;0;30;0;0.0;2.0;3.0;1.0;A01
81947;201300053748;0;10;0;0.0;1.0;3.0;16.0;A01
81948;201300053749;0;1;0;0.0;1.0;1.0;1.0;A01
81949;201300053750;0;7;0;0.0;2.0;5.0;23.0;C01
81950;201300053750;0;10;0;0.0;2.0;8.0;22.0;A01
81951;201300053750;0;30;0;0.0;2.0;5.0;1.0;B01
81952;201300053751;0;2;0;0.0;2.0;1.0;2.0;A01
81953;201300053751;0;7;0;0.0;2.0;6.0;2.0;B01
81954;201300053752;0;31;0;0.0;2.0;7.0;1.0;A01
81955;201300053752;0;1;0;0.0;2.0;7.0;15.0;B01
81956;201300053753;0;7;0;7.0;0.0;1.0;1.0;A01
81957;201300053754;0;7;0;0.0;2.0;2.0;16.0;A01
81958;201300053754;0;32;0;0.0;2.0;3.0;9.0;B01
81959;201300053755;0;7;0;0.0;2.0;2.0;16.0;A01
81960;201300053755;0;1;0;0.0;2.0;1.0;1.0;B01
81961;201300053756;0;7;0;0.0;2.0;2.0;1.0;B01
81962;201300053756;0;13;0;0.0;2.0;1.0;15.0;A01
81963;201300053757;0;7;0;0.0;1.0;1.0;15.0;A01
81964;201300053758;1;7;0;0.0;2.0;7.0;17.0;Z01
81965;201300053758;0;1;0;1.0;2.0;8.0;1.0;A01
81966;201300053759;0;7;0;0.0;2.0;7.0;17.0;A01
81967;201300053759;0;1;0;0.0;2.0;3.0;1.0;B01
81968;201300053760;1;1;0;0.0;1.0;1.0;5.0;Z01
81969;201300053762;0;7;0;15.0;0.0;1.0;7.0;A01
81970;201300053763;0;7;0;0.0;1.0;4.0;4.0;A01
81971;201300053764;0;7;0;0.0;1.0;3.0;1.0;A01
81972;201300053765;0;32;0;0.0;2.0;1.0;18.0;B01
81973;201300053765;0;7;0;0.0;2.0;2.0;14.0;A01
81974;201300053766;0;7;0;0.0;1.0;3.0;15.0;A01
81975;201300053767;0;37;11;0.0;2.0;1.0;1.0;B01
81976;201300053767;0;7;0;0.0;0.0;2.0;15.0;A01
81977;201300053768;0;2;0;14.0;0.0;0.0;1.0;A01
81978;201300053769;0;7;0;0.0;0.0;5.0;23.0;B01
81979;201300053769;0;7;0;0.0;2.0;1.0;1.0;A01
81980;201300053770;0;30;0;0.0;0.0;0.0;1.0;A01
81981;201300053771;0;7;0;0.0;2.0;4.0;23.0;B01
81982;201300053771;0;7;0;0.0;2.0;2.0;15.0;A01
81983;201300053772;0;7;0;0.0;1.0;6.0;1.0;A01
81984;201300053773;0;40;0;0.0;1.0;2.0;1.0;A01
81985;201300053774;0;32;0;0.0;1.0;1.0;1.0;A01
81986;201300053775;0;32;0;0.0;1.0;1.0;1.0;A01
81987;201300053776;0;32;0;0.0;1.0;1.0;1.0;A01
81988;201300053777;0;7;0;0.0;0.0;4.0;10.0;B01
81989;201300053777;1;7;0;0.0;0.0;1.0;1.0;Z01
81990;201300053778;0;37;16;0.0;1.0;3.0;1.0;A01
81991;201300053779;0;7;0;0.0;2.0;2.0;1.0;A01
81992;201300053779;0;30;0;0.0;2.0;1.0;1.0;B01
81993;201300053780;0;10;0;0.0;1.0;8.0;15.0;A01
81994;201300053781;0;7;0;0.0;2.0;2.0;1.0;A01
81995;201300053781;0;33;0;0.0;2.0;4.0;1.0;B01
81996;201300053782;0;10;0;0.0;1.0;2.0;1.0;A01
81997;201300053783;0;7;0;0.0;2.0;2.0;16.0;A01
81998;201300053783;0;1;0;0.0;2.0;1.0;1.0;B01
81999;201300053784;0;7;0;0.0;2.0;4.0;23.0;B01
82000;201300053784;0;7;0;0.0;2.0;1.0;2.0;A01
82001;201300053785;0;13;0;0.0;2.0;2.0;16.0;A01
82002;201300053785;0;32;0;0.0;2.0;8.0;15.0;B01
82003;201300053786;0;30;0;0.0;2.0;1.0;1.0;A01
82004;201300053786;0;34;0;0.0;2.0;0.0;1.0;B01
82005;201300053787;0;32;0;0.0;2.0;1.0;1.0;B01
82006;201300053787;0;7;0;0.0;2.0;3.0;15.0;A01
82007;201300053788;0;7;0;0.0;2.0;0.0;9.0;A01
82008;201300053788;0;34;0;0.0;2.0;1.0;1.0;B01
82009;201300053789;0;7;0;0.0;1.0;2.0;15.0;A01
82010;201300053790;0;10;0;0.0;1.0;3.0;15.0;A01
82011;201300053791;0;32;0;0.0;0.0;1.0;15.0;A01
82012;201300053792;0;7;0;0.0;1.0;1.0;7.0;A01
82013;201300053795;0;31;0;1.0;2.0;1.0;1.0;B01
82014;201300053795;0;7;0;0.0;2.0;3.0;9.0;A01
82015;201300053796;0;37;1;1.0;0.0;5.0;18.0;A01
82016;201300053796;0;1;0;1.0;0.0;8.0;18.0;B01
82017;201300053797;0;7;0;0.0;1.0;2.0;1.0;A01
82018;201300053798;1;33;0;0.0;1.0;0.0;1.0;Z01
82019;201300053799;0;1;0;0.0;2.0;1.0;1.0;A01
82020;201300053799;0;7;0;0.0;2.0;4.0;20.0;B01
82021;201300053800;0;7;0;0.0;1.0;3.0;11.0;A01
82022;201300053801;0;10;0;0.0;2.0;2.0;15.0;A01
82023;201300053801;0;33;0;0.0;2.0;1.0;1.0;B01
82024;201300053802;0;7;0;0.0;1.0;3.0;7.0;A01
82025;201300053803;0;7;0;0.0;1.0;1.0;15.0;A01
82026;201300053804;0;10;0;0.0;9.0;2.0;1.0;A01
82027;201300053804;0;1;0;0.0;2.0;8.0;19.0;B01
82028;201300053805;0;30;0;0.0;2.0;5.0;2.0;B01
82029;201300053805;0;30;0;0.0;2.0;6.0;2.0;A01
82030;201300053806;0;7;0;0.0;2.0;2.0;15.0;A01
82031;201300053806;0;31;0;0.0;2.0;3.0;1.0;B01
82032;201300053807;0;33;0;0.0;0.0;0.0;1.0;A01
82033;201300053808;0;34;0;0.0;1.0;1.0;1.0;A01
82034;201300053809;0;32;0;0.0;2.0;3.0;18.0;B01
82035;201300053809;0;7;0;0.0;2.0;5.0;22.0;A01
82036;201300053810;1;7;0;0.0;1.0;2.0;1.0;A01
82037;201300053811;0;1;0;0.0;2.0;6.0;2.0;A01
82038;201300053811;0;14;0;0.0;2.0;4.0;23.0;B01
82039;201300053812;0;7;0;0.0;1.0;2.0;15.0;A01
82040;201300053813;1;7;0;0.0;1.0;2.0;16.0;Z01
82041;201300053814;0;7;0;0.0;2.0;3.0;15.0;B01
82042;201300053814;0;31;0;0.0;2.0;7.0;1.0;A01
82043;201300053817;0;1;0;1.0;2.0;1.0;1.0;B01
82044;201300053817;0;7;0;0.0;9.0;3.0;22.0;A01
82045;201300053818;0;33;0;0.0;2.0;5.0;1.0;A01
82046;201300053818;0;10;0;0.0;2.0;2.0;1.0;B01
82047;201300053819;0;7;0;0.0;2.0;2.0;9.0;A01
82048;201300053819;0;30;0;0.0;2.0;7.0;1.0;B01
82049;201300053820;0;38;0;0.0;1.0;3.0;1.0;A01
82050;201300053821;0;30;0;0.0;1.0;1.0;17.0;A01
82051;201300053822;0;1;0;0.0;2.0;1.0;1.0;B01
82052;201300053822;0;7;0;0.0;9.0;3.0;15.0;A01
82053;201300053823;0;7;0;0.0;1.0;3.0;15.0;A01
82054;201300053824;0;33;0;0.0;0.0;8.0;1.0;B01
82055;201300053824;0;7;0;0.0;0.0;7.0;12.0;A01
82056;201300053825;1;7;0;0.0;1.0;0.0;1.0;Z01
82057;201300053826;0;7;0;0.0;0.0;6.0;1.0;C01
82058;201300053826;0;7;0;0.0;0.0;5.0;1.0;B01
82059;201300053826;0;33;0;0.0;2.0;9.0;12.0;A01
82060;201300053827;0;32;0;0.0;2.0;7.0;17.0;B01
82061;201300053827;0;7;0;0.0;2.0;3.0;15.0;A01
82062;201300053828;0;10;0;0.0;2.0;4.0;23.0;C01
82063;201300053828;0;7;0;0.0;2.0;9.0;23.0;B01
82064;201300053828;0;7;0;0.0;2.0;1.0;2.0;A01
82065;201300053829;0;1;0;0.0;2.0;4.0;13.0;B01
82066;201300053829;0;34;0;0.0;2.0;4.0;17.0;A01
82067;201300053830;0;7;0;2.0;0.0;1.0;1.0;A01
82068;201300053831;0;7;0;1.0;0.0;3.0;1.0;A01
82069;201300053832;0;30;0;14.0;9.0;8.0;1.0;A01
82070;201300053833;0;7;0;0.0;2.0;8.0;1.0;B01
82071;201300053833;0;2;0;0.0;2.0;1.0;1.0;A01
82072;201300053834;0;7;0;0.0;2.0;5.0;12.0;B01
82073;201300053834;0;1;0;0.0;2.0;1.0;1.0;A01
82074;201300053835;0;34;0;0.0;0.0;0.0;13.0;A01
82075;201300053836;0;31;0;0.0;1.0;1.0;3.0;A01
82076;201300053837;0;7;0;0.0;2.0;1.0;1.0;B01
82077;201300053837;0;34;0;0.0;2.0;7.0;1.0;A01
82078;201300053838;0;34;0;0.0;1.0;2.0;17.0;A01
82079;201300053840;0;7;0;0.0;1.0;2.0;9.0;A01
82080;201300053841;0;1;0;0.0;2.0;2.0;15.0;A01
82081;201300053841;0;7;0;0.0;2.0;6.0;1.0;B01
82082;201300053842;0;32;0;0.0;2.0;8.0;7.0;B01
82083;201300053842;0;7;0;0.0;2.0;2.0;16.0;A01
82084;201300053843;0;7;0;0.0;1.0;1.0;1.0;A01
82085;201300053844;0;7;0;0.0;0.0;8.0;22.0;A01
82086;201300053844;0;30;0;1.0;0.0;7.0;1.0;B01
82087;201300053845;0;10;0;0.0;1.0;3.0;1.0;A01
82088;201300053846;0;32;0;0.0;1.0;1.0;1.0;A01
82089;201300053847;0;32;0;0.0;2.0;3.0;1.0;B01
82090;201300053847;0;7;0;0.0;2.0;1.0;15.0;A01
82091;201300053848;0;31;0;0.0;0.0;0.0;1.0;A01
82092;201300053849;0;7;0;0.0;2.0;5.0;15.0;A01
82093;201300053849;0;1;0;0.0;2.0;1.0;1.0;B01
82094;201300053850;0;33;0;0.0;2.0;5.0;1.0;B01
82095;201300053850;0;7;0;0.0;2.0;8.0;9.0;A01
82096;201300053851;0;10;0;0.0;1.0;1.0;15.0;A01
82097;201300053852;0;32;0;0.0;2.0;8.0;1.0;A01
82098;201300053852;1;7;0;0.0;2.0;1.0;1.0;Z01
82099;201300053853;0;7;0;0.0;0.0;4.0;23.0;B01
82100;201300053853;0;7;0;1.0;0.0;1.0;1.0;A01
82101;201300053854;1;7;0;0.0;1.0;1.0;1.0;Z01
82102;201300053855;0;32;0;0.0;1.0;1.0;17.0;A01
82103;201300053856;0;7;0;0.0;1.0;1.0;1.0;A01
82104;201300053857;0;7;0;0.0;2.0;3.0;15.0;A01
82105;201300053857;0;32;0;0.0;2.0;1.0;1.0;B01
82106;201300053858;0;30;0;0.0;2.0;1.0;2.0;A01
82107;201300053858;0;7;0;0.0;2.0;5.0;2.0;B01
82108;201300053859;0;7;0;0.0;2.0;3.0;15.0;A01
82109;201300053859;0;1;0;0.0;2.0;1.0;1.0;B01
82110;201300053861;0;7;0;0.0;1.0;3.0;1.0;A01
82111;201300053863;0;1;0;1.0;0.0;1.0;18.0;A01
82112;201300053863;0;7;0;0.0;2.0;7.0;22.0;B01
82113;201300053864;0;32;0;0.0;2.0;8.0;1.0;B01
82114;201300053864;0;10;0;0.0;2.0;2.0;1.0;A01
82115;201300053865;0;32;0;0.0;0.0;0.0;15.0;A01
82116;201300053866;0;1;0;1.0;2.0;2.0;1.0;B01
82117;201300053866;0;7;0;0.0;2.0;5.0;22.0;A01
82118;201300053867;0;7;0;0.0;2.0;3.0;22.0;A01
82119;201300053867;0;1;0;0.0;2.0;1.0;1.0;B01
82120;201300053869;0;32;0;0.0;1.0;1.0;1.0;A01
82121;201300053870;0;34;0;14.0;0.0;0.0;1.0;A01
82122;201300053871;0;7;0;0.0;2.0;7.0;16.0;B01
82123;201300053871;0;30;0;0.0;2.0;3.0;1.0;A01
82124;201300053872;0;7;0;0.0;2.0;2.0;17.0;A01
82125;201300053872;0;32;0;0.0;2.0;4.0;13.0;B01
82126;201300053873;0;32;0;0.0;1.0;1.0;1.0;A01
82127;201300053874;0;7;0;0.0;2.0;9.0;23.0;C01
82128;201300053874;0;7;0;0.0;2.0;1.0;1.0;A01
82129;201300053874;0;7;0;0.0;2.0;4.0;23.0;B01
82130;201300053875;0;32;0;12.0;0.0;1.0;1.0;A01
82131;201300053876;0;37;30;0.0;2.0;3.0;7.0;B01
82132;201300053876;0;38;54;0.0;2.0;5.0;16.0;A01
82133;201300053877;0;32;0;0.0;1.0;2.0;18.0;A01
82134;201300053878;0;30;0;0.0;2.0;7.0;1.0;A01
82135;201300053878;0;33;0;0.0;2.0;1.0;1.0;B01
82136;201300053879;0;32;0;0.0;1.0;1.0;1.0;A01
82137;201300053880;0;7;0;0.0;2.0;4.0;2.0;B01
82138;201300053880;0;7;0;0.0;2.0;4.0;2.0;C01
82139;201300053880;0;7;0;0.0;2.0;1.0;2.0;A01
82140;201300053880;0;7;0;0.0;2.0;4.0;2.0;D01
82141;201300053881;0;31;0;0.0;0.0;0.0;1.0;A01
82142;201300053882;0;7;0;0.0;1.0;3.0;15.0;A01
82143;201300053883;0;33;0;0.0;0.0;0.0;1.0;A01
82144;201300053884;0;7;0;0.0;2.0;3.0;13.0;A01
82145;201300053884;0;33;0;0.0;2.0;2.0;17.0;B01
82146;201300053885;0;32;0;0.0;0.0;0.0;21.0;A01
82147;201300053886;0;7;0;0.0;2.0;1.0;15.0;A01
82148;201300053886;0;30;0;0.0;2.0;8.0;1.0;B01
82149;201300053887;0;7;0;0.0;2.0;3.0;1.0;B01
82150;201300053887;0;2;0;0.0;2.0;1.0;15.0;A01
82151;201300053888;0;7;0;0.0;2.0;5.0;9.0;A01
82152;201300053888;0;33;0;0.0;2.0;1.0;1.0;B01
82153;201300053889;0;34;0;0.0;1.0;1.0;1.0;A01
82154;201300053890;0;33;0;0.0;1.0;1.0;17.0;A01
82155;201300053891;0;7;0;0.0;2.0;3.0;15.0;A01
82156;201300053891;0;33;0;0.0;2.0;1.0;1.0;B01
82157;201300053892;0;7;0;0.0;2.0;2.0;1.0;A01
82158;201300053892;0;30;0;0.0;2.0;3.0;1.0;B01
82159;201300053893;0;30;0;0.0;1.0;2.0;17.0;A01
82160;201300053895;0;7;0;0.0;1.0;3.0;1.0;A01
82161;201300053897;0;33;0;0.0;0.0;4.0;1.0;A01
82162;201300053898;0;33;0;0.0;0.0;0.0;21.0;A01
82163;201300053899;0;7;0;0.0;1.0;8.0;20.0;A01
82164;201300053900;0;30;0;0.0;2.0;2.0;10.0;A01
82165;201300053900;0;33;0;0.0;2.0;1.0;1.0;B01
82166;201300053902;0;30;0;0.0;2.0;2.0;17.0;A01
82167;201300053902;0;7;0;0.0;2.0;3.0;15.0;B01
82168;201300053903;0;34;0;0.0;1.0;3.0;15.0;A01
82169;201300053904;0;1;0;0.0;0.0;1.0;1.0;A01
82170;201300053905;0;33;0;0.0;2.0;1.0;17.0;B01
82171;201300053905;0;7;0;0.0;2.0;3.0;15.0;A01
82172;201300053906;0;1;0;0.0;0.0;0.0;1.0;A01
82173;201300053908;0;7;0;0.0;2.0;3.0;1.0;C01
82174;201300053908;0;7;0;0.0;2.0;3.0;1.0;B01
82175;201300053908;0;7;0;0.0;2.0;1.0;13.0;A01
82176;201300053909;0;32;0;0.0;2.0;8.0;1.0;A01
82177;201300053909;1;7;0;0.0;2.0;7.0;14.0;Z01
82178;201300053910;0;32;0;0.0;0.0;8.0;1.0;A01
82179;201300053911;0;7;0;0.0;2.0;7.0;15.0;A01
82180;201300053911;0;30;0;0.0;2.0;1.0;1.0;B01
82181;201300053912;0;7;0;0.0;1.0;4.0;4.0;A01
82182;201300053913;0;10;0;0.0;2.0;8.0;10.0;A01
82183;201300053913;0;32;0;0.0;2.0;7.0;1.0;B01
82184;201300053914;0;7;0;0.0;1.0;3.0;15.0;A01
82185;201300053915;0;7;0;0.0;1.0;1.0;15.0;A01
82186;201300053916;0;7;0;7.0;0.0;3.0;13.0;A01
82187;201300053917;0;7;0;8.0;0.0;1.0;1.0;A01
82188;201300053918;0;7;0;0.0;1.0;1.0;15.0;A01
82189;201300053919;0;7;0;0.0;1.0;3.0;4.0;A01
82190;201300053921;0;7;0;0.0;2.0;1.0;15.0;A01
82191;201300053921;0;1;0;0.0;2.0;1.0;1.0;B01
82192;201300053922;0;10;0;0.0;2.0;0.0;13.0;A01
82193;201300053922;0;34;0;0.0;2.0;0.0;1.0;B01
82194;201300053923;1;7;0;0.0;1.0;1.0;16.0;Z01
82195;201300053924;0;7;0;0.0;2.0;1.0;1.0;A01
82196;201300053924;0;7;0;0.0;0.0;4.0;23.0;B01
82197;201300053925;0;7;0;0.0;1.0;3.0;20.0;A01
82198;201300053926;0;7;0;0.0;2.0;4.0;23.0;B01
82199;201300053926;0;10;0;0.0;2.0;1.0;1.0;A01
82200;201300053927;0;7;0;0.0;2.0;3.0;1.0;B01
82201;201300053927;0;2;0;0.0;2.0;2.0;1.0;A01
82202;201300053928;0;34;0;0.0;1.0;0.0;1.0;A01
82203;201300053929;0;10;0;0.0;1.0;8.0;1.0;A01
82204;201300053930;0;32;0;0.0;0.0;1.0;21.0;A01
82205;201300053931;0;7;0;0.0;1.0;8.0;20.0;A01
82206;201300053932;0;30;0;0.0;1.0;1.0;18.0;A01
82207;201300053933;0;2;0;0.0;0.0;1.0;21.0;A01
82208;201300053934;0;32;0;0.0;1.0;1.0;1.0;A01
82209;201300053936;0;33;0;0.0;0.0;8.0;15.0;A01
82210;201300053937;0;7;0;0.0;1.0;1.0;15.0;A01
82211;201300053938;0;33;0;0.0;2.0;7.0;3.0;B01
82212;201300053938;0;33;0;0.0;2.0;1.0;11.0;A01
82213;201300053939;0;7;0;0.0;1.0;1.0;15.0;A01
82214;201300053940;0;30;0;1.0;0.0;1.0;1.0;A01
82215;201300053941;0;33;0;0.0;2.0;8.0;1.0;B01
82216;201300053941;0;7;0;0.0;2.0;2.0;15.0;A01
82217;201300053942;0;31;0;0.0;1.0;3.0;1.0;A01
82218;201300053943;0;32;0;0.0;2.0;5.0;18.0;A01
82219;201300053943;0;7;0;0.0;2.0;3.0;14.0;B01
82220;201300053944;0;10;0;0.0;2.0;2.0;2.0;A01
82221;201300053944;0;7;0;0.0;2.0;6.0;23.0;B01
82222;201300053946;0;10;0;0.0;1.0;3.0;1.0;A01
82223;201300053947;0;7;0;0.0;2.0;1.0;15.0;A01
82224;201300053947;0;30;0;0.0;2.0;8.0;1.0;B01
82225;201300053948;0;10;0;0.0;1.0;2.0;15.0;A01
82226;201300053949;0;7;0;0.0;2.0;2.0;16.0;A01
82227;201300053949;0;1;0;0.0;2.0;8.0;1.0;B01
82228;201300053950;0;7;0;0.0;1.0;1.0;1.0;A01
82229;201300053952;0;7;0;0.0;1.0;1.0;15.0;A01
82230;201300053953;1;7;0;0.0;2.0;0.0;5.0;Z01
82231;201300053953;0;30;0;0.0;2.0;1.0;1.0;A01
82232;201300053954;0;7;0;6.0;0.0;1.0;13.0;A01
82233;201300053955;0;32;0;14.0;0.0;1.0;1.0;A01
82234;201300053956;0;7;0;0.0;1.0;3.0;1.0;A01
82235;201300053958;0;7;0;0.0;1.0;1.0;1.0;A01
82236;201300053959;0;30;0;0.0;0.0;8.0;21.0;A01
82237;201300053960;0;30;0;0.0;0.0;0.0;1.0;A01
82238;201300053961;0;32;0;0.0;0.0;0.0;1.0;A01
82239;201300053962;0;32;0;0.0;1.0;1.0;1.0;A01
82240;201300053963;0;7;0;0.0;2.0;5.0;16.0;B01
82241;201300053963;0;33;0;0.0;2.0;3.0;15.0;A01
82242;201300053964;0;7;0;0.0;2.0;7.0;1.0;A01
82243;201300053964;0;7;0;0.0;2.0;1.0;1.0;B01
82244;201300053966;1;7;0;0.0;1.0;4.0;4.0;Z01
82245;201300053967;0;7;0;0.0;2.0;3.0;2.0;A01
82246;201300053967;0;7;0;7.0;2.0;5.0;15.0;B01
82247;201300053968;0;31;0;0.0;2.0;7.0;17.0;B01
82248;201300053968;0;7;0;0.0;2.0;3.0;11.0;A01
82249;201300053970;0;32;0;0.0;2.0;7.0;1.0;A01
82250;201300053970;0;7;0;0.0;2.0;1.0;1.0;B01
82251;201300053971;0;7;0;0.0;1.0;2.0;1.0;A01
82252;201300053974;0;32;0;0.0;0.0;8.0;1.0;A01
82253;201300053975;0;7;0;1.0;1.0;2.0;1.0;A01
82254;201300053977;0;33;0;0.0;1.0;1.0;3.0;A01
82255;201300053978;0;7;0;0.0;1.0;1.0;15.0;A01
82256;201300053979;0;33;0;0.0;1.0;3.0;18.0;A01
82257;201300053980;0;10;0;0.0;2.0;3.0;13.0;A01
82258;201300053980;0;33;0;0.0;2.0;2.0;17.0;B01
82259;201300053981;0;31;0;0.0;2.0;2.0;17.0;C01
82260;201300053981;0;7;0;0.0;2.0;3.0;23.0;B01
82261;201300053981;0;7;0;0.0;2.0;8.0;9.0;A01
82262;201300053982;0;2;0;0.0;1.0;1.0;1.0;A01
82263;201300053983;0;31;0;0.0;0.0;8.0;1.0;A01
82264;201300053984;0;32;0;0.0;1.0;0.0;1.0;A01
82265;201300053986;0;7;0;0.0;1.0;2.0;1.0;A01
82266;201300053987;0;32;0;0.0;0.0;8.0;1.0;A01
82267;201300053988;0;30;0;0.0;0.0;7.0;1.0;A01
82268;201300053989;0;33;0;0.0;2.0;1.0;2.0;A01
82269;201300053989;0;7;0;0.0;2.0;5.0;2.0;B01
82270;201300053990;0;33;0;0.0;0.0;4.0;23.0;B01
82271;201300053990;0;33;0;0.0;2.0;2.0;1.0;A01
82272;201300053990;0;7;0;0.0;0.0;4.0;23.0;C01
82273;201300053991;0;7;0;8.0;1.0;1.0;1.0;A01
82274;201300053992;0;7;0;0.0;2.0;1.0;1.0;B01
82275;201300053992;0;32;0;0.0;2.0;7.0;1.0;A01
82276;201300053993;0;10;0;0.0;1.0;4.0;4.0;A01
82277;201300053994;0;10;0;0.0;1.0;1.0;15.0;A01
82278;201300053995;0;7;0;0.0;1.0;2.0;16.0;A01
82279;201300053996;0;32;0;0.0;2.0;4.0;23.0;B01
82280;201300053996;0;7;0;0.0;2.0;3.0;2.0;A01
82281;201300053997;0;7;0;0.0;2.0;6.0;15.0;A01
82282;201300053997;0;30;0;0.0;2.0;2.0;17.0;B01
82283;201300053998;0;7;0;0.0;1.0;1.0;15.0;A01
82284;201300053999;0;7;0;0.0;2.0;5.0;1.0;B01
82285;201300053999;0;7;0;0.0;2.0;1.0;1.0;A01
82286;201300053999;0;7;0;1.0;2.0;4.0;1.0;C01
82287;201300054000;0;30;0;0.0;0.0;0.0;1.0;A01
82288;201300054001;0;7;0;0.0;2.0;1.0;1.0;A01
82289;201300054001;0;7;0;1.0;2.0;7.0;15.0;B01
82290;201300054003;0;32;0;0.0;0.0;0.0;1.0;A01
82291;201300054004;0;33;0;0.0;2.0;8.0;1.0;B01
82292;201300054004;0;7;0;0.0;2.0;2.0;1.0;A01
82293;201300054005;0;7;0;0.0;2.0;6.0;2.0;A01
82294;201300054005;0;13;0;0.0;2.0;1.0;2.0;B01
82295;201300054006;0;7;0;0.0;2.0;7.0;1.0;A01
82296;201300054006;0;31;0;0.0;2.0;8.0;1.0;B01
82297;201300054008;0;10;0;0.0;1.0;2.0;1.0;A01
82298;201300054009;0;7;0;0.0;1.0;3.0;15.0;A01
82299;201300054010;0;7;0;0.0;2.0;8.0;10.0;A01
82300;201300054010;0;30;0;0.0;2.0;1.0;1.0;B01
82301;201300054011;0;7;0;1.0;0.0;1.0;14.0;A01
82302;201300054012;0;7;0;0.0;2.0;1.0;2.0;A01
82303;201300054012;0;34;0;0.0;2.0;4.0;23.0;B01
82304;201300054013;0;7;0;0.0;1.0;7.0;1.0;A01
82305;201300054014;0;37;1;0.0;2.0;0.0;1.0;B01
82306;201300054014;0;30;0;0.0;2.0;1.0;13.0;A01
82307;201300054016;1;10;0;0.0;1.0;0.0;1.0;Z01
82308;201300054017;0;33;0;0.0;2.0;2.0;17.0;A01
82309;201300054017;0;7;0;0.0;2.0;3.0;22.0;B01
82310;201300054018;0;1;0;12.0;0.0;1.0;14.0;A01
82311;201300054019;0;7;0;0.0;2.0;2.0;15.0;B01
82312;201300054019;0;34;0;0.0;2.0;1.0;1.0;A01
82313;201300054021;0;32;0;0.0;2.0;7.0;1.0;B01
82314;201300054021;0;7;0;0.0;2.0;3.0;15.0;A01
82315;201300054022;0;30;0;0.0;2.0;2.0;17.0;B01
82316;201300054022;0;7;0;0.0;2.0;3.0;10.0;A01
82317;201300054023;1;7;0;0.0;2.0;4.0;23.0;Z01
82318;201300054023;0;1;0;0.0;2.0;1.0;1.0;A01
82319;201300054024;0;10;0;0.0;2.0;3.0;15.0;B01
82320;201300054024;0;2;0;0.0;2.0;1.0;17.0;A01
82321;201300054025;0;7;0;0.0;2.0;6.0;1.0;B01
82322;201300054025;0;7;0;0.0;2.0;1.0;1.0;A01