;Num_Acc;senc;catv;occutc;obs;obsm;choc;manv;num_veh
82742;201300054306;0;7;0;0.0;2.0;3.0;15.0;A01
82743;201300054306;0;33;0;0.0;2.0;1.0;17.0;B01
82744;201300054307;0;1;0;0.0;2.0;1.0;1.0;B01
82745;201300054307;0;10;0;0.0;2.0;2.0;16.0;A01
82746;201300054308;0;7;0;0.0;2.0;1.0;15.0;A01
82747;201300054308;0;32;0;0.0;2.0;8.0;1.0;B01
82748;201300054310;0;7;0;0.0;1.0;1.0;9.0;A01
82749;201300054311;0;7;0;0.0;1.0;1.0;1.0;A01
82750;201300054312;0;1;0;0.0;0.0;0.0;0.0;A01
82751;201300054313;0;34;0;0.0;2.0;2.0;17.0;B01
82752;201300054313;0;7;0;0.0;0.0;3.0;10.0;A01
82753;201300054314;0;7;0;15.0;0.0;1.0;15.0;A01
82754;201300054315;0;30;0;0.0;2.0;1.0;2.0;A01
82755;201300054315;0;7;0;0.0;2.0;4.0;23.0;B01
82756;201300054316;0;32;0;0.0;2.0;3.0;2.0;A01
82757;201300054316;1;10;0;0.0;2.0;1.0;2.0;Z01
82758;201300054317;0;10;0;0.0;2.0;5.0;2.0;B01
82759;201300054317;0;7;0;0.0;2.0;1.0;2.0;A01
82760;201300054318;0;15;0;0.0;2.0;7.0;12.0;A01
82761;201300054318;0;7;0;0.0;2.0;8.0;1.0;B01
82762;201300054319;0;30;0;14.0;0.0;0.0;1.0;A01
82763;201300054320;0;10;0;0.0;2.0;5.0;12.0;B01
82764;201300054320;0;30;0;0.0;2.0;1.0;18.0;A01
82765;201300054321;0;7;0;1.0;0.0;1.0;14.0;A01
82766;201300054322;0;31;0;0.0;2.0;7.0;1.0;B01
82767;201300054322;0;7;0;0.0;2.0;8.0;1.0;A01
82768;201300054323;0;2;0;1.0;0.0;2.0;1.0;A01
82769;201300054323;0;7;0;0.0;0.0;8.0;22.0;B01
82770;201300054326;0;37;1;0.0;2.0;1.0;2.0;A01
82771;201300054326;0;32;0;0.0;2.0;4.0;23.0;B01
82772;201300054327;0;1;0;1.0;0.0;3.0;1.0;B01
82773;201300054327;0;7;0;0.0;9.0;3.0;22.0;A01
82774;201300054328;0;7;0;0.0;2.0;2.0;9.0;B01
82775;201300054328;0;31;0;0.0;2.0;1.0;17.0;A01
82776;201300054329;0;7;0;1.0;0.0;7.0;1.0;A01
82777;201300054329;0;7;0;1.0;2.0;8.0;22.0;B01
82778;201300054330;0;7;0;0.0;0.0;3.0;10.0;A01
82779;201300054330;0;34;0;0.0;2.0;1.0;1.0;B01
82780;201300054331;0;7;0;0.0;2.0;2.0;10.0;A01
82781;201300054331;0;33;0;0.0;2.0;1.0;1.0;B01
82782;201300054332;1;13;0;0.0;1.0;0.0;16.0;Z01
82783;201300054333;0;7;0;0.0;2.0;6.0;11.0;A01
82784;201300054333;0;34;0;0.0;2.0;2.0;3.0;B01
82785;201300054334;0;33;0;0.0;1.0;1.0;7.0;A01
82786;201300054335;0;7;0;1.0;2.0;5.0;1.0;C01
82787;201300054335;0;7;0;0.0;2.0;7.0;12.0;B01
82788;201300054335;0;34;0;0.0;2.0;8.0;3.0;A01
82789;201300054336;0;1;0;1.0;0.0;1.0;1.0;A01
82790;201300054337;0;34;0;0.0;0.0;2.0;1.0;A01
82791;201300054338;0;7;0;0.0;9.0;8.0;22.0;A01
82792;201300054338;0;1;0;1.0;0.0;2.0;1.0;B01
82793;201300054339;0;7;0;1.0;2.0;3.0;16.0;A01
82794;201300054339;0;7;0;1.0;2.0;2.0;1.0;B01
82795;201300054340;0;7;0;0.0;2.0;2.0;23.0;B01
82796;201300054340;0;31;0;0.0;2.0;1.0;21.0;A01
82797;201300054341;0;10;0;0.0;1.0;3.0;15.0;A01
82798;201300054342;0;7;0;0.0;1.0;4.0;4.0;A01
82799;201300054343;0;34;0;0.0;2.0;1.0;1.0;A01
82800;201300054343;0;2;0;0.0;2.0;4.0;1.0;B01
82801;201300054344;0;1;0;0.0;0.0;1.0;1.0;A01
82802;201300054345;0;7;0;0.0;1.0;1.0;1.0;A01
82803;201300054346;1;33;0;0.0;1.0;1.0;16.0;Z01
82804;201300054347;0;33;0;0.0;2.0;7.0;1.0;A01
82805;201300054347;0;7;0;0.0;2.0;1.0;1.0;B01
82806;201300054348;0;7;0;0.0;2.0;6.0;1.0;C01
82807;201300054348;0;7;0;15.0;2.0;1.0;13.0;A01
82808;201300054348;0;7;0;8.0;2.0;1.0;23.0;B01
82809;201300054351;0;32;0;0.0;2.0;7.0;17.0;A01
82810;201300054351;0;7;0;0.0;2.0;3.0;10.0;B01
82811;201300054352;0;7;0;0.0;2.0;1.0;15.0;A01
82812;201300054352;0;1;0;0.0;2.0;4.0;1.0;B01
82813;201300054353;0;31;0;0.0;2.0;1.0;1.0;A01
82814;201300054353;1;7;0;0.0;0.0;0.0;1.0;Z01
82815;201300054354;0;30;0;0.0;2.0;8.0;1.0;B01
82816;201300054354;0;7;0;0.0;2.0;7.0;12.0;A01
82817;201300054355;0;1;0;0.0;2.0;1.0;2.0;A01
82818;201300054355;0;1;0;0.0;2.0;0.0;2.0;B01
82819;201300054355;0;1;0;0.0;2.0;0.0;2.0;C01
82820;201300054356;0;37;0;0.0;2.0;1.0;23.0;B01
82821;201300054356;0;7;0;0.0;2.0;1.0;13.0;A01
82822;201300054357;1;7;0;0.0;1.0;0.0;16.0;Z01
82823;201300054358;0;7;0;0.0;2.0;8.0;15.0;A01
82824;201300054358;0;2;0;0.0;2.0;1.0;1.0;B01
82825;201300054359;0;7;0;0.0;1.0;3.0;1.0;A01
82826;201300054360;0;7;0;0.0;1.0;3.0;1.0;A01
82827;201300054361;0;34;0;8.0;2.0;1.0;17.0;B01
82828;201300054361;0;7;0;0.0;2.0;0.0;15.0;A01
82829;201300054362;0;7;0;0.0;0.0;5.0;1.0;A01
82830;201300054362;0;30;0;0.0;0.0;0.0;1.0;B01
82831;201300054363;0;33;0;0.0;2.0;1.0;1.0;B01
82832;201300054363;0;7;0;0.0;2.0;5.0;15.0;A01
82833;201300054364;1;7;0;0.0;1.0;3.0;1.0;Z01
82834;201300054365;0;7;0;0.0;2.0;2.0;1.0;A01
82835;201300054365;0;7;0;0.0;2.0;3.0;1.0;C01
82836;201300054365;0;7;0;0.0;2.0;6.0;18.0;B01
82837;201300054366;0;30;0;0.0;2.0;1.0;1.0;A01
82838;201300054366;0;10;0;0.0;2.0;8.0;15.0;B01
82839;201300054367;1;10;0;0.0;2.0;0.0;15.0;Z01
82840;201300054367;0;30;0;0.0;2.0;3.0;1.0;A01
82841;201300054368;1;7;0;0.0;2.0;0.0;14.0;Z01
82842;201300054368;0;32;0;0.0;2.0;3.0;1.0;A01
82843;201300054370;0;7;0;0.0;1.0;2.0;1.0;A01
82844;201300054371;0;7;0;0.0;2.0;5.0;1.0;A01
82845;201300054371;0;7;0;0.0;0.0;3.0;16.0;B01
82846;201300054372;0;7;0;0.0;0.0;8.0;1.0;B01
82847;201300054372;0;2;0;0.0;2.0;1.0;16.0;A01
82848;201300054373;0;32;0;0.0;0.0;0.0;1.0;A01
82849;201300054374;0;7;0;0.0;1.0;4.0;20.0;A01
82850;201300054375;0;7;0;0.0;2.0;4.0;23.0;B01
82851;201300054375;0;7;0;0.0;2.0;1.0;2.0;A01
82852;201300054376;0;7;0;0.0;1.0;3.0;15.0;A01
82853;201300054377;0;10;0;0.0;1.0;6.0;4.0;A01
82854;201300054378;0;7;0;0.0;1.0;5.0;1.0;A01
82855;201300054380;0;32;0;0.0;2.0;2.0;1.0;B01
82856;201300054380;0;7;0;0.0;2.0;3.0;9.0;A01
82857;201300054382;0;32;0;0.0;0.0;8.0;1.0;A01
82858;201300054383;0;7;0;0.0;2.0;5.0;11.0;A01
82859;201300054383;0;30;0;0.0;2.0;1.0;1.0;B01
82860;201300054384;0;7;0;0.0;2.0;6.0;15.0;A01
82861;201300054384;0;32;0;0.0;2.0;2.0;17.0;B01
82862;201300054385;0;30;0;0.0;2.0;2.0;2.0;A01
82863;201300054385;0;10;0;0.0;2.0;4.0;23.0;B01
82864;201300054386;0;32;0;0.0;0.0;0.0;21.0;A01
82865;201300054387;0;7;0;0.0;2.0;6.0;23.0;B01
82866;201300054387;0;7;0;7.0;2.0;1.0;2.0;A01
82867;201300054387;0;7;0;0.0;2.0;1.0;23.0;C01
82868;201300054388;0;33;0;0.0;2.0;1.0;3.0;C01
82869;201300054388;0;7;0;0.0;2.0;5.0;1.0;A01
82870;201300054388;0;2;0;0.0;2.0;1.0;13.0;B01
82871;201300054389;0;7;0;0.0;2.0;3.0;10.0;A01
82872;201300054389;0;32;0;0.0;2.0;1.0;1.0;B01
82873;201300054390;0;2;0;0.0;2.0;2.0;17.0;B01
82874;201300054390;0;7;0;0.0;2.0;3.0;10.0;A01
82875;201300054391;0;7;0;0.0;2.0;4.0;2.0;A01
82876;201300054391;0;30;0;0.0;2.0;3.0;2.0;B01
82877;201300054392;0;7;0;0.0;2.0;5.0;1.0;C01
82878;201300054392;0;7;0;0.0;2.0;0.0;11.0;A01
82879;201300054392;0;10;0;0.0;2.0;2.0;1.0;B01
82880;201300054393;0;32;0;0.0;0.0;8.0;13.0;A01
82881;201300054394;0;2;0;0.0;0.0;8.0;1.0;A01
82882;201300054395;0;7;0;0.0;2.0;6.0;10.0;A01
82883;201300054395;0;32;0;0.0;2.0;2.0;17.0;B01
82884;201300054396;0;7;0;0.0;0.0;0.0;1.0;A01
82885;201300054397;0;10;0;0.0;2.0;2.0;15.0;A01
82886;201300054397;0;33;0;0.0;2.0;2.0;1.0;B01
82887;201300054398;1;7;0;0.0;2.0;1.0;15.0;Z01
82888;201300054398;0;30;0;0.0;2.0;1.0;1.0;A01
82889;201300054399;0;37;0;0.0;1.0;2.0;7.0;A01
82890;201300054400;0;7;0;0.0;2.0;1.0;15.0;A01
82891;201300054400;0;33;0;0.0;2.0;3.0;1.0;B01
82892;201300054401;0;7;0;0.0;2.0;7.0;15.0;A01
82893;201300054401;0;31;0;0.0;2.0;1.0;1.0;B01
82894;201300054402;0;7;0;0.0;2.0;6.0;2.0;B01
82895;201300054402;0;7;0;0.0;2.0;2.0;23.0;A01
82896;201300054403;0;7;0;0.0;2.0;3.0;10.0;A01
82897;201300054403;0;1;0;0.0;2.0;1.0;1.0;B01
82898;201300054404;0;7;0;0.0;2.0;2.0;16.0;A01
82899;201300054404;0;34;0;0.0;2.0;6.0;18.0;B01
82900;201300054405;0;7;0;0.0;1.0;1.0;15.0;A01
82901;201300054406;0;32;0;0.0;1.0;1.0;1.0;A01
82902;201300054407;1;7;0;0.0;1.0;0.0;16.0;A01
82903;201300054408;0;7;0;0.0;2.0;4.0;23.0;A01
82904;201300054408;0;7;0;0.0;2.0;1.0;1.0;B01
82905;201300054409;0;1;0;0.0;1.0;0.0;1.0;A01
82906;201300054410;1;7;0;0.0;1.0;0.0;4.0;Z01
82907;201300054411;0;1;0;0.0;0.0;7.0;1.0;A01
82908;201300054412;0;33;0;0.0;2.0;0.0;2.0;A01
82909;201300054414;0;7;0;0.0;2.0;3.0;1.0;B01
82910;201300054414;0;7;0;0.0;2.0;3.0;13.0;A01
82911;201300054415;0;7;0;1.0;1.0;3.0;1.0;A01
82912;201300054416;0;32;0;9.0;0.0;0.0;1.0;A01
82913;201300054416;0;7;0;0.0;0.0;0.0;23.0;B01
82914;201300054417;0;7;0;0.0;1.0;3.0;15.0;A01
82915;201300054418;0;33;0;0.0;1.0;1.0;1.0;A01
82916;201300054419;0;30;0;0.0;0.0;0.0;1.0;A01
82917;201300054421;0;7;0;0.0;1.0;4.0;20.0;A01
82918;201300054422;0;33;0;0.0;0.0;8.0;3.0;B01
82919;201300054422;0;7;0;0.0;2.0;3.0;11.0;A01
82920;201300054423;0;32;0;0.0;2.0;7.0;1.0;B01
82921;201300054423;0;7;0;0.0;2.0;2.0;1.0;A01
82922;201300054424;0;7;0;0.0;2.0;2.0;15.0;B01
82923;201300054424;0;33;0;0.0;2.0;9.0;1.0;A01
82924;201300054425;0;7;0;0.0;2.0;6.0;9.0;A01
82925;201300054425;0;32;0;0.0;2.0;1.0;1.0;B01
82926;201300054426;0;30;0;0.0;2.0;1.0;1.0;B01
82927;201300054426;0;10;0;0.0;0.0;6.0;10.0;A01
82928;201300054427;0;30;0;0.0;1.0;2.0;1.0;A01
82929;201300054428;0;33;0;0.0;2.0;8.0;9.0;B01
82930;201300054428;0;7;0;0.0;2.0;2.0;1.0;A01
82931;201300054429;0;30;0;0.0;0.0;8.0;1.0;A01
82932;201300054430;0;7;0;0.0;1.0;8.0;1.0;A01
82933;201300054431;0;7;0;0.0;2.0;1.0;1.0;B01
82934;201300054431;0;30;0;0.0;2.0;7.0;1.0;A01
82935;201300054432;0;7;0;0.0;0.0;3.0;1.0;A01
82936;201300054432;0;32;0;0.0;2.0;1.0;13.0;B01
82937;201300054433;0;30;0;0.0;2.0;7.0;1.0;B01
82938;201300054433;0;10;0;0.0;2.0;3.0;11.0;A01
82939;201300054434;0;14;0;0.0;2.0;8.0;15.0;A01
82940;201300054434;0;30;0;0.0;2.0;8.0;17.0;B01
82941;201300054435;0;32;0;0.0;2.0;4.0;2.0;B01
82942;201300054435;0;7;0;0.0;2.0;1.0;2.0;A01
82943;201300054436;0;2;0;0.0;2.0;8.0;1.0;B01
82944;201300054436;0;7;0;0.0;2.0;7.0;16.0;A01
82945;201300054437;0;31;0;0.0;2.0;3.0;3.0;B01
82946;201300054437;0;7;0;0.0;2.0;5.0;12.0;A01
82947;201300054438;0;32;0;0.0;0.0;2.0;16.0;A01
82948;201300054439;0;7;0;0.0;2.0;3.0;1.0;A01
82949;201300054439;0;33;0;0.0;0.0;4.0;23.0;B01
82950;201300054440;0;7;0;0.0;1.0;3.0;15.0;A01
82951;201300054441;0;30;0;0.0;2.0;1.0;1.0;A01
82952;201300054441;0;7;0;0.0;2.0;1.0;15.0;B01
82953;201300054443;0;30;0;0.0;1.0;1.0;1.0;A01
82954;201300054445;0;7;0;0.0;1.0;2.0;16.0;A01
82955;201300054446;0;30;0;15.0;0.0;5.0;1.0;A01
82956;201300054447;0;7;0;0.0;2.0;4.0;23.0;A01
82957;201300054447;2;10;0;0.0;2.0;1.0;2.0;Z01
82958;201300054448;0;2;0;0.0;2.0;1.0;1.0;A01
82959;201300054448;0;7;0;0.0;2.0;3.0;15.0;B01
82960;201300054449;0;7;0;0.0;2.0;1.0;16.0;A01
82961;201300054449;0;30;0;0.0;2.0;1.0;18.0;B01
82962;201300054450;0;7;0;0.0;2.0;6.0;1.0;B01
82963;201300054450;0;2;0;0.0;2.0;1.0;1.0;A01
82964;201300054451;0;7;0;0.0;1.0;1.0;15.0;A01
82965;201300054452;0;7;0;0.0;2.0;8.0;15.0;B01
82966;201300054452;0;2;0;0.0;2.0;3.0;17.0;A01
82967;201300054453;0;7;0;0.0;2.0;1.0;1.0;B01
82968;201300054453;0;2;0;0.0;2.0;4.0;11.0;A01
82969;201300054454;0;1;0;0.0;2.0;8.0;19.0;B01
82970;201300054454;0;33;0;0.0;2.0;3.0;1.0;A01
82971;201300054455;0;7;0;0.0;1.0;4.0;4.0;A01
82972;201300054457;0;10;0;0.0;2.0;2.0;1.0;A01
82973;201300054457;0;7;0;1.0;2.0;3.0;9.0;B01
82974;201300054458;0;7;0;0.0;1.0;1.0;16.0;A01
82975;201300054459;0;31;0;0.0;2.0;1.0;1.0;A01
82976;201300054459;1;7;0;0.0;2.0;6.0;10.0;Z01
82977;201300054460;0;7;0;0.0;2.0;1.0;1.0;A01
82978;201300054460;0;7;0;0.0;2.0;7.0;1.0;B01
82979;201300054461;0;7;0;0.0;1.0;3.0;1.0;A01
82980;201300054462;0;7;0;0.0;1.0;3.0;1.0;A01
82981;201300054463;0;10;0;0.0;2.0;3.0;13.0;A01
82982;201300054463;0;32;0;0.0;2.0;2.0;17.0;B01
82983;201300054464;0;7;0;0.0;2.0;6.0;10.0;A01
82984;201300054464;0;33;0;0.0;2.0;2.0;1.0;B01
82985;201300054467;0;32;0;0.0;2.0;8.0;1.0;B01
82986;201300054467;0;32;0;0.0;2.0;0.0;13.0;A01
82987;201300054468;0;7;0;0.0;1.0;1.0;1.0;A01
82988;201300054470;0;7;0;0.0;1.0;3.0;1.0;A01
82989;201300054471;0;32;0;8.0;0.0;3.0;9.0;A01
82990;201300054472;0;7;0;0.0;1.0;1.0;1.0;A01
82991;201300054474;0;32;0;0.0;0.0;0.0;1.0;A01
82992;201300054475;0;7;0;0.0;9.0;3.0;1.0;A01
82993;201300054475;0;33;0;0.0;2.0;5.0;11.0;B01
82994;201300054476;0;7;0;0.0;0.0;4.0;24.0;A01
82995;201300054476;0;7;0;0.0;2.0;1.0;1.0;B01
82996;201300054477;0;34;0;0.0;0.0;8.0;1.0;A01
82997;201300054478;0;33;0;0.0;2.0;1.0;1.0;B01
82998;201300054478;0;7;0;0.0;2.0;1.0;1.0;A01
82999;201300054480;0;30;0;12.0;2.0;1.0;17.0;A01
83000;201300054480;0;7;0;0.0;2.0;3.0;15.0;B01
83001;201300054481;0;31;0;0.0;2.0;7.0;16.0;A01
83002;201300054481;0;32;0;0.0;2.0;8.0;1.0;B01
83003;201300054482;0;30;0;0.0;1.0;1.0;1.0;A01
83004;201300054484;0;32;0;0.0;2.0;1.0;1.0;A01
83005;201300054484;0;7;0;0.0;2.0;1.0;15.0;B01
83006;201300054485;0;7;0;0.0;1.0;1.0;1.0;A01
83007;201300054486;0;32;0;0.0;2.0;1.0;1.0;A01
83008;201300054486;0;7;0;0.0;2.0;1.0;1.0;B01
83009;201300054487;0;34;0;0.0;1.0;1.0;1.0;A01
83010;201300054488;0;34;0;0.0;1.0;1.0;1.0;A01
83011;201300054489;0;14;0;0.0;1.0;2.0;15.0;A01
83012;201300054490;0;14;0;0.0;1.0;5.0;16.0;A01
83013;201300054491;0;7;0;0.0;2.0;3.0;10.0;A01
83014;201300054491;0;1;0;0.0;2.0;1.0;1.0;B01
83015;201300054492;0;7;0;11.0;0.0;3.0;13.0;A01
83016;201300054493;0;7;0;0.0;1.0;1.0;15.0;A01
83017;201300054497;0;34;0;0.0;2.0;1.0;5.0;A01
83018;201300054497;0;10;0;0.0;2.0;3.0;15.0;B01
83019;201300054498;0;7;0;0.0;2.0;1.0;15.0;B01
83020;201300054498;0;7;0;0.0;2.0;6.0;4.0;A01
83021;201300054499;0;7;0;0.0;1.0;3.0;15.0;A01
83022;201300054500;0;7;0;0.0;1.0;8.0;4.0;A01
83023;201300054502;1;7;0;0.0;1.0;0.0;1.0;Z01
83024;201300054503;0;32;0;0.0;2.0;2.0;1.0;A01
83025;201300054503;0;10;0;0.0;2.0;1.0;1.0;B01
83026;201300054504;0;7;0;0.0;2.0;5.0;16.0;A01
83027;201300054504;0;30;0;0.0;2.0;8.0;1.0;B01
83028;201300054505;0;7;0;0.0;1.0;3.0;1.0;A01
83029;201300054506;0;34;0;0.0;0.0;0.0;9.0;A01
83030;201300054507;1;7;0;0.0;1.0;2.0;1.0;Z01
83031;201300054508;0;34;0;0.0;2.0;1.0;1.0;B01
83032;201300054508;0;7;0;0.0;2.0;1.0;9.0;A01
83033;201300054509;0;7;0;0.0;1.0;1.0;2.0;A01
83034;201300054510;0;32;0;0.0;2.0;8.0;1.0;A01
83035;201300054510;0;7;0;0.0;2.0;6.0;15.0;B01
83036;201300054511;0;34;0;0.0;0.0;0.0;1.0;A01
83037;201300054512;0;34;0;0.0;2.0;4.0;7.0;A01
83038;201300054512;0;10;0;0.0;2.0;3.0;15.0;B01
83039;201300054513;1;7;0;0.0;1.0;0.0;1.0;Z01
83040;201300054515;0;7;0;1.0;2.0;5.0;1.0;B01
83041;201300054515;0;7;0;0.0;1.0;1.0;1.0;A01
83042;201300054516;0;30;0;0.0;1.0;1.0;17.0;A01
83043;201300054517;0;31;0;0.0;0.0;7.0;1.0;A01
83044;201300054518;0;33;0;0.0;0.0;8.0;9.0;A01
83045;201300054520;0;31;0;0.0;2.0;1.0;1.0;A01
83046;201300054520;0;7;0;0.0;2.0;3.0;1.0;B01
83047;201300054521;0;33;0;0.0;1.0;0.0;1.0;A01
83048;201300054522;0;31;0;0.0;2.0;7.0;1.0;A01
83049;201300054522;0;7;0;0.0;0.0;8.0;15.0;B01
83050;201300054523;0;7;0;0.0;2.0;1.0;1.0;B01
83051;201300054523;0;7;0;9.0;2.0;8.0;1.0;A01
83052;201300054524;0;7;0;0.0;1.0;3.0;1.0;A01
83053;201300054526;0;7;0;0.0;2.0;1.0;2.0;A01
83054;201300054526;0;7;0;0.0;2.0;4.0;23.0;B01
83055;201300054526;0;7;0;0.0;2.0;4.0;23.0;C01
83056;201300054527;0;34;0;0.0;0.0;7.0;17.0;B01
83057;201300054527;0;7;0;0.0;2.0;3.0;15.0;A01
83058;201300054529;0;7;0;0.0;0.0;5.0;16.0;B01
83059;201300054529;0;37;7;0.0;2.0;3.0;7.0;A01
83060;201300054531;0;32;0;0.0;1.0;3.0;17.0;A01
83061;201300054532;0;32;0;1.0;2.0;3.0;17.0;A01
83062;201300054532;0;7;0;0.0;0.0;3.0;1.0;B01
83063;201300054533;0;32;0;0.0;2.0;1.0;1.0;A01
83064;201300054533;0;30;0;0.0;2.0;3.0;15.0;B01
83065;201300054534;0;10;0;0.0;2.0;3.0;9.0;A01
83066;201300054534;0;33;0;0.0;2.0;7.0;1.0;B01
83067;201300054535;1;7;0;0.0;1.0;0.0;15.0;Z01
83068;201300054536;0;7;0;0.0;2.0;7.0;15.0;A01
83069;201300054536;0;32;0;0.0;2.0;8.0;1.0;B01
83070;201300054537;0;7;0;1.0;1.0;3.0;1.0;A01
83071;201300054538;0;7;0;0.0;2.0;2.0;15.0;A01
83072;201300054538;0;32;0;0.0;2.0;1.0;1.0;B01
83073;201300054539;0;10;0;0.0;2.0;6.0;16.0;B01
83074;201300054539;2;7;0;0.0;2.0;3.0;5.0;A01
83075;201300054541;0;1;0;0.0;2.0;3.0;1.0;B01
83076;201300054541;0;7;0;0.0;2.0;2.0;22.0;A01
83077;201300054542;0;7;0;0.0;2.0;3.0;1.0;A01
83078;201300054542;0;2;0;0.0;0.0;8.0;1.0;B01
83079;201300054543;0;34;0;0.0;2.0;8.0;1.0;B01
83080;201300054543;0;7;0;0.0;2.0;1.0;1.0;A01
83081;201300054544;0;7;0;0.0;2.0;3.0;11.0;A01
83082;201300054544;0;1;0;0.0;2.0;2.0;1.0;B01
83083;201300054545;0;7;0;0.0;2.0;1.0;2.0;A01
83084;201300054545;0;7;0;0.0;2.0;4.0;23.0;B01
83085;201300054546;0;7;0;0.0;2.0;3.0;10.0;A01
83086;201300054546;0;32;0;0.0;2.0;2.0;1.0;B01
83087;201300054547;0;2;0;0.0;2.0;0.0;1.0;A01
83088;201300054548;0;14;0;0.0;2.0;6.0;2.0;B01
83089;201300054548;0;32;0;0.0;2.0;1.0;2.0;A01
83090;201300054549;0;33;0;0.0;0.0;0.0;1.0;A01
83091;201300054552;0;7;0;0.0;2.0;6.0;2.0;B01
83092;201300054552;0;33;0;0.0;2.0;1.0;2.0;A01
83093;201300054553;0;30;0;0.0;2.0;1.0;17.0;B01
83094;201300054553;0;7;0;0.0;0.0;8.0;15.0;A01
83095;201300054554;0;30;0;0.0;0.0;0.0;16.0;A01
83096;201300054555;0;32;0;0.0;0.0;0.0;12.0;A01
83097;201300054556;0;10;0;0.0;2.0;1.0;1.0;A01
83098;201300054556;0;37;1;0.0;2.0;7.0;1.0;B01
83099;201300054557;1;7;0;0.0;2.0;1.0;1.0;Z01
83100;201300054557;0;7;0;0.0;2.0;9.0;1.0;C01
83101;201300054557;0;7;0;0.0;2.0;9.0;1.0;B01
83102;201300054557;0;7;0;0.0;0.0;4.0;1.0;A01
83103;201300054558;0;30;0;0.0;2.0;1.0;1.0;A01
83104;201300054558;0;7;0;0.0;2.0;3.0;15.0;B01
83105;201300054559;0;30;0;0.0;2.0;1.0;18.0;A01
83106;201300054559;0;7;0;0.0;2.0;2.0;16.0;B01
83107;201300054560;0;7;0;0.0;2.0;3.0;15.0;B01
83108;201300054560;0;33;0;0.0;2.0;2.0;17.0;A01
83109;201300054561;0;30;0;0.0;0.0;2.0;1.0;A01
83110;201300054562;1;30;0;0.0;1.0;1.0;3.0;Z01
83111;201300054563;0;7;0;0.0;0.0;5.0;14.0;A01
83112;201300054563;0;30;0;0.0;2.0;1.0;18.0;B01
83113;201300054564;0;7;0;0.0;1.0;3.0;1.0;A01
83114;201300054565;0;7;0;0.0;2.0;7.0;15.0;B01
83115;201300054565;0;33;0;0.0;2.0;1.0;1.0;A01
83116;201300054566;0;2;0;1.0;2.0;8.0;1.0;B01
83117;201300054566;0;7;0;0.0;2.0;2.0;1.0;A01
83118;201300054567;0;7;0;0.0;2.0;3.0;1.0;B01
83119;201300054567;0;7;0;0.0;2.0;2.0;1.0;A01
83120;201300054568;0;32;0;0.0;0.0;0.0;21.0;A01
83121;201300054569;0;14;0;0.0;0.0;6.0;10.0;B01
83122;201300054569;0;2;0;0.0;2.0;1.0;17.0;A01
83123;201300054570;0;7;0;0.0;2.0;2.0;10.0;A01
83124;201300054570;0;32;0;0.0;2.0;1.0;1.0;B01
83125;201300054571;0;7;0;0.0;2.0;3.0;13.0;A01
83126;201300054571;0;33;0;0.0;2.0;7.0;17.0;B01
83127;201300054572;2;7;0;1.0;2.0;9.0;1.0;Z01
83128;201300054572;0;7;0;1.0;2.0;3.0;16.0;A01
83129;201300054573;0;32;0;0.0;1.0;1.0;1.0;A01
83130;201300054574;0;7;0;0.0;2.0;3.0;13.0;A01
83131;201300054574;0;34;0;0.0;2.0;7.0;17.0;B01
83132;201300054576;0;33;0;0.0;2.0;4.0;23.0;B01
83133;201300054576;0;7;0;0.0;2.0;3.0;12.0;A01
83134;201300054577;0;34;0;0.0;0.0;1.0;1.0;A01
83135;201300054578;0;7;0;0.0;1.0;6.0;20.0;A01
83136;201300054579;0;33;0;0.0;2.0;1.0;17.0;B01
83137;201300054579;0;7;0;0.0;2.0;8.0;10.0;A01
83138;201300054580;0;1;0;0.0;2.0;3.0;18.0;B01
83139;201300054580;0;7;0;0.0;2.0;7.0;22.0;A01
83140;201300054581;0;34;0;0.0;2.0;8.0;1.0;B01
83141;201300054581;0;10;0;0.0;2.0;2.0;14.0;A01
83142;201300054582;0;7;0;0.0;2.0;1.0;2.0;A01
83143;201300054582;0;33;0;0.0;2.0;4.0;23.0;B01
83144;201300054583;0;1;0;0.0;2.0;8.0;1.0;B01
83145;201300054583;0;7;0;0.0;2.0;2.0;1.0;A01
83146;201300054584;0;1;0;0.0;2.0;4.0;7.0;A01
83147;201300054584;1;7;0;0.0;2.0;1.0;7.0;Z01
83148;201300054585;0;31;0;0.0;0.0;3.0;21.0;A01
83149;201300054586;0;31;0;0.0;2.0;8.0;7.0;B01
83150;201300054586;0;7;0;0.0;2.0;1.0;15.0;A01
83151;201300054587;0;7;0;0.0;1.0;6.0;4.0;A01
83152;201300054588;0;7;0;0.0;2.0;5.0;1.0;A01
83153;201300054588;0;7;0;0.0;2.0;3.0;12.0;B01
83154;201300054589;0;7;0;0.0;2.0;2.0;1.0;B01
83155;201300054589;0;30;0;0.0;2.0;1.0;1.0;A01
83156;201300054590;0;1;0;11.0;0.0;0.0;13.0;A01
83157;201300054591;0;7;0;0.0;1.0;4.0;4.0;A01
83158;201300054592;0;7;0;0.0;2.0;5.0;23.0;A01
83159;201300054592;0;2;0;0.0;2.0;1.0;2.0;B01
83160;201300054594;0;33;0;0.0;2.0;1.0;1.0;A01