;Num_Acc;senc;catv;occutc;obs;obsm;choc;manv;num_veh
84417;201300055468;0;34;0;0.0;1.0;1.0;1.0;A01
84418;201300055470;0;2;0;0.0;2.0;1.0;15.0;A01
84419;201300055470;0;1;0;0.0;2.0;1.0;1.0;B01
84420;201300055472;0;7;0;0.0;0.0;3.0;9.0;A01
84421;201300055472;0;33;0;0.0;0.0;2.0;1.0;B01
84422;201300055473;0;10;0;0.0;2.0;5.0;16.0;B01
84423;201300055473;0;2;0;0.0;2.0;1.0;18.0;A01
84424;201300055474;0;7;0;0.0;2.0;2.0;1.0;A01
84425;201300055474;0;34;0;0.0;2.0;5.0;18.0;B01
84426;201300055475;0;7;0;0.0;2.0;2.0;1.0;A01
84427;201300055475;0;2;0;0.0;2.0;1.0;1.0;B01
84428;201300055476;0;10;0;0.0;9.0;8.0;22.0;A01
84429;201300055476;0;1;0;1.0;0.0;2.0;1.0;B01
84430;201300055477;1;7;0;0.0;1.0;1.0;1.0;Z01
84431;201300055478;0;33;0;0.0;2.0;1.0;17.0;B01
84432;201300055478;0;7;0;0.0;2.0;3.0;23.0;C01
84433;201300055478;0;7;0;0.0;0.0;8.0;9.0;A01
84434;201300055479;0;10;0;0.0;2.0;2.0;22.0;A01
84435;201300055479;0;1;0;0.0;2.0;8.0;18.0;B01
84436;201300055480;0;33;0;0.0;2.0;5.0;1.0;B01
84437;201300055480;0;7;0;0.0;2.0;5.0;1.0;A01
84438;201300055481;0;7;0;0.0;1.0;1.0;1.0;A01
84439;201300055482;0;33;0;0.0;0.0;7.0;7.0;A01
84440;201300055483;0;7;0;0.0;1.0;4.0;4.0;A01
84441;201300055484;0;7;0;0.0;2.0;1.0;17.0;A01
84442;201300055484;0;2;0;0.0;2.0;8.0;1.0;B01
84443;201300055485;0;33;0;0.0;2.0;2.0;17.0;B01
84444;201300055485;0;10;0;0.0;2.0;8.0;15.0;A01
84445;201300055486;0;7;0;0.0;2.0;4.0;4.0;B01
84446;201300055486;0;7;0;0.0;2.0;3.0;15.0;A01
84447;201300055487;0;7;0;0.0;9.0;2.0;16.0;A01
84448;201300055487;0;1;0;0.0;2.0;8.0;1.0;B01
84449;201300055488;0;2;0;0.0;2.0;1.0;11.0;B01
84450;201300055488;0;7;0;0.0;0.0;6.0;23.0;A01
84451;201300055489;0;7;0;0.0;1.0;8.0;1.0;A01
84452;201300055490;0;7;0;0.0;2.0;2.0;15.0;A01
84453;201300055490;0;32;0;0.0;2.0;2.0;1.0;B01
84454;201300055491;0;7;0;0.0;2.0;2.0;9.0;A01
84455;201300055491;0;32;0;1.0;2.0;1.0;1.0;B01
84456;201300055492;0;7;0;0.0;2.0;1.0;1.0;A01
84457;201300055492;0;33;0;0.0;0.0;4.0;23.0;B01
84458;201300055493;0;2;0;0.0;0.0;3.0;1.0;A01
84459;201300055494;0;10;0;0.0;2.0;5.0;23.0;C01
84460;201300055494;0;10;0;0.0;2.0;1.0;1.0;A01
84461;201300055494;0;10;0;0.0;2.0;9.0;23.0;B01
84462;201300055495;0;34;0;0.0;2.0;2.0;1.0;B01
84463;201300055495;0;7;0;0.0;2.0;6.0;9.0;A01
84464;201300055496;0;32;0;0.0;2.0;1.0;1.0;B01
84465;201300055496;0;7;0;0.0;2.0;3.0;9.0;A01
84466;201300055497;1;10;0;0.0;2.0;3.0;1.0;Z01
84467;201300055497;0;1;0;0.0;2.0;3.0;5.0;A01
84468;201300055498;1;7;0;0.0;2.0;3.0;9.0;Z01
84469;201300055498;0;30;0;0.0;2.0;7.0;17.0;A01
84470;201300055499;1;7;0;8.0;1.0;0.0;1.0;Z01
84471;201300055500;0;7;0;0.0;2.0;2.0;16.0;B01
84472;201300055500;0;2;0;0.0;2.0;3.0;18.0;A01
84473;201300055501;0;7;0;0.0;2.0;1.0;16.0;A01
84474;201300055501;0;1;0;0.0;2.0;8.0;1.0;B01
84475;201300055502;0;7;0;0.0;2.0;1.0;17.0;A01
84476;201300055502;0;7;0;0.0;2.0;3.0;15.0;B01
84477;201300055503;0;33;0;0.0;2.0;4.0;23.0;B01
84478;201300055503;0;7;0;0.0;2.0;1.0;2.0;A01
84479;201300055504;0;31;0;0.0;2.0;1.0;1.0;B01
84480;201300055504;0;7;0;0.0;2.0;3.0;1.0;A01
84481;201300055505;0;30;0;0.0;2.0;1.0;5.0;A01
84482;201300055505;1;7;0;0.0;2.0;1.0;1.0;Z01
84483;201300055506;0;31;0;1.0;0.0;1.0;14.0;A01
84484;201300055507;0;10;0;0.0;1.0;3.0;15.0;A01
84485;201300055509;0;7;0;0.0;2.0;3.0;13.0;A01
84486;201300055509;0;32;0;0.0;2.0;2.0;17.0;B01
84487;201300055510;0;7;0;1.0;0.0;2.0;14.0;A01
84488;201300055511;1;32;0;0.0;2.0;0.0;2.0;Z01
84489;201300055511;0;31;0;0.0;2.0;4.0;23.0;A01
84490;201300055514;0;7;0;0.0;1.0;2.0;16.0;A01
84491;201300055516;0;30;0;15.0;0.0;0.0;1.0;A01
84492;201300055518;0;31;0;0.0;2.0;1.0;1.0;A01
84493;201300055518;0;7;0;0.0;2.0;6.0;1.0;B01
84494;201300055519;1;10;0;0.0;2.0;1.0;2.0;Z01
84495;201300055519;0;7;0;0.0;2.0;4.0;2.0;A01
84496;201300055520;0;7;0;0.0;1.0;1.0;1.0;A01
84497;201300055521;0;32;0;0.0;2.0;3.0;13.0;A01
84498;201300055521;0;33;0;0.0;2.0;3.0;1.0;B01
84499;201300055522;0;7;0;0.0;2.0;3.0;22.0;A01
84500;201300055522;0;32;0;1.0;2.0;1.0;1.0;B01
84501;201300055523;0;7;0;0.0;2.0;5.0;2.0;B01
84502;201300055523;0;7;0;0.0;2.0;1.0;2.0;A01
84503;201300055523;0;10;0;0.0;2.0;6.0;2.0;C01
84504;201300055524;0;7;0;0.0;2.0;4.0;2.0;B01
84505;201300055524;0;7;0;0.0;2.0;1.0;2.0;A01
84506;201300055525;1;7;0;0.0;2.0;1.0;1.0;Z01
84507;201300055525;0;33;0;0.0;2.0;8.0;1.0;A01
84508;201300055526;0;7;0;0.0;2.0;3.0;15.0;B01
84509;201300055526;0;32;0;0.0;2.0;7.0;1.0;A01
84510;201300055527;0;7;0;0.0;1.0;1.0;16.0;A01
84511;201300055528;0;33;0;0.0;2.0;2.0;17.0;A01
84512;201300055528;0;7;0;0.0;2.0;3.0;15.0;B01
84513;201300055529;0;7;0;0.0;2.0;1.0;2.0;A01
84514;201300055529;0;7;0;0.0;2.0;4.0;2.0;B01
84515;201300055530;0;7;0;0.0;1.0;1.0;1.0;A01
84516;201300055531;0;30;0;0.0;2.0;1.0;1.0;B01
84517;201300055531;0;10;0;0.0;2.0;7.0;15.0;A01
84518;201300055532;0;7;0;0.0;9.0;1.0;13.0;A01
84519;201300055532;0;1;0;0.0;2.0;4.0;1.0;B01
84520;201300055533;0;14;0;0.0;2.0;3.0;2.0;B01
84521;201300055533;0;32;0;0.0;2.0;0.0;2.0;A01
84522;201300055534;0;7;0;0.0;2.0;3.0;16.0;B01
84523;201300055534;0;10;0;0.0;2.0;5.0;16.0;A01
84524;201300055535;0;7;0;0.0;1.0;7.0;1.0;A01
84525;201300055536;0;7;0;0.0;2.0;5.0;1.0;A01
84526;201300055536;0;33;0;0.0;2.0;8.0;1.0;B01
84527;201300055537;0;7;0;0.0;1.0;6.0;20.0;A01
84528;201300055538;0;1;0;0.0;2.0;7.0;19.0;A01
84529;201300055538;1;7;0;0.0;2.0;2.0;1.0;Z01
84530;201300055539;0;7;0;0.0;2.0;4.0;1.0;A01
84531;201300055539;1;14;0;0.0;2.0;1.0;1.0;Z01
84532;201300055540;0;7;0;0.0;2.0;5.0;1.0;A01
84533;201300055540;0;30;0;0.0;2.0;1.0;1.0;B01
84534;201300055541;0;30;0;0.0;2.0;1.0;13.0;A01
84535;201300055541;0;7;0;0.0;2.0;2.0;1.0;B01
84536;201300055542;0;7;0;0.0;1.0;1.0;1.0;A01
84537;201300055543;0;7;0;0.0;2.0;2.0;1.0;A01
84538;201300055543;0;7;0;0.0;2.0;5.0;23.0;B01
84539;201300055544;0;7;0;0.0;2.0;1.0;1.0;A01
84540;201300055544;0;7;0;0.0;2.0;4.0;23.0;B01
84541;201300055545;0;32;0;0.0;0.0;2.0;1.0;A01
84542;201300055546;1;7;0;0.0;1.0;3.0;1.0;Z01
84543;201300055547;0;7;0;0.0;2.0;4.0;23.0;B01
84544;201300055547;0;7;0;0.0;0.0;4.0;23.0;C01
84545;201300055547;0;7;0;0.0;2.0;1.0;1.0;A01
84546;201300055548;0;10;0;0.0;2.0;1.0;1.0;A01
84547;201300055548;0;7;0;0.0;2.0;4.0;2.0;B01
84548;201300055549;0;7;0;0.0;1.0;1.0;1.0;A01
84549;201300055550;0;30;0;0.0;1.0;1.0;17.0;A01
84550;201300055552;0;7;0;0.0;2.0;3.0;1.0;B01
84551;201300055552;0;34;0;0.0;2.0;5.0;17.0;A01
84552;201300055553;0;7;0;0.0;2.0;3.0;15.0;A01
84553;201300055553;0;34;0;0.0;2.0;7.0;17.0;B01
84554;201300055555;0;34;0;0.0;1.0;1.0;1.0;A01
84555;201300055556;0;1;0;0.0;1.0;1.0;1.0;A01
84556;201300055557;0;7;0;0.0;2.0;2.0;10.0;A01
84557;201300055557;0;1;0;0.0;2.0;1.0;1.0;B01
84558;201300055558;0;30;0;0.0;1.0;1.0;1.0;A01
84559;201300055559;0;7;0;0.0;2.0;1.0;1.0;B01
84560;201300055559;0;7;0;0.0;2.0;7.0;1.0;A01
84561;201300055560;0;1;0;0.0;2.0;1.0;1.0;B01
84562;201300055560;0;7;0;0.0;2.0;8.0;22.0;A01
84563;201300055561;1;7;0;0.0;1.0;0.0;1.0;Z01
84564;201300055562;0;7;0;0.0;2.0;6.0;1.0;B01
84565;201300055562;0;7;0;0.0;2.0;1.0;1.0;A01
84566;201300055564;0;30;0;0.0;0.0;0.0;1.0;A01
84567;201300055565;0;7;0;0.0;2.0;8.0;1.0;B01
84568;201300055565;0;32;0;0.0;2.0;1.0;1.0;A01
84569;201300055566;0;7;0;0.0;1.0;0.0;15.0;A01
84570;201300055568;0;7;0;0.0;2.0;4.0;9.0;A01
84571;201300055568;0;3;0;0.0;2.0;1.0;1.0;B01
84572;201300055569;0;31;0;0.0;2.0;8.0;1.0;B01
84573;201300055569;0;7;0;0.0;2.0;3.0;13.0;A01
84574;201300055570;0;7;0;0.0;2.0;2.0;1.0;A01
84575;201300055570;1;7;0;0.0;2.0;3.0;5.0;Z01
84576;201300055571;0;30;0;0.0;1.0;0.0;1.0;A01
84577;201300055572;0;7;0;0.0;1.0;1.0;1.0;A01
84578;201300055573;0;30;0;14.0;0.0;1.0;1.0;A01
84579;201300055574;0;7;0;0.0;2.0;2.0;1.0;B01
84580;201300055574;0;31;0;0.0;2.0;6.0;1.0;A01
84581;201300055575;0;32;0;0.0;1.0;1.0;1.0;A01
84582;201300055576;0;37;1;0.0;1.0;2.0;1.0;A01
84583;201300055578;0;7;0;0.0;2.0;2.0;1.0;B01
84584;201300055578;0;31;0;0.0;2.0;1.0;1.0;A01
84585;201300055579;0;1;0;0.0;1.0;1.0;7.0;A01
84586;201300055584;0;7;0;0.0;0.0;3.0;11.0;A01
84587;201300055584;0;33;0;0.0;0.0;7.0;1.0;B01
84588;201300055585;0;10;0;0.0;1.0;4.0;4.0;A01
84589;201300055586;0;2;0;0.0;2.0;3.0;23.0;B01
84590;201300055586;0;10;0;0.0;2.0;6.0;4.0;A01
84591;201300055589;0;7;0;0.0;1.0;1.0;1.0;A01
84592;201300055590;0;32;0;0.0;9.0;1.0;21.0;A01
84593;201300055591;0;32;0;0.0;2.0;7.0;1.0;A01
84594;201300055591;1;7;0;0.0;2.0;3.0;1.0;Z01
84595;201300055592;0;31;0;0.0;0.0;0.0;1.0;A01
84596;201300055593;0;7;0;0.0;2.0;8.0;1.0;B01
84597;201300055593;0;32;0;0.0;2.0;7.0;12.0;A01
84598;201300055595;0;7;0;0.0;1.0;3.0;1.0;A01
84599;201300055596;0;1;0;0.0;1.0;2.0;7.0;A01
84600;201300055597;0;7;0;0.0;2.0;4.0;23.0;B01
84601;201300055597;0;32;0;0.0;2.0;1.0;2.0;A01
84602;201300055598;0;32;0;0.0;1.0;1.0;1.0;A01
84603;201300055599;0;7;0;0.0;2.0;3.0;15.0;B01
84604;201300055599;0;2;0;0.0;2.0;1.0;17.0;A01
84605;201300055600;0;30;0;0.0;2.0;1.0;1.0;A01
84606;201300055600;0;7;0;0.0;2.0;1.0;15.0;B01
84607;201300055601;0;30;0;0.0;0.0;8.0;1.0;A01
84608;201300055602;0;7;0;0.0;2.0;8.0;9.0;A01
84609;201300055602;0;30;0;0.0;2.0;3.0;1.0;B01
84610;201300055603;0;7;0;0.0;1.0;8.0;1.0;A01
84611;201300055604;1;7;0;10.0;1.0;4.0;1.0;Z01
84612;201300055605;0;31;0;0.0;1.0;1.0;1.0;A01
84613;201300055606;0;7;0;0.0;1.0;0.0;1.0;A01
84614;201300055607;0;2;0;0.0;2.0;1.0;17.0;A01
84615;201300055607;0;7;0;0.0;2.0;8.0;15.0;B01
84616;201300055608;0;7;0;0.0;1.0;4.0;4.0;A01
84617;201300055609;0;33;0;0.0;2.0;8.0;1.0;A01
84618;201300055609;1;7;0;0.0;0.0;2.0;1.0;Z01
84619;201300055610;0;1;0;0.0;2.0;1.0;1.0;A01
84620;201300055610;0;10;0;0.0;2.0;3.0;1.0;B01
84621;201300055611;0;7;0;0.0;2.0;8.0;15.0;A01
84622;201300055611;0;30;0;0.0;2.0;2.0;17.0;B01
84623;201300055612;0;3;0;0.0;2.0;7.0;15.0;A01
84624;201300055612;0;32;0;0.0;2.0;1.0;1.0;B01
84625;201300055613;0;7;0;0.0;1.0;2.0;1.0;A01
84626;201300055614;0;30;0;0.0;2.0;8.0;18.0;B01
84627;201300055614;0;7;0;0.0;2.0;1.0;15.0;A01
84628;201300055615;0;7;0;4.0;0.0;3.0;15.0;A01
84629;201300055617;0;31;0;0.0;1.0;1.0;1.0;A01
84630;201300055620;0;7;0;0.0;1.0;8.0;1.0;A01
84631;201300055621;0;1;0;0.0;1.0;1.0;1.0;A01
84632;201300055623;0;31;0;0.0;2.0;3.0;1.0;B01
84633;201300055623;0;7;0;0.0;2.0;2.0;13.0;A01
84634;201300055624;0;10;0;0.0;1.0;2.0;1.0;A01
84635;201300055625;0;7;0;0.0;2.0;2.0;2.0;A01
84636;201300055625;0;1;0;0.0;2.0;4.0;2.0;B01
84637;201300055626;0;10;0;0.0;1.0;4.0;20.0;A01
84638;201300055627;0;7;0;0.0;2.0;5.0;14.0;A01
84639;201300055627;0;1;0;0.0;2.0;5.0;1.0;B01
84640;201300055628;0;32;0;0.0;1.0;1.0;1.0;A01
84641;201300055629;0;30;0;1.0;0.0;1.0;13.0;A01
84642;201300055630;0;10;0;0.0;1.0;2.0;1.0;A01
84643;201300055631;0;7;0;0.0;1.0;2.0;1.0;A01
84644;201300055632;1;7;0;0.0;1.0;7.0;1.0;Z01
84645;201300055634;0;31;0;12.0;0.0;1.0;13.0;A01
84646;201300055635;0;7;0;0.0;2.0;0.0;1.0;A01
84647;201300055635;0;32;0;0.0;2.0;0.0;17.0;B01
84648;201300055636;0;30;0;0.0;2.0;7.0;1.0;B01
84649;201300055636;0;7;0;0.0;2.0;1.0;1.0;A01
84650;201300055637;0;7;0;0.0;1.0;5.0;4.0;A01
84651;201300055638;1;1;0;0.0;1.0;0.0;1.0;Z01
84652;201300055639;0;32;0;0.0;0.0;1.0;1.0;B01
84653;201300055639;0;7;0;0.0;0.0;5.0;1.0;A01
84654;201300055640;0;7;0;0.0;9.0;2.0;1.0;A01
84655;201300055640;0;2;0;0.0;2.0;1.0;1.0;B01
84656;201300055641;1;30;0;0.0;2.0;1.0;5.0;Z01
84657;201300055641;0;7;0;0.0;9.0;2.0;9.0;A01
84658;201300055643;2;7;0;0.0;2.0;1.0;1.0;Z01
84659;201300055643;0;7;0;0.0;2.0;3.0;1.0;A01
84660;201300055644;0;32;0;0.0;2.0;2.0;17.0;A01
84661;201300055644;0;7;0;0.0;9.0;6.0;17.0;B01
84662;201300055646;0;7;0;0.0;1.0;3.0;15.0;A01
84663;201300055647;0;7;0;0.0;2.0;8.0;15.0;B01
84664;201300055647;0;32;0;0.0;2.0;1.0;1.0;A01
84665;201300055648;0;37;1;0.0;2.0;6.0;23.0;B01
84666;201300055648;0;7;0;0.0;2.0;2.0;17.0;A01
84667;201300055649;0;31;0;0.0;0.0;8.0;1.0;A01
84668;201300055650;1;32;0;0.0;1.0;1.0;17.0;Z01
84669;201300055651;0;30;0;0.0;0.0;0.0;1.0;A01
84670;201300055652;0;1;0;0.0;1.0;1.0;1.0;A01
84671;201300055653;0;7;0;0.0;2.0;5.0;23.0;B01
84672;201300055653;0;2;0;0.0;2.0;1.0;2.0;A01
84673;201300055654;0;10;0;0.0;1.0;3.0;17.0;A01
84674;201300055655;0;7;0;0.0;2.0;1.0;1.0;B01
84675;201300055655;0;7;0;0.0;2.0;2.0;1.0;A01
84676;201300055656;0;7;0;0.0;2.0;2.0;1.0;A01
84677;201300055656;0;1;0;0.0;2.0;1.0;1.0;B01
84678;201300055657;0;7;0;0.0;2.0;1.0;1.0;B01
84679;201300055657;0;2;0;0.0;2.0;1.0;5.0;A01
84680;201300055658;0;7;0;0.0;2.0;7.0;15.0;B01
84681;201300055658;0;33;0;0.0;2.0;2.0;1.0;A01
84682;201300055659;0;7;0;0.0;2.0;0.0;1.0;A01
84683;201300055659;0;1;0;0.0;2.0;0.0;1.0;B01
84684;201300055660;0;7;0;0.0;2.0;1.0;15.0;A01
84685;201300055660;0;1;0;0.0;2.0;8.0;1.0;B01
84686;201300055662;0;31;0;0.0;0.0;0.0;1.0;A01
84687;201300055663;1;7;0;0.0;1.0;4.0;4.0;Z01
84688;201300055664;0;10;0;0.0;2.0;5.0;23.0;B01
84689;201300055664;0;7;0;0.0;2.0;3.0;2.0;A01
84690;201300055665;0;7;0;0.0;2.0;8.0;15.0;A01
84691;201300055665;0;34;0;0.0;2.0;1.0;17.0;B01
84692;201300055666;1;32;0;0.0;1.0;2.0;1.0;Z01
84693;201300055667;1;34;0;0.0;1.0;1.0;1.0;Z01
84694;201300055668;0;1;0;0.0;1.0;1.0;1.0;A01
84695;201300055669;0;33;0;0.0;2.0;1.0;2.0;A01
84696;201300055669;0;33;0;0.0;2.0;4.0;16.0;B01
84697;201300055671;0;7;0;0.0;1.0;4.0;4.0;A01
84698;201300055672;1;1;0;0.0;1.0;1.0;1.0;Z01
84699;201300055673;0;7;0;0.0;2.0;6.0;23.0;B01
84700;201300055673;0;2;0;0.0;2.0;2.0;2.0;A01
84701;201300055674;0;7;0;0.0;1.0;3.0;1.0;A01
84702;201300055676;0;2;0;0.0;2.0;1.0;1.0;A01
84703;201300055676;0;7;0;0.0;0.0;6.0;15.0;B01
84704;201300055678;0;7;0;0.0;9.0;1.0;1.0;A01
84705;201300055678;0;1;0;0.0;2.0;8.0;1.0;B01
84706;201300055679;0;37;50;0.0;0.0;0.0;21.0;A01
84707;201300055680;0;31;0;0.0;0.0;1.0;1.0;A01
84708;201300055681;0;7;0;0.0;2.0;3.0;15.0;A01
84709;201300055681;0;7;0;0.0;2.0;3.0;1.0;B01
84710;201300055683;0;31;0;0.0;2.0;8.0;11.0;A01
84711;201300055683;1;7;0;0.0;2.0;8.0;1.0;Z01
84712;201300055685;0;32;0;0.0;2.0;1.0;18.0;A01
84713;201300055685;0;7;0;0.0;2.0;2.0;15.0;B01
84714;201300055686;0;7;0;0.0;2.0;7.0;17.0;A01
84715;201300055686;0;1;0;0.0;2.0;8.0;1.0;B01
84716;201300055687;0;7;0;0.0;2.0;1.0;15.0;A01
84717;201300055687;0;7;0;7.0;2.0;6.0;1.0;B01
84718;201300055688;0;7;0;0.0;1.0;1.0;1.0;A01
84719;201300055689;0;32;0;0.0;1.0;1.0;1.0;A01
84720;201300055690;0;31;0;0.0;2.0;1.0;17.0;A01
84721;201300055690;0;7;0;0.0;2.0;8.0;15.0;B01
84722;201300055691;0;7;0;0.0;2.0;3.0;15.0;A01
84723;201300055691;0;33;0;0.0;2.0;7.0;17.0;B01
84724;201300055692;0;7;0;0.0;1.0;1.0;1.0;A01
84725;201300055693;0;7;0;0.0;2.0;2.0;2.0;A01
84726;201300055693;0;30;0;0.0;2.0;6.0;2.0;B01
84727;201300055694;0;7;0;0.0;2.0;8.0;15.0;A01
84728;201300055694;0;1;0;0.0;2.0;2.0;1.0;B01
84729;201300055695;0;33;0;0.0;1.0;1.0;5.0;A01
84730;201300055696;0;10;0;0.0;1.0;7.0;1.0;A01
84731;201300055697;0;7;0;0.0;1.0;3.0;1.0;A01
84732;201300055698;0;10;0;0.0;2.0;8.0;13.0;A01
84733;201300055698;0;31;0;0.0;2.0;2.0;1.0;B01
84734;201300055699;0;7;0;0.0;2.0;7.0;16.0;B01
84735;201300055699;0;31;0;0.0;2.0;3.0;18.0;A01
84736;201300055700;0;32;0;8.0;0.0;0.0;21.0;A01
84737;201300055701;0;33;0;0.0;2.0;1.0;18.0;A01
84738;201300055701;0;7;0;0.0;2.0;7.0;16.0;B01
84739;201300055702;0;7;0;0.0;2.0;2.0;15.0;A01
84740;201300055702;0;30;0;0.0;2.0;1.0;1.0;B01
84741;201300055703;0;33;0;0.0;2.0;1.0;15.0;A01
84742;201300055703;0;33;0;0.0;2.0;1.0;1.0;B01
84743;201300055704;0;33;0;0.0;2.0;0.0;21.0;A01
84744;201300055706;0;1;0;0.0;2.0;3.0;1.0;B01
84745;201300055706;0;7;0;0.0;9.0;7.0;10.0;A01
84746;201300055707;0;7;0;0.0;2.0;7.0;1.0;A01
84747;201300055707;0;37;4;0.0;2.0;3.0;1.0;B01
84748;201300055708;0;7;0;0.0;2.0;8.0;15.0;B01
84749;201300055708;0;33;0;0.0;2.0;7.0;17.0;A01
84750;201300055709;0;7;0;0.0;0.0;3.0;1.0;A01
84751;201300055709;0;7;0;0.0;2.0;0.0;1.0;B01
84752;201300055710;0;7;0;0.0;2.0;5.0;15.0;A01
84753;201300055710;0;34;0;0.0;2.0;1.0;1.0;B01
84754;201300055711;0;7;0;0.0;1.0;3.0;1.0;A01
84755;201300055712;0;1;0;8.0;0.0;1.0;1.0;A01
84756;201300055713;0;32;0;0.0;2.0;7.0;3.0;B01
84757;201300055713;0;7;0;0.0;2.0;2.0;12.0;A01
84758;201300055715;0;34;0;0.0;1.0;1.0;1.0;A01
84759;201300055716;0;10;0;0.0;1.0;4.0;4.0;A01
84760;201300055717;0;1;0;0.0;1.0;2.0;1.0;A01
84761;201300055718;0;10;0;0.0;1.0;2.0;1.0;A01
84762;201300055719;0;33;0;0.0;2.0;1.0;1.0;A01
84763;201300055719;0;7;0;0.0;2.0;3.0;15.0;B01
84764;201300055720;0;31;0;0.0;0.0;8.0;17.0;A01
84765;201300055721;0;30;0;0.0;2.0;8.0;17.0;A01
84766;201300055721;0;7;0;0.0;2.0;3.0;10.0;B01
84767;201300055722;0;30;0;0.0;0.0;0.0;1.0;A01
84768;201300055723;0;32;0;0.0;2.0;7.0;1.0;A01
84769;201300055723;1;7;0;0.0;0.0;0.0;9.0;Z01
84770;201300055724;0;7;0;0.0;1.0;3.0;1.0;A01
84771;201300055725;1;37;1;0.0;2.0;0.0;17.0;Z01
84772;201300055725;0;1;0;12.0;2.0;3.0;7.0;A01
84773;201300055726;0;32;0;0.0;2.0;7.0;17.0;A01
84774;201300055726;0;7;0;0.0;2.0;8.0;13.0;B01
84775;201300055727;0;32;0;0.0;2.0;3.0;15.0;A01
84776;201300055727;0;1;0;0.0;2.0;8.0;1.0;B01
84777;201300055728;0;7;0;0.0;2.0;3.0;15.0;A01
84778;201300055728;0;2;0;0.0;2.0;1.0;17.0;B01
84779;201300055730;0;33;0;0.0;0.0;0.0;1.0;A01
84780;201300055732;0;30;0;14.0;0.0;0.0;1.0;A01
84781;201300055734;0;7;0;0.0;1.0;4.0;4.0;A01
84782;201300055735;0;1;0;0.0;1.0;1.0;1.0;A01
84783;201300055736;0;10;0;0.0;1.0;4.0;4.0;A01
84784;201300055737;0;7;0;0.0;1.0;2.0;1.0;A01
84785;201300055738;0;7;0;0.0;2.0;5.0;1.0;B01
84786;201300055738;0;31;0;0.0;2.0;3.0;1.0;A01
84787;201300055739;0;40;0;0.0;1.0;2.0;1.0;A01
84788;201300055741;0;7;0;0.0;1.0;1.0;1.0;A01
84789;201300055742;0;1;0;0.0;2.0;2.0;1.0;B01
84790;201300055742;0;7;0;0.0;2.0;3.0;1.0;A01
84791;201300055743;1;7;0;0.0;1.0;1.0;15.0;A01
84792;201300055744;1;2;0;0.0;1.0;1.0;17.0;Z01
84793;201300055745;0;7;0;0.0;2.0;1.0;1.0;B01
84794;201300055745;0;7;0;0.0;2.0;1.0;13.0;A01
84795;201300055746;1;7;0;0.0;1.0;2.0;16.0;Z01
84796;201300055747;0;30;0;0.0;1.0;1.0;1.0;A01
84797;201300055748;0;10;0;15.0;0.0;1.0;1.0;A01
84798;201300055749;0;7;0;0.0;2.0;3.0;1.0;A01
84799;201300055749;0;31;0;0.0;2.0;8.0;1.0;B01
84800;201300055750;0;7;0;0.0;1.0;2.0;1.0;A01
84801;201300055751;0;34;0;0.0;2.0;4.0;23.0;B01
84802;201300055751;0;7;0;0.0;2.0;1.0;1.0;A01
84803;201300055752;0;34;0;0.0;2.0;7.0;17.0;B01
84804;201300055752;0;7;0;0.0;2.0;8.0;13.0;A01
84805;201300055753;0;33;0;0.0;1.0;1.0;1.0;A01
84806;201300055754;0;32;0;0.0;2.0;1.0;1.0;B01
84807;201300055754;0;7;0;0.0;2.0;2.0;1.0;A01
84808;201300055755;1;7;0;0.0;2.0;1.0;2.0;Z01
84809;201300055755;0;7;0;0.0;2.0;4.0;2.0;B01
84810;201300055755;0;7;0;0.0;2.0;4.0;2.0;A01
84811;201300055756;1;30;0;0.0;1.0;1.0;1.0;Z01
84812;201300055757;0;10;0;0.0;2.0;6.0;11.0;A01
84813;201300055757;0;32;0;0.0;2.0;1.0;1.0;B01
84814;201300055758;0;7;0;0.0;2.0;1.0;1.0;A01
84815;201300055758;0;1;0;0.0;2.0;1.0;19.0;B01
84816;201300055759;1;1;0;0.0;1.0;1.0;17.0;Z01
84817;201300055760;0;31;0;0.0;1.0;2.0;17.0;A01
84818;201300055761;0;32;0;14.0;2.0;1.0;1.0;A01
84819;201300055761;0;7;0;0.0;2.0;4.0;23.0;B01
84820;201300055762;0;7;0;0.0;1.0;3.0;1.0;A01
84821;201300055763;0;30;0;0.0;2.0;1.0;17.0;A01
84822;201300055763;0;7;0;0.0;2.0;6.0;15.0;B01
84823;201300055764;0;7;0;0.0;1.0;3.0;1.0;A01
84824;201300055765;0;7;0;0.0;2.0;8.0;15.0;B01
84825;201300055765;0;31;0;0.0;2.0;3.0;17.0;A01
84826;201300055766;1;30;0;0.0;1.0;1.0;1.0;Z01
84827;201300055767;0;34;0;0.0;0.0;0.0;21.0;A01
84828;201300055768;0;30;0;0.0;2.0;1.0;1.0;A01
84829;201300055768;0;7;0;0.0;2.0;4.0;23.0;B01
84830;201300055769;0;7;0;0.0;2.0;4.0;2.0;B01
84831;201300055769;0;10;0;0.0;2.0;1.0;2.0;A01
84832;201300055770;0;33;0;0.0;1.0;2.0;17.0;A01
84833;201300055772;0;7;0;0.0;0.0;5.0;15.0;B01
84834;201300055772;0;7;0;0.0;0.0;1.0;1.0;A01
84835;201300055773;1;7;0;0.0;2.0;2.0;14.0;Z01
84836;201300055773;0;33;0;0.0;2.0;8.0;1.0;A01