;Num_Acc;senc;catv;occutc;obs;obsm;choc;manv;num_veh
85255;201300056061;0;7;0;0.0;2.0;4.0;23.0;B01
85256;201300056062;0;1;0;0.0;2.0;0.0;1.0;B01
85257;201300056062;0;36;0;1.0;2.0;0.0;1.0;A01
85258;201300056064;0;7;0;0.0;1.0;0.0;10.0;A01
85259;201300056065;0;10;0;0.0;1.0;5.0;4.0;A01
85260;201300056066;0;37;1;0.0;1.0;2.0;7.0;A01
85261;201300056067;0;7;0;0.0;1.0;2.0;1.0;A01
85262;201300056068;0;33;0;0.0;0.0;0.0;1.0;A01
85263;201300056069;0;2;0;9.0;0.0;8.0;1.0;A01
85264;201300056071;0;32;0;0.0;2.0;1.0;1.0;A01
85265;201300056071;0;7;0;0.0;0.0;0.0;23.0;B01
85266;201300056072;0;32;0;0.0;2.0;1.0;1.0;A01
85267;201300056072;0;7;0;0.0;2.0;3.0;1.0;B01
85268;201300056073;0;30;0;1.0;0.0;3.0;13.0;A01
85269;201300056075;0;32;0;0.0;1.0;1.0;1.0;A01
85270;201300056076;0;7;0;11.0;0.0;1.0;1.0;A01
85271;201300056077;0;7;0;0.0;2.0;1.0;15.0;A01
85272;201300056077;0;33;0;0.0;2.0;8.0;1.0;B01
85273;201300056078;0;7;0;0.0;1.0;3.0;1.0;A01
85274;201300056079;0;7;0;0.0;2.0;3.0;15.0;A01
85275;201300056079;0;33;0;0.0;2.0;1.0;1.0;B01
85276;201300056079;0;37;1;0.0;2.0;5.0;23.0;C01
85277;201300056080;0;10;0;0.0;1.0;1.0;4.0;A01
85278;201300056081;0;14;0;0.0;2.0;2.0;1.0;A01
85279;201300056081;0;1;0;0.0;2.0;3.0;13.0;B01
85280;201300056082;0;7;0;0.0;2.0;2.0;1.0;A01
85281;201300056082;0;7;0;0.0;2.0;1.0;1.0;C01
85282;201300056082;0;32;0;0.0;2.0;8.0;1.0;B01
85283;201300056083;0;37;1;0.0;1.0;3.0;1.0;A01
85284;201300056085;0;7;0;0.0;0.0;3.0;1.0;A01
85285;201300056085;0;7;0;0.0;0.0;1.0;1.0;B01
85286;201300056086;0;33;0;0.0;2.0;8.0;1.0;B01
85287;201300056086;0;7;0;0.0;2.0;6.0;9.0;A01
85288;201300056087;0;7;0;0.0;2.0;7.0;1.0;B01
85289;201300056087;0;32;0;0.0;2.0;9.0;3.0;A01
85290;201300056088;0;10;0;4.0;0.0;3.0;14.0;A01
85291;201300056089;0;2;0;0.0;2.0;1.0;1.0;B01
85292;201300056089;0;7;0;0.0;2.0;2.0;1.0;A01
85293;201300056090;0;31;0;0.0;0.0;0.0;21.0;A01
85294;201300056091;0;33;0;0.0;2.0;7.0;1.0;A01
85295;201300056091;0;7;0;0.0;2.0;1.0;9.0;B01
85296;201300056091;0;7;0;0.0;2.0;1.0;1.0;C01
85297;201300056092;0;7;0;0.0;2.0;1.0;15.0;A01
85298;201300056092;0;32;0;0.0;2.0;1.0;1.0;B01
85299;201300056093;0;7;0;11.0;0.0;2.0;10.0;A01
85300;201300056094;0;7;0;0.0;1.0;6.0;4.0;A01
85301;201300056095;0;2;0;1.0;0.0;1.0;13.0;A01
85302;201300056096;0;7;0;0.0;2.0;5.0;12.0;A01
85303;201300056096;0;32;0;0.0;2.0;8.0;3.0;B01
85304;201300056097;0;10;0;0.0;2.0;6.0;23.0;B01
85305;201300056097;0;30;0;14.0;2.0;2.0;3.0;A01
85306;201300056098;0;7;0;0.0;2.0;7.0;1.0;A01
85307;201300056098;0;33;0;0.0;2.0;8.0;13.0;B01
85308;201300056099;0;32;0;0.0;2.0;1.0;1.0;B01
85309;201300056099;0;10;0;0.0;2.0;2.0;16.0;A01
85310;201300056100;0;7;0;0.0;2.0;4.0;2.0;A01
85311;201300056100;0;34;0;0.0;2.0;1.0;2.0;B01
85312;201300056101;1;10;0;0.0;1.0;2.0;1.0;Z01
85313;201300056102;0;2;0;0.0;2.0;1.0;1.0;A01
85314;201300056102;0;7;0;0.0;2.0;5.0;23.0;B01
85315;201300056103;0;2;0;0.0;2.0;3.0;18.0;A01
85316;201300056103;0;33;0;0.0;0.0;5.0;1.0;B01
85317;201300056104;0;31;0;0.0;2.0;0.0;23.0;B01
85318;201300056104;0;31;0;0.0;2.0;3.0;2.0;A01
85319;201300056105;1;7;0;0.0;1.0;3.0;1.0;Z01
85320;201300056106;0;32;0;1.0;1.0;2.0;1.0;A01
85321;201300056107;0;33;0;0.0;2.0;8.0;1.0;B01
85322;201300056107;0;7;0;0.0;2.0;2.0;15.0;A01
85323;201300056108;0;32;0;1.0;2.0;7.0;18.0;A01
85324;201300056108;0;7;0;0.0;2.0;7.0;1.0;B01
85325;201300056109;0;31;0;8.0;0.0;1.0;1.0;A01
85326;201300056110;0;10;0;0.0;2.0;8.0;22.0;A01
85327;201300056110;0;1;0;1.0;2.0;2.0;17.0;B01
85328;201300056110;0;7;0;0.0;2.0;7.0;1.0;C01
85329;201300056111;0;7;0;0.0;1.0;4.0;20.0;A01
85330;201300056113;0;10;0;0.0;2.0;2.0;12.0;A01
85331;201300056113;0;33;0;0.0;2.0;8.0;3.0;B01
85332;201300056114;0;33;0;0.0;2.0;7.0;12.0;A01
85333;201300056114;0;33;0;0.0;2.0;8.0;12.0;B01
85334;201300056115;0;7;0;5.0;0.0;1.0;1.0;A01
85335;201300056116;0;10;0;0.0;1.0;7.0;1.0;A01
85336;201300056117;0;7;0;0.0;1.0;2.0;7.0;A01
85337;201300056118;0;38;0;0.0;1.0;2.0;1.0;A01
85338;201300056119;0;33;0;0.0;2.0;1.0;1.0;B01
85339;201300056119;0;7;0;0.0;2.0;2.0;1.0;A01
85340;201300056120;0;7;0;0.0;1.0;2.0;1.0;A01
85341;201300056121;0;30;0;12.0;0.0;8.0;13.0;A01
85342;201300056122;0;7;0;0.0;2.0;3.0;15.0;A01
85343;201300056122;0;32;0;8.0;2.0;8.0;1.0;B01
85344;201300056123;0;34;0;0.0;1.0;1.0;1.0;A01
85345;201300056124;0;7;0;0.0;2.0;6.0;11.0;A01
85346;201300056124;0;33;0;0.0;2.0;1.0;3.0;B01
85347;201300056125;0;7;0;0.0;2.0;8.0;11.0;A01
85348;201300056125;0;2;0;0.0;2.0;6.0;1.0;B01
85349;201300056125;0;32;0;0.0;2.0;7.0;1.0;C01
85350;201300056126;0;7;0;0.0;2.0;6.0;1.0;B01
85351;201300056126;0;33;0;0.0;2.0;1.0;1.0;A01
85352;201300056127;0;31;0;9.0;0.0;8.0;6.0;A01
85353;201300056128;0;7;0;0.0;2.0;3.0;10.0;A01
85354;201300056128;0;2;0;0.0;2.0;7.0;1.0;B01
85355;201300056130;0;7;0;0.0;1.0;2.0;1.0;A01
85356;201300056131;0;7;0;0.0;1.0;2.0;1.0;A01
85357;201300056132;1;30;0;0.0;1.0;0.0;1.0;A01
85358;201300056133;0;31;0;0.0;1.0;1.0;1.0;A01
85359;201300056134;0;7;0;0.0;1.0;3.0;1.0;A01
85360;201300056135;0;10;0;0.0;1.0;6.0;4.0;A01
85361;201300056137;0;33;0;0.0;1.0;3.0;17.0;A01
85362;201300056138;0;31;0;0.0;2.0;0.0;1.0;A01
85363;201300056138;1;10;0;0.0;2.0;0.0;11.0;Z01
85364;201300056139;0;33;0;12.0;0.0;8.0;13.0;A01
85365;201300056140;0;1;0;0.0;0.0;0.0;1.0;A01
85366;201300056141;0;7;0;0.0;1.0;2.0;1.0;A01
85367;201300056142;0;2;0;0.0;2.0;1.0;1.0;B01
85368;201300056142;0;7;0;0.0;2.0;3.0;5.0;A01
85369;201300056143;0;33;0;0.0;2.0;1.0;2.0;A01
85370;201300056143;0;7;0;0.0;2.0;5.0;2.0;B01
85371;201300056144;0;7;0;0.0;1.0;3.0;1.0;A01
85372;201300056145;0;7;0;0.0;1.0;3.0;1.0;A01
85373;201300056147;0;7;0;11.0;0.0;8.0;13.0;A01
85374;201300056148;0;33;0;1.0;2.0;1.0;1.0;B01
85375;201300056148;0;7;0;0.0;2.0;3.0;15.0;A01
85376;201300056149;0;33;0;8.0;2.0;6.0;1.0;A01
85377;201300056149;0;7;0;0.0;2.0;3.0;15.0;B01
85378;201300056150;0;10;0;0.0;2.0;9.0;2.0;C01
85379;201300056150;0;7;0;0.0;2.0;4.0;2.0;D01
85380;201300056150;0;10;0;0.0;2.0;1.0;2.0;A01
85381;201300056150;0;7;0;0.0;2.0;9.0;2.0;B01
85382;201300056151;0;7;0;0.0;2.0;4.0;23.0;B01
85383;201300056151;0;7;0;0.0;0.0;4.0;23.0;C01
85384;201300056151;0;7;0;0.0;2.0;1.0;1.0;A01
85385;201300056153;0;32;0;14.0;0.0;8.0;24.0;B01
85386;201300056153;0;7;0;0.0;0.0;6.0;1.0;A01
85387;201300056155;0;1;0;0.0;2.0;4.0;1.0;B01
85388;201300056155;0;7;0;0.0;2.0;2.0;12.0;A01
85389;201300056156;0;7;0;0.0;2.0;2.0;12.0;A01
85390;201300056156;0;7;0;9.0;1.0;8.0;1.0;B01
85391;201300056157;0;37;1;0.0;1.0;2.0;16.0;A01
85392;201300056159;0;34;0;0.0;1.0;3.0;1.0;A01
85393;201300056160;0;7;0;0.0;2.0;6.0;4.0;A01
85394;201300056160;0;7;0;0.0;2.0;7.0;15.0;B01
85395;201300056161;0;33;0;2.0;2.0;3.0;7.0;A01
85396;201300056161;0;10;0;0.0;2.0;7.0;16.0;B01
85397;201300056162;0;7;0;0.0;2.0;7.0;23.0;C01
85398;201300056162;0;7;0;0.0;2.0;7.0;14.0;A01
85399;201300056162;0;10;0;0.0;2.0;8.0;1.0;B01
85400;201300056163;0;7;0;0.0;1.0;2.0;1.0;A01
85401;201300056164;0;14;0;0.0;1.0;2.0;16.0;A01
85402;201300056165;0;32;0;3.0;1.0;3.0;1.0;B01
85403;201300056165;0;7;0;0.0;2.0;1.0;15.0;A01
85404;201300056166;0;31;0;0.0;2.0;3.0;15.0;B01
85405;201300056166;0;7;0;0.0;2.0;2.0;1.0;A01
85406;201300056167;0;34;0;0.0;2.0;7.0;17.0;B01
85407;201300056167;0;7;0;0.0;2.0;8.0;11.0;A01
85408;201300056168;0;17;0;0.0;2.0;1.0;1.0;A01
85409;201300056168;0;17;0;0.0;0.0;4.0;1.0;B01
85410;201300056171;0;33;0;0.0;2.0;7.0;1.0;B01
85411;201300056171;0;7;0;0.0;2.0;4.0;1.0;A01
85412;201300056172;0;7;0;0.0;2.0;1.0;1.0;A01
85413;201300056172;0;7;0;0.0;2.0;4.0;23.0;B01
85414;201300056173;0;7;0;0.0;2.0;1.0;10.0;A01
85415;201300056173;0;10;0;0.0;2.0;3.0;1.0;B01
85416;201300056175;0;7;0;0.0;0.0;6.0;11.0;A01
85417;201300056175;0;33;0;10.0;2.0;2.0;3.0;B01
85418;201300056176;0;33;0;0.0;2.0;1.0;1.0;B01
85419;201300056176;0;10;0;0.0;2.0;5.0;1.0;A01
85420;201300056177;0;7;0;0.0;2.0;1.0;15.0;A01
85421;201300056177;0;32;0;0.0;2.0;8.0;1.0;B01
85422;201300056178;0;7;0;4.0;0.0;8.0;13.0;A01
85423;201300056180;0;2;0;0.0;0.0;0.0;1.0;A01
85424;201300056181;0;37;0;0.0;1.0;2.0;1.0;A01
85425;201300056182;0;10;0;10.0;0.0;1.0;16.0;A01
85426;201300056183;0;33;0;0.0;2.0;1.0;1.0;A01
85427;201300056183;0;7;0;0.0;0.0;5.0;1.0;B01
85428;201300056184;0;31;0;0.0;2.0;8.0;1.0;B01
85429;201300056184;0;7;0;0.0;2.0;1.0;1.0;A01
85430;201300056185;0;33;0;0.0;2.0;7.0;3.0;B01
85431;201300056185;0;7;0;0.0;2.0;3.0;11.0;A01
85432;201300056186;0;33;0;0.0;1.0;1.0;1.0;A01
85433;201300056187;0;10;0;0.0;1.0;3.0;16.0;A01
85434;201300056189;0;33;0;0.0;2.0;1.0;11.0;A01
85435;201300056189;0;10;0;0.0;2.0;3.0;10.0;B01
85436;201300056190;0;33;0;0.0;2.0;1.0;1.0;B01
85437;201300056190;0;7;0;0.0;2.0;6.0;1.0;A01
85438;201300056191;0;7;0;0.0;1.0;8.0;1.0;A01
85439;201300056192;0;7;0;11.0;0.0;3.0;15.0;A01
85440;201300056193;0;10;0;0.0;2.0;2.0;19.0;A01
85441;201300056193;0;10;0;0.0;2.0;3.0;1.0;B01
85442;201300056194;0;32;0;0.0;9.0;2.0;1.0;A01
85443;201300056194;0;1;0;0.0;2.0;4.0;13.0;B01
85444;201300056195;0;7;0;0.0;2.0;3.0;1.0;B01
85445;201300056195;0;33;0;0.0;2.0;2.0;15.0;A01
85446;201300056196;0;33;0;0.0;2.0;1.0;3.0;A01
85447;201300056196;0;7;0;0.0;2.0;8.0;11.0;B01
85448;201300056197;0;7;0;14.0;0.0;1.0;1.0;A01
85449;201300056198;0;33;0;0.0;1.0;8.0;1.0;A01
85450;201300056199;0;33;0;0.0;1.0;1.0;5.0;A01
85451;201300056200;0;7;0;6.0;1.0;1.0;1.0;A01
85452;201300056201;0;7;0;0.0;1.0;1.0;1.0;A01
85453;201300056202;0;37;12;0.0;1.0;1.0;1.0;A01
85454;201300056203;0;7;0;0.0;2.0;2.0;1.0;B01
85455;201300056203;0;10;0;0.0;2.0;1.0;5.0;A01
85456;201300056204;0;34;0;8.0;0.0;3.0;1.0;A01
85457;201300056205;0;31;0;0.0;0.0;0.0;1.0;A01
85458;201300056206;0;7;0;0.0;2.0;8.0;15.0;A01
85459;201300056206;0;7;0;0.0;2.0;1.0;1.0;B01
85460;201300056207;0;7;0;0.0;2.0;4.0;23.0;C01
85461;201300056207;0;7;0;0.0;2.0;1.0;2.0;A01
85462;201300056207;0;7;0;0.0;2.0;4.0;2.0;B01
85463;201300056209;0;33;0;0.0;0.0;7.0;11.0;A01
85464;201300056210;0;7;0;0.0;2.0;3.0;11.0;A01
85465;201300056210;0;32;0;0.0;2.0;2.0;1.0;B01
85466;201300056212;0;33;0;0.0;2.0;1.0;2.0;A01
85467;201300056212;0;7;0;0.0;2.0;6.0;23.0;B01
85468;201300056213;2;7;0;4.0;2.0;2.0;13.0;Z01
85469;201300056213;0;7;0;0.0;2.0;7.0;1.0;A01
85470;201300056214;0;34;0;14.0;0.0;1.0;1.0;A01
85471;201300056215;0;10;0;0.0;2.0;5.0;12.0;A01
85472;201300056215;0;33;0;0.0;2.0;1.0;3.0;C01
85473;201300056215;0;31;0;0.0;2.0;1.0;3.0;B01
85474;201300056216;0;7;0;0.0;2.0;7.0;12.0;A01
85475;201300056216;0;33;0;0.0;2.0;8.0;3.0;B01
85476;201300056217;0;33;0;0.0;2.0;1.0;3.0;A01
85477;201300056217;0;7;0;0.0;2.0;5.0;1.0;B01
85478;201300056218;1;7;0;0.0;2.0;3.0;11.0;Z01
85479;201300056218;0;33;0;0.0;2.0;5.0;1.0;A01
85480;201300056219;0;33;0;0.0;2.0;7.0;3.0;B01
85481;201300056219;0;7;0;0.0;2.0;8.0;11.0;A01
85482;201300056220;0;7;0;0.0;2.0;5.0;12.0;A01
85483;201300056220;0;7;0;0.0;2.0;8.0;1.0;C01
85484;201300056220;0;33;0;0.0;2.0;3.0;3.0;B01
85485;201300056221;0;10;0;0.0;2.0;5.0;16.0;A01
85486;201300056221;0;32;0;0.0;2.0;3.0;1.0;B01
85487;201300056222;0;33;0;0.0;2.0;1.0;2.0;A01
85488;201300056222;0;7;0;0.0;2.0;4.0;2.0;B01
85489;201300056222;0;10;0;0.0;2.0;2.0;1.0;C01
85490;201300056223;0;33;0;0.0;0.0;7.0;1.0;A01
85491;201300056225;0;33;0;0.0;2.0;1.0;2.0;A01
85492;201300056225;0;7;0;0.0;2.0;5.0;23.0;B01
85493;201300056226;0;31;0;0.0;2.0;1.0;2.0;A01
85494;201300056226;0;7;0;0.0;2.0;6.0;2.0;B01
85495;201300056227;0;32;0;0.0;0.0;7.0;1.0;A01
85496;201300056229;0;31;0;0.0;0.0;8.0;1.0;A01
85497;201300056230;0;31;0;0.0;2.0;3.0;3.0;A01
85498;201300056230;0;7;0;0.0;2.0;6.0;1.0;C01
85499;201300056230;0;7;0;0.0;2.0;2.0;12.0;B01
85500;201300056231;0;33;0;0.0;0.0;8.0;21.0;A01
85501;201300056232;0;7;0;0.0;2.0;7.0;12.0;A01
85502;201300056232;0;32;0;0.0;2.0;8.0;1.0;B01
85503;201300056233;1;7;0;0.0;2.0;2.0;9.0;Z01
85504;201300056233;0;32;0;0.0;0.0;5.0;1.0;A01
85505;201300056234;0;14;0;0.0;2.0;2.0;9.0;A01
85506;201300056234;0;7;0;4.0;0.0;8.0;1.0;B01
85507;201300056235;0;33;0;0.0;2.0;3.0;11.0;A01
85508;201300056235;0;10;0;0.0;2.0;7.0;1.0;B01
85509;201300056236;0;33;0;0.0;0.0;0.0;3.0;A01
85510;201300056237;0;7;0;0.0;2.0;3.0;11.0;A01
85511;201300056237;0;31;0;0.0;2.0;7.0;3.0;B01
85512;201300056238;0;31;0;12.0;0.0;0.0;16.0;A01
85513;201300056239;0;10;0;0.0;2.0;3.0;11.0;A01
85514;201300056239;0;33;0;0.0;2.0;7.0;1.0;B01
85515;201300056240;0;10;0;0.0;2.0;1.0;2.0;A01
85516;201300056240;0;7;0;0.0;2.0;4.0;23.0;B01
85517;201300056241;0;7;0;12.0;0.0;2.0;14.0;A01
85518;201300056242;0;33;0;0.0;0.0;8.0;1.0;A01
85519;201300056243;0;7;0;0.0;2.0;5.0;2.0;B01
85520;201300056243;0;34;0;0.0;2.0;1.0;2.0;A01
85521;201300056245;0;7;0;4.0;0.0;1.0;13.0;A01
85522;201300056246;0;7;0;0.0;2.0;1.0;2.0;A01
85523;201300056246;0;7;0;0.0;2.0;4.0;2.0;B01
85524;201300056247;0;33;0;0.0;0.0;8.0;1.0;A01
85525;201300056248;0;34;0;0.0;2.0;1.0;2.0;A01
85526;201300056248;0;10;0;0.0;2.0;4.0;2.0;B01
85527;201300056249;0;33;0;4.0;2.0;7.0;17.0;B01
85528;201300056249;0;10;0;0.0;2.0;8.0;1.0;A01
85529;201300056250;0;10;0;4.0;0.0;3.0;13.0;A01
85530;201300056252;0;7;0;0.0;2.0;8.0;11.0;A01
85531;201300056252;0;33;0;4.0;2.0;2.0;1.0;B01
85532;201300056253;0;31;0;0.0;0.0;8.0;1.0;A01
85533;201300056254;0;34;0;4.0;0.0;8.0;21.0;A01
85534;201300056255;0;7;0;0.0;2.0;5.0;12.0;A01
85535;201300056255;0;31;0;0.0;2.0;3.0;3.0;B01
85536;201300056256;0;7;0;0.0;2.0;4.0;2.0;B01
85537;201300056256;0;10;0;0.0;2.0;1.0;2.0;A01
85538;201300056257;0;7;0;0.0;2.0;6.0;23.0;B01
85539;201300056257;0;7;0;12.0;2.0;2.0;2.0;A01
85540;201300056257;0;7;0;0.0;1.0;4.0;23.0;C01
85541;201300056258;0;33;0;0.0;2.0;7.0;1.0;B01
85542;201300056258;1;7;0;0.0;0.0;0.0;11.0;Z01
85543;201300056259;0;13;0;0.0;2.0;4.0;23.0;B01
85544;201300056259;0;7;0;0.0;2.0;1.0;2.0;A01
85545;201300056262;0;33;0;0.0;2.0;1.0;3.0;A01
85546;201300056262;0;7;0;0.0;2.0;5.0;12.0;B01
85547;201300056263;0;7;0;0.0;2.0;8.0;1.0;C01
85548;201300056263;0;7;0;0.0;2.0;6.0;11.0;A01
85549;201300056263;0;34;0;0.0;2.0;1.0;3.0;B01
85550;201300056264;0;7;0;4.0;0.0;2.0;1.0;A01
85551;201300056265;0;31;0;0.0;2.0;8.0;3.0;B01
85552;201300056265;0;7;0;0.0;2.0;7.0;12.0;A01
85553;201300056267;0;33;0;0.0;2.0;1.0;3.0;A01
85554;201300056267;0;33;0;0.0;2.0;4.0;23.0;B01
85555;201300056268;0;33;0;0.0;2.0;1.0;2.0;A01
85556;201300056268;0;7;0;0.0;2.0;3.0;2.0;B01
85557;201300056269;0;7;0;0.0;2.0;7.0;1.0;B01
85558;201300056269;0;31;0;0.0;2.0;8.0;3.0;A01
85559;201300056270;0;31;0;0.0;0.0;8.0;3.0;A01
85560;201300056271;0;7;0;0.0;2.0;1.0;2.0;A01
85561;201300056271;0;7;0;0.0;2.0;4.0;22.0;B01
85562;201300056271;0;33;0;0.0;2.0;2.0;3.0;C01
85563;201300056271;0;7;0;0.0;2.0;5.0;23.0;D01
85564;201300056272;0;7;0;0.0;2.0;1.0;2.0;A01
85565;201300056272;0;7;0;0.0;2.0;4.0;23.0;B01
85566;201300056273;0;33;0;0.0;2.0;3.0;3.0;A01
85567;201300056273;0;7;0;0.0;2.0;7.0;1.0;B01
85568;201300056274;0;7;0;0.0;2.0;1.0;1.0;A01
85569;201300056274;0;10;0;0.0;0.0;4.0;23.0;C01
85570;201300056274;0;7;0;0.0;2.0;4.0;23.0;B01
85571;201300056275;0;31;0;0.0;2.0;1.0;3.0;A01
85572;201300056275;0;7;0;0.0;0.0;5.0;11.0;B01
85573;201300056276;0;7;0;0.0;2.0;3.0;1.0;C01
85574;201300056276;0;7;0;0.0;2.0;1.0;1.0;A01
85575;201300056276;0;7;0;0.0;2.0;4.0;1.0;B01
85576;201300056278;0;7;0;1.0;0.0;1.0;1.0;A01
85577;201300056278;0;10;0;0.0;0.0;4.0;23.0;B01
85578;201300056279;0;10;0;0.0;2.0;2.0;12.0;A01
85579;201300056279;0;14;0;0.0;0.0;6.0;1.0;B01
85580;201300056280;0;7;0;0.0;2.0;6.0;11.0;A01
85581;201300056280;0;31;0;0.0;0.0;1.0;1.0;B01
85582;201300056281;0;31;0;4.0;2.0;5.0;3.0;B01
85583;201300056281;0;7;0;0.0;2.0;8.0;11.0;A01
85584;201300056282;0;7;0;4.0;0.0;1.0;1.0;A01
85585;201300056283;0;7;0;0.0;2.0;3.0;1.0;A01
85586;201300056283;0;14;0;0.0;2.0;3.0;1.0;B01
85587;201300056284;0;7;0;0.0;0.0;6.0;11.0;A01
85588;201300056284;0;33;0;0.0;2.0;1.0;3.0;B01
85589;201300056285;0;7;0;0.0;0.0;4.0;23.0;B01
85590;201300056285;2;7;0;3.0;2.0;2.0;1.0;Z01
85591;201300056285;0;7;0;0.0;2.0;6.0;23.0;A01
85592;201300056286;0;34;0;0.0;2.0;1.0;1.0;B01
85593;201300056286;0;7;0;0.0;0.0;4.0;11.0;A01
85594;201300056287;0;7;0;0.0;0.0;4.0;23.0;B01
85595;201300056287;0;7;0;0.0;2.0;1.0;1.0;A01
85596;201300056288;0;7;0;0.0;0.0;5.0;1.0;C01
85597;201300056288;0;31;0;0.0;2.0;2.0;3.0;A01
85598;201300056288;0;7;0;0.0;0.0;8.0;11.0;B01
85599;201300056289;0;7;0;0.0;2.0;7.0;12.0;A01
85600;201300056289;0;33;0;0.0;2.0;8.0;1.0;B01
85601;201300056290;0;10;0;0.0;2.0;1.0;2.0;A01
85602;201300056290;0;7;0;0.0;0.0;4.0;2.0;B01
85603;201300056291;0;32;0;0.0;2.0;1.0;3.0;B01
85604;201300056291;0;33;0;0.0;2.0;4.0;11.0;A01
85605;201300056291;0;7;0;0.0;0.0;5.0;23.0;C01
85606;201300056292;0;7;0;0.0;0.0;4.0;1.0;C01
85607;201300056292;0;10;0;0.0;2.0;1.0;1.0;A01
85608;201300056292;0;10;0;0.0;2.0;4.0;23.0;B01
85609;201300056293;0;7;0;0.0;0.0;6.0;1.0;C01
85610;201300056293;0;10;0;0.0;2.0;7.0;12.0;A01
85611;201300056293;0;32;0;0.0;2.0;8.0;3.0;B01
85612;201300056294;0;13;0;0.0;2.0;1.0;1.0;A01
85613;201300056294;0;7;0;0.0;0.0;4.0;1.0;B01
85614;201300056295;0;7;0;0.0;2.0;4.0;1.0;B01
85615;201300056295;0;7;0;0.0;2.0;1.0;1.0;A01
85616;201300056295;0;7;0;0.0;0.0;4.0;1.0;C01
85617;201300056296;0;7;0;0.0;2.0;1.0;1.0;A01
85618;201300056296;0;7;0;0.0;0.0;6.0;1.0;C01
85619;201300056296;0;7;0;0.0;2.0;4.0;1.0;B01
85620;201300056297;0;7;0;0.0;0.0;4.0;23.0;B01
85621;201300056297;1;7;0;0.0;2.0;1.0;1.0;Z01
85622;201300056297;0;7;0;0.0;2.0;4.0;23.0;A01
85623;201300056298;0;7;0;0.0;0.0;4.0;11.0;B01
85624;201300056298;0;31;0;0.0;2.0;1.0;1.0;A01
85625;201300056299;0;32;0;0.0;2.0;1.0;1.0;A01
85626;201300056299;0;10;0;0.0;0.0;4.0;23.0;B01
85627;201300056300;0;32;0;0.0;2.0;1.0;1.0;A01
85628;201300056300;1;7;0;0.0;2.0;6.0;11.0;Z01
85629;201300056301;0;10;0;0.0;2.0;3.0;1.0;A01
85630;201300056301;0;7;0;0.0;0.0;5.0;1.0;B01
85631;201300056303;0;7;0;0.0;2.0;6.0;1.0;B01
85632;201300056303;0;10;0;0.0;2.0;2.0;13.0;A01
85633;201300056305;0;33;0;0.0;0.0;8.0;1.0;A01
85634;201300056306;0;7;0;0.0;2.0;3.0;12.0;A01
85635;201300056306;0;33;0;0.0;2.0;5.0;3.0;B01
85636;201300056307;0;31;0;0.0;0.0;7.0;3.0;A01
85637;201300056307;1;7;0;0.0;2.0;3.0;11.0;Z01
85638;201300056308;0;7;0;0.0;2.0;2.0;1.0;B01
85639;201300056308;0;7;0;0.0;0.0;5.0;1.0;D01
85640;201300056308;0;7;0;0.0;2.0;1.0;1.0;A01
85641;201300056308;0;7;0;0.0;0.0;4.0;23.0;C01
85642;201300056309;0;7;0;0.0;0.0;4.0;1.0;B01
85643;201300056309;0;7;0;0.0;2.0;1.0;1.0;A01
85644;201300056310;0;7;0;4.0;0.0;2.0;1.0;A01
85645;201300056311;0;31;0;0.0;0.0;8.0;3.0;A01
85646;201300056312;0;7;0;0.0;2.0;7.0;12.0;A01
85647;201300056312;0;3;0;4.0;0.0;8.0;1.0;B01
85648;201300056313;0;7;0;0.0;2.0;1.0;1.0;A01
85649;201300056313;0;7;0;4.0;0.0;4.0;23.0;B01
85650;201300056314;0;7;0;4.0;0.0;3.0;13.0;A01
85651;201300056315;1;7;0;0.0;2.0;2.0;11.0;Z01
85652;201300056315;0;7;0;4.0;2.0;6.0;1.0;A01
85653;201300056316;0;7;0;0.0;2.0;4.0;2.0;B01
85654;201300056316;0;7;0;0.0;2.0;1.0;2.0;A01
85655;201300056316;0;7;0;0.0;2.0;1.0;2.0;C01
85656;201300056317;0;7;0;0.0;2.0;1.0;2.0;A01
85657;201300056317;0;7;0;0.0;2.0;4.0;2.0;B01
85658;201300056317;0;7;0;0.0;2.0;4.0;2.0;C01
85659;201300056319;0;7;0;0.0;2.0;1.0;1.0;C01
85660;201300056319;0;7;0;0.0;2.0;7.0;1.0;B01
85661;201300056319;0;7;0;0.0;2.0;8.0;13.0;A01
85662;201300056320;0;10;0;0.0;2.0;1.0;2.0;A01
85663;201300056320;0;7;0;0.0;2.0;4.0;23.0;B01
85664;201300056321;0;7;0;0.0;2.0;8.0;11.0;B01
85665;201300056321;0;33;0;0.0;2.0;7.0;3.0;A01
85666;201300056322;0;7;0;0.0;2.0;6.0;1.0;B01
85667;201300056322;0;31;0;0.0;2.0;2.0;1.0;A01
85668;201300056323;0;31;0;0.0;0.0;0.0;1.0;A01
85669;201300056324;0;7;0;0.0;2.0;5.0;23.0;B01
85670;201300056324;0;34;0;0.0;2.0;1.0;2.0;A01
85671;201300056325;0;7;0;0.0;2.0;5.0;1.0;B01
85672;201300056325;0;34;0;0.0;2.0;3.0;3.0;A01
85673;201300056326;0;33;0;0.0;2.0;8.0;3.0;B01