;Num_Acc;senc;catv;occutc;obs;obsm;choc;manv;num_veh
85674;201300056326;0;7;0;0.0;2.0;5.0;12.0;A01
85675;201300056327;2;7;0;0.0;2.0;7.0;13.0;Z01
85676;201300056327;0;7;0;4.0;2.0;8.0;1.0;A01
85677;201300056327;0;7;0;0.0;2.0;5.0;1.0;B01
85678;201300056327;0;7;0;0.0;2.0;6.0;1.0;C01
85679;201300056328;0;33;0;0.0;2.0;3.0;3.0;A01
85680;201300056328;0;7;0;0.0;2.0;2.0;12.0;B01
85681;201300056331;0;7;0;0.0;2.0;1.0;2.0;A01
85682;201300056331;0;7;0;0.0;2.0;4.0;2.0;B01
85683;201300056332;0;17;0;0.0;2.0;2.0;12.0;A01
85684;201300056332;0;7;0;4.0;0.0;8.0;1.0;B01
85685;201300056333;0;32;0;0.0;2.0;0.0;11.0;A01
85686;201300056333;0;32;0;0.0;2.0;2.0;3.0;B01
85687;201300056333;1;7;0;0.0;2.0;6.0;1.0;D01
85688;201300056333;1;7;0;0.0;2.0;5.0;1.0;C01
85689;201300056334;0;7;0;0.0;2.0;4.0;23.0;C01
85690;201300056334;0;7;0;0.0;2.0;4.0;23.0;B01
85691;201300056334;0;7;0;0.0;2.0;1.0;1.0;A01
85692;201300056335;0;7;0;0.0;2.0;1.0;14.0;A01
85693;201300056335;0;7;0;0.0;2.0;4.0;1.0;B01
85694;201300056336;0;7;0;0.0;2.0;7.0;12.0;B01
85695;201300056336;0;10;0;0.0;2.0;3.0;1.0;C01
85696;201300056336;0;31;0;3.0;2.0;1.0;3.0;A01
85697;201300056337;0;33;0;0.0;2.0;1.0;3.0;A01
85698;201300056337;0;7;0;0.0;2.0;7.0;12.0;B01
85699;201300056338;0;7;0;0.0;2.0;1.0;2.0;A01
85700;201300056338;0;7;0;0.0;2.0;4.0;23.0;C01
85701;201300056338;0;7;0;0.0;2.0;9.0;23.0;B01
85702;201300056340;0;7;0;0.0;2.0;2.0;23.0;C01
85703;201300056340;0;7;0;0.0;2.0;6.0;1.0;B01
85704;201300056340;0;33;0;0.0;2.0;2.0;3.0;A01
85705;201300056341;0;7;0;0.0;2.0;2.0;12.0;A01
85706;201300056341;0;34;0;0.0;2.0;3.0;3.0;B01
85707;201300056342;0;31;0;0.0;2.0;2.0;3.0;A01
85708;201300056342;0;7;0;0.0;2.0;6.0;1.0;B01
85709;201300056344;0;34;0;0.0;2.0;1.0;1.0;B01
85710;201300056344;0;7;0;0.0;2.0;5.0;14.0;A01
85711;201300056345;0;7;0;0.0;2.0;2.0;2.0;A01
85712;201300056345;0;7;0;0.0;2.0;4.0;2.0;D01
85713;201300056345;0;7;0;0.0;2.0;6.0;2.0;B01
85714;201300056345;0;7;0;0.0;2.0;4.0;2.0;C01
85715;201300056346;0;7;0;0.0;2.0;4.0;2.0;B01
85716;201300056346;0;10;0;0.0;2.0;1.0;2.0;A01
85717;201300056346;0;7;0;1.0;2.0;1.0;2.0;C01
85718;201300056348;0;33;0;0.0;2.0;1.0;2.0;A01
85719;201300056348;0;7;0;0.0;2.0;6.0;1.0;C01
85720;201300056348;0;7;0;0.0;2.0;5.0;2.0;B01
85721;201300056349;0;7;0;0.0;2.0;4.0;23.0;B01
85722;201300056349;0;10;0;0.0;2.0;1.0;1.0;A01
85723;201300056349;0;10;0;0.0;2.0;1.0;1.0;D01
85724;201300056349;0;7;0;0.0;0.0;4.0;1.0;C01
85725;201300056351;0;34;0;0.0;2.0;7.0;3.0;A01
85726;201300056351;0;7;0;0.0;0.0;8.0;1.0;B01
85727;201300056352;0;10;0;0.0;2.0;5.0;1.0;B01
85728;201300056352;0;33;0;0.0;2.0;3.0;3.0;A01
85729;201300056353;0;7;0;0.0;2.0;2.0;1.0;A01
85730;201300056353;0;31;0;0.0;2.0;1.0;3.0;B01
85731;201300056354;0;33;0;0.0;2.0;3.0;1.0;B01
85732;201300056354;0;7;0;0.0;2.0;2.0;12.0;A01
85733;201300056355;0;7;0;0.0;2.0;6.0;1.0;C01
85734;201300056355;0;7;0;0.0;2.0;7.0;1.0;A01
85735;201300056355;0;33;0;0.0;2.0;3.0;3.0;B01
85736;201300056356;0;7;0;0.0;2.0;6.0;1.0;C01
85737;201300056356;0;34;0;0.0;2.0;5.0;3.0;B01
85738;201300056356;0;32;0;0.0;2.0;1.0;3.0;A01
85739;201300056357;0;10;0;0.0;2.0;2.0;14.0;A01
85740;201300056357;0;33;0;0.0;2.0;8.0;3.0;B01
85741;201300056359;0;32;0;0.0;2.0;2.0;3.0;A01
85742;201300056359;0;7;0;0.0;2.0;6.0;1.0;B01
85743;201300056359;0;7;0;0.0;2.0;2.0;1.0;C01
85744;201300056360;0;33;0;0.0;2.0;3.0;3.0;B01
85745;201300056360;0;7;0;0.0;2.0;5.0;12.0;A01
85746;201300056361;0;32;0;0.0;2.0;1.0;1.0;A01
85747;201300056361;0;7;0;0.0;0.0;5.0;1.0;B01
85748;201300056362;0;7;0;0.0;2.0;1.0;1.0;A01
85749;201300056362;0;7;0;0.0;0.0;6.0;1.0;B01
85750;201300056364;0;7;0;0.0;0.0;5.0;1.0;B01
85751;201300056364;0;34;0;0.0;2.0;3.0;1.0;A01
85752;201300056365;0;33;0;0.0;2.0;2.0;3.0;A01
85753;201300056365;0;14;0;0.0;2.0;6.0;1.0;B01
85754;201300056366;0;7;0;0.0;0.0;4.0;3.0;C01
85755;201300056366;0;7;0;0.0;2.0;5.0;3.0;B01
85756;201300056366;0;7;0;0.0;2.0;3.0;12.0;A01
85757;201300056367;0;32;0;0.0;9.0;1.0;21.0;A01
85758;201300056368;1;7;0;0.0;2.0;2.0;12.0;Z01
85759;201300056368;0;10;0;0.0;2.0;6.0;1.0;B01
85760;201300056368;0;7;0;0.0;2.0;6.0;1.0;A01
85761;201300056369;0;10;0;0.0;0.0;6.0;11.0;A01
85762;201300056369;0;10;0;0.0;2.0;4.0;1.0;C01
85763;201300056369;0;15;0;0.0;2.0;1.0;1.0;B01
85764;201300056370;0;7;0;0.0;0.0;6.0;1.0;C01
85765;201300056370;0;33;0;0.0;2.0;2.0;3.0;B01
85766;201300056370;0;10;0;0.0;2.0;7.0;12.0;A01
85767;201300056371;0;33;0;0.0;0.0;0.0;1.0;A01
85768;201300056372;0;7;0;0.0;2.0;1.0;1.0;A01
85769;201300056372;0;7;0;0.0;0.0;5.0;1.0;B01
85770;201300056373;0;7;0;0.0;2.0;8.0;11.0;A01
85771;201300056373;0;31;0;4.0;2.0;7.0;1.0;B01
85772;201300056374;0;34;0;0.0;2.0;8.0;3.0;A01
85773;201300056374;0;7;0;0.0;2.0;7.0;1.0;B01
85774;201300056375;0;34;0;0.0;2.0;4.0;2.0;A01
85775;201300056375;1;7;0;0.0;2.0;1.0;2.0;Z01
85776;201300056376;0;34;0;0.0;0.0;8.0;14.0;A01
85777;201300056377;0;7;0;4.0;2.0;2.0;1.0;A01
85778;201300056377;1;7;0;0.0;2.0;3.0;13.0;Z01
85779;201300056378;0;32;0;0.0;2.0;1.0;1.0;A01
85780;201300056378;0;7;0;0.0;0.0;5.0;23.0;B01
85781;201300056379;0;7;0;0.0;2.0;1.0;1.0;A01
85782;201300056379;0;7;0;0.0;0.0;4.0;1.0;B01
85783;201300056380;0;7;0;0.0;2.0;1.0;2.0;A01
85784;201300056380;0;10;0;0.0;2.0;6.0;2.0;B01
85785;201300056381;0;7;0;0.0;2.0;2.0;12.0;B01
85786;201300056381;0;33;0;0.0;2.0;3.0;3.0;A01
85787;201300056382;0;33;0;0.0;2.0;4.0;2.0;B01
85788;201300056382;0;33;0;0.0;2.0;8.0;2.0;A01
85789;201300056383;0;7;0;0.0;2.0;6.0;2.0;B01
85790;201300056383;0;33;0;0.0;2.0;2.0;2.0;A01
85791;201300056384;0;14;0;0.0;2.0;6.0;11.0;A01
85792;201300056384;0;33;0;0.0;2.0;7.0;1.0;B01
85793;201300056385;0;7;0;0.0;2.0;5.0;14.0;A01
85794;201300056385;0;7;0;0.0;2.0;6.0;1.0;B01
85795;201300056386;0;33;0;0.0;2.0;3.0;3.0;A01
85796;201300056386;1;7;0;0.0;2.0;2.0;14.0;Z01
85797;201300056387;0;7;0;0.0;2.0;1.0;2.0;A01
85798;201300056387;0;7;0;0.0;2.0;4.0;23.0;C01
85799;201300056387;0;7;0;0.0;2.0;3.0;23.0;B01
85800;201300056388;0;34;0;14.0;2.0;3.0;1.0;A01
85801;201300056388;0;7;0;0.0;2.0;5.0;1.0;B01
85802;201300056389;0;17;0;0.0;2.0;0.0;1.0;C01
85803;201300056389;0;33;0;0.0;2.0;3.0;1.0;B01
85804;201300056389;0;7;0;0.0;2.0;2.0;11.0;A01
85805;201300056390;0;7;0;0.0;2.0;7.0;12.0;A01
85806;201300056390;0;31;0;0.0;2.0;1.0;1.0;B01
85807;201300056390;0;7;0;0.0;2.0;4.0;23.0;C01
85808;201300056391;0;7;0;0.0;2.0;4.0;23.0;C01
85809;201300056391;0;33;0;0.0;2.0;1.0;1.0;A01
85810;201300056391;0;7;0;0.0;2.0;8.0;1.0;B01
85811;201300056392;0;7;0;0.0;2.0;8.0;2.0;C01
85812;201300056392;0;32;0;0.0;2.0;3.0;2.0;A01
85813;201300056392;0;7;0;0.0;2.0;6.0;2.0;B01
85814;201300056393;0;7;0;0.0;2.0;4.0;2.0;C01
85815;201300056393;0;7;0;0.0;2.0;1.0;2.0;A01
85816;201300056393;0;7;0;0.0;2.0;4.0;2.0;B01
85817;201300056394;0;10;0;0.0;2.0;1.0;2.0;B01
85818;201300056394;0;10;0;0.0;2.0;1.0;2.0;C01
85819;201300056394;0;7;0;0.0;2.0;8.0;1.0;A01
85820;201300056394;0;7;0;0.0;2.0;1.0;1.0;D01
85821;201300056394;1;15;0;0.0;2.0;7.0;14.0;Z01
85822;201300056395;0;31;0;0.0;2.0;3.0;3.0;A01
85823;201300056395;0;7;0;0.0;2.0;5.0;1.0;B01
85824;201300056396;0;7;0;0.0;2.0;4.0;23.0;D01
85825;201300056396;0;10;0;0.0;2.0;4.0;23.0;B01
85826;201300056396;0;7;0;0.0;2.0;4.0;23.0;C01
85827;201300056396;0;10;0;0.0;2.0;1.0;2.0;A01
85828;201300056397;0;31;0;0.0;2.0;4.0;13.0;A01
85829;201300056397;0;33;0;0.0;2.0;1.0;1.0;B01
85830;201300056398;0;7;0;0.0;2.0;3.0;1.0;B01
85831;201300056398;0;7;0;4.0;2.0;3.0;13.0;A01
85832;201300056399;0;33;0;4.0;0.0;3.0;13.0;A01
85833;201300056400;0;7;0;4.0;2.0;4.0;1.0;B01
85834;201300056400;0;7;0;4.0;0.0;4.0;1.0;C01
85835;201300056400;0;7;0;0.0;2.0;1.0;1.0;A01
85836;201300056401;0;7;0;0.0;2.0;5.0;12.0;A01
85837;201300056401;0;15;0;0.0;2.0;3.0;1.0;B01
85838;201300056402;0;7;0;0.0;2.0;6.0;2.0;B01
85839;201300056402;0;7;0;0.0;2.0;2.0;2.0;A01
85840;201300056402;0;10;0;0.0;2.0;4.0;23.0;C01
85841;201300056403;0;33;0;0.0;2.0;1.0;2.0;A01
85842;201300056403;0;7;0;0.0;2.0;5.0;23.0;B01
85843;201300056404;0;7;0;0.0;2.0;2.0;1.0;C01
85844;201300056404;0;31;0;0.0;2.0;1.0;11.0;A01
85845;201300056404;0;10;0;0.0;2.0;6.0;1.0;B01
85846;201300056405;0;10;0;0.0;2.0;4.0;2.0;B01
85847;201300056405;0;7;0;0.0;2.0;1.0;2.0;A01
85848;201300056406;0;34;0;0.0;2.0;7.0;1.0;B01
85849;201300056406;0;10;0;0.0;2.0;3.0;11.0;A01
85850;201300056407;0;7;0;0.0;2.0;3.0;12.0;A01
85851;201300056407;0;10;0;0.0;2.0;5.0;23.0;B01
85852;201300056409;0;31;0;0.0;2.0;1.0;2.0;A01
85853;201300056409;0;7;0;0.0;2.0;6.0;23.0;B01
85854;201300056411;0;31;0;0.0;2.0;1.0;1.0;B01
85855;201300056411;0;7;0;0.0;2.0;5.0;12.0;A01
85856;201300056412;0;7;0;0.0;2.0;2.0;1.0;A01
85857;201300056412;0;7;0;0.0;2.0;6.0;1.0;B01
85858;201300056413;0;7;0;0.0;2.0;1.0;2.0;A01
85859;201300056413;0;7;0;0.0;2.0;4.0;23.0;B01
85860;201300056414;0;7;0;0.0;2.0;2.0;2.0;A01
85861;201300056414;0;7;0;0.0;2.0;6.0;2.0;B01
85862;201300056415;1;7;0;4.0;0.0;2.0;14.0;A01
85863;201300056416;0;7;0;4.0;0.0;2.0;14.0;A01
85864;201300056417;0;31;0;0.0;2.0;5.0;3.0;B01
85865;201300056417;0;7;0;0.0;2.0;3.0;11.0;A01
85866;201300056418;0;7;0;0.0;2.0;8.0;11.0;A01
85867;201300056418;0;33;0;0.0;2.0;7.0;3.0;B01
85868;201300056419;0;7;0;0.0;2.0;2.0;12.0;A01
85869;201300056419;0;33;0;0.0;2.0;1.0;3.0;B01
85870;201300056419;0;10;0;0.0;2.0;8.0;1.0;C01
85871;201300056421;1;33;0;0.0;2.0;1.0;3.0;Z01
85872;201300056421;0;33;0;0.0;2.0;5.0;3.0;A01
85873;201300056421;0;7;0;0.0;2.0;5.0;23.0;B01
85874;201300056422;0;7;0;0.0;2.0;4.0;1.0;D01
85875;201300056422;0;13;0;0.0;2.0;6.0;11.0;A01
85876;201300056422;0;33;0;0.0;2.0;2.0;11.0;B01
85877;201300056422;0;7;0;0.0;2.0;1.0;1.0;C01
85878;201300056423;0;33;0;0.0;0.0;8.0;1.0;A01
85879;201300056424;0;33;0;0.0;2.0;3.0;12.0;A01
85880;201300056424;0;7;0;0.0;2.0;5.0;1.0;B01
85881;201300056424;0;7;0;0.0;2.0;4.0;1.0;C01
85882;201300056425;0;7;0;0.0;0.0;2.0;12.0;B01
85883;201300056425;0;33;0;0.0;2.0;3.0;1.0;A01
85884;201300056426;0;7;0;0.0;2.0;5.0;1.0;D01
85885;201300056426;0;10;0;0.0;2.0;7.0;1.0;B01
85886;201300056426;0;33;0;0.0;2.0;2.0;3.0;C01
85887;201300056426;0;14;0;0.0;2.0;8.0;13.0;A01
85888;201300056428;0;7;0;0.0;2.0;1.0;2.0;A01
85889;201300056428;0;7;0;0.0;2.0;4.0;2.0;B01
85890;201300056429;0;33;0;0.0;2.0;3.0;11.0;A01
85891;201300056429;0;7;0;0.0;2.0;7.0;12.0;B01
85892;201300056430;0;7;0;0.0;2.0;4.0;23.0;B01
85893;201300056430;0;31;0;0.0;2.0;1.0;13.0;A01
85894;201300056431;0;14;0;0.0;2.0;1.0;2.0;A01
85895;201300056431;0;7;0;0.0;2.0;4.0;2.0;B01
85896;201300056432;0;31;0;0.0;2.0;4.0;1.0;A01
85897;201300056432;0;10;0;0.0;0.0;4.0;1.0;B01
85898;201300056433;0;33;0;0.0;2.0;5.0;3.0;B01
85899;201300056433;0;7;0;0.0;0.0;6.0;1.0;C01
85900;201300056433;0;7;0;0.0;2.0;3.0;11.0;A01
85901;201300056433;0;7;0;0.0;0.0;5.0;1.0;D01
85902;201300056434;0;34;0;0.0;0.0;1.0;3.0;B01
85903;201300056434;0;7;0;0.0;2.0;5.0;12.0;A01
85904;201300056435;0;10;0;0.0;2.0;1.0;1.0;A01
85905;201300056435;0;7;0;0.0;0.0;4.0;23.0;B01
85906;201300056436;0;7;0;0.0;2.0;8.0;11.0;A01
85907;201300056436;0;33;0;0.0;2.0;7.0;1.0;B01
85908;201300056437;0;34;0;0.0;2.0;8.0;11.0;A01
85909;201300056437;1;33;0;0.0;2.0;0.0;3.0;Z01
85910;201300056438;0;33;0;0.0;2.0;7.0;1.0;A01
85911;201300056438;1;17;0;0.0;2.0;7.0;13.0;Z01
85912;201300056439;0;7;0;0.0;2.0;5.0;2.0;B01
85913;201300056439;0;31;0;0.0;2.0;1.0;2.0;A01
85914;201300056440;0;31;0;0.0;2.0;1.0;2.0;A01
85915;201300056440;0;7;0;0.0;2.0;4.0;2.0;B01
85916;201300056441;0;31;0;0.0;2.0;8.0;3.0;B01
85917;201300056441;0;7;0;0.0;2.0;7.0;12.0;A01
85918;201300056442;0;34;0;0.0;2.0;3.0;1.0;A01
85919;201300056442;1;7;0;0.0;2.0;5.0;14.0;Z01
85920;201300056443;0;7;0;0.0;2.0;1.0;2.0;A01
85921;201300056443;0;7;0;0.0;2.0;4.0;23.0;B01
85922;201300056444;0;32;0;0.0;2.0;7.0;1.0;B01
85923;201300056444;0;10;0;0.0;2.0;0.0;12.0;A01
85924;201300056445;0;7;0;0.0;2.0;3.0;1.0;A01
85925;201300056445;0;15;0;0.0;2.0;5.0;1.0;B01
85926;201300056446;0;10;0;0.0;2.0;1.0;2.0;D01
85927;201300056446;0;7;0;0.0;2.0;4.0;2.0;B01
85928;201300056446;0;7;0;0.0;2.0;1.0;2.0;E01
85929;201300056446;0;7;0;0.0;2.0;1.0;2.0;A01
85930;201300056446;0;7;0;0.0;2.0;4.0;2.0;C01
85931;201300056448;0;7;0;0.0;2.0;3.0;11.0;A01
85932;201300056448;0;33;0;4.0;2.0;7.0;1.0;B01
85933;201300056451;0;7;0;0.0;2.0;4.0;12.0;A01
85934;201300056451;0;33;0;0.0;2.0;1.0;3.0;B01
85935;201300056452;0;32;0;0.0;2.0;4.0;2.0;A01
85936;201300056452;1;33;0;0.0;2.0;0.0;2.0;Z01
85937;201300056455;0;32;0;0.0;2.0;3.0;3.0;A01
85938;201300056455;0;7;0;0.0;2.0;5.0;12.0;B01
85939;201300056456;0;31;0;0.0;2.0;8.0;1.0;B01
85940;201300056456;0;7;0;0.0;2.0;7.0;12.0;A01
85941;201300056458;0;7;0;0.0;2.0;8.0;1.0;C01
85942;201300056458;0;33;0;0.0;2.0;2.0;3.0;A01
85943;201300056458;0;10;0;0.0;2.0;7.0;1.0;B01
85944;201300056459;0;10;0;0.0;2.0;2.0;12.0;A01
85945;201300056459;0;7;0;0.0;2.0;8.0;1.0;C01
85946;201300056459;0;33;0;0.0;2.0;1.0;3.0;B01
85947;201300056460;0;7;0;0.0;2.0;6.0;23.0;B01
85948;201300056460;0;33;0;0.0;2.0;2.0;2.0;A01
85949;201300056461;1;7;0;0.0;2.0;3.0;13.0;Z01
85950;201300056461;0;33;0;0.0;2.0;5.0;1.0;A01
85951;201300056461;0;7;0;0.0;2.0;5.0;1.0;B01
85952;201300056462;0;33;0;0.0;2.0;0.0;11.0;A01
85953;201300056462;0;7;0;0.0;2.0;4.0;1.0;B01
85954;201300056463;0;10;0;0.0;0.0;6.0;1.0;B01
85955;201300056463;0;34;0;0.0;2.0;1.0;3.0;A01
85956;201300056464;0;7;0;0.0;0.0;4.0;23.0;C01
85957;201300056464;0;10;0;0.0;2.0;1.0;1.0;A01
85958;201300056464;0;7;0;0.0;2.0;4.0;23.0;B01
85959;201300056465;0;7;0;0.0;0.0;1.0;22.0;A01
85960;201300056465;0;32;0;0.0;2.0;2.0;3.0;C01
85961;201300056465;0;7;0;0.0;0.0;4.0;23.0;B01
85962;201300056466;0;33;0;0.0;2.0;1.0;3.0;A01
85963;201300056466;0;7;0;0.0;0.0;3.0;23.0;C01
85964;201300056466;0;33;0;0.0;2.0;4.0;3.0;B01
85965;201300056467;0;7;0;0.0;2.0;8.0;11.0;A01
85966;201300056467;0;33;0;0.0;0.0;2.0;3.0;B01
85967;201300056468;0;33;0;0.0;2.0;1.0;3.0;B01
85968;201300056468;0;7;0;0.0;2.0;6.0;11.0;A01
85969;201300056469;0;32;0;0.0;2.0;4.0;3.0;A01
85970;201300056469;0;7;0;0.0;0.0;5.0;12.0;B01
85971;201300056470;0;7;0;0.0;2.0;3.0;1.0;A01
85972;201300056470;0;33;0;0.0;0.0;4.0;1.0;B01
85973;201300056471;0;33;0;0.0;2.0;8.0;3.0;A01
85974;201300056471;0;7;0;0.0;0.0;2.0;12.0;B01
85975;201300056472;0;34;0;0.0;2.0;1.0;3.0;B01
85976;201300056472;0;7;0;0.0;2.0;8.0;11.0;A01
85977;201300056473;0;7;0;0.0;2.0;1.0;1.0;A01
85978;201300056473;0;7;0;0.0;2.0;4.0;1.0;D01
85979;201300056473;0;7;0;0.0;2.0;4.0;1.0;C01
85980;201300056473;0;7;0;1.0;2.0;4.0;1.0;B01
85981;201300056474;0;34;0;0.0;2.0;3.0;1.0;A01
85982;201300056474;0;7;0;0.0;0.0;5.0;23.0;B01
85983;201300056475;0;33;0;0.0;2.0;3.0;1.0;A01
85984;201300056475;0;10;0;0.0;0.0;5.0;23.0;B01
85985;201300056476;0;7;0;0.0;2.0;1.0;1.0;A01
85986;201300056476;0;7;0;0.0;0.0;4.0;1.0;B01
85987;201300056477;0;10;0;0.0;0.0;5.0;1.0;B01
85988;201300056477;0;32;0;0.0;2.0;0.0;1.0;A01
85989;201300056478;0;7;0;0.0;2.0;1.0;1.0;A01
85990;201300056478;0;7;0;0.0;0.0;4.0;1.0;B01
85991;201300056479;0;33;0;0.0;0.0;4.0;1.0;B01
85992;201300056479;0;7;0;0.0;2.0;4.0;1.0;A01
85993;201300056480;0;7;0;0.0;0.0;5.0;1.0;C01
85994;201300056480;0;7;0;0.0;2.0;2.0;12.0;A01
85995;201300056480;0;33;0;0.0;0.0;8.0;3.0;B01
85996;201300056481;0;7;0;0.0;2.0;1.0;1.0;D01
85997;201300056481;0;7;0;0.0;2.0;1.0;1.0;C01
85998;201300056481;0;7;0;0.0;2.0;1.0;1.0;F01
85999;201300056481;0;7;0;0.0;2.0;1.0;1.0;E01
86000;201300056481;1;7;0;0.0;2.0;1.0;23.0;A01
86001;201300056481;0;7;0;0.0;2.0;1.0;1.0;B01
86002;201300056482;0;10;0;0.0;2.0;5.0;1.0;C01
86003;201300056482;0;33;0;0.0;2.0;2.0;3.0;B01
86004;201300056482;0;7;0;0.0;2.0;3.0;11.0;A01
86005;201300056483;0;33;0;0.0;2.0;3.0;1.0;A01
86006;201300056483;0;7;0;0.0;0.0;5.0;1.0;B01
86007;201300056484;0;7;0;0.0;2.0;4.0;1.0;B01
86008;201300056484;0;7;0;0.0;2.0;3.0;1.0;F01
86009;201300056484;0;7;0;0.0;0.0;4.0;23.0;E01
86010;201300056484;0;7;0;0.0;2.0;1.0;1.0;A01
86011;201300056484;0;7;0;0.0;2.0;4.0;1.0;C01
86012;201300056484;0;7;0;0.0;2.0;4.0;1.0;D01
86013;201300056485;0;7;0;0.0;0.0;4.0;23.0;C01
86014;201300056485;0;7;0;0.0;2.0;4.0;1.0;B01
86015;201300056485;0;7;0;0.0;2.0;1.0;1.0;A01
86016;201300056485;0;7;0;0.0;2.0;1.0;1.0;D01
86017;201300056486;0;33;0;0.0;2.0;8.0;1.0;B01
86018;201300056486;0;7;0;0.0;0.0;5.0;1.0;C01
86019;201300056486;1;7;0;0.0;0.0;8.0;11.0;A01
86020;201300056486;0;7;0;0.0;0.0;6.0;1.0;D01
86021;201300056487;0;31;0;0.0;2.0;1.0;3.0;A01
86022;201300056487;0;7;0;0.0;0.0;6.0;1.0;B01
86023;201300056488;0;31;0;0.0;0.0;7.0;1.0;A01
86024;201300056489;0;31;0;0.0;0.0;0.0;1.0;A01
86025;201300056490;0;32;0;6.0;0.0;8.0;1.0;A01
86026;201300056491;0;7;0;0.0;2.0;5.0;1.0;B01
86027;201300056491;0;33;0;0.0;2.0;2.0;11.0;A01
86028;201300056492;0;34;0;0.0;2.0;3.0;3.0;A01
86029;201300056492;0;7;0;0.0;2.0;5.0;1.0;B01
86030;201300056493;0;10;0;0.0;2.0;1.0;2.0;A01
86031;201300056493;0;7;0;0.0;2.0;4.0;2.0;B01
86032;201300056493;0;7;0;0.0;2.0;4.0;2.0;C01
86033;201300056494;0;7;0;0.0;2.0;3.0;2.0;A01
86034;201300056494;0;7;0;0.0;2.0;4.0;23.0;C01
86035;201300056494;0;7;0;0.0;2.0;5.0;23.0;B01
86036;201300056495;0;31;0;0.0;2.0;8.0;3.0;A01
86037;201300056495;1;10;0;0.0;2.0;2.0;14.0;Z01
86038;201300056496;0;7;0;0.0;2.0;1.0;2.0;A01
86039;201300056496;0;7;0;0.0;2.0;4.0;2.0;B01
86040;201300056497;0;31;0;0.0;2.0;5.0;2.0;A01
86041;201300056497;1;7;0;0.0;2.0;0.0;2.0;Z01
86042;201300056499;0;7;0;0.0;2.0;2.0;12.0;A01
86043;201300056499;0;31;0;0.0;2.0;3.0;3.0;B01
86044;201300056501;0;7;0;0.0;2.0;6.0;13.0;A01
86045;201300056501;0;33;0;0.0;2.0;7.0;3.0;B01
86046;201300056502;0;33;0;0.0;2.0;2.0;3.0;B01
86047;201300056502;0;7;0;0.0;2.0;6.0;11.0;A01
86048;201300056504;0;32;0;0.0;2.0;3.0;3.0;A01
86049;201300056504;0;7;0;0.0;2.0;3.0;1.0;B01
86050;201300056504;1;7;0;0.0;2.0;7.0;12.0;Z01
86051;201300056505;0;7;0;0.0;2.0;4.0;1.0;C01
86052;201300056505;0;7;0;0.0;2.0;2.0;12.0;A01
86053;201300056505;0;33;0;0.0;2.0;3.0;3.0;B01
86054;201300056506;0;31;0;0.0;2.0;1.0;3.0;B01
86055;201300056506;0;7;0;0.0;2.0;4.0;1.0;D01
86056;201300056506;0;7;0;0.0;2.0;4.0;1.0;C01
86057;201300056506;0;7;0;0.0;2.0;5.0;12.0;A01
86058;201300056507;0;33;0;0.0;2.0;2.0;14.0;A01
86059;201300056507;0;10;0;0.0;2.0;6.0;1.0;B01
86060;201300056508;0;31;0;0.0;2.0;3.0;3.0;A01
86061;201300056508;0;10;0;0.0;2.0;2.0;12.0;B01
86062;201300056509;0;7;0;0.0;2.0;1.0;2.0;A01
86063;201300056509;0;7;0;0.0;2.0;4.0;2.0;B01
86064;201300056510;0;33;0;0.0;2.0;4.0;2.0;B01
86065;201300056510;0;34;0;0.0;2.0;1.0;2.0;A01
86066;201300056511;0;7;0;0.0;2.0;2.0;12.0;A01
86067;201300056511;0;32;0;0.0;2.0;3.0;3.0;B01
86068;201300056512;0;7;0;0.0;2.0;1.0;2.0;A01
86069;201300056512;0;7;0;0.0;2.0;4.0;2.0;B01
86070;201300056513;0;33;0;0.0;2.0;2.0;1.0;B01
86071;201300056513;0;7;0;0.0;2.0;6.0;11.0;A01
86072;201300056514;0;7;0;0.0;2.0;4.0;2.0;B01
86073;201300056514;0;7;0;0.0;2.0;1.0;2.0;A01
86074;201300056514;0;7;0;0.0;2.0;4.0;2.0;C01
86075;201300056514;0;7;0;0.0;2.0;4.0;2.0;D01
86076;201300056515;0;7;0;4.0;0.0;1.0;13.0;A01
86077;201300056516;0;33;0;6.0;0.0;2.0;1.0;A01
86078;201300056517;0;7;0;5.0;0.0;2.0;14.0;A01
86079;201300056518;0;7;0;0.0;2.0;5.0;1.0;C01
86080;201300056518;0;33;0;0.0;2.0;7.0;3.0;A01
86081;201300056518;0;7;0;0.0;2.0;3.0;11.0;B01
86082;201300056519;0;15;0;0.0;2.0;2.0;12.0;A01
86083;201300056519;0;7;0;0.0;2.0;6.0;1.0;B01
86084;201300056520;0;33;0;0.0;2.0;7.0;3.0;B01
86085;201300056520;0;7;0;0.0;2.0;3.0;11.0;A01
86086;201300056521;0;10;0;0.0;2.0;0.0;1.0;B01
86087;201300056521;0;31;0;0.0;2.0;7.0;11.0;A01
86088;201300056522;0;32;0;4.0;2.0;2.0;1.0;B01
86089;201300056522;1;10;0;0.0;2.0;0.0;11.0;Z01
86090;201300056522;0;7;0;0.0;2.0;6.0;1.0;A01
86091;201300056523;0;33;0;0.0;0.0;8.0;15.0;A01
86092;201300056524;0;31;0;0.0;2.0;1.0;2.0;A01
86093;201300056524;0;7;0;0.0;2.0;6.0;2.0;B01