;Num_Acc;senc;catv;occutc;obs;obsm;choc;manv;num_veh
86094;201300056525;0;7;0;0.0;2.0;1.0;2.0;A01
86095;201300056525;0;7;0;0.0;2.0;4.0;23.0;B01
86096;201300056525;0;7;0;0.0;2.0;4.0;23.0;C01
86097;201300056526;0;31;0;0.0;2.0;2.0;2.0;A01
86098;201300056526;0;7;0;0.0;2.0;6.0;2.0;B01
86099;201300056527;0;32;0;0.0;2.0;1.0;2.0;A01
86100;201300056527;0;7;0;0.0;2.0;6.0;2.0;B01
86101;201300056527;0;7;0;0.0;2.0;2.0;2.0;C01
86102;201300056528;0;31;0;0.0;2.0;2.0;3.0;B01
86103;201300056528;0;7;0;0.0;2.0;3.0;11.0;A01
86104;201300056529;0;31;0;0.0;2.0;1.0;2.0;A01
86105;201300056529;0;10;0;0.0;2.0;4.0;2.0;B01
86106;201300056530;0;10;0;0.0;2.0;6.0;23.0;B01
86107;201300056530;0;34;0;0.0;2.0;1.0;2.0;A01
86108;201300056531;0;7;0;4.0;2.0;6.0;13.0;A01
86109;201300056531;0;16;0;0.0;2.0;2.0;1.0;B01
86110;201300056532;0;32;0;0.0;0.0;3.0;3.0;A01
86111;201300056532;1;7;0;0.0;2.0;6.0;11.0;Z01
86112;201300056533;0;7;0;0.0;2.0;5.0;1.0;C01
86113;201300056533;0;7;0;2.0;2.0;4.0;1.0;B01
86114;201300056533;0;7;0;0.0;2.0;1.0;1.0;A01
86115;201300056533;0;7;0;0.0;2.0;3.0;21.0;D01
86116;201300056534;0;33;0;0.0;2.0;3.0;3.0;A01
86117;201300056534;0;7;0;0.0;0.0;5.0;1.0;B01
86118;201300056535;0;33;0;0.0;2.0;3.0;1.0;B01
86119;201300056535;0;7;0;0.0;2.0;5.0;12.0;A01
86120;201300056536;0;7;0;0.0;0.0;4.0;23.0;B01
86121;201300056536;0;7;0;0.0;2.0;1.0;1.0;A01
86122;201300056537;0;7;0;0.0;0.0;5.0;1.0;B01
86123;201300056537;0;7;0;0.0;2.0;4.0;1.0;D01
86124;201300056537;0;7;0;0.0;2.0;3.0;1.0;A01
86125;201300056537;0;10;0;0.0;0.0;4.0;1.0;C01
86126;201300056538;0;7;0;0.0;2.0;5.0;1.0;B01
86127;201300056538;0;10;0;0.0;2.0;3.0;1.0;A01
86128;201300056539;0;7;0;0.0;2.0;8.0;23.0;C01
86129;201300056539;0;17;0;0.0;2.0;7.0;12.0;B01
86130;201300056539;0;33;0;0.0;2.0;8.0;3.0;A01
86131;201300056540;0;7;0;0.0;2.0;3.0;12.0;A01
86132;201300056540;0;33;0;4.0;0.0;2.0;3.0;B01
86133;201300056541;0;7;0;0.0;2.0;1.0;2.0;A01
86134;201300056541;0;7;0;0.0;2.0;4.0;2.0;B01
86135;201300056542;0;33;0;0.0;0.0;1.0;1.0;A01
86136;201300056543;0;34;0;0.0;0.0;0.0;3.0;A01
86137;201300056544;0;33;0;0.0;2.0;1.0;2.0;A01
86138;201300056544;0;33;0;0.0;2.0;4.0;2.0;B01
86139;201300056545;0;10;0;0.0;2.0;4.0;2.0;B01
86140;201300056545;0;33;0;0.0;2.0;1.0;2.0;A01
86141;201300056546;0;7;0;0.0;2.0;5.0;12.0;B01
86142;201300056546;0;31;0;0.0;2.0;3.0;3.0;A01
86143;201300056547;0;7;0;0.0;2.0;4.0;2.0;C01
86144;201300056547;0;7;0;0.0;2.0;1.0;2.0;A01
86145;201300056547;0;7;0;0.0;2.0;5.0;2.0;B01
86146;201300056548;0;33;0;0.0;1.0;2.0;3.0;A01
86147;201300056548;0;15;0;0.0;2.0;3.0;23.0;B01
86148;201300056549;0;7;0;0.0;2.0;2.0;1.0;C01
86149;201300056549;0;7;0;0.0;2.0;7.0;23.0;D01
86150;201300056549;0;33;0;1.0;2.0;1.0;3.0;A01
86151;201300056549;0;33;0;0.0;2.0;8.0;11.0;B01
86152;201300056549;0;7;0;0.0;2.0;8.0;23.0;E01
86153;201300056550;0;7;0;0.0;2.0;1.0;2.0;A01
86154;201300056550;0;10;0;0.0;2.0;4.0;2.0;C01
86155;201300056550;0;7;0;0.0;2.0;4.0;2.0;B01
86156;201300056552;0;7;0;0.0;2.0;4.0;2.0;B01
86157;201300056552;0;31;0;0.0;2.0;1.0;2.0;A01
86158;201300056553;0;7;0;0.0;2.0;1.0;2.0;A01
86159;201300056553;0;7;0;0.0;2.0;4.0;2.0;B01
86160;201300056553;0;7;0;0.0;2.0;1.0;2.0;C01
86161;201300056553;0;7;0;0.0;2.0;4.0;2.0;D01
86162;201300056554;0;10;0;0.0;2.0;2.0;12.0;A01
86163;201300056554;0;33;0;0.0;2.0;7.0;3.0;B01
86164;201300056555;0;10;0;0.0;2.0;4.0;2.0;B01
86165;201300056555;0;7;0;0.0;2.0;4.0;2.0;C01
86166;201300056555;0;38;36;0.0;2.0;1.0;2.0;A01
86167;201300056555;0;7;0;0.0;2.0;4.0;2.0;D01
86168;201300056556;0;32;0;0.0;2.0;3.0;13.0;A01
86169;201300056556;0;7;0;0.0;2.0;7.0;1.0;B01
86170;201300056558;0;31;0;0.0;0.0;0.0;1.0;A01
86171;201300056559;0;7;0;0.0;2.0;5.0;12.0;A01
86172;201300056559;0;33;0;0.0;2.0;3.0;1.0;B01
86173;201300056560;0;10;0;0.0;2.0;5.0;2.0;C01
86174;201300056560;0;7;0;4.0;2.0;1.0;2.0;A01
86175;201300056560;0;10;0;0.0;2.0;6.0;2.0;B01
86176;201300056561;0;31;0;0.0;2.0;1.0;3.0;A01
86177;201300056561;0;7;0;0.0;2.0;4.0;1.0;B01
86178;201300056562;0;7;0;0.0;2.0;6.0;11.0;A01
86179;201300056562;0;7;0;0.0;0.0;6.0;2.0;C01
86180;201300056562;0;33;0;0.0;0.0;7.0;2.0;B01
86181;201300056563;0;31;0;0.0;2.0;1.0;3.0;B01
86182;201300056563;0;7;0;0.0;2.0;7.0;23.0;D01
86183;201300056563;0;7;0;0.0;2.0;7.0;22.0;A01
86184;201300056563;0;10;0;0.0;2.0;8.0;23.0;C01
86185;201300056564;0;33;0;4.0;0.0;3.0;13.0;A01
86186;201300056565;0;7;0;0.0;2.0;4.0;2.0;B01
86187;201300056565;0;7;0;0.0;2.0;3.0;2.0;A01
86188;201300056565;0;31;0;0.0;2.0;9.0;2.0;D01
86189;201300056565;0;7;0;0.0;2.0;1.0;2.0;C01
86190;201300056566;0;10;0;8.0;0.0;1.0;1.0;A01
86191;201300056568;0;7;0;4.0;0.0;3.0;17.0;A01
86192;201300056569;0;7;0;0.0;0.0;6.0;11.0;A01
86193;201300056569;0;33;0;0.0;2.0;2.0;1.0;B01
86194;201300056571;0;7;0;0.0;2.0;1.0;1.0;A01
86195;201300056571;0;7;0;0.0;0.0;4.0;23.0;B01
86196;201300056572;0;7;0;0.0;0.0;3.0;1.0;C01
86197;201300056572;0;7;0;0.0;2.0;5.0;1.0;B01
86198;201300056572;0;10;0;0.0;2.0;3.0;16.0;A01
86199;201300056573;0;7;0;0.0;2.0;1.0;1.0;A01
86200;201300056573;0;10;0;0.0;0.0;4.0;23.0;C01
86201;201300056573;0;7;0;0.0;2.0;4.0;23.0;B01
86202;201300056575;0;7;0;0.0;2.0;1.0;2.0;A01
86203;201300056575;0;33;0;0.0;2.0;4.0;23.0;B01
86204;201300056575;0;7;0;0.0;0.0;4.0;23.0;C01
86205;201300056576;0;31;0;4.0;0.0;8.0;21.0;A01
86206;201300056578;0;16;0;0.0;0.0;2.0;1.0;B01
86207;201300056578;0;10;0;0.0;0.0;1.0;1.0;C01
86208;201300056578;0;7;0;0.0;2.0;1.0;1.0;D01
86209;201300056578;0;7;0;0.0;2.0;8.0;18.0;A01
86210;201300056579;0;33;0;0.0;2.0;8.0;3.0;B01
86211;201300056579;0;7;0;0.0;2.0;7.0;12.0;A01
86212;201300056580;0;7;0;0.0;0.0;4.0;23.0;C01
86213;201300056580;0;7;0;0.0;2.0;1.0;1.0;A01
86214;201300056580;0;7;0;0.0;2.0;4.0;23.0;B01
86215;201300056581;0;33;0;0.0;2.0;1.0;3.0;A01
86216;201300056581;0;31;0;0.0;2.0;4.0;3.0;B01
86217;201300056581;0;7;0;0.0;2.0;6.0;23.0;C01
86218;201300056582;0;34;0;0.0;0.0;1.0;3.0;B01
86219;201300056582;0;7;0;0.0;2.0;6.0;11.0;A01
86220;201300056583;0;7;0;0.0;2.0;4.0;1.0;B01
86221;201300056583;0;7;0;0.0;2.0;4.0;23.0;C01
86222;201300056583;0;7;0;0.0;2.0;1.0;1.0;A01
86223;201300056584;0;7;0;0.0;2.0;3.0;22.0;A01
86224;201300056584;0;33;0;0.0;0.0;5.0;3.0;B01
86225;201300056585;0;7;0;0.0;2.0;2.0;1.0;A01
86226;201300056585;0;7;0;0.0;0.0;6.0;1.0;B01
86227;201300056586;0;7;0;4.0;0.0;1.0;13.0;A01
86228;201300056587;0;34;0;0.0;0.0;0.0;1.0;A01
86229;201300056588;0;7;0;0.0;2.0;4.0;2.0;C01
86230;201300056588;0;7;0;0.0;2.0;1.0;2.0;A01
86231;201300056588;0;7;0;0.0;2.0;4.0;2.0;B01
86232;201300056589;0;7;0;0.0;2.0;6.0;2.0;B01
86233;201300056589;0;33;0;0.0;2.0;2.0;2.0;A01
86234;201300056590;0;33;0;1.0;0.0;0.0;3.0;A01
86235;201300056591;1;7;0;0.0;2.0;5.0;12.0;Z01
86236;201300056591;0;33;0;0.0;2.0;3.0;3.0;A01
86237;201300056592;0;31;0;0.0;2.0;1.0;3.0;B01
86238;201300056592;0;10;0;0.0;2.0;4.0;11.0;A01
86239;201300056593;0;7;0;0.0;2.0;4.0;2.0;B01
86240;201300056593;0;33;0;0.0;2.0;1.0;2.0;A01
86241;201300056594;0;17;0;0.0;2.0;2.0;12.0;A01
86242;201300056594;0;7;0;0.0;2.0;7.0;1.0;B01
86243;201300056595;0;7;0;0.0;2.0;5.0;14.0;B01
86244;201300056595;0;34;0;0.0;2.0;3.0;3.0;A01
86245;201300056595;0;7;0;0.0;2.0;6.0;1.0;C01
86246;201300056596;0;32;0;0.0;2.0;4.0;2.0;B01
86247;201300056596;0;33;0;0.0;2.0;1.0;2.0;A01
86248;201300056597;0;7;0;0.0;2.0;3.0;12.0;B01
86249;201300056597;0;7;0;4.0;2.0;5.0;1.0;A01
86250;201300056598;0;34;0;0.0;2.0;3.0;11.0;A01
86251;201300056598;0;10;0;0.0;2.0;2.0;1.0;B01
86252;201300056599;0;33;0;0.0;2.0;1.0;2.0;A01
86253;201300056599;0;7;0;0.0;2.0;4.0;2.0;B01
86254;201300056600;0;7;0;0.0;2.0;4.0;1.0;C01
86255;201300056600;0;17;0;0.0;2.0;2.0;12.0;A01
86256;201300056600;0;7;0;0.0;2.0;6.0;1.0;B01
86257;201300056601;0;33;0;0.0;0.0;8.0;3.0;A01
86258;201300056602;0;33;0;0.0;2.0;2.0;3.0;A01
86259;201300056602;0;10;0;0.0;2.0;6.0;1.0;B01
86260;201300056603;0;33;0;0.0;0.0;2.0;1.0;A01
86261;201300056604;0;7;0;4.0;0.0;1.0;1.0;A01
86262;201300056605;0;33;0;0.0;2.0;3.0;3.0;A01
86263;201300056605;0;7;0;0.0;0.0;2.0;12.0;B01
86264;201300056606;0;7;0;0.0;2.0;1.0;2.0;A01
86265;201300056606;0;10;0;0.0;2.0;4.0;2.0;B01
86266;201300056607;0;7;0;0.0;2.0;7.0;12.0;A01
86267;201300056607;0;34;0;0.0;2.0;8.0;3.0;B01
86268;201300056608;0;7;0;0.0;2.0;1.0;2.0;A01
86269;201300056608;0;7;0;0.0;2.0;4.0;2.0;B01
86270;201300056608;0;10;0;0.0;2.0;4.0;2.0;C01
86271;201300056609;0;7;0;0.0;2.0;7.0;12.0;B01
86272;201300056609;0;33;0;0.0;0.0;3.0;3.0;A01
86273;201300056610;0;7;0;0.0;2.0;1.0;1.0;A01
86274;201300056610;0;7;0;0.0;2.0;4.0;23.0;C01
86275;201300056610;0;7;0;0.0;2.0;1.0;23.0;B01
86276;201300056610;0;7;0;0.0;2.0;1.0;1.0;D01
86277;201300056611;0;7;0;0.0;2.0;2.0;12.0;A01
86278;201300056611;0;32;0;0.0;0.0;3.0;3.0;B01
86279;201300056612;0;33;0;0.0;2.0;8.0;3.0;B01
86280;201300056612;0;7;0;0.0;0.0;7.0;12.0;A01
86281;201300056613;0;32;0;0.0;2.0;2.0;3.0;A01
86282;201300056613;0;7;0;0.0;0.0;6.0;11.0;B01
86283;201300056614;1;7;0;0.0;2.0;1.0;13.0;Z01
86284;201300056614;0;7;0;0.0;2.0;3.0;2.0;A01
86285;201300056614;0;7;0;0.0;2.0;4.0;1.0;C01
86286;201300056614;0;7;0;4.0;2.0;1.0;2.0;B01
86287;201300056615;0;7;0;0.0;2.0;1.0;2.0;A01
86288;201300056615;0;7;0;0.0;2.0;4.0;23.0;B01
86289;201300056616;0;7;0;0.0;2.0;6.0;11.0;A01
86290;201300056616;0;34;0;0.0;0.0;2.0;3.0;B01
86291;201300056617;0;7;0;0.0;0.0;6.0;1.0;C01
86292;201300056617;0;33;0;0.0;2.0;3.0;3.0;A01
86293;201300056617;0;7;0;0.0;0.0;5.0;1.0;B01
86294;201300056618;0;32;0;0.0;0.0;3.0;3.0;B01
86295;201300056618;0;7;0;0.0;2.0;5.0;12.0;A01
86296;201300056619;0;7;0;0.0;2.0;7.0;1.0;C01
86297;201300056619;0;7;0;0.0;2.0;6.0;9.0;B01
86298;201300056619;0;10;0;0.0;2.0;2.0;1.0;D01
86299;201300056619;0;17;0;0.0;2.0;2.0;1.0;A01
86300;201300056620;0;7;0;0.0;0.0;4.0;1.0;D01
86301;201300056620;0;10;0;0.0;2.0;1.0;1.0;C01
86302;201300056620;0;7;0;0.0;2.0;4.0;1.0;B01
86303;201300056620;0;7;0;0.0;2.0;1.0;1.0;A01
86304;201300056621;0;33;0;0.0;2.0;1.0;1.0;A01
86305;201300056621;0;10;0;0.0;0.0;4.0;1.0;B01
86306;201300056622;0;33;0;0.0;0.0;4.0;3.0;B01
86307;201300056622;0;34;0;0.0;2.0;1.0;3.0;A01
86308;201300056623;0;33;0;0.0;0.0;8.0;3.0;B01
86309;201300056623;0;7;0;0.0;2.0;7.0;14.0;A01
86310;201300056624;0;7;0;0.0;2.0;1.0;1.0;A01
86311;201300056624;0;7;0;0.0;0.0;4.0;23.0;B01
86312;201300056625;0;15;0;0.0;2.0;2.0;12.0;A01
86313;201300056625;0;7;0;4.0;2.0;3.0;1.0;B01
86314;201300056626;0;31;0;0.0;2.0;1.0;2.0;A01
86315;201300056626;0;10;0;0.0;2.0;4.0;23.0;B01
86316;201300056627;0;30;0;0.0;2.0;8.0;11.0;A01
86317;201300056627;0;31;0;0.0;2.0;2.0;3.0;B01
86318;201300056628;0;33;0;0.0;2.0;3.0;2.0;A01
86319;201300056628;0;7;0;0.0;2.0;5.0;2.0;B01
86320;201300056629;0;7;0;0.0;2.0;4.0;2.0;B01
86321;201300056629;0;33;0;0.0;2.0;1.0;2.0;A01
86322;201300056630;0;7;0;0.0;2.0;3.0;2.0;C01
86323;201300056630;0;7;0;0.0;2.0;1.0;2.0;A01
86324;201300056630;0;7;0;0.0;2.0;4.0;2.0;B01
86325;201300056632;0;7;0;4.0;2.0;6.0;2.0;B01
86326;201300056632;0;7;0;4.0;2.0;2.0;2.0;A01
86327;201300056633;0;31;0;0.0;0.0;3.0;1.0;A01
86328;201300056634;0;32;0;0.0;0.0;8.0;3.0;B01
86329;201300056634;0;7;0;0.0;2.0;7.0;12.0;A01
86330;201300056635;0;7;0;0.0;2.0;1.0;1.0;A01
86331;201300056635;0;7;0;0.0;2.0;4.0;23.0;B01
86332;201300056636;0;34;0;0.0;2.0;2.0;3.0;A01
86333;201300056636;0;10;0;0.0;0.0;6.0;23.0;B01
86334;201300056637;0;7;0;0.0;0.0;4.0;1.0;B01
86335;201300056637;0;32;0;0.0;2.0;1.0;1.0;A01
86336;201300056638;0;10;0;0.0;2.0;1.0;2.0;A01
86337;201300056638;0;7;0;0.0;0.0;4.0;2.0;C01
86338;201300056638;0;7;0;0.0;2.0;4.0;2.0;B01
86339;201300056639;0;7;0;0.0;0.0;6.0;11.0;A01
86340;201300056639;0;33;0;0.0;2.0;2.0;3.0;B01
86341;201300056640;0;7;0;0.0;2.0;1.0;1.0;A01
86342;201300056640;0;7;0;0.0;0.0;4.0;23.0;B01
86343;201300056641;0;31;0;0.0;2.0;3.0;1.0;B01
86344;201300056641;0;10;0;0.0;2.0;2.0;12.0;A01
86345;201300056642;0;32;0;0.0;2.0;1.0;1.0;A01
86346;201300056642;0;7;0;0.0;0.0;4.0;23.0;B01
86347;201300056643;0;7;0;0.0;2.0;6.0;23.0;B01
86348;201300056643;0;33;0;0.0;2.0;1.0;11.0;A01
86349;201300056644;0;32;0;0.0;2.0;3.0;3.0;A01
86350;201300056644;0;34;0;0.0;2.0;5.0;3.0;B01
86351;201300056644;0;7;0;0.0;2.0;6.0;1.0;C01
86352;201300056645;0;33;0;0.0;0.0;3.0;1.0;B01
86353;201300056645;0;7;0;0.0;2.0;5.0;12.0;A01
86354;201300056646;0;32;0;0.0;2.0;1.0;3.0;B01
86355;201300056646;0;7;0;0.0;0.0;5.0;12.0;A01
86356;201300056647;0;7;0;0.0;2.0;7.0;12.0;A01
86357;201300056647;0;33;0;0.0;2.0;8.0;1.0;B01
86358;201300056650;0;7;0;0.0;2.0;2.0;12.0;A01
86359;201300056650;0;33;0;0.0;0.0;8.0;3.0;B01
86360;201300056652;0;7;0;0.0;2.0;1.0;1.0;A01
86361;201300056652;0;7;0;0.0;0.0;4.0;1.0;B01
86362;201300056654;0;7;0;0.0;2.0;4.0;2.0;C01
86363;201300056654;0;7;0;0.0;2.0;1.0;2.0;A01
86364;201300056654;0;7;0;0.0;2.0;4.0;2.0;B01
86365;201300056655;0;32;0;0.0;0.0;8.0;3.0;B01
86366;201300056655;0;7;0;0.0;2.0;2.0;12.0;A01
86367;201300056656;0;7;0;0.0;0.0;4.0;1.0;B01
86368;201300056656;0;7;0;0.0;2.0;1.0;1.0;A01
86369;201300056657;0;7;0;0.0;0.0;2.0;1.0;D01
86370;201300056657;0;10;0;0.0;0.0;6.0;11.0;A01
86371;201300056657;0;34;0;0.0;2.0;8.0;3.0;C01
86372;201300056657;0;32;0;0.0;2.0;2.0;3.0;B01
86373;201300056658;0;31;0;0.0;2.0;3.0;3.0;A01
86374;201300056658;1;13;0;0.0;2.0;2.0;1.0;B01
86375;201300056659;0;33;0;0.0;2.0;2.0;3.0;B01
86376;201300056659;0;7;0;0.0;2.0;3.0;11.0;A01
86377;201300056660;0;33;0;0.0;0.0;0.0;1.0;A01
86378;201300056661;0;33;0;0.0;2.0;3.0;3.0;B01
86379;201300056661;0;7;0;0.0;2.0;7.0;1.0;C01
86380;201300056661;0;7;0;0.0;2.0;3.0;22.0;A01
86381;201300056663;0;31;0;0.0;2.0;5.0;16.0;A01
86382;201300056663;0;7;0;0.0;2.0;3.0;15.0;B01
86383;201300056664;0;10;0;14.0;0.0;1.0;13.0;A01
86384;201300056665;2;7;0;3.0;0.0;1.0;1.0;A01
86385;201300056666;0;31;0;0.0;2.0;2.0;3.0;B01
86386;201300056666;0;7;0;0.0;2.0;3.0;11.0;A01
86387;201300056667;0;34;0;0.0;2.0;1.0;2.0;A01
86388;201300056667;0;7;0;0.0;2.0;4.0;23.0;B01
86389;201300056668;1;7;0;0.0;2.0;0.0;12.0;Z01
86390;201300056668;0;31;0;0.0;2.0;6.0;1.0;A01
86391;201300056670;0;31;0;0.0;0.0;0.0;1.0;A01
86392;201300056672;0;7;0;0.0;2.0;1.0;1.0;A01
86393;201300056672;0;7;0;0.0;2.0;4.0;23.0;B01
86394;201300056673;0;7;0;0.0;2.0;1.0;1.0;C01
86395;201300056673;0;14;0;0.0;2.0;2.0;1.0;B01
86396;201300056673;0;7;0;4.0;2.0;8.0;11.0;A01
86397;201300056674;0;32;0;0.0;2.0;3.0;3.0;A01
86398;201300056674;0;34;0;0.0;0.0;5.0;1.0;B01
86399;201300056676;0;34;0;0.0;2.0;4.0;3.0;B01
86400;201300056676;0;7;0;0.0;2.0;0.0;11.0;A01
86401;201300056676;0;33;0;0.0;2.0;1.0;3.0;C01
86402;201300056677;0;7;0;4.0;0.0;3.0;13.0;A01
86403;201300056678;0;7;0;4.0;0.0;3.0;13.0;A01
86404;201300056679;0;7;0;0.0;2.0;2.0;1.0;B01
86405;201300056679;0;33;0;0.0;2.0;2.0;3.0;A01
86406;201300056680;0;33;0;0.0;2.0;2.0;3.0;A01
86407;201300056680;0;10;0;0.0;2.0;3.0;11.0;B01
86408;201300056681;0;7;0;0.0;0.0;6.0;1.0;B01
86409;201300056681;0;15;0;0.0;2.0;2.0;12.0;A01
86410;201300056682;0;7;0;0.0;2.0;1.0;1.0;A01
86411;201300056682;0;14;0;0.0;0.0;4.0;23.0;B01
86412;201300056683;0;33;0;0.0;2.0;3.0;3.0;B01
86413;201300056683;0;7;0;0.0;2.0;5.0;12.0;A01
86414;201300056684;0;32;0;0.0;2.0;6.0;1.0;A01
86415;201300056684;1;7;0;0.0;2.0;0.0;12.0;Z01
86416;201300056685;0;7;0;0.0;2.0;4.0;2.0;B01
86417;201300056685;0;7;0;0.0;2.0;4.0;2.0;C01
86418;201300056685;0;7;0;0.0;2.0;1.0;2.0;A01
86419;201300056688;0;7;0;0.0;2.0;3.0;14.0;A01
86420;201300056688;0;7;0;0.0;2.0;6.0;1.0;C01
86421;201300056688;0;7;0;0.0;2.0;5.0;1.0;B01
86422;201300056689;0;33;0;0.0;0.0;8.0;1.0;A01
86423;201300056690;0;7;0;0.0;0.0;4.0;23.0;B01
86424;201300056690;0;7;0;0.0;2.0;1.0;1.0;A01
86425;201300056691;0;33;0;0.0;2.0;8.0;1.0;A01
86426;201300056691;0;7;0;0.0;0.0;4.0;1.0;B01
86427;201300056692;0;7;0;4.0;2.0;3.0;1.0;A01
86428;201300056692;0;7;0;4.0;0.0;8.0;1.0;B01
86429;201300056693;0;7;0;0.0;0.0;4.0;1.0;B01
86430;201300056693;0;7;0;0.0;2.0;1.0;1.0;A01
86431;201300056694;0;38;28;0.0;0.0;3.0;1.0;C01
86432;201300056694;0;33;0;0.0;2.0;1.0;1.0;A01
86433;201300056694;0;7;0;0.0;0.0;5.0;1.0;B01
86434;201300056695;0;33;0;0.0;2.0;1.0;2.0;A01
86435;201300056695;0;7;0;0.0;2.0;5.0;2.0;B01
86436;201300056696;0;7;0;0.0;2.0;2.0;12.0;A01
86437;201300056696;0;32;0;0.0;2.0;3.0;3.0;B01
86438;201300056696;0;7;0;0.0;2.0;4.0;1.0;D01
86439;201300056696;0;7;0;0.0;2.0;3.0;1.0;C01
86440;201300056697;0;7;0;0.0;2.0;1.0;2.0;A01
86441;201300056697;0;10;0;0.0;2.0;4.0;2.0;B01
86442;201300056698;0;10;0;0.0;2.0;8.0;11.0;A01
86443;201300056698;0;31;0;0.0;2.0;7.0;1.0;B01
86444;201300056699;0;13;0;0.0;2.0;3.0;1.0;A01
86445;201300056699;0;10;0;5.0;2.0;4.0;1.0;B01
86446;201300056700;0;33;0;0.0;2.0;1.0;11.0;A01
86447;201300056700;0;7;0;0.0;2.0;6.0;11.0;B01
86448;201300056701;0;33;0;0.0;0.0;8.0;3.0;B01
86449;201300056701;0;10;0;0.0;2.0;2.0;12.0;A01
86450;201300056702;0;33;0;0.0;2.0;1.0;1.0;A01
86451;201300056702;0;7;0;0.0;0.0;6.0;1.0;B01
86452;201300056703;0;31;0;0.0;0.0;0.0;1.0;A01
86453;201300056704;0;7;0;0.0;2.0;8.0;11.0;A01
86454;201300056704;0;31;0;0.0;0.0;7.0;3.0;B01
86455;201300056705;0;7;0;4.0;0.0;2.0;13.0;A01
86456;201300056706;0;32;0;0.0;0.0;0.0;1.0;A01
86457;201300056708;0;7;0;4.0;0.0;1.0;13.0;A01
86458;201300056709;0;7;0;0.0;0.0;7.0;16.0;B01
86459;201300056709;0;32;0;0.0;2.0;8.0;18.0;A01
86460;201300056710;0;33;0;0.0;2.0;1.0;3.0;B01
86461;201300056710;0;7;0;0.0;0.0;6.0;11.0;A01
86462;201300056711;0;10;0;0.0;2.0;5.0;12.0;B01
86463;201300056711;0;7;0;0.0;2.0;3.0;1.0;C01
86464;201300056711;0;34;0;0.0;2.0;3.0;3.0;A01
86465;201300056712;0;7;0;0.0;2.0;5.0;2.0;B01
86466;201300056712;0;7;0;0.0;2.0;6.0;2.0;D01
86467;201300056712;0;7;0;0.0;2.0;2.0;13.0;A01
86468;201300056712;0;7;0;4.0;2.0;5.0;2.0;C01
86469;201300056713;0;10;0;0.0;0.0;8.0;23.0;C01
86470;201300056713;0;10;0;0.0;0.0;8.0;23.0;B01
86471;201300056713;0;33;0;0.0;2.0;2.0;3.0;A01
86472;201300056714;0;7;0;0.0;0.0;4.0;23.0;C01
86473;201300056714;0;10;0;0.0;2.0;4.0;1.0;B01
86474;201300056714;0;14;0;0.0;2.0;1.0;1.0;A01
86475;201300056715;0;33;0;0.0;2.0;1.0;3.0;B01
86476;201300056715;0;7;0;0.0;2.0;5.0;12.0;A01
86477;201300056716;0;33;0;0.0;0.0;3.0;3.0;A01
86478;201300056717;0;31;0;0.0;0.0;0.0;3.0;A01
86479;201300056719;0;7;0;0.0;0.0;6.0;11.0;A01
86480;201300056719;0;34;0;0.0;2.0;1.0;1.0;B01
86481;201300056720;0;15;0;0.0;2.0;1.0;1.0;A01
86482;201300056720;0;7;0;0.0;0.0;4.0;23.0;C01
86483;201300056720;0;7;0;0.0;2.0;4.0;23.0;B01
86484;201300056721;0;7;0;0.0;2.0;4.0;1.0;B01
86485;201300056721;0;7;0;0.0;0.0;4.0;1.0;D01
86486;201300056721;0;7;0;0.0;2.0;1.0;1.0;A01
86487;201300056721;0;7;0;0.0;2.0;4.0;1.0;C01
86488;201300056722;0;33;0;0.0;2.0;8.0;3.0;A01
86489;201300056722;0;10;0;0.0;0.0;5.0;23.0;B01
86490;201300056723;0;33;0;0.0;0.0;7.0;1.0;A01
86491;201300056723;1;7;0;0.0;0.0;0.0;11.0;Z01
86492;201300056724;0;32;0;0.0;0.0;3.0;2.0;B01
86493;201300056724;0;7;0;0.0;2.0;5.0;12.0;A01
86494;201300056725;0;10;0;4.0;2.0;2.0;1.0;B01
86495;201300056725;0;7;0;0.0;2.0;5.0;12.0;A01
86496;201300056725;1;7;0;0.0;2.0;3.0;13.0;Z01
86497;201300056726;0;7;0;4.0;0.0;3.0;1.0;A01
86498;201300056727;0;7;0;0.0;0.0;4.0;1.0;B01
86499;201300056727;0;7;0;0.0;2.0;1.0;1.0;A01
86500;201300056728;0;34;0;0.0;2.0;1.0;2.0;A01
86501;201300056728;0;7;0;0.0;2.0;4.0;2.0;B01
86502;201300056729;0;7;0;5.0;0.0;3.0;16.0;A01
86503;201300056730;0;7;0;0.0;2.0;6.0;2.0;A01
86504;201300056730;1;7;0;0.0;2.0;1.0;2.0;Z01
86505;201300056731;0;7;0;0.0;2.0;6.0;11.0;A01
86506;201300056731;0;31;0;0.0;2.0;7.0;3.0;B01
86507;201300056732;1;7;0;0.0;2.0;3.0;13.0;Z01
86508;201300056732;0;33;0;0.0;2.0;7.0;3.0;A01
86509;201300056733;0;14;0;0.0;0.0;7.0;1.0;B01
86510;201300056733;0;32;0;0.0;2.0;8.0;11.0;A01
86511;201300056734;0;33;0;0.0;2.0;1.0;1.0;A01
86512;201300056734;0;10;0;0.0;0.0;4.0;1.0;B01