;Num_Acc;senc;catv;occutc;obs;obsm;choc;manv;num_veh
86513;201300056735;0;33;0;0.0;0.0;3.0;1.0;B01
86514;201300056735;0;7;0;0.0;2.0;5.0;12.0;A01
86515;201300056736;0;32;0;0.0;0.0;7.0;3.0;A01
86516;201300056736;0;7;0;0.0;0.0;0.0;12.0;B01
86517;201300056738;0;33;0;0.0;0.0;8.0;3.0;A01
86518;201300056740;0;10;0;0.0;2.0;3.0;1.0;C01
86519;201300056740;0;7;0;0.0;2.0;6.0;1.0;A01
86520;201300056740;1;14;0;0.0;2.0;0.0;12.0;Z01
86521;201300056740;0;33;0;0.0;2.0;1.0;1.0;B01
86522;201300056741;0;32;0;1.0;2.0;7.0;1.0;A01
86523;201300056741;0;7;0;0.0;0.0;6.0;1.0;B01
86524;201300056743;0;31;0;0.0;0.0;0.0;3.0;A01
86525;201300056744;0;33;0;0.0;2.0;1.0;11.0;A01
86526;201300056744;0;7;0;0.0;0.0;6.0;1.0;B01
86527;201300056745;0;7;0;4.0;0.0;2.0;1.0;A01
86528;201300056746;0;7;0;0.0;2.0;1.0;1.0;B01
86529;201300056746;0;7;0;0.0;0.0;4.0;1.0;A01
86530;201300056746;1;7;0;0.0;0.0;0.0;1.0;Z01
86531;201300056747;0;32;0;0.0;0.0;0.0;1.0;A01
86532;201300056748;0;33;0;0.0;0.0;3.0;3.0;B01
86533;201300056748;0;7;0;0.0;2.0;2.0;12.0;A01
86534;201300056749;1;7;0;0.0;2.0;1.0;1.0;Z01
86535;201300056749;0;7;0;0.0;2.0;4.0;23.0;A01
86536;201300056749;0;7;0;0.0;0.0;4.0;23.0;B01
86537;201300056752;0;7;0;0.0;0.0;4.0;23.0;C01
86538;201300056752;0;31;0;0.0;2.0;8.0;3.0;A01
86539;201300056752;0;7;0;0.0;2.0;2.0;1.0;B01
86540;201300056753;0;14;0;0.0;2.0;2.0;1.0;A01
86541;201300056753;0;7;0;0.0;2.0;6.0;1.0;B01
86542;201300056754;0;7;0;0.0;0.0;4.0;1.0;B01
86543;201300056754;0;7;0;4.0;2.0;1.0;13.0;A01
86544;201300056755;0;7;0;0.0;0.0;2.0;1.0;D01
86545;201300056755;0;7;0;0.0;2.0;4.0;22.0;A01
86546;201300056755;0;7;0;0.0;0.0;1.0;23.0;B01
86547;201300056755;0;33;0;0.0;2.0;1.0;3.0;C01
86548;201300056756;0;32;0;0.0;0.0;7.0;1.0;B01
86549;201300056756;0;10;0;0.0;2.0;8.0;11.0;A01
86550;201300056757;0;32;0;0.0;2.0;8.0;18.0;A01
86551;201300056757;0;7;0;0.0;0.0;2.0;1.0;B01
86552;201300056758;0;7;0;0.0;2.0;6.0;11.0;A01
86553;201300056758;0;33;0;0.0;2.0;1.0;3.0;B01
86554;201300056759;0;31;0;0.0;0.0;8.0;3.0;B01
86555;201300056759;0;10;0;0.0;2.0;7.0;12.0;A01
86556;201300056760;0;14;0;0.0;2.0;2.0;1.0;B01
86557;201300056760;0;7;0;7.0;2.0;6.0;11.0;A01
86558;201300056761;0;32;0;0.0;0.0;8.0;3.0;A01
86559;201300056762;0;7;0;0.0;2.0;3.0;11.0;A01
86560;201300056762;0;32;0;4.0;2.0;2.0;1.0;B01
86561;201300056762;0;7;0;0.0;0.0;4.0;23.0;C01
86562;201300056763;0;32;0;0.0;0.0;7.0;14.0;A01
86563;201300056765;0;32;0;0.0;0.0;4.0;23.0;C01
86564;201300056765;0;7;0;0.0;2.0;4.0;23.0;B01
86565;201300056765;0;7;0;0.0;2.0;1.0;1.0;A01
86566;201300056767;0;33;0;0.0;2.0;1.0;2.0;C01
86567;201300056767;0;7;0;0.0;2.0;1.0;2.0;A01
86568;201300056767;0;7;0;0.0;2.0;4.0;2.0;B01
86569;201300056768;1;7;0;0.0;2.0;5.0;12.0;Z01
86570;201300056768;0;31;0;0.0;2.0;8.0;3.0;A01
86571;201300056769;0;33;0;0.0;0.0;0.0;1.0;A01
86572;201300056770;0;7;0;0.0;2.0;4.0;23.0;C01
86573;201300056770;0;10;0;0.0;2.0;4.0;23.0;B01
86574;201300056770;0;7;0;0.0;2.0;1.0;1.0;A01
86575;201300056771;0;33;0;0.0;0.0;0.0;1.0;A01
86576;201300056772;1;10;0;0.0;2.0;0.0;11.0;Z01
86577;201300056772;0;33;0;0.0;2.0;2.0;1.0;A01
86578;201300056774;0;33;0;0.0;2.0;1.0;3.0;C01
86579;201300056774;0;34;0;0.0;2.0;1.0;3.0;A01
86580;201300056774;0;32;0;0.0;0.0;4.0;3.0;B01
86581;201300056775;0;33;0;0.0;0.0;9.0;12.0;A01
86582;201300056777;0;7;0;0.0;2.0;7.0;12.0;A01
86583;201300056777;0;33;0;0.0;0.0;8.0;1.0;B01
86584;201300056778;0;33;0;0.0;2.0;8.0;3.0;B01
86585;201300056778;0;10;0;0.0;2.0;4.0;1.0;C01
86586;201300056778;0;33;0;2.0;2.0;1.0;3.0;A01
86587;201300056779;0;7;0;0.0;2.0;2.0;16.0;A01
86588;201300056779;0;33;0;0.0;2.0;3.0;1.0;B01
86589;201300056780;0;7;0;4.0;0.0;3.0;13.0;A01
86590;201300056781;0;7;0;0.0;2.0;8.0;11.0;A01
86591;201300056781;0;33;0;0.0;2.0;1.0;3.0;B01
86592;201300056782;0;7;0;0.0;2.0;6.0;11.0;B01
86593;201300056782;0;33;0;0.0;2.0;1.0;3.0;A01
86594;201300056783;0;7;0;0.0;2.0;4.0;23.0;B01
86595;201300056783;0;33;0;0.0;2.0;1.0;2.0;A01
86596;201300056784;0;33;0;4.0;2.0;3.0;2.0;A01
86597;201300056784;0;7;0;0.0;2.0;5.0;23.0;B01
86598;201300056785;0;34;0;0.0;2.0;3.0;3.0;A01
86599;201300056785;0;7;0;0.0;2.0;7.0;1.0;B01
86600;201300056786;0;10;0;0.0;2.0;2.0;12.0;A01
86601;201300056786;0;31;0;0.0;2.0;8.0;3.0;B01
86602;201300056786;0;7;0;0.0;2.0;4.0;1.0;C01
86603;201300056788;0;7;0;0.0;0.0;0.0;11.0;A01
86604;201300056788;0;33;0;0.0;0.0;0.0;3.0;B01
86605;201300056789;0;34;0;0.0;2.0;1.0;1.0;B01
86606;201300056789;0;7;0;0.0;2.0;5.0;12.0;A01
86607;201300056791;0;32;0;0.0;2.0;1.0;3.0;C01
86608;201300056791;0;7;0;0.0;2.0;1.0;14.0;A01
86609;201300056791;0;7;0;0.0;0.0;0.0;1.0;B01
86610;201300056792;0;33;0;0.0;2.0;7.0;3.0;B01
86611;201300056792;0;7;0;0.0;2.0;8.0;13.0;A01
86612;201300056793;0;7;0;0.0;2.0;4.0;1.0;A01
86613;201300056793;1;13;0;0.0;2.0;5.0;12.0;Z01
86614;201300056793;0;7;0;0.0;2.0;3.0;2.0;C01
86615;201300056793;0;7;0;0.0;2.0;8.0;2.0;B01
86616;201300056794;0;33;0;0.0;0.0;7.0;1.0;A01
86617;201300056795;0;7;0;0.0;2.0;3.0;13.0;A01
86618;201300056795;0;7;0;4.0;2.0;5.0;1.0;B01
86619;201300056797;0;7;0;0.0;2.0;4.0;1.0;C01
86620;201300056797;0;7;0;0.0;2.0;1.0;1.0;A01
86621;201300056797;0;7;0;0.0;2.0;4.0;1.0;B01
86622;201300056798;0;7;0;6.0;2.0;3.0;11.0;A01
86623;201300056798;0;7;0;0.0;2.0;2.0;1.0;B01
86624;201300056798;0;7;0;0.0;2.0;6.0;1.0;C01
86625;201300056799;0;7;0;0.0;2.0;6.0;11.0;A01
86626;201300056799;0;33;0;0.0;0.0;2.0;3.0;B01
86627;201300056800;0;33;0;0.0;2.0;1.0;1.0;A01
86628;201300056800;0;7;0;0.0;0.0;6.0;1.0;B01
86629;201300056801;0;7;0;0.0;2.0;4.0;23.0;B01
86630;201300056801;0;13;0;0.0;2.0;1.0;1.0;A01
86631;201300056801;0;7;0;0.0;2.0;4.0;23.0;C01
86632;201300056801;0;7;0;0.0;0.0;4.0;23.0;D01
86633;201300056802;0;7;0;0.0;2.0;6.0;1.0;C01
86634;201300056802;0;7;0;0.0;2.0;3.0;11.0;A01
86635;201300056802;0;33;0;0.0;2.0;7.0;3.0;B01
86636;201300056803;0;7;0;0.0;2.0;1.0;2.0;A01
86637;201300056803;0;7;0;0.0;2.0;4.0;2.0;B01
86638;201300056804;0;7;0;0.0;2.0;6.0;1.0;A01
86639;201300056804;0;32;0;0.0;2.0;4.0;1.0;B01
86640;201300056804;2;10;0;0.0;2.0;2.0;12.0;Z01
86641;201300056805;0;7;0;0.0;2.0;2.0;12.0;B01
86642;201300056805;0;33;0;0.0;2.0;3.0;3.0;A01
86643;201300056806;0;7;0;0.0;2.0;6.0;1.0;B01
86644;201300056806;0;14;0;0.0;2.0;2.0;12.0;A01
86645;201300056807;0;7;0;4.0;0.0;3.0;11.0;A01
86646;201300056808;1;7;0;6.0;0.0;1.0;1.0;A01
86647;201300056809;0;34;0;0.0;2.0;1.0;1.0;A01
86648;201300056809;0;7;0;0.0;0.0;5.0;1.0;B01
86649;201300056809;0;7;0;0.0;0.0;3.0;1.0;C01
86650;201300056810;0;33;0;0.0;2.0;8.0;3.0;B01
86651;201300056810;0;7;0;0.0;2.0;2.0;12.0;A01
86652;201300056811;0;33;0;0.0;0.0;3.0;1.0;A01
86653;201300056812;0;34;0;0.0;2.0;3.0;2.0;A01
86654;201300056812;0;7;0;0.0;2.0;2.0;2.0;B01
86655;201300056814;0;7;0;0.0;1.0;3.0;1.0;A01
86656;201300056815;0;7;0;0.0;2.0;1.0;1.0;A01
86657;201300056815;0;7;0;0.0;2.0;1.0;1.0;B02
86658;201300056817;0;7;0;0.0;2.0;1.0;1.0;B02
86659;201300056817;0;7;0;0.0;2.0;1.0;1.0;A01
86660;201300056818;0;14;0;13.0;0.0;3.0;1.0;A01
86661;201300056819;0;33;0;6.0;9.0;2.0;1.0;A01
86662;201300056820;0;1;0;0.0;0.0;0.0;0.0;A01
86663;201300056821;0;7;0;0.0;2.0;1.0;1.0;B02
86664;201300056821;0;32;0;0.0;2.0;1.0;5.0;A01
86665;201300056822;0;33;0;6.0;0.0;1.0;2.0;A01
86666;201300056823;0;7;0;0.0;2.0;4.0;20.0;A01
86667;201300056823;0;30;0;0.0;2.0;1.0;1.0;B02
86668;201300056824;0;7;0;0.0;1.0;2.0;5.0;A01
86669;201300056825;0;33;0;0.0;0.0;1.0;1.0;A01
86670;201300056826;0;31;0;0.0;2.0;1.0;1.0;A01
86671;201300056826;0;7;0;0.0;2.0;1.0;1.0;B02
86672;201300056827;0;14;0;13.0;0.0;2.0;2.0;A01
86673;201300056828;0;7;0;0.0;0.0;3.0;13.0;A01
86674;201300056828;0;33;0;0.0;2.0;1.0;17.0;B02
86675;201300056829;0;36;0;12.0;0.0;2.0;1.0;A01
86676;201300056830;0;7;0;3.0;2.0;3.0;1.0;B02
86677;201300056830;0;7;0;0.0;2.0;1.0;1.0;A01
86678;201300056831;0;10;0;6.0;1.0;1.0;0.0;A01
86679;201300056832;0;7;0;0.0;0.0;0.0;1.0;A01
86680;201300056833;0;7;0;0.0;0.0;3.0;1.0;A01
86681;201300056833;0;2;0;0.0;0.0;1.0;13.0;B02
86682;201300056834;0;10;0;0.0;2.0;3.0;9.0;A01
86683;201300056834;0;33;0;0.0;2.0;1.0;1.0;B02
86684;201300056835;0;7;0;0.0;2.0;7.0;13.0;A01
86685;201300056835;0;7;0;0.0;2.0;1.0;1.0;B02
86686;201300056836;0;7;0;0.0;2.0;1.0;13.0;A01
86687;201300056836;0;7;0;0.0;2.0;1.0;1.0;B02
86688;201300056837;0;33;0;0.0;2.0;1.0;13.0;B02
86689;201300056837;0;7;0;0.0;2.0;8.0;10.0;A01
86690;201300056838;0;7;0;13.0;0.0;1.0;0.0;A01
86691;201300056840;0;7;0;5.0;0.0;2.0;1.0;A01
86692;201300056841;0;7;0;0.0;0.0;5.0;1.0;A01
86693;201300056841;0;30;0;0.0;0.0;1.0;18.0;B02
86694;201300056842;0;7;0;3.0;0.0;3.0;1.0;A01
86695;201300056843;0;7;0;13.0;0.0;2.0;1.0;A01
86696;201300056845;0;7;0;0.0;1.0;1.0;0.0;A01
86697;201300056846;0;7;0;0.0;2.0;2.0;15.0;A01
86698;201300056846;0;32;0;0.0;2.0;1.0;1.0;B02
86699;201300056847;0;7;0;0.0;2.0;6.0;13.0;A01
86700;201300056847;0;7;0;0.0;2.0;2.0;1.0;B02
86701;201300056848;0;30;0;0.0;2.0;2.0;18.0;A01
86702;201300056848;0;7;0;0.0;0.0;5.0;15.0;B02
86703;201300056849;0;33;0;6.0;0.0;1.0;0.0;A01
86704;201300056850;0;7;0;0.0;2.0;3.0;15.0;A01
86705;201300056850;0;31;0;0.0;2.0;1.0;17.0;B02
86706;201300056851;0;30;0;0.0;1.0;1.0;1.0;A01
86707;201300056852;0;7;0;0.0;2.0;1.0;13.0;A01
86708;201300056852;0;7;0;0.0;2.0;1.0;21.0;B02
86709;201300056853;0;7;0;0.0;0.0;1.0;17.0;B02
86710;201300056853;0;7;0;6.0;0.0;6.0;15.0;A01
86711;201300056854;0;7;0;0.0;0.0;8.0;15.0;A01
86712;201300056854;0;7;0;0.0;0.0;3.0;13.0;B02
86713;201300056855;0;33;0;0.0;2.0;1.0;1.0;A01
86714;201300056855;0;99;0;0.0;0.0;4.0;1.0;B02
86715;201300056856;0;7;0;0.0;2.0;3.0;1.0;B02
86716;201300056856;0;7;0;0.0;2.0;1.0;17.0;A01
86717;201300056856;0;7;0;0.0;2.0;1.0;1.0;C03
86718;201300056857;0;2;0;16.0;0.0;1.0;0.0;A01
86719;201300056858;0;7;0;0.0;2.0;3.0;19.0;B02
86720;201300056858;0;7;0;0.0;2.0;1.0;1.0;A01
86721;201300056858;0;7;0;0.0;2.0;3.0;1.0;C03
86722;201300056859;0;99;0;6.0;0.0;1.0;1.0;A01
86723;201300056860;0;7;0;0.0;1.0;2.0;1.0;A01
86724;201300056861;0;7;0;8.0;0.0;1.0;1.0;A01
86725;201300056862;0;10;0;0.0;1.0;6.0;4.0;A01
86726;201300056863;0;34;0;0.0;0.0;1.0;13.0;A01
86727;201300056863;0;7;0;0.0;2.0;3.0;1.0;B02
86728;201300056864;0;10;0;0.0;1.0;2.0;2.0;A01
86729;201300056865;0;10;0;0.0;2.0;2.0;1.0;A01
86730;201300056865;0;10;0;7.0;2.0;3.0;9.0;B02
86731;201300056866;0;7;0;0.0;9.0;1.0;1.0;B02
86732;201300056866;0;7;0;0.0;0.0;1.0;13.0;A01
86733;201300056867;0;10;0;0.0;1.0;2.0;1.0;A01
86734;201300056869;0;7;0;0.0;2.0;7.0;1.0;A01
86735;201300056869;0;30;0;0.0;2.0;1.0;19.0;B02
86736;201300056870;0;7;0;0.0;2.0;1.0;13.0;A01
86737;201300056870;0;7;0;0.0;2.0;2.0;1.0;B02
86738;201300056872;0;7;0;0.0;2.0;3.0;13.0;A01
86739;201300056872;0;7;0;0.0;2.0;3.0;1.0;B02
86740;201300056873;0;7;0;0.0;2.0;6.0;9.0;A01
86741;201300056873;0;2;0;0.0;2.0;1.0;2.0;B02
86742;201300056874;0;7;0;0.0;2.0;1.0;1.0;B02
86743;201300056874;0;3;0;0.0;2.0;1.0;13.0;A01
86744;201300056875;0;7;0;0.0;2.0;5.0;15.0;A01
86745;201300056875;0;33;0;0.0;2.0;5.0;1.0;B02
86746;201300056876;0;7;0;0.0;2.0;3.0;1.0;B02
86747;201300056876;0;7;0;0.0;2.0;7.0;15.0;C03
86748;201300056876;0;7;0;0.0;2.0;7.0;13.0;A01
86749;201300056877;0;7;0;0.0;2.0;7.0;1.0;A01
86750;201300056877;0;7;0;0.0;2.0;2.0;9.0;B02
86751;201300056878;0;1;0;0.0;2.0;1.0;13.0;A01
86752;201300056878;0;7;0;0.0;2.0;8.0;1.0;B02
86753;201300056879;0;30;0;0.0;0.0;1.0;13.0;A01
86754;201300056880;0;10;0;8.0;0.0;1.0;13.0;A01
86755;201300056881;0;31;0;6.0;1.0;2.0;1.0;A01
86756;201300056882;0;30;0;0.0;2.0;3.0;13.0;A01
86757;201300056882;0;7;0;0.0;2.0;3.0;1.0;B02
86758;201300056883;0;2;0;0.0;2.0;1.0;15.0;A01
86759;201300056883;0;7;0;0.0;2.0;1.0;1.0;B02
86760;201300056884;0;33;0;0.0;2.0;8.0;0.0;B02
86761;201300056884;0;7;0;0.0;2.0;2.0;5.0;A01
86762;201300056885;0;10;0;0.0;2.0;8.0;1.0;B02
86763;201300056885;0;31;0;0.0;2.0;1.0;13.0;A01
86764;201300056886;0;7;0;0.0;2.0;2.0;20.0;A01
86765;201300056886;0;31;0;0.0;2.0;1.0;1.0;B02
86766;201300056887;0;10;0;0.0;2.0;2.0;1.0;B02
86767;201300056887;0;7;0;0.0;2.0;3.0;1.0;A01
86768;201300056888;0;7;0;0.0;1.0;1.0;2.0;A01
86769;201300056889;0;33;0;0.0;2.0;1.0;1.0;A01
86770;201300056889;0;7;0;0.0;0.0;6.0;2.0;B02
86771;201300056890;0;10;0;0.0;2.0;2.0;2.0;A01
86772;201300056890;0;1;0;0.0;0.0;4.0;2.0;B02
86773;201300056891;0;7;0;0.0;2.0;4.0;4.0;A01
86774;201300056891;0;7;0;0.0;2.0;1.0;1.0;B02
86775;201300056892;0;7;0;0.0;1.0;7.0;14.0;A01
86776;201300056893;0;7;0;0.0;9.0;8.0;0.0;A01
86777;201300056894;0;7;0;0.0;1.0;2.0;1.0;A01
86778;201300056895;0;7;0;13.0;0.0;2.0;1.0;A01
86779;201300056896;0;7;0;0.0;1.0;2.0;0.0;A01
86780;201300056897;0;32;0;0.0;2.0;3.0;1.0;B02
86781;201300056897;0;14;0;0.0;9.0;3.0;1.0;A01
86782;201300056898;0;7;0;0.0;2.0;3.0;1.0;A01
86783;201300056898;0;33;0;0.0;2.0;1.0;13.0;B02
86784;201300056900;0;10;0;0.0;2.0;3.0;13.0;B02
86785;201300056900;0;10;0;0.0;2.0;3.0;1.0;A01
86786;201300056901;0;30;0;0.0;2.0;0.0;1.0;C03
86787;201300056901;0;7;0;0.0;2.0;3.0;1.0;A01
86788;201300056901;0;7;0;0.0;2.0;1.0;13.0;B02
86789;201300056902;0;33;0;0.0;9.0;9.0;1.0;A01
86790;201300056903;2;7;0;0.0;0.0;9.0;0.0;A01
86791;201300056904;0;7;0;4.0;0.0;8.0;17.0;A01
86792;201300056905;0;1;0;0.0;2.0;1.0;0.0;B02
86793;201300056905;0;7;0;0.0;9.0;2.0;11.0;A01
86794;201300056906;0;36;0;6.0;0.0;3.0;1.0;A01
86795;201300056907;0;2;0;6.0;0.0;1.0;1.0;A01
86796;201300056908;0;7;0;0.0;0.0;2.0;1.0;A01
86797;201300056908;0;7;0;0.0;0.0;2.0;15.0;B02
86798;201300056909;0;33;0;0.0;2.0;0.0;21.0;A01
86799;201300056910;0;7;0;0.0;2.0;3.0;1.0;A01
86800;201300056910;0;33;0;0.0;2.0;1.0;21.0;B02
86801;201300056911;0;33;0;0.0;0.0;1.0;1.0;A01
86802;201300056911;0;33;0;0.0;0.0;1.0;1.0;B02
86803;201300056913;0;34;0;6.0;0.0;3.0;1.0;A01
86804;201300056914;0;7;0;0.0;2.0;6.0;23.0;B02
86805;201300056914;0;7;0;0.0;2.0;2.0;17.0;A01
86806;201300056914;0;2;0;0.0;2.0;3.0;1.0;C03
86807;201300056915;0;30;0;0.0;0.0;0.0;13.0;A01
86808;201300056916;0;7;0;0.0;1.0;2.0;1.0;A01
86809;201300056917;0;34;0;6.0;0.0;1.0;14.0;A01
86810;201300056918;0;30;0;0.0;2.0;1.0;19.0;A01
86811;201300056918;0;30;0;0.0;2.0;1.0;0.0;B02
86812;201300056919;0;33;0;0.0;2.0;1.0;1.0;B02
86813;201300056919;0;7;0;0.0;2.0;3.0;15.0;A01
86814;201300056921;0;7;0;0.0;0.0;4.0;23.0;B02
86815;201300056921;0;33;0;0.0;2.0;1.0;2.0;A01
86816;201300056922;0;2;0;0.0;2.0;1.0;1.0;B02
86817;201300056922;0;7;0;0.0;2.0;6.0;15.0;A01
86818;201300056924;0;2;0;0.0;2.0;8.0;1.0;A01
86819;201300056925;0;7;0;0.0;2.0;1.0;19.0;A01
86820;201300056925;0;7;0;0.0;2.0;1.0;1.0;B02
86821;201300056926;0;7;0;0.0;0.0;5.0;2.0;A01
86822;201300056926;0;34;0;0.0;2.0;1.0;2.0;B02
86823;201300056927;0;7;0;0.0;2.0;3.0;9.0;A01
86824;201300056927;0;34;0;0.0;2.0;1.0;1.0;B02
86825;201300056928;0;7;0;13.0;0.0;1.0;1.0;A01
86826;201300056929;0;10;0;0.0;2.0;1.0;1.0;B02
86827;201300056929;0;7;0;0.0;2.0;1.0;13.0;A01
86828;201300056930;0;7;0;0.0;2.0;1.0;13.0;B02
86829;201300056930;0;7;0;0.0;2.0;1.0;1.0;A01
86830;201300056931;0;10;0;0.0;1.0;7.0;1.0;A01
86831;201300056932;0;7;0;0.0;2.0;8.0;13.0;A01
86832;201300056932;0;7;0;0.0;2.0;1.0;1.0;B02
86833;201300056933;0;33;0;0.0;2.0;1.0;13.0;A01
86834;201300056933;0;7;0;0.0;2.0;1.0;1.0;B02
86835;201300056934;0;7;0;0.0;2.0;1.0;1.0;A01
86836;201300056934;0;30;0;0.0;2.0;7.0;19.0;B02
86837;201300056935;0;7;0;2.0;1.0;1.0;1.0;A01
86838;201300056936;0;33;0;13.0;0.0;1.0;0.0;A01
86839;201300056936;0;34;0;13.0;0.0;1.0;2.0;B02
86840;201300056937;0;33;0;0.0;2.0;3.0;21.0;B02
86841;201300056937;0;33;0;0.0;0.0;5.0;21.0;A01
86842;201300056939;0;7;0;12.0;0.0;2.0;0.0;A01
86843;201300056940;0;7;0;0.0;2.0;1.0;9.0;B02
86844;201300056940;0;7;0;0.0;2.0;3.0;21.0;A01
86845;201300056941;0;2;0;0.0;0.0;0.0;0.0;A01
86846;201300056942;2;31;0;0.0;1.0;0.0;1.0;A01
86847;201300056943;0;7;0;0.0;2.0;8.0;13.0;A01
86848;201300056943;0;10;0;0.0;2.0;3.0;1.0;B02
86849;201300056945;0;7;0;3.0;0.0;7.0;14.0;A01
86850;201300056946;0;33;0;0.0;2.0;1.0;1.0;B02
86851;201300056946;0;10;0;0.0;2.0;1.0;9.0;A01
86852;201300056947;0;32;0;0.0;2.0;1.0;1.0;A01
86853;201300056947;0;7;0;0.0;2.0;3.0;1.0;B02
86854;201300056948;0;7;0;2.0;2.0;1.0;1.0;A01
86855;201300056948;0;7;0;0.0;2.0;1.0;9.0;B02
86856;201300056949;0;7;0;0.0;0.0;9.0;1.0;A01
86857;201300056951;0;7;0;0.0;2.0;3.0;1.0;A01
86858;201300056951;0;1;0;0.0;2.0;1.0;16.0;B02
86859;201300056952;0;33;0;0.0;2.0;1.0;13.0;A01
86860;201300056952;0;7;0;0.0;2.0;1.0;0.0;B02
86861;201300056953;0;7;0;0.0;2.0;1.0;1.0;A01
86862;201300056953;0;10;0;0.0;2.0;3.0;21.0;B02
86863;201300056954;0;7;0;0.0;2.0;3.0;13.0;A01
86864;201300056954;0;7;0;0.0;2.0;3.0;1.0;B02
86865;201300056955;0;7;0;0.0;9.0;3.0;15.0;A01
86866;201300056956;0;7;0;0.0;1.0;1.0;1.0;A01
86867;201300056957;0;7;0;0.0;2.0;6.0;15.0;B02
86868;201300056957;0;33;0;0.0;2.0;1.0;1.0;A01
86869;201300056958;0;7;0;0.0;1.0;0.0;1.0;A01
86870;201300056959;0;10;0;0.0;0.0;1.0;1.0;A01
86871;201300056959;0;10;0;0.0;0.0;3.0;1.0;B02
86872;201300056960;0;7;0;0.0;1.0;3.0;15.0;A01
86873;201300056961;0;10;0;0.0;2.0;1.0;24.0;B02
86874;201300056961;0;10;0;1.0;0.0;1.0;14.0;A01
86875;201300056962;0;30;0;0.0;0.0;3.0;1.0;B02
86876;201300056962;0;7;0;0.0;0.0;3.0;1.0;A01
86877;201300056963;0;2;0;0.0;2.0;1.0;1.0;B02
86878;201300056963;0;10;0;0.0;2.0;2.0;9.0;A01
86879;201300056964;0;34;0;0.0;2.0;1.0;0.0;A01
86880;201300056964;0;30;0;0.0;2.0;1.0;0.0;B02
86881;201300056965;0;15;0;13.0;2.0;1.0;21.0;B02
86882;201300056965;0;7;0;0.0;2.0;2.0;13.0;A01
86883;201300056966;0;7;0;0.0;2.0;2.0;15.0;A01
86884;201300056966;0;2;0;0.0;2.0;1.0;1.0;B02
86885;201300056967;0;30;0;0.0;0.0;1.0;1.0;A01
86886;201300056967;0;7;0;0.0;0.0;6.0;0.0;B02
86887;201300056968;0;7;0;0.0;2.0;3.0;1.0;B02
86888;201300056968;0;30;0;0.0;2.0;3.0;1.0;A01
86889;201300056969;0;7;0;0.0;1.0;1.0;1.0;A01
86890;201300056970;0;7;0;6.0;0.0;1.0;0.0;A01
86891;201300056971;0;7;0;8.0;0.0;0.0;1.0;A01
86892;201300056972;0;7;0;0.0;0.0;3.0;13.0;A01
86893;201300056972;0;1;0;0.0;0.0;0.0;1.0;B02
86894;201300056973;0;7;0;0.0;2.0;1.0;1.0;B02
86895;201300056973;0;7;0;0.0;2.0;1.0;13.0;A01
86896;201300056974;0;33;0;0.0;2.0;1.0;1.0;B02
86897;201300056974;0;7;0;0.0;2.0;5.0;15.0;A01
86898;201300056975;0;7;0;0.0;2.0;3.0;1.0;A01
86899;201300056975;0;10;0;0.0;2.0;3.0;1.0;B02
86900;201300056976;0;7;0;0.0;0.0;4.0;2.0;B02
86901;201300056976;0;33;0;0.0;2.0;1.0;2.0;A01
86902;201300056977;0;7;0;0.0;2.0;3.0;13.0;A01
86903;201300056977;0;2;0;0.0;2.0;1.0;1.0;B02
86904;201300056978;0;7;0;0.0;1.0;1.0;1.0;A01
86905;201300056979;0;7;0;0.0;2.0;8.0;15.0;B02
86906;201300056979;0;33;0;0.0;2.0;1.0;17.0;A01
86907;201300056981;0;7;0;0.0;2.0;1.0;1.0;A01
86908;201300056981;0;7;0;0.0;2.0;1.0;0.0;B02
86909;201300056982;0;7;0;0.0;2.0;2.0;21.0;A01
86910;201300056982;0;7;0;0.0;0.0;8.0;15.0;B02
86911;201300056983;0;32;0;0.0;0.0;8.0;1.0;A01
86912;201300056984;0;7;0;6.0;0.0;4.0;1.0;B02
86913;201300056984;0;7;0;0.0;2.0;5.0;1.0;A01
86914;201300056985;0;7;0;0.0;2.0;7.0;21.0;A01
86915;201300056985;0;7;0;0.0;2.0;1.0;5.0;B02
86916;201300056986;0;2;0;0.0;2.0;1.0;1.0;B02
86917;201300056986;0;30;0;0.0;2.0;1.0;1.0;A01
86918;201300056987;0;10;0;0.0;1.0;2.0;1.0;A01
86919;201300056988;0;7;0;0.0;2.0;1.0;15.0;A01
86920;201300056988;0;32;0;0.0;2.0;1.0;1.0;B02
86921;201300056989;0;7;0;0.0;1.0;3.0;1.0;A01
86922;201300056991;0;7;0;0.0;2.0;6.0;24.0;B02
86923;201300056991;0;10;0;1.0;1.0;7.0;14.0;A01
86924;201300056992;0;7;0;0.0;2.0;1.0;15.0;A01
86925;201300056992;0;30;0;0.0;2.0;1.0;1.0;B02
86926;201300056993;0;30;0;0.0;2.0;1.0;0.0;B02
86927;201300056993;0;10;0;0.0;0.0;2.0;1.0;A01
86928;201300056994;0;7;0;8.0;0.0;1.0;17.0;A01
86929;201300056995;0;7;0;0.0;2.0;3.0;15.0;B02
86930;201300056995;0;30;0;0.0;2.0;2.0;17.0;A01
86931;201300056997;0;7;0;2.0;0.0;3.0;13.0;A01
86932;201300056998;0;30;0;15.0;0.0;1.0;1.0;A01