;Num_Acc;senc;catv;occutc;obs;obsm;choc;manv;num_veh
86933;201300056999;0;7;0;13.0;0.0;3.0;1.0;A01
86934;201300056999;0;7;0;0.0;2.0;1.0;1.0;B02
86935;201300056999;0;7;0;0.0;2.0;1.0;1.0;C03
86936;201300057000;0;7;0;16.0;0.0;3.0;13.0;A01
86937;201300057001;0;7;0;0.0;2.0;1.0;13.0;A01
86938;201300057001;0;7;0;0.0;2.0;1.0;1.0;B02
86939;201300057002;0;7;0;0.0;1.0;1.0;17.0;A01
86940;201300057002;0;7;0;0.0;2.0;3.0;1.0;B02
86941;201300057003;0;1;0;0.0;2.0;8.0;1.0;B02
86942;201300057004;0;7;0;0.0;1.0;2.0;1.0;A01
86943;201300057005;0;7;0;0.0;2.0;3.0;1.0;A01
86944;201300057005;0;7;0;0.0;2.0;3.0;1.0;B02
86945;201300057006;0;1;0;6.0;0.0;1.0;1.0;A01
86946;201300057007;0;17;0;0.0;0.0;4.0;24.0;B02
86947;201300057007;0;34;0;1.0;0.0;1.0;12.0;A01
86948;201300057008;0;7;0;8.0;0.0;7.0;1.0;A01
86949;201300057010;0;7;0;0.0;2.0;7.0;13.0;A01
86950;201300057010;0;14;0;0.0;2.0;1.0;1.0;B02
86951;201300057011;0;7;0;0.0;1.0;8.0;1.0;A01
86952;201300057012;0;7;0;0.0;2.0;6.0;23.0;B02
86953;201300057012;1;30;0;0.0;2.0;0.0;17.0;A01
86954;201300057013;0;7;0;0.0;1.0;5.0;1.0;A01
86955;201300057015;0;33;0;0.0;2.0;1.0;1.0;B02
86956;201300057015;0;7;0;0.0;2.0;7.0;19.0;A01
86957;201300057016;0;7;0;2.0;0.0;8.0;1.0;A01
86958;201300057017;0;33;0;8.0;0.0;1.0;14.0;A01
86959;201300057018;0;7;0;6.0;0.0;3.0;17.0;A01
86960;201300057019;0;10;0;0.0;1.0;2.0;1.0;A01
86961;201300057020;0;7;0;0.0;2.0;1.0;21.0;C03
86962;201300057020;0;7;0;0.0;2.0;2.0;5.0;A01
86963;201300057020;0;7;0;0.0;2.0;3.0;21.0;B02
86964;201300057021;0;38;0;0.0;2.0;2.0;1.0;B02
86965;201300057021;0;1;0;0.0;2.0;1.0;1.0;A01
86966;201300057022;0;1;0;0.0;0.0;1.0;15.0;B02
86967;201300057022;0;7;0;0.0;0.0;2.0;1.0;A01
86968;201300057023;0;7;0;8.0;0.0;2.0;1.0;A01
86969;201300057024;0;33;0;2.0;0.0;1.0;14.0;A01
86970;201300057025;0;7;0;0.0;0.0;8.0;15.0;B02
86971;201300057025;0;33;0;0.0;2.0;1.0;3.0;A01
86972;201300057026;0;7;0;0.0;2.0;1.0;1.0;A01
86973;201300057026;0;7;0;0.0;2.0;1.0;17.0;B02
86974;201300057027;0;10;0;0.0;0.0;6.0;11.0;A01
86975;201300057027;0;34;0;0.0;2.0;1.0;1.0;B02
86976;201300057029;0;33;0;0.0;0.0;1.0;17.0;B02
86977;201300057029;0;14;0;0.0;0.0;7.0;15.0;A01
86978;201300057030;0;1;0;0.0;0.0;1.0;1.0;B02
86979;201300057030;0;10;0;0.0;0.0;1.0;1.0;A01
86980;201300057031;0;7;0;13.0;0.0;9.0;14.0;A01
86981;201300057032;0;10;0;2.0;0.0;7.0;1.0;A01
86982;201300057034;0;38;0;0.0;1.0;2.0;1.0;A01
86983;201300057035;0;7;0;0.0;2.0;2.0;21.0;A01
86984;201300057035;0;2;0;0.0;2.0;8.0;15.0;B02
86985;201300057036;0;7;0;13.0;0.0;1.0;1.0;A01
86986;201300057037;1;7;0;0.0;2.0;2.0;1.0;A01
86987;201300057037;0;1;0;0.0;2.0;4.0;1.0;B02
86988;201300057038;0;10;0;0.0;2.0;3.0;1.0;A01
86989;201300057038;0;10;0;0.0;2.0;3.0;15.0;B02
86990;201300057039;0;7;0;0.0;2.0;8.0;1.0;A01
86991;201300057039;0;1;0;0.0;2.0;7.0;1.0;B02
86992;201300057040;0;7;0;0.0;2.0;1.0;5.0;A01
86993;201300057040;0;7;0;0.0;2.0;1.0;5.0;B02
86994;201300057042;0;7;0;0.0;1.0;2.0;1.0;A01
86995;201300057043;0;7;0;1.0;0.0;2.0;1.0;A01
86996;201300057043;0;30;0;0.0;0.0;4.0;19.0;B02
86997;201300057044;0;7;0;0.0;2.0;8.0;1.0;C03
86998;201300057044;0;10;0;0.0;2.0;1.0;13.0;A01
86999;201300057044;0;7;0;0.0;2.0;1.0;1.0;B02
87000;201300057045;0;10;0;0.0;0.0;3.0;21.0;A01
87001;201300057045;0;7;0;0.0;2.0;7.0;19.0;B02
87002;201300057046;0;10;0;0.0;2.0;3.0;1.0;B02
87003;201300057046;0;7;0;0.0;2.0;2.0;1.0;A01
87004;201300057047;0;10;0;8.0;0.0;0.0;0.0;A01
87005;201300057048;0;14;0;0.0;2.0;2.0;1.0;A01
87006;201300057048;0;30;0;0.0;2.0;1.0;5.0;B01
87007;201300057049;0;1;0;0.0;0.0;8.0;1.0;B02
87008;201300057049;1;7;0;0.0;9.0;7.0;17.0;A01
87009;201300057050;0;7;0;0.0;2.0;3.0;1.0;A01
87010;201300057050;0;1;0;0.0;2.0;8.0;19.0;B02
87011;201300057051;0;7;0;0.0;2.0;7.0;1.0;A01
87012;201300057051;0;2;0;0.0;2.0;1.0;19.0;B02
87013;201300057052;0;30;0;1.0;2.0;1.0;1.0;B02
87014;201300057052;0;7;0;0.0;2.0;5.0;15.0;A01
87015;201300057053;0;10;0;13.0;0.0;1.0;14.0;A01
87016;201300057054;0;10;0;0.0;2.0;3.0;13.0;A01
87017;201300057054;0;10;0;0.0;2.0;3.0;1.0;B02
87018;201300057055;0;7;0;13.0;0.0;9.0;1.0;A01
87019;201300057056;0;7;0;2.0;0.0;3.0;1.0;A01
87020;201300057057;0;33;0;3.0;0.0;8.0;1.0;A01
87021;201300057058;0;7;0;0.0;2.0;3.0;1.0;A01
87022;201300057058;0;7;0;0.0;2.0;2.0;13.0;B02
87023;201300057059;0;14;0;2.0;0.0;9.0;14.0;A01
87024;201300057060;0;15;0;0.0;0.0;2.0;0.0;A01
87025;201300057060;0;7;0;0.0;0.0;1.0;0.0;B02
87026;201300057061;0;20;0;0.0;0.0;8.0;1.0;A01
87027;201300057062;0;10;0;0.0;1.0;1.0;17.0;A01
87028;201300057063;0;2;0;0.0;2.0;1.0;1.0;B02
87029;201300057063;0;7;0;0.0;2.0;3.0;15.0;A01
87030;201300057064;0;30;0;0.0;2.0;3.0;1.0;A01
87031;201300057064;0;20;0;0.0;0.0;5.0;15.0;B02
87032;201300057066;0;2;0;14.0;0.0;1.0;2.0;A01
87033;201300057066;0;7;0;0.0;2.0;4.0;23.0;B02
87034;201300057067;0;34;0;0.0;9.0;1.0;1.0;A01
87035;201300057068;0;7;0;0.0;2.0;1.0;13.0;A01
87036;201300057068;0;1;0;0.0;2.0;1.0;1.0;B02
87037;201300057069;0;10;0;0.0;2.0;3.0;13.0;A01
87038;201300057069;0;10;0;0.0;2.0;3.0;1.0;B02
87039;201300057070;0;7;0;0.0;2.0;2.0;13.0;A01
87040;201300057070;0;7;0;0.0;2.0;1.0;13.0;B02
87041;201300057072;0;30;0;0.0;2.0;1.0;1.0;A01
87042;201300057072;1;7;0;0.0;2.0;1.0;1.0;B02
87043;201300057074;0;30;0;15.0;0.0;1.0;13.0;A01
87044;201300057075;0;7;0;0.0;0.0;7.0;9.0;A01
87045;201300057075;0;33;0;6.0;0.0;7.0;21.0;B02
87046;201300057076;0;7;0;2.0;0.0;1.0;19.0;A01
87047;201300057077;0;38;0;0.0;2.0;2.0;2.0;A01
87048;201300057077;0;1;0;0.0;2.0;0.0;0.0;B02
87049;201300057078;0;7;0;0.0;1.0;1.0;15.0;A01
87050;201300057079;0;7;0;11.0;1.0;1.0;1.0;A01
87051;201300057080;0;7;0;0.0;1.0;2.0;1.0;A01
87052;201300057081;0;37;0;0.0;1.0;1.0;1.0;A01
87053;201300057082;0;15;0;0.0;2.0;3.0;1.0;A01
87054;201300057082;0;38;0;0.0;2.0;3.0;1.0;B01
87055;201300057083;0;7;0;0.0;0.0;0.0;1.0;A01
87056;201300057084;0;7;0;0.0;0.0;1.0;1.0;A01
87057;201300057085;0;1;0;0.0;2.0;1.0;1.0;B02
87058;201300057085;0;7;0;0.0;2.0;2.0;17.0;A01
87059;201300057086;0;1;0;0.0;0.0;7.0;0.0;A01
87060;201300057087;0;31;0;0.0;1.0;1.0;1.0;A01
87061;201300057088;0;31;0;0.0;1.0;1.0;1.0;A01
87062;201300057089;0;7;0;0.0;1.0;8.0;1.0;A01
87063;201300057091;1;30;0;0.0;1.0;1.0;5.0;A01
87064;201300057093;0;7;0;0.0;2.0;1.0;14.0;A01
87065;201300057093;0;30;0;0.0;2.0;4.0;1.0;B02
87066;201300057094;0;10;0;13.0;0.0;1.0;1.0;A01
87067;201300057095;0;30;0;7.0;0.0;1.0;14.0;A01
87068;201300057096;0;7;0;0.0;1.0;3.0;1.0;A01
87069;201300057098;0;30;0;0.0;2.0;2.0;17.0;B02
87070;201300057098;0;7;0;0.0;2.0;3.0;15.0;A01
87071;201300057099;0;30;0;4.0;2.0;7.0;15.0;B02
87072;201300057099;0;30;0;0.0;2.0;8.0;1.0;A01
87073;201300057100;0;7;0;0.0;0.0;1.0;1.0;A01
87074;201300057101;0;7;0;0.0;1.0;3.0;17.0;A01
87075;201300057103;0;7;0;0.0;1.0;2.0;2.0;A01
87076;201300057104;0;7;0;0.0;2.0;3.0;1.0;A01
87077;201300057104;0;99;0;0.0;2.0;1.0;1.0;B02
87078;201300057105;0;33;0;0.0;2.0;8.0;0.0;B02
87079;201300057105;0;7;0;0.0;9.0;1.0;9.0;A01
87080;201300057106;0;7;0;0.0;1.0;2.0;2.0;A01
87081;201300057107;0;33;0;12.0;0.0;1.0;1.0;A01
87082;201300057108;0;7;0;0.0;1.0;3.0;2.0;A01
87083;201300057109;0;7;0;0.0;1.0;7.0;1.0;A01
87084;201300057110;0;7;0;0.0;9.0;3.0;0.0;B02
87085;201300057110;0;30;0;0.0;2.0;1.0;0.0;A01
87086;201300057112;0;10;0;13.0;0.0;2.0;1.0;A01
87087;201300057113;0;7;0;0.0;1.0;2.0;1.0;A01
87088;201300057114;0;30;0;0.0;2.0;1.0;1.0;B02
87089;201300057114;0;1;0;0.0;2.0;1.0;5.0;A01
87090;201300057115;0;7;0;0.0;9.0;2.0;1.0;A01
87091;201300057115;0;1;0;0.0;2.0;6.0;19.0;B02
87092;201300057116;0;7;0;0.0;1.0;8.0;1.0;A01
87093;201300057117;0;7;0;0.0;2.0;2.0;1.0;B02
87094;201300057117;0;7;0;0.0;2.0;7.0;13.0;A01
87095;201300057117;0;7;0;0.0;2.0;1.0;1.0;C03
87096;201300057118;0;2;0;0.0;2.0;1.0;1.0;A01
87097;201300057118;0;7;0;0.0;2.0;7.0;16.0;B02
87098;201300057119;0;30;0;0.0;2.0;1.0;13.0;A01
87099;201300057119;0;30;0;0.0;2.0;1.0;1.0;B02
87100;201300057120;0;7;0;0.0;2.0;1.0;2.0;B02
87101;201300057120;0;14;0;0.0;0.0;4.0;2.0;A01
87102;201300057121;0;7;0;0.0;2.0;1.0;1.0;A01
87103;201300057121;0;1;0;0.0;2.0;7.0;16.0;B02
87104;201300057122;0;30;0;0.0;0.0;8.0;0.0;A01
87105;201300057123;0;30;0;4.0;0.0;1.0;1.0;A01
87106;201300057124;0;1;0;0.0;2.0;1.0;1.0;A01
87107;201300057124;0;7;0;0.0;0.0;4.0;2.0;B02
87108;201300057125;0;33;0;0.0;2.0;1.0;13.0;A01
87109;201300057125;0;7;0;0.0;2.0;1.0;1.0;B02
87110;201300057126;0;1;0;0.0;2.0;4.0;2.0;B02
87111;201300057126;0;7;0;0.0;2.0;1.0;2.0;A01
87112;201300057127;0;7;0;0.0;1.0;2.0;1.0;A01
87113;201300057128;0;34;0;0.0;1.0;1.0;1.0;A01
87114;201300057129;0;33;0;0.0;2.0;1.0;1.0;B02
87115;201300057129;0;7;0;3.0;2.0;3.0;13.0;A01
87116;201300057130;0;7;0;0.0;1.0;1.0;1.0;A01
87117;201300057131;0;10;0;0.0;0.0;6.0;23.0;B02
87118;201300057131;0;10;0;0.0;2.0;2.0;1.0;A01
87119;201300057132;0;30;0;0.0;2.0;1.0;1.0;A01
87120;201300057132;0;7;0;0.0;2.0;3.0;19.0;B02
87121;201300057133;0;30;0;1.0;0.0;1.0;1.0;A01
87122;201300057134;0;30;0;0.0;2.0;1.0;17.0;B02
87123;201300057134;0;7;0;0.0;0.0;3.0;15.0;A01
87124;201300057135;0;7;0;0.0;2.0;1.0;2.0;A01
87125;201300057135;0;7;0;0.0;0.0;4.0;0.0;B02
87126;201300057136;0;7;0;0.0;2.0;2.0;2.0;B02
87127;201300057136;0;33;0;0.0;0.0;4.0;2.0;A01
87128;201300057137;0;7;0;0.0;2.0;1.0;13.0;A01
87129;201300057137;0;7;0;0.0;2.0;2.0;1.0;B02
87130;201300057138;0;10;0;0.0;2.0;1.0;1.0;B02
87131;201300057138;0;7;0;0.0;2.0;1.0;13.0;A01
87132;201300057139;0;7;0;2.0;0.0;1.0;1.0;A01
87133;201300057140;0;1;0;0.0;2.0;4.0;2.0;A01
87134;201300057140;0;7;0;0.0;2.0;1.0;2.0;B02
87135;201300057142;0;7;0;0.0;0.0;5.0;24.0;A01
87136;201300057142;0;33;0;1.0;0.0;1.0;1.0;B02
87137;201300057143;0;7;0;0.0;2.0;3.0;15.0;A01
87138;201300057143;0;33;0;0.0;2.0;1.0;0.0;B02
87139;201300057144;0;33;0;0.0;2.0;1.0;1.0;A01
87140;201300057144;0;7;0;0.0;2.0;8.0;15.0;B02
87141;201300057145;0;7;0;0.0;0.0;2.0;1.0;A01
87142;201300057145;0;1;0;0.0;0.0;4.0;0.0;B02
87143;201300057146;0;7;0;0.0;2.0;5.0;19.0;B02
87144;201300057146;0;2;0;0.0;2.0;1.0;1.0;A01
87145;201300057147;0;7;0;0.0;1.0;3.0;1.0;A01
87146;201300057148;0;1;0;0.0;2.0;1.0;16.0;A01
87147;201300057148;0;7;0;0.0;2.0;8.0;1.0;B02
87148;201300057149;0;10;0;0.0;2.0;5.0;15.0;A01
87149;201300057149;0;1;0;0.0;0.0;1.0;1.0;B02
87150;201300057150;0;10;0;0.0;0.0;0.0;15.0;A01
87151;201300057150;0;1;0;0.0;0.0;0.0;0.0;B02
87152;201300057151;0;10;0;4.0;0.0;4.0;2.0;B02
87153;201300057151;0;7;0;0.0;2.0;1.0;2.0;A01
87154;201300057152;0;7;0;0.0;2.0;3.0;1.0;B02
87155;201300057152;0;7;0;0.0;2.0;3.0;1.0;A01
87156;201300057153;0;1;0;0.0;2.0;3.0;19.0;B02
87157;201300057153;0;7;0;0.0;2.0;2.0;1.0;A01
87158;201300057154;0;31;0;0.0;2.0;1.0;1.0;A01
87159;201300057154;0;7;0;0.0;2.0;7.0;15.0;B02
87160;201300057155;0;7;0;0.0;9.0;7.0;1.0;B02
87161;201300057155;0;1;0;0.0;2.0;1.0;15.0;A01
87162;201300057156;0;30;0;7.0;0.0;1.0;1.0;A01
87163;201300057157;0;7;0;0.0;2.0;6.0;10.0;A01
87164;201300057157;0;33;0;0.0;2.0;1.0;1.0;B02
87165;201300057158;0;31;0;0.0;2.0;1.0;17.0;A01
87166;201300057158;0;7;0;0.0;2.0;8.0;15.0;B02
87167;201300057159;0;38;0;0.0;2.0;8.0;1.0;A01
87168;201300057159;0;1;0;0.0;2.0;1.0;1.0;B02
87169;201300057160;0;7;0;0.0;2.0;3.0;13.0;B02
87170;201300057160;0;7;0;0.0;2.0;1.0;1.0;A01
87171;201300057161;0;7;0;0.0;2.0;2.0;12.0;A01
87172;201300057161;0;2;0;0.0;2.0;1.0;1.0;B02
87173;201300057162;0;7;0;0.0;1.0;3.0;1.0;A01
87174;201300057163;0;7;0;0.0;0.0;3.0;1.0;B02
87175;201300057163;0;2;0;0.0;2.0;1.0;1.0;A01
87176;201300057164;0;7;0;0.0;2.0;1.0;1.0;B02
87177;201300057164;0;7;0;0.0;2.0;1.0;1.0;A01
87178;201300057165;0;7;0;0.0;2.0;8.0;1.0;B02
87179;201300057165;0;7;0;6.0;2.0;1.0;1.0;A01
87180;201300057166;0;10;0;0.0;2.0;1.0;13.0;A01
87181;201300057166;0;33;0;0.0;2.0;1.0;2.0;B02
87182;201300057166;0;31;0;0.0;2.0;1.0;2.0;C03
87183;201300057167;0;7;0;0.0;0.0;8.0;1.0;B02
87184;201300057167;0;10;0;0.0;0.0;3.0;13.0;A01
87185;201300057169;0;7;0;2.0;0.0;3.0;13.0;A01
87186;201300057170;0;33;0;0.0;2.0;1.0;1.0;A01
87187;201300057170;0;7;0;0.0;2.0;1.0;15.0;B02
87188;201300057171;0;7;0;0.0;1.0;1.0;1.0;A01
87189;201300057172;0;7;0;0.0;1.0;1.0;1.0;A01
87190;201300057174;0;30;0;6.0;0.0;7.0;1.0;A01
87191;201300057175;0;7;0;0.0;2.0;3.0;1.0;B02
87192;201300057175;0;30;0;0.0;2.0;1.0;17.0;A01
87193;201300057176;0;7;0;0.0;1.0;2.0;1.0;A01
87194;201300057177;0;7;0;0.0;2.0;8.0;15.0;B02
87195;201300057177;0;33;0;0.0;2.0;7.0;1.0;A01
87196;201300057178;0;31;0;0.0;1.0;1.0;17.0;A01
87197;201300057179;0;7;0;0.0;9.0;0.0;1.0;C03
87198;201300057179;0;7;0;0.0;2.0;3.0;1.0;B02
87199;201300057179;0;7;0;0.0;2.0;3.0;11.0;A01
87200;201300057180;0;7;0;0.0;2.0;1.0;1.0;B02
87201;201300057180;0;7;0;0.0;2.0;4.0;1.0;A01
87202;201300057181;0;7;0;1.0;1.0;2.0;1.0;A01
87203;201300057182;0;30;0;0.0;0.0;0.0;1.0;A01
87204;201300057183;0;1;0;2.0;0.0;1.0;0.0;A01
87205;201300057184;1;7;0;0.0;9.0;2.0;2.0;A01
87206;201300057184;0;1;0;0.0;0.0;4.0;2.0;B02
87207;201300057185;0;33;0;0.0;0.0;8.0;0.0;A01
87208;201300057186;0;33;0;0.0;0.0;1.0;1.0;A01
87209;201300057187;0;7;0;0.0;2.0;2.0;1.0;A01
87210;201300057187;0;1;0;0.0;0.0;1.0;16.0;B02
87211;201300057188;0;7;0;0.0;2.0;3.0;1.0;A01
87212;201300057188;0;30;0;0.0;2.0;2.0;17.0;B02
87213;201300057188;0;7;0;0.0;2.0;1.0;1.0;C03
87214;201300057189;0;7;0;0.0;2.0;3.0;1.0;B02
87215;201300057189;0;1;0;0.0;2.0;1.0;21.0;A01
87216;201300057192;0;7;0;8.0;0.0;2.0;1.0;A01
87217;201300057193;0;7;0;0.0;2.0;1.0;1.0;B02
87218;201300057193;0;7;0;0.0;2.0;2.0;13.0;A01
87219;201300057194;0;7;0;0.0;2.0;2.0;15.0;B02
87220;201300057194;0;2;0;0.0;2.0;1.0;1.0;A01
87221;201300057195;0;30;0;0.0;2.0;8.0;15.0;A01
87222;201300057195;0;7;0;0.0;2.0;1.0;1.0;B02
87223;201300057196;0;10;0;0.0;2.0;8.0;19.0;A01
87224;201300057196;0;30;0;0.0;2.0;1.0;1.0;B02
87225;201300057197;0;7;0;0.0;2.0;1.0;15.0;B02
87226;201300057197;0;30;0;0.0;2.0;1.0;13.0;A01
87227;201300057198;0;7;0;0.0;2.0;7.0;17.0;A01
87228;201300057198;0;30;0;0.0;2.0;8.0;1.0;B02
87229;201300057199;0;7;0;0.0;2.0;6.0;20.0;A01
87230;201300057199;0;2;0;0.0;2.0;1.0;2.0;B02
87231;201300057200;0;7;0;0.0;1.0;8.0;1.0;A01
87232;201300057201;0;32;0;0.0;2.0;8.0;1.0;B02
87233;201300057201;1;10;0;0.0;2.0;7.0;17.0;A01
87234;201300057202;0;33;0;0.0;1.0;1.0;1.0;A01
87235;201300057203;0;7;0;0.0;2.0;8.0;1.0;B02
87236;201300057203;0;30;0;0.0;2.0;3.0;13.0;A01
87237;201300057204;0;7;0;0.0;2.0;3.0;17.0;A01
87238;201300057204;0;10;0;0.0;2.0;3.0;0.0;B02
87239;201300057205;1;30;0;0.0;1.0;1.0;0.0;A01
87240;201300057206;0;14;0;0.0;1.0;2.0;1.0;A01
87241;201300057207;0;7;0;0.0;2.0;1.0;15.0;A01
87242;201300057207;0;32;0;0.0;2.0;8.0;1.0;B02
87243;201300057208;0;30;0;0.0;1.0;1.0;1.0;A01
87244;201300057209;0;7;0;0.0;1.0;1.0;13.0;A01
87245;201300057210;0;30;0;0.0;2.0;1.0;13.0;B02
87246;201300057210;0;7;0;0.0;2.0;1.0;13.0;A01
87247;201300057211;0;10;0;0.0;2.0;1.0;15.0;A01
87248;201300057211;0;30;0;0.0;2.0;1.0;1.0;B02
87249;201300057212;0;7;0;0.0;1.0;1.0;1.0;A01
87250;201300057213;0;7;0;0.0;1.0;1.0;1.0;A01
87251;201300057214;0;30;0;0.0;0.0;0.0;1.0;A01
87252;201300057215;0;7;0;12.0;1.0;3.0;1.0;A01
87253;201300057216;0;10;0;0.0;1.0;2.0;16.0;A01
87254;201300057217;0;30;0;0.0;0.0;7.0;1.0;A01
87255;201300057218;0;7;0;0.0;1.0;1.0;1.0;A01
87256;201300057219;0;7;0;2.0;2.0;7.0;1.0;C03
87257;201300057219;0;15;0;0.0;2.0;3.0;1.0;A01
87258;201300057219;0;7;0;0.0;2.0;1.0;17.0;B02
87259;201300057219;0;7;0;0.0;2.0;1.0;1.0;D04
87260;201300057220;0;7;0;0.0;1.0;3.0;17.0;A01
87261;201300057222;0;7;0;0.0;1.0;1.0;1.0;A01
87262;201300057223;0;1;0;0.0;0.0;4.0;1.0;B02
87263;201300057223;1;99;0;0.0;2.0;0.0;1.0;Z01
87264;201300057224;0;30;0;0.0;2.0;1.0;17.0;A01
87265;201300057224;0;7;0;0.0;2.0;2.0;1.0;B02
87266;201300057225;0;33;0;0.0;2.0;1.0;1.0;B02
87267;201300057225;0;7;0;0.0;0.0;6.0;15.0;A01
87268;201300057226;0;7;0;4.0;0.0;0.0;0.0;A01
87269;201300057227;0;7;0;14.0;0.0;1.0;1.0;A01
87270;201300057227;0;7;0;4.0;2.0;3.0;23.0;B02
87271;201300057228;0;14;0;0.0;9.0;2.0;1.0;B02
87272;201300057228;0;1;0;0.0;9.0;4.0;1.0;A01
87273;201300057229;0;31;0;0.0;2.0;1.0;17.0;A01
87274;201300057229;0;14;0;0.0;2.0;8.0;15.0;B02
87275;201300057230;0;7;0;4.0;0.0;1.0;1.0;A01
87276;201300057231;0;7;0;0.0;1.0;1.0;1.0;A01
87277;201300057232;0;30;0;0.0;2.0;1.0;1.0;C03
87278;201300057232;0;30;0;0.0;2.0;1.0;1.0;B02
87279;201300057232;0;7;0;0.0;2.0;1.0;13.0;A01
87280;201300057233;0;33;0;0.0;2.0;1.0;1.0;B02
87281;201300057233;0;7;0;0.0;2.0;3.0;15.0;A01
87282;201300057234;0;7;0;0.0;2.0;5.0;15.0;A01
87283;201300057234;0;31;0;0.0;2.0;1.0;1.0;B02
87284;201300057235;0;30;0;7.0;0.0;1.0;15.0;A01
87285;201300057236;0;7;0;0.0;1.0;1.0;1.0;A01
87286;201300057237;0;7;0;0.0;2.0;1.0;1.0;A01
87287;201300057237;0;33;0;0.0;2.0;1.0;13.0;B02
87288;201300057239;2;7;0;0.0;1.0;2.0;1.0;A01
87289;201300057240;0;10;0;2.0;0.0;7.0;1.0;A01
87290;201300057241;0;7;0;0.0;2.0;3.0;17.0;A01
87291;201300057241;0;32;0;0.0;2.0;1.0;1.0;B02
87292;201300057242;0;10;0;10.0;0.0;1.0;1.0;A01
87293;201300057243;0;2;0;0.0;2.0;8.0;10.0;A01
87294;201300057243;0;7;0;0.0;2.0;1.0;1.0;B02
87295;201300057244;0;14;0;0.0;2.0;1.0;21.0;B02
87296;201300057244;0;7;0;0.0;2.0;1.0;13.0;A01
87297;201300057246;0;7;0;0.0;2.0;7.0;15.0;A01
87298;201300057246;0;30;0;0.0;2.0;1.0;1.0;B02
87299;201300057247;0;1;0;0.0;2.0;1.0;1.0;B02
87300;201300057247;0;7;0;0.0;2.0;3.0;1.0;A01
87301;201300057248;0;7;0;0.0;2.0;3.0;15.0;A01
87302;201300057248;0;30;0;0.0;2.0;0.0;1.0;B02
87303;201300057249;0;7;0;0.0;2.0;1.0;1.0;B02
87304;201300057249;0;7;0;0.0;2.0;1.0;6.0;A01
87305;201300057250;0;1;0;0.0;2.0;0.0;1.0;B02
87306;201300057250;0;10;0;0.0;2.0;2.0;1.0;A01
87307;201300057251;0;30;0;0.0;2.0;1.0;1.0;A01
87308;201300057251;0;7;0;0.0;0.0;6.0;0.0;B02
87309;201300057252;0;2;0;0.0;0.0;3.0;2.0;B02
87310;201300057252;0;10;0;0.0;0.0;5.0;2.0;A01
87311;201300057253;0;7;0;0.0;0.0;7.0;1.0;A01
87312;201300057253;0;1;0;0.0;2.0;1.0;19.0;B02
87313;201300057254;0;10;0;0.0;1.0;2.0;1.0;A01
87314;201300057255;0;7;0;0.0;9.0;3.0;4.0;A01
87315;201300057255;0;30;0;0.0;2.0;1.0;0.0;B02
87316;201300057256;0;30;0;0.0;0.0;7.0;1.0;A01
87317;201300057257;0;7;0;0.0;2.0;2.0;15.0;A01
87318;201300057257;0;33;0;0.0;2.0;1.0;1.0;B02
87319;201300057258;0;30;0;0.0;0.0;1.0;1.0;B02
87320;201300057258;0;7;0;0.0;0.0;5.0;15.0;A01
87321;201300057259;0;32;0;0.0;0.0;4.0;24.0;A01
87322;201300057260;0;33;0;0.0;2.0;1.0;2.0;A01
87323;201300057260;0;33;0;0.0;2.0;4.0;2.0;B02
87324;201300057261;0;7;0;0.0;2.0;1.0;13.0;A01
87325;201300057261;0;10;0;0.0;2.0;3.0;1.0;B02
87326;201300057262;0;7;0;0.0;2.0;8.0;15.0;A01
87327;201300057262;0;1;0;0.0;2.0;1.0;1.0;B02
87328;201300057262;0;1;0;0.0;2.0;1.0;1.0;C03
87329;201300057263;0;10;0;0.0;2.0;3.0;1.0;C03
87330;201300057263;0;10;0;0.0;2.0;3.0;13.0;B02
87331;201300057264;0;31;0;0.0;0.0;0.0;17.0;A01
87332;201300057265;0;7;0;0.0;2.0;7.0;13.0;A01
87333;201300057265;0;30;0;0.0;2.0;8.0;13.0;B02
87334;201300057266;0;7;0;0.0;2.0;3.0;17.0;A01
87335;201300057266;0;7;0;0.0;2.0;5.0;1.0;D04
87336;201300057266;0;7;0;0.0;2.0;3.0;1.0;C03
87337;201300057266;0;7;0;0.0;2.0;8.0;1.0;B02
87338;201300057267;0;7;0;0.0;2.0;2.0;17.0;A01
87339;201300057267;0;2;0;0.0;0.0;4.0;1.0;B02
87340;201300057269;0;7;0;8.0;0.0;2.0;1.0;A01
87341;201300057270;0;30;0;0.0;2.0;8.0;1.0;A01
87342;201300057270;0;7;0;0.0;2.0;3.0;15.0;B02
87343;201300057271;0;7;0;0.0;2.0;1.0;1.0;A01
87344;201300057271;0;7;0;0.0;2.0;4.0;1.0;B02
87345;201300057271;0;7;0;0.0;2.0;4.0;1.0;C03
87346;201300057272;1;7;0;0.0;1.0;0.0;1.0;A01
87347;201300057273;0;1;0;0.0;2.0;1.0;17.0;A01
87348;201300057273;0;7;0;0.0;2.0;3.0;1.0;B02
87349;201300057274;0;7;0;1.0;2.0;8.0;1.0;B02
87350;201300057274;0;7;0;0.0;2.0;3.0;13.0;A01
87351;201300057274;0;7;0;0.0;2.0;1.0;1.0;C03