;Num_Acc;senc;catv;occutc;obs;obsm;choc;manv;num_veh
87352;201300057275;0;2;0;1.0;0.0;1.0;16.0;A01
87353;201300057275;0;15;0;0.0;2.0;0.0;23.0;B02
87354;201300057276;0;33;0;0.0;2.0;1.0;1.0;B02
87355;201300057276;0;7;0;0.0;2.0;7.0;15.0;A01
87356;201300057277;0;7;0;0.0;2.0;3.0;1.0;B02
87357;201300057277;0;2;0;0.0;2.0;1.0;13.0;A01
87358;201300057278;0;7;0;0.0;2.0;8.0;15.0;A01
87359;201300057278;0;33;0;0.0;2.0;1.0;1.0;B02
87360;201300057279;0;7;0;0.0;2.0;1.0;1.0;A01
87361;201300057279;0;7;0;0.0;2.0;1.0;13.0;B02
87362;201300057280;0;10;0;0.0;2.0;7.0;17.0;A01
87363;201300057280;0;1;0;0.0;2.0;8.0;1.0;B02
87364;201300057281;0;10;0;0.0;0.0;3.0;1.0;A01
87365;201300057282;0;31;0;0.0;2.0;1.0;1.0;B02
87366;201300057282;0;7;0;0.0;2.0;1.0;15.0;A01
87367;201300057284;0;2;0;0.0;2.0;3.0;17.0;B02
87368;201300057284;0;7;0;0.0;2.0;5.0;17.0;A01
87369;201300057285;0;30;0;0.0;2.0;1.0;13.0;A01
87370;201300057285;0;7;0;0.0;2.0;3.0;1.0;B02
87371;201300057286;0;7;0;1.0;1.0;2.0;20.0;A01
87372;201300057287;0;7;0;16.0;1.0;2.0;14.0;A01
87373;201300057288;0;7;0;0.0;2.0;3.0;17.0;A01
87374;201300057288;0;7;0;0.0;2.0;3.0;1.0;B02
87375;201300057289;0;30;0;0.0;2.0;7.0;1.0;B02
87376;201300057289;0;7;0;0.0;2.0;1.0;1.0;A01
87377;201300057290;0;7;0;0.0;2.0;2.0;15.0;A01
87378;201300057290;0;33;0;0.0;2.0;1.0;1.0;B02
87379;201300057291;0;7;0;0.0;1.0;8.0;1.0;A01
87380;201300057292;0;7;0;0.0;2.0;1.0;15.0;A01
87381;201300057292;0;2;0;0.0;2.0;1.0;1.0;B02
87382;201300057294;0;7;0;0.0;2.0;2.0;19.0;B02
87383;201300057294;0;10;0;0.0;2.0;3.0;19.0;A01
87384;201300057295;0;7;0;0.0;2.0;3.0;1.0;A01
87385;201300057295;0;7;0;0.0;2.0;1.0;19.0;B02
87386;201300057296;0;7;0;0.0;1.0;1.0;1.0;A01
87387;201300057297;0;7;0;0.0;2.0;1.0;13.0;A01
87388;201300057297;0;7;0;0.0;2.0;1.0;1.0;B02
87389;201300057299;0;33;0;0.0;0.0;3.0;14.0;A01
87390;201300057301;0;7;0;0.0;9.0;2.0;20.0;A01
87391;201300057301;0;2;0;0.0;2.0;1.0;1.0;B02
87392;201300057302;0;7;0;0.0;2.0;3.0;1.0;B02
87393;201300057302;0;31;0;0.0;2.0;1.0;17.0;A01
87394;201300057303;0;2;0;0.0;2.0;1.0;1.0;B02
87395;201300057303;0;7;0;0.0;2.0;7.0;15.0;A01
87396;201300057304;0;7;0;0.0;2.0;1.0;15.0;B02
87397;201300057304;0;7;0;0.0;2.0;2.0;1.0;A01
87398;201300057305;0;30;0;14.0;0.0;1.0;1.0;A01
87399;201300057306;0;20;0;0.0;2.0;3.0;15.0;B02
87400;201300057306;0;33;0;12.0;2.0;1.0;21.0;A01
87401;201300057307;0;30;0;0.0;0.0;9.0;1.0;A01
87402;201300057308;0;7;0;0.0;1.0;2.0;1.0;A01
87403;201300057309;0;7;0;0.0;1.0;3.0;1.0;A01
87404;201300057310;0;2;0;0.0;2.0;1.0;17.0;A01
87405;201300057310;0;31;0;0.0;2.0;1.0;1.0;B02
87406;201300057311;0;31;0;0.0;2.0;1.0;1.0;A01
87407;201300057311;0;7;0;0.0;2.0;6.0;15.0;B02
87408;201300057312;0;7;0;0.0;2.0;1.0;15.0;B02
87409;201300057312;0;32;0;0.0;2.0;8.0;1.0;A01
87410;201300057313;0;1;0;0.0;0.0;4.0;1.0;B02
87411;201300057313;0;7;0;0.0;2.0;1.0;1.0;A01
87412;201300057314;0;7;0;0.0;1.0;3.0;1.0;A01
87413;201300057315;0;15;0;0.0;0.0;7.0;9.0;B02
87414;201300057315;0;10;0;0.0;0.0;1.0;13.0;A01
87415;201300057316;0;7;0;0.0;0.0;0.0;1.0;A01
87416;201300057317;0;7;0;0.0;2.0;8.0;1.0;B02
87417;201300057317;0;30;0;0.0;2.0;7.0;3.0;A01
87418;201300057318;0;7;0;0.0;0.0;2.0;15.0;A01
87419;201300057318;0;33;0;0.0;0.0;2.0;17.0;B02
87420;201300057319;0;7;0;0.0;2.0;4.0;15.0;B02
87421;201300057319;0;33;0;0.0;2.0;1.0;6.0;A01
87422;201300057320;0;7;0;3.0;0.0;2.0;21.0;A01
87423;201300057321;0;2;0;0.0;2.0;1.0;0.0;B02
87424;201300057321;0;7;0;0.0;2.0;2.0;1.0;A01
87425;201300057322;0;37;1;0.0;2.0;3.0;1.0;A01
87426;201300057322;0;2;0;0.0;2.0;1.0;17.0;B02
87427;201300057324;0;7;0;0.0;1.0;1.0;5.0;A01
87428;201300057327;0;10;0;0.0;2.0;3.0;1.0;B02
87429;201300057327;0;30;0;0.0;2.0;1.0;13.0;A01
87430;201300057328;0;14;0;0.0;2.0;8.0;15.0;A01
87431;201300057328;0;10;0;0.0;2.0;3.0;21.0;B02
87432;201300057329;0;7;0;0.0;1.0;7.0;2.0;A01
87433;201300057330;0;1;0;0.0;0.0;0.0;0.0;A01
87434;201300057331;0;33;0;0.0;2.0;7.0;17.0;A01
87435;201300057331;0;7;0;0.0;2.0;8.0;1.0;B02
87436;201300057331;0;7;0;0.0;2.0;8.0;1.0;C03
87437;201300057332;0;7;0;0.0;2.0;1.0;0.0;A01
87438;201300057332;0;7;0;0.0;2.0;1.0;0.0;B02
87439;201300057333;0;10;0;0.0;2.0;3.0;1.0;B02
87440;201300057333;0;10;0;0.0;2.0;3.0;13.0;A01
87441;201300057334;0;10;0;0.0;2.0;7.0;17.0;A01
87442;201300057334;0;10;0;0.0;0.0;8.0;17.0;B02
87443;201300057335;0;7;0;0.0;2.0;3.0;1.0;A01
87444;201300057335;0;7;0;0.0;2.0;3.0;1.0;B02
87445;201300057337;0;32;0;0.0;0.0;0.0;1.0;A01
87446;201300057338;0;7;0;2.0;0.0;2.0;0.0;A01
87447;201300057339;0;33;0;0.0;2.0;1.0;3.0;A01
87448;201300057339;0;30;0;0.0;2.0;1.0;3.0;B02
87449;201300057340;0;7;0;0.0;2.0;8.0;1.0;A01
87450;201300057340;0;7;0;0.0;2.0;1.0;1.0;B02
87451;201300057340;0;34;0;0.0;2.0;1.0;17.0;C03
87452;201300057341;0;31;0;0.0;2.0;1.0;17.0;A01
87453;201300057341;0;10;0;0.0;0.0;1.0;1.0;B02
87454;201300057342;0;7;0;0.0;1.0;1.0;13.0;A01
87455;201300057342;0;33;0;16.0;0.0;1.0;19.0;B02
87456;201300057343;0;16;0;0.0;1.0;4.0;1.0;A01
87457;201300057346;0;10;0;0.0;2.0;1.0;1.0;A01
87458;201300057346;0;7;0;0.0;2.0;1.0;1.0;B02
87459;201300057347;0;7;0;0.0;2.0;0.0;13.0;A01
87460;201300057347;0;7;0;0.0;2.0;0.0;0.0;B02
87461;201300057348;0;7;0;0.0;2.0;3.0;13.0;A01
87462;201300057348;0;7;0;0.0;2.0;3.0;1.0;B02
87463;201300057349;0;7;0;0.0;2.0;2.0;17.0;A01
87464;201300057349;0;7;0;0.0;2.0;1.0;1.0;B02
87465;201300057349;0;7;0;0.0;2.0;2.0;17.0;C03
87466;201300057350;0;37;1;0.0;2.0;3.0;1.0;A01
87467;201300057350;0;7;0;0.0;2.0;3.0;13.0;B02
87468;201300057351;0;7;0;3.0;0.0;2.0;13.0;A01
87469;201300057352;0;2;0;0.0;2.0;1.0;13.0;A01
87470;201300057352;0;10;0;0.0;2.0;3.0;1.0;B02
87471;201300057353;0;7;0;0.0;2.0;1.0;17.0;A01
87472;201300057353;0;7;0;0.0;2.0;1.0;1.0;B02
87473;201300057353;0;10;0;0.0;2.0;1.0;1.0;C03
87474;201300057354;0;31;0;0.0;2.0;2.0;5.0;A01
87475;201300057354;0;10;0;0.0;2.0;7.0;21.0;B02
87476;201300057355;0;10;0;0.0;1.0;3.0;1.0;A01
87477;201300057356;0;7;0;0.0;1.0;5.0;4.0;A01
87478;201300057357;0;30;0;0.0;0.0;1.0;1.0;A01
87479;201300057357;0;7;0;0.0;0.0;6.0;16.0;B02
87480;201300057358;0;7;0;0.0;0.0;2.0;15.0;A01
87481;201300057358;0;33;0;0.0;0.0;1.0;1.0;B02
87482;201300057359;0;7;0;0.0;1.0;1.0;1.0;A01
87483;201300057360;0;32;0;0.0;2.0;1.0;5.0;A01
87484;201300057360;0;7;0;0.0;2.0;1.0;1.0;B02
87485;201300057361;0;33;0;0.0;2.0;1.0;5.0;A01
87486;201300057361;0;7;0;0.0;2.0;3.0;1.0;B02
87487;201300057362;0;7;0;13.0;0.0;7.0;0.0;A01
87488;201300057363;0;7;0;0.0;2.0;3.0;1.0;B02
87489;201300057363;0;34;0;0.0;2.0;1.0;5.0;A01
87490;201300057364;0;7;0;1.0;2.0;1.0;1.0;A01
87491;201300057364;0;7;0;0.0;2.0;4.0;23.0;B02
87492;201300057365;0;3;0;0.0;2.0;5.0;15.0;A01
87493;201300057365;0;33;0;0.0;2.0;1.0;1.0;B02
87494;201300057366;1;99;0;0.0;1.0;2.0;1.0;A01
87495;201300057367;0;7;0;0.0;1.0;1.0;1.0;A01
87496;201300057368;0;7;0;0.0;2.0;7.0;12.0;A01
87497;201300057368;0;33;0;16.0;2.0;1.0;18.0;B02
87498;201300057368;0;33;0;0.0;2.0;0.0;18.0;C03
87499;201300057369;0;7;0;6.0;0.0;1.0;1.0;A01
87500;201300057370;0;7;0;0.0;2.0;1.0;19.0;A01
87501;201300057370;0;31;0;0.0;2.0;7.0;17.0;B02
87502;201300057371;0;2;0;0.0;2.0;0.0;3.0;A01
87503;201300057371;0;7;0;0.0;2.0;3.0;1.0;B02
87504;201300057372;0;1;0;0.0;0.0;0.0;1.0;A01
87505;201300057373;0;7;0;0.0;1.0;1.0;1.0;A01
87506;201300057374;0;7;0;0.0;1.0;3.0;4.0;A01
87507;201300057376;0;7;0;3.0;0.0;9.0;1.0;A01
87508;201300057377;0;7;0;0.0;2.0;3.0;21.0;B02
87509;201300057377;0;7;0;0.0;2.0;3.0;5.0;A01
87510;201300057377;0;7;0;0.0;2.0;1.0;1.0;C03
87511;201300057378;0;7;0;0.0;2.0;2.0;17.0;A01
87512;201300057378;0;1;0;0.0;2.0;7.0;13.0;B02
87513;201300057379;0;7;0;0.0;1.0;2.0;1.0;A01
87514;201300057380;0;7;0;2.0;0.0;1.0;16.0;A01
87515;201300057381;0;7;0;0.0;0.0;1.0;1.0;A01
87516;201300057381;0;7;0;0.0;0.0;7.0;19.0;B02
87517;201300057382;0;7;0;0.0;2.0;2.0;13.0;A01
87518;201300057382;0;37;10;0.0;2.0;3.0;1.0;B02
87519;201300057383;0;10;0;0.0;1.0;1.0;1.0;A01
87520;201300057384;0;7;0;0.0;2.0;3.0;5.0;A01
87521;201300057384;0;10;0;0.0;2.0;3.0;21.0;B02
87522;201300057385;0;7;0;0.0;2.0;8.0;1.0;A01
87523;201300057385;0;33;0;0.0;2.0;0.0;13.0;B02
87524;201300057386;0;33;0;0.0;2.0;8.0;1.0;B02
87525;201300057386;0;7;0;0.0;2.0;3.0;13.0;A01
87526;201300057387;0;7;0;13.0;0.0;1.0;14.0;A01
87527;201300057388;0;7;0;2.0;0.0;1.0;0.0;A01
87528;201300057389;0;7;0;0.0;2.0;7.0;1.0;B02
87529;201300057389;0;30;0;0.0;2.0;1.0;19.0;A01
87530;201300057390;0;7;0;0.0;1.0;2.0;21.0;A01
87531;201300057391;0;7;0;0.0;2.0;1.0;1.0;B02
87532;201300057391;0;7;0;0.0;2.0;3.0;13.0;A01
87533;201300057392;0;2;0;0.0;2.0;2.0;13.0;A01
87534;201300057392;0;7;0;0.0;2.0;3.0;1.0;B02
87535;201300057393;0;30;0;15.0;0.0;2.0;1.0;A01
87536;201300057394;0;33;0;0.0;2.0;1.0;1.0;A01
87537;201300057394;0;14;0;0.0;2.0;5.0;15.0;B02
87538;201300057395;0;7;0;0.0;2.0;7.0;1.0;A01
87539;201300057395;0;1;0;0.0;2.0;8.0;1.0;B02
87540;201300057396;0;2;0;0.0;2.0;1.0;1.0;B02
87541;201300057396;0;7;0;0.0;2.0;7.0;15.0;A01
87542;201300057397;0;7;0;0.0;1.0;3.0;1.0;A01
87543;201300057398;0;7;0;0.0;0.0;4.0;9.0;A01
87544;201300057398;0;33;0;0.0;2.0;1.0;1.0;B02
87545;201300057399;1;7;0;0.0;2.0;1.0;17.0;A01
87546;201300057399;0;33;0;0.0;0.0;4.0;1.0;B02
87547;201300057401;0;7;0;0.0;2.0;2.0;1.0;B02
87548;201300057401;0;7;0;0.0;2.0;2.0;1.0;A01
87549;201300057402;0;7;0;8.0;0.0;2.0;1.0;A01
87550;201300057403;0;7;0;0.0;2.0;7.0;16.0;B02
87551;201300057403;0;30;0;0.0;2.0;1.0;18.0;A01
87552;201300057405;0;7;0;0.0;0.0;2.0;1.0;B01
87553;201300057405;0;7;0;0.0;0.0;1.0;9.0;A01
87554;201300057406;0;7;0;0.0;0.0;1.0;23.0;B01
87555;201300057406;0;7;0;8.0;2.0;1.0;5.0;A01
87556;201300057407;0;30;0;0.0;2.0;3.0;0.0;A01
87557;201300057407;0;7;0;0.0;2.0;3.0;0.0;B01
87558;201300057408;0;7;0;0.0;9.0;3.0;5.0;A01
87559;201300057408;0;30;0;0.0;2.0;1.0;1.0;B01
87560;201300057409;1;30;0;0.0;2.0;1.0;1.0;B01
87561;201300057409;0;7;0;0.0;2.0;2.0;5.0;A01
87562;201300057410;0;10;0;0.0;0.0;1.0;13.0;A01
87563;201300057411;0;33;0;0.0;2.0;1.0;2.0;A01
87564;201300057411;0;7;0;0.0;9.0;8.0;0.0;B01
87565;201300057413;0;32;0;15.0;0.0;1.0;0.0;A01
87566;201300057414;0;7;0;0.0;2.0;1.0;1.0;B01
87567;201300057414;0;7;0;0.0;2.0;1.0;11.0;A01
87568;201300057415;0;7;0;0.0;9.0;3.0;2.0;A01
87569;201300057415;0;1;0;0.0;2.0;0.0;2.0;B01
87570;201300057416;0;10;0;0.0;2.0;7.0;15.0;A01
87571;201300057416;0;33;0;0.0;2.0;1.0;0.0;B01
87572;201300057417;0;7;0;0.0;2.0;1.0;0.0;A01
87573;201300057417;0;7;0;0.0;2.0;3.0;1.0;B01
87574;201300057418;0;7;0;0.0;2.0;1.0;15.0;B01
87575;201300057418;0;7;0;0.0;2.0;1.0;11.0;A01
87576;201300057420;0;7;0;0.0;1.0;3.0;9.0;A01
87577;201300057421;0;7;0;11.0;1.0;1.0;0.0;A01
87578;201300057422;0;7;0;0.0;0.0;4.0;2.0;B01
87579;201300057422;0;7;0;0.0;2.0;1.0;2.0;A01
87580;201300057423;0;10;0;0.0;1.0;1.0;2.0;A01
87581;201300057424;0;7;0;0.0;2.0;7.0;1.0;A01
87582;201300057424;0;7;0;0.0;2.0;1.0;1.0;B01
87583;201300057425;0;7;0;0.0;2.0;8.0;0.0;A01
87584;201300057425;0;30;0;0.0;2.0;1.0;0.0;B01
87585;201300057426;0;7;0;8.0;0.0;9.0;1.0;A01
87586;201300057427;1;7;0;0.0;1.0;1.0;1.0;Z01
87587;201300057429;2;99;0;1.0;1.0;3.0;2.0;Z01
87588;201300057430;0;30;0;0.0;2.0;3.0;21.0;B01
87589;201300057430;0;7;0;0.0;2.0;2.0;9.0;A01
87590;201300057432;2;99;0;0.0;2.0;7.0;2.0;A01
87591;201300057432;0;1;0;0.0;0.0;0.0;0.0;B01
87592;201300057433;0;32;0;0.0;2.0;1.0;1.0;B01
87593;201300057433;0;7;0;0.0;2.0;2.0;9.0;A01
87594;201300057434;0;7;0;0.0;1.0;1.0;1.0;A01
87595;201300057435;0;99;0;0.0;2.0;3.0;0.0;B01
87596;201300057435;0;99;0;0.0;2.0;2.0;0.0;A01
87597;201300057436;0;32;0;0.0;0.0;1.0;0.0;B01
87598;201300057436;0;99;0;0.0;0.0;2.0;16.0;A01
87599;201300057437;0;30;0;0.0;2.0;1.0;13.0;A01
87600;201300057437;0;7;0;0.0;2.0;2.0;0.0;B01
87601;201300057438;0;7;0;0.0;0.0;4.0;0.0;A01
87602;201300057438;0;7;0;0.0;2.0;1.0;0.0;B01
87603;201300057440;0;99;0;0.0;1.0;3.0;1.0;A01
87604;201300057441;0;7;0;0.0;1.0;3.0;1.0;A01
87605;201300057442;0;34;0;0.0;0.0;9.0;1.0;B01
87606;201300057442;0;7;0;0.0;2.0;0.0;10.0;A01
87607;201300057443;0;7;0;1.0;0.0;2.0;11.0;A01
87608;201300057443;0;34;0;1.0;2.0;2.0;1.0;B01
87609;201300057444;0;34;0;0.0;2.0;1.0;1.0;B01
87610;201300057444;0;7;0;0.0;2.0;2.0;9.0;A01
87611;201300057445;0;31;0;0.0;1.0;4.0;0.0;A01
87612;201300057446;0;7;0;0.0;2.0;2.0;0.0;A01
87613;201300057446;0;34;0;0.0;2.0;1.0;1.0;B01
87614;201300057446;0;7;0;0.0;0.0;8.0;23.0;C01
87615;201300057447;0;7;0;0.0;2.0;6.0;15.0;A01
87616;201300057447;0;33;0;0.0;2.0;1.0;2.0;B01
87617;201300057449;0;7;0;0.0;0.0;2.0;1.0;A01
87618;201300057449;0;7;0;1.0;0.0;3.0;0.0;B01
87619;201300057450;0;7;0;8.0;0.0;7.0;19.0;A01
87620;201300057451;0;2;0;0.0;2.0;0.0;1.0;A01
87621;201300057451;0;7;0;0.0;2.0;0.0;1.0;B01
87622;201300057452;0;32;0;0.0;2.0;1.0;2.0;A01
87623;201300057452;0;7;0;0.0;0.0;6.0;2.0;B01
87624;201300057453;0;7;0;0.0;0.0;3.0;1.0;A01
87625;201300057453;0;2;0;0.0;2.0;1.0;1.0;B01
87626;201300057454;0;7;0;0.0;1.0;1.0;0.0;A01
87627;201300057455;0;2;0;0.0;2.0;8.0;1.0;B01
87628;201300057455;0;7;0;0.0;2.0;2.0;19.0;A01
87629;201300057456;0;7;0;0.0;2.0;3.0;1.0;A01
87630;201300057456;1;33;0;0.0;2.0;0.0;13.0;B01
87631;201300057457;0;7;0;0.0;2.0;2.0;10.0;A01
87632;201300057457;0;33;0;0.0;2.0;1.0;1.0;B01
87633;201300057458;1;33;0;0.0;1.0;0.0;0.0;A01
87634;201300057459;0;32;0;0.0;1.0;1.0;1.0;A01
87635;201300057461;0;7;0;0.0;0.0;4.0;2.0;D01
87636;201300057461;0;7;0;0.0;2.0;4.0;2.0;B01
87637;201300057461;0;7;0;0.0;2.0;1.0;2.0;A01
87638;201300057461;0;7;0;0.0;2.0;4.0;1.0;C01
87639;201300057462;0;7;0;0.0;0.0;2.0;15.0;A01
87640;201300057462;0;7;0;0.0;0.0;2.0;23.0;C01
87641;201300057462;0;30;0;0.0;2.0;1.0;21.0;B01
87642;201300057463;0;7;0;0.0;2.0;5.0;1.0;B01
87643;201300057463;0;34;0;0.0;1.0;1.0;1.0;A01
87644;201300057464;0;33;0;8.0;0.0;9.0;1.0;A01
87645;201300057465;0;7;0;6.0;0.0;2.0;0.0;A01
87646;201300057466;0;7;0;0.0;1.0;2.0;17.0;A01
87647;201300057467;0;7;0;0.0;1.0;2.0;21.0;A01
87648;201300057469;0;7;0;11.0;1.0;1.0;0.0;A01
87649;201300057470;0;7;0;0.0;1.0;0.0;1.0;A01
87650;201300057471;0;7;0;0.0;2.0;1.0;2.0;A01
87651;201300057471;0;7;0;0.0;0.0;4.0;2.0;B01
87652;201300057472;0;10;0;0.0;1.0;1.0;2.0;A01
87653;201300057474;0;2;0;0.0;2.0;1.0;15.0;A01
87654;201300057474;0;7;0;0.0;2.0;2.0;1.0;B01
87655;201300057475;0;7;0;0.0;2.0;7.0;1.0;A01
87656;201300057475;0;7;0;0.0;2.0;1.0;1.0;B01
87657;201300057476;0;2;0;0.0;2.0;1.0;13.0;B01
87658;201300057476;0;7;0;0.0;0.0;2.0;21.0;A01
87659;201300057478;0;7;0;0.0;1.0;2.0;1.0;A01
87660;201300057479;0;7;0;0.0;2.0;7.0;10.0;A01
87661;201300057479;0;34;0;0.0;2.0;1.0;1.0;B01
87662;201300057480;0;7;0;0.0;2.0;4.0;23.0;A01
87663;201300057480;0;34;0;0.0;2.0;1.0;0.0;B01
87664;201300057481;0;2;0;0.0;1.0;1.0;0.0;A01
87665;201300057482;0;7;0;0.0;1.0;7.0;1.0;A01
87666;201300057483;0;32;0;0.0;1.0;1.0;2.0;A01
87667;201300057484;0;7;0;0.0;1.0;2.0;1.0;A01
87668;201300057485;0;10;0;0.0;2.0;3.0;13.0;B01
87669;201300057485;0;7;0;0.0;0.0;3.0;0.0;A01
87670;201300057486;0;7;0;1.0;1.0;2.0;1.0;A01
87671;201300057487;0;7;0;0.0;2.0;5.0;2.0;A01
87672;201300057487;0;32;0;0.0;2.0;1.0;2.0;B01
87673;201300057489;0;7;0;0.0;2.0;3.0;0.0;A01
87674;201300057489;0;34;0;0.0;2.0;1.0;3.0;B01
87675;201300057490;0;7;0;0.0;2.0;1.0;0.0;A01
87676;201300057490;0;7;0;0.0;2.0;6.0;15.0;B01
87677;201300057491;0;7;0;0.0;2.0;1.0;1.0;A01
87678;201300057491;0;1;0;0.0;2.0;7.0;19.0;B01
87679;201300057492;0;7;0;0.0;2.0;2.0;1.0;A01
87680;201300057492;0;1;0;0.0;2.0;0.0;15.0;B01
87681;201300057494;0;31;0;0.0;2.0;2.0;1.0;B01
87682;201300057494;0;7;0;0.0;2.0;7.0;9.0;A01
87683;201300057495;0;7;0;0.0;2.0;1.0;2.0;A01
87684;201300057495;0;7;0;0.0;2.0;4.0;1.0;B01
87685;201300057496;0;7;0;0.0;2.0;3.0;5.0;A01
87686;201300057496;0;7;0;0.0;2.0;3.0;1.0;B01
87687;201300057497;0;30;0;0.0;2.0;4.0;0.0;B01
87688;201300057497;0;7;0;0.0;0.0;3.0;9.0;A01
87689;201300057498;0;33;0;0.0;2.0;1.0;1.0;A01
87690;201300057498;0;7;0;0.0;2.0;1.0;1.0;B01
87691;201300057499;0;7;0;0.0;2.0;2.0;15.0;A01
87692;201300057499;0;30;0;0.0;2.0;1.0;1.0;B01
87693;201300057500;0;7;0;0.0;2.0;2.0;15.0;A01
87694;201300057500;0;34;0;0.0;2.0;1.0;1.0;B01
87695;201300057501;0;30;0;0.0;2.0;1.0;1.0;A01
87696;201300057501;0;7;0;0.0;2.0;3.0;1.0;B01
87697;201300057503;1;30;0;0.0;2.0;0.0;1.0;B01
87698;201300057503;0;7;0;0.0;9.0;2.0;10.0;A01
87699;201300057504;0;33;0;2.0;0.0;1.0;1.0;A01
87700;201300057505;1;7;0;0.0;1.0;0.0;1.0;A01
87701;201300057507;0;7;0;0.0;2.0;3.0;0.0;B01
87702;201300057507;0;7;0;0.0;2.0;1.0;0.0;A01
87703;201300057508;0;33;0;15.0;0.0;1.0;0.0;A01
87704;201300057509;0;30;0;0.0;1.0;1.0;1.0;A01
87705;201300057510;0;7;0;0.0;2.0;3.0;0.0;A01
87706;201300057510;0;1;0;0.0;2.0;0.0;1.0;B01
87707;201300057511;0;7;0;0.0;1.0;0.0;0.0;B01
87708;201300057511;1;7;0;0.0;1.0;0.0;0.0;Z01
87709;201300057511;0;7;0;0.0;1.0;0.0;0.0;C01
87710;201300057512;0;7;0;0.0;1.0;3.0;1.0;A01
87711;201300057513;0;32;0;0.0;2.0;7.0;17.0;B01
87712;201300057513;0;7;0;0.0;2.0;3.0;15.0;A01
87713;201300057514;0;32;0;0.0;2.0;1.0;1.0;A01
87714;201300057514;0;7;0;0.0;2.0;5.0;1.0;B01
87715;201300057514;0;7;0;0.0;2.0;5.0;1.0;D01
87716;201300057514;0;7;0;0.0;2.0;8.0;1.0;C01
87717;201300057515;0;38;1;0.0;2.0;7.0;1.0;B01
87718;201300057515;0;30;0;0.0;2.0;1.0;1.0;A01
87719;201300057516;0;32;0;0.0;0.0;0.0;0.0;A01
87720;201300057516;1;7;0;0.0;0.0;0.0;0.0;Z01
87721;201300057518;0;33;0;8.0;0.0;0.0;1.0;A01
87722;201300057519;0;7;0;0.0;2.0;8.0;1.0;B01
87723;201300057519;0;7;0;0.0;2.0;2.0;1.0;C01
87724;201300057519;0;7;0;0.0;2.0;2.0;2.0;D01
87725;201300057519;0;7;0;0.0;2.0;2.0;0.0;A01
87726;201300057520;0;30;0;0.0;2.0;1.0;2.0;A01
87727;201300057520;0;7;0;0.0;2.0;4.0;15.0;B01
87728;201300057521;0;7;0;0.0;2.0;8.0;2.0;B01
87729;201300057521;0;7;0;0.0;1.0;7.0;2.0;A01
87730;201300057521;0;7;0;0.0;0.0;9.0;0.0;D01
87731;201300057521;0;7;0;0.0;2.0;9.0;2.0;C01
87732;201300057522;0;7;0;13.0;0.0;1.0;0.0;A01
87733;201300057524;0;2;0;0.0;0.0;0.0;0.0;A01
87734;201300057524;0;7;0;0.0;2.0;0.0;0.0;B01
87735;201300057525;0;7;0;0.0;2.0;5.0;1.0;B01
87736;201300057525;0;7;0;0.0;2.0;8.0;1.0;C01
87737;201300057525;0;7;0;0.0;2.0;3.0;12.0;A01
87738;201300057526;0;7;0;0.0;2.0;3.0;15.0;A01
87739;201300057526;0;10;0;0.0;2.0;3.0;1.0;B01
87740;201300057526;0;7;0;0.0;2.0;3.0;1.0;C01
87741;201300057527;0;7;0;0.0;2.0;1.0;1.0;B01
87742;201300057527;0;7;0;0.0;0.0;2.0;2.0;C01
87743;201300057527;0;7;0;0.0;2.0;1.0;13.0;A01
87744;201300057528;0;30;0;0.0;1.0;1.0;0.0;A01
87745;201300057529;0;7;0;0.0;2.0;7.0;1.0;A01
87746;201300057529;1;30;0;0.0;2.0;0.0;0.0;B01
87747;201300057530;1;7;0;0.0;1.0;0.0;0.0;A01
87748;201300057533;0;7;0;0.0;1.0;2.0;1.0;A01
87749;201300057534;0;7;0;0.0;2.0;3.0;1.0;C01
87750;201300057534;0;7;0;0.0;2.0;9.0;3.0;B01
87751;201300057534;0;7;0;0.0;2.0;1.0;17.0;A01
87752;201300057535;0;7;0;0.0;2.0;3.0;23.0;C01
87753;201300057535;0;7;0;0.0;2.0;1.0;1.0;B01
87754;201300057535;0;7;0;0.0;2.0;0.0;0.0;A01
87755;201300057536;0;30;0;0.0;2.0;4.0;2.0;B01
87756;201300057536;0;7;0;4.0;2.0;1.0;12.0;A01
87757;201300057537;0;7;0;0.0;2.0;3.0;15.0;B01
87758;201300057537;0;32;0;0.0;2.0;1.0;1.0;A01
87759;201300057538;0;7;0;0.0;2.0;0.0;0.0;A01
87760;201300057538;0;34;0;0.0;2.0;0.0;0.0;B01
87761;201300057540;0;7;0;0.0;2.0;2.0;15.0;B01
87762;201300057540;0;32;0;0.0;2.0;1.0;1.0;A01
87763;201300057541;0;7;0;0.0;2.0;8.0;15.0;B01
87764;201300057541;0;33;0;0.0;2.0;1.0;17.0;A01
87765;201300057542;0;3;0;0.0;2.0;1.0;1.0;A01
87766;201300057542;0;1;0;0.0;2.0;0.0;5.0;B01
87767;201300057543;0;7;0;0.0;2.0;3.0;0.0;A01
87768;201300057543;0;7;0;0.0;2.0;2.0;1.0;B01
87769;201300057544;0;7;0;0.0;1.0;1.0;1.0;A01
87770;201300057545;1;31;0;0.0;2.0;1.0;2.0;A01
87771;201300057545;0;10;0;0.0;2.0;3.0;1.0;B01
87772;201300057546;0;7;0;0.0;1.0;3.0;0.0;A01