;Num_Acc;senc;catv;occutc;obs;obsm;choc;manv;num_veh
88615;201300058103;0;7;0;0.0;1.0;2.0;0.0;A01
88616;201300058104;0;7;0;0.0;2.0;3.0;5.0;A01
88617;201300058104;0;33;0;0.0;2.0;8.0;0.0;B01
88618;201300058106;0;7;0;0.0;1.0;1.0;1.0;A01
88619;201300058107;0;7;0;0.0;1.0;3.0;0.0;A01
88620;201300058108;0;7;0;0.0;1.0;3.0;0.0;A01
88621;201300058109;0;7;0;0.0;2.0;3.0;11.0;B01
88622;201300058109;0;33;0;0.0;2.0;0.0;11.0;A01
88623;201300058110;0;7;0;0.0;1.0;2.0;15.0;A01
88624;201300058111;0;30;0;0.0;0.0;0.0;0.0;A01
88625;201300058112;0;7;0;0.0;1.0;1.0;0.0;A01
88626;201300058113;0;7;0;0.0;1.0;1.0;15.0;A01
88627;201300058114;0;2;0;0.0;2.0;1.0;1.0;B01
88628;201300058114;0;7;0;0.0;2.0;3.0;1.0;A01
88629;201300058115;0;7;0;0.0;1.0;1.0;0.0;A01
88630;201300058116;0;7;0;2.0;2.0;5.0;1.0;B01
88631;201300058116;1;7;0;12.0;2.0;3.0;13.0;Z01
88632;201300058117;0;30;0;0.0;2.0;1.0;1.0;B01
88633;201300058117;0;7;0;0.0;2.0;2.0;1.0;A01
88634;201300058118;0;7;0;2.0;0.0;1.0;0.0;A01
88635;201300058119;0;7;0;8.0;0.0;1.0;6.0;A01
88636;201300058121;0;2;0;0.0;1.0;1.0;0.0;A01
88637;201300058122;0;2;0;0.0;2.0;0.0;0.0;B01
88638;201300058122;0;33;0;0.0;2.0;0.0;0.0;A01
88639;201300058123;0;31;0;0.0;2.0;1.0;0.0;A01
88640;201300058123;0;7;0;0.0;2.0;8.0;15.0;B01
88641;201300058124;0;7;0;0.0;1.0;2.0;1.0;A01
88642;201300058125;0;7;0;0.0;2.0;0.0;0.0;A01
88643;201300058125;0;33;0;0.0;2.0;0.0;0.0;B01
88644;201300058126;0;7;0;0.0;2.0;2.0;1.0;B01
88645;201300058126;0;32;0;0.0;2.0;3.0;0.0;A01
88646;201300058127;0;7;0;0.0;1.0;1.0;1.0;A01
88647;201300058128;0;7;0;0.0;2.0;4.0;0.0;B01
88648;201300058128;0;7;0;0.0;2.0;1.0;0.0;A01
88649;201300058129;0;7;0;0.0;2.0;8.0;0.0;B01
88650;201300058129;0;7;0;0.0;2.0;1.0;0.0;A01
88651;201300058130;0;7;0;0.0;2.0;1.0;0.0;B01
88652;201300058130;0;7;0;0.0;2.0;4.0;0.0;A01
88653;201300058131;0;7;0;12.0;0.0;1.0;14.0;A01
88654;201300058132;0;1;0;0.0;1.0;1.0;0.0;A01
88655;201300058133;0;7;0;0.0;2.0;2.0;0.0;A01
88656;201300058133;0;7;0;0.0;2.0;4.0;0.0;B01
88657;201300058134;0;7;0;0.0;2.0;1.0;0.0;B01
88658;201300058134;0;7;0;0.0;2.0;1.0;0.0;A01
88659;201300058135;0;2;0;0.0;2.0;1.0;0.0;A01
88660;201300058135;0;7;0;0.0;2.0;6.0;0.0;B01
88661;201300058137;0;32;0;0.0;2.0;4.0;0.0;B01
88662;201300058137;2;7;0;0.0;2.0;1.0;0.0;Z01
88663;201300058138;0;7;0;0.0;1.0;8.0;0.0;A01
88664;201300058139;0;7;0;0.0;1.0;3.0;0.0;B01
88665;201300058140;0;7;0;0.0;2.0;1.0;0.0;A01
88666;201300058140;0;33;0;0.0;2.0;8.0;0.0;B01
88667;201300058141;0;7;0;0.0;2.0;3.0;0.0;B01
88668;201300058141;0;33;0;0.0;2.0;1.0;0.0;A01
88669;201300058143;0;7;0;8.0;0.0;1.0;0.0;A01
88670;201300058144;0;7;0;0.0;2.0;7.0;1.0;B01
88671;201300058144;0;31;0;0.0;2.0;8.0;11.0;A01
88672;201300058145;0;7;0;0.0;1.0;1.0;1.0;A01
88673;201300058146;0;33;0;0.0;2.0;8.0;1.0;B01
88674;201300058146;0;7;0;0.0;2.0;1.0;9.0;A01
88675;201300058147;0;7;0;0.0;1.0;2.0;0.0;A01
88676;201300058148;0;7;0;0.0;2.0;1.0;0.0;A01
88677;201300058148;0;7;0;0.0;2.0;6.0;0.0;B01
88678;201300058150;0;7;0;0.0;2.0;1.0;1.0;A01
88679;201300058150;0;7;0;0.0;2.0;4.0;23.0;C01
88680;201300058150;0;7;0;0.0;2.0;4.0;23.0;B01
88681;201300058151;0;37;0;0.0;1.0;1.0;1.0;A01
88682;201300058152;0;32;0;12.0;0.0;1.0;0.0;A01
88683;201300058153;0;2;0;0.0;2.0;1.0;0.0;B01
88684;201300058153;0;2;0;0.0;2.0;1.0;15.0;A01
88685;201300058154;0;30;0;0.0;0.0;1.0;0.0;A01
88686;201300058155;0;10;0;0.0;2.0;2.0;0.0;B01
88687;201300058155;0;7;0;0.0;2.0;1.0;0.0;A01
88688;201300058156;0;7;0;2.0;2.0;3.0;0.0;B01
88689;201300058156;0;7;0;8.0;2.0;1.0;0.0;A01
88690;201300058157;0;7;0;0.0;2.0;1.0;0.0;B01
88691;201300058157;0;2;0;0.0;2.0;3.0;0.0;A01
88692;201300058158;0;34;0;0.0;1.0;1.0;0.0;A01
88693;201300058159;0;7;0;0.0;1.0;0.0;0.0;A01
88694;201300058160;0;7;0;0.0;1.0;1.0;0.0;A01
88695;201300058161;0;2;0;0.0;0.0;0.0;0.0;A01
88696;201300058161;0;2;0;0.0;2.0;0.0;0.0;B01
88697;201300058162;0;7;0;2.0;2.0;0.0;0.0;B01
88698;201300058162;0;32;0;0.0;2.0;0.0;0.0;A01
88699;201300058163;0;7;0;6.0;0.0;1.0;0.0;A01
88700;201300058164;1;32;0;0.0;2.0;0.0;0.0;Z01
88701;201300058164;0;32;0;0.0;2.0;7.0;14.0;B01
88702;201300058165;0;32;0;0.0;2.0;7.0;0.0;B01
88703;201300058165;0;15;0;0.0;2.0;8.0;0.0;A01
88704;201300058166;0;1;0;0.0;2.0;1.0;0.0;C01
88705;201300058166;0;2;0;0.0;2.0;8.0;0.0;B01
88706;201300058166;0;33;0;0.0;2.0;1.0;0.0;A01
88707;201300058167;0;32;0;0.0;2.0;2.0;0.0;B01
88708;201300058167;0;30;0;0.0;2.0;8.0;0.0;A01
88709;201300058168;0;7;0;0.0;1.0;1.0;0.0;A01
88710;201300058169;0;7;0;0.0;2.0;1.0;8.0;A01
88711;201300058169;0;37;1;0.0;2.0;1.0;0.0;B01
88712;201300058170;0;7;0;0.0;2.0;1.0;0.0;A01
88713;201300058170;0;7;0;0.0;2.0;2.0;0.0;B01
88714;201300058171;0;7;0;0.0;2.0;7.0;0.0;B01
88715;201300058171;0;7;0;0.0;2.0;1.0;0.0;A01
88716;201300058172;0;34;0;0.0;2.0;1.0;0.0;A01
88717;201300058172;0;7;0;0.0;2.0;3.0;0.0;B01
88718;201300058173;0;7;0;0.0;2.0;4.0;0.0;C01
88719;201300058173;0;32;0;0.0;2.0;1.0;0.0;A01
88720;201300058173;0;32;0;0.0;2.0;1.0;0.0;B01
88721;201300058174;0;33;0;0.0;1.0;8.0;1.0;A01
88722;201300058176;0;7;0;14.0;0.0;1.0;0.0;A01
88723;201300058176;0;7;0;14.0;0.0;0.0;0.0;B01
88724;201300058177;1;7;0;0.0;2.0;0.0;0.0;Z01
88725;201300058177;0;30;0;0.0;2.0;0.0;0.0;B01
88726;201300058178;0;7;0;0.0;1.0;2.0;0.0;A01
88727;201300058179;0;7;0;0.0;1.0;0.0;0.0;A01
88728;201300058180;0;30;0;12.0;2.0;1.0;0.0;A01
88729;201300058180;1;7;0;0.0;2.0;0.0;0.0;Z01
88730;201300058181;0;7;0;0.0;2.0;1.0;0.0;A01
88731;201300058181;0;2;0;0.0;2.0;1.0;0.0;B01
88732;201300058183;0;7;0;0.0;2.0;4.0;0.0;A01
88733;201300058183;0;7;0;0.0;2.0;1.0;0.0;B01
88734;201300058184;0;33;0;0.0;2.0;4.0;23.0;B01
88735;201300058184;0;7;0;0.0;1.0;0.0;0.0;A01
88736;201300058185;0;33;0;2.0;0.0;1.0;0.0;A01
88737;201300058186;0;7;0;0.0;2.0;1.0;0.0;A01
88738;201300058186;0;7;0;0.0;2.0;3.0;0.0;B01
88739;201300058187;0;7;0;0.0;2.0;1.0;0.0;A01
88740;201300058187;0;7;0;0.0;2.0;4.0;0.0;B01
88741;201300058187;0;7;0;0.0;2.0;4.0;0.0;C01
88742;201300058187;0;7;0;0.0;2.0;4.0;0.0;D01
88743;201300058187;0;7;0;0.0;2.0;4.0;0.0;E01
88744;201300058188;0;7;0;0.0;2.0;3.0;0.0;A01
88745;201300058188;0;33;0;0.0;2.0;0.0;0.0;B01
88746;201300058189;0;7;0;0.0;1.0;1.0;0.0;A01
88747;201300058190;0;7;0;0.0;1.0;7.0;0.0;A01
88748;201300058191;0;7;0;0.0;1.0;1.0;1.0;A01
88749;201300058192;0;33;0;16.0;0.0;1.0;1.0;A01
88750;201300058193;0;7;0;16.0;0.0;1.0;1.0;A01
88751;201300058194;0;7;0;16.0;0.0;1.0;1.0;A01
88752;201300058195;0;7;0;0.0;2.0;1.0;1.0;B01
88753;201300058195;0;7;0;0.0;2.0;1.0;1.0;A01
88754;201300058196;0;2;0;0.0;2.0;1.0;21.0;A01
88755;201300058196;0;7;0;0.0;2.0;4.0;1.0;B01
88756;201300058197;0;7;0;0.0;2.0;5.0;4.0;B01
88757;201300058197;0;7;0;0.0;2.0;1.0;1.0;A01
88758;201300058198;0;1;0;16.0;0.0;1.0;21.0;A01
88759;201300058199;0;7;0;16.0;0.0;1.0;1.0;A01
88760;201300058200;0;7;0;0.0;1.0;1.0;1.0;A01
88761;201300058201;0;2;0;16.0;0.0;1.0;1.0;A01
88762;201300058202;0;7;0;0.0;1.0;0.0;1.0;A01
88763;201300058203;0;7;0;0.0;1.0;1.0;1.0;A01
88764;201300058204;0;2;0;0.0;1.0;1.0;1.0;A01
88765;201300058205;0;30;0;0.0;2.0;8.0;13.0;B01
88766;201300058205;0;7;0;0.0;2.0;8.0;13.0;A01
88767;201300058206;0;30;0;0.0;2.0;1.0;1.0;A01
88768;201300058206;0;7;0;0.0;2.0;4.0;21.0;B01
88769;201300058208;0;7;0;0.0;1.0;1.0;1.0;A01
88770;201300058209;0;7;0;0.0;1.0;1.0;1.0;A01
88771;201300058210;1;7;0;0.0;1.0;2.0;0.0;A01
88772;201300058211;0;1;0;0.0;2.0;1.0;1.0;B01
88773;201300058211;0;7;0;0.0;2.0;6.0;1.0;A01
88774;201300058212;0;7;0;0.0;2.0;1.0;1.0;B01
88775;201300058212;0;7;0;0.0;2.0;4.0;1.0;A01
88776;201300058213;0;33;0;0.0;2.0;1.0;17.0;A01
88777;201300058213;0;7;0;0.0;2.0;8.0;15.0;B01
88778;201300058214;0;32;0;0.0;2.0;7.0;16.0;A01
88779;201300058214;0;2;0;0.0;2.0;1.0;1.0;B01
88780;201300058216;0;7;0;0.0;1.0;1.0;1.0;A01
88781;201300058217;0;1;0;0.0;2.0;8.0;1.0;A01
88782;201300058217;0;7;0;0.0;2.0;7.0;1.0;B01
88783;201300058218;0;7;0;0.0;1.0;1.0;1.0;A01
88784;201300058219;0;31;0;3.0;0.0;1.0;1.0;A01
88785;201300058221;0;7;0;16.0;0.0;1.0;1.0;A01
88786;201300058222;0;7;0;0.0;2.0;1.0;1.0;B01
88787;201300058222;0;7;0;0.0;2.0;1.0;21.0;A01
88788;201300058223;0;7;0;0.0;1.0;1.0;1.0;A01
88789;201300058224;0;30;0;0.0;0.0;0.0;2.0;A01
88790;201300058225;0;33;0;1.0;1.0;0.0;0.0;A01
88791;201300058226;0;30;0;0.0;2.0;7.0;1.0;B01
88792;201300058226;0;7;0;0.0;2.0;7.0;1.0;A01
88793;201300058227;0;7;0;13.0;0.0;1.0;2.0;A01
88794;201300058228;0;7;0;14.0;9.0;1.0;2.0;A01
88795;201300058229;0;32;0;12.0;0.0;0.0;1.0;A01
88796;201300058230;0;30;0;0.0;2.0;1.0;1.0;B01
88797;201300058230;0;7;0;0.0;2.0;3.0;4.0;A01
88798;201300058231;0;7;0;0.0;0.0;0.0;1.0;A01
88799;201300058233;0;30;0;0.0;0.0;0.0;1.0;A01
88800;201300058234;0;7;0;4.0;0.0;1.0;1.0;A01
88801;201300058235;0;7;0;0.0;1.0;0.0;15.0;A01
88802;201300058236;0;7;0;0.0;1.0;2.0;1.0;A01
88803;201300058237;0;7;0;0.0;1.0;0.0;1.0;A01
88804;201300058238;0;7;0;0.0;2.0;8.0;1.0;A01
88805;201300058238;0;7;0;0.0;2.0;1.0;1.0;B01
88806;201300058239;0;33;0;15.0;0.0;7.0;18.0;A01
88807;201300058240;0;7;0;13.0;0.0;1.0;0.0;A01
88808;201300058241;0;1;0;0.0;2.0;1.0;5.0;B01
88809;201300058241;0;7;0;0.0;2.0;3.0;15.0;A01
88810;201300058242;0;7;0;0.0;2.0;4.0;23.0;B01
88811;201300058242;0;7;0;0.0;2.0;1.0;21.0;C01
88812;201300058242;0;7;0;0.0;2.0;4.0;23.0;A01
88813;201300058243;0;30;0;0.0;0.0;0.0;0.0;A01
88814;201300058244;0;30;0;0.0;0.0;0.0;21.0;A01
88815;201300058245;0;7;0;4.0;0.0;8.0;13.0;A01
88816;201300058246;0;32;0;0.0;5.0;1.0;1.0;A01
88817;201300058247;0;7;0;0.0;2.0;1.0;1.0;A01
88818;201300058247;0;33;0;0.0;2.0;4.0;23.0;B01
88819;201300058248;0;7;0;0.0;1.0;0.0;1.0;A01
88820;201300058249;0;7;0;0.0;1.0;1.0;15.0;A01
88821;201300058250;0;32;0;0.0;2.0;8.0;17.0;B01
88822;201300058250;0;7;0;0.0;2.0;8.0;1.0;A01
88823;201300058251;0;30;0;0.0;2.0;1.0;15.0;B01
88824;201300058251;0;7;0;0.0;2.0;4.0;1.0;A01
88825;201300058252;0;7;0;0.0;0.0;0.0;0.0;A01
88826;201300058253;0;30;0;0.0;2.0;0.0;0.0;B01
88827;201300058253;0;7;0;0.0;2.0;3.0;0.0;A01
88828;201300058254;0;7;0;0.0;1.0;1.0;1.0;A01
88829;201300058255;0;7;0;0.0;2.0;0.0;1.0;B01
88830;201300058255;0;1;0;0.0;2.0;0.0;1.0;A01
88831;201300058256;0;7;0;0.0;2.0;3.0;15.0;A01
88832;201300058256;0;7;0;0.0;2.0;3.0;23.0;B01
88833;201300058257;0;1;0;0.0;0.0;0.0;0.0;A01
88834;201300058258;0;7;0;0.0;2.0;1.0;15.0;B01
88835;201300058258;0;33;0;0.0;2.0;9.0;1.0;A01
88836;201300058259;0;7;0;0.0;2.0;1.0;15.0;A01
88837;201300058259;0;7;0;0.0;2.0;1.0;1.0;B01
88838;201300058260;0;7;0;0.0;2.0;5.0;2.0;A01
88839;201300058260;0;1;0;0.0;2.0;1.0;2.0;B01
88840;201300058262;0;7;0;0.0;2.0;1.0;2.0;A01
88841;201300058262;0;7;0;0.0;2.0;4.0;2.0;B01
88842;201300058263;0;1;0;0.0;0.0;1.0;21.0;A01
88843;201300058264;0;7;0;0.0;2.0;1.0;2.0;B01
88844;201300058264;0;7;0;0.0;2.0;4.0;2.0;A01
88845;201300058265;0;37;0;0.0;9.0;0.0;1.0;A01
88846;201300058266;0;10;0;0.0;1.0;1.0;1.0;A01
88847;201300058268;0;37;0;0.0;2.0;8.0;13.0;B01
88848;201300058268;0;7;0;0.0;2.0;9.0;1.0;A01
88849;201300058269;0;7;0;0.0;1.0;1.0;20.0;A01
88850;201300058271;0;7;0;0.0;2.0;1.0;17.0;C01
88851;201300058271;0;7;0;0.0;2.0;9.0;21.0;A01
88852;201300058271;0;7;0;0.0;2.0;8.0;21.0;B01
88853;201300058272;0;7;0;0.0;2.0;1.0;1.0;A01
88854;201300058272;0;7;0;0.0;2.0;8.0;9.0;B01
88855;201300058273;0;7;0;0.0;1.0;7.0;2.0;A01
88856;201300058274;0;7;0;0.0;1.0;1.0;1.0;A01
88857;201300058275;0;7;0;0.0;1.0;1.0;1.0;A01
88858;201300058276;0;7;0;0.0;2.0;1.0;2.0;D01
88859;201300058276;0;7;0;0.0;2.0;1.0;2.0;B01
88860;201300058276;0;7;0;0.0;2.0;4.0;1.0;A01
88861;201300058276;0;3;0;0.0;2.0;1.0;2.0;C01
88862;201300058277;0;1;0;0.0;0.0;0.0;1.0;A01
88863;201300058278;0;33;0;0.0;0.0;1.0;17.0;B01
88864;201300058278;0;7;0;0.0;0.0;3.0;17.0;A01
88865;201300058279;0;7;0;1.0;1.0;3.0;24.0;B01
88866;201300058279;0;2;0;0.0;1.0;1.0;21.0;A01
88867;201300058280;0;33;0;8.0;2.0;1.0;21.0;A01
88868;201300058281;0;7;0;6.0;0.0;1.0;1.0;A01
88869;201300058282;0;2;0;3.0;0.0;2.0;14.0;A01
88870;201300058283;0;32;0;0.0;0.0;0.0;1.0;A01
88871;201300058284;0;1;0;0.0;2.0;1.0;19.0;A01
88872;201300058284;0;7;0;0.0;0.0;6.0;1.0;B01
88873;201300058285;0;7;0;0.0;0.0;9.0;0.0;A01
88874;201300058286;0;7;0;0.0;2.0;1.0;2.0;A01
88875;201300058286;0;7;0;0.0;2.0;4.0;2.0;B01
88876;201300058286;0;7;0;0.0;2.0;1.0;2.0;D01
88877;201300058286;0;7;0;0.0;2.0;4.0;2.0;C01
88878;201300058287;0;7;0;1.0;2.0;2.0;21.0;A01
88879;201300058287;0;7;0;0.0;2.0;3.0;13.0;C01
88880;201300058288;0;7;0;0.0;2.0;4.0;2.0;D01
88881;201300058288;0;7;0;0.0;2.0;1.0;2.0;A01
88882;201300058288;0;7;0;0.0;2.0;4.0;2.0;B01
88883;201300058288;0;7;0;0.0;2.0;4.0;2.0;C01
88884;201300058289;0;7;0;0.0;1.0;1.0;1.0;A01
88885;201300058290;0;30;0;0.0;2.0;8.0;19.0;A01
88886;201300058290;0;7;0;0.0;2.0;1.0;19.0;B01
88887;201300058291;0;2;0;0.0;0.0;0.0;1.0;A01
88888;201300058292;0;7;0;0.0;2.0;0.0;0.0;B01
88889;201300058292;0;7;0;0.0;2.0;0.0;0.0;A01
88890;201300058293;0;10;0;0.0;1.0;1.0;1.0;A01
88891;201300058295;0;7;0;0.0;1.0;1.0;2.0;A01
88892;201300058297;0;7;0;0.0;2.0;3.0;10.0;A01
88893;201300058297;0;33;0;0.0;2.0;1.0;1.0;B01
88894;201300058298;0;7;0;0.0;2.0;3.0;15.0;A01
88895;201300058298;0;1;0;0.0;2.0;7.0;15.0;B01
88896;201300058299;0;2;0;0.0;2.0;1.0;13.0;A01
88897;201300058299;0;7;0;0.0;2.0;3.0;21.0;B01
88898;201300058300;0;2;0;0.0;0.0;0.0;4.0;A01
88899;201300058301;0;7;0;0.0;2.0;1.0;1.0;A01
88900;201300058301;0;2;0;0.0;2.0;7.0;1.0;B01
88901;201300058302;0;7;0;0.0;2.0;8.0;5.0;C01
88902;201300058302;0;7;0;0.0;2.0;4.0;2.0;B01
88903;201300058302;0;10;0;0.0;2.0;1.0;1.0;A01
88904;201300058303;0;7;0;0.0;1.0;3.0;13.0;A01
88905;201300058304;0;7;0;13.0;0.0;7.0;14.0;A01
88906;201300058305;0;7;0;6.0;0.0;9.0;14.0;A01
88907;201300058306;0;7;0;16.0;0.0;9.0;14.0;A01
88908;201300058307;0;10;0;0.0;2.0;1.0;1.0;A01
88909;201300058307;0;7;0;0.0;2.0;4.0;23.0;C01
88910;201300058307;0;7;0;0.0;2.0;4.0;23.0;B01
88911;201300058308;0;32;0;0.0;2.0;2.0;1.0;B01
88912;201300058308;0;7;0;0.0;2.0;7.0;16.0;A01
88913;201300058310;0;7;0;0.0;2.0;1.0;2.0;A01
88914;201300058310;0;7;0;0.0;2.0;4.0;2.0;B01
88915;201300058311;0;7;0;0.0;2.0;4.0;2.0;B01
88916;201300058311;0;7;0;0.0;2.0;1.0;2.0;A01
88917;201300058312;0;1;0;0.0;2.0;1.0;1.0;B01
88918;201300058312;0;7;0;0.0;2.0;3.0;21.0;A01
88919;201300058313;0;33;0;0.0;1.0;1.0;1.0;A01
88920;201300058314;0;7;0;0.0;0.0;0.0;1.0;B01
88921;201300058314;0;33;0;16.0;0.0;1.0;17.0;A01
88922;201300058316;0;7;0;0.0;2.0;6.0;1.0;C01
88923;201300058316;0;7;0;0.0;2.0;1.0;13.0;A01
88924;201300058316;0;7;0;0.0;2.0;8.0;1.0;B01
88925;201300058317;0;10;0;0.0;0.0;1.0;2.0;A01
88926;201300058317;0;10;0;0.0;0.0;4.0;2.0;B01
88927;201300058318;0;7;0;3.0;0.0;2.0;14.0;A01
88928;201300058319;0;30;0;0.0;0.0;1.0;0.0;A01
88929;201300058320;0;7;0;14.0;0.0;1.0;1.0;A01
88930;201300058321;0;7;0;15.0;0.0;2.0;1.0;A01
88931;201300058323;0;7;0;0.0;1.0;1.0;17.0;A01
88932;201300058324;0;7;0;0.0;9.0;3.0;19.0;A01
88933;201300058324;0;2;0;0.0;2.0;1.0;1.0;B01
88934;201300058324;0;7;0;0.0;2.0;1.0;2.0;C01
88935;201300058325;0;30;0;0.0;2.0;1.0;17.0;B01
88936;201300058325;0;7;0;0.0;2.0;3.0;21.0;A01
88937;201300058327;0;10;0;1.0;0.0;3.0;13.0;A01
88938;201300058328;0;10;0;0.0;1.0;8.0;1.0;A01
88939;201300058329;0;7;0;4.0;0.0;3.0;13.0;A01
88940;201300058330;0;7;0;8.0;0.0;1.0;14.0;A01
88941;201300058331;0;7;0;0.0;1.0;1.0;1.0;A01
88942;201300058332;0;10;0;0.0;2.0;8.0;16.0;B01
88943;201300058332;0;32;0;0.0;2.0;1.0;1.0;A01
88944;201300058333;0;7;0;0.0;0.0;3.0;21.0;B01
88945;201300058333;0;7;0;0.0;0.0;3.0;21.0;A01
88946;201300058334;0;7;0;0.0;2.0;8.0;15.0;A01
88947;201300058334;0;33;0;0.0;2.0;1.0;1.0;B01
88948;201300058335;0;10;0;0.0;2.0;8.0;15.0;A01
88949;201300058335;0;2;0;0.0;2.0;1.0;17.0;B01
88950;201300058336;0;10;0;0.0;2.0;4.0;2.0;B01
88951;201300058336;0;7;0;0.0;2.0;1.0;2.0;A01
88952;201300058337;0;2;0;0.0;0.0;1.0;1.0;A01
88953;201300058338;0;7;0;15.0;0.0;2.0;14.0;A01
88954;201300058339;1;99;0;0.0;1.0;0.0;1.0;A01
88955;201300058340;0;7;0;3.0;0.0;9.0;13.0;A01
88956;201300058341;0;2;0;0.0;2.0;8.0;1.0;A01
88957;201300058341;1;99;0;0.0;2.0;7.0;17.0;B01
88958;201300058342;0;7;0;0.0;2.0;1.0;1.0;A01
88959;201300058342;0;7;0;0.0;2.0;8.0;1.0;B01
88960;201300058343;0;7;0;0.0;2.0;3.0;2.0;A01
88961;201300058343;0;2;0;0.0;2.0;4.0;2.0;B01
88962;201300058343;0;7;0;0.0;2.0;6.0;2.0;C01
88963;201300058344;0;7;0;0.0;1.0;1.0;16.0;A01
88964;201300058345;0;33;0;0.0;2.0;1.0;1.0;A01
88965;201300058345;0;7;0;0.0;2.0;8.0;0.0;B01
88966;201300058348;0;7;0;0.0;2.0;4.0;1.0;A01
88967;201300058348;0;7;0;0.0;2.0;1.0;1.0;B01
88968;201300058349;0;33;0;0.0;9.0;8.0;1.0;A01
88969;201300058350;0;7;0;16.0;0.0;2.0;14.0;A01
88970;201300058351;0;32;0;16.0;0.0;7.0;14.0;A01
88971;201300058352;0;32;0;0.0;2.0;1.0;17.0;A01
88972;201300058352;0;7;0;0.0;2.0;8.0;15.0;B01
88973;201300058353;0;21;0;0.0;0.0;7.0;14.0;A01
88974;201300058355;0;7;0;0.0;2.0;1.0;19.0;A01
88975;201300058355;0;33;0;0.0;2.0;3.0;1.0;B01
88976;201300058356;0;7;0;0.0;2.0;3.0;4.0;B01
88977;201300058356;0;33;0;0.0;2.0;1.0;17.0;A01
88978;201300058357;0;33;0;0.0;0.0;1.0;14.0;A01
88979;201300058358;1;7;0;0.0;2.0;3.0;15.0;A01
88980;201300058358;0;7;0;0.0;2.0;3.0;1.0;B01
88981;201300058359;1;1;0;0.0;1.0;1.0;1.0;A01
88982;201300058360;0;33;0;0.0;0.0;1.0;14.0;A01
88983;201300058361;0;7;0;0.0;2.0;1.0;17.0;A01
88984;201300058361;0;1;0;0.0;2.0;4.0;1.0;B01
88985;201300058362;0;33;0;0.0;2.0;1.0;17.0;A01
88986;201300058362;0;7;0;0.0;2.0;8.0;15.0;B01
88987;201300058363;0;7;0;0.0;2.0;4.0;2.0;C01
88988;201300058363;0;7;0;0.0;2.0;1.0;1.0;A01
88989;201300058363;0;7;0;0.0;2.0;4.0;2.0;B01
88990;201300058364;1;99;0;0.0;2.0;2.0;2.0;B01
88991;201300058364;0;2;0;0.0;2.0;4.0;1.0;A01
88992;201300058365;0;7;0;0.0;2.0;1.0;2.0;A01
88993;201300058365;0;10;0;0.0;2.0;4.0;2.0;B01
88994;201300058365;0;10;0;0.0;2.0;3.0;15.0;C01
88995;201300058366;0;30;0;0.0;0.0;1.0;1.0;A01
88996;201300058367;0;7;0;0.0;2.0;2.0;1.0;B01
88997;201300058367;0;10;0;0.0;2.0;1.0;16.0;A01
88998;201300058368;0;2;0;0.0;0.0;1.0;14.0;A01
88999;201300058369;0;2;0;12.0;0.0;3.0;21.0;A01
89000;201300058370;0;7;0;0.0;1.0;0.0;20.0;A01
89001;201300058371;0;2;0;14.0;0.0;1.0;1.0;A01
89002;201300058372;0;7;0;0.0;1.0;1.0;1.0;A01
89003;201300058373;0;7;0;16.0;0.0;9.0;1.0;A01
89004;201300058375;0;2;0;0.0;0.0;1.0;21.0;A01
89005;201300058376;0;2;0;0.0;2.0;2.0;17.0;A01
89006;201300058376;0;7;0;0.0;2.0;3.0;1.0;B01
89007;201300058377;0;10;0;0.0;1.0;2.0;21.0;A01
89008;201300058378;0;10;0;0.0;2.0;3.0;13.0;A01
89009;201300058378;0;7;0;0.0;2.0;3.0;1.0;B01
89010;201300058380;0;33;0;0.0;2.0;7.0;17.0;A01
89011;201300058380;0;7;0;0.0;2.0;8.0;15.0;B01
89012;201300058381;0;7;0;0.0;2.0;1.0;1.0;B01
89013;201300058381;0;7;0;0.0;2.0;7.0;16.0;A01
89014;201300058382;0;7;0;0.0;2.0;3.0;1.0;B01
89015;201300058382;0;30;0;0.0;2.0;5.0;9.0;A01
89016;201300058383;0;7;0;0.0;1.0;1.0;15.0;A01
89017;201300058384;0;7;0;0.0;2.0;4.0;1.0;A01
89018;201300058384;0;7;0;0.0;2.0;1.0;21.0;B01
89019;201300058386;0;7;0;0.0;2.0;7.0;1.0;B01
89020;201300058386;0;1;0;0.0;2.0;1.0;1.0;A01
89021;201300058387;0;33;0;0.0;0.0;1.0;1.0;A01
89022;201300058389;0;7;0;0.0;2.0;4.0;1.0;A01
89023;201300058389;0;7;0;0.0;2.0;1.0;2.0;B01
89024;201300058389;0;7;0;0.0;2.0;1.0;2.0;C01
89025;201300058390;0;33;0;0.0;2.0;0.0;21.0;A01
89026;201300058390;0;10;0;0.0;2.0;8.0;9.0;B01
89027;201300058392;0;7;0;6.0;0.0;2.0;14.0;A01
89028;201300058393;0;2;0;0.0;2.0;1.0;13.0;A01
89029;201300058393;0;7;0;0.0;2.0;8.0;1.0;B01
89030;201300058394;0;7;0;0.0;1.0;2.0;21.0;A01
89031;201300058395;0;10;0;0.0;2.0;8.0;17.0;C01
89032;201300058395;0;7;0;0.0;2.0;7.0;1.0;B01
89033;201300058395;0;7;0;0.0;2.0;2.0;14.0;A01
89034;201300058397;0;7;0;0.0;2.0;4.0;2.0;B01
89035;201300058397;0;7;0;0.0;2.0;1.0;2.0;A01